#{"t_start": 1783132195.760985, "env_id": "None"}
r,l,t,rc_alive,rc_forward,rc_upright,rc_height,rc_ctrl,rc_action_rate,rc_lateral,rc_yaw_rate,rc_joint_vel,ep_speed,ep_dist
-6.590517,64,1.415641,64.0,-53.90762063029793,18.719012523954333,20.60709806385124,-4.439378824234009,-20.77101620435714,-6.8295875924041125,-21.62570252948184,-2.343321371719142,-0.28296777733334877,-0.3621987549866864
-25.455084,51,1.506221,51.0,-45.88363256171412,13.387787998289502,15.481189258316268,-3.9698987460136417,-19.22709155082702,-5.325320609970147,-29.235353128356312,-1.6827642645006227,-0.396379225192184,-0.40430680969602767
112.803728,67,1.62683,67.0,74.35968237036568,21.197240175113375,21.555724551757596,-4.7332952260971055,-23.41735852956772,-8.48447373580102,-32.073853106973075,-2.599938886076152,0.4530908995961421,0.6071418054588305
-35.150918,47,1.716339,47.0,-54.03098020687342,11.261621870360242,13.107699665193556,-3.5824710035324085,-17.299462151527408,-7.178400981578444,-22.833438182545226,-1.5954865962510638,-0.4565117233280539,-0.4291210199283707
-38.351674,45,1.79747,45.0,-48.01317637012837,12.870381476402084,14.5367318266734,-3.529132641553879,-19.398779773712153,-5.8044730294002465,-32.41203675805497,-1.6011882673752647,-0.4426862699802582,-0.39841764298223237
2.979327,71,1.937304,71.0,-40.71838538318061,23.670863509874575,25.290921299291615,-5.191242928504947,-25.707954335212705,-3.776603269338797,-39.009866757132315,-2.5784047878173686,-0.2306089132539769,-0.3274646568206472
-37.730374,58,2.041271,58.0,-59.9444594804629,16.806481165417136,17.332855131124006,-4.302319860458374,-20.707013463974,-7.191767798477666,-35.67833637144983,-2.045813190735228,-0.436431211938578,-0.5062602058487504
-24.421105,57,2.144918,57.0,-42.891379048824845,14.900156908667677,17.141664087826047,-3.952869620323181,-20.12775106430054,-6.7979485528805945,-37.333718275766294,-2.3592594774279556,-0.30655981981173935,-0.34947819458538293
8.065849,64,2.263719,64.0,-39.47025790214382,18.95972607179914,20.331376039622146,-4.608714876174926,-23.430105841159826,-4.4602726183057735,-20.930958493394257,-2.3249435862397885,-0.1519821422325674,-0.19453714205768627
-5.291585,52,2.359985,52.0,-39.91565795372306,14.52556406044532,16.10870228148104,-3.823520348072052,-19.377968519926068,-4.784625144429557,-18.02542330634449,-1.9986562983868372,-0.38949292917088035,-0.40507264633771556
-1.831534,42,2.436154,42.0,-26.832790014116934,12.621556632552457,12.610609715810732,-3.1305204653739938,-16.707107400894166,-2.6417867502407932,-18.239053905084134,-1.5124420393502234,-0.3685303696170962,-0.3095655104783608
-30.91222,55,2.541549,55.0,-53.57106930282402,14.96792061054665,17.401058407653135,-4.271084909439089,-20.499001920223236,-6.929924516461762,-30.89207620370832,-2.118042554778168,-0.4398983184816679,-0.48388815032983473
-25.38484,49,2.635699,49.0,-48.64329237782036,13.011162301895672,14.736012542695166,-3.7170924496650697,-19.165829885005948,-6.313685120573299,-22.561923903825956,-1.730191455165392,-0.4073020230546073,-0.39915598259351515
-17.031341,53,2.735648,53.0,-35.76610548862331,14.626210160180593,16.612837734601392,-4.009723269939422,-20.178262233734134,-4.392565869209431,-34.50334245935857,-2.4203897932773293,-0.37203330987005434,-0.39435530846225764
-22.926463,55,2.837877,55.0,-45.64340576281119,15.286774139105471,17.45417003987997,-3.7340590620040888,-18.26039571762085,-5.5596496833684474,-35.42677350093367,-2.0431231250384,-0.4004432620825902,-0.4404875882908492
-6.283165,53,2.93669,53.0,-33.62256864386548,15.757188407185838,17.514026670057607,-3.685791158676148,-18.699633288383488,-3.000620542044186,-31.434827823561367,-2.1109387825059165,-0.26537018611263935,-0.28129239727939775
3.522234,56,3.040715,56.0,-30.469931032889153,15.736750270469525,17.197077596311637,-4.033506786823272,-19.23003426790237,-3.808298072074584,-25.781685801584203,-2.0881378336687053,-0.2312073692400854,-0.2589522535488957
-8.135086,46,3.132709,46.0,-31.366738464284218,12.634822959843719,14.39871658577458,-3.298389291763306,-16.22293725013733,-3.4519290196196524,-25.300929351746337,-1.5277024586034806,-0.376848208119571,-0.34670035147000533
-29.720771,69,3.715824,69.0,-64.62167833765245,21.17940653551723,23.952305163042976,-5.088387225270271,-23.690282797813406,-7.483102338529207,-40.17498259239616,-2.7940492861847237,-0.3642891625593321,-0.5027190443318783
-9.4725,54,3.816601,54.0,-34.43930153781581,16.624293717376407,17.8344745619898,-4.131425042152405,-20.203778576850887,-4.491613610114349,-32.46180966563105,-2.203340052853521,-0.25414657943266294,-0.274478305787276
0.838472,70,3.945435,70.0,-48.27440817166646,20.974312308602915,22.705649342935526,-5.001383154392242,-25.116944515705104,-5.87612272593258,-25.949844103524796,-2.62278692982655,-0.2666578704518399,-0.3733210186325759
-26.55709,59,4.054616,59.0,-55.08199188902087,14.738551576111174,17.10029248574517,-4.471355199813844,-22.19780043363571,-7.420365097814904,-26.082099826386184,-2.142321341249344,-0.371188034349389,-0.438001880532279
26.748253,55,4.156464,55.0,-12.669081493664917,16.918589800601154,18.655599221854313,-4.13645085811615,-20.77886377573013,-1.7909979552951867,-22.475394992590694,-1.975147125558324,-0.13490547814346365,-0.14839602595781004
-2.451602,46,4.240228,46.0,-32.82953271567991,10.58564385837901,13.348709417249056,-3.1929605555534355,-16.25016987323761,-4.539602276957728,-13.963659901349025,-1.61003020917172,-0.5250207987570218,-0.48301913485646003
-18.01669,52,4.338392,52.0,-41.962375849233524,13.616456913983153,16.446886208636652,-3.344855890274048,-17.08768111467362,-5.602600944906527,-30.14622524637327,-1.936294312545122,-0.3007059563929742,-0.3127341946486932
8.475198,54,4.439832,54.0,-28.156323879303237,15.048091612874506,16.505639958565155,-4.0045510673522955,-20.410062682628634,-4.112845750273384,-18.445159962840215,-1.9495905916685305,-0.2295467024104884,-0.2479104386033275
-15.435001,51,4.532861,51.0,-41.072236679407105,12.949227310001179,15.058486041658576,-3.577736673355102,-18.41598998308181,-5.0543442829675955,-24.126816136921732,-2.1955901592621827,-0.31471823406654326,-0.32101259874787413
18.357416,83,4.684949,83.0,-40.589680692059275,23.878921169599096,26.111500916700415,-6.286493515968325,-30.350287866592396,-5.924616096127103,-28.159119409684973,-3.322808386827674,-0.2801654593748183,-0.4650746625621984
-37.591771,53,4.782193,53.0,-59.14962858228411,13.940734201563423,16.007247054304944,-3.803523700237274,-18.89259135723114,-7.593619292228048,-28.696774778571868,-2.4036148611667114,-0.432025742062412,-0.45794728658615674
-20.923133,53,4.881057,53.0,-51.07199291050508,14.265474379078434,17.051912872569286,-3.998220841884614,-19.542663288116447,-6.924573992273517,-21.459691198945027,-2.243377832726018,-0.3877216986536451,-0.4109850005728638
-25.700478,59,4.993582,59.0,-49.36689525077483,16.67229355133019,18.860022641458826,-4.456502809524537,-22.963883167505262,-5.773799670935711,-35.34093382012312,-2.3307791357435654,-0.3331864192886819,-0.3931599747606446
-17.588104,47,5.081169,47.0,-38.94231174647276,11.279295095895314,14.024371056603792,-3.459987447261811,-16.208189857006065,-5.968558260707914,-23.39483211190764,-1.9178903491901125,-0.31075041339482173,-0.29210538859113244
-31.787681,42,5.158726,42.0,-44.091217129432124,11.376838404954222,12.717473166017442,-3.0624888920783992,-13.385304367542266,-5.244731155451031,-30.2106517461133,-1.8875993947387673,-0.425129358027241,-0.35710866074288244
-26.091187,39,5.231422,39.0,-41.73800768061956,9.051915224657632,11.074418130106956,-2.712902519702911,-12.664643287658693,-4.783341666345872,-21.787421085778167,-1.5312042758097038,-0.42768555253033713,-0.333594730973663
-8.868477,51,5.329476,51.0,-32.65925510890599,13.155163763656263,14.913098949350436,-3.5749791836738583,-16.022933244705197,-3.5245107318660676,-29.85573399252013,-2.299327227922139,-0.23904474472819373,-0.2438256396227576
-32.000246,51,5.425064,51.0,-52.974085459539566,13.568649349793839,15.345128024409666,-3.721080477237702,-17.748959684371943,-7.576906470216678,-28.013478892019656,-1.879512294158984,-0.35635622879304835,-0.3634833533689093
10.863211,53,5.523664,53.0,-25.211911057025787,15.221077879451467,16.528267914363045,-4.045313036441802,-20.28701312541962,-3.7791762364280577,-18.729531823720723,-1.8331898687334411,-0.2282889053417838,-0.24198623966229085
-22.108087,49,5.73028,49.0,-41.7640938493368,15.037069678851134,16.47904336670711,-3.5763945508003245,-17.89153338670731,-4.37278595413958,-33.067768674894516,-1.9516233854876368,-0.37147874898694627,-0.3640491740072073
-8.293372,45,5.8094,45.0,-26.48118782099052,10.879513516597626,11.536994849539509,-3.491015799045562,-17.373083293437958,-2.7852048618522964,-23.852710480686646,-1.726677834173244,-0.17210874983581662,-0.15489787485223497
-25.513607,53,5.902508,53.0,-47.57991324126091,15.876064317645799,17.291884587676996,-3.952376036643981,-19.847279191017154,-5.498930665507908,-32.628348900672584,-2.1747078818175662,-0.35359891069596844,-0.3748148453377266
-21.462508,42,5.979547,42.0,-41.57945904182296,12.701455263107693,14.00096007630544,-2.9600017118453987,-14.310344868898392,-4.326688308290219,-25.320794860974672,-1.6676345542122886,-0.38476867013777677,-0.3232056829157325
-4.670731,86,6.141781,86.0,-54.532138225567365,25.521103314404836,27.366460910002413,-6.613807425498961,-32.86471054553986,-6.927455455646526,-39.32835353865482,-3.291829626762637,-0.2306785481747733,-0.39676710286061007
13.639612,84,6.304805,84.0,-44.39511183032671,27.372085826515566,28.417548367219286,-5.92173048734665,-28.75916134119033,-6.752168710956805,-37.15002421331448,-3.171825942225875,-0.21424957482458815,-0.3599392857053081
10.245462,64,6.42814,64.0,-36.37333136595591,19.777093249657714,20.545149115679344,-4.478711366653443,-22.645226275920862,-4.495960104467574,-23.933263613896372,-2.1502877890061294,-0.184494592366222,-0.2361530782287642
-1.181039,43,6.509606,43.0,-23.5773244814449,11.993006803759778,13.953178089099477,-3.0296552991867065,-15.7013545691967,-2.9195394415065383,-23.57104670183978,-1.328303400998939,-0.20706116540966754,-0.17807260225231408
-26.199444,55,6.610908,55.0,-62.92663454235471,15.657155604023412,17.90358376875904,-3.461385451555252,-17.535307508707046,-8.24981278151872,-20.580926406308343,-2.006116530197363,-0.48820403971907755,-0.5370244436909853
-28.270852,46,6.694614,46.0,-49.19248071485173,13.70978720454623,14.657199865670362,-3.1922490954399114,-16.453755962848664,-7.2655671284804,-24.646309612163936,-1.8874767440736702,-0.38295491954632954,-0.3523185259826232
-38.056732,46,6.779123,46.0,-51.8177653346792,11.93458534227143,14.414332293084097,-3.2731768298149104,-16.328643226623537,-6.860180231280832,-30.05311621309949,-2.072767746056223,-0.4954141523386762,-0.4557810201515821
1.184916,51,6.874066,51.0,-25.729519685706222,11.451840698024682,15.235455904458728,-3.7874602508544926,-18.713149940967554,-3.1014425337101033,-23.197401748658606,-1.9734061580480116,-0.28128801203945863,-0.28691377228024784
-12.062783,59,6.983649,59.0,-52.64564031439525,14.68527566767471,18.117802681961166,-4.640420377254485,-23.70459628105163,-6.09424112428404,-14.49229259391041,-2.2886706526487273,-0.46043807525927644,-0.5433169288059462
1.700754,58,7.089099,58.0,-36.309063613907554,16.974576667145858,18.659725791379444,-4.121558201313018,-19.66367970705032,-4.5840704729684285,-25.335220938042234,-1.9199560074485023,-0.27989684565046846,-0.3246803409545434
11.463842,60,7.200378,60.0,-21.40532471150919,18.137507225899945,19.7014193273834,-4.609423999786377,-22.370134437084197,-3.9924486349865083,-31.665430400134426,-2.3323221882843472,-0.09527824093495624,-0.11433388912194747
-19.635061,52,7.294477,52.0,-53.90915496744391,13.581771653081521,15.53065695119777,-3.6433765196800234,-16.044934904575346,-6.786421528724184,-18.63506070874534,-1.7285409110169667,-0.2789748744313815,-0.2901338694086368
-5.669376,53,7.392874,53.0,-41.1041491127402,14.262479650399285,16.61716390898215,-4.049120647907255,-20.734946954250336,-5.649245538667697,-16.020085884700705,-1.9914716726872854,-0.2729116363491971,-0.2892863345301489
4.34311,57,7.500288,57.0,-36.26739309027325,17.224395454653607,18.811163265778745,-3.9019693326950082,-18.49388164877892,-5.06978968138852,-22.83889344531192,-2.120521277206644,-0.20266962078878017,-0.23104336769920944
-15.995313,50,7.704668,50.0,-40.991174126510366,14.434782461007492,15.655786529515279,-3.7199964022636425,-17.997866475582118,-4.9029211207841605,-26.56109006005565,-1.91283346523361,-0.2759950712315683,-0.2759950712315683
-4.737355,67,7.830191,67.0,-47.16450699432095,19.013176390186903,21.38111744518361,-5.112854785919189,-24.369385814666753,-6.00252481948468,-26.977303391413585,-2.5050730788891413,-0.12338973142261248,-0.16534224010630072
6.709697,60,7.945748,60.0,-34.015305692471415,18.66785318720632,20.243611127638374,-4.2962577486038205,-20.20997049808502,-4.0758715824080385,-27.34670718461362,-2.257654807431971,-0.24087380692416366,-0.2890485683089964
-11.471257,49,8.032713,49.0,-32.85868188223072,14.010336038901249,15.917064860936192,-3.5607981896400447,-18.975229191780087,-2.6935881603472085,-30.640421073461663,-1.6699398012999485,-0.3410286941325612,-0.33420812024991
-14.284186,51,8.12455,51.0,-42.846221336500015,13.743295742354084,16.242438416725197,-3.6710234975814826,-18.493841218948354,-6.0788410434049265,-22.18985615679315,-1.990137099148076,-0.32359515835480906,-0.33006706152190524
-27.259265,60,8.230733,60.0,-57.05922595268024,17.96324109057124,19.76938085121107,-4.380285437107086,-21.39145998954772,-5.728210485692423,-33.95871949685408,-2.4739860686085104,-0.36906271848501837,-0.442875262182022
-4.585339,55,8.328614,55.0,-30.44523213038155,15.803697232373596,17.746890281748808,-4.1053148365020755,-21.00114209651947,-3.6200966148733236,-32.15453233510974,-1.8096085301921814,-0.21512135228601675,-0.23663348751461843
-13.064319,67,8.4516,67.0,-56.81251782794406,18.18801967423473,20.657594287242638,-4.739154565334321,-23.608928239345563,-6.82886497896442,-24.47284275869464,-2.447624828947766,-0.32305677268812083,-0.4328960754020819
-24.825161,49,8.54189,49.0,-56.505886121046615,12.457549416655711,14.39425541362476,-3.426062190532684,-17.722363078594206,-6.838341311693818,-14.569051019378271,-1.6152616202871357,-0.39443520031748475,-0.386546496311135
-5.909467,44,8.627827,44.0,-32.12207441842257,11.595608285247145,13.379599382087259,-3.177436368465424,-14.22175160646438,-5.140586109482391,-18.271918606971962,-1.9509072157298584,-0.2934921511605256,-0.25827309302126256
17.848166,78,8.764712,78.0,-41.162954650343984,24.59111074735286,26.40190033003748,-5.647451194524767,-27.023367142677316,-7.071747176111553,-27.211872964202865,-3.0274515205214305,-0.09123669464630202,-0.14232924364823116
-2.976499,54,8.863811,54.0,-31.87848752836896,15.2020848321599,16.059563734954946,-3.9488579368591314,-19.85763064622879,-4.091969827764017,-26.095349413904138,-2.3658526665086552,-0.3372030589642934,-0.3641793036814369
-15.523475,59,8.970583,59.0,-46.70075827405531,15.281608185012889,17.960412432005707,-4.217327916622162,-20.613775241374967,-5.894521512452203,-27.76436986063877,-2.574743192985892,-0.3541059431304205,-0.41784501289389614
-28.639478,45,9.050279,45.0,-49.45287736193355,11.944228393639374,13.199762711857042,-3.313882062435151,-14.753037941455844,-6.348808078390023,-23.532680301987195,-1.382183785159384,-0.44140397775930384,-0.39726357998337347
3.780204,62,9.169529,62.0,-33.10147050092273,19.202287787956,21.43857220551118,-4.50839751958847,-23.014229869842524,-3.1341288965167746,-33.08545273776089,-2.016976939394945,-0.2136610155455893,-0.26493965927653074
85.649368,94,9.339052,94.0,9.260750950837453,32.48882645652678,31.404500457998793,-7.120242333412171,-33.85788164138794,-1.9203009017241082,-34.62599536453227,-3.980289869814806,0.11006388046880893,0.2069200952813608
8.336117,61,9.44864,61.0,-37.03988813761322,18.704469083991324,20.120187529863596,-4.7834866738319395,-23.89955164194107,-2.8382076632870508,-20.85469725313546,-2.0727082099190444,-0.22587838406636676,-0.27557162856096745
-14.148741,46,9.532112,46.0,-35.18884517192416,11.562926389274704,14.483163616072813,-3.642020835876464,-17.06550832986831,-3.7970247353962105,-24.695553154662893,-1.8058784668187118,-0.1663086598755435,-0.15300396708550001
-18.886148,51,9.751137,51.0,-41.78512375734971,12.819330032248615,15.384115981095741,-3.7789529323577886,-18.214748275279998,-4.339745578224167,-28.010617359519138,-1.960406163834501,-0.41293356727376646,-0.42119223861924177
-34.171025,60,9.865849,60.0,-67.91295337727088,16.778926925072035,19.587705931452078,-4.301581475734711,-20.464777976274487,-10.446389529810261,-24.907580576403905,-2.504375090550456,-0.4108637313099633,-0.4930364775719559
-12.200939,67,9.988596,67.0,-52.06516877489891,19.180915427375634,21.063537554105608,-4.901098294258119,-23.959822720289228,-5.948020078697201,-30.288544869422058,-2.2827371953626274,-0.3774133460323153,-0.5057338836833025
9.222701,54,10.088645,54.0,-21.608043484006945,15.382853555866054,17.639239819206036,-4.294687020778657,-20.084433311223986,-3.935146865079333,-25.91850860974638,-1.9585728707360848,-0.1395291639043084,-0.15069149701665308
-13.167548,57,10.191672,57.0,-52.65851844459756,14.871652718009017,17.302774331381354,-4.060827312469482,-20.14957566261291,-6.157720900223742,-17.34567218261396,-1.9696605719390274,-0.5086082037701997,-0.5798133522980277
-4.50699,60,10.298363,60.0,-35.01504551665177,18.812790649139377,19.78597278029669,-4.217007236480714,-20.595846569538125,-3.1974140278211345,-37.80043395847161,-2.2800063350716293,-0.2969481001051865,-0.35633772012622383
-9.257622,49,10.388731,49.0,-36.31906429253495,13.993221231697165,15.453455260897634,-3.7879853701591504,-19.28537114858627,-4.51597353868997,-22.24819497638685,-1.5477090551024635,-0.2951053029391708,-0.28920319688038737
-5.256702,60,10.497769,60.0,-45.11635605441485,16.310226700940763,18.386009535425234,-4.455964989662171,-21.661547923088065,-5.650222465302773,-20.638047024132973,-2.430799954642499,-0.24202343715559174,-0.2904281245867101
38.015024,55,10.59973,55.0,-7.522226510856174,16.41148535434756,17.509302052798674,-3.872705767154693,-18.899036407470707,-1.2874230795597683,-17.401065049613393,-1.9233069483449754,-0.1692320352604783,-0.18615523878652615
15.762436,68,10.726029,68.0,-32.25237378181888,19.066862501030872,20.635873430027534,-4.852852516174315,-23.509028232097624,-4.150583544544681,-25.003703880621437,-2.1717577397033634,-0.23949562345718278,-0.3257140479017686
10.963927,59,10.834677,59.0,-22.852112651319835,18.370553186360418,18.955625675264137,-4.266978979110718,-22.29757142066956,-2.299506039930692,-31.275544504530522,-2.3705381635434946,-0.19898407697409334,-0.23480121082943012
-21.83946,55,10.936721,55.0,-55.01969631804187,14.922078714514472,16.531229722032027,-3.807309346199036,-19.2045063495636,-6.022528878697318,-22.52104088941634,-1.717686632655305,-0.4534838228322151,-0.4988322051154367
5.724655,58,11.048835,58.0,-33.66133534394859,17.79260948887704,18.68872807861288,-4.52719221353531,-23.672969019413003,-3.3296734810142383,-21.468786278893607,-2.0967262652832677,-0.303656725867427,-0.35224180200621524
-15.123327,60,11.157514,60.0,-55.70475835218438,16.623845684062797,19.30572902368551,-4.507495002746582,-22.5762412071228,-7.414440457961331,-18.587508520569635,-2.2624580923201263,-0.34468863908955516,-0.4136263669074662
25.142806,72,11.288549,72.0,-22.851627950075777,21.457107341871446,22.269490643064536,-5.2411598944664,-24.927548623085027,-3.6824777979618526,-30.841976103608015,-3.039002070473642,-0.15968653327214347,-0.22994860791188657
20.146368,55,11.388838,55.0,-18.822690669106716,15.408427369083334,16.775379728170584,-4.124762339591981,-20.691751384735102,-2.5391740897211497,-19.031879002453962,-1.8271815808564507,-0.25727362709946,-0.283000989809406
142.972107,86,11.546725,86.0,73.42836249656942,29.58555594231917,29.678510645781653,-5.9341544997692095,-29.92266792654992,-8.882353458523863,-27.641025605166664,-3.340121046269738,0.27650777321926867,0.47559336993714213
15.371196,72,11.804138,72.0,-32.09783720794369,21.27744439615973,24.124861473735592,-5.1555952048301705,-25.624312806129463,-5.4026191890111885,-30.837577022525466,-2.913168651076265,-0.18526675694941572,-0.2667841300071586
5.366682,53,11.903494,53.0,-34.48049045120644,14.711237841259582,16.674085967527976,-3.7413573813438417,-18.93239995241165,-3.3556642149506337,-16.80696352182414,-1.701766459726069,-0.2680497481800031,-0.2841327330708033
142.542136,101,12.0929,101.0,87.91838996421804,32.49970776614135,35.48761380929079,-7.380493371486663,-36.69321485757829,-10.475067335235051,-55.92937955810586,-3.8854202328571414,0.3230876833598382,0.6526371203868732
118.195561,68,12.218822,68.0,59.94855169066522,22.03531227075231,22.83512203304019,-5.009468355178831,-24.3334771156311,-5.739551164461111,-17.058318204688383,-2.482610651035427,0.4063096952528149,0.5525811855438283
33.49032,59,12.327925,59.0,-9.880464507935896,17.36670554013274,17.997376096891628,-4.179183156490327,-21.619386512041093,-1.168331405589641,-21.849131249281914,-2.1772647443743054,-0.33200948916565554,-0.3917711972154735
114.952926,72,12.461859,72.0,61.07666179609102,21.956512533089864,24.117632616841323,-5.316860971450807,-26.12179161310196,-7.739035328625953,-22.144320211192053,-2.8758730469729805,0.142656786270135,0.2054257722289944
58.605878,70,12.591598,70.0,-0.9749510381403348,22.570433937739548,22.672664842016985,-4.728639261722565,-23.688091945648193,-2.416884719047202,-22.269176647595057,-2.559476745314585,0.18777722803701113,0.2628881192518156
49.302866,67,12.713781,67.0,-8.136292919835924,20.860460332182825,22.383551515613426,-5.255729336738587,-23.312727403640743,-1.5966193633446244,-19.55629538106702,-3.08348181598803,0.3802526654256984,0.5095385716704359
111.732653,85,12.874011,85.0,48.26980932129334,29.3332986706852,28.418626090122416,-6.340255439281462,-30.266051256656652,-3.609490929155483,-35.59480771921998,-3.4784752771819343,0.37997224488672715,0.6459528163074362
-16.930573,57,12.980694,57.0,-44.42425418796266,15.836573352088404,17.901712458490085,-4.249129626750946,-20.989820367097856,-6.1584480418025285,-29.705988004768304,-2.1412183699541947,-0.3058161463465542,-0.3486304068350718
2.162016,55,13.080926,55.0,-31.707177035288204,17.595498773188076,18.340413592371327,-3.9918256688117966,-20.757514190673827,-3.6019994952153787,-26.30048530856383,-2.4148951159810386,-0.20954419326850107,-0.2304986125953512
6.843749,64,13.200079,64.0,-39.851371914327224,17.974927299890705,20.602727487319246,-4.307191878557204,-19.997762787342072,-5.393138670328957,-23.844168343062382,-2.34027222592402,-0.1992705635640881,-0.2550663213620328
62.67935,72,13.331499,72.0,-8.16866575703227,24.17598384896289,24.92324710424993,-5.235028331279754,-25.53728813529013,-0.860660706398487,-15.63200036459867,-2.9862375744708562,-0.18823907159209136,-0.27106426309261156
-14.388327,58,13.44095,58.0,-40.50137212283827,16.935412186579462,18.552868049464493,-4.5230692434310935,-22.57604689598084,-4.895721501907505,-33.24916273774469,-2.131234918274908,-0.2755682639958796,-0.31965918623522027
14.365758,96,13.734085,96.0,-63.403527975555825,30.841780933857045,32.442714710949275,-6.893437342643738,-34.12478584051133,-5.949581335245619,-30.678823450770786,-3.8685813230751167,-0.25945381605961576,-0.4981513268344622
77.584979,56,13.838074,56.0,43.0486773415845,16.90624404851629,17.96548550392552,-3.986680996417999,-18.699593782424927,-4.190096812111203,-27.334507696182644,-2.124548517723567,0.3492442115482651,0.391153516934057
99.273371,75,13.97244,75.0,61.02165414840517,21.53205538392091,24.5047681397403,-5.556660594940186,-25.509460055828104,-6.960118438652089,-41.816161751816644,-2.942705455092986,0.34742851222596305,0.5211427683389446
104.611667,59,14.077836,59.0,61.07186874959947,18.758023840327162,18.65191434541516,-4.451072237491608,-20.8275295317173,-8.137260892372163,-16.84834621305619,-2.6059315167336807,0.4699681187801029,0.5545623801605214
18.595717,71,14.203287,71.0,-28.79376358422763,22.106852721699383,23.554108372911834,-5.123521851301193,-24.446232545375832,-3.3575549589819316,-33.73561089411607,-2.608560280567898,-0.09825173243179457,-0.13951746005314827
133.153305,79,14.344213,79.0,56.38308592199866,26.487862019521227,27.426017760402697,-6.201259031295775,-29.050190949440005,-2.461261883061525,-15.397520458401782,-3.033428589544919,0.45267784860849397,0.7152310008014205
1.208,66,14.462267,66.0,-33.604291586606514,18.04089578156715,20.232503150311164,-4.990986838340761,-24.841277337074274,-5.452466532119065,-31.66184511741487,-2.514531956904774,-0.33348908881908784,-0.44020559724119596
11.175911,55,14.56078,55.0,-30.30343689393821,14.647831890835818,16.64008064552547,-4.28003261089325,-19.62615072727203,-3.6827023110964268,-15.158868768451681,-2.0608101470544953,-0.33500219524975133,-0.3685024147747265
-1.189873,58,14.669425,58.0,-41.81648372527541,15.89532889825972,18.310331171011246,-4.210425300598144,-20.699132823944087,-4.910703514644108,-19.524943150013094,-2.233845003595707,-0.27110004200461374,-0.3144760487253519
5.618546,55,14.775724,55.0,-34.428138916269255,14.480816138764881,17.28752146499461,-3.9250108790397653,-19.404469799995425,-3.8854679551462756,-17.651558600576486,-1.8551455260644412,-0.25226745675197493,-0.27749420242717243
118.041241,71,14.909079,71.0,63.59479918488996,21.938548213852243,24.657569554877718,-5.568830931186676,-25.98953574299812,-6.405839406446835,-22.499721524104217,-2.6857486514862567,0.3219942477884494,0.4572318318595981
87.058543,90,15.078062,90.0,7.9658038279805385,29.687153669655036,31.057905177996567,-6.855046763420104,-34.577850151062016,-1.181327108851753,-25.696807120889982,-3.34128818916812,0.087055145703096,0.1566992622655728
91.384658,56,15.180029,56.0,49.03885561715439,16.302560298670578,18.76266472023472,-3.965878804922105,-19.265233123302462,-6.311932856584887,-16.91151590434241,-2.2648617292757067,0.21740692129531997,0.2434957518507584
138.834572,87,15.338015,87.0,74.09962549841816,28.688529753859783,29.476640208029156,-6.3754485654830955,-29.47902691364287,-8.902245444546596,-32.1392507236832,-3.5342519155168426,0.346644042573905,0.6031606340785948
110.994902,76,15.477572,76.0,49.19766816108082,24.216001035463126,24.383173227555204,-5.282436262369156,-24.826757776737203,-2.5665040732735265,-27.202919066824826,-2.9233236631398527,0.21936744271905476,0.3334385129329632
4.479528,59,15.587325,59.0,-37.99188901124026,16.346437460342354,18.190478511680688,-4.612525372505188,-23.2794603407383,-4.155750501737003,-17.145224681576696,-1.8725377785437964,-0.26247690897507486,-0.30972275259058835
112.923134,68,15.860145,68.0,71.6979132563805,20.799321515014473,22.61696794763306,-4.918372154235839,-25.28848073482513,-8.817914260987001,-28.379512901590562,-2.786788726253475,0.40395328639479144,0.5493764694969164
21.162506,72,15.990215,72.0,-25.655471777346666,22.243639324830358,24.11776156502468,-5.284743242263795,-27.038144826889038,-2.9043715670046346,-34.001582584649405,-2.3145813745768535,-0.1541766128828939,-0.2220143225513672
95.562428,65,16.101701,65.0,46.72176806563002,19.40457217075304,21.45280889229339,-4.560572956800462,-21.162986361980433,-5.816616376129459,-22.65801941125606,-2.8185258845423022,0.40549521232675034,0.5271437760247755
13.315914,84,16.256468,84.0,-44.73952842881429,26.78918233309723,28.635133262296907,-6.1333436274528506,-29.271711552143096,-6.1146287399093815,-36.78817789760794,-3.0610110496151806,-0.22746804696389347,-0.38214631889934103
90.506263,95,16.429275,95.0,-4.163267131953243,29.993411029244562,32.39064841967602,-6.683624744415282,-31.604323774576187,-1.5942505198828907,-19.142066225971934,-3.6902645178181026,-0.1239811110956997,-0.23556411108182945
19.094881,107,16.630058,107.0,-62.82671401109183,35.084234549534344,37.172509180386896,-7.83225159406662,-39.32914181947707,-8.092441902659662,-37.86208734121795,-4.219226044638374,-0.1685494219534365,-0.3606957629803541
22.56938,63,16.745858,63.0,-20.68625333537403,20.33521989564332,21.3244633005327,-4.754458583593367,-22.239185702800754,-3.488634049672888,-28.48319635086901,-2.4385752958229614,-0.17396822378530313,-0.21919996196948197
14.967198,70,16.876511,70.0,-39.7581557351772,19.962640947910845,23.42030481635452,-5.408424668312073,-26.75719903707504,-4.744975013195373,-18.93418816934906,-2.812804890699741,-0.12801786199753498,-0.17922500679654899
22.544924,83,17.028797,83.0,-44.88378171837713,26.253601406049288,28.790928330577646,-6.129651286602021,-29.990530788898464,-6.019965746146165,-25.208495621535736,-3.2671806702976482,-0.2654513397885294,-0.4406492240489589
31.679011,50,17.122328,50.0,-3.700254153913846,15.061997421580532,15.72459183282706,-3.5655786919593813,-16.981529819965363,-2.19351740413404,-20.758146809855297,-1.908551238672489,-0.043431294616739384,-0.043431294616739384
81.585837,49,17.212636,49.0,38.39320983191374,14.090839761499142,14.977376249374961,-3.849474189281463,-17.5955020070076,-2.910766987720552,-8.54881652162479,-1.971029104618848,0.326625022871656,0.32009252241422287
4.752025,63,17.325814,63.0,-40.16309072496966,17.568902357808785,19.833001455507702,-4.4874766230583205,-21.830903410911564,-4.432090129533302,-22.697887647319348,-2.038430336576825,-0.08939578872265301,-0.1126386937905428
97.936045,75,17.458895,75.0,44.239688114891294,24.60440591387234,24.51573187436831,-5.552698161602021,-24.87951608896255,-1.8066244970277965,-35.411914715103734,-2.773026972720943,0.3106812802235592,0.46602192033533874
123.822136,83,17.740132,83.0,52.35681946778806,26.99796306041851,25.863887640399515,-5.577002215385439,-26.86368021965027,-4.258042435919661,-24.775089007447395,-2.9227198257762215,0.30434381804032923,0.5052107379469466
128.113533,84,17.892918,84.0,56.887860713254646,27.020044379821314,27.876117494780413,-6.253265252113345,-30.37563140392303,-6.502991950336203,-21.69979796321263,-2.838803375513533,0.2454919634308557,0.41242649856383756
57.496183,61,18.011566,61.0,-0.7995852606621443,18.37358381577433,19.13153579029092,-4.391209058761597,-20.09379421472549,-0.8738041045482398,-12.47878674240342,-2.3717576187635605,-0.05724272823171129,-0.06983612844268777
92.714773,54,18.108765,54.0,59.286953608312956,15.822868357689519,18.49924725964909,-3.935945537090302,-18.97149968147278,-5.64771947360258,-24.281681607092892,-2.057449729048714,0.45679955076834794,0.4933435148298158
225.18814,155,18.384245,155.0,72.82210824964238,54.92590987747981,54.97554941928865,-11.665394797325133,-55.58833591938023,-7.965785112347074,-31.386560754791812,-5.929350917284768,0.17398700344068518,0.5393597106661241
120.739792,76,18.525132,76.0,57.82435011175518,23.85352586508868,25.94139767245495,-5.479125432968141,-24.959234499931345,-6.695075102094772,-22.74536427770176,-3.000682537908716,0.30609813502158045,0.4652691652328023
111.299785,71,18.655422,71.0,63.01032178287298,21.415700687028217,21.745297660360666,-5.548791108131408,-25.756529092788693,-7.890652979650657,-23.727435335079054,-2.9481266686978653,0.3658664586405721,0.5195303712696123
10.726862,66,18.779356,66.0,-39.9162415593123,19.08636814788552,21.504943587902957,-4.654584321975707,-21.718306416273126,-4.251241924097771,-22.67404280693281,-2.6500330173523667,-0.27474677586338647,-0.3626657441396702
1.934139,47,18.870358,47.0,-29.764404113655605,13.14410860121133,14.505609721697653,-3.502494270801544,-17.152860844135283,-2.502884620418434,-18.031512010228273,-1.7614235166139778,-0.4825478725932332,-0.4535950002376392
14.031065,65,18.988096,65.0,-30.06495836958976,18.60586816599586,21.202562749942338,-4.911806511878967,-23.17387195825577,-3.93305744559703,-25.91037802163183,-2.7832933459002795,-0.16738821239711243,-0.21760467611624618
9.958509,62,19.100302,62.0,-28.1479909391658,17.536090074162697,18.93054365506997,-4.468630361557007,-20.946105366945275,-2.6181127671110045,-29.59011026553471,-2.737174886825898,-0.17251773605710272,-0.21392199271080736
91.982253,53,19.195675,53.0,50.98243526021007,14.56079740107447,17.05475833015783,-3.7781175851821898,-16.284755033254623,-7.286050678196723,-14.369074818876689,-1.8977395814737754,0.3055426785435612,0.3238752392561749
93.619536,57,19.299973,57.0,46.86459572845825,18.4107711092534,18.379396456485196,-4.258676581382752,-19.60625694990158,-5.532569974678912,-15.201602891844894,-2.436120836635367,0.346977612381351,0.39555447811474015
50.336774,81,19.447152,81.0,-30.772980361005878,25.869324683198215,27.43556614067192,-5.8094723558425905,-27.043876385688787,-2.1742187881172135,-14.994138428316381,-3.17343007890895,-0.23060581854941264,-0.3735814260500485
68.90046,69,19.570639,69.0,2.611242368780991,22.700282533666034,22.02210874986024,-5.129163014888763,-25.448815548419955,-0.7811582362095586,-13.443487607568272,-2.6305489133725453,-0.3180048137927763,-0.4388466430340313
116.266879,80,19.84652,80.0,48.695773090040525,25.274480744988978,26.85011421760079,-5.714405820369722,-26.91708458662034,-2.35360572968721,-26.569140635998384,-2.999251982486149,0.4130664963495743,0.660906394159319
103.598509,67,19.968186,67.0,50.677578028681516,19.652824009841364,21.739122050637427,-4.621515707969666,-21.386887097358702,-7.9698938555636545,-18.57396137728982,-2.918757480697159,0.33671927076719954,0.45120382282804744
121.541737,64,20.08825,64.0,74.89438352489913,18.052398892740612,21.1776372286545,-4.395319311618806,-21.897050130367276,-8.815871903299232,-19.056525311325625,-2.417916356175676,0.5257625733943198,0.6729760939447293
14.638181,69,20.208694,69.0,-33.16243492721257,20.46525844902713,22.286508196866624,-4.903050911426544,-23.21416616439819,-4.46831926140175,-28.64541673138846,-2.7201981282304986,-0.14520675474717246,-0.200385321551098
109.246571,59,20.314565,59.0,76.11122718343054,17.313130186815844,19.020268157133522,-4.3506893849372865,-21.50189267992974,-10.052550603585056,-24.157092732529275,-2.135829230064733,0.543030543862834,0.6407760417581441
48.109424,86,20.471502,86.0,-20.319445630221967,27.920047428562615,29.984775171906822,-6.143221800327303,-30.57230298519135,-3.579352273654877,-32.04877602634541,-3.132300009503997,0.003330141312025213,0.005727843056683366
171.795247,97,20.652725,97.0,91.15819562482268,31.960797886129345,33.40678384174025,-7.416981770992281,-34.52310121655466,-9.92489148131083,-25.81178065086034,-4.053775424483768,0.38724821710763013,0.7512615411888024
21.709847,61,20.760826,61.0,-21.903425443903604,17.43572031073427,19.227609226825088,-4.689021248817444,-22.06337863206864,-3.129858724366148,-21.876351147897296,-2.291447424807556,-0.24824921921413107,-0.3028640474412399
31.470773,70,20.886173,70.0,-26.315980740014023,21.915639114695715,22.387730260490518,-5.25307282924652,-27.507022213935844,-2.4078602391672126,-18.923511584870404,-2.425148737150807,-0.2763521511026621,-0.38689301154372696
2.350746,81,21.028881,81.0,-51.80445798801633,23.90783870034934,27.748635722807066,-5.999832191467285,-29.74603716731072,-6.142404107051145,-33.1594214733855,-3.4535750375226466,-0.2557018656001901,-0.41423702227230796
60.869553,69,21.152925,69.0,7.183288810525573,21.385197448529954,22.22119888968628,-4.880704591274263,-22.00250140428543,-1.0666183424966684,-28.52549064654181,-2.4448169074281267,0.0325739953657815,0.04495211360477847
67.742928,54,21.251166,54.0,22.409811807331497,15.861230262165268,14.757275232031478,-3.9226447606086747,-18.900410223007203,-0.717756037259362,-13.496423618545087,-2.2481549720851115,-0.04609883077066217,-0.04978673723231515
100.443251,59,21.359666,59.0,46.92980072624799,18.246054063704413,19.124200113407376,-4.412690192461015,-20.685181933641438,-5.099266250745114,-10.654761758054246,-2.0049042126899237,0.13053236055611167,0.15402818545621175
90.577907,51,21.452396,51.0,56.95754810074111,14.24030913761807,17.060251602156026,-3.631502077579498,-16.05532974004746,-8.019903810061416,-18.78611495419797,-2.1873508805428217,0.4539656129727685,0.46304492523222385
115.073827,57,21.559326,57.0,70.36575872037236,15.705401350111337,18.793740511642635,-3.9740260195732113,-18.144186246395105,-8.720970261063643,-13.83668391658966,-2.1152071003345316,0.5275101177186081,0.6013615341992133
75.469296,72,21.816402,72.0,20.490126586866893,22.39937535014827,23.321045113130356,-5.518195424079893,-26.407306635379793,-1.0008153020782868,-26.800255984293283,-3.014678168792919,0.1039467787397504,0.14968336138524058
119.994336,77,21.959263,77.0,44.59412037440111,26.017650105543034,26.36736204495594,-5.650085151195527,-26.74071221351625,-3.5631441450833354,-14.808763479006128,-3.222091563846835,0.3607468733995124,0.5555501850352491
92.785841,54,22.057285,54.0,59.669415625372324,16.337518958191154,17.62851098630781,-4.589154469966888,-21.709010362625122,-7.464184572241996,-18.94177134345888,-2.14548408165331,0.44053702319770827,0.475779985053525
91.829185,47,22.139538,47.0,61.65084798662053,13.12685315896467,14.999206672973905,-3.747721700668334,-16.7592346072197,-7.6186490406463365,-14.971807796373554,-1.8503095546306727,0.576309041331402,0.5417304988515179
99.481728,61,22.248968,61.0,61.946799645620864,19.291151068424224,19.750734612071962,-4.698011636734011,-24.327274322509755,-6.914581230789739,-24.112419417944416,-2.4546705718548427,0.4216781906754596,0.5144473926240607
98.291061,63,22.363542,63.0,42.95048500037063,20.19366720254031,20.534358701763107,-4.6885225343704215,-23.468052804470073,-3.7610508071371034,-14.2157718612327,-2.25405165366114,0.2964846829882502,0.37357070056519526
88.997814,59,22.476673,59.0,46.10747246819901,17.53223585972557,19.30064185269726,-4.383070418834685,-21.333913433551785,-5.486853969572968,-19.29612393278566,-2.4425739822674837,0.3791778597769458,0.447429874536796
44.283871,63,22.593405,63.0,-12.425565860401345,18.975361116030836,19.98261124610989,-4.559382042884827,-21.828075671195975,-1.5640422615894423,-15.345585417564275,-1.951450443856129,-0.289908617264038,-0.3652848577526879
96.29749,54,22.695288,54.0,56.41853052996744,16.08211408092976,18.26969050379434,-4.154758236408233,-17.908967137336735,-8.203998139960447,-16.18855531704776,-2.016566092069093,0.4227560656017906,0.45657655084993387
34.951549,60,22.801078,60.0,-13.099503462439106,16.394899304676112,19.690077330185453,-4.190608415603639,-18.45163285732269,-2.7374607027145634,-20.54713769552656,-2.1070848985416255,-0.0373809307665928,-0.04485711691991136
104.532633,56,22.902607,56.0,75.30892261001388,17.454684183793724,18.6644834913799,-4.17685971736908,-18.393319118022923,-9.190863694182758,-28.754940516818863,-2.3794743494362462,0.522013980885138,0.5846556585913546
108.374519,53,22.998506,53.0,71.38903483381347,15.256908220833079,16.84246355522078,-3.926129031181335,-18.171979975700378,-9.599486121087004,-14.469193134585861,-1.9470989999052812,0.5821471557812112,0.6170759851280839
97.253407,68,23.122138,68.0,34.02351681571499,22.836481172984026,21.502229308544436,-5.578768157958986,-26.54534956216812,-2.1704115063327896,-12.521106681920793,-2.293184447558282,0.342953738151146,0.4664170838855586
111.565015,56,23.224412,56.0,70.76284922971122,15.877008017707944,18.017155780406046,-3.9689432883262628,-19.123440915346148,-8.639611620589164,-15.16864938082483,-2.191352697108171,0.5917973567880701,0.6628130396026386
106.818566,79,23.370453,79.0,40.86066496630555,23.37585983030798,25.039394694419727,-6.106933096647264,-28.068364155292514,-2.4596283504222463,-21.990792903580573,-2.831634865387287,0.3864317806771219,0.6105622134698526
100.687878,55,23.471164,55.0,56.515333472307816,17.939181179818156,17.307118802652067,-4.19949066400528,-19.203960084915156,-6.042304879738207,-14.601350643972827,-2.0266496048983815,0.5361912434332488,0.5898103677765737
102.128826,54,23.571207,54.0,65.63968379100803,16.933517780904783,17.837574020007832,-3.989343531131746,-19.477343368530278,-7.733856802431302,-19.334968490448816,-1.746437340473907,0.5163968577837504,0.5577086064064505
101.026499,57,23.793175,57.0,60.670116970661105,16.821345545414502,19.531911700239835,-4.1071023178100585,-19.727088850736624,-7.537554497502124,-19.367878487618125,-2.257251181719976,0.4848945780526547,0.5527798189800264
95.617603,69,23.916934,69.0,28.801758420595046,21.865544931848063,22.236983381112097,-4.781898920536043,-20.73987622261047,-1.0621625504665477,-17.18453166744746,-2.5182147206966503,0.410364957837076,0.5663036418151649
144.137587,83,24.069286,83.0,67.45548307596061,26.89343420291778,27.151021311521223,-5.9162520372867595,-28.748875412344933,-5.43481978970079,-16.97156684512976,-3.290837868833349,0.40736810405112034,0.6762310527248598
117.791608,63,24.183062,63.0,72.99922984140443,18.834229777487916,21.26800486976702,-4.693536005020142,-21.56007322072983,-9.135565684943899,-20.335232850041823,-2.5854482949257,0.49697650591472203,0.6261903974525498
94.728927,58,24.286552,58.0,47.13061551444188,17.507271030184736,20.156848725401158,-4.158770179748535,-18.743568778038025,-6.411250724548332,-16.52074587009795,-2.231472277405746,0.28709895539795766,0.33303478826163085
98.250105,59,24.397566,59.0,68.01225939468824,17.56893899277915,19.14597287944037,-4.294365098476409,-19.60710909366608,-11.112287569069357,-28.434079220284534,-2.02922495668979,0.4981047746325042,0.5877636340663549
115.01239,75,24.537599,75.0,46.61798012148522,23.357729026219957,24.823560789769395,-5.528365781307221,-25.353192758560173,-5.378226250178893,-15.351094704705083,-3.176000512416177,0.201994752136642,0.302992128204963
75.509309,77,24.679301,77.0,16.67570363704811,23.72461230176919,24.89771744390222,-5.965245370864865,-29.461008596420285,-2.2918262153045794,-25.874873239948936,-3.1957712957601876,0.32629272347523386,0.5024907941518602
123.29849,63,24.795578,63.0,72.07052141279458,19.840909553636173,20.73500593981944,-4.567222719192504,-21.77744844555855,-9.861824793132001,-13.723175457877318,-2.418275803963609,0.5322420872413925,0.6706250299241546
113.526633,58,24.905343,58.0,68.80128344225693,17.983047837079923,19.341452250103973,-4.311342433691027,-19.040845441818245,-8.961281800099089,-15.974935329701879,-2.310745959121498,0.4111067068584338,0.4768837799557832
104.606639,54,25.008507,54.0,67.14921591846489,17.538616399825596,17.43863042222648,-4.183367013931274,-19.71504945755005,-8.280129902270922,-17.424353263333483,-1.9169243069933102,0.4542021883921142,0.49053836346348334
101.218949,55,25.112391,55.0,63.392055502261286,15.17772945373368,18.379088602324654,-3.931988573074341,-18.392372834682465,-8.65381404708108,-17.60230169264391,-2.1494476775964637,0.5217535383285085,0.5739288921613593
115.911672,58,25.219953,58.0,57.92868229439595,19.40718055489694,20.156883922417315,-4.161148965358736,-18.738785088062283,-3.622203510088541,-10.904651720128294,-2.154285293410497,0.5094028860077718,0.5909073477690153
-11.314402,69,25.34349,69.0,-44.02727655160396,20.426804717651248,23.413656788971316,-5.415291731357577,-25.367605841159815,-4.987727548888737,-41.46920709594516,-2.887755122374507,-0.24580973355748512,-0.3392174323093295
92.476666,50,25.438786,50.0,54.02016586928884,13.449550062494641,15.69630130295903,-3.5602209568023686,-17.020935535430908,-5.576108553584598,-12.690833132290445,-1.8412531263681453,0.5402008986075262,0.5402008986075262
100.803214,49,25.532877,49.0,58.91046285782071,14.856102205693249,15.438350073122232,-3.5214346313476557,-16.44837629795074,-5.212603422693548,-10.325064651828573,-1.8942222837818143,0.6049934916668845,0.5928936218335469
101.834295,59,25.769968,59.0,40.56037574406954,18.3996215899853,18.898989204748382,-4.225200667381287,-18.489084815979005,-1.7761754238660408,-7.973670021680142,-2.56056019734235,0.45114906839612345,0.5323559007074257
104.447198,58,25.895006,58.0,61.520967177196624,16.644210558641987,18.641043496152225,-4.365632340908051,-19.658866465091712,-6.82600814957172,-17.42614396593779,-2.0823722720299425,0.45564503943500195,0.5285482457446022
94.872377,51,25.993155,51.0,54.91733133084817,15.74264307056604,17.08467824924183,-3.717077326774597,-18.82774105072022,-6.387547045091726,-13.111949822284089,-1.8279607723798366,0.48171072581125407,0.49134494032747916
193.983238,133,26.248491,133.0,57.693791468535125,47.03718497459397,45.92465167739988,-9.91116176843643,-47.12807063460349,-4.627810635095305,-22.799254137644336,-5.206093137994739,0.22537684264042307,0.5995024014235254
95.841352,50,26.341631,50.0,62.64356844972227,14.565916200324304,15.919765774309504,-3.593471561670304,-16.736540079116818,-8.954702893782429,-16.076338900952425,-1.9268452253546826,0.5153041510574897,0.5153041510574897
80.047961,53,26.442052,53.0,38.63533779587135,15.397161341893996,15.390574170906435,-4.0899866008758545,-19.948567855358128,-2.0815565955014494,-14.07669217063643,-2.178308785172298,0.5398786026306527,0.5722713187884919
85.9835,48,26.535395,48.0,55.118005112364024,13.524731167904546,15.353540112420717,-3.9162337017059317,-17.420753490924838,-8.3528561070052,-14.358013135707603,-1.9649200632918553,0.4669422049524167,0.44826451675432
86.048527,51,26.63885,51.0,45.54110159446204,15.782500257655053,16.22554490331713,-3.954599671363831,-18.246837478876113,-5.063663867217354,-13.329158873674778,-1.9063603627369607,0.3447313232654143,0.3516259497307226
129.361537,65,26.756428,65.0,77.67348760693235,21.000615188011135,22.064857361966578,-5.082256021499632,-23.8978099822998,-7.965259474343908,-16.480501036426794,-2.9515968312939935,0.5254805811152338,0.6831247554498039
116.218878,64,26.871613,64.0,83.02601266600176,19.14756665638242,21.360110625955194,-4.725429211854935,-23.095096850395205,-9.52932223879079,-31.34424472771855,-2.6207185809463267,0.5682680313231394,0.7273830800936184
-8.559658,62,26.982519,62.0,-46.01375919435043,18.4157181847946,20.794103915540003,-4.617769424915315,-21.976374363899232,-4.979986002072247,-29.41317122159117,-2.7684197102488413,-0.29440553323393065,-0.36506286121007403
97.417652,53,27.076759,53.0,60.78640510832305,14.858295651388215,17.092331254127206,-4.148609359264373,-19.292533791065214,-8.226944640481966,-14.515685830351641,-2.1356061952578744,0.4756879000116343,0.5042291740123324
97.024225,56,27.180024,56.0,58.39118741012857,16.58662828423345,16.971013888934404,-4.150274140834808,-19.338835078477857,-7.483489938991223,-17.68712005696552,-2.2648857818548866,0.5080970872004027,0.5690687376644511
96.9525,60,27.291903,60.0,48.61449382661603,17.34658382206799,18.914976566771735,-4.433034732341767,-19.89176197052002,-3.70881616168184,-17.667169461151637,-2.2227715243196595,0.2733661416541205,0.32803936998494454
105.440062,55,27.394061,55.0,63.39449379385615,15.57104979324697,17.462526252472124,-3.8960833621025084,-16.438403594493867,-8.301027281938092,-14.940377416539166,-2.412116614369332,0.44350192708185027,0.48785211979003534
82.432774,61,27.506753,61.0,25.384684956199433,18.445580847359967,18.965312956386654,-4.4525808191299445,-21.721388804912568,-0.6715696448750276,-12.360714004798048,-2.1565513580027873,0.46350532781681264,0.5654764999365114
100.99986,55,27.60961,55.0,69.63446861749446,16.096299140978164,17.364979972872145,-4.132883620262145,-19.663226640224458,-8.369960584350762,-22.882454729754397,-2.0473622557950395,0.4955928413538555,0.5451521254892411
141.815157,91,27.89438,91.0,50.99557904316457,30.376623370782283,31.68858726150474,-6.683602223396302,-29.234942650794984,-2.360244032760981,-20.482572535259113,-3.4842708578297072,0.3251236271365349,0.5917250013884936
104.39779,64,28.010357,64.0,54.639633587499134,18.97730421379018,21.17368403476155,-4.91171321630478,-23.498985493183135,-6.8105058440907,-16.0925137461296,-3.079113100445169,0.49635380364947995,0.6353328686713343
121.195624,68,28.132623,68.0,65.10904717279486,20.82533065323227,23.66555294892638,-4.739086390733718,-21.53376909494401,-7.248424274136655,-20.114751575947267,-2.7682757792975847,0.43569171811625,0.5925407366381
103.917988,55,28.234182,55.0,54.1952999698661,17.407637337289206,17.6838364924522,-4.180474350452422,-18.445965790748605,-4.510353201535127,-11.229052963667577,-2.002939327698526,0.4228152748774646,0.4650968023652111
106.838837,54,28.331414,54.0,62.38797756478345,16.58125958758255,17.861256238856132,-3.9567069888114923,-17.261517751216886,-8.009479647425955,-12.637545632033618,-2.1264059674383513,0.5221933715226567,0.5639688412444692
119.685318,59,28.437639,59.0,75.23296609677624,18.422654893993148,19.832755397449862,-4.2730298876762385,-20.556115972995766,-9.683581769100584,-16.29920618952593,-1.9911240973315516,0.5337827526254281,0.6298636480980051
154.19163,83,28.586332,83.0,84.83092460260573,27.59969731383497,28.68069953985293,-5.877600803375246,-28.001875436305994,-9.545127964776666,-23.43515088532636,-3.0599363326428546,0.4206968497006108,0.6983567705030139
68.18661,96,28.759897,96.0,-12.442648181665763,30.615636112340272,31.990863768149463,-7.250250332355502,-33.41129493713378,-2.5533801227341466,-31.047675565254334,-3.7146406293862295,0.16336128541804487,0.31365366800264616
88.475444,46,28.84721,46.0,56.43239293723874,13.841210871051686,14.19706814052892,-3.605789544582367,-15.62346059083939,-6.494938148497553,-14.23789536808065,-2.0331440234297964,0.5443234881073769,0.5007776090587868
129.330869,74,28.97907,74.0,68.18414579719186,24.57689362180828,25.670178875791166,-5.548195888996125,-27.94150637388228,-8.741503739401747,-18.326712153283374,-2.5424316374901377,0.3241558640786036,0.4797506788363333
116.943682,71,29.108266,71.0,63.7291812484418,23.502899224308912,23.140857734804726,-4.954980663061143,-22.880736941099162,-6.724710512272697,-26.828778453238616,-3.040049348623316,0.45172492051472696,0.6414493871309123
123.43636,67,29.232309,67.0,81.79912028092039,20.612280739428808,21.068953754831085,-5.043667441606524,-23.689119160175316,-10.865705263834013,-24.96876939965442,-2.4767331332011047,0.5160607487912313,0.69152140338025
78.560281,45,29.317787,45.0,44.68562794302976,11.917423608242087,14.85910016505613,-3.4166393804550164,-15.103814256191255,-6.1491010601450204,-11.146744732713412,-2.0855716620358695,0.3828180620817469,0.34453625587357223
82.816129,46,29.404556,46.0,56.07691906753641,14.303107725835574,14.630550338084067,-3.288350498676299,-14.244554275274277,-7.23328042158592,-21.537386714045493,-1.8908762599227376,0.5126223604355613,0.47161257160071646
92.277859,45,29.491846,45.0,58.593362807215385,13.130363044322516,13.840091410671034,-3.182536642551422,-15.192613995075229,-8.56371791106811,-9.941388948460997,-1.4057004612577768,0.5976306106538626,0.5378675495884764
133.79638,70,29.627913,70.0,90.64016011720544,20.551228322086036,23.32117976098991,-5.091511387825014,-22.509477293491358,-11.487138567395935,-28.377452806887387,-3.250607851179964,0.6256477663691478,0.8759068729168069
97.666858,50,29.848563,50.0,57.19949816023715,16.2275710491462,16.45668086855194,-3.5696206998825075,-16.590914237499234,-5.570225935904356,-14.725623010598131,-1.7605077247808414,0.5923054522315591,0.5923054522315591
119.968472,63,29.964355,63.0,74.25108706812132,20.25455008394897,19.74137165535459,-4.842693998813631,-22.23495835065842,-9.257413760997164,-18.550230130176654,-2.3932403705202048,0.4981587981474312,0.6276800856657633
86.459657,46,30.049877,46.0,56.46737254226205,12.278260327780924,14.572886290869235,-3.357887806892396,-16.28983048200607,-8.09246768366339,-13.426510090458564,-1.6921657041488336,0.5395695801297717,0.49640401371939
105.667843,55,30.150701,55.0,56.469505688225645,16.84388440788709,18.790296906441725,-4.51817054271698,-20.983092612028113,-5.210380924032416,-8.814846504575494,-1.9093530894572652,0.48776899955646164,0.5365458995121078
122.814683,64,30.271354,64.0,71.52042588855073,20.923169109999446,22.26615004297928,-4.834352483749391,-20.746791553497314,-7.935573647541745,-19.720808964617078,-2.657535410278154,0.5128921409766647,0.6565019404501309
94.101117,53,30.370878,53.0,56.21510540171769,16.368324121614027,18.301914204320973,-3.5494121789932254,-17.59445118308068,-7.479956967350539,-19.352959066747236,-1.8074473730836218,0.4409816666281887,0.46744056662588007
109.741224,65,30.495122,65.0,46.15227996887588,20.859291175655816,22.125948841520312,-4.6889037966728235,-21.369014155864708,-2.388055927593729,-13.64143443180979,-2.3088877387365883,0.4775870369389044,0.6208631480205757
94.095857,67,30.616471,67.0,23.973410624448096,21.672991708334184,22.587817295244328,-4.818113746643064,-21.9572648525238,-2.1205010636462087,-10.012662551890656,-2.229819989755175,0.4252288736744978,0.5698066907238271
117.888562,64,30.734355,64.0,74.53150597364052,21.33835646561302,21.59469571094146,-4.610529787540434,-22.616117084026335,-9.242585846835068,-24.624849016205427,-2.4819140389086156,0.4965666038294357,0.6356052529016777
104.07875,55,30.839161,55.0,64.19264623216404,14.413845976350926,18.56522680630435,-4.119376409053802,-17.542040061950686,-8.399445920432393,-15.719059216451354,-2.313046970082246,0.5525964763248393,0.6078561239573232
115.182968,59,30.952339,59.0,69.67087901804615,18.92730855682537,20.669479595877476,-4.431088995933533,-21.14764637351036,-9.36889577113395,-16.06896505348762,-2.068102690445443,0.47336332279112087,0.5585687208935226
134.863181,78,31.099067,78.0,76.50760798924513,24.829318113994646,26.061804024657025,-5.8685151362419115,-26.626979577541345,-10.296842857799094,-24.52263469604151,-3.2205772841412323,0.3564299858820664,0.5560307779760236
90.784559,65,31.223645,65.0,27.560902367280384,22.640532178898336,22.38098643229046,-4.504186090230942,-20.667731368541716,-1.440118882054242,-17.733957246273878,-2.4518683924553017,0.39384113956414357,0.5119934814333866
128.921721,60,31.336798,60.0,78.73576738462731,19.02461149009059,20.18070957406413,-4.321022260189056,-19.38712062835694,-10.012568381548089,-12.993548018367951,-2.305108003155746,0.5543386727846443,0.6652064073415731
12.411288,80,31.489777,80.0,-47.96058944119017,24.85666341467382,26.825892611129174,-5.70215277671814,-27.28528820276261,-8.76566772449602,-26.375405220894805,-3.1821644831166838,0.06214313460504637,0.09942901536807419
138.398567,75,31.627948,75.0,75.73157700420143,22.98641401633881,26.130569021526586,-5.384323768615723,-24.498487251996984,-10.557823839729192,-18.04581654619183,-2.9635420269310724,0.31881224792857027,0.4782183718928554
93.143244,54,31.846862,54.0,49.26634199183293,15.907636313848126,18.02992660766813,-4.50037551879883,-20.810756886005404,-3.1306258130745572,-13.606111364884617,-2.012791597285043,0.5151958855477934,0.5564115563916169
108.9385,52,31.943926,52.0,75.36281148976656,15.076159608824662,16.268641082450376,-3.707662893533706,-15.843120062351224,-10.268067574685388,-17.74737470119701,-2.2028864513361195,0.6347226736373637,0.6601115805828582
134.537946,65,32.062655,65.0,77.31302935454275,21.625525643614015,21.621329280372116,-4.6653553724288965,-21.07895399332046,-9.812660491827522,-13.099620361736019,-2.3653479858465967,0.42644489293861937,0.5543783608202052
118.854918,59,32.172747,59.0,72.08085433545784,17.571130057557077,20.002955554031658,-4.415381574630737,-20.74857466816902,-9.802254793152072,-12.573056247247521,-2.2607551543087028,0.5078259959818222,0.5992346752585501
98.0552,55,32.274552,55.0,60.99017932047113,17.786010864198754,17.83103744221345,-4.291704101562501,-19.81382335424423,-7.3943147022128795,-19.85871002697136,-2.19347588893601,0.3751203476934282,0.41263238246277106
126.842271,61,32.381846,61.0,78.98040387997867,19.02730752302394,19.844548516101266,-4.144285025596619,-19.788709545135497,-9.418099451029107,-16.392016221513014,-2.2668786714966402,0.5188153098566743,0.6329546780251427
91.880794,49,32.472477,49.0,59.17368610254978,14.678235255112057,15.495886922487989,-3.620765430927277,-16.641698908805843,-8.612861772736924,-15.725897257156959,-1.8657911718753204,0.5105548433587438,0.5003437464915689
121.97146,78,32.617132,78.0,57.670883453406994,25.347462534359927,26.298535001890787,-6.220094654560089,-27.62313485145568,-8.350959781851193,-19.90094000820516,-3.250291843421436,0.29963806617923494,0.46743538323960654
123.413494,70,32.748602,70.0,67.05080845730728,21.953318851178853,21.875358977971093,-4.888932353258133,-22.111642104387283,-6.360697415710631,-21.972096714723353,-2.1326239883816935,0.41235609612383106,0.5772985345733636
129.14196,69,32.879415,69.0,68.97489476477739,22.696028468177513,24.068745836576486,-5.114671654701232,-23.895467913150785,-9.179350583949986,-15.067695566289872,-2.340523136777388,0.40927699553353974,0.5648022538362849
99.982796,60,32.99196,60.0,59.62047145203759,19.959589075330523,19.667611607208606,-4.705674133300782,-20.965620660781862,-8.998961048728813,-22.33709414482922,-2.2575262412955768,0.4588641756825071,0.5506370108190085
107.081475,54,33.09149,54.0,57.82726004981337,16.767259279114874,17.810306958759092,-3.845631713867188,-17.24045573472977,-7.488614397453883,-8.575563316279668,-2.17308624802698,0.45414756496452785,0.49047937016169013
93.305873,58,33.196355,58.0,42.35819173667127,18.093974379804816,19.111285472485054,-4.240491018295288,-20.571048229932785,-4.103193200327571,-13.151946930143039,-2.1908995458175697,0.4016025548968828,0.465858963680384
83.259746,40,33.270515,40.0,61.83136812403776,11.221421366208297,12.60541533465376,-2.9654975879192356,-13.295204257965088,-10.069592292763446,-14.754077603925422,-1.3140873478922706,0.709414888107926,0.5675319104863408
87.020383,51,33.361779,51.0,57.119777454270256,12.323436306712377,14.822193188036042,-3.7857407689094553,-17.311696350574497,-7.001877144661141,-18.075520094313365,-2.070189173034678,0.5300686930226512,0.5406700668831043
112.747107,66,33.484043,66.0,52.50557265361931,21.042308398108,20.981325362535127,-4.8760205411911,-22.67742649316788,-3.8374853143427394,-13.865205008854003,-2.5259616035195815,0.5190849477930287,0.6851921310867979
140.502596,72,33.611997,72.0,80.49999149463163,22.5556104287042,23.379897215424954,-5.440202977657321,-25.091894912719727,-8.253899426806168,-16.258375447361388,-2.888530572619251,0.4933677553321931,0.7104495676783581
113.417818,55,33.716699,55.0,64.95196687080687,16.481642791354144,17.862435725387495,-4.028689599037172,-17.32510051727295,-5.966811623512074,-11.500283080751512,-2.0573422320696135,0.60983004939353,0.6708130543328831
116.482978,56,33.940447,56.0,67.491469496052,17.212787330423993,18.18911464366027,-4.014248876571655,-17.274058192968372,-9.20223931936821,-9.92800496176511,-1.9918423079850385,0.3060821351621923,0.3428119913816554
113.324375,60,34.053226,60.0,60.79298000363077,18.311347066132562,18.912677043267095,-4.562112734317777,-21.802693718671794,-5.731897028106209,-10.813916440016568,-1.7820091955229305,0.4475146427385036,0.5370175712862043
106.730518,52,34.153159,52.0,67.65843870005972,14.924849597337305,16.713270102832972,-3.6888241052627566,-16.506664359569548,-9.769609419276772,-12.648571231632728,-1.9523717764822228,0.579575213048787,0.6027582215707386
104.902542,57,34.259102,57.0,63.97771600198129,17.916421177956423,18.8589338807944,-4.260685696601867,-20.221854782104497,-7.836926210710083,-18.3564442191312,-2.174618391577003,0.4329807635022727,0.49359807039259096
126.760414,60,34.370443,60.0,76.43774544203967,20.137970205561313,20.227925979871234,-4.478771648406982,-21.72521185278892,-8.739639853979373,-12.830564885105558,-2.269039522049946,0.5479234880835888,0.6575081857003066
109.10568,54,34.467841,54.0,68.0797210681513,16.03057488095721,18.00497168829521,-4.178094007372857,-18.37241606712341,-9.034021992750437,-13.086146101686051,-2.338909197792691,0.5537229570742335,0.5980207936401722
130.098034,73,34.602058,73.0,71.46929009347838,22.59686212802984,25.018175908404707,-5.574297511577606,-26.169778281450274,-9.121533240661929,-18.34927463395439,-2.7714109390600385,0.403671671226319,0.5893606399904256
128.324785,66,34.72123,66.0,73.6884674280488,21.031980139147464,21.994309931947573,-4.910269560813903,-22.7842323899269,-9.761997165413923,-14.681639497848439,-2.2518337596569635,0.41939936942968203,0.5536071676471803
9.716534,60,34.829138,60.0,-24.93605486627534,17.152418131258187,19.878421277950117,-4.524850611686708,-21.341015732288362,-3.727777501868527,-30.350028457735565,-2.4345787291351897,-0.028255029715264134,-0.03390603565831696
134.402542,71,34.957091,71.0,76.06166440513749,23.037364296599467,23.880546692905895,-5.537697548866275,-26.160237383842478,-10.207252949915528,-15.22793113637074,-2.443914406570903,0.4346335750270046,0.6171796765383465
93.793381,47,35.045205,47.0,51.61914887548511,16.112920116661417,14.960965107098314,-3.4755793356895452,-14.852710759639738,-6.102868295401759,-9.736091570536962,-1.7324028989561484,0.4425834822072573,0.4160284732748219
94.641743,49,35.133085,49.0,56.288728548755834,12.545618291058357,16.135140042509853,-3.507825858592988,-16.116433906555173,-7.361702735609336,-10.69183681527278,-1.6499448924241469,0.4848094409899632,0.4751132521701639
136.244582,64,35.247031,64.0,82.00591507634691,20.06856621203622,21.53126796440851,-4.396108827590943,-20.652674224972728,-8.746571635309223,-15.22807975669769,-2.3377324144707825,0.5988601166141824,0.7665409492661535
148.449568,69,35.372541,69.0,87.80842790366685,22.912959836526113,23.46212917157087,-5.26174160003662,-24.33398512601852,-13.336634563120175,-9.496603211007034,-2.3049847563796275,0.49339957513838995,0.6808914136909782
124.595616,67,35.503687,67.0,73.45958541567381,21.554025361414723,21.417840584512806,-5.042094839811327,-24.582622957229614,-7.361883388256923,-19.289408901175364,-2.559824786535997,0.4777451679338322,0.6401785250313352
90.899326,53,35.59857,53.0,44.35629521311882,14.467009879824742,16.294700056267278,-4.0254838347435005,-17.072688263654708,-3.6978331694670907,-10.178049984475,-2.244624299858349,0.31598494330180904,0.3349440398999176
122.898354,71,35.847056,71.0,69.45269531695901,22.59251779096471,23.623712816136223,-5.489066011905671,-26.616560876369487,-9.655778456536325,-19.331044134298722,-2.6781219490658037,0.4435325201409227,0.6298161786001102
96.640419,51,35.944859,51.0,63.63000949093813,13.50037901664981,17.10417182126656,-3.7093911933898926,-17.342545890808104,-8.77492270387841,-16.99537745347118,-1.7719039605295495,0.5164338679446242,0.5267625453035167
118.80068,59,36.053185,59.0,62.54911746852517,19.76346962209649,19.905672865507828,-4.042869431972503,-18.85631766319275,-7.945075931678122,-9.570690926164716,-2.0026259062536673,0.417178966042852,0.4922711799305653
104.61135,53,36.147767,53.0,62.88648871942208,14.389600138360231,16.436018981103253,-3.97210108757019,-16.58790872097015,-6.521226193518148,-13.316787213989645,-1.7027342971689066,0.5481058598643437,0.5809922114562043
119.603249,61,36.257534,61.0,69.71037204433043,19.989794864292268,19.692981713934014,-4.954586939811706,-21.138697600364686,-8.321621118816836,-14.357224201349462,-2.017769288594707,0.4779671829798893,0.583119963235465
92.700067,69,36.385813,69.0,24.60694781606821,20.746077040110492,21.282539928735023,-5.054907853603362,-23.924112987518313,-1.7067148039019542,-9.71865730494998,-2.531104914118,0.30992658613425395,0.42769868886527046
108.259442,54,36.488487,54.0,62.37349473430762,17.393728901024815,17.608630422590817,-3.8363767385482785,-18.337526237964635,-9.525298188576244,-9.565389197079309,-1.851822067603428,0.45801732269108025,0.49465870850636673
112.952926,55,36.588821,55.0,68.4763670656182,18.02029757582768,18.437127631287062,-4.227637083530427,-19.562949144840236,-8.74891737076976,-12.305327214880037,-2.1360356696542713,0.533961810583743,0.5873579916421174
87.563032,51,36.687657,51.0,37.117760002809895,15.2042334382201,16.977038079720657,-3.8202418112754826,-18.549275887012477,-2.1419131268579634,-6.470578705972556,-1.7539904192343445,0.44958196829003316,0.4585736076558338
114.581954,53,36.781373,53.0,68.6350694039475,16.30741885177396,17.849044545579833,-4.009291684627533,-18.391472291946407,-7.934816493948413,-8.632802209736763,-2.241196057611127,0.5327558514618872,0.5647212025496005
98.509249,50,36.87283,50.0,63.94252677672456,15.6145347161846,16.19689798619814,-3.891142785549163,-18.608485233783718,-8.362215924563177,-14.804165851100107,-1.5787006894344873,0.5453431493392403,0.5453431493392403
107.606973,52,36.967143,52.0,66.43214045686489,16.64492474556486,17.002029619312957,-3.881446442604065,-18.52914140224457,-9.51932982310718,-10.761482134312724,-1.7807219774158394,0.5193839509462438,0.5401593089840936
103.710322,49,37.05624,49.0,66.79111704131643,16.577508154665573,16.225914471676795,-3.517905161380768,-16.50901871919632,-8.917952954713284,-14.211371322305821,-1.7279695296547357,0.5560070851603143,0.544886943457108
125.535799,72,37.189956,72.0,55.85494458192226,25.05970032229277,24.95772951354356,-5.570139997005463,-26.481645017862316,-3.3583439704487237,-14.70007448748465,-2.226372055447587,0.3826917099416446,0.5510760623159682
129.692542,59,37.304335,59.0,80.12740326045719,18.820576811876666,20.040469725906103,-4.3837620747089385,-20.309665822982783,-11.345948477355758,-10.18012515309843,-2.0764057764308195,0.5846301574623958,0.689863585805627
132.721499,65,37.430248,65.0,76.49258190648828,21.044180669086696,21.821748468937447,-4.65896252155304,-21.93035570383072,-9.65720123799802,-12.865677794162353,-2.5248147094938758,0.5209711489792338,0.677262493673004
144.16452,72,37.560452,72.0,70.14785605439779,25.228824002072983,25.187279605003386,-4.979923315048217,-22.117714565992337,-5.820599011238984,-12.980103439750327,-2.5010991119905084,0.4055228422077163,0.5839528927791114
95.633687,56,37.660666,56.0,43.459752664946045,18.259634347742807,19.347654596446517,-4.18459861278534,-20.044827854633333,-2.885231580801413,-11.924582165561654,-2.394114415741894,0.40826832193707274,0.45726052056952154
142.794054,83,37.923104,83.0,68.39676103833764,28.062706503460745,27.700260998881987,-5.943540000915527,-28.210978364944463,-6.683434113168422,-20.60079046191501,-2.9269317567028934,0.3154343135879433,0.523620960555986
129.8295,64,38.036438,64.0,74.1597493802294,19.977922596825753,21.497162834878562,-4.513127987384798,-21.07873517274856,-7.0070714909440746,-15.025468947973637,-2.1809314105804276,0.5110785252349958,0.6541805123007945
159.834702,88,38.191881,88.0,78.67739981413459,27.860722912643013,29.656705473497084,-6.239879994392398,-28.407458186149597,-9.365196947011993,-17.366759823984445,-2.9808312397276677,0.3757517232705308,0.6613230329561343
96.194102,47,38.27684,47.0,62.07063604954286,14.442667186106661,14.103218631706916,-3.476689741611481,-16.10003243684769,-7.889785076534557,-12.318671930248623,-1.6372405695849455,0.572260183443325,0.5379245724367255
141.529622,66,38.396579,66.0,84.3095195352821,21.723050768416385,22.743402318256912,-4.821713652610778,-21.013689398765564,-10.426657974107718,-14.534274113786338,-2.450015309495343,0.4845086047274957,0.6395513582402943
78.322196,60,38.505436,60.0,15.770511451565683,16.298011222826908,18.540699180331924,-4.68631971359253,-20.126950383186337,-0.1878106281591378,-5.239468736281908,-2.046476486598334,0.14426188192394188,0.17311425830873023
103.240827,47,38.590197,47.0,65.33283063431588,14.624136375055098,14.996925350505464,-3.5698901987075806,-16.1883368074894,-8.009197371175992,-9.353667885172165,-1.5919735939133928,0.5732408421524464,0.5388463916232996
125.924766,65,38.709622,65.0,71.70978018401291,21.25857020647184,21.784771532226156,-4.899450747966765,-21.089878594875334,-7.276181918479517,-18.16411603169476,-2.3987288197381047,0.4751570388798145,0.6177041505437588
133.623307,65,38.826778,65.0,79.38907189072968,20.59826868951328,21.173145086895243,-4.814696791172027,-21.553346180915828,-9.198559581506212,-14.3189216159683,-2.651654283818424,0.4751945493758219,0.6177529141885685
108.533047,52,38.922421,52.0,70.65173395116189,16.014727311128308,16.40555880418433,-3.8749198758602152,-18.88629842996598,-8.028203976613025,-13.853227275322604,-1.8963239936927212,0.5331628084831784,0.5544893208225056
104.236848,52,39.015644,52.0,65.02074366398008,16.734681057476045,17.77657807852,-4.158426320552826,-18.38074256181717,-8.3615545664103,-14.342325560172238,-2.0521057295701497,0.49377246265733293,0.5135233611636263
112.988679,64,39.128962,64.0,50.60098590817388,20.35139686928994,20.958200693614927,-5.117150869369509,-22.363611114025115,-3.3835185822725418,-9.523085101127508,-2.53453857260411,0.5178316390396179,0.662824497970711
107.766834,60,39.236481,60.0,56.055722053848136,20.042361255614104,19.948808463690675,-4.495076704025269,-20.322612828016275,-4.728463208288149,-16.183080910719294,-2.5508239305806977,0.4747612797862961,0.5697135357435553
114.438162,59,39.342366,59.0,66.05495952501288,18.168012665473274,19.94179347431892,-4.147490813732148,-18.913778758049006,-8.07807620050316,-15.530320544345654,-2.056937646389609,0.4894531335508446,0.5775546975899966
86.853678,45,39.423656,45.0,51.27348389924921,13.666355832725554,14.828428877070733,-3.444385020732879,-15.680661296844482,-7.453978234833803,-9.766909939151589,-1.5686559839105494,0.4677796297581672,0.4210016667823505
134.330099,78,39.562754,78.0,53.55242366623028,25.97312035596671,26.10764689578107,-5.820254056453705,-23.752689421176914,-4.091290965929382,-12.533212136552612,-3.105645574504131,0.40914776847864676,0.638270518826689
122.651529,62,39.672249,62.0,71.15824246295796,19.788337293601224,21.241753325036104,-4.7929912638664245,-22.63152116537094,-8.335038988138711,-13.452300594130355,-2.324951788105776,0.4993011264972987,0.6191333968566504
123.078113,63,39.902465,63.0,71.83353953641031,20.741511583020515,21.716334119782132,-4.612240538597107,-20.25209245681763,-9.042560595899996,-17.620675319069445,-2.6857034278608864,0.41894314728438337,0.5278683655783231
124.065869,60,40.007309,60.0,76.85732547421351,19.97008170151674,19.540762340125166,-4.226045138835908,-20.36435109972954,-10.072682637015408,-15.665616696745577,-1.973605030242972,0.5536135364795747,0.6643362437754896
107.336856,61,40.112753,61.0,61.248168332535606,18.127291672936064,19.58006845510809,-4.283689297437669,-19.511969918012625,-5.3984100001984086,-21.27917124898909,-2.1454320978241275,0.5746491256606839,0.7010719333060343
107.203292,50,40.201311,50.0,63.95213723282493,16.35061242993888,16.164578524859998,-3.565035192966461,-16.209683990478517,-7.960072781945845,-9.83197608663817,-1.6972676392677275,0.5363574490008883,0.5363574490008883
125.664275,60,40.308528,60.0,78.44073656632091,18.073906320608152,19.97518379048459,-4.386736130714416,-20.54758418798446,-8.585959915146193,-15.429507620500893,-1.875764181187267,0.5439635684572851,0.652756282148742
116.732485,58,40.412763,58.0,72.2844416093168,17.59396735923572,19.423425058739934,-4.141009640693665,-20.16833809614182,-8.573212705772345,-15.516863908778282,-2.169924672677733,0.5713825375519538,0.6628037435602664
128.82333,59,40.517006,59.0,75.24927812387745,20.70102307994049,19.230193940956674,-4.781543924808504,-20.833242714405063,-8.506997540081892,-9.275043840605973,-1.9603368695252972,0.5195688957454617,0.6130912969796448
83.259824,60,40.624334,60.0,21.282879899344092,19.622317547222984,19.79208555391797,-4.16912537574768,-18.25038516521454,-0.8810716810263511,-12.000489557225718,-2.136386828310164,0.267352541307945,0.320823049569534
105.355533,60,40.731262,60.0,55.499405464567985,17.996901191974537,18.942305708429064,-4.6865144538879395,-20.609298813343045,-7.6925424795065,-11.939551395685681,-2.155171817465778,0.25736279869390943,0.30883535843269133
82.637022,43,40.826987,43.0,48.088916354178416,13.171696241664359,13.729149751002048,-3.2255001831054684,-15.502784574031832,-5.633073687221355,-9.457215471115658,-1.5341667893493138,0.4555777714078184,0.39179688341072383
121.641574,58,40.954135,58.0,69.46823395241768,18.72947128323063,19.14007655791181,-3.787832202911376,-18.50955419540405,-9.353585196420399,-10.049281965687834,-1.9959545566025483,0.5063137007720949,0.58732389289563
88.689965,45,41.041318,45.0,63.97840004456246,11.738358234845686,13.778099060691382,-3.5512152647972104,-17.49600497484207,-8.930011928273128,-14.227334006024764,-1.600325785631415,0.6119765304513882,0.5507788774062494
140.81409,69,41.169743,69.0,77.19896671883203,21.75120364345962,24.029947713140096,-4.919715123176574,-21.77623227834702,-8.889367373658144,-13.095237090098955,-2.485476365687645,0.5279254173534278,0.7285370759477304
112.381178,63,41.28691,63.0,58.62258852256443,19.311622262338734,20.67674847472747,-4.589507715702056,-21.419386661052695,-3.375371176098485,-17.280394418633875,-2.5651212680011226,0.5439396051715397,0.6853639025161401
134.887376,62,41.402607,62.0,82.20792157650796,19.86832472623443,21.085640185973553,-4.296630024909972,-20.387642574310302,-10.652484913650994,-12.332752816949693,-2.604999976216205,0.6118208449375075,0.7586578477225093
191.404436,96,41.575518,96.0,100.74134482394572,33.2284950229397,33.43731517898817,-6.786101021766662,-32.410573303699486,-8.225336143067299,-21.408818879502302,-3.171889311418535,0.40691031452431836,0.7812678038866913
115.300727,56,41.678745,56.0,75.47239379465934,17.565389710886226,17.877970512831002,-4.291152880191804,-18.3333099603653,-10.892045739197885,-16.365685978485295,-1.7328326939009275,0.584546816470643,0.6546924344471202
152.530944,72,41.925907,72.0,88.78011386671027,24.791137762275785,24.857412183343435,-5.382092378139493,-23.715545427799224,-10.647081385956586,-15.8072748841095,-2.3457260529691486,0.45335846753235326,0.6528361932465887
135.47873,68,42.050005,68.0,79.35763070957539,21.937408963311984,22.66370055851294,-4.663621277809142,-21.28377559185028,-9.760051345319404,-18.499149771247964,-2.2734117842680264,0.4825699864996179,0.6562951816394804
125.308685,61,42.160024,61.0,70.16273884043588,18.52195512844661,19.61032090376644,-4.559625725746153,-20.652205550670622,-6.429544249818515,-10.22755382771688,-2.1174006677668853,0.546377748627232,0.666580853325223
120.954395,58,42.264314,58.0,78.16394778364429,17.646810022309992,19.24542540656174,-4.14443792104721,-19.941879391670223,-9.553530532846045,-16.477985866549396,-1.9839546410619795,0.5478838355111662,0.6355452491929526
107.802428,55,42.362589,55.0,69.90915753292572,15.358155053986462,17.426385315113087,-3.9439013528823854,-19.73480845689773,-8.455343786426546,-15.899143553530042,-1.8580723410187534,0.6039032032574235,0.664293523583166
152.152797,73,42.696228,73.0,85.61230397097947,24.88815938857458,24.171703631341543,-5.11997288942337,-23.318802297115326,-10.682137409814798,-13.625111396109805,-2.7733456884809042,0.4848794078518533,0.7079239354637058
159.74145,71,42.827381,71.0,92.44667220528433,23.20925945213573,25.090405142147542,-5.006277818679812,-22.685062444210057,-10.988928317082578,-10.859429098958438,-2.465189184265979,0.5720575759665733,0.8123217578725339
131.034391,58,42.927167,58.0,83.5870897118817,18.91517143230536,19.51189788574739,-4.39166435956955,-20.192045700550082,-12.954674847200877,-9.632155921069916,-1.809227260000252,0.5685069169299083,0.6594680236386936
109.952884,55,43.022103,55.0,60.22923730724834,16.918530157665703,16.861543932304706,-3.8654460692405697,-18.00698125362397,-6.651000244912403,-8.659260998891375,-1.8737389782577691,0.45122661792899676,0.49634927972189646
120.770605,60,43.127359,60.0,68.13064776447142,18.47249541670395,20.36406022469791,-4.400958757400513,-21.49365490674973,-6.797707009219148,-11.323929356968145,-2.180348767990774,0.4983880574159122,0.5980656688990946
123.504595,63,43.239848,63.0,63.16999713078765,21.806198717711393,21.63125941513692,-4.488848111629486,-21.300744438171378,-5.154082057501686,-12.561513184526415,-2.5976728422559225,0.4932466530538022,0.6214907828477908
124.841849,60,43.346086,60.0,74.2163627759251,18.19988901737192,19.9102385755424,-4.411701638698579,-21.66591013073921,-9.435575227560552,-9.41003001020259,-2.5614244070498247,0.46478925397219367,0.5577471047666324
130.290185,59,43.45031,59.0,78.35293425380272,18.925447512094905,19.749806215871722,-4.085236717462538,-17.111250561475757,-10.815919987387256,-11.602789863996872,-2.122805623595454,0.5963416632393324,0.7036831626224122
120.908737,55,43.547675,55.0,70.7866583078457,19.41970337665029,17.789647921502354,-4.179879875183107,-17.581037127971644,-8.413912198692586,-9.924488632221673,-1.9879546830833543,0.5279728905031122,0.5807701795534235
105.485495,48,43.633295,48.0,61.08783643412008,15.343177547730512,15.659431234653752,-3.4230650711059574,-14.454384112358094,-8.05659398349056,-6.902142519338257,-1.7687641818112583,0.5586293236026093,0.5362841506585049
127.276097,61,43.74248,61.0,72.5101867659034,18.86243220420951,20.23875113807717,-4.526910634040831,-21.30431913137436,-5.95088619172139,-11.33040631834058,-2.2227510875755563,0.5734964203866336,0.699665632871693
100.408199,53,43.838274,53.0,55.91226286252339,16.926119364423844,17.645966715349836,-3.5498438298702233,-17.2077339887619,-6.872896772030442,-13.638940726554562,-1.8067346142442826,0.45736313551178515,0.4848049236424923
117.705766,61,44.063924,61.0,65.76267155347335,19.69784628768462,19.800039705566835,-4.234015727043151,-19.766095948219306,-8.571106587991588,-13.644033935248737,-2.3395396648824196,0.4685315452840133,0.5716084852464962
103.708467,44,44.139327,44.0,70.471240112085,15.204262544665466,13.56172742016918,-3.1666189742088315,-13.591911590099334,-10.719378871600078,-10.530557379252803,-1.5202964207167597,0.6841043925874409,0.6020118654769481
89.735113,51,44.229938,51.0,41.71364163100415,16.52963625343389,16.462981766112172,-3.6777480506896967,-17.034329259395598,-2.7983193602408787,-10.77676345708852,-1.683986857090832,0.4815518731926512,0.4911829106565042
127.690809,64,44.344495,64.0,70.33774537123173,22.5249934890266,21.364701692847046,-4.8153342723846455,-22.24738624095916,-7.289443427317923,-13.659090626275638,-2.525376579253481,0.43914833515196455,0.5621098689945146
117.111589,55,44.443475,55.0,65.25946929747519,18.049378663731865,18.63790498244906,-4.00120733499527,-20.30365577936172,-5.947906951005976,-7.800531703814449,-1.781862294184753,0.5175466197700356,0.5693012817470392
112.79957,57,44.545455,57.0,65.7263786350658,17.964014910539785,18.6433667679435,-4.1839291596412655,-17.15837895274162,-6.931435079632554,-15.746131641842592,-2.514315902500904,0.5981976575784845,0.6819453296394724
136.654682,61,44.655591,61.0,85.72438888451123,19.44263832778862,19.504556583764156,-4.607789301872254,-20.16359003782272,-9.588274282414377,-12.50732336202689,-2.1499249057758494,0.587275130291684,0.7164756589558544
149.193,71,44.781862,71.0,90.90014020157358,20.808269159492355,24.51782819046313,-5.2114186668396,-24.663479888439177,-11.12547725226362,-14.3838913589541,-2.648970350876137,0.5928458416295568,0.8418410951139706
161.828133,87,44.943828,87.0,69.53927531630104,30.58989807583567,29.443984485845956,-6.346011911630631,-28.27915841341018,-4.50408196868027,-12.377275529037544,-3.2384967381951184,0.3807554731810599,0.6625145233350442
157.547286,76,45.086233,76.0,85.80128559106541,24.181614587357046,25.464973024294054,-5.292892265319825,-23.332113301754006,-7.841684771243756,-14.756709017076496,-2.677187607114375,0.5313783942869178,0.8076951593161151
101.204065,49,45.175363,49.0,66.55705369018725,14.546543649411065,15.579599197669962,-3.665186665058137,-16.365561854839328,-8.933036121281352,-13.493216689492035,-2.022130282015107,0.5751448406170979,0.563641943804756
132.656136,67,45.296253,67.0,72.19186514801655,21.3715465159601,22.11857947612638,-4.737513761520388,-22.20769510865211,-7.752807353669152,-12.828108130925887,-2.4997309479597987,0.4531165137769147,0.6071761284610657
108.348831,49,45.385496,49.0,62.20946293932069,16.36048456662206,16.516539340500675,-3.6031029629707336,-16.294001841545107,-6.940063905508536,-7.1559873510859155,-1.744499619559058,0.5423154993646702,0.5314691893773767
140.654036,66,45.509848,66.0,82.55966727217091,20.653866600053764,22.160593865450526,-4.634856966733933,-20.357354211807248,-9.872882246398511,-13.296026177063109,-2.5589717855685836,0.517980678868598,0.6837344961065493
123.699649,55,45.614747,55.0,68.46098579781736,16.18916131930655,18.750924137532667,-3.719980862140654,-15.75492249727249,-7.1924272427666285,-5.997207687620034,-2.036883543032466,0.5788285834857021,0.6367114418342724
126.300078,69,45.746771,69.0,64.11391802217341,22.00937094085327,22.265776730386907,-5.0403521060943595,-24.62179561257362,-4.435365723512755,-14.690208537070422,-2.3012659727071303,0.44983364909774337,0.6207704357548859
127.151007,57,45.965683,57.0,80.63273232418152,18.506641107547303,17.63566809760545,-4.355968339443206,-19.287941122055056,-10.06595116675298,-10.670187373779846,-2.2439865357626263,0.6516490219568486,0.7428798850308075
130.777286,59,46.070436,59.0,72.44001165993785,20.215713999288088,19.532898844858348,-4.203858613967896,-19.275084584951394,-7.637657155868292,-7.502629457787978,-1.7921091191227543,0.572075510948945,0.6750491029197552
126.517173,63,46.187683,63.0,71.81025620036588,17.888408698691386,20.873327617423296,-4.469420373439789,-20.702815258502955,-8.512883054011517,-10.93828021857105,-2.4314206309587836,0.4798281711603223,0.6045834956620061
87.331425,46,46.27512,46.0,55.908826399954066,14.499874075112286,15.0280681372432,-3.3612531518936146,-15.375381040573123,-8.424710815353334,-15.004998403754737,-1.9389999355072456,0.537456089118523,0.4944596019890412
173.577563,86,46.430971,86.0,91.5633871011221,29.737776867110753,30.034213835745184,-6.210916104316712,-28.107921659946435,-11.889184775632762,-15.065299874321202,-2.4844926015726303,0.4706548529929343,0.809526347147847
119.633502,62,46.541979,62.0,66.73667725042644,21.038957178910167,20.80524585387044,-4.519193120002747,-20.601640391349786,-8.171035678302413,-15.283004678663362,-2.3725040532937367,0.3610493194588487,0.4477011561289724
121.007442,52,46.636524,52.0,80.96530404482063,16.756794737182194,16.480285764173132,-3.87550183057785,-17.249618375301356,-12.028142450633332,-10.395754845774189,-1.6459254698648444,0.7262602591445435,0.7553106695103253
158.820267,73,46.765702,73.0,93.72422175636983,24.567930718595967,25.18087282468761,-5.213429358005523,-24.012246489524838,-10.225856032888775,-15.388980516299418,-2.8122458979984732,0.5250308708221579,0.7665450714003506
132.065244,61,46.872777,61.0,79.94734291825328,20.274899235884682,20.78751634458309,-4.345935189723968,-20.248870372772227,-9.670601290298265,-13.492953923632127,-2.1861536115273776,0.5206490526463833,0.6351918442285875
111.051325,52,46.967597,52.0,74.22612637881745,16.45515358017862,16.416663686045553,-3.976200928688049,-18.12387567758561,-10.379465018448986,-13.268486419637876,-2.2985907107545485,0.5490258336228803,0.5709868669677955
140.9839,66,47.086184,66.0,84.25242766666723,21.72239476298224,21.54164997956971,-5.138062810897827,-22.202346944808955,-9.515452662838229,-12.83361347921719,-2.8430963437154824,0.5846159858800667,0.771693101361688
107.640825,51,47.17553,51.0,66.0979741456575,15.785760573547487,16.446149478873892,-3.4459195089340215,-15.449112069606786,-10.010994964403016,-10.831448275593718,-1.9515848678778385,0.4257966393102824,0.43431257209648805
128.284275,58,47.285867,58.0,77.27464158510908,19.020757555502637,19.504100873743244,-4.028955426216125,-18.46000503897667,-9.510143911050365,-11.460392064801674,-2.0557289039056377,0.5471910369011508,0.6347416028053349
105.674919,50,47.379077,50.0,67.82998984312434,15.593947352976734,16.30200046388499,-3.5803257942199713,-16.500271356105806,-10.48736842587251,-11.603003370749132,-1.8800494614985999,0.5981236298954249,0.5981236298954249
129.81852,74,47.515418,74.0,61.80580073303481,25.754183686534983,25.01077874377816,-5.38429832458496,-23.477220046520227,-8.344579912963331,-16.781015989517055,-2.7651291200660872,0.30494178114095316,0.45131383608861064
171.178856,82,47.664799,82.0,95.83789540126178,28.999322578410784,28.09466874390279,-6.031662156581878,-28.1186191380024,-11.845273267145087,-15.052449953169731,-2.705026203629386,0.45524908961817073,0.7466085069738001
154.929639,81,47.931062,81.0,77.24453580047448,26.772414539445222,26.856871919879495,-6.064270169734958,-29.158240664005273,-5.98938882156128,-13.125218199226753,-2.6070656449293828,0.5098428482470674,0.8259454141602491
115.117365,52,48.026392,52.0,78.1731284363981,15.557485236660687,17.00778493419377,-3.8994555246829994,-17.65407234430313,-10.491265458702818,-13.499173173586586,-2.077066951198843,0.6577878469104832,0.6840993607869026
110.369907,53,48.123126,53.0,62.94554724685185,16.546426811453173,16.835715210947384,-3.550613663196564,-15.452614933252331,-6.280900233121443,-11.702593347403768,-1.971060153956591,0.5847322392041077,0.6198161735563541
92.676996,48,48.211406,48.0,44.82330508611236,14.82663212030553,13.723652209653688,-3.345240557193756,-16.285873347520823,-2.536733146232892,-4.855085265229736,-1.6736608436896248,0.532900257444112,0.5115842471463474
122.94622,58,48.320373,58.0,76.33476323412266,19.06476287075582,17.89015712559078,-4.470070409774782,-20.088554716110224,-10.28739261344609,-11.32154481881716,-2.175900984200434,0.5844862925667255,0.6780040993774015
126.309264,58,48.430097,58.0,78.03877487701077,18.29209215922031,19.795617066268324,-4.269473423957825,-19.479600822925565,-10.987980619442942,-10.819585606553023,-2.260579460957095,0.5929112417085525,0.6877770403819208
120.790865,55,48.535006,55.0,70.5901857864873,19.214286539574204,17.972615247876472,-4.008322875499725,-18.057426989078525,-9.006294730944044,-9.20476587031017,-1.709411734338649,0.40333023356936204,0.44366325692629827
170.147262,83,48.688973,83.0,91.65980950535514,27.511534099726035,27.785198783877863,-5.889498274326325,-26.168218493461605,-8.657459868778652,-16.312345229978327,-2.781758433290786,0.4418085906405711,0.7334022604633481
123.662195,60,48.797907,60.0,76.097293840915,20.32889056582645,18.79008858740053,-4.302052245140076,-19.397552126646048,-9.875555672097246,-15.661774623368872,-2.317143803386158,0.5187910713212495,0.6225492855854993
147.110667,66,48.917823,66.0,82.75351273104945,22.340298709030677,22.391352390519163,-4.5750069260597215,-20.052811372280114,-8.1536689137045,-11.331524899365103,-2.2614850302007588,0.5645509339165755,0.7452072327698797
150.33548,70,49.046336,70.0,84.20181764212566,24.373689950532885,23.39022593476686,-4.878288452625274,-22.325569105148325,-11.319174533673191,-10.338187316853967,-2.7690336719152304,0.48393775415560164,0.6775128558178424
123.636451,62,49.158334,62.0,72.73697942963668,20.823223701323055,20.068102037473697,-4.457529523372649,-19.43409534692764,-10.452727790950766,-15.269945254003005,-2.377555892253925,0.5428577978560798,0.6731436693415389
100.796656,50,49.24756,50.0,58.33357379959776,15.00974862346983,16.419196749177626,-3.721089901924134,-17.509763336181642,-6.655232440612998,-9.095098439688089,-1.9846795375968869,0.5601696289133373,0.5601696289133373
120.775118,80,49.394523,80.0,35.51165763207139,26.383029089026294,27.17088148034056,-5.936789085865021,-26.613096070289615,-0.9187312097916137,-12.081606448673648,-2.7402277160208532,0.23301655051775208,0.37282648082840336
112.366995,50,49.487795,50.0,71.35267861460869,16.98203350412277,16.29930431380455,-3.6121025443077084,-16.2165898680687,-9.371694915644262,-11.464949328437703,-1.6016852280247384,0.5759767413987182,0.5759767413987182
122.759353,56,49.594408,56.0,75.66738227430528,16.464068046278328,18.489014014914957,-3.9526026165485386,-18.190780919790267,-9.154485876110371,-10.457056146446565,-2.1061856185051195,0.5882449086217658,0.6588342976563778
119.679685,60,49.703955,60.0,71.3651044061528,19.880039432679773,20.179399842113835,-4.259268963336945,-20.042780399322513,-8.737778229244414,-16.15477419148713,-2.5502570020566,0.5020664733170362,0.6024797679804434
113.682714,50,49.795688,50.0,73.22168343982642,15.67517143573898,16.170892891615036,-3.6424832725524903,-17.374348926544194,-10.82893882519096,-7.744035721318164,-1.7952271812191836,0.6354240724719907,0.6354240724719907
158.384903,79,50.064238,79.0,85.2412248246917,26.888019535811974,27.116479668071996,-5.7533042836189265,-26.51311196684837,-8.930386103312744,-15.936880522288966,-2.7271385376247044,0.4521830024188646,0.7144491438218061
109.612646,57,50.166976,57.0,55.46919053489944,16.577093183090703,19.469560797098225,-4.137718310356141,-18.475474202632906,-3.9891427859410755,-10.21521144448198,-2.0856520107767196,0.4127836630025974,0.4705733758229611
133.331123,71,50.297297,71.0,59.18414306058647,24.096660857973593,23.842594574125926,-5.053635203838347,-23.10586777925491,-3.214276079590015,-10.934929888084373,-2.4835668640385777,0.5155691612713387,0.7321082090053009
162.559548,73,50.429813,73.0,91.83411695828623,24.2710324745841,25.56384703333733,-5.1580476522445675,-23.370455747842787,-12.340776552299715,-8.227515123878844,-3.0126529952745464,0.5485811306716449,0.8009284507806016
172.470805,76,50.576954,76.0,96.51180590795762,25.04921779091724,25.587659454615586,-5.26762267827988,-23.757371068000793,-10.732106195829944,-8.214519445141187,-2.706259049888338,0.5746013172155682,0.8733940021676637
167.749484,75,50.768961,75.0,99.02698818802143,25.35699479957981,26.10264716966977,-5.453715627193449,-26.02599365711212,-10.291295153413545,-12.96021911677569,-3.0059228902752166,0.5424643070042126,0.8136964605063188
110.395423,49,50.864603,49.0,64.04485478915615,14.9621905672219,16.028690274328575,-3.268476119041443,-15.357470315694808,-6.204756719906031,-7.106759460533529,-1.7028495243786517,0.5761282689850683,0.5646057036053669
138.384328,75,51.002262,75.0,62.64795475703927,25.116200851963058,25.31804039683812,-5.424285867214203,-22.87777407765388,-4.46188693411331,-14.167090850567888,-2.766830261780869,0.4391662919641925,0.6587494379462887
136.14544,65,51.124885,65.0,71.80960663132015,23.3109342135257,21.795850539627693,-4.494637660980224,-20.088303053379065,-8.058543019561265,-11.007348294578081,-2.122119071824573,0.3943839251193325,0.5126991026551323
146.893343,69,51.248101,69.0,87.21045517108792,23.069056995126612,22.657342221389953,-5.024672605991363,-23.11475816965103,-11.241965835157973,-13.09081955782614,-2.5712947251424283,0.5016978773392542,0.6923430707281708
188.223157,95,51.426265,95.0,95.87115915698057,32.56895442409981,32.28358093856138,-6.79503657579422,-30.693065583705895,-10.686441580916087,-16.075502758012803,-3.250490742960756,0.4685323193817961,0.8902114068254127
144.852706,72,51.558109,72.0,81.06036501882424,22.878135003931007,24.1903898019429,-5.327927651405332,-24.663700193166726,-6.881720194698254,-15.788739766545161,-2.614096098516095,0.5347933399876685,0.7701024095822426
142.374524,69,51.68948,69.0,80.21139460902154,21.702287616988706,22.948233346180043,-5.024832653999329,-24.219122266769407,-7.966852530694847,-11.783660526038256,-2.4929238577627792,0.4909023874364085,0.6774452946622438
124.101036,57,51.803153,57.0,79.5505553450488,17.813234375364168,18.73480864395616,-4.122638447284699,-18.659847593307497,-10.998633176275286,-12.88438924489335,-2.3320540644374304,0.6157387877103855,0.7019422179898395
116.890978,54,52.037438,54.0,67.4345631583665,17.152656156081665,18.351165118515762,-4.262376904487609,-19.48987091779709,-7.01883461540673,-7.208660598165515,-2.0676633070630257,0.5294373613191065,0.571792350224635
134.972786,59,52.150969,59.0,83.82240960781661,20.65842122173802,19.48587630087053,-4.497292187213898,-19.84010698795319,-11.816489276449671,-9.82942825468558,-2.0106049024345665,0.5885005551713766,0.6944306551022243
138.032786,62,52.270474,62.0,79.11257272114959,21.580724838377318,20.96600199431671,-4.811648700237275,-21.371371293067938,-7.103748950743761,-10.092905522731316,-2.2468394472905056,0.5351194562493513,0.6635481257491956
136.483391,80,52.426477,80.0,54.726535554819186,26.778341356845047,26.33722533886965,-6.103446192741395,-26.159467160701745,-2.375198016586211,-13.736990711323958,-2.983609376820902,0.2956233197778222,0.47299731164451553
170.191362,80,52.579334,80.0,86.26415786594622,28.575245181360117,27.164144296688022,-5.541818807125091,-25.088020682334903,-6.768911432477398,-11.683219754601632,-2.7302146974765544,0.4497972288828628,0.7196755662125804
130.830161,59,52.690715,59.0,74.0444709697864,20.435575869879255,19.591426645332664,-4.131965081691742,-17.964509457349774,-8.400991648529676,-9.811425078581953,-1.9324212952565158,0.5270692975138608,0.6219417710663557
144.726193,71,52.819994,71.0,75.88648824367203,23.12942427323666,23.821415449948695,-4.993538105487824,-23.398635768890383,-7.160350832377532,-11.346492304089274,-2.212117463194528,0.4907086588371206,0.6968062955487112
146.145374,64,52.94335,64.0,89.33034143019802,19.94046021251274,21.26914238643384,-4.610844643115997,-19.145851516723624,-13.161071458971902,-9.24141946219018,-2.235382758568572,0.6239520875091941,0.7986586720117684
115.894733,58,53.059242,58.0,61.0403217083936,18.85712335889647,18.542187649775357,-4.053898973464966,-17.750639724731446,-5.86549255747063,-10.977868887497742,-1.89699909448134,0.5285766781819049,0.6131489466910096
185.553488,84,53.232587,84.0,102.12924417459035,29.32259121615583,27.02027156883905,-5.949817719459535,-24.701142179965977,-10.960224391632746,-11.802375042835783,-3.5050600162185526,0.47576779683400094,0.7992898986811215
142.50492,61,53.380731,61.0,87.47656908259353,20.869325943081208,20.46229112206072,-4.452720069885253,-20.400227618217475,-11.719278539988824,-8.577460081495566,-2.153580247985318,0.6406461047027302,0.7815882477373308
129.175988,58,53.612695,58.0,74.54987617692862,20.27689250003404,18.8435427989843,-4.222132594585418,-20.71751927137375,-8.913002670041763,-6.693012741620844,-1.9486558617839809,0.5452920540143871,0.632538782656689
114.968294,54,53.842173,54.0,70.18192799536477,17.674379004126394,17.62340654823367,-3.840297105312347,-18.347116541862494,-8.33288690491784,-11.980134933377824,-2.010983756287946,0.5519912761355258,0.5961505782263679
119.701332,61,54.096477,61.0,63.108549532310455,18.37311396022132,20.164580071163694,-4.161614673137663,-18.38421700000763,-6.978490675779353,-11.1066505991771,-2.313938736301252,0.3450946752200627,0.42101550376847646
126.291697,60,54.334671,60.0,76.97114864399317,19.737717132100872,19.97936311418432,-4.63271993637085,-20.582288551330574,-10.70080060341207,-12.234703609366228,-2.2460193450921575,0.5657406830744401,0.6788888196893281
152.983552,69,54.611279,69.0,86.05787571560018,23.500776983091292,22.93982898291144,-4.978370423316955,-22.687717187404637,-10.013933293052986,-8.428590012753219,-2.406318488285072,0.4056775293083044,0.5598349904454601
181.356966,98,55.073205,98.0,87.48852098907187,34.50682739636447,34.055551488622854,-7.646219822168353,-34.768325746059425,-9.65357549368265,-17.528690686498646,-3.0971225139819762,0.3360785779417846,0.6587140127658978
142.088615,71,55.208142,71.0,71.04892637547398,24.857758883599587,22.813518425311713,-5.443907473087313,-23.700799334049222,-5.7857806268212855,-10.23009525740826,-2.471006153605505,0.39455974488147294,0.5602748377316915
119.856978,60,55.319057,60.0,72.19968076312863,18.395619940161254,19.138002559587175,-4.3667092251777655,-20.611342632770537,-9.493508193856652,-13.246093175900151,-2.1586725347571614,0.5273540595550378,0.6328248714660453
112.177676,60,55.439883,60.0,53.27656416830784,19.07031736250314,21.367887011848026,-4.066634138822555,-19.399891269207,-6.075483043599933,-9.37672505770953,-2.6183591823586325,0.21959567536327065,0.2635148104359248
175.663135,87,55.60396,87.0,94.24650220182258,30.521780765171126,30.5806060376854,-6.314532053470613,-29.97859903573989,-12.040565271313408,-15.48706027528959,-2.864996985424792,0.3510423698072295,0.6108137234645794
131.424571,60,55.719051,60.0,76.08556459980342,18.973401685943262,20.14476561803681,-4.441551570892332,-18.386028003692623,-6.231419342796152,-12.357166019098244,-2.3629956060934547,0.5942121057423478,0.7130545268908174
119.283653,58,55.831021,58.0,69.42168226550979,18.11645163676125,19.820139650524045,-4.475843753814695,-20.78362681865692,-9.682560322971373,-8.632058202518063,-2.500531873616701,0.54629512650915,0.633702346750614
170.702829,82,55.99205,82.0,93.38439344196068,28.128966804150792,27.376338348543314,-5.866874191761013,-27.288421928882602,-9.890893920419916,-14.641067528290883,-2.499612356307786,0.45907413454331375,0.7528815806510346
139.931257,70,56.124851,70.0,83.89479164211956,23.269754194020315,23.505024278366953,-5.409050970077514,-26.273873019218446,-10.638497089515814,-15.851270148803124,-2.5656217794406153,0.38197361217924264,0.5347630570509397
114.426082,60,56.23682,60.0,57.25940388090647,18.9509662449562,19.73344950868163,-4.5873007845878595,-21.48362008333206,-5.010661342760568,-8.545234487599096,-1.8909205066333017,0.2647092973786936,0.3176511568544323
152.917907,73,56.370486,73.0,90.38903366757995,24.20164454448945,24.895883879498047,-5.2381414961814885,-25.017546653747566,-10.432415545982359,-15.974709996233326,-2.9058411012484715,0.5415883283891927,0.7907189594482212
107.185235,50,56.463554,50.0,62.68703304649061,16.52571734032627,15.672448849470337,-3.5615694665908815,-16.207266449928284,-8.95899204552503,-6.976571716546899,-1.9955649585398574,0.5526473355349092,0.5526473355349092
123.490863,62,56.577725,62.0,63.09046421964621,21.566804559847892,20.98187804207954,-4.303611457347871,-18.51957339048385,-7.637897896310927,-11.28400588137237,-2.403195040661113,0.43547570368242106,0.5399898725662021
142.736805,63,56.693174,63.0,82.92294326281421,21.81106395513638,21.17160154877803,-4.491095042228698,-19.5812219619751,-9.49051832942816,-10.173668212317521,-2.4323006817917876,0.5643737707309483,0.7111109511209949
119.064943,50,56.781197,50.0,72.89304981332809,15.712577064541932,16.267852712877158,-3.503594760894775,-14.211290830373766,-9.605367951871608,-6.5886069026434315,-1.899676327705478,0.6366120496649219,0.6366120496649219
122.152925,58,56.881288,58.0,73.60894767362679,19.035065774059042,18.664894958184465,-4.167839865684509,-18.64052989482879,-8.795662560143796,-13.297142493861193,-2.2548088178930037,0.5291125836040682,0.6137705969807191
196.466186,95,57.161772,95.0,100.35498396317827,32.95385483450043,33.41167256122658,-6.479609408378601,-30.026763105392455,-10.856955405140312,-14.514295329238852,-3.3767022017987767,0.39681170827357604,0.7539422457197945
63.543952,80,57.309298,80.0,-7.7843078991970795,25.706694948257873,26.154255758451026,-6.2541359126567855,-26.268329137563704,-2.843919839653688,-22.00077623751282,-3.1655297669278686,-0.05449856724793196,-0.08719770759669114
150.051698,71,57.436231,71.0,84.11759258733078,24.305570504145184,24.48015124354373,-5.017688677310946,-24.41132824420929,-9.129559924885925,-12.626952506567124,-2.666086687463131,0.4995688192518281,0.7093877233375959
152.265511,71,57.562045,71.0,92.44725896856075,23.11748471435731,23.78951951748374,-5.205242514610291,-23.01144602298737,-10.987457671551045,-16.27482788010631,-2.6097781635425963,0.5720805633490267,0.8123543999556179
146.405794,64,57.677025,64.0,91.50362430415257,20.428779844728567,22.174867892651953,-4.539326927661897,-20.765253674983985,-14.37256980032726,-9.701262562948687,-2.3230649059976716,0.46847306872909633,0.5996455279732433
130.332228,62,57.788185,62.0,72.0621164611953,20.21969342271683,20.329885062892846,-4.6475768852233905,-20.89185644984245,-4.661922258407663,-11.997774828588303,-2.080336525661409,0.5536521385685562,0.6865286518250097
122.494619,57,57.889559,57.0,73.66641724464392,18.323284720679972,19.5470978272726,-4.001156158447266,-18.476582896709438,-9.842638279298802,-11.468569013789512,-2.2532347904739534,0.5444099241007713,0.6206273134748793
139.002876,67,58.007783,67.0,74.01710968875554,18.407109108147182,21.86189454658572,-4.536455216407776,-19.54453501701356,-7.505803129400877,-8.493636482318731,-2.2028079141386967,0.5511018568779759,0.7384764882164877
125.121919,55,58.103857,55.0,74.55042057409793,18.294659230139636,17.420618917519633,-4.15365712761879,-17.683447766304017,-8.174616087257354,-8.152675738411805,-1.9793831683383996,0.28642459263211933,0.3150670518953313
98.294335,46,58.18819,46.0,66.48500830680945,14.358606805338619,14.592392576506493,-3.4726653742790217,-15.669734656810762,-9.348045349184318,-12.963414825141522,-1.6878128957631375,0.48447875895025294,0.44572045823423273
170.87773,79,58.332816,79.0,92.21860150916498,28.748641493905584,27.583061357972888,-5.577563467025758,-24.81070487499237,-10.948905069709513,-12.348583969345436,-2.9868166061093318,0.4410939278663238,0.6969284060287916
142.691726,75,58.477358,75.0,63.128859781203985,25.205915986274086,24.76355266912432,-5.42339243650436,-23.12261614203453,-4.23555383799916,-10.052401313648783,-2.572639169707302,0.48265817140707784,0.7239872571106167
132.158105,58,58.584033,58.0,76.5324684289019,20.07074168902461,20.775042547048027,-4.361192536354065,-18.528817367553707,-8.529878243490877,-9.84845699152922,-1.951802870694201,0.5504231746021063,0.6384908825384433
176.03359,77,58.727581,77.0,104.10015890802036,26.312543214142337,26.58334188516783,-5.528354830741882,-24.87366806268693,-11.059930885088784,-13.747206683784214,-2.753293771182116,0.4679205407134687,0.7205976326987419
121.953785,55,58.830483,55.0,67.83917524167035,18.455697902422163,17.23506551540813,-3.711374344825744,-16.52836419939995,-5.6452418587989,-8.502252153655846,-2.1889206760844697,0.5849096362246005,0.6434005998470606
151.085363,68,59.076423,68.0,85.74785126496977,22.995960377462175,23.252304826034813,-4.87564623594284,-21.679256379604332,-12.164810952625244,-7.931962159702558,-2.259078210719582,0.541098311386596,0.7358937034857707
143.119243,66,59.197004,66.0,79.38550622438177,22.474919319383012,21.247515143225748,-4.96932110786438,-20.79069387316704,-7.026900069947496,-10.748393325978904,-2.4533895297845194,0.5278557052844809,0.6967695309755148
127.635032,55,59.298401,55.0,72.32974173444147,19.433477096934165,18.02456460007393,-4.003365411758423,-16.5848168194294,-9.055980474484718,-5.8431112037968544,-1.6654776935258233,0.5580122002926532,0.6138134203219185
141.078048,62,59.410594,62.0,82.58115140075914,19.847968916404067,21.742580434583434,-4.493061645030975,-19.376401364803307,-9.597801159832114,-9.25513588835269,-2.371252520466896,0.5946886570599804,0.7374139347543758
150.376593,61,59.521701,61.0,95.99960398211044,20.819377664835223,19.904861544821376,-4.482964425086976,-19.614548802375786,-12.905048662255394,-8.061190454167113,-2.2834977057388195,0.6561720682950232,0.8005299233199282
157.469849,67,59.645397,67.0,100.32546785902387,23.356573712139642,23.198351251307518,-5.023922679424285,-22.19449467658997,-14.333299951900832,-12.013101235836535,-2.845725479073044,0.6575710752954852,0.8811452408959503
166.124383,72,59.778352,72.0,100.19010754260023,24.16928606829115,23.943998369503163,-5.053237673044204,-22.2636908173561,-14.135007464424922,-10.080794656135067,-2.6462779825936997,0.6720007674721936,0.9676811051599588
119.548504,53,59.872351,53.0,75.33290806149643,17.03157204191516,17.15299747889258,-3.656919741630554,-16.739492654800415,-10.503459408947284,-10.05804631704447,-2.01105526598096,0.62127061561966,0.6585468525568396
146.157928,76,60.010773,76.0,74.2946259529521,24.3248089296363,25.209119086968506,-5.745162663459778,-23.599900770187368,-7.652541947012029,-13.544713161600672,-3.1283074618154774,0.4058038123187523,0.6168217947245035
151.658029,66,60.127467,66.0,84.97579199013325,21.47845108950134,21.98692835911284,-4.805561907291413,-19.92841229438782,-7.0498030407143935,-8.455958630473654,-2.543406168039458,0.5342650123911921,0.7052298163563735
152.723245,66,60.255095,66.0,93.60743198904672,24.04931182478153,21.9611606963979,-4.81595146894455,-22.13322855234146,-11.250760132697605,-12.34820841516581,-2.346510532591322,0.5865560336913409,0.77425396447257
118.395442,53,60.351705,53.0,68.09454841998307,17.192197135546323,17.44887241941189,-3.517140653133391,-16.21393630504608,-6.759413744134324,-9.208191595318077,-1.6414941000756547,0.5867072105109197,0.6219096431415749
172.955288,85,60.514559,85.0,81.73286816924245,28.66758030106611,29.596525507590535,-5.961830163002016,-27.353932118415837,-5.485026869699321,-10.254910538978232,-2.985985887845057,0.4890815505503902,0.8314386359356634
172.90479,80,60.664981,80.0,100.6999528083228,26.276989576652863,27.44268579944089,-5.917835350036621,-25.707693946361534,-12.701676182921336,-14.078089880598064,-3.1095431918809577,0.501389086833052,0.8022225389328831
156.445462,73,60.801796,73.0,87.1361354307241,25.537627753847783,23.969345380906734,-5.198446524143219,-24.260230922698977,-10.119363751545064,-10.844935507112808,-2.77467009590111,0.5135346592475114,0.7497606025013667
147.879494,69,61.053498,69.0,83.8215808909795,23.799612974611264,23.23476540316898,-4.956222071647645,-22.022918772697455,-11.139473024412883,-11.11693133800925,-2.7409203508965576,0.479604740109795,0.6618545413515171
147.417867,67,61.179933,67.0,82.2271191941276,22.25933301293144,22.312441322235344,-4.787648837566375,-20.17475703358649,-10.746288666480833,-8.078836615887393,-2.593495771538902,0.5529226910279967,0.7409164059775157
141.694373,73,61.317754,73.0,76.04428414997318,25.025563837984226,24.514111057136393,-5.3676530504226685,-24.71857007741927,-9.699224311849367,-14.552978339032608,-2.5511603642973055,0.37525862968998563,0.547877599347379
137.081281,61,61.434647,61.0,84.69279136401235,19.783850162087518,19.756388464771916,-4.398735044002532,-19.064595746994016,-12.954867007313277,-9.547121287303794,-2.186429689464036,0.6108028430896908,0.7451794685694227
165.943945,84,61.59443,84.0,83.99869543765064,27.65573960241547,29.912417227341894,-6.099538271427156,-26.702795705199243,-10.823061338581349,-13.067979967695491,-2.9295324338408917,0.37041324687260935,0.6222942547459837
161.338958,69,61.722391,69.0,93.49150952137396,23.737339354351125,22.87627269562718,-4.88662804722786,-21.21265826225281,-10.955763443948271,-8.062049991808674,-2.649064211155668,0.6210018887127214,0.8569826064235556
118.697498,53,61.82053,53.0,70.56487714368663,17.74790115398026,16.760402437928327,-3.646305820941925,-15.704075533151629,-9.321603582611555,-8.795263476470396,-1.9084341253007797,0.5752372200446906,0.609751453247372
139.132044,65,61.939064,65.0,79.43371724327923,19.97679139812883,21.438825372070383,-4.810720636844635,-21.29405364990234,-9.40375635194497,-8.616956531857006,-2.5918025797399937,0.49389064893217643,0.6420578436118294
137.680564,61,62.05035,61.0,83.51801005222036,19.726082620628627,19.66106504605542,-4.40231009721756,-19.163740020990375,-10.438518058924965,-9.840364989803499,-2.3796601099114705,0.6060092609993387,0.7393312984191932
160.791552,73,62.184518,73.0,93.04604745407042,27.059546796298935,24.82640993613249,-5.246622974872588,-23.604611116647714,-9.936384837220654,-15.702504964406199,-2.650328676979509,0.49748090538151307,0.7263221218570091
243.168596,108,62.38216,108.0,130.7263153272023,38.86920553963788,37.828083694207976,-8.088399579524996,-36.64858685135842,-11.372984167428376,-12.21880094586632,-3.9262367724528873,0.5162538238491852,1.11510825951424
152.240262,69,62.50959,69.0,86.58056410512641,22.10644356461494,23.79918803134886,-5.0534427738189684,-20.4015335559845,-12.878123014833143,-7.978481463223304,-2.9343524023934746,0.6140909411370482,0.8474454987691267
169.251143,85,62.666061,85.0,87.525334709815,28.61196695487531,28.911250169369474,-6.221000304222107,-28.19419784545898,-9.53536255043457,-13.613055293590763,-3.233793022208058,0.45842550478420857,0.7793233581331546
158.259967,72,62.796561,72.0,95.60449469050315,25.825252704645486,23.652257170640773,-5.180470153093336,-23.98488537669182,-10.650103597041763,-16.47319485001057,-2.5333832378231684,0.5408533175620831,0.7788287772893997
174.35572,82,63.066361,82.0,100.3827541138894,27.645422890433753,27.542489223297725,-6.031148195266722,-27.796149849891663,-12.169807020992804,-13.690077057782117,-3.5277640078335066,0.52187310497938,0.8558718921661832
187.924434,94,63.241666,94.0,88.11909155251318,33.80637623812287,33.37955618430878,-6.649069969654084,-28.715830695629123,-10.374179439761914,-12.055875243172697,-3.5856342224750746,0.35075865459958966,0.6594262706472286
140.047428,68,63.368078,68.0,76.44835782475042,22.175676904064655,21.882066534909967,-4.681557316780092,-19.850204378366467,-10.2487669734765,-11.35877938147691,-2.319365673142474,0.5376221559052143,0.7311661320310915
139.745467,60,63.479195,60.0,87.70813866071836,20.484060340245314,19.913879285090456,-4.459354764223098,-18.681323170661923,-13.516668820615658,-9.161568818324682,-2.541695541647427,0.7037857522063344,0.8445429026476012
156.000664,76,63.625767,76.0,88.64217830548708,25.742110129639382,26.023520519189912,-5.59857628583908,-23.904891574382777,-12.374476893740042,-15.81224295778198,-2.7169575869902847,0.5138823273191164,0.7811011375250569
173.457993,74,63.76423,74.0,106.01054208534336,25.70800552083426,24.63114085548668,-5.303642888069153,-24.58203343152999,-14.36151516357814,-9.826447812359207,-2.8180566081803433,0.6623854868999255,0.9803305206118896
136.589031,61,63.882977,61.0,83.6799409982197,19.52845306901795,20.085180790339983,-4.285626451969148,-19.341881954669947,-12.100594743415854,-9.846091755952441,-2.130348857853652,0.5664755355884863,0.6911001534179533
228.743808,109,64.089866,109.0,122.9238727177688,38.59640861575234,37.6479827607162,-8.239132325649262,-34.97314371466638,-12.991638825395606,-19.110834371770625,-4.109706615914797,0.2739327574007051,0.5971734111335372
197.241704,82,64.239679,82.0,114.63671247794746,28.909199941874853,28.104982241727026,-6.139507157802582,-25.899893712997425,-13.493709064888193,-7.7988315741658845,-3.077248979170909,0.6161563093541123,1.0104963473407442
110.707492,53,64.341651,53.0,71.55533355701489,17.072813688722185,17.130729191375945,-4.243785436153411,-19.017702567577363,-9.508070535928333,-13.240646803977373,-2.041179176935355,0.5348137387413918,0.5669025630658754
152.661623,69,64.475677,69.0,91.01334408024061,22.71435568142672,22.711738054262685,-5.074571311473846,-23.54104295969009,-11.412570156288162,-10.370082116358194,-2.379548224321003,0.5777675027716938,0.7973191538249375
151.279037,68,64.604666,68.0,84.82414351110624,23.31220714340866,22.633221495711712,-4.512254652976992,-19.122901260852817,-8.813363104134853,-12.457717971783541,-2.5842978148160416,0.5493821743167248,0.7471597570707457
139.945777,60,64.72161,60.0,84.3546277058011,19.198607891549475,19.74060448334761,-4.114505957365036,-17.036861217021944,-9.860892780735561,-9.816372027293372,-2.519431287770366,0.6098617076341963,0.7318340491610356
142.874229,63,64.836533,63.0,88.63355464342666,21.253447228691392,20.343636851600333,-4.640333408117296,-21.217267537117014,-11.159448696385976,-10.889287008752332,-2.4500728719603604,0.616371063256345,0.7766275397029948
153.091882,76,65.102594,76.0,77.4215688713555,24.15049699421715,26.380356583211153,-5.625244650840758,-24.35086113214492,-6.139851445944751,-11.848139522823182,-2.896443773638919,0.4986222060982623,0.7579057532693587
184.657909,88,65.260694,88.0,101.24435487983578,30.673912306691467,30.377209644464834,-6.272124300003054,-27.05691892504692,-14.19112268019258,-14.970111562217888,-3.147290766673544,0.4653975180399731,0.8190996317503526
167.884913,75,65.397834,75.0,94.20303882776078,25.512933686641365,25.77265575094519,-5.621580710411072,-25.623708164691926,-8.016668850658915,-10.743556108172063,-2.598201402501536,0.4592162238107971,0.6888243357161956
188.634584,94,65.575467,94.0,94.68874654395911,34.1730027476723,32.54211256593489,-7.264606947898865,-32.04717208147048,-11.438634175730888,-12.483421114969493,-3.535443486993591,0.4128105250312034,0.7760837870586624
179.502231,77,65.719525,77.0,101.13062459083471,26.629044464291795,26.012929806537617,-5.60172904253006,-24.12618799209595,-10.9814907088528,-7.585108238048811,-2.975851428435807,0.551987767815145,0.8500611624353234
155.16987,64,65.831758,64.0,96.2724134838112,21.384929924601106,20.55427934203407,-4.519274735450745,-21.056267535686498,-10.32618382602059,-8.905836914156287,-2.234189849828803,0.6145694408331048,0.7866488842663741
175.161409,79,65.978858,79.0,94.77470470364995,27.80583451721594,27.52316758102097,-5.949969830512997,-24.600554788112646,-9.74741526931688,-10.54303912795283,-3.1013189637596486,0.5083698661074868,0.8032243884498292
139.873898,71,66.110819,71.0,74.37537234340138,22.399260524778825,22.879250934539066,-5.084801307916645,-20.411410909891124,-7.411843424055121,-15.260601309152198,-2.6113288997895485,0.48835926700350674,0.6934701591449796
132.161369,62,66.233753,62.0,70.24993836123879,22.58772713424011,20.753835326462266,-4.378584365844726,-20.40900832414627,-8.364407735967461,-8.016084429461687,-2.262047189747024,0.49831205153732167,0.6179069439062789
158.649881,74,66.382262,74.0,93.01139008792883,24.956728012563698,25.179698237423757,-5.364403469562529,-23.362621182203284,-12.47857550456747,-14.369183841164439,-2.923151638568945,0.5307703261714801,0.7855400827337906
166.424811,78,66.526669,78.0,92.75763810639295,27.60054417858969,26.696285051456744,-5.510769896507265,-25.95381866693497,-10.23593378160794,-14.389408306512166,-2.5397261142363274,0.45290734586111914,0.7065354595433458
164.095769,94,66.697344,94.0,70.173345224975,30.664230911010257,29.906714072918298,-7.258917875289918,-31.647918343544006,-4.419345752653729,-13.60708385340358,-3.7152552944935455,0.307683367147853,0.5784447302379636
169.034922,75,66.829589,75.0,104.435879421312,26.322316399973495,25.103682346250103,-5.836027548313142,-25.444981253147127,-12.471861957137602,-15.475329478715864,-2.5987563209124214,0.49463384507174574,0.7419507676076186
104.796539,61,66.941252,61.0,46.99966844312127,18.53448915301819,19.77815503436311,-4.764226801395416,-19.754236930608755,-3.8234267481704025,-10.653709078835758,-2.5201739021109395,0.388865495912664,0.47441590501345005
206.085058,89,67.229525,89.0,120.03582222660731,31.68174167958083,30.500726850816402,-6.616491678953171,-28.321192902326576,-13.49177725737394,-13.720351348248057,-2.983419798592909,0.6020088157111325,1.071575691965816
188.492684,84,67.382249,84.0,105.33087108529304,29.429550460696667,28.498951864514773,-6.489324200153346,-28.035336685180667,-9.722554730122292,-10.964471139198976,-3.555002377375771,0.22302301006318273,0.374678656906147
133.930134,71,67.511898,71.0,58.56167165646414,23.149083049977826,24.086952554572814,-5.166229479312898,-20.33355674743652,-3.8156519398358855,-11.112995848938288,-2.439139387533368,0.24609100412069473,0.3494492258513865
190.963709,83,67.661974,83.0,105.73743837410572,28.73833204166096,29.510998133960292,-5.82840127468109,-24.125859439373006,-12.708297946276579,-10.130988005563887,-3.2295125110697382,0.5540258173191619,0.9196828567498089
130.411931,104,67.852043,104.0,15.037052146200505,34.35445250438475,34.39252912278874,-7.810733765363694,-28.761248826980587,-2.837045060623145,-14.358682378199346,-3.604392290832098,0.11210124595596695,0.23317059158841125
163.672979,70,67.97813,70.0,97.22907861976309,25.35504024838915,23.232565196819177,-5.255210561752318,-21.116332674026488,-10.098964371749172,-13.112238154811026,-2.5609591303253545,0.5502169250709722,0.7703036950993611
147.01969,68,68.100028,68.0,85.34259533411344,22.413914234823523,23.40401352476916,-5.1230841594934455,-22.436627459526065,-11.790494764098614,-9.864461872651862,-2.9261652588318015,0.5602099502081075,0.7618855322830262
266.835702,115,68.312462,115.0,148.69716155636843,40.44375395141616,40.105784488794434,-8.43759957313537,-36.29048449993134,-15.711987561400655,-12.8049928250807,-4.165933379726753,0.3112043069455792,0.7157699059748323
159.993707,75,68.447331,75.0,83.31622521238711,24.153630451625993,25.67492852422285,-5.110865497589112,-22.488184100389482,-7.777435717444652,-10.121508119337442,-2.653083462681153,0.4731534353771549,0.7097301530657323
156.157288,69,68.572674,69.0,91.36986998645804,23.34803772559703,24.312194627557815,-5.345808696746826,-22.65924422740936,-11.387512368423495,-9.559652404990599,-2.9205967295683526,0.4921801435333917,0.6792085980760806
126.254975,56,68.673593,56.0,74.03232548089643,19.4003018314719,18.92178897617545,-3.984874823093414,-18.04733361005783,-9.371543516952624,-8.572997224378204,-2.1226917724701324,0.48876326951279475,0.5474148618543302
180.089901,78,68.816205,78.0,104.6266395472831,27.235688708615292,26.032114702102312,-5.490648151636123,-24.666036486625668,-11.958054773788014,-10.860153739832866,-2.8296492848544545,0.5756745573208298,0.8980523094204945
141.642352,64,68.930645,64.0,80.56958795117734,21.827863733256443,22.289494185402926,-4.557077448368073,-20.53298661112785,-9.594658374334864,-9.98052646249478,-2.379344810446241,0.4892483695127443,0.6262379129763127
179.017298,79,69.187117,79.0,97.84585490440651,26.02818128401425,27.203391790396875,-5.424151387810706,-23.937078833580014,-8.374066612262787,-9.893684189867681,-3.431149053636292,0.5838364611021133,0.9224616085413391
207.183043,95,69.354828,95.0,98.61299026183434,32.43399205280505,33.750715597412565,-5.975691649913788,-27.219746387004854,-6.868204819618622,-9.357463278516049,-3.1935484242959813,0.3684113153540362,0.6999814991726688
53.561331,55,69.451722,55.0,-1.7605856900487569,15.866831570511469,17.226805451506515,-4.452733454704286,-16.728694933652886,-0.8374554615245188,-8.213465969177605,-2.53937038799278,0.07764972335762647,0.08541469569338912
185.332406,84,69.599062,84.0,105.22060527965012,30.046230008163406,28.530192278847906,-6.254632101058959,-27.365311968326573,-12.72214896481978,-12.94879220993107,-3.1737366292476645,0.5189408064552335,0.8718205548447924
172.624787,73,69.72772,73.0,104.9299262421071,25.053524448250762,23.663782722840068,-5.553422782421112,-23.701963186264038,-12.899841232238929,-9.569154407922456,-2.298064966245008,0.5824367939316036,0.8503577191401412
175.661476,79,69.869222,79.0,100.02786833169259,26.659911328144208,27.35583248626531,-5.91936673641205,-25.2419574022293,-12.269788554247212,-11.049633892709677,-2.901389378119207,0.583535885005444,0.9219866983086015
165.07107,78,70.007166,78.0,87.55382683652607,28.2332036313863,26.232184939152077,-5.737602138519288,-26.226887619495376,-8.586995440534592,-12.093350880614574,-2.3033094024962915,0.4748673160456986,0.7407930130312899
182.94571,82,70.15264,82.0,102.88997602302629,27.69089874864881,28.45734187187596,-6.010480957031248,-25.70198224782944,-13.521304482730079,-9.93741099240741,-2.9213277938107347,0.4547201605346809,0.7457410632768767
145.446331,61,70.262414,61.0,93.4556321669106,20.89733259746015,20.489465858720877,-4.548109540939331,-19.869611430168142,-13.318649965973579,-10.554342933247955,-2.105385280260682,0.604781373405336,0.7378332755545098
151.665909,69,70.385724,69.0,84.53032232272324,22.935186945114335,22.829102166821688,-4.931123174428941,-21.276437306404116,-8.530171806252516,-10.275581893783082,-2.6153877639081324,0.5102435630562656,0.7041361170176466
152.668605,114,70.591248,114.0,28.83652272886252,36.85348642382089,37.588560137795355,-8.728797280788422,-34.42830525040628,-2.3199457378516075,-14.840757624125887,-4.292158690159381,0.1818382299470763,0.414591164279334
142.781075,67,70.707994,67.0,80.73851211561316,23.085071868386905,21.585539434856155,-4.816973130702974,-19.024248993396757,-10.581788358843614,-12.688493972177294,-2.516543789885266,0.5104509162443678,0.6840042277674528
143.391813,61,70.82144,61.0,85.50570804199096,19.4342046527085,21.367595256435607,-4.112187447547912,-18.763306415081022,-11.039895017584247,-7.82113935480611,-2.1791665446390263,0.5720504460007146,0.6979015441208718
179.664805,78,71.085226,78.0,106.1448685747809,26.608527040612,26.303694459286266,-6.19672075033188,-25.887071979045867,-13.0658790249219,-9.062169951407,-3.18044363787992,0.6023022946214035,0.9395915796093894
192.103614,87,71.245133,87.0,108.75598075380915,31.38174904379679,30.269248401397913,-6.498492903709415,-28.280204141139986,-13.059073449742204,-13.989611181394483,-3.4759828980194376,0.5671625878376905,0.9868629028375814
202.744491,91,71.407936,91.0,110.11427882617683,32.337204745571654,31.89267766450087,-6.179039404392241,-26.514595365524293,-11.960618312037237,-14.740901851441079,-3.204515675433702,0.49957785136962485,0.9092316894927173
202.931915,98,71.586327,98.0,103.95207970061665,34.959780459612254,34.06903651734812,-7.177551560401914,-29.035942685604084,-10.357716198419784,-17.488504047835292,-3.9892674575245333,0.435555529189162,0.8536888372107575
160.554136,67,71.711016,67.0,101.00677275445071,22.95327786763796,21.508880790471824,-4.984093477725981,-21.354727625846863,-13.595385229630818,-9.223185268385341,-2.7574041165955223,0.6333039302213812,0.8486272664966509
142.537697,65,71.833123,65.0,82.74457904413403,23.49996931855755,21.049326300579967,-5.099489648342132,-21.14869328737259,-10.484708250744548,-10.1847698549806,-2.8385167937435307,0.5639828879966481,0.7331777543956426
163.241359,69,71.957102,69.0,97.21649679804997,23.367646603221136,23.538093430035204,-4.858213790655137,-21.198837989568712,-12.035929061507936,-9.123636740231236,-2.66426038386682,0.639319405613257,0.8822607797462947
153.568648,63,72.070435,63.0,88.49373651097282,22.973511462978852,20.973444720360582,-4.584583214521408,-18.003036713600164,-10.31315649158055,-6.974783073408,-1.996485558974048,0.5768477357941914,0.7268281471006811
175.471855,78,72.210591,78.0,104.04403065174108,26.576404511470802,26.453843999377167,-5.824627888202667,-24.882616662979125,-14.24915297865399,-11.894446813568837,-2.751579822238477,0.5822812447153689,0.9083587417559755
163.955049,72,72.336121,72.0,95.00997524273264,23.984618670228745,25.09157301580105,-5.133199682235718,-21.97886408567428,-11.714582853028192,-10.34903578058239,-2.9554360120103262,0.6042278448198927,0.8700880965406455
200.812012,85,72.487163,85.0,117.19283839071291,29.577019576537,29.14665538664485,-5.997009305953978,-25.8326691389084,-11.18738167517225,-13.751534349110669,-3.335907229612564,0.44726299082445486,0.7603470844015733
174.595946,75,72.619921,75.0,105.50273866167916,26.63244638028011,24.84189244576632,-5.660073561668395,-22.43114587664605,-14.961243343469292,-11.22288750021422,-3.105780915589497,0.6422196632010598,0.9633294948015898
180.636353,74,72.754776,74.0,108.2209623294449,24.64542888476798,25.93213185366505,-5.236707153320315,-21.871087974309923,-14.125202767632235,-8.087235101597503,-2.841937386594356,0.6460605738000288,0.9561696492240426
254.112554,118,73.08372,118.0,133.08690961618498,43.08500909638581,42.34575402908671,-8.884716444015503,-37.95069133043288,-14.377619760005688,-16.232745967574424,-4.959345157096792,0.38059957165280967,0.8982149891006308
157.050034,73,73.216564,73.0,83.04385710308314,26.33273116006091,25.11721688721946,-5.56946079492569,-23.86633828282356,-8.087678802548387,-10.166577524784717,-2.753716204399658,0.4585521382938828,0.6694861219090689
132.655773,54,73.315172,54.0,79.48958890784297,18.541450282458857,18.1382689742312,-3.864568066596985,-17.123528277873994,-8.681247634780389,-5.819100028796048,-2.0250910730380034,0.6199710896782162,0.6695687768524736
142.38337,68,73.439164,68.0,72.99614003313883,21.0038624478409,23.216341547893325,-5.126447491645812,-21.000100004673,-4.993330900159625,-9.321022930523398,-2.3920729509237044,0.5425663888641655,0.7378902888552652
247.892279,106,73.631973,106.0,140.05469987341561,37.86936971587209,38.695391830091836,-7.371874897480011,-32.35221723914146,-16.206017678853733,-14.519733167713964,-4.277339106497611,0.37800967987618633,0.801380521337515
172.905334,77,73.770083,77.0,100.2173474795324,24.600236384845985,26.419009815611126,-5.560116188526155,-24.437441807985305,-11.000184356614216,-11.725683187124124,-2.6078344625498304,0.5412384980736387,0.8335072870334035
134.503786,64,73.884576,64.0,73.46961848558675,20.817397198417112,20.475382724284987,-4.437076621055603,-18.984206587076187,-9.895024960542019,-8.853618047622536,-2.0886862731601235,0.5426498912015728,0.6945918607380133
141.448827,59,73.991679,59.0,87.31933092912222,20.522384921681493,20.36827462923673,-4.141047172546386,-19.604148280620567,-10.703476298840314,-9.482031423575377,-1.8304602141125141,0.6224101095556416,0.734443929275657
162.551903,77,74.129754,77.0,87.85422395628541,27.67585558725291,26.10208825324423,-5.68127262353897,-24.091607618331892,-10.248482269088031,-13.428534354602661,-2.6303681313781917,0.37677256703670714,0.580229753236529
197.25462,85,74.286358,85.0,114.63209758828336,30.168548003412177,29.897904500400077,-6.25023110151291,-26.02701153159143,-15.759126414330424,-11.19613542491939,-3.2114254180020274,0.5978721614029843,1.0163826743850732
178.878833,78,74.428774,78.0,106.04009836452474,27.020237213450113,27.458660803761745,-5.781288483142854,-26.343218469619753,-12.83870660569204,-11.52296361354089,-3.153986243425337,0.31668819556198474,0.49403358507669626
212.766569,94,74.601933,94.0,111.93069825393886,34.39644635822855,33.28498267196223,-6.365823416709897,-26.565152543783192,-11.500511436036831,-13.014001290353137,-3.400069632765181,0.4989475194060429,0.9380213364833607
253.69589,112,74.801497,112.0,141.7371154529701,39.777913623540655,40.02595139991231,-8.624077348709108,-37.38814376592637,-14.02833442778057,-15.495182791946698,-4.30935208367975,0.4785912834591044,1.072044474948394
182.794865,77,75.064971,77.0,105.07544540322091,27.77839458940339,26.24824657179974,-5.0364674878120415,-23.031996685266503,-12.118041100098717,-10.45293989223804,-2.6677763179124088,0.5785936403469029,0.8910342061342303
259.521169,107,75.257991,107.0,152.28233396768513,38.88064169885821,37.35582706358706,-7.795852966308594,-32.53948458433152,-18.91552796515506,-12.605868117611509,-4.14090012033362,0.5030711876241656,1.0765723415157145
200.054244,108,75.453488,108.0,85.60034233578706,36.78360905572831,37.04835424582802,-8.385544369220735,-32.922115176916144,-6.707861056022861,-14.937731277908119,-4.424809490006678,0.35063961894333845,0.7573815769176111
195.45448,86,75.621307,86.0,115.08180138380659,29.697622102576226,29.36658656121984,-6.360951218605041,-28.323382645845417,-15.955546840075751,-10.618975006920342,-3.432674733864278,0.6137886728015827,1.0557165172187222
185.195332,76,75.760376,76.0,114.16905001537762,25.836950991249765,25.87800259307117,-5.562676105499269,-23.260795474052433,-14.636567741680079,-10.24820543156305,-2.9804266884375568,0.5895218742793605,0.896073248904628
124.782732,57,75.873063,57.0,72.11312875737123,17.104315520778208,18.606324651659964,-4.4581199383735655,-17.598759758472443,-8.33456228159233,-7.188019824907909,-2.461575196290875,0.5561917125636741,0.6340585523225885
310.835157,145,76.146636,145.0,155.0788446292637,54.151306587400846,52.1903852437323,-10.617378696203236,-44.90483479499818,-14.602350807774243,-19.51383532968542,-5.9469800131469475,0.29478080464974843,0.8548643334842705
181.866665,86,76.302039,86.0,90.25338156628675,28.906123482292223,30.08221635909859,-5.528184826374055,-25.175911319255828,-8.357351851678082,-11.28992161269473,-3.023686618766104,0.4354976991988639,0.7490560426220458
176.306312,83,76.451219,83.0,98.19714897438753,28.461859800859706,26.780931150149055,-6.195562329292295,-25.877860832214356,-13.068038611520691,-11.900763921352757,-3.0914024037126744,0.336984457062056,0.559394198723013
157.834848,80,76.593837,80.0,74.13759858832078,24.148661969544463,27.240580993023567,-5.824992487430573,-25.64075847268105,-4.194887923942754,-8.948771990314754,-3.082582771053572,0.33811582295277515,0.5409853167244403
166.071186,71,76.722767,71.0,96.95086655273603,24.656680458393442,24.07224387025435,-5.182894957065584,-22.063102161884313,-12.361613060406418,-8.482649963365857,-2.5183445749288498,0.5892768865732642,0.836773178934035
277.226257,127,77.060545,127.0,142.90452383378258,47.213119175212505,46.3423391244995,-9.262857668399812,-41.14508240222929,-13.23582795748413,-17.951647814965145,-4.638308908768574,0.43565532013545694,1.1065645131440607
229.473997,101,77.244084,101.0,118.73074788741448,36.14576116902101,35.792466860588306,-7.394052300453189,-31.328636485338205,-8.467272706130219,-11.202281032283985,-3.8027360632453093,0.2581164902873351,0.5213953103804169
176.211362,79,77.385276,79.0,97.1417873813011,26.610549685696444,26.653747609534506,-5.669886597394946,-25.375506091117852,-12.336906009063952,-6.888547290920852,-2.9238771715101657,0.5351490357390327,0.8455354764676718
193.576839,85,77.539463,85.0,112.70678874818354,28.89564230760691,30.25731879492643,-6.37232701063156,-26.77639024257659,-15.444236053248176,-11.333269348354072,-3.3566883276927344,0.6281039082442803,1.0677766440152765
164.862691,71,77.691381,71.0,91.85937144892421,24.76996754051759,24.588850158918035,-4.955363944768908,-20.028553736209872,-10.573561070418732,-9.302755744148616,-2.4952637577404317,0.5374350218372288,0.7631577310088649
232.329414,99,77.882512,99.0,131.0212711492474,36.545992219563196,34.53072469107905,-7.586545536518097,-32.97567306756973,-13.304767524524902,-10.847895320680866,-4.0536922081738584,0.5600923523051843,1.1089828575642648
279.075901,120,78.103142,120.0,150.78198829066906,42.659767376499275,44.05884494220772,-8.549661724567416,-34.92285390198232,-17.439101457388162,-12.66572193329962,-4.847360410797502,0.4953238301501318,1.1887771923603163
157.219316,71,78.228683,71.0,89.95130221507961,24.302137716992057,23.93666110772164,-5.319394118785856,-24.098478615283963,-12.114853466741923,-7.742460041593724,-2.6955989684751733,0.5132027384897943,0.7287478886555078
188.062656,83,78.376539,83.0,105.58577044845234,29.304690126336855,29.061215709630908,-6.188725571632388,-26.324818181991578,-12.17690888899254,-10.93712152055015,-3.261446075663398,0.5031915589050203,0.8352979877823339
188.421042,80,78.524691,80.0,103.70713129351847,27.85510630509892,27.907147800791805,-5.7685278487205505,-23.29165108799934,-9.182479538332483,-10.039820146778915,-2.7658643583165152,0.45366643772482623,0.725866300359722
196.111821,85,78.679498,85.0,109.54599589114281,31.15543788457058,29.978023511177604,-6.363120748996736,-27.152445578575136,-13.13321343498187,-9.655313605923489,-3.263542686480587,0.3937262441528199,0.6693346150597939
157.485268,65,78.792725,65.0,99.91934658163883,22.23451914672224,22.142592821665964,-4.8862748742103586,-21.188264614343634,-12.877475692821559,-10.558518653014414,-2.300656289387733,0.6457865181743784,0.839522473626692
164.993057,70,79.043216,70.0,96.88847757984577,23.265583264279083,24.640629087310884,-5.499642379283905,-23.006137746572502,-11.035146025741499,-7.8001366949233715,-2.460570366122051,0.5716319572074398,0.8002847400904157
177.960253,72,79.174595,72.0,109.13096362478095,25.121423946759528,25.256784529678708,-5.18056967973709,-21.643617928028107,-12.776224401206937,-10.952406528951423,-2.99610019767464,0.6398758489252226,0.9214212224523205
142.227791,67,79.293965,67.0,82.52174168122988,24.043342752347197,22.322401131039733,-4.962402863502503,-21.187115281820304,-10.22404826754027,-14.918477273187303,-2.3676508746205953,0.5318375814518554,0.7126623591454864
107.199531,56,79.3908,56.0,51.515885949052816,17.06035343518131,16.57965313922841,-4.063781905174256,-15.196806716918946,-4.174162156137873,-8.577140042780211,-1.9444708697058857,0.16521526960303456,0.18504110195539872
97.506178,72,79.5229,72.0,23.533268646883506,23.290688808185287,23.56700227332517,-6.0077839684486385,-20.029522591829295,-1.753562779732378,-14.24907043873885,-2.8448415686162276,0.2328244157843878,0.33526715872951846
287.81741,126,79.753197,126.0,158.34186014656052,44.3610192877285,44.3783992964454,-9.335013349056243,-40.71905448436737,-15.98472352573183,-14.209522613964838,-5.015555087227174,0.4280749961017663,1.078748990176451
211.852125,112,79.954853,112.0,81.38218085350428,39.34709937713914,39.918202629682106,-8.718457643985749,-34.35246838927269,-2.474298988513204,-10.875059856464569,-4.375072981395289,0.38122247709821133,0.8539383486999935
178.67183,77,80.097047,77.0,98.81648419255525,27.881703044160137,27.129534857227146,-5.350528405904768,-23.432178092002868,-11.896508702892739,-9.030031256553253,-2.4466457214756,0.5493568984775317,0.8460096236553988
204.410728,101,80.279493,101.0,91.31278410874238,33.66072671618498,35.27006558282017,-7.2907401871681214,-31.28323612809183,-5.728264875793588,-8.652728835657916,-3.8778785627121675,0.46619161658173364,0.941707065495102
146.530868,64,80.394454,64.0,83.0113281491777,20.510537560563034,21.30770099378492,-4.478133430480956,-18.43360524773598,-8.202448175535237,-8.5945539298812,-2.589958416883293,0.5669382782987727,0.7256809962224291
185.631374,77,80.53416,77.0,110.1368795163733,26.218509093094916,25.75469993791395,-5.6882833790779115,-24.093052178621296,-14.27147555768371,-6.430957516101343,-2.9949457339043057,0.5558737119257082,0.8560455163655907
212.268972,92,80.697741,92.0,120.7277289814139,31.66050609666252,31.568312968583236,-7.032331726551058,-27.418644827604286,-13.288127455392738,-11.554847995483687,-4.393624530331322,0.4719410115555312,0.8683714612621775
217.531175,95,80.995903,95.0,119.80599768328084,33.673972897661706,33.007325680307694,-7.119992234706878,-30.9829970240593,-12.707095266543925,-9.353682195363564,-3.792354660511673,0.5253101798521929,0.9980893417191664
253.901068,118,81.209415,118.0,131.89414689864728,43.557904700701755,40.87132409926523,-9.431544139385222,-38.348883795738246,-11.208446319838332,-16.476788196733192,-4.956645112569413,0.5339962069235977,1.2602310483396906
244.066249,105,81.404555,105.0,132.8661681894499,37.70460723209029,37.69649484731417,-7.612490992546082,-31.91875001192093,-14.816488913741889,-10.918777525697356,-3.934514042330781,0.47468379768119523,0.99683597513051
199.848183,86,81.574103,86.0,113.18273158641986,29.564690654844497,29.47009298411952,-6.303442459106446,-25.189210700988774,-11.47081637946264,-11.759874132865168,-3.6459881801695357,0.5872526860644676,1.010074620030884
215.384856,147,81.844464,147.0,45.126742613938596,50.76162331332425,48.89673806915253,-11.29286768436432,-42.97179163694381,-1.6929880330991656,-15.383013698547446,-5.0595866582814555,-0.006485974666869733,-0.019068765520597015
194.344585,98,82.022669,98.0,96.42509117193714,34.6843430097687,34.80225759885098,-7.568736765384672,-32.38830069303514,-7.714744886047878,-17.873434358668867,-4.02189022945872,0.4296620426475134,0.8421376035891263
160.648488,73,82.153574,73.0,91.50397158314769,24.8333054164704,25.056039145743004,-5.474337439537048,-23.71057354211807,-11.451488943941158,-10.286533568863836,-2.8218947369078617,0.39487187188482825,0.5765129329518492
199.84732,90,82.315372,90.0,105.07037886778369,32.18545560360606,31.518406177577038,-6.892298381328582,-29.893011349439618,-10.678584756539443,-7.663850805415517,-3.7991749741648553,0.535189401973272,0.9633409235518897
182.101231,75,82.453678,75.0,105.72137778018352,26.66306643111774,26.195825186424088,-5.621931595802306,-23.370231002569202,-12.703824858218653,-6.977575504089271,-2.805475885730314,0.5919697628736565,0.8879546443104848
165.383598,70,82.579415,70.0,97.42875041390215,24.99944026133042,23.74755923347496,-5.143358256816862,-22.153847682476048,-11.690706242290293,-9.170402858691093,-2.633836838444717,0.6076765890076744,0.8507472246107443
225.627519,98,82.757067,98.0,123.87339481805675,33.86845060311704,34.33871459360217,-7.3367659473419184,-31.271710580587396,-10.979534462299737,-11.242646445583066,-3.622383532712803,0.56452571967293,1.1064704105589427
148.131048,69,82.998015,69.0,80.90023105725145,24.052114713505837,22.834201018531058,-5.157979527711868,-22.51626127362251,-10.769080695810008,-7.718579309315915,-2.4935978786201716,0.5020800570038698,0.6928704786653405
171.572751,91,83.16261,91.0,73.26981873565869,29.755399522199486,31.556688896603088,-6.696969350576401,-27.469425511360175,-4.709860719665175,-11.287458128011044,-3.8454420740613604,0.20854598164690966,0.3795536865973756
192.64499,83,83.312824,83.0,107.77766068354133,30.278831358486233,28.848009575429938,-5.7576266098022435,-23.69299808740616,-15.0513511141016,-9.727845732364441,-3.029690223223181,0.5717969910587352,0.9491830051575005
288.929073,129,83.545871,129.0,155.87924493878754,47.617272288427195,46.23804735579229,-9.735749717950817,-44.35141081213952,-13.71640956938386,-16.82651636782723,-5.175405203136696,0.45675867435283807,1.1784373798303223
174.384007,76,83.68496,76.0,97.46462662127898,27.32169653662225,26.044455281824053,-5.725437870025636,-24.38009014129638,-10.591037887036821,-8.791850704284283,-2.958354467953275,0.5138974639043852,0.7811241451346654
164.980129,72,83.81697,72.0,97.45610459527752,25.18236541511438,23.653335727330393,-5.0745953989028925,-22.1393705546856,-11.53175269054215,-12.038669208302704,-2.5272887553420817,0.5899026699562341,0.8494598447369771
254.022202,102,84.002362,102.0,143.31958722165976,36.54936364415413,35.52839889341728,-7.470633879899978,-29.346567183732997,-11.881443916295465,-10.257197135257899,-4.419306107429182,0.6327043720376169,1.2907169189567385
181.955986,81,84.14927,81.0,101.55650472427313,29.49373869838487,26.671013513467987,-6.073587551116945,-25.526455819606777,-10.534875732269164,-11.51890760296293,-3.1114445762485627,0.5579364894735355,0.9038571129471276
241.088287,102,84.728242,102.0,135.17433350498777,36.93748393592224,35.60783068349697,-7.113597302436828,-31.06007129549979,-11.125172781843304,-15.188882944654958,-4.14363679879396,0.5537564650195637,1.1296631886399098
165.056407,74,84.865784,74.0,90.52837700489715,27.506735243168137,25.04880452490883,-5.395192282199861,-23.405906915664666,-10.916380689498617,-9.60004441166779,-2.709985762486359,0.5303063444237059,0.7848533897470847
245.027111,114,85.078725,114.0,122.82099624938802,41.3776558232038,42.16242550326025,-8.373807778358461,-35.11467812061309,-12.995808677935408,-14.291980324188158,-4.557692072023808,0.4804285637076684,1.095377125253484
231.391615,119,85.416249,119.0,100.0858939947196,39.3110760723482,41.611298605081124,-9.1830123257637,-36.44295667409898,-6.216595417162554,-12.438894858564506,-4.335194307823935,0.3287723902008011,0.7824782886779066
166.47795,73,85.546098,73.0,88.31165129485653,24.520012322680138,23.840179927272363,-5.498584642410279,-21.600254935026168,-5.681758463789981,-7.38902519590724,-3.0242705520981428,0.5286611612896464,0.7718452954828837
176.859927,81,85.691626,81.0,99.8358845943015,26.775319802864445,27.210884252565332,-6.20588515996933,-26.198896062374118,-13.213934224608995,-8.78105472455212,-3.5623913262383073,0.5164580113895733,0.8366619784511088
241.75301,103,85.875852,103.0,133.6209981045547,37.56742831145203,34.999366543682505,-7.39597664117813,-30.808011221885682,-14.724974459682771,-11.025539107873433,-3.4802814232961383,0.563057371780675,1.1598981858681907
296.788089,142,86.132323,142.0,132.78939923738992,52.18591262508323,51.102800663208605,-10.618908622264856,-45.450403088331235,-6.771360760399489,-12.665551527585077,-5.783799513778378,0.4428304326566514,1.2576384287448898
208.182465,89,86.296334,89.0,120.36041567287937,31.904651738937005,31.066698560583564,-6.5032460618019075,-27.133980321884163,-13.126859953641787,-13.56175247419595,-3.8234622650442733,0.52067344356637,0.9267987295481387
222.003374,97,86.477135,97.0,122.72156162986344,34.09334125824454,33.27307906856356,-7.445438547134398,-30.010864353179915,-12.450677399303085,-11.233709620752308,-3.943917893882025,0.06548146075554812,0.12703403386576334
203.929266,85,86.649333,85.0,121.36606397888922,28.101147014579084,29.914003145205186,-6.409562509059907,-25.673764985799792,-13.46048963777072,-11.299365492431209,-3.608765319540498,0.599075943772246,1.0184291044128182
213.622843,93,86.821435,93.0,122.7408653754188,32.80998206747853,32.068061874265496,-6.674606372117997,-28.744325929880144,-15.384646053445401,-12.558694883338223,-3.6337934497196693,0.5553332932966626,1.0329199255317925
202.790379,105,87.013524,105.0,84.17823759271775,35.392444857090986,37.47127643250454,-7.7945793581008935,-31.02950154542923,-4.718246524572162,-11.759143085877847,-3.9501089160568057,0.3431493907052576,0.7206137204810409
185.457902,80,87.163658,80.0,109.49149822579133,26.791081161383907,27.750028887235775,-5.911998825073242,-25.250841039419175,-13.580232867244986,-10.479989851175132,-3.351643676172248,0.6050420480441326,0.9680672768706123
188.012612,82,87.436359,82.0,108.53966513053905,26.91120727273667,29.20994813393645,-5.61016764521599,-23.58355263471603,-13.461470793999561,-12.998938784679806,-2.994078721041925,0.5313184082539465,0.8713621895364723
268.254078,115,87.656976,115.0,151.17140430111627,41.2472299509878,39.920478673679426,-8.429750019311903,-34.92157508134843,-16.167138483740523,-15.44623746998497,-4.120334260965159,0.4778290586295385,1.0990068348479387
197.883873,86,87.821302,86.0,116.38506659588116,31.123836189142384,29.316868212592095,-6.297654471397399,-25.745162934064872,-14.696684248577311,-14.877111466880779,-3.3252846655492263,0.5327526610268042,0.9163345769661031
340.137166,152,88.095274,152.0,183.19902854896688,54.800308390002364,54.685396571682986,-11.216452429294584,-49.33855276703835,-18.001226661442868,-20.32039329079135,-5.670942713829545,0.2414017621764775,0.7338613570164916
180.481847,77,88.23694,77.0,104.34390576808872,27.986286240792285,26.40425591797908,-5.874050810337067,-22.492970490455622,-13.751052732099614,-10.206175294686062,-2.928351424871367,0.5796305122861405,0.8926309889206564
192.69097,91,88.400973,91.0,95.82929890352015,33.477350778553,31.724446489213555,-6.896704709529874,-29.993764877319347,-7.947721438193827,-11.231246621884829,-3.2706881572905666,0.47553744270641374,0.865478145725673
275.841715,115,88.610454,115.0,160.80100408735768,39.62210190809103,40.38828414538896,-8.446768881082532,-34.80919117927551,-20.511437546550216,-11.254807986562293,-4.947469268783658,0.6483958465792947,1.491310447132378
196.075362,79,88.752781,79.0,121.59866242424003,26.902982597695523,27.981785985938906,-5.857753045558929,-25.026142078638085,-14.955612761830963,-10.321217224172765,-3.247343501716786,0.5480327463049252,0.8658917391617817
204.700279,89,88.915983,89.0,114.34418819604038,32.70272020077314,30.503413632047504,-6.526221640110015,-27.803770244121548,-13.419128139121286,-10.65310047054776,-3.447822562919204,0.5627217152614512,1.001644653165383
208.380045,86,89.081243,86.0,126.55554185538729,30.940150073971193,30.33358026745842,-6.388354671001434,-26.46923038959504,-16.590635371314182,-12.787736248053907,-3.2132709401967277,0.595487220541005,1.0242380193305285
172.594763,74,89.334511,74.0,102.7453771680421,27.12996774158859,25.079205766510306,-5.2642844843864465,-23.675960648059846,-11.469207214644612,-13.938019756390533,-2.0123153910073155,0.5491594259304294,0.8127559503770355
119.426127,77,89.480898,77.0,31.965024343162227,25.5179383402846,26.96850581302416,-6.2312854242324835,-21.55385832190513,-0.6617639451491398,-9.857847682620461,-3.7205866068607634,0.11566582334495945,0.17812536795123757
167.387037,75,89.624585,75.0,88.64592357007861,26.60832971607637,25.949505951222115,-5.1082439064979575,-21.11261777877807,-8.510793246967824,-11.304573212480154,-2.7804941934977263,0.4927568721666291,0.7391353082499437
239.853979,97,89.803278,97.0,134.57222046227042,34.14661377506303,34.742837828352926,-7.081010546684264,-30.274550926685333,-9.901938558566009,-9.732475739616845,-3.617717755567353,0.36863877435329895,0.7151592222454
143.988632,62,89.913502,62.0,79.23383803231283,21.430781548795256,21.04868034292081,-4.548977112770078,-17.000355732440944,-9.18849571403853,-6.588659723534286,-2.3981792540113194,0.49383345591713307,0.612353485337245
218.2009,98,90.089733,98.0,117.57591571672538,33.41976677189214,34.535985359154935,-7.0472371482849105,-29.13332176804543,-12.877854099674554,-12.922988710840388,-3.3493658299869224,0.3885438869557442,0.7615460184332586
194.876243,83,90.234147,83.0,108.31611700254872,29.828562240397574,29.502917160846764,-5.775494647026064,-24.346865320205687,-12.623827790028805,-9.791987286457537,-3.233178264309897,0.5508232805597317,0.9143666457291548
228.911492,107,90.424477,107.0,112.75453878758702,35.469238262391755,34.74301968810438,-8.059542148113252,-31.192812645435346,-6.894397115513942,-10.850335062835285,-4.058217689506616,0.45147282144402834,0.9661518378902207
200.579751,88,90.584527,88.0,110.0385004442186,31.041757612570862,30.710389952676284,-6.358497244119645,-25.92950593829155,-14.628066214942262,-9.145815196727654,-3.1490122112978063,0.5297953972844848,0.9324398992206933
178.994688,78,90.725662,78.0,95.331645841661,27.923767365274863,27.197861353572584,-5.856245603561403,-23.998135769367227,-8.303188468575506,-8.379007700397521,-2.9220095048094468,0.5057720617438158,0.7890044163203527
235.627907,102,90.907018,102.0,134.1898681904713,33.34374504354976,34.76044823502698,-7.2299854803085335,-31.168669927120202,-12.146463836585992,-14.035824174931932,-4.0852109270736445,0.15494296026397578,0.3160836389385106
209.855829,99,91.082879,99.0,100.13143816298314,34.1560197084819,35.40070995037346,-7.463472583293913,-30.055651247501377,-5.43680422664014,-12.227778025911427,-3.64863286822468,0.5258648318383938,1.0412123670400197
310.030006,129,91.435829,129.0,173.2753191327052,47.20088935272375,46.98844570646596,-9.476422281265263,-40.577979868650445,-19.09748526017996,-12.022570586875592,-5.260189992737501,0.3753143744776149,0.9683110861522465
198.080788,90,91.5979,90.0,107.75832869210791,32.08270945705675,31.28228076917191,-6.699607844352724,-26.96694511175156,-15.231960584397966,-10.698186305358323,-3.4458307403430792,0.5471009781187679,0.9847817606137823
261.536988,112,91.799796,112.0,142.5514521235956,40.505356315925106,37.6814798179561,-8.279037508964539,-35.312071716785404,-10.53636200845706,-12.602101925276047,-4.471727011602272,0.2329523120538907,0.5218131790007152
218.667893,90,91.962464,90.0,124.2050874190924,32.46295700599453,31.27618013098647,-7.01780940771103,-28.940671503543854,-11.422193490859415,-8.234979168166923,-3.6606779516364876,0.4966925456818707,0.8940465822273673
342.860863,153,92.230049,153.0,169.76283776235607,57.15202937923384,55.60853431306991,-10.935479371547697,-45.00834091305732,-14.399059866871305,-16.277041093251665,-6.042617685240537,0.2934680147221572,0.8980121250498011
174.390618,78,92.367951,78.0,98.94911568844657,26.95611427644368,25.19140680668596,-5.787433468103411,-23.54521111249923,-12.249327819573645,-10.059065410264905,-3.0649807020016477,0.5382967873748596,0.8397429883047811
238.092216,107,92.563453,107.0,128.06171162288717,38.34729411074033,36.3925841739837,-7.782231576442717,-32.09750193357467,-13.328495689122462,-14.287498849347545,-4.213645528547928,0.49320024261931356,1.0554485192053311
260.545697,102,92.744938,102.0,154.28568806706681,36.18931695085038,36.05897798632881,-7.160012261867519,-29.76133812963963,-16.152243563384523,-10.521211326793226,-4.393480995494711,0.4957702642113903,1.0113713389912362
193.409123,95,92.910812,95.0,85.75864593981139,30.531257176148742,33.14187281207261,-7.19313310623169,-26.447032701969142,-4.900763483345655,-8.936282677509402,-3.5454411743309864,0.38881004147268605,0.7387390787981035
276.869387,128,93.257089,128.0,133.77462781520038,45.02012226265715,46.149585983426135,-9.599355559349062,-38.61246126890181,-7.610393759263339,-14.967022819869573,-5.2857157595668065,0.25299404457100105,0.6476647541017627
194.507186,76,93.392754,76.0,120.72911451290102,27.278079435789923,25.800916061381617,-5.574825568199158,-21.501401358842845,-14.201582565972753,-11.20499869969985,-2.8181155371030355,0.73596207182111,1.1186623491680872
186.390364,78,93.533635,78.0,107.14678768435776,28.683058514644543,25.938936507412954,-5.7759506821632405,-23.5794068813324,-11.57609057007269,-9.558543477260908,-2.888427236541951,0.5751371340074105,0.8972139290515604
240.336478,99,93.715918,99.0,135.99977711206134,36.76748923861467,34.695138458191316,-7.323612754344941,-28.801167148351674,-14.81609414987729,-11.31343324730185,-3.871619075436728,0.44400580087388547,0.8791314857302932
211.316224,84,93.870119,84.0,125.59824153147899,30.353488929232427,28.984775312272955,-5.974054658412931,-24.964261448383333,-13.577477699725785,-9.7275723018225,-3.376915184972263,0.6254027739422513,1.0506766602229822
75.027851,59,93.977481,59.0,10.331945476176006,17.220027244726907,19.6971555845618,-5.009229652881624,-16.464643615484242,-0.6111727904714952,-6.893969149763256,-2.242261971324659,0.09351791038152753,0.11035113425020247
330.837415,165,94.277755,165.0,145.18905890126385,59.59942813161167,60.56078451204323,-12.663845558166503,-48.90849523544314,-11.262271661730107,-19.92994971409134,-6.747294548858604,0.268911325752503,0.8874073749832599
188.627877,78,94.416895,78.0,111.80523590026915,26.895878172181547,26.95025332331723,-5.943032293319705,-21.51103953123092,-13.600357376949901,-10.960087598884833,-3.0089738701702413,0.5864713231058077,0.9148952640450602
214.186841,96,94.581678,96.0,116.66059512643461,34.40892431954093,34.219027325457,-7.0721658730506896,-30.20904610157013,-11.39321276427513,-14.501323751257013,-3.925957670362248,0.49169926555401366,0.9440625898637062
190.074733,80,94.7238,80.0,106.82224225690558,28.106613746026625,27.628815210335937,-5.753684515953063,-23.705233454704288,-11.792096834721994,-8.193841105254114,-3.0380823513497037,0.5901529334762705,0.9442446935620329
193.514896,78,94.861459,78.0,110.36489718927199,27.603345077718977,27.792677408071782,-5.6156913781166065,-23.054275256395336,-11.936701225340656,-6.442380712544184,-3.1969750500481706,0.47726383833489144,0.7445315878024307
221.409853,93,95.02678,93.0,127.27273378254677,33.447255879771774,32.62182122100123,-6.804961447715759,-28.720051640272132,-14.100216076673739,-11.359673583339042,-3.9470552853160763,0.5417948846214511,1.007738485395899
256.239596,112,95.339951,112.0,132.62403058657094,39.921318061125675,39.766559775116434,-8.462036039829256,-33.90292741060257,-8.569997288028544,-12.632472487988963,-4.50487932623988,0.5870647111818093,1.3150249530472529
207.653265,80,95.487075,80.0,127.78020854827137,29.42772321309926,27.665933927048368,-5.924722077846526,-25.285436803102492,-14.337658255362104,-8.594026560869633,-3.078756504739266,0.6874269008628393,1.099883041380543
174.805606,74,95.617414,74.0,98.10781561609602,26.068850104389707,25.383314932730016,-5.495032896995543,-23.399107801914216,-10.618705526889183,-6.008495455467163,-3.2330329017660007,0.3598954699708578,0.5326452955568696
196.140205,82,95.763164,82.0,111.77963901410163,29.27916589683368,27.87761451934045,-6.221339390277863,-23.684672504663464,-12.538793858834124,-9.194016272073972,-3.157392887205639,0.5778710474936309,0.9477085178895549
149.327377,102,95.944051,102.0,35.274012294572934,36.194940655421284,35.64188120019921,-8.263385518789288,-27.290687844157226,-2.9104732992018043,-17.724295082262966,-3.594615458470361,0.23724092937225028,0.4839714959193906
259.307713,113,96.14665,113.0,143.56986085928148,41.200249617889185,37.952732750982776,-8.581453385353093,-33.069643789529806,-15.750664725818321,-14.007472752818078,-5.0058960724055455,0.564499085210854,1.27576793257653
267.859731,113,96.348505,113.0,152.8445558030802,40.22424634942198,40.689440081565365,-8.30148766517639,-34.89353396296502,-15.337357630095134,-15.769882751108302,-4.596248799839578,0.201130933385391,0.45455590945098373
317.433016,163,96.643662,163.0,141.1178722029281,56.020676953689296,56.24832918949962,-12.830250320434569,-51.157401585578924,-11.129054009216006,-17.572884397351164,-6.26427190736091,0.34060697058924966,1.110378724120954
232.552742,92,96.80793,92.0,143.87488735920397,34.01762297927742,30.574839412373937,-6.824696645736694,-27.21813238263131,-18.609089901795528,-12.011137632254831,-3.2515515832720876,0.7234562938911975,1.3311595807598033
332.275886,157,97.274706,157.0,158.320716439813,57.94628859662098,56.15733147643155,-12.172842860221863,-48.988598358631165,-13.281175269446448,-17.138886131043563,-5.566947566732384,0.40050406760862683,1.2575827722910884
175.846266,109,97.474522,109.0,53.08171190369095,37.28108209406937,38.633820843842685,-8.750988953113556,-33.57900077700615,-2.009560161205498,-13.728355325941694,-4.0824433777754345,0.4321002838619358,0.94197861881902
395.211513,173,97.782286,173.0,210.03766701051504,64.46147020129885,61.899216098850495,-12.885313060283654,-50.594328320026385,-20.769552618081175,-22.374254445179375,-7.563392119127838,0.4086903502266481,1.4140686117842025
275.131378,119,97.993843,119.0,154.0420691859471,42.935619113434846,42.743766642875805,-9.352389860153203,-37.17959744930268,-16.7285645924759,-15.049804439003724,-5.279720871163204,0.5579586793003841,1.3279416567349143
274.710738,116,98.197784,116.0,152.300321973153,44.09922477252166,40.7264400261632,-8.632271349430082,-35.81440811157226,-17.276754786700934,-12.182967022575847,-4.508847450629935,0.5532600740033711,1.2835633716878208
194.726684,85,98.344239,85.0,105.49078119869917,28.135948143803358,29.00732182529692,-6.423098282814025,-25.585998880863187,-8.368538067646847,-9.58129271503237,-2.9484387407870054,0.5250989878240361,0.8926682793008613
241.929041,101,98.521278,101.0,143.43750341575142,35.445706097154016,35.544806076178055,-7.3380988574028025,-29.36213911771775,-18.406114404475147,-14.415675684558536,-3.9769465981534076,0.6114420648460174,1.235112970988955
253.900267,105,98.707125,105.0,145.68354503265607,37.31127607611239,37.865872791487256,-8.047891106605526,-33.39682259559631,-16.08404876736633,-10.149868909555241,-4.28179512805435,0.503245026052179,1.056814554709576
246.061216,116,98.911561,116.0,122.48484787903105,40.82272186856683,40.434749164843694,-8.835918300151828,-36.39963604211806,-11.808576516895673,-12.251732218205,-4.385239488942723,0.5670422411153715,1.3155379993876617
265.180818,112,99.230722,112.0,143.002057654881,41.40909761550205,40.422914666640665,-8.38321919679642,-35.469836199283606,-14.983396994909478,-8.626251289513046,-4.190548107870416,0.5080360835532347,1.1380008271592459
237.301754,92,99.397188,92.0,147.33986934562023,33.57639034695623,31.05315364172717,-6.986819546222685,-27.160297429561616,-17.252880095125217,-11.510180267109225,-3.7574818905890806,0.6732588008223855,1.2387961935131895
249.775008,113,99.608902,113.0,127.01079390104405,40.60992235362658,39.80249778987284,-8.377199149131771,-36.57135840654371,-11.214934876118337,-10.358310931850456,-4.126403005893487,0.43286901932043986,0.9782839836641942
276.509419,122,99.833422,122.0,132.70255016795534,45.12493954712034,44.14385212407934,-8.945545337200164,-35.2577820122242,-8.887618934674807,-9.839394670077162,-4.5315814958073215,0.5082810992524378,1.2402058821759483
261.732911,108,100.025485,108.0,150.7791061604135,39.21314976678555,38.33547508921769,-7.824178757667542,-30.414980846643452,-20.587362403788042,-11.231604861022872,-4.536692805967766,0.4533766709477783,0.9792936092472012
305.538769,139,100.277566,139.0,159.04143393475533,50.74023906597005,51.39967808728885,-10.576541321277618,-42.48935086727143,-14.952159453333294,-21.051549736013953,-5.572980360256211,0.4052438311457366,1.1265778505851478
318.015269,134,100.524427,134.0,174.0767898899495,48.930171164726836,47.89552708651389,-9.845823693275452,-41.007136642932885,-18.171558469469524,-12.128655625089152,-5.734044639096768,0.5147516785461869,1.3795344985037807
319.455361,149,100.806934,149.0,159.0247133550474,54.31903247126425,52.6557965427974,-11.714048774242402,-47.01433169245722,-11.11113086710633,-19.653064147164763,-6.0516056332358055,0.21855381945185393,0.6512903819665247
192.023808,82,100.96203,82.0,108.45867702710694,29.537919633625545,28.58590658255193,-5.982209959030153,-26.027115941047672,-12.097061003638267,-9.483247435264884,-2.969060539279525,0.5589353809284767,0.9166540247227019
146.993609,73,101.20508,73.0,73.47459269838207,22.820063940088186,25.40996535424152,-5.37381259918213,-22.53528738021849,-9.069338312049673,-8.057549196257362,-2.6750257763459215,0.16282088130456482,0.2377184867046646
273.929397,107,101.391347,107.0,164.21906390530611,38.2448373724011,38.414799353269665,-7.871694567203518,-30.69646788537502,-20.36895214140374,-10.417745596185751,-4.594443276089815,0.6509026889350554,1.3929317543210187
420.074998,175,101.704106,175.0,224.20805516280777,66.37452376153416,64.60343003367016,-12.975754717588421,-50.629504793882376,-19.504990445774254,-20.388534802702548,-6.612226460190053,0.4732372130249215,1.6563302455872253
241.48621,99,101.87934,99.0,137.6701502634712,35.19323220245845,35.43739528384966,-7.300360949039456,-30.345702242851267,-12.991509798560866,-11.272558970850486,-3.904435521661399,0.6252001746780215,1.2378963458624825
308.370724,130,102.112206,130.0,165.9570546556711,46.11646746676325,46.61137185121598,-9.70318974018097,-38.03212196230888,-14.678128917325633,-12.130941543506621,-5.769787348313126,0.5442826537043532,1.4151348996313184
251.314516,108,102.306608,108.0,134.86164134057918,39.742561561394695,37.741752021319584,-7.700938386917112,-32.32836478948593,-14.621459546134243,-10.40611531635712,-3.974560662434706,0.5426037735389292,1.1720241508440872
156.651072,102,102.487339,102.0,44.602537132799895,33.458971265125996,34.74579173849331,-8.47170415878296,-27.437633705139163,-1.3549648514608559,-16.621127127334205,-4.27079827463224,-0.02738664510968523,-0.05586875602375787
144.437682,63,102.601043,63.0,81.81895805076722,22.73060412225009,21.035254197331263,-5.120641305446624,-19.30147060155868,-10.25545763156884,-6.9741872106540335,-2.495377174151264,0.45161839980929636,0.5690391837597134
295.854337,131,102.841712,131.0,151.0996409742017,48.47168161280099,47.29940022979505,-9.272863205671312,-39.4986508667469,-13.774843050333779,-14.755060473473732,-4.714968162025247,0.44835186840286895,1.1746818952155167
166.051366,67,102.961774,67.0,99.418740265244,24.27771020833427,22.915878412578934,-5.10235832929611,-19.3467137515545,-11.496483407894614,-8.679923762873512,-2.9354836660184866,0.6220804064483368,0.8335877446407715
226.482827,98,103.268621,98.0,122.8405847689032,35.742614555705345,34.9086464053447,-7.314112544059754,-28.93315114974976,-13.708416505436992,-11.245916294796096,-3.807422244589775,0.48554790924832675,0.9516739021267204
212.844433,94,103.434953,94.0,119.81415974149857,32.46896882171351,32.68119888839975,-7.273476786613466,-29.343723821640022,-15.138804383381345,-10.125521307063412,-4.238367700613938,0.5793373407842085,1.089154200674312
464.786132,207,103.799696,207.0,231.02976233616243,75.95301005843058,75.06373619264524,-15.135902237892147,-59.95057755708696,-15.952352222116208,-24.637865149853063,-8.583679306313595,0.3728127099537537,1.5434446192085403
219.667517,88,103.957275,88.0,127.5353713013767,30.961874653233455,30.717681238534496,-6.290147379636766,-22.911185801029212,-14.536036824345004,-9.829601020274694,-3.9804387780098134,0.6702590053687195,1.1796558494489464
472.938641,213,104.339042,213.0,235.7854751065,79.49499013300688,78.32603063662297,-15.673229794502257,-64.97443367242812,-15.765130159665066,-29.006366486300262,-8.24869525297694,0.40840121198168594,1.739789163041982
266.441625,114,104.543108,114.0,144.65092236530228,42.10767728469843,41.574557485439804,-7.9066899752616875,-32.81918127536774,-14.490388624560147,-16.551723792313027,-4.123548431615831,0.5248646220528784,1.196691338280563
423.718614,200,104.902196,200.0,193.98910776802217,73.70023832277967,72.92973689687334,-15.39936415433884,-56.94985328316686,-16.04064954054978,-20.349631169613247,-8.160970744551275,0.0977927091134802,0.3911708364539208
206.828184,92,105.187234,92.0,111.98150452054166,32.64974141972044,31.359894629458488,-6.914060466289519,-24.495169383287426,-12.16638643944627,-13.638172129451071,-3.9491682303607765,0.426573668471393,0.7848955499873631
156.493889,71,105.318005,71.0,87.48646237086265,25.529260055151212,23.31147900777165,-5.578031623363496,-23.510829412937163,-11.057048292489892,-8.031279420982983,-2.656124141873512,0.46347568381303655,0.6581354710145119
237.272163,99,105.500056,99.0,142.12414643704423,34.679352461517716,34.68206704589667,-7.465532555580143,-28.308344763517383,-16.770406374892016,-16.15232309484261,-4.516796063756539,0.5703968020800494,1.1293856681184977
288.175402,115,105.720219,115.0,167.85447533925714,41.89200268280944,41.02357607284663,-8.406264290809633,-32.3649304986,-19.936618574500717,-11.946123226378386,-4.940715221151975,0.5632422358088415,1.2954571423603356
337.076796,144,105.98258,144.0,180.02287392066026,54.3015871958954,51.29566701083127,-11.06697254657745,-41.72776371836663,-17.44642417113068,-16.086810568855146,-6.215361549701591,0.5537261128947096,1.5947312051367637
239.703367,101,106.165437,101.0,130.42927688070907,37.79112351585701,35.02584548104727,-7.033246376514435,-29.256922394037257,-14.664607779075961,-10.23157808545574,-3.3565246686042807,0.5716722344606231,1.1547779136104586
95.502463,111,106.371015,111.0,-22.6709568919876,35.98661328185101,34.989587550169716,-9.79143741607666,-29.622167146205882,-8.380310798782526,-12.20878562668068,-3.8000800001986885,-0.08004176328595979,-0.17769271449483073
317.15752,128,106.592461,128.0,187.8314634664235,47.309785158835915,44.28265186442031,-9.96226617097855,-35.98975995182992,-19.709196348941894,-19.188871313557925,-5.416286730421849,0.6167145991556333,1.5787893738384213
338.979538,155,106.864413,155.0,169.50778824509086,57.11540642683748,54.68872731804925,-11.923526992797854,-45.66440523266793,-13.24017071144848,-20.473401002108343,-6.030879580027516,0.43937897766678113,1.3620748307670216
348.176268,139,107.22573,139.0,212.69651915703258,50.55319212337568,49.68870417584924,-10.907898988723753,-43.3496672511101,-26.40839203288654,-17.436286840393823,-5.65990190272588,0.6631343909192908,1.8435136067556288
139.584348,92,107.386802,92.0,37.66091096853607,29.201168255905642,29.05541839752635,-7.6949437260627755,-25.127179783582687,-1.3019730687355693,-11.172146010758665,-3.0369073576119443,0.35345806521826656,0.6503628400016105
353.902395,136,107.632817,136.0,208.76133355717852,50.51401818203247,48.39359038429296,-10.056851825714116,-39.35342223644257,-21.798183045708143,-12.827692827931331,-5.73039747460214,0.6600187080734643,1.795250885959823
206.206534,101,107.812541,101.0,103.50228370445149,35.50721002518249,34.19658850001682,-7.771904668807983,-31.145450258254986,-11.140013088262076,-13.666237168039316,-4.275943228260182,0.3651476487152078,0.7375982504047197
227.203871,102,107.993639,102.0,121.02888712562054,35.75837063760348,36.427841830537496,-7.884288146495816,-32.516286146640766,-13.934596495455196,-9.652048209750825,-4.024009966481202,0.4363109435273694,0.8900743247958336
440.3367,186,108.319103,186.0,237.23342650692436,68.98565825654836,67.35968955243803,-13.893211944699281,-56.57183081507681,-19.31070889993419,-21.49418562567302,-7.972137074747062,0.5380214854205849,2.001439925764576
398.885143,180,108.62747,180.0,205.34397645033195,65.7383265119156,64.24225420059152,-13.71542752504349,-51.404780632257484,-18.77136577489632,-24.207421171610488,-8.340418903783052,0.30298317977955413,1.090739447206395
302.107159,125,108.958429,125.0,163.93086890951443,46.000039416100876,45.774125498438295,-9.185740041732787,-35.93045269250869,-16.338220176306756,-11.942249719132203,-5.201211882888641,0.2714312340952375,0.6785780852380937
320.324644,132,109.184058,132.0,179.57584122298883,48.975932625484056,46.88064989226788,-9.743617027997974,-39.5955083847046,-17.88490448276419,-14.688776854783061,-5.194972726851408,0.21269806290724777,0.5615228860751341
161.94664,141,109.425855,141.0,3.52853264704799,50.35448834648174,49.75723950786772,-11.933264312744143,-38.950051429867756,-11.088697776190275,-14.98669758296091,-5.734909452016385,0.0011272760458626335,0.0031789184493326264
222.298788,88,109.576997,88.0,135.21005858545396,30.05456024568655,31.15444620637416,-6.685856578350067,-25.95095376968384,-16.229078033693543,-9.5233521788093,-3.7310363812427862,0.6597145448377036,1.1610975989143584
235.645864,98,109.746326,98.0,136.99816830936066,33.942372635767,35.031179265710925,-6.955244835615157,-27.04956179857255,-18.77156996380832,-11.969021913728001,-3.5804578742662976,0.6415550141556717,1.2574478277451167
338.612164,144,109.993912,144.0,181.5303691590722,52.41093706032917,53.23899592667497,-10.81059807419777,-43.88099853396416,-18.035458161169615,-14.104407666776819,-5.736675654794076,0.4541155518071222,1.307852789204512
209.56356,105,110.174363,105.0,99.99962099282233,36.17261135270758,35.39636141463612,-8.183523466587067,-30.995483613014223,-9.172191480295346,-14.71286861741312,-3.9409666569157675,0.39324587864173943,0.8258163451476528
562.367587,234,110.575549,234.0,295.28723829664216,88.45982932777932,86.8622380444555,-17.460161681175233,-68.79929685592653,-21.680124054539903,-24.222782005480685,-10.079354474762237,0.3254726613067399,1.5232120549155428
180.207609,76,110.822389,76.0,104.93789950073307,26.474204842143255,27.21569429966761,-5.289532083272935,-21.278186976909637,-11.914126937593734,-12.525527364092953,-3.412816223284504,0.44098914243042886,0.6703034964942519
237.90729,99,110.992109,99.0,137.85117830967948,35.148970770529075,35.33432956340378,-7.663646781444548,-30.07907173037529,-17.744873309497503,-9.94445016937065,-3.99514656703738,0.5850369210803432,1.1583731037390796
502.63268,199,111.333339,199.0,278.87978146075073,74.44736576920702,73.9180692380297,-14.553696370124822,-56.540125411748875,-21.989895267483952,-21.744024760731,-8.784794752726484,0.5351123441819419,2.129747129844129
481.813191,212,111.708056,212.0,232.80846119443993,80.56104972443183,78.81893607792178,-15.243791825771332,-59.52772717475892,-16.45812373363781,-22.388472906271428,-8.757140541632392,0.08090332919374162,0.3430301157814645
299.578663,131,111.947296,131.0,159.04040609068193,48.04443196688099,47.06655990735305,-9.973776445388786,-38.14504501223565,-15.24969919360545,-16.729341422518306,-5.4748725275213515,0.46894573026752717,1.2286378133009213
351.211767,147,112.221434,147.0,191.75719856467595,52.39576056538169,53.463270451165165,-11.27441447257995,-42.87240711450576,-16.062147614464266,-16.609478088207002,-6.586015336069899,0.4926086437298685,1.4482694125658133
420.795126,174,112.547706,174.0,229.7636270074082,64.71803559117267,64.44427074215109,-12.801844605207442,-48.99874119758605,-18.90129669036855,-23.814387808976047,-7.61453683480467,0.4112749573369125,1.4312368515324554
256.038214,117,112.869789,117.0,125.11076520974815,40.302161073990995,42.71447323706328,-8.9557850432396,-34.138939827680574,-6.852066099335499,-14.807846881612896,-4.334548150823391,0.5497204620887409,1.2863458812876538
177.049631,131,113.095587,131.0,32.35282941201143,48.12722668727825,48.67869423256787,-11.091169533729543,-36.866170781850805,-10.91172514376889,-18.31131826403163,-5.928735122306061,0.15535411025991683,0.4070277688809821
380.587156,163,113.376317,163.0,206.80501055340608,58.75368232457546,60.2489983138832,-12.577080433368677,-49.79393665194511,-20.44261239273921,-18.214339677879718,-7.192566156177918,0.4151661598075165,1.3534416809725038
495.313141,205,113.769173,205.0,267.9143457928569,77.01302306439109,74.01099181803642,-15.826651210784902,-59.12330030798915,-22.49759479387398,-21.439718308005823,-9.737955418192058,0.5065940314931415,2.07703552912188
206.896398,144,114.033104,144.0,48.11973304728893,51.084463663431414,50.489157451165575,-11.889196827411652,-38.33184209465979,-5.402754055927187,-25.598428226063046,-5.574735075616243,0.1974479727450794,0.5686501615058286
687.677973,308,114.600705,308.0,325.8789288883936,116.82617926314681,115.07096396382484,-23.111214535236364,-89.94633915722366,-20.44316667954197,-31.420733130304146,-13.176645350503431,0.13627943440091547,0.8394813159096393
299.880523,132,114.977849,132.0,158.7567705348803,48.28718488851858,47.373222693572906,-9.719305737018585,-38.79513224363326,-17.605513596868676,-15.327831576341183,-5.088872413054117,0.5097198277710477,1.345660345315566
573.432547,250,115.457673,250.0,283.5958457315687,92.37843236104787,93.25043219032013,-18.144907984733575,-71.91129509210582,-21.207571416470056,-24.485535982876762,-10.042852553639165,0.3808301253369613,1.9041506266848065
133.263972,69,115.603085,69.0,58.616176930263244,21.83922089732198,22.680555374923337,-5.664293489456175,-18.58878695368767,-2.196969256583657,-9.590871310856706,-2.8310604534103705,0.08641425791210505,0.11925167591870497
553.31134,240,116.026946,240.0,282.5065829351947,87.45625440248277,88.35387117834992,-18.74910047888755,-69.3003129005432,-20.887507397603283,-25.58416712266399,-10.484280698311519,0.4828426750062034,2.3176448400297764
362.488601,150,116.29714,150.0,210.5085918904066,55.212051564592635,54.631179223618325,-11.723758511543272,-45.87904822826389,-20.205544596149327,-23.86198798322695,-6.1928821166020445,0.5902695596057719,1.7708086788173156
620.499764,270,116.944877,270.0,303.82191836525027,101.78118804867175,99.83311128977977,-20.08165210247039,-73.58298488855363,-20.20940081067419,-29.48221485931218,-11.58020140784055,0.38303127003029375,2.0683688581635864
435.113109,193,117.298921,193.0,225.51287685345952,68.41414008104402,70.37723260065756,-14.858827042579659,-55.308267515897754,-18.53666873848113,-25.526533767414115,-7.960843076868067,0.46928488131329377,1.811439641869314
552.11601,262,117.772969,262.0,236.3050897135828,95.57948091682482,97.12368259166838,-19.813714892864233,-74.05782418847083,-12.219213985760227,-22.527429956083576,-10.274060454513176,0.38441723209694456,2.0143462961879894
393.02428,169,118.082982,169.0,201.78072561577275,64.08816759204666,62.92482889076641,-11.741311032772062,-46.35787637233736,-20.227387132515375,-19.924048176214193,-6.518819580217892,0.453561843927968,1.5330390324765317
625.519107,264,118.573519,264.0,319.2878782973317,98.46679002269002,98.84002576776484,-19.103075608015054,-73.3434632509947,-23.054562660857194,-29.04199252820212,-10.532492632223677,0.44479332127669996,2.348508736340976
285.303809,117,118.902478,117.0,160.62361347302343,42.44359249025602,42.33032623447132,-8.85789216041565,-32.72960625290871,-16.23547457709254,-13.865403263585167,-5.405347429106191,0.5470001989476602,1.2799804655375246
279.615963,139,119.154947,139.0,127.3834232631646,48.256545487639144,45.527274792287024,-11.25704583644867,-37.8991982281208,-7.559812702477829,-18.05265330740123,-5.782570351596871,0.2609800330748486,0.7255244919480792
298.905585,124,119.383106,124.0,166.46031920640408,42.73600735006578,44.97934138778725,-9.57550284147263,-34.609657359123226,-16.81314583644432,-12.36030853785551,-5.911468098960268,0.5848925570368159,1.4505335414513032
678.349995,298,119.933165,298.0,330.904272694245,110.27127804999864,111.51111228608131,-22.001242322921748,-88.43073508739464,-19.708135703283514,-30.65080751404243,-11.545747264818056,0.45782015461139647,2.728608121483923
250.950006,101,120.119901,101.0,150.2053761684383,37.351708246892805,35.65455418689481,-8.01586303114891,-29.875620102882383,-19.287895858310975,-11.561960242843915,-4.520293208883736,0.66855777924499,1.35048671407488
790.916857,347,120.871992,347.0,384.2477382781415,130.3294909499514,128.86621783421205,-26.313395618200314,-97.53513024449349,-23.97463124097947,-37.26120783855225,-14.442225048005666,0.3011972253795036,2.0903087441337553
481.156313,204,121.236509,204.0,247.6704636727829,75.62732733164879,72.40784594794893,-15.888476041555398,-55.690136796236025,-19.346863301615556,-19.169376853548936,-8.454471012475674,0.5084496828526611,2.0744747060388575
263.202435,170,121.545089,170.0,71.63359551072666,61.367332249363315,61.85887068526,-14.07764357805252,-44.7531494438648,-7.7645650052874675,-28.49681463544183,-6.565190974073784,0.17232842843440305,0.5859166566769703
188.333277,79,121.69316,79.0,104.76322455693042,29.303729877223738,26.381866313242092,-5.9716296887397755,-20.214772301912312,-13.84838591331176,-7.861204097834527,-3.2195514136573937,0.5306294334267494,0.838394504814264
307.313081,131,121.935893,131.0,170.15493278297257,46.97299513303699,47.363284457865184,-9.894018602371213,-38.12013350129127,-17.2429458487364,-17.212774712451132,-5.7082583615618265,0.5563794833306094,1.4577142463261965
277.648808,113,122.151233,113.0,161.21409627627253,41.227437966949275,40.08733621428207,-9.010626578330994,-31.828771215677264,-20.26841389982091,-12.525570377878731,-4.246680628580248,0.6497285798111084,1.4683865903731053
328.853813,136,122.403102,136.0,180.19502452358896,47.46822242753576,49.34021002734446,-11.034833128452306,-40.023223382234576,-13.663652094851313,-13.975434070355496,-5.4525010590661935,0.5425256526483131,1.4756697752034118
746.682531,332,123.136267,332.0,357.98949062879853,124.78313857435533,121.96723295613694,-26.092157037258175,-96.15648916959768,-26.748727598573264,-28.219836199811155,-12.840120849245304,0.36260852176231506,2.407720584501772
491.87024,200,123.511756,200.0,273.2738389892841,73.79668236501512,75.05149459609532,-15.131033878326418,-57.62296760678291,-22.985621122772873,-25.760051442740757,-8.752101672361528,0.38811026569813617,1.5524410627925447
405.367694,229,123.936082,229.0,131.75350043095423,87.69920966874115,87.02301392658688,-17.74014980077744,-64.50392056107522,-11.19761910334825,-26.621073645902776,-10.045266717790371,0.3243572832922827,1.4855563574786548
424.735995,177,124.34019,177.0,228.05517769139018,65.8491920040422,64.63428529556572,-13.648457462787627,-51.58468003869058,-19.322904095317217,-18.765732377221006,-7.48088553549594,0.531894154725688,1.8829053077289357
665.21665,289,128.516548,289.0,320.4322756198213,110.10338123589099,107.44883906517984,-21.227915153503403,-80.78717583417891,-21.28511321074221,-26.65437029486202,-11.813271265799662,0.254209782111403,1.4693325406039095
714.527344,291,129.288139,291.0,381.911238763154,110.24845795345836,108.83053929818782,-21.825191285610185,-86.33044897913932,-29.523311573243813,-26.671742303047928,-13.112197832581229,0.15393162756144563,0.8958820724076135
360.791564,176,129.84745,176.0,153.74546604392134,61.29307526107068,65.04797597670473,-13.564360824823378,-50.26086001396179,-8.745704250350832,-15.91948826917866,-6.804539667717445,0.31801215570161867,1.1194027880696977
479.104809,245,130.483624,245.0,192.69139327898932,89.40910674702086,91.63895764356843,-19.689532614946373,-67.81678895354271,-12.425558471851499,-28.989092264625903,-10.713676692956307,0.2504351880937307,1.2271324216592807
97.125389,84,130.691628,84.0,3.1603033184013585,29.37044078220578,28.289891287871647,-7.447851104736329,-20.96965240240098,-2.6961539075953294,-13.4736174123669,-3.107972019943065,-0.024886905561658366,-0.041810001343586055
414.81089,167,131.096099,167.0,234.05625689191805,60.032344149202665,60.44878379476467,-12.624813046455385,-46.98052039146423,-21.670285884673426,-18.941112528836438,-6.509762573677377,0.3705878048101673,1.2377632680659587
598.005184,257,131.945192,257.0,305.5365516539769,94.53885736888535,93.5517669322032,-20.209753668308252,-72.00570997595784,-23.32834957789017,-26.30624193129716,-10.771936639634578,0.07732738918001095,0.39746278038525623
422.671288,166,132.654019,166.0,245.86676655057863,60.75671483862262,61.74611758638794,-12.250116047859187,-44.70604240894319,-28.024794074492224,-19.091614079075935,-7.625744845132185,0.6816455115087142,2.2630630982089315
514.960431,223,133.320247,223.0,256.2766249663419,84.04786913439067,81.91580918509685,-16.784966579675665,-61.49065801501273,-22.03977154413561,-20.421323370917268,-9.543153169693822,0.2882696838477415,1.285682789960927
334.382086,186,133.804876,186.0,114.65499997885307,69.99842965639483,70.90421224024857,-14.382772476673123,-52.174327641725576,-11.005840456736662,-22.53704942146028,-7.075565962072707,0.2639854806764392,0.9820259881163538
795.57926,318,134.98665,318.0,425.46760550667165,121.31484045783303,118.7233205760988,-24.02400618553163,-86.19390618205068,-32.62398736290793,-30.252061734619275,-14.832545391001853,-0.012064240619537767,-0.0767285703402602
582.003629,233,135.771458,233.0,320.3585273311488,87.36996175153907,85.93648407698714,-17.614604430198664,-67.1611827135086,-28.020976365458445,-22.50882523074246,-9.35575564445275,0.4157932342994886,1.937596471835617
203.521311,111,136.14036,111.0,74.17714622102152,37.012723129536106,38.26125190485625,-9.270434191226952,-28.69741822481156,-2.9155012798193405,-12.008257864275551,-4.038198761313252,0.3816522902590324,0.8472680843750521
888.929542,371,137.550344,371.0,448.79581598655795,140.92987558866625,138.567734435775,-27.166422410011283,-103.30114504694943,-32.829109861700665,-31.789609026930545,-15.277597225420715,0.19995004542041872,1.4836293370195068
815.266334,359,139.411314,359.0,387.3975738647982,131.93343166848717,134.1135202032172,-26.7458794617653,-97.2310793757438,-21.020071442179873,-36.623887910413714,-15.557273473034009,0.010500139073525995,0.07539099854791664
324.842141,145,139.913328,145.0,163.83597267357553,47.38367107164093,53.21272197724151,-11.337061535120005,-38.330287861824026,-15.590423979290122,-12.940666069885083,-6.391784984428238,0.42623804271864435,1.2360903238840686
1108.185007,485,141.571079,485.0,533.1154469153246,185.01721274945822,181.41252597316,-36.33283652544022,-136.61308599710466,-31.170145598584526,-51.03060999089644,-21.213500564695234,0.06273061996224298,0.608487013633757
408.449902,161,142.011533,161.0,234.10742177076213,59.70943606112569,57.90314323099603,-11.689877638816832,-41.752916920185086,-25.475771624115474,-19.198649633852103,-6.152883206725025,0.6410282263794237,2.0641108889417445
848.50362,374,143.002956,374.0,405.28151737801556,141.05075471735495,141.489372060745,-28.474629207849492,-105.34487429261202,-19.803466068776586,-42.23982994159656,-17.45522482191907,0.0039909613008411214,0.029852390530291588
1247.346623,513,144.029062,513.0,653.7255732181508,193.85698362136125,190.35644253593068,-38.927597122192346,-142.14792588651176,-49.86164015756986,-51.015509321973184,-21.63970376702017,0.38854056170846185,3.9864261631288187
300.678508,116,144.258499,116.0,177.00295214911915,41.577492069386196,41.13327009562105,-8.701726260185238,-30.544501733779896,-22.19998880291043,-8.80572911091492,-4.78326039244335,0.7026858472443828,1.630231165606968
1250.290996,527,145.321668,527.0,624.5685045263745,200.83966435852963,199.64386670775176,-39.58124200105671,-149.1844671189784,-38.92968686716178,-52.16542020782382,-21.90022350404989,0.19008201327517443,2.0034644199203386
685.421871,343,145.93452,343.0,273.2144285245836,129.68802261666627,128.72066016176672,-25.93668983221053,-94.29595106840131,-17.15997955990393,-38.39953624961851,-13.409083168005324,0.3180179446702448,2.1816031004378793
2230.822707,1000,147.857908,1000.0,1003.081456601209,386.8064485637287,384.2852045416246,-75.5539322721958,-282.5081744521853,-42.66674181950219,-101.24615414603015,-41.37539989692141,0.061536550726364915,1.2307310145272983
1549.032512,668,149.163833,668.0,751.5603100583626,255.4600439320241,249.10171545633537,-50.92266828894613,-193.59387716650986,-43.83959707766136,-58.92038264818255,-27.81303213294375,-0.10373719581024884,-1.3859289360249245
1252.04027,581,150.215399,581.0,558.2543627996271,220.27930031425265,214.12692006514368,-45.89355521917344,-162.02796500325204,-31.23527746617581,-58.66911771484554,-23.794397828173146,-0.04632936026705963,-0.538347166303233
755.970157,337,150.944886,337.0,367.5713221441486,124.18257994338427,123.13478842477656,-26.831801381707184,-94.10879579782488,-21.00653308539912,-38.896639477139466,-15.074763749722921,-0.16963310506466367,-1.1433271281358333
927.434462,376,151.616032,376.0,481.4391292802069,142.05761668646775,142.5906875342693,-27.738061779737475,-102.05675153732307,-32.80040904088749,-35.319052361564026,-16.73869629515687,0.32477664155031216,2.4423203444583477
905.520556,377,152.420383,377.0,456.31983194659375,143.04232273062107,142.72132829124163,-28.05582561850548,-104.80310620069507,-29.19040902920994,-34.41602166793958,-17.09756462133035,0.47769284231446973,3.6018040310511017
217.90976,149,152.682844,149.0,43.19572155371646,53.559410771279616,55.119944297731735,-12.330096001625062,-40.9181232511997,-4.750611830771953,-19.60494429349522,-5.3615407539156115,0.08929207080483491,0.26609037099840804
306.449179,174,152.994838,174.0,107.40063275524163,63.65183601895503,64.07094969414518,-14.535888011455537,-48.448751050233845,-10.013016229740005,-23.127928890722693,-6.54865554466578,0.2846424888006978,0.9905558610264285
526.184972,211,153.362855,211.0,290.77908126966116,79.82446846416421,76.97025120281424,-16.15236075401307,-59.19616730213169,-26.073892931383526,-21.48372496117383,-9.482682847965759,0.5328626140546118,2.2486802313104617
278.598873,137,153.60679,137.0,119.27499865444425,46.39912461883606,49.46800740208486,-11.011007971763618,-38.06562047600746,-5.053296751691453,-14.012809138708281,-5.400523197823763,-0.012754049785192003,-0.03494609641142609
1787.378287,737,155.033738,737.0,900.2570591088514,281.8726291639609,278.9251608120253,-54.95222940206525,-202.3329967588186,-56.134270616575925,-66.6631143037339,-30.593951158596443,0.21015136056334802,3.0976310547037498
1658.372752,735,156.528454,735.0,764.8041418720452,279.66002648144513,280.8673835406264,-55.69838034987449,-203.65666651725778,-37.83053249117158,-72.15329429919,-32.61992587416505,0.06812754959876997,1.0014749791019186
2170.579805,929,158.417558,929.0,1044.5074176010255,357.16560475045486,350.42689644819257,-69.86117619395255,-261.33616434633717,-60.626909710082955,-80.1715864494573,-38.52427733078823,-0.09830221512877109,-1.8264551570925671
2287.572214,1000,160.354519,1000.0,1040.4861934049877,386.41627603032083,386.42895203186,-74.20610812902441,-282.905556464195,-45.43381180236026,-81.91536338830271,-41.29836808113151,0.005173235472353587,0.10346470944707173
180.996436,92,160.515463,92.0,75.51391903529512,29.303937486291506,32.22180688008082,-7.993548417091368,-24.877463549375534,-4.605698197514834,-6.788349946955926,-3.7781668001068383,0.2823532644197498,0.5195300065323396
2378.623604,1000,162.427999,1000.0,1157.1628749088427,388.1192477999218,383.0385325719709,-75.23712836384765,-285.2178568452596,-57.97115473209607,-88.65679392487802,-42.61411782994574,0.13958095512699328,2.791619102539866
2195.221559,946,164.121816,946.0,1042.318902826029,362.6742641665066,360.86927907822997,-69.71008951544766,-268.2530512541534,-53.72853836647156,-85.97172544481997,-38.97748250796615,0.3891530780662011,7.362776237012525
1330.538655,558,165.260966,558.0,661.9683503168428,214.81211416104807,213.43844768436566,-42.107184808254196,-160.92994365692138,-40.333742722188894,-50.651727365004184,-23.657658150954003,-0.17673290277643164,-1.9723391949849771
556.581287,226,165.671782,226.0,285.11909349459125,84.86477842005758,84.56064960910984,-16.957261304855354,-59.67213830351827,-18.927849160563202,-18.281140601969334,-10.124845371843467,0.036783827973594654,0.16626290244064784
498.468604,213,166.061063,213.0,251.59790102691946,82.23095501776764,78.73816515601416,-15.88627905011178,-60.92950313687326,-20.771976685279476,-21.413788596466983,-8.096870220346295,-0.11140856761556028,-0.47460049804228677
2303.060718,1000,167.980843,1000.0,1084.5502215778897,388.5041666891547,384.08169446560896,-74.60493880391114,-286.1442944556475,-49.775760335825765,-103.02587410518996,-40.52449751054676,-0.14635906182460207,-2.9271812364920415
442.47866,179,168.428807,179.0,254.06343351384774,66.58816963391611,65.70279820412689,-14.210130958557135,-53.009329044818884,-27.507363543647013,-20.915394915418833,-7.233523224498579,0.4911049615098661,1.7581557622053208
2320.6256,1000,170.341049,1000.0,1079.784184476742,389.5119026202979,386.97553963247276,-74.64472018837938,-277.9628452539445,-49.77593080588224,-91.5262503220327,-41.736279866969774,-0.04097631082212463,-0.8195262164424926
2371.266229,1000,172.252733,1000.0,1140.3146336529933,388.5573392443407,386.1408559136027,-74.72920993089684,-276.89268854260445,-55.12329511429196,-93.29900000057732,-43.70240671048743,0.34384738252453534,6.876947650490707
2360.560834,1000,174.193015,1000.0,1128.363661955447,389.2516650923845,388.23129688865833,-74.20209070682529,-286.248927420378,-52.97648226843958,-90.72514251418005,-41.13314714505947,0.14321633345378113,2.8643266690756226
637.672749,320,174.774128,320.0,254.3277221631651,122.28783100237742,119.51511701157374,-25.568936454057688,-87.19474101066584,-21.777964314778437,-30.902948584569163,-13.013331148073913,0.33339921036618564,2.133754946343588
2396.167892,1000,180.550833,1000.0,1159.3618315398587,387.02156940323863,385.6197834286337,-74.85192443847664,-279.41988320648676,-55.766458369782065,-82.31607912371882,-43.48094700531873,0.03518695720682023,0.7037391441364046
2352.579404,1000,182.483674,1000.0,1123.1385710908194,389.8479200663412,386.2370812337958,-75.03918232440942,-282.831289130449,-53.84142652327851,-91.21236514905154,-43.71990572036816,0.36457795632436363,7.291559126487273
1775.516268,771,184.014325,771.0,835.6781425922309,297.7562704851585,290.19042520853236,-59.3758014345169,-215.20214912295341,-47.336553381129214,-66.28221271726615,-30.91185332948122,0.05278319996752004,0.813916943499159
2462.956788,1000,185.943771,1000.0,1234.8122803501585,388.57988574295575,385.7189891239805,-73.78756807684903,-275.3096344828605,-64.93491739588984,-89.32645419453617,-42.79579355199149,0.0033270217760548474,0.06654043552109695
2484.055198,1000,187.921463,1000.0,1267.6582277930372,387.35577172975803,386.03016048666234,-75.61140494108196,-274.31834179759005,-67.65698561159688,-94.24286365763457,-45.159366257461805,0.36134251230727854,7.22685024614557
2442.402898,1000,189.721431,1000.0,1223.8257354545442,387.42652015517933,383.5144055368573,-76.57993173718455,-284.3923270463944,-62.004999131343176,-85.11256344057324,-44.27394224428939,-0.1320326873071344,-2.6406537461426884
2450.56138,1000,191.649809,1000.0,1233.580144094793,387.1530789264633,382.8206509580628,-76.41485726356494,-282.4616045713424,-63.524781925727765,-87.13826271651202,-43.452987614438825,-0.03963286031858405,-0.7926572063716809
2429.912155,1000,193.564787,1000.0,1193.1560273617363,387.0254727088099,381.78610507235373,-75.13125526547431,-269.3932011604307,-60.183081176930145,-87.06883002971932,-40.279082111330354,0.1118881614226946,2.237763228453892
602.83001,248,194.124202,248.0,317.07370294280946,91.90073408044685,91.82423242895425,-19.708195123672482,-68.99315294623368,-27.319354094473567,-19.413045331642877,-10.534911758945821,0.23216168561895242,1.151521960670004
2494.38598,1000,196.062938,1000.0,1267.4511016413555,385.40046233805174,382.9156391825437,-76.47393668055528,-268.57861541509595,-68.22276919356138,-83.10304826714058,-45.00285380455075,0.1194544637193619,2.389089274387238
2087.438298,822,197.535778,822.0,1089.766032754897,317.8903904155668,313.32652224246453,-61.7781324970723,-218.00726462602603,-67.43593231989398,-72.5991580921607,-35.72415986230002,0.2059279662240838,3.385455764723938
661.803552,253,198.110999,253.0,378.4881457381714,96.15611962674411,92.58581733441426,-20.756017385721208,-68.8157105624675,-37.41622581616028,-20.114351912692705,-11.324225373430261,0.6065276646521319,3.069029983139788
2521.31781,1000,200.056913,1000.0,1310.9298919002906,386.82232857661904,384.72439041985666,-76.93289719581605,-276.43745105862655,-70.74383062436274,-91.7873079597146,-45.25731356312992,-0.02099035388614802,-0.4198070777229604
2531.51022,1000,202.032187,1000.0,1303.0208971810798,388.7109573591472,384.8042587424548,-75.37100795507428,-270.1093117177489,-70.82228460247816,-85.04251307033913,-43.68077560370972,0.030199750579808865,0.6039950115961773
1786.052045,701,203.328693,701.0,951.5722093782819,268.5713633968529,263.6370381859991,-54.36699525356291,-194.19840144515024,-58.78707148518994,-60.502907763721495,-30.87319021008114,-0.14921749301116327,-2.092029252016509
2518.68651,1000,205.271941,1000.0,1285.9590847855184,388.2332668130892,385.1211344465125,-74.92852812051777,-273.5614729523659,-69.03994683822064,-81.69050497656693,-41.40652324129074,0.06918300586339468,1.3836601172678937
2525.633251,1000,207.270369,1000.0,1300.5358524408673,388.49363172043195,383.26681483719005,-75.67084928989419,-273.1273762702942,-70.91800158150272,-83.00220918455712,-43.944611757600796,0.015509528025158495,0.3101905605031699
2601.503756,1000,209.199359,1000.0,1384.0720887772877,389.0050037846169,384.35314542296356,-76.21996543049835,-275.0464094549419,-79.52281699121227,-82.15408894024075,-42.983201171949354,0.07432167659894416,1.4864335319788833
2550.43522,1000,211.105613,1000.0,1320.781562834105,390.70078278237673,385.08430907971143,-74.61878549218173,-275.8055059254168,-72.05815601644755,-80.14965811503154,-43.49932958068657,0.1473613826339784,2.947227652679568
2578.75802,1000,213.041554,1000.0,1349.718023285391,390.99330322578874,386.82390781986726,-75.05289978623401,-272.5820629119874,-75.84714061986007,-82.7484610486203,-42.54665029885493,-0.07544370492813803,-1.5088740985627604
2620.615573,1000,214.97858,1000.0,1402.8250567130988,387.3683964143543,386.52497485883856,-75.65007445454607,-275.46228514015723,-80.9648838234098,-78.97089928961572,-45.054712674446435,0.09331172131090189,1.8662344262180377
787.816249,284,215.479091,284.0,469.0758518862716,108.57828026766182,104.36037219191087,-22.71334109663963,-74.31471011042592,-42.243033665038816,-26.107478923959675,-12.819691217498276,0.17976808463209085,1.021082720710276
1242.752353,521,216.529378,521.0,622.4168131682015,198.9838241504894,196.6632860137625,-40.797467702627166,-139.15148813426495,-42.6459776986235,-50.19773632891262,-23.518900583048293,0.37545334997214963,3.9122239067097992
2594.376853,1000,218.480248,1000.0,1360.0814037408534,389.97054979190887,384.3318994934919,-76.00000973701475,-271.78581729531294,-76.29108140367744,-73.55900526385534,-42.37108675168464,-0.09334120742456808,-1.8668241484913617
2619.85463,1000,224.229926,1000.0,1397.559809882906,391.1379844636661,385.9925621518411,-76.65121547698985,-272.0254172325133,-80.66199780772271,-81.46015335808033,-44.036942340409404,-0.06995691760131825,-1.3991383520263652
2663.154268,1000,226.162311,1000.0,1448.938600096021,389.18434431872225,385.3143672441665,-75.6292288422585,-269.970189958811,-86.6112784427758,-82.80041921591526,-45.27192753982789,0.14974462793659366,2.9948925587318733
2690.915776,1000,228.220972,1000.0,1466.003659238646,391.04003793466364,385.71498198408,-76.0688005018234,-267.93634383380424,-88.07665560366517,-73.07555085287255,-46.68555256065485,0.09596940927292952,1.9193881854585904
2704.743082,1000,230.192008,1000.0,1503.3525346110166,388.93363259293307,385.078341294071,-77.86951899766915,-272.178428736329,-93.4744621073328,-84.14418962781039,-44.95482745459325,0.06071911758043452,1.2143823516086905
2697.517492,1000,232.161987,1000.0,1465.8361156876858,390.94786909120825,387.6134347470104,-75.6288397598266,-266.13701785504827,-88.61028016773093,-74.2686324086678,-42.23515757414355,-0.1700920919235431,-3.401841838470862
2688.088299,1000,234.414568,1000.0,1478.3965264195708,389.1131094020286,385.0686498583356,-76.71613724827766,-271.0161793887617,-89.83233991932872,-82.09770514558866,-44.82762460510555,-0.01858680239098784,-0.3717360478197568
2735.658116,1000,236.470811,1000.0,1513.9725063869423,389.89181666507625,383.8846219776778,-76.86953158974653,-257.5870435535907,-94.75211166025153,-79.2251254967018,-43.65701655265191,-0.25101938406919444,-5.020387681383888
2813.711977,1000,238.468104,1000.0,1623.4388983806843,388.52467224966597,382.87589619000977,-79.06234346151354,-266.2280081629755,-109.97405509946593,-79.47564329133182,-46.38743951877142,0.1725409713260603,3.450819426521206
2715.512241,1000,240.527296,1000.0,1495.009833858064,389.34794495428815,386.2928641138761,-77.3993109309674,-258.74481286406495,-92.34966135520322,-81.30352357484377,-45.34109365513664,-0.07667976662012146,-1.5335953324024294
2805.630085,1000,242.697606,1000.0,1598.193961875333,388.59363269640676,384.716008408083,-78.10296033740043,-263.719395145774,-104.89043524614847,-71.34043996835057,-47.82028710460933,0.14919857583643442,2.9839715167286887
2833.872247,1000,244.714159,1000.0,1634.0077436725892,389.91471398302485,386.18349565736315,-78.36138262510315,-263.2852427065371,-109.72622723931882,-78.25761435952946,-46.6032397975484,-0.14838972368676054,-2.9677944737352107
1870.762755,716,245.989054,716.0,1012.8890609287661,275.3657536739316,275.6511677057858,-57.00162608861915,-186.6324188828467,-71.38978052781616,-61.29135316957821,-32.82804909797875,0.394249732567948,5.645656170373015
2831.025485,1000,247.988903,1000.0,1623.01510106179,390.059407146837,387.79515153569434,-77.28108293533327,-259.4058103919028,-107.83912314358473,-77.90742780396926,-47.41073044531562,0.03860764544817321,0.7721529089634642
2817.591322,1000,250.112812,1000.0,1611.872008352054,389.7483141889559,383.87080704058417,-78.87490970015524,-259.89255936741813,-106.79970307251148,-74.08993296187701,-48.242702066337905,0.08296956879697834,1.6593913759395666
1188.146528,415,251.084635,415.0,710.0444196292738,158.97264824566352,155.30772049089234,-32.97735950469969,-105.29767045974732,-59.97335140847086,-34.44115787152498,-18.48872119634568,0.24890566787511517,2.065917043363456
439.625798,234,251.526159,234.0,157.10421046536132,87.94333982088772,89.4538928334424,-20.395885089635858,-56.27364454567432,-20.898618800597795,-22.452362540434017,-8.85513395800169,0.24544727484683007,1.1486932462831647
2608.789411,965,253.411184,965.0,1458.2736053876258,374.31404029819396,369.88214865163474,-78.50922497630121,-246.2548323243861,-112.71473379060058,-76.8165458833263,-44.38504664891532,-0.05431253545934808,-1.048231934365418
920.533427,324,254.009931,324.0,546.6083773929454,121.91048241046028,118.6644607772514,-26.501097476482393,-82.54763180613517,-42.70937350725533,-24.715241254091858,-14.176549510378276,0.327043765942687,2.119243603308612
2805.030669,1000,255.985353,1000.0,1603.0043217584637,390.1359604532587,387.1335651963915,-77.70147428035742,-268.8903744101522,-105.29514152076031,-78.95542216208162,-44.40076641758233,0.4135976186406506,8.271952372813011
2967.695401,1000,258.16019,1000.0,1780.554762516033,387.7198808566239,384.89233879270523,-79.75209558486934,-253.2886965692044,-129.96397732637382,-72.95416398852761,-49.51264720020205,-0.12035508176290108,-2.4071016352580217
2924.496714,1000,260.252095,1000.0,1723.9658165022888,389.25293420597546,386.86275288461036,-78.84452708005918,-259.1108346074817,-121.18057953984206,-68.99020298562131,-47.45864509615454,0.22004899817419546,4.400979963483909
2938.790071,1000,262.205531,1000.0,1738.1298983545742,386.3299998868334,387.84698811364603,-78.38389810800567,-253.17829107046123,-124.38623875398699,-71.13293275173349,-46.435454304596476,-0.2779682524987989,-5.559365049975979
2953.16715,1000,264.203784,1000.0,1755.5264369300162,390.69148759841653,387.6283208362807,-78.78986314415944,-259.86329445540906,-126.63559822331892,-66.32529421421889,-49.06504518998057,-0.31136494451854413,-6.227298890370882
500.591545,179,264.563474,179.0,294.7718065595942,68.72190070653573,66.22915595924665,-14.270309660434732,-45.89306431412695,-28.32050281511165,-11.33916848351605,-8.308272895711255,0.6732854449641511,2.410361892971661
2946.304031,988,270.34462,988.0,1788.5166035133593,383.79911343110257,377.6148848287093,-78.86292388319967,-246.9436669558287,-138.32903271793697,-80.34519025454415,-47.14575689840945,-0.07539745196973989,-1.4898536509220603
2287.431728,763,271.847242,763.0,1396.1063521914461,296.1892117809461,292.44190503867395,-61.35460282921789,-191.58925913572324,-111.65077729115316,-60.01920368613519,-35.69189786152715,-0.4152292714422533,-6.336398682208785
1138.105798,371,272.544611,371.0,722.9303618128762,142.83196282392277,138.07016293153583,-30.654576852321625,-88.66476131081579,-67.86573873072038,-31.31541024511691,-18.226202441243487,0.2827588751835407,2.098070853861872
589.042953,199,273.024964,199.0,372.78546661162653,77.88170969146954,72.36161873897896,-16.12432939052582,-48.12366641163827,-38.24802837919017,-21.38365667056752,-9.106160890058678,0.595340845814427,2.3694565663414195
2984.605328,1000,274.968544,1000.0,1797.3353034822044,390.7208169416395,388.3360484712484,-79.25655000209815,-255.40579007267948,-132.78846798660317,-77.02405193838776,-47.31198125167603,-0.08192166114081752,-1.6384332228163503
2999.567669,1000,276.889343,1000.0,1803.5671391631508,388.8967808241621,386.4069468256013,-80.79674353837964,-252.34541784822937,-134.0492343332563,-64.10234416944928,-48.00945809014672,0.09318396359156178,1.8636792718312356
3028.106944,1000,278.858865,1000.0,1835.3736143853885,390.3457667932049,388.5070678883868,-79.01024339556695,-244.2484540909528,-138.67773273588512,-75.86893367882536,-48.314141155829894,0.6711424240223987,13.422848480447973
3090.317282,1000,280.61355,1000.0,1898.3079896028692,389.4015766199781,388.50071365766775,-80.11795859932894,-243.34817100465258,-148.79565593415361,-64.56936369366926,-49.06184815688936,0.004287396460895283,0.08574792921790565
3086.122346,1000,282.49229,1000.0,1897.2531327008346,390.33323645473877,387.26887737600856,-79.28610214710235,-246.6962149620054,-148.59039958077938,-65.90626522910371,-48.25391878647212,-0.1345481007286129,-2.690962014572258
3103.742777,1000,284.3674,1000.0,1930.3434712141561,390.48221029590724,388.46844977898013,-80.95985387206078,-245.75006413757797,-155.09609032622956,-74.02686259828057,-49.718483010427086,0.5443681057133083,10.887362114266166
3145.436215,1000,286.276711,1000.0,1966.5579116705483,390.4126763997241,388.91678559679997,-80.22592419385916,-238.92873033881176,-160.8645954627444,-68.82572344105253,-51.60618572943079,-0.4130529076384287,-8.261058152768575
3121.980176,1000,288.145614,1000.0,1932.375289500887,389.7406660593821,389.23510511205967,-80.20839765071868,-242.53551360368735,-154.57414476100394,-63.26899024020953,-48.78383802328273,0.0756988309390553,1.5139766187811061
3195.834657,1000,290.026232,1000.0,2039.8601672936527,389.28918529886784,386.5641213898116,-83.42791456460954,-241.87188216149815,-172.8888090725881,-70.89588270432809,-50.794328424882444,0.3542663008309214,7.085326016618429
3191.949461,1000,291.931347,1000.0,2027.9218096957711,390.3014244722088,391.2757735220832,-82.91439599752431,-243.41576968431477,-171.37295439763685,-68.53239759069311,-51.31402866039761,-0.12341727190026142,-2.4683454380052283
2347.370981,729,293.400009,729.0,1514.7389694687272,283.4933534914999,281.2865231627254,-59.88291713476182,-173.0455324679612,-142.66509643795126,-48.104788771872265,-37.449530254258555,0.10926051850329513,1.593018359778043
3202.32821,1000,295.395464,1000.0,2028.5452334458937,389.3904221273206,387.902223676496,-81.1975636029244,-236.81954210698623,-171.65879518049096,-63.96053089284196,-49.87323696764536,0.7219856793130691,14.439713586261382
3201.818806,1000,297.511744,1000.0,2030.6446658109332,388.54585232221825,389.8687703847225,-81.94199536800384,-241.83740408122554,-170.9413651292733,-63.890236626776115,-48.62948099795109,0.23565408855975103,4.713081771195021
3259.154466,1000,299.644858,1000.0,2097.5853951157287,389.13185380523277,389.7513952820953,-81.85305689692494,-235.10131328105945,-182.75327707599925,-65.20524800216164,-52.401282711123756,-0.08339019750854976,-1.6678039501709951
3242.826284,1000,301.558574,1000.0,2080.410814082816,388.6320628817897,391.11173656980304,-83.01744548678408,-232.6245273649693,-180.37006140314512,-67.91767524979761,-53.398620214749066,-0.2890516022811034,-5.781032045622068
3228.67418,1000,303.443914,1000.0,2074.598005570272,388.53042638841265,388.4506341157038,-82.64963338971143,-235.39164100587365,-179.47122754647302,-73.76402555420302,-51.62835857822114,0.12008589976556132,2.4017179953112264
2734.982294,843,305.062375,843.0,1772.099945332259,326.72366197513975,324.1845240562965,-70.31506286621088,-197.29158232510113,-163.33322374748485,-57.50095454180169,-42.58501342268758,-0.11707825233649291,-1.9739393343932703
3225.278269,1000,306.984765,1000.0,2068.5551239967554,388.4016843175023,385.6499578994327,-81.79556918382644,-236.58390168547675,-178.3789906167481,-68.83057756410625,-51.73945843572657,-0.2135411357014457,-4.270822714028914
3286.211041,1000,308.935018,1000.0,2117.099634151678,388.9341715651235,392.22100020948926,-81.85314859032638,-232.10152362734098,-185.69990822441687,-61.319211809691566,-51.06997244180253,-0.12897496516782064,-2.579499303356413
3319.875414,1000,314.717826,1000.0,2163.3880302023717,388.70127774442085,391.56224914673743,-82.13054720640183,-231.54314111173147,-197.00007920582107,-62.2471464630235,-50.855229449562785,0.4258093442562295,8.51618688512459
3340.533365,1000,316.668838,1000.0,2190.1471838141642,389.92592548870095,391.0842369521211,-83.11031907558446,-232.05819492340098,-203.00847727801147,-60.809559424491425,-51.63743101583219,0.5749252239624946,11.498504479249892
3266.31446,985,318.5765,985.0,2144.8334773260863,382.8797040715933,382.0705698313851,-80.49142515420918,-223.03751539140964,-207.08624752485773,-67.69852027858693,-50.1555824955807,0.27418523079619617,5.401449046685064
3374.264422,1000,320.52683,1000.0,2236.873428494772,388.97601144117516,389.63296313234184,-82.73925265312197,-231.0512647092341,-214.81856038604803,-60.77555057077618,-51.83335263721882,0.013596543509944218,0.27193087019888434
3361.772127,1000,322.447634,1000.0,2218.6918066220437,389.95067284215617,392.5181885781338,-82.12978571414959,-229.8360863536597,-210.8498417888438,-65.64892578160502,-50.92390159107262,0.8872387855543119,17.744775711086238
3355.505077,1000,324.365411,1000.0,2213.788240903997,391.4943870771731,389.07409559559676,-82.63566470623026,-231.51464952230438,-209.46899897916975,-64.28783378906917,-50.94449942045093,-0.11698730908850581,-2.339746181770116
3337.391234,1000,326.307184,1000.0,2186.2448985467577,389.9755567392609,389.40492025780037,-82.95980966567987,-231.12461665570737,-202.74502149965497,-59.88460924231105,-51.520084132153585,0.10576296908579708,2.1152593817159415
3359.862876,1000,328.24343,1000.0,2232.4663903023693,387.78675707334276,390.6982931630768,-84.1078109431267,-233.0929175943137,-218.56207208806322,-63.41666652720748,-51.90909757569981,0.23735742900965043,4.7471485801930084
1394.157157,418,329.018442,418.0,931.1593090978222,161.89423157252486,159.30465118057094,-35.340015091896035,-91.8749064177274,-94.65609703581924,-32.5594241819488,-21.77059256209848,-0.2783654544828672,-2.3271351994767695
3359.259439,1000,330.922113,1000.0,2216.4881436941696,389.5783804288413,389.6168727340059,-82.9003994822503,-226.90833235681103,-211.22382774601246,-65.10329648657161,-50.2881014175724,0.18585682031687548,3.7171364063375094
3424.32014,1000,332.832558,1000.0,2276.260930290585,391.29879947034374,390.41593202395717,-82.0281718313694,-219.41254621744153,-224.74036946948004,-56.57190672506063,-50.9025270731037,0.8968923071560031,17.937846143120062
621.575113,195,333.174402,195.0,416.18965629859656,74.35047891884632,70.98608024847091,-17.102267317771915,-41.20188732147218,-53.079633995637735,-13.592997114663623,-9.974317016727726,0.753993376262585,2.9405741674240815
376.420907,125,333.391447,125.0,243.60313854918286,48.53381188952603,45.22999208962979,-11.093436603546149,-29.246202474832533,-28.53524016216806,-11.317076987297728,-5.75407887393379,0.8325791564556255,2.0814478911390637
3336.519505,1000,335.354444,1000.0,2192.9834829744996,388.8806646368197,389.343748189091,-82.6355285835266,-225.2309579759838,-204.3176667131815,-69.84945306123358,-52.654784889617346,-0.16258765154339827,-3.2517530308679654
3455.800977,1000,337.322736,1000.0,2337.0997415337742,388.07208869561583,393.0393701118246,-84.5769622468949,-221.92106465995286,-245.42118503733184,-56.83093759938208,-53.660073541300136,0.7841243381223143,15.682486762446286
3447.833745,1000,339.314052,1000.0,2323.8353272237864,389.4076399899101,393.3489241740405,-84.29434717059141,-220.83840294480325,-240.97672632466143,-59.07760931860017,-53.57106064254119,0.7204866371272417,14.409732742544834
3432.007263,1000,341.262718,1000.0,2304.3695624839165,388.931192282622,392.4227487386144,-82.99758568048485,-226.17078802585613,-232.0205031037788,-60.160199833599954,-52.36716400668679,0.26239158532640505,5.247831706528101
3441.06058,1000,343.212877,1000.0,2331.344268509599,389.3903106931769,394.63871113338166,-84.02150817155847,-223.15544487535968,-243.69983020132165,-68.65636438578771,-54.77956310111978,0.13949166371961602,2.7898332743923207
3410.977798,1000,345.159357,1000.0,2305.5796772967724,388.5357145506152,391.4973530142398,-84.97763288021088,-227.18678705692304,-239.69258214986007,-69.18526682722856,-53.592677546363625,0.08726730889877485,1.745346177975497
3427.542169,1000,347.063614,1000.0,2311.469656536146,389.27570660971634,394.3470010906054,-85.64611792564385,-223.79788032472155,-240.44253487670488,-64.67495373269124,-52.98870884049511,0.2700781569515934,5.401563139031867
3447.948021,1000,348.97368,1000.0,2339.4255225545858,389.8227461336953,391.7098408925341,-84.73055865526196,-221.40234623700388,-246.620679545235,-67.04101227353452,-53.21549217944308,0.1316030956745284,2.6320619134905683
1376.190058,411,349.698671,411.0,941.5434127529884,160.2392994496075,158.62811711807723,-35.47083798885346,-91.78173199296006,-112.35225757002807,-34.079961400843295,-21.535982033089432,0.897632746117724,7.378541173087692
3448.846345,1000,351.56561,1000.0,2346.6753805757644,390.4405373510813,391.82602890096535,-85.67583785057069,-223.33090948760488,-251.35601824659224,-65.45613347344484,-54.27670267089005,0.5808113889095433,11.616227778190867
3447.333013,1000,357.228705,1000.0,2327.5029552640294,390.3342657876392,393.1179461592178,-84.00657613515837,-221.504974862933,-241.34813294439553,-63.1529805454934,-53.609489715317444,0.5370885443927641,10.741770887855282
3449.811082,1000,359.124088,1000.0,2340.128373501346,389.8126689691722,393.1164540031403,-85.61842881917957,-222.7876015782359,-245.45159703824712,-64.58335508656097,-54.805431769219986,0.7859228358723616,15.71845671744723
3460.66913,1000,361.028653,1000.0,2354.365856927821,389.78305937205386,395.110514923291,-85.23562583208093,-217.44816395044344,-257.58409067518994,-62.30355234659043,-56.018868539999886,0.945086221857208,18.90172443714416
1261.112397,373,361.806471,373.0,854.9810430904988,145.899948915045,143.67300099231633,-32.453217315673854,-80.41552877426152,-99.23945042673851,-24.85433666296384,-19.47906247787162,0.9738289473254985,7.264763947048219
3482.097541,1000,363.698586,1000.0,2369.5897110493934,390.4192210234608,393.7023738688865,-84.71098192214978,-216.35228368341916,-264.58160208563436,-51.515140677507674,-54.45375705335458,0.833974280530471,16.67948561060942
3453.644861,1000,365.782424,1000.0,2345.1878920291883,389.71785296676984,394.46221670181814,-84.0476548099519,-219.4789485126731,-250.59001136819643,-67.42271315283777,-54.18377284079725,0.5796298859111239,11.592597718222477
3468.072174,1000,367.674868,1000.0,2356.193209011084,391.28186578886965,393.76312897334924,-83.89542939782132,-223.30124894380583,-254.85921295143328,-58.057263762444066,-53.05287520042185,0.9480946080136892,18.961892160273784
3437.511523,1000,369.586776,1000.0,2312.4452571316724,390.6107522932295,390.6077833625818,-83.93665131568915,-219.14388204515012,-236.62137687833777,-63.37633331752124,-53.07402600545394,0.586266997706096,11.725339954121921
3491.587413,1000,371.488924,1000.0,2388.1498383939543,391.89901881622325,396.0341628584045,-83.76462990760824,-221.0427286773919,-271.18268710260463,-54.82300677604617,-53.682554930676055,0.9388919345800029,18.777838691600056
3495.834736,1000,373.426337,1000.0,2402.833476281462,391.7146163766678,396.5029246636081,-85.00941600561141,-216.11258297264555,-278.2514811328288,-60.53354543566104,-55.30925567223238,0.9912025386082639,19.82405077216528
3493.44783,1000,375.342093,1000.0,2378.4363242946733,392.80207100395063,395.7855299425749,-82.6133946132659,-221.92189694941044,-263.2563859393132,-52.16851040958022,-53.61590756602598,0.7391930243740692,14.783860487481384
3487.637261,1000,377.159671,1000.0,2386.555185515448,391.3818638891765,396.26782063783276,-84.11631348848334,-219.80257449150065,-273.7215699029602,-55.01046805907198,-53.91668317115754,0.6455420582962649,12.910841165925298
3503.39592,1000,379.112883,1000.0,2391.254135171928,390.8005864235276,394.6705650762345,-84.22799988985066,-213.17484737038598,-270.03049881042887,-53.29359150642,-52.60242900432047,1.020493631868782,20.409872637375642
3495.416614,1000,381.035963,1000.0,2382.082436461995,390.6812322015359,394.32210272563987,-84.48717625617982,-213.88007971942423,-263.52923977297655,-57.47602483054378,-52.29663721553971,0.7808678149401823,15.617356298803646
3513.716583,1000,382.967465,1000.0,2408.967499016622,390.3631686909938,394.41389552514556,-83.77624387741092,-217.70968595147136,-274.9362778674061,-51.03048128618277,-52.57529161751003,0.8897885675874078,17.795771351748154
3483.39549,1000,384.839279,1000.0,2366.3803906835706,390.77884498841246,394.0411313545625,-82.69682805538177,-210.26306325197228,-267.9450128205342,-54.658032899836506,-52.24193985529111,0.7737859735302656,15.475719470605311
3487.321478,1000,386.691381,1000.0,2357.696793071109,391.34328606631396,395.9289923523118,-82.21559788227091,-218.18621752858158,-254.25948707842227,-50.88615385745656,-52.10013749403471,0.821177264405776,16.42354528811552
3512.865449,1000,388.571833,1000.0,2409.5024822557502,390.515803991799,394.2779898706936,-83.87469041585915,-212.37423531413066,-283.4695657102889,-49.00922178963934,-52.703113925396764,0.5442266507710797,10.884533015421594
3509.327592,1000,390.440487,1000.0,2391.698116197761,391.3824474939206,396.53637221266507,-79.97023404955856,-214.24099897444265,-270.7025534037343,-52.874012842949654,-52.50154458575604,0.5614386807988063,11.228773615976126
3492.866786,1000,392.340958,1000.0,2379.857443459505,390.71687716133664,393.2208562074638,-81.74886020898812,-211.30943176746328,-273.731159160306,-51.341062123091504,-52.7978776648087,0.4260711558366683,8.521423116733366
3499.047668,1000,394.234517,1000.0,2384.6357947847114,390.69492168771524,394.90572255483795,-81.43155876278871,-210.05823386609543,-271.7228434500584,-55.42019217141361,-52.555942800885035,0.020194722890798808,0.40389445781597616
3523.095456,1000,396.111257,1000.0,2427.4566385809653,390.8245903209281,393.61919548392365,-82.87235171318055,-209.65706253945825,-291.17058531893167,-50.42416117765637,-54.68080791083431,0.9126596533909008,18.253193067818017
1493.515022,437,400.838917,437.0,1029.0871963102504,169.96987318672905,168.42695677568088,-37.22662136793136,-91.54467768371103,-131.92341779383494,-26.907621979749905,-23.366665376238963,1.064562870741152,9.30427949027767
3518.836907,1000,402.75248,1000.0,2408.3978177352164,391.3115123358903,394.26504265230176,-81.1540546774863,-212.05762917399403,-278.2422712631596,-50.55448972874605,-53.12902084614516,0.4471378508215783,8.942757016431566
3520.240081,1000,404.663492,1000.0,2418.5696238549513,392.7058808428675,394.93300728413817,-83.71765214920042,-208.25414675772188,-286.60365865190994,-52.73258514091542,-54.660388519673944,0.6857063324702406,13.714126649404811
3527.124828,1000,406.58747,1000.0,2409.721984512559,391.5523178429375,397.8355138912176,-82.70381515979786,-207.5871947228909,-279.88168180285425,-49.3183047841698,-52.49399185793754,0.9570076007809947,19.140152015619893
3528.82187,1000,408.496735,1000.0,2424.2430174082097,390.86517457287715,395.0440254140575,-81.91730817079542,-206.9318930208685,-288.7701566427325,-51.45914134879361,-52.251847802026916,0.6880134138079879,13.760268276159758
3522.555792,1000,410.444449,1000.0,2410.190629315572,391.2884996462787,396.85693039498483,-81.78137660264971,-208.03592583835118,-278.60211917968695,-54.08409393168501,-53.276752025997055,0.9879474021377886,19.758948042755772
3523.366447,1000,412.360862,1000.0,2400.935829505013,391.9550387477499,396.08214642291534,-81.3322070431709,-206.04992851912954,-274.6543690217655,-51.13271002868421,-52.43735266592506,0.6844579977783786,13.689159955567572
3502.093075,1000,414.336871,1000.0,2359.4416756488604,390.5736675897188,392.3270165445951,-81.9561736416817,-202.64351942837246,-254.9836819815023,-49.24243115931335,-51.42347866646302,0.6603710586018748,13.207421172037497
2582.402298,739,415.695499,739.0,1768.9355548622877,289.2935695167693,289.0661848945626,-61.2790739452839,-151.636149725318,-214.07993197781516,-38.992286967644496,-37.90556823174948,0.5860615989886786,8.66199043305267
3538.448488,1000,417.65662,1000.0,2409.2402616062523,391.56511372541866,398.21327616581243,-80.78689922928807,-200.96854709684834,-279.4872602368478,-45.80846033980213,-53.518996299183385,0.856083180302518,17.121663606050358
3529.047499,1000,419.548415,1000.0,2407.70214585809,392.25331735802297,395.6843758894948,-82.86074006319049,-202.3683755338192,-277.58349014902745,-50.001264216195246,-53.77847039838499,0.9992870097841458,19.985740195682915
3509.687448,1000,421.42608,1000.0,2384.330176103182,391.54770387769264,395.7443242305233,-82.31750234365467,-200.64016446173184,-272.9678159166824,-51.181380528309646,-54.82789268186303,0.9645365484074032,19.290730968148065
3541.486556,1000,423.248517,1000.0,2415.0416604997295,391.73075423441287,396.5887364275728,-80.89963087558736,-198.34321402907355,-278.55421304125156,-48.90335145000385,-55.17418605408264,0.8402154015471639,16.80430803094328
3521.627168,1000,425.128497,1000.0,2412.1199263461745,390.79463424064494,396.41578986218985,-82.16772926926618,-204.01803601086158,-286.8421747040557,-52.297835492350984,-52.37740681283451,0.8524689574298643,17.049379148597286
3519.480579,1000,426.989286,1000.0,2393.1841449621006,390.8615211338617,395.5722133223897,-81.59378630518914,-201.19852067530184,-273.8916361142832,-49.21578539066603,-54.23757143681388,0.1179278185495243,2.358556370990486
3545.54423,1000,428.837912,1000.0,2412.813521206226,392.28952623556165,396.23137453001357,-80.45851244211204,-201.89550045579657,-274.6102807696212,-45.113133319661756,-53.71276520177461,0.03318883076181285,0.663776615236257
3524.638293,1000,430.760346,1000.0,2395.2773952922234,391.9105886779393,396.26995453959444,-80.4206680202484,-196.22183949649335,-281.0784935496068,-49.17279113652773,-51.92585309603722,-0.013674540141599814,-0.2734908028319963
3521.151014,1000,432.650436,1000.0,2391.278551270909,391.4532714798233,394.36910560437514,-81.11105727791785,-198.7636001139881,-266.69650255648446,-55.70102710695396,-53.67772748614473,0.07279854438692082,1.4559708877384163
3528.269613,1000,434.550198,1000.0,2416.117796996849,390.6297724405357,395.255600208133,-81.80444997787473,-198.49415143430227,-291.5163947688972,-47.10390472367974,-54.81465548179393,1.0145347956014026,20.290695912028053
3530.578172,1000,436.430936,1000.0,2388.0168568756662,391.56365504674204,393.9421385301747,-81.6981083846093,-195.249597468972,-268.209622146127,-44.75774695568755,-53.02940320838004,0.8988693386791692,17.977386773583383
3540.101102,1000,438.287002,1000.0,2413.7915621428792,391.2899114575254,395.32459652009834,-80.4731153988838,-191.62900379449147,-287.15507519719284,-47.49740742883744,-53.55036660185585,0.9630320985069956,19.26064197013991
3543.745907,1000,440.176348,1000.0,2423.038802725434,391.10986035017226,395.3349006670135,-80.71690103650096,-195.89848746210305,-286.59804082573544,-49.28394385557323,-53.24028390511882,0.9576117242557046,19.152234485114093
3551.319465,1000,445.777211,1000.0,2431.319796311129,390.64186583336664,396.1898690835778,-81.41617142438889,-191.09680205881588,-293.00493225988737,-47.77524985088922,-53.53891107325661,0.2292236403984964,4.584472807969928
3543.922711,1000,447.688651,1000.0,2425.0264677515765,390.53917448037606,395.89573116778837,-81.34840739250174,-190.58516728281978,-291.42938179251024,-50.17063893781689,-54.00506699325382,-0.1266214015816602,-2.532428031633204
3547.741953,1000,449.554063,1000.0,2407.347375158279,390.5690231889089,396.2308860512293,-80.3719781756401,-193.82627473473548,-276.270745489437,-45.987005939541454,-49.94932703706259,0.9192462441693208,18.384924883386415
3553.194568,1000,451.421396,1000.0,2418.8965463428754,390.7228111968196,394.61262947710014,-80.13959642410286,-186.9718585953119,-282.2768914614999,-46.92034338296634,-54.728729470493455,0.9866684812246225,19.73336962449245
3541.424378,1000,453.357724,1000.0,2404.822455033501,391.2440387686178,394.9183183234596,-81.37730186581612,-192.17061798870554,-272.8584690523446,-50.22863600842993,-52.92540912643305,0.8876139430661902,17.752278861323806
3548.217229,1000,455.313815,1000.0,2424.30728984305,391.63426551597684,397.1736478888938,-80.54635307669629,-188.40773955285536,-296.03556759784215,-45.492312255370216,-54.41600217689462,1.0678679212709907,21.357358425419815
3565.697523,1000,457.211446,1000.0,2431.5095883239633,391.9355930641769,396.348160319475,-80.2146146130562,-186.26052094101908,-288.97031471628094,-44.58838964093991,-54.06197921550123,1.0237778273564275,20.47555654712855
3558.866109,1000,459.100603,1000.0,2424.9795456200955,391.57198010924117,395.99778694614133,-80.85694594025618,-186.83718960136196,-287.5162705206444,-45.15368575033854,-53.319111925144725,0.8399776857450305,16.79955371490061
3560.902079,1000,460.957015,1000.0,2419.423664723614,390.77337963195146,396.30002699349143,-78.93961244463925,-182.22888411879552,-286.7976274404341,-43.666177746770124,-53.962691005200874,1.0200909581372568,20.401819162745134
3569.875854,1000,462.816109,1000.0,2428.2058286646143,392.2437227879413,397.39437469554673,-78.65647799134254,-182.36584111154062,-289.5941309227256,-42.739948339353234,-54.61167393058261,0.9729827090665395,19.45965418133079
3546.837196,1000,464.703631,1000.0,2410.7910054359463,391.30656352955657,395.6102818184461,-79.41565242290508,-189.7916274607179,-279.8421723216453,-48.40280416668271,-53.41839889095015,0.9774647508623586,19.54929501724717
3565.794413,1000,466.673252,1000.0,2412.17758640922,390.98516990426043,396.10608331156686,-79.3498945474624,-181.8883686840534,-276.2866971129603,-42.50071347025575,-53.44875313443501,0.79617157962612,15.923431592522398
3571.157279,1000,468.608073,1000.0,2433.305942529668,390.75451389732154,397.2408608685684,-77.81717649936665,-182.53108842819918,-294.39699419757363,-42.04803119093568,-53.35074823932848,1.0381000483338156,20.762000966676315
3567.62337,1000,470.504659,1000.0,2438.177564265581,392.6961175594444,397.209971308134,-80.8995924961566,-186.9409887254242,-297.5336981860733,-43.5968616673156,-51.489142277982474,0.6280992004650939,12.561984009301879
3556.387351,1000,472.392265,1000.0,2412.3492174529874,391.63825558091196,397.0462736297458,-79.75853000879286,-178.82670932710175,-288.443257360404,-44.571247499492394,-53.046651469609856,0.5064154073925828,10.128308147851657
3557.541655,1000,474.284839,1000.0,2414.8305410080598,390.9161625862986,396.7588084753161,-79.87818722248096,-180.11038374304786,-288.90771504898777,-43.88791498027818,-52.179655963583,0.020119260161473796,0.4023852032294759
3564.037325,1000,476.180763,1000.0,2412.7769067686077,392.42579816063056,397.1904141942928,-78.13618168354022,-181.65166381299497,-282.3745373722666,-43.79823756024128,-52.395174103389486,0.10230924851114793,2.0461849702229586
3577.916362,1000,478.048034,1000.0,2440.2427772587707,392.0315280973476,396.6008397239654,-78.05505197763436,-174.40335053801536,-300.2671085411828,-44.35061117020572,-53.882660857997806,0.7028006989783344,14.05601397956669
3578.350032,1000,479.815681,1000.0,2431.4182473126352,392.7446505438923,398.0638619923819,-77.39118842124937,-180.69586569070822,-292.57188855382344,-40.45899626966057,-52.758788917917855,0.543070373394385,10.8614074678877
3574.578415,1000,481.696612,1000.0,2443.2553160055145,391.0911654202518,396.3784050519606,-77.43463468551629,-179.76185047328474,-305.84164980350164,-41.740759788803246,-51.367576492432185,0.8049294019782482,16.098588039564966
3560.444407,1000,487.305125,1000.0,2399.094380836255,392.329644059612,395.59361307477445,-77.68805113554008,-174.65239936411396,-280.80549480376453,-42.74270629599875,-50.68457949724837,0.3483280005615647,6.966560011231294
3582.95302,1000,489.206083,1000.0,2429.2802319781417,392.42349410021075,398.33323934951125,-76.2267991149425,-176.95974744260337,-291.6268328418177,-40.49953717825196,-51.77102889613452,0.3178869759271935,6.35773951854387
3592.567358,1000,491.126031,1000.0,2439.322076598726,392.7480138644316,396.9693140291511,-77.24071080446255,-171.24199999272818,-294.62989288310774,-39.460610532035524,-53.898831966276326,0.5001495777220436,10.002991554440872
3586.639722,1000,492.997334,1000.0,2442.5535590413165,392.2547557409351,398.47936014444366,-78.27199060916912,-172.81025707721727,-303.9139212829568,-38.65864206411318,-52.99314168913084,0.6270944535001605,12.54188907000321
3573.853642,1000,494.881452,1000.0,2418.7269107725697,392.2304298255751,397.38060621399063,-76.41620009183887,-173.27094996571537,-289.0518985691225,-43.69126126669947,-52.05399464297968,0.7569723852038963,15.139447704077927
3578.297957,1000,496.772683,1000.0,2423.038397149183,392.74005129184525,396.74510224163043,-78.53267891168579,-174.06756903529177,-284.79218057889545,-43.466964341681205,-53.36620120073556,-0.12113314287521129,-2.4226628575042257
3578.13935,1000,498.669574,1000.0,2437.830530331751,392.3449381748219,396.7396422006739,-76.63753909230233,-174.2942357450723,-301.7072797604876,-43.54488174760106,-52.591824623875,0.23470021579058056,4.694004315811611
3591.373548,1000,500.542822,1000.0,2430.3201085263167,392.6566801764962,396.94083149693085,-76.16295922994617,-165.5262909889222,-291.8592096423787,-42.34641374493806,-52.649199007263164,0.5723354235670074,11.446708471340148
3596.365313,1000,502.429359,1000.0,2435.2113107916884,392.088644408745,396.11814543180566,-76.57226234793659,-166.181452679634,-292.1589877760297,-39.97396407695653,-52.16612102258615,0.8014251252845028,16.028502505690057
3583.637111,1000,504.288698,1000.0,2426.8824942777014,390.939766514011,396.1139018704422,-75.12813616514204,-168.98272742331017,-292.6489306813527,-40.47253062828283,-53.066727167635335,0.8731632401814322,17.463264803628643
3584.123878,1000,506.157527,1000.0,2430.7505750589703,391.30508258253076,396.1025165113706,-77.63990876913077,-172.5801693692803,-292.53489871952354,-38.654175047690444,-52.62514420930311,0.9457821137787477,18.915642275574953
3590.679926,1000,508.035298,1000.0,2435.583524802194,393.1568285971371,397.75667785882104,-75.72195635080338,-170.57760933637596,-301.221241832821,-36.76882778756195,-51.52746966796374,0.36280893339426645,7.256178667885329
3597.468746,1000,509.923526,1000.0,2432.3857787062425,392.0488100579573,396.70103744062607,-76.14001736521726,-166.4179617345333,-291.18293155776416,-38.49804393311868,-51.42792605477633,0.5570150463981032,11.140300927962064
2570.108256,722,511.309895,722.0,1754.36561961729,282.16938186347545,282.2403950888888,-55.92400103092191,-117.9882538393139,-219.9613261694057,-40.18361171123741,-36.60994816250356,0.4046533168752702,5.843193895678901
3606.814577,1000,513.210748,1000.0,2425.5091847204167,391.82517352805576,396.4570081389236,-75.04516414165498,-165.4417887240649,-279.992093629776,-35.49329982550892,-51.004442572181,0.7076114180731525,14.15222836146305
3609.602678,1000,515.089194,1000.0,2453.1604285147746,392.0931256449058,397.4367723293786,-73.9112939655781,-163.0755809694531,-309.47200600493585,-34.81355427987522,-51.81521286872642,1.0586200678121584,21.172401356243167
3602.757896,1000,517.002861,1000.0,2433.176648733072,392.54474710430185,398.2706409631005,-74.30857751250258,-162.04129796922206,-290.18999060895476,-41.191104102289266,-53.503170478829844,-0.3312690947642771,-6.6253818952855426
3603.072772,1000,518.887452,1000.0,2437.0104758550688,392.91954913566104,396.66707939596347,-74.79270622849472,-163.42560235559944,-296.1333449462781,-38.08911076237986,-51.083567856995224,0.44753860136480555,8.95077202729611
3598.779555,1000,520.768094,1000.0,2424.917635278485,392.31249712814616,396.89567925078694,-74.65580005168898,-168.23979271799323,-283.1098629418683,-38.28282992359786,-51.057971272266926,0.8900266745976013,17.800533491952027
3618.669571,1000,522.662801,1000.0,2432.549482009879,393.092628878925,397.6045716118485,-72.89315024852749,-162.4798508822918,-282.5680305257415,-35.57592645087076,-51.06015337015529,0.3331202137326664,6.662404274653328
3605.893933,1000,524.556996,1000.0,2423.8562798244775,392.7328636173392,397.58661594528496,-74.21171916723235,-162.8845621451733,-283.36319826227987,-37.15768279851588,-50.66466388573829,-0.4505794008745364,-9.011588017490729
3618.497677,1000,530.171375,1000.0,2440.186302906349,394.3377439176335,398.1457733166712,-73.10692561149598,-162.04049329906698,-293.9648778530282,-34.27812447364457,-50.781722343574316,-0.33432515449421263,-6.686503089884252
3607.356347,1000,532.051069,1000.0,2420.850946732122,391.8944565879922,397.409145461076,-73.20529041767122,-160.58376046717171,-282.19728443600525,-35.015657458840344,-51.79620902354814,0.36330215966909724,7.266043193381945
3614.550339,1000,533.938422,1000.0,2433.3073479814016,392.42801732415114,397.75082926422755,-73.1485278069973,-158.59215113520634,-290.7909802707174,-34.727662918355826,-51.67653341393732,0.1807053593426249,3.614107186852498
3619.301093,1000,535.846668,1000.0,2441.8409978706018,392.77591555022184,397.8676590792682,-73.18582357883447,-160.5649939373137,-292.6383012746507,-36.18771993208054,-50.606640888761376,0.12886975575555887,2.5773951151111776
3615.719265,1000,537.76929,1000.0,2441.80071348855,393.09968721952254,398.2307151533417,-73.50001281619087,-160.61738067865363,-293.8074065939184,-38.55868587953833,-50.92836520011236,-0.2371528156037252,-4.743056312074504
3610.756503,1000,539.73746,1000.0,2437.534521322549,392.1163840792732,398.30719470105345,-72.708544459343,-159.68498567938803,-294.2823698015331,-40.11315314989261,-50.41254398404051,-0.09119131199197661,-1.8238262398395322
3622.849835,1000,541.62653,1000.0,2444.7574868755387,393.30308331458366,398.6269372410102,-73.28483347892761,-161.37322807610033,-296.8711076978619,-33.59630083926672,-48.71220263504018,-0.07808248617014792,-1.5616497234029583
3620.124278,1000,543.553381,1000.0,2436.108784719721,392.5655926196151,397.61908610492173,-72.83046277761454,-158.205794143677,-289.3842093423637,-35.209950171770274,-50.53876906994176,-0.3045833911119624,-6.091667822239248
3621.551999,1000,545.359036,1000.0,2448.3878201195075,393.61826192080275,398.3902171326208,-72.11772234201432,-161.265930533409,-297.3458269261293,-37.54490671916056,-50.569913236925,0.021728165091034604,0.4345633018206921
3617.358902,1000,547.281791,1000.0,2424.571925861926,392.848036737268,398.3190193087602,-74.12242172956466,-159.76773903518924,-277.18499054074135,-36.046145373151724,-51.25878290248065,-0.11488296931432893,-2.2976593862865786
3619.228762,1000,549.188553,1000.0,2426.1784055569165,393.0261326236971,396.9715088195998,-72.85431059718118,-157.64580603241924,-279.98812950912753,-35.420102778023185,-51.038936045955964,0.21204982777855935,4.240996555571187
3622.222214,1000,551.141935,1000.0,2438.228575606209,392.85128608035586,399.05736998544825,-73.24759152412413,-158.13956613540648,-291.28983267779813,-34.84389443537222,-50.39413338792127,-0.1088762973288677,-2.177525946577354
3623.190232,1000,553.099673,1000.0,2433.5959231169554,392.71828028275695,396.867057280491,-73.0219040822982,-156.4468377962709,-286.7700698370802,-33.52044563073733,-50.23177091175849,-0.08133203748404458,-1.6266407496808917
3628.463997,1000,555.003832,1000.0,2438.416995138962,392.58408083130155,398.33536258550635,-71.77256250977526,-154.46742560565488,-293.5159818965737,-31.26110695961664,-49.85536439230569,-0.11260493310376307,-2.2520986620752614
3634.924935,1000,556.926072,1000.0,2432.8758678575064,393.4160212719131,398.3278272673971,-70.27390610218049,-152.67126396596422,-283.339749720747,-34.34449094498877,-49.06537054634174,0.00966099390645888,0.1932198781291776
3619.280216,1000,558.827462,1000.0,2435.5313345863856,391.7500346980418,397.42040216002545,-72.04930354952809,-153.25902155339722,-291.3083097035354,-37.044820262435124,-51.760100101047705,0.04265778696456906,0.8531557392913812
3633.128355,1000,560.747023,1000.0,2438.7432822234377,392.7462236772738,398.0992107601171,-70.43304857373239,-148.52801327556378,-291.7684967909707,-36.355238985019284,-49.37556442609989,0.7602145069279989,15.204290138559978
3633.783971,1000,562.662653,1000.0,2434.6939037016023,393.0556859184258,397.9529319995944,-70.78156660676008,-152.456124049425,-287.8954186414913,-31.112094235380862,-49.67334706587077,0.3328524314772843,6.657048629545686
3636.106329,1000,564.641475,1000.0,2433.927890425837,393.1663080648675,397.2071808069817,-70.69327644944184,-151.0900639802215,-280.6324304872615,-35.14033257634716,-50.63894632999802,0.4883683475690031,9.767366951380062
3621.168255,1000,566.531355,1000.0,2422.3965666225795,391.3049485623589,397.69007030273286,-72.81423732399949,-152.51866042763024,-279.32813287675344,-36.40022971564838,-49.16206976411203,0.5443999159797857,10.887998319595713
3630.123927,1000,568.416045,1000.0,2430.8929333652413,392.2113931434198,397.5880204434191,-70.47818332076058,-149.84756918698568,-287.97427723941877,-33.046444962545365,-49.221945088093385,0.09790274456088137,1.9580548912176274
3629.107215,1000,574.057278,1000.0,2434.4111850155505,392.99382117279674,397.32688569500687,-71.7288954544068,-148.0877841502428,-290.15921001374335,-35.37049909667536,-50.27828777766626,0.5661539249357181,11.323078498714363
3640.981321,1000,575.942042,1000.0,2433.35221879731,392.8988043223267,397.34343427749326,-71.08082292556762,-146.78108322769384,-281.2580520738754,-35.15750809709183,-48.33566961019398,0.29585632118651717,5.917126423730343
3642.341265,1000,577.838014,1000.0,2442.5840169525677,393.9801691516159,397.3212392541222,-71.93889423489577,-144.34571487158536,-291.27471498385984,-34.71429371269367,-49.27054212891396,0.32657285006469855,6.531457001293971
3638.273045,1000,579.73878,1000.0,2441.1388826739226,392.49771148053213,397.6909616113785,-71.75995770573611,-148.16441052705045,-289.64899575202634,-33.83514727167011,-49.64599949801075,-0.06678538164386227,-1.3357076328772455
3644.790698,1000,581.630462,1000.0,2441.4232410716854,392.9006443443678,397.81612637183366,-71.12476091384882,-144.73823014497745,-290.80461547274075,-30.011474839488017,-50.67023224980995,0.7302426979097894,14.604853958195786
3655.054572,1000,583.536226,1000.0,2442.2573237732904,392.5142113711811,398.26651798766864,-70.24916301965716,-142.6316389143467,-284.43702273245134,-31.126859911524186,-49.538797020954576,0.07735843264148827,1.5471686528297655
3635.935191,1000,585.388459,1000.0,2431.240117901418,393.07997754774703,398.43680974986745,-71.02113244056702,-144.52482972890135,-290.3795624702501,-31.077711440426224,-49.81847821479277,0.1792730096690741,3.5854601933814823
3637.332349,1000,587.264087,1000.0,2425.8442047278736,392.54278216203494,397.90539808195416,-71.91513003110889,-141.51058772802358,-281.6456209613241,-33.514295589636475,-50.374401375246364,0.8302869973441622,16.605739946883244
3653.055706,1000,589.1467,1000.0,2441.38513648726,392.394950300121,397.9832936396398,-69.41493646979335,-138.43415525406598,-286.9275299499453,-34.546621039281554,-49.38443144684234,0.4426947242832142,8.853894485664284
3659.490479,1000,591.004172,1000.0,2437.0171070039037,392.4174438506767,398.57512753298516,-68.4821107792855,-135.7556555896997,-283.6401110720818,-31.457314446712694,-49.184007755240486,0.8663888787713983,17.327777575427966
3638.265272,1000,592.93138,1000.0,2430.9469339382745,392.74099347625844,398.0373062589083,-70.15820063471803,-142.58953653126972,-290.49035497568985,-32.742305109108926,-47.47956442012312,0.19858721800878565,3.971744360175713
3654.331346,1000,594.817452,1000.0,2436.8550951124575,392.68901443875217,398.1715701878669,-68.93203736066823,-137.04309597164394,-285.71319591191,-33.11282788706342,-48.58317658689236,0.17179191855785586,3.4358383711571174
3650.961471,1000,596.763838,1000.0,2437.5766153035047,391.52080926684295,398.17548990046646,-68.68823172211633,-139.35046064704673,-286.5443515875371,-33.3811721364036,-48.347227642697234,0.44133626468229503,8.8267252936459
3652.510782,1000,598.776515,1000.0,2432.9214608897014,392.7183697073775,398.4290477805519,-68.54238097190863,-137.74300516992824,-286.52091691561225,-31.049332240385713,-47.702461368284226,-0.12314544757773757,-2.4629089515547515
3651.164899,1000,600.747904,1000.0,2426.398814914839,392.8802254409773,398.79862653846294,-69.03624429345125,-138.00301907509555,-281.5160205866036,-31.038531692457,-47.31895214222009,-0.1668994533956602,-3.3379890679132043
3658.423702,1000,602.691926,1000.0,2447.628388445486,393.24271769901884,398.23992621257446,-68.52115149378777,-136.32472055703414,-297.4411802101855,-29.791530603385674,-48.60874739793353,0.5663657698093172,11.327315396186345
3662.579496,1000,604.660907,1000.0,2441.9515289170317,392.5451006633364,398.2572823138359,-68.91646720886237,-138.43584288358667,-283.331316522429,-31.969036301241157,-47.521753408956485,0.13822853763582943,2.7645707527165886
3648.872235,1000,606.666301,1000.0,2434.305002603088,391.6864516494933,396.8030933598061,-69.97454871177676,-138.52818920761348,-287.48888296982545,-29.93995951053066,-47.990731964077725,0.2370977024573409,4.741954049146818
3653.385718,1000,608.705042,1000.0,2431.624104443064,392.1454439753261,397.006259747586,-68.37093316316607,-132.8604269161821,-285.4139717766922,-32.52923150531713,-48.2155267765328,-0.02600123217120718,-0.5200246434241436
3652.686897,1000,610.727748,1000.0,2435.4137127114586,391.92035588454917,398.1001569495497,-70.52112813591954,-136.0066027536988,-284.11139996145477,-33.944410562347024,-48.16378682655334,0.22741580744586462,4.5483161489172925
3656.985142,1000,612.761334,1000.0,2439.8593538610735,392.2572194201857,398.12653958343725,-68.50313947439186,-137.87125845253465,-285.498069778929,-31.599392067880725,-49.78611104873696,-0.35066210271257703,-7.01324205425154
3664.128511,1000,618.907537,1000.0,2455.854921525705,393.6572481958101,398.7656011373731,-69.04236589074132,-135.27479393482201,-299.3867151739553,-31.801572617424096,-48.643812066619944,-0.2116148337197457,-4.232296674394914
3671.138552,1000,623.832299,1000.0,2441.8341168051243,393.76159127054393,398.39766164463225,-68.25447991251941,-133.79724803566938,-283.63784233798384,-28.78693309828753,-48.37831461003047,-0.17437366535575638,-3.4874733071151276
3659.286498,1000,626.886535,1000.0,2434.301258699263,392.3588604629153,398.4660507814214,-69.70242189884182,-134.36335567384984,-282.8777480401472,-31.802975516662976,-47.0931710005824,0.055065096866027875,1.1013019373205575
3664.452444,1000,628.971037,1000.0,2446.262012352952,394.0062384878433,398.736204690636,-68.93556586980807,-133.5152825832368,-293.82594112357043,-30.442279330059776,-47.832942432946254,-0.04769795689816197,-0.9539591379632394
3666.475476,1000,630.863862,1000.0,2440.226316015642,392.24903420214747,398.42192741202103,-67.80933115005506,-129.62645432800065,-286.2108294177741,-33.13033482608313,-47.64485151345546,0.7914613326737538,15.829226653475077
3679.531985,1000,632.737454,1000.0,2448.58924865982,391.99442561901884,398.3031145210381,-68.34737970829019,-128.20329834222787,-288.3421009458265,-26.594734380065155,-47.86729073182927,0.7108582391371232,14.217164782742465
3666.912852,1000,634.651301,1000.0,2435.4862253900856,393.1586084014773,397.69141387701126,-67.77485175967216,-130.677260939777,-282.8511238848468,-31.047170257923607,-47.07298855878671,-0.00935123101553742,-0.1870246203107484
3676.685304,1000,636.584963,1000.0,2437.810284040184,392.91536664971727,398.7930505701089,-66.83116044521329,-126.095872282982,-283.648508107472,-28.28069537356113,-47.97716152450264,0.38036122919500925,7.607224583900185
3659.119194,1000,638.465253,1000.0,2429.424311834148,391.5497910020445,398.1434412844751,-68.35771743416775,-130.3520230695605,-281.156579161246,-32.062673758258285,-48.0693568065048,-0.22786726886637046,-4.557345377327409
3676.246054,1000,640.232921,1000.0,2444.2830458215794,393.0307903217038,398.512031718939,-67.02310869812973,-125.55420955568552,-289.386633110039,-29.61988238493374,-47.995979892826405,0.5241911753705512,10.483823507411023
3677.578904,1000,642.081348,1000.0,2441.9414473719144,392.25558850970367,398.5495433670726,-65.65931728005408,-128.10774606615294,-286.9878716057767,-27.313872190268032,-47.09886802688689,-0.13561128315385657,-2.7122256630771315
3680.152616,1000,644.001207,1000.0,2434.9039528570256,393.5520361103889,399.15634887766765,-65.83738412380214,-123.85844291150588,-282.41834913771936,-28.563978369460884,-46.781567394603215,0.5233013691206495,10.46602738241299
3683.45477,1000,645.914161,1000.0,2444.443128280827,393.53965355132624,399.61067205919517,-67.35358863353731,-125.54355038851484,-287.07019846447275,-28.078970276250597,-46.092376495900396,0.1071803676901529,2.1436073538030582
3684.84266,1000,647.819515,1000.0,2447.0351193684087,393.92266457342026,398.2221499021823,-67.48391091942783,-123.5525634124876,-288.34009022307845,-27.508362231320326,-47.452346631404545,0.25136430054558145,5.027286010911629
3688.152596,1000,649.746758,1000.0,2438.9508307065444,392.7675665988375,398.67611943631874,-65.56287035226819,-123.58722564131028,-280.7136906004134,-25.73950575329153,-46.63862865078626,-0.07344611603395598,-1.4689223206791195
3672.60824,1000,651.625476,1000.0,2424.5579507690823,392.2891115171759,399.0456197587301,-65.108915245533,-122.66266547143456,-281.49694868192927,-28.86002892724784,-45.15588411998916,0.354528043999601,7.09056087999202
3679.085457,1000,653.530907,1000.0,2432.3568304357022,392.3981425932614,399.05849879549913,-65.83068940877914,-122.12144119739527,-277.6830030138422,-31.471227823527585,-47.621653222047584,-0.048439380101862044,-0.9687876020372409
3684.759589,1000,655.429888,1000.0,2438.758074769042,393.7026181170126,399.29840146020007,-66.72357336759565,-123.55080611854797,-282.9368784283549,-27.228172081218172,-46.560075360916414,-0.233057661506633,-4.66115323013266
3691.087788,1000,657.317782,1000.0,2436.9877742102162,392.71719474784277,398.9172779304325,-65.60173547744755,-121.03277647495271,-276.16021450550716,-27.79470946606299,-46.94502251931452,-0.0891264183092758,-1.782528366185516
3691.977213,1000,659.197991,1000.0,2439.471422945167,392.7442975960817,398.5856816177079,-65.38173629999152,-117.22352048903711,-281.11118082392096,-28.309975507140052,-46.79777637249087,0.18416126230529087,3.6832252461058173
3686.223316,1000,661.050638,1000.0,2439.6807899294317,394.1240909489887,399.26211328197667,-64.70231644272808,-122.5808262899519,-284.8470122089082,-28.330505528261483,-46.38301773393307,-0.034118736538294045,-0.6823747307658808
3671.517568,1000,666.699776,1000.0,2422.286283697035,392.10892135810644,398.4360440437277,-66.61155301213265,-121.34003375172624,-273.4116833404472,-32.42007875595064,-47.53033182656892,-0.11513456584558786,-2.302691316911757
3685.555194,1000,668.6405,1000.0,2441.312724001035,392.8518344254474,398.9312855161252,-63.65197465658182,-122.65258170068257,-284.0277797359641,-30.100882461224135,-47.107430891855934,0.10761232016137631,2.1522464032275264
3676.494141,1000,670.552922,1000.0,2422.101201413626,393.78280937607514,398.80679257743924,-63.93895093798635,-118.88424608558418,-282.9845959588951,-26.24711021731548,-46.141759429205564,-0.1288205478734334,-2.576410957468668
3696.996048,1000,672.460438,1000.0,2445.954469302624,393.60629164484516,399.2693193049554,-63.33524816751482,-118.09378313720221,-286.35870535926716,-26.539371375814092,-47.506923817825815,0.41140188955387985,8.228037791077597
3697.819951,1000,674.400887,1000.0,2438.5844290013624,393.22187208370576,398.463067017523,-63.28379401028162,-117.57977839410297,-279.25863976999403,-26.501162946948764,-45.82604191438707,0.14078897230911477,2.8157794461822956
3685.725028,1000,676.276137,1000.0,2430.4512356313053,393.39511917285546,398.8496629064379,-64.60317272901531,-120.17414871007202,-277.94227009130975,-28.279915640156,-45.97148268629221,0.0024795351772249723,0.049590703544499445
3695.056534,1000,678.157847,1000.0,2442.5475369552532,393.73471889984313,398.35440868568196,-63.46474897980691,-121.04094263315211,-282.54955924911025,-26.565952065524588,-45.95892748228167,-0.13309334117926588,-2.6618668235853176
3696.385456,1000,680.048964,1000.0,2440.542582074147,393.2044355458564,399.36867343452394,-62.84555477857591,-118.9372159227728,-281.46801965216065,-26.716602042662203,-46.76284233900653,0.3121303778890304,6.242607557780608
3182.07715,867,681.705644,867.0,2104.3822686432,340.7057435480305,341.4363448327533,-55.69599024415015,-104.48462284803391,-246.80024131523848,-24.748096518152852,-39.71825564289913,0.19682548927844445,3.412953984088227
3685.637405,1000,683.601262,1000.0,2438.9806747601056,393.27075384676095,398.9633591075215,-63.60110569000247,-121.83516797721389,-285.44619055592335,-27.594731399031232,-47.100187267890604,0.1304394941868979,2.608789883737958
3688.753353,1000,685.486077,1000.0,2438.656118982003,392.8909092671576,398.4644843181029,-62.72461465001104,-119.50649601668108,-285.4141320195559,-27.30135265008885,-46.31156454895951,0.5606146748260536,11.212293496521072
3693.498949,1000,687.388002,1000.0,2436.6331623178353,393.32748613364197,397.6975483487846,-62.572534669637754,-119.95644925236688,-280.08754659532264,-26.76925619976286,-44.773460708283935,0.3646545326169416,7.293090652338832
3699.488295,1000,689.274479,1000.0,2441.4458571685363,393.3937870902485,398.3750273585613,-62.60325742363931,-114.7518684044479,-284.4267102717959,-26.494617893383325,-45.449922554198245,0.5355501952171093,10.711003904342187
3689.396043,1000,691.11593,1000.0,2441.92094156413,392.62394703705155,398.7605781863955,-62.17688044667245,-121.61101051121952,-286.6309642810198,-27.965408982721637,-45.52515961132682,0.33636896484273454,6.727379296854691
3708.181931,1000,692.997932,1000.0,2443.7020911094196,393.4528728564872,398.08774158848786,-61.58926251888274,-114.45869924128053,-280.2954510082165,-25.206527770564062,-45.51083377644774,0.142649211760005,2.8529842352001
3695.568265,1000,694.855025,1000.0,2438.2583590875925,393.871904819502,398.6793264348032,-61.60904780149451,-116.12455197870726,-282.16666310606496,-30.00205058098387,-45.33901222281229,0.2078277382282522,4.156554764565044
3703.372084,1000,696.699666,1000.0,2445.2386506720836,393.8931761427913,398.4561144038381,-61.23746878623963,-117.10954756885765,-283.0283776501055,-27.528235483816793,-45.312228041343,0.43416430499140474,8.683286099828095
3696.890622,1000,698.577139,1000.0,2429.5325904054475,392.8688745245605,398.78204318940686,-60.230651551485046,-115.66903317719687,-276.9301717124949,-27.33207611096635,-44.130953533685656,0.5555221739797073,11.110443479594146
3705.064758,1000,700.405235,1000.0,2442.9926442311157,392.4043217743487,398.8379932854574,-62.9200873351097,-113.33541730344301,-278.83558089668634,-28.267341584231893,-45.81177410055219,0.5037356600293749,10.074713200587498
3702.625509,1000,702.2474,1000.0,2440.533945485692,393.3783105497629,399.02906707756046,-62.221115069389406,-116.78385294973862,-279.70591212441377,-26.792256446487226,-44.81267724592627,0.05643717690512151,1.1287435381024302
3712.017888,1000,704.144429,1000.0,2439.9636980780538,394.20753457935825,398.77190109450373,-61.068634592294735,-112.85522556602952,-275.2947793575471,-27.14069123790103,-44.56591525416482,-0.050971591615484216,-1.0194318323096843
3701.886058,1000,709.769694,1000.0,2441.180251739005,393.555474413608,398.3502002885302,-60.35218475818635,-113.83432896733292,-284.56159478297445,-28.31268784981127,-44.13907177725151,0.46763137375288677,9.352627475057735
3708.629153,1000,711.61062,1000.0,2443.770129407768,393.5345132799804,398.6824853162317,-61.59314873814581,-114.49705091267835,-281.1460150662563,-24.90618386901598,-45.21557651755886,-0.26352720453422185,-5.270544090684437
3708.054203,1000,713.448348,1000.0,2450.6999728613414,393.98727220541326,397.93196376765104,-61.93653022289277,-114.14643173068757,-284.719468275162,-28.663952655877694,-45.09862250192495,-0.007209663670223429,-0.14419327340446858
3708.295094,1000,715.329517,1000.0,2437.6339766656642,393.50432117564344,399.3443796310087,-60.77489330649383,-111.668567276001,-277.2106971417328,-28.2431932742684,-44.29023282843327,-0.07974114483539227,-1.5948228967078455
3708.463502,1000,717.079579,1000.0,2440.486054282701,392.57831262644606,398.842697905565,-61.00183299899101,-110.8289137303829,-281.7178530642793,-26.2227464617477,-43.67221681198272,0.19068901210774472,3.8137802421548943
3699.461736,1000,718.963707,1000.0,2432.034823066577,392.40757059694033,397.15694814290777,-61.43105405807487,-111.69344947785129,-277.8613150177743,-27.577263339227677,-43.57452348548058,0.6960836462789295,13.92167292557859
3707.642872,1000,720.80459,1000.0,2441.2721033153,393.8325026732558,398.35611921805094,-61.25056515693666,-112.27950599789615,-281.13444466976443,-26.36025553482202,-44.79308195324062,0.0860077071723681,1.720154143447362
3708.518269,1000,722.662265,1000.0,2436.9835171586005,393.93084717594814,398.5954634842904,-59.76494429469109,-110.05251326709978,-280.19003061078854,-27.46222150556598,-43.521848778900754,-0.1484840655955087,-2.969681311910174
3713.900136,1000,724.500112,1000.0,2438.4100232827377,393.5904698108975,399.1442296683941,-60.42273568153383,-108.86989116370675,-277.46027835506743,-26.707566561380524,-43.78411519000385,-0.014427399562843867,-0.28854799125687736
3719.558484,1000,726.50897,1000.0,2442.9390182867846,393.4472523920969,398.75903753128426,-59.527360439300516,-108.41545382440086,-278.7327199106946,-26.04931012538362,-42.861979574640344,-0.036685392593634694,-0.7337078518726938
3711.799906,1000,728.40167,1000.0,2436.483349471686,393.38391578022856,399.6652712890146,-61.24737836599348,-109.56701617091882,-277.3493201947232,-25.0117397483075,-44.557175680527976,0.07173661855610403,1.4347323711220805
3718.345981,1000,730.273686,1000.0,2448.1575050191805,393.6574127480307,399.5109472655326,-60.21580006718641,-110.63601053804157,-284.9553591935599,-24.288254543474817,-42.88446005579058,0.06759722766901935,1.351944553380387
3716.358961,1000,732.187931,1000.0,2438.088168134984,394.60328740628177,399.0886755753756,-61.517703359127026,-110.39811549186699,-275.62514811411756,-24.946035098804014,-42.93416850588535,0.01732596488493672,0.3465192976987344
3715.775872,1000,734.034761,1000.0,2440.4656154009463,394.21166427384173,399.08468256143783,-60.205100060701426,-109.39415935575953,-278.06488294250266,-27.64514416553922,-42.67680321646038,0.09032575476833846,1.806515095366769
3709.445007,1000,735.936652,1000.0,2445.612640076667,394.49840955481983,398.84346024266955,-59.96250866413113,-110.32850310802466,-285.9292555541042,-29.405411346808467,-43.88382421036865,0.13248727855370038,2.6497455710740074
3711.920519,1000,737.979535,1000.0,2434.9415128098885,394.2043775966658,399.5299520723075,-59.470370727777386,-106.94329893589001,-282.63428010079883,-24.618281307878917,-43.08909194860691,-0.3769709711286509,-7.539419422573018
3716.148353,1000,740.143355,1000.0,2433.0643896498973,394.33018654974916,398.85916875783295,-60.130679342746696,-104.36731675565235,-277.4379793343549,-24.850423772081324,-43.3189924670344,0.037726048650332474,0.7545209730066494
3720.582511,1000,742.113291,1000.0,2442.4204234833164,394.0128403736401,398.73179712995744,-58.79254886865615,-105.82611782997847,-281.11668741580735,-24.933869721004438,-43.91332569765124,-0.09802723773001228,-1.9605447546002455
3731.350142,1000,744.279978,1000.0,2449.627746392751,393.27277011370984,399.2422467448094,-58.48029457330688,-105.41310897916551,-279.30424538289606,-24.217411915480707,-43.37756019403113,-0.18786438294847688,-3.7572876589695374
3729.955338,1000,746.159384,1000.0,2449.5239847059097,394.126184560788,399.37695483928474,-58.572855725288356,-104.09106347560883,-282.3042923438636,-24.842412000897397,-43.261162313674674,-0.13627625546078573,-2.7255251092157144
3724.10993,1000,748.212228,1000.0,2438.823220148751,394.1087256214125,398.46613817663,-58.97637045621873,-104.10261073112486,-276.13892070022877,-25.413977448385562,-42.65627413719302,-0.04924415514509695,-0.984883102901939
3724.288993,1000,754.32493,1000.0,2440.986166690678,394.685545816705,399.2528721011888,-58.650219954848296,-103.26268556416049,-280.35788855003915,-25.272783034248942,-43.09201486687545,0.043417723316194506,0.8683544663238901
3715.712453,1000,756.416132,1000.0,2430.3315327170626,394.49163693557153,399.020561620626,-58.427125570178085,-103.21252283751976,-279.9868829830497,-22.767566902076435,-43.737180458762424,-0.011944453276753383,-0.23888906553506767
3729.390747,1000,758.553291,1000.0,2448.3257220723954,394.23361047531205,399.1912862990765,-59.01102740526202,-100.45336464941501,-282.99739297574195,-26.357251717813902,-43.54083478656027,-0.13685823878480544,-2.7371647756961086
3724.405436,1000,760.670191,1000.0,2443.162944067288,394.5560561472422,399.24521039528395,-58.80273105382916,-104.00194096267218,-279.4254941704875,-27.26032627350689,-43.068282290958656,-0.04666117200756668,-0.9332234401513335
3724.469722,1000,762.737713,1000.0,2434.3934191216213,393.8894816868986,399.4616795849104,-57.853390051126524,-103.25652860850097,-274.9139133237124,-24.134998189643554,-43.11602831107184,-0.17231219018996252,-3.4462438037992507
3731.504724,1000,764.776274,1000.0,2441.9463009426454,394.22487788037944,399.5395536100293,-58.531461913585595,-100.72850966751578,-277.5407140115592,-25.08933272947999,-42.315990172463756,-0.30605497202072296,-6.121099440414459
3726.892027,1000,766.784539,1000.0,2444.3367663665813,393.1831360418213,398.18084633196344,-57.773927633762455,-102.0048411592843,-281.8506480801246,-24.465093085050285,-42.714211923253046,0.6626501477349656,13.25300295469931
3735.988082,1000,768.645525,1000.0,2445.16291262936,394.2831496199733,399.7200472882148,-57.27248800873754,-99.49835656136287,-279.31884942454167,-23.95844657151911,-43.12988661123938,-0.13965281553360462,-2.7930563106720925
3731.502225,1000,770.5327,1000.0,2439.5214023092985,394.4464703605754,399.08031823394373,-57.29002681851393,-95.23699691891656,-281.0547402626524,-24.682744129266148,-43.28145769677409,-0.36393596391105465,-7.278719278221093
3733.536978,1000,772.434324,1000.0,2439.5817926310892,394.83890886790175,399.66680822827277,-58.06841826915738,-99.78397058248517,-276.46481296043873,-24.309768693434005,-41.923560876435516,-0.0916676628424558,-1.833353256849116
3742.794142,1000,774.359527,1000.0,2445.7106857255576,394.0570392419616,399.6072051847648,-56.413595790863084,-96.27277380824097,-278.04023881860263,-22.825384377579674,-43.02879502739373,-0.0884659213616083,-1.769318427232166
3738.855276,1000,776.355687,1000.0,2451.0242407016194,393.6471844442934,398.947743570942,-57.29194850683215,-97.85038872063161,-282.1588734798267,-24.007395303554453,-43.45528623405863,-0.05172088100700861,-1.0344176201401722
3747.428096,1000,778.300268,1000.0,2439.847016086668,393.68591581131193,399.6729089635758,-56.015348612070106,-94.89031680077323,-269.491236226901,-24.08026932296566,-41.30057413765195,-0.012919143321244863,-0.2583828664248973
3733.873632,1000,780.229353,1000.0,2435.875892771567,392.50430287045447,399.01114991605766,-57.18633568644525,-96.87662136852751,-271.7051174662776,-25.783485279898887,-41.966153943599146,0.003527277203813537,0.07054554407627074
3746.586181,1000,782.22182,1000.0,2442.9474513491446,393.3894101225656,399.21421119445904,-55.823144267797446,-96.83554278016096,-271.2299546775165,-23.021678205127685,-42.05457178088452,0.06884812322018222,1.3769624644036442
3744.935328,1000,784.176966,1000.0,2448.115223952545,394.866324483114,399.51320132310724,-56.386570121049864,-97.60075185745936,-278.94708885834814,-23.20440014149642,-41.42061084537663,0.01525728719842473,0.3051457439684946
3752.424862,1000,786.134383,1000.0,2449.3380167070823,394.8092321652049,399.7637851593767,-55.142086147069925,-93.18302752524605,-281.0149101256811,-21.29162570988345,-40.85452233770986,-0.3631072795788693,-7.262145591577386
3749.658712,1000,788.129709,1000.0,2445.075153762471,394.1674559478194,398.7469497201928,-56.21502494454383,-93.17984470576044,-277.2277080051345,-21.693570642279553,-40.014699300126566,0.013502397288319649,0.27004794576639296
3736.4905,1000,790.056566,1000.0,2436.8103225099,394.49228077613157,399.7458585443236,-56.98599638700481,-96.08750921487804,-276.98038102700264,-23.281356322829073,-41.22271856355975,-0.019237541652877905,-0.3847508330575581
3761.441692,1000,791.982423,1000.0,2455.5381607666736,394.3815964860996,399.5796356177737,-54.79610654830926,-92.34640893787162,-283.14772265780886,-18.777174749029676,-38.990287818574345,-0.2019373623447176,-4.038747246894352
3750.188926,1000,794.004751,1000.0,2449.4643718357265,394.76679637150465,399.65907772168214,-56.276785985231456,-94.81206945031876,-278.7670664548232,-23.876314278317384,-39.96908422692338,-0.04204570104797886,-0.8409140209595772
3746.625006,1000,799.781524,1000.0,2435.5439608989864,393.8825539781527,399.70225317399826,-55.54634887218464,-91.64123593568813,-272.6316707505419,-23.181510402805397,-39.50299600900393,-0.0836268201623492,-1.6725364032469838
3755.089638,1000,801.730617,1000.0,2452.37571340044,394.67595182687523,399.09022234934025,-54.43119116187096,-90.23249190524231,-283.4502767152983,-22.296082210264153,-40.642207334538654,0.4247708135789459,8.495416271578918
3756.692999,1000,803.74702,1000.0,2447.922724909694,394.0748745325242,399.6257130370414,-54.97006728053104,-91.55524489432565,-277.07462995097166,-21.71142948439844,-39.61894193546529,0.07836789123539345,1.567357824707869
3745.439352,1000,805.631419,1000.0,2438.478583556366,393.86058308824846,399.73420494615783,-55.823867633342715,-93.56344459801909,-271.7596003685729,-25.41948351833158,-40.06762366630108,-0.208626108077419,-4.17252216154838
3755.31193,1000,807.563079,1000.0,2450.290314935551,394.33458442718234,399.736915778382,-55.14470581889152,-92.42964278906584,-280.32521984397056,-21.51489647741129,-39.63542005815555,0.008536755438115136,0.17073510876230272
3746.775003,1000,809.409446,1000.0,2436.9801743132184,394.4870449527079,399.4739987561078,-55.697711496353136,-90.96093804389221,-272.82967780323634,-24.7262706994387,-39.95161672950644,-0.0752452548543677,-1.5049050970873539
3757.428299,1000,811.351588,1000.0,2448.5337050992875,394.85726148434077,399.89794445817824,-54.96903175592423,-89.0681080624463,-281.91919694188834,-20.633758059085523,-39.27051730684882,-0.021815279112690492,-0.43630558225380983
3761.460003,1000,814.15456,1000.0,2453.7712643409877,394.71357861829233,399.8181380979123,-54.385475616455054,-90.62183785513037,-279.12714741498803,-23.04161416825705,-39.66690277856337,0.2832565020783617,5.6651300415672345
3761.024772,1000,817.473788,1000.0,2445.282105346225,395.23691393442544,399.3408167420506,-54.895370846986815,-89.32983144670729,-274.2654103367345,-21.529197995260056,-38.81525337679697,0.05468286687151187,1.0936573374302374
3759.304424,1000,819.985167,1000.0,2439.669780525005,394.4590953537639,399.239790162694,-53.74659370541581,-90.51132127195599,-269.4677621942493,-21.421964400335177,-38.91660056144993,-0.029700826146832816,-0.5940165229366563
3754.913833,1000,821.823442,1000.0,2443.417977195904,394.3664086884501,399.803627531135,-55.173299059867716,-88.37875208109622,-275.9466365828366,-23.556699360767766,-39.61879310194055,0.2509748371530471,5.019496743060942
3763.581265,1000,823.696216,1000.0,2452.9985515435333,394.90235103903564,399.8872203269406,-54.28156330823898,-89.44164725095037,-280.32540676843183,-20.613847348310475,-39.54439343067475,0.319780768176802,6.395615363536041
3754.80473,1000,825.526962,1000.0,2446.40324019232,394.35777670311995,399.7624381957627,-55.3955101156235,-93.41847454607465,-276.75766454785304,-20.6318668490911,-39.51520908993872,0.6714495991599173,13.428991983198346
3764.260767,1000,827.369834,1000.0,2445.833049530608,395.16391822291064,399.8988102645691,-54.13985689640038,-87.54380758106701,-274.10091774210326,-21.45240171073954,-39.39802734543606,-0.24384754202022613,-4.876950840404523
3756.28447,1000,829.267174,1000.0,2444.628761330511,395.0193415690675,399.8840227649296,-54.840844641923866,-89.1389111861587,-276.8117875456065,-22.620147607305483,-39.835965106980765,0.14245132330438853,2.8490264660877704
3762.279655,1000,831.152839,1000.0,2443.744079826461,395.1915440680565,399.9198725443057,-54.55037099719049,-87.2496250279248,-275.8385349938614,-20.028886453336163,-38.90842439676313,-0.3319451146979341,-6.638902293958682
3765.335432,1000,833.12121,1000.0,2444.894793309206,394.3342691190692,399.7204699161954,-53.717146970033745,-86.34206542372708,-274.54971397890716,-20.48099630555654,-38.52417811933941,0.5738216408810575,11.476432817621149
3759.515075,1000,835.058361,1000.0,2451.3816723176146,395.20924120438394,399.8654356065957,-55.02575448393823,-88.77811705246583,-280.11814763082435,-24.506189344860005,-38.51306610785473,-0.10513142738014289,-2.102628547602858
3763.067109,1000,836.949765,1000.0,2446.6604737062385,394.46331278843286,399.3527520825881,-53.90213077902801,-88.48480141609912,-275.02712431155044,-22.143164181491688,-37.85220931199326,0.12130125828679825,2.426025165735965
3756.892537,1000,838.85723,1000.0,2438.3492979611055,394.8090692923884,399.5800442527097,-54.95998327136035,-89.105974306166,-270.25368648720666,-22.135705784799367,-39.39052416255749,-0.04863939930449981,-0.9727879860899962
3769.047945,1000,844.948356,1000.0,2451.8976562505027,395.3294563468435,399.73206295293124,-53.927481135725934,-85.93482753634461,-279.1475846199991,-20.58824693965543,-38.313089839986866,-0.19062193014610015,-3.812438602922003
3765.406254,1000,847.071958,1000.0,2447.4077892380037,394.75950492784085,399.72188388789016,-53.71451603055,-87.78349117636674,-275.241932742299,-21.903849418136524,-37.83913433541124,0.16835381190236495,3.367076238047299
3751.867059,1000,849.083134,1000.0,2433.2351793117887,395.01416392375774,399.856199822146,-54.762040976285896,-86.78868940770624,-275.11170889994287,-21.144210579033192,-38.43183385609673,-0.047574425129080326,-0.9514885025816066
3758.6925,1000,850.997516,1000.0,2442.3166194945898,394.57765676444365,399.1448730372238,-53.438712280988625,-85.58190412074319,-275.73891220523257,-25.425434025500934,-37.161686757796076,0.265798981484215,5.3159796296843
3765.335098,1000,852.844381,1000.0,2448.6138186672974,395.1447532722771,399.72969409077626,-53.572156251668936,-83.29045639187107,-281.4847460758313,-22.807757586073375,-36.99805157479184,0.17594120507928443,3.5188241015856887
3765.721222,1000,854.657344,1000.0,2449.353832131137,395.1462399210908,399.80513284407334,-53.38547326564785,-86.03905845135459,-279.8248412458351,-22.080210089601387,-37.254399700307204,-0.11047422312769162,-2.2094844625538324
3771.580898,1000,856.501324,1000.0,2451.4007405391903,394.90266352539237,399.69691561537473,-52.423434681892346,-84.13125090524554,-280.44214210319853,-19.923241490018558,-37.499352586813345,-0.075298613034781,-1.50597226069562
3763.075724,1000,858.392798,1000.0,2445.6157176819606,394.6473293370372,399.3953666350559,-53.53945222854615,-88.64352476894861,-275.0763392356089,-22.157771456793306,-37.16560207369748,-0.14051501689028764,-2.810300337805753
3770.391473,1000,860.317873,1000.0,2449.2526384412627,394.6375851800392,399.4504767573946,-51.85875863075255,-85.57015249133104,-275.53980799285404,-22.583075191473206,-37.39743271130133,0.29640108555013794,5.928021711002759
3773.273367,1000,862.18663,1000.0,2449.1113121428966,395.1234612677921,399.7068174601627,-51.07516748845575,-83.56546498686072,-279.7281811694531,-18.33693856572938,-37.96247162448968,0.3420813663155238,6.841627326310476
3763.669832,1000,864.20425,1000.0,2445.261021296145,394.53782031823005,399.24367816250907,-52.55935625195507,-85.46149611920117,-275.8746018572907,-22.98874431907222,-38.48848879622965,0.6717388610697296,13.434777221394592
3770.114657,1000,866.210113,1000.0,2448.5758444942344,394.49903893569655,398.95084151809675,-53.27228079318998,-81.63122206777335,-277.25099798851494,-21.76731352247105,-37.989253935661324,-0.06030637897379436,-1.2061275794758872
3773.522581,1000,868.219531,1000.0,2447.142824572219,394.92945871511097,399.6238450468947,-52.79055533766745,-83.17550850845858,-272.5154205430771,-22.186461624166306,-37.50560140403148,0.028462585881472553,0.569251717629451
3769.47527,1000,870.148146,1000.0,2449.2092902359122,394.57967393932415,399.32282304109225,-51.87108563303952,-83.43348973542443,-279.7785025850442,-20.81028950381587,-37.7431500785674,0.03845930688407571,0.7691861376815141
3764.488076,1000,872.153739,1000.0,2440.88519154109,394.3626226486421,399.1659873508827,-51.9280501496791,-83.47813242375858,-272.4979617074094,-23.75730229200217,-38.26427941292533,0.11606609805290372,2.321321961058074
3784.772743,1000,874.075032,1000.0,2451.399972081735,395.0265812633137,399.5083980979992,-51.264336968660345,-80.29845024868847,-275.66173529909975,-17.745759497518012,-36.19192690351429,-0.13491246190520761,-2.698249238104152
3768.258803,1000,876.055616,1000.0,2442.3843160453503,394.4482853982147,399.3637534050852,-52.75038433670991,-84.66372102797025,-271.51471124481344,-21.35607893887093,-37.65265640738019,0.6197669324664805,12.395338649329611
3770.682044,1000,877.928909,1000.0,2439.147861766508,394.20475118622164,399.74254997538804,-51.958434704542114,-83.1567156210541,-268.96846914143407,-21.48492179956544,-36.84457750764321,0.5719028807192152,11.438057614384306
3775.485921,1000,879.814641,1000.0,2444.089244983612,394.4392448822324,399.66958993381235,-51.976592247486145,-81.29401666894545,-273.983896124737,-18.953932741773848,-36.50372063180719,0.33373183001979434,6.674636600395886
3764.929654,1000,881.684701,1000.0,2436.4130410818593,394.3092347632669,398.7893633885482,-52.402582615614,-80.64867517575634,-273.4864492901653,-21.73170447395235,-36.31257376560588,0.3131844077161744,6.263688154323488
3770.897077,1000,883.581545,1000.0,2443.28437742613,394.3612210249564,399.1700158007873,-51.47902772903449,-81.13081033974888,-274.16029089496305,-22.173607600613902,-36.97480109663665,0.2385704445484588,4.771408890969176
3782.005419,1000,889.271448,1000.0,2456.384854445525,394.79460812971615,399.7636468061107,-51.581115320920944,-78.56851788163178,-281.82651985516026,-20.36818311003266,-36.593353789936295,0.5935091784827482,11.870183569654964
3762.350033,1000,891.167933,1000.0,2435.452998769929,393.81721771891756,399.3088777152679,-52.06889695644374,-81.10001871883884,-270.083679566909,-25.229502295499007,-37.746963718632685,0.702612426661217,14.05224853322434
3781.920168,1000,893.03441,1000.0,2451.3479647528848,395.085437003769,399.1720976039733,-51.78019650101665,-80.07570737451309,-274.11395496168217,-20.211317729867638,-37.50415517515097,0.6759833911654608,13.519667823309216
3771.672575,1000,894.918115,1000.0,2439.586323295277,394.0316051838478,399.6012534660422,-52.475206259489084,-80.41935926042494,-270.5435887631062,-20.671893901050854,-37.43655867506205,0.220267181811404,4.40534363622808
3774.72469,1000,896.810865,1000.0,2437.9880575008506,394.00739589111095,399.44209222531725,-51.09828053832049,-80.25300958454615,-268.8175847490237,-20.573482928098652,-35.97049815538443,0.6774434184172978,13.548868368345957
3775.302073,1000,898.687445,1000.0,2442.750888757556,394.3695244377823,399.8055067840789,-50.55405262231826,-77.55852457880978,-276.65635636193,-20.32097343346321,-36.53394011447943,0.49848366659480464,9.969673331896093
3778.871938,1000,900.441719,1000.0,2447.7179517584846,394.5944911077364,399.64492682236204,-49.88735641479495,-79.93997783288363,-276.2269199109765,-20.44665804592027,-36.58451946427621,0.6779053675476164,13.558107350952328
3781.52849,1000,902.294866,1000.0,2445.5254754794214,394.2881975378272,399.2925180639222,-50.693728408813506,-77.72907723635436,-274.0463647830497,-18.69798773628414,-36.410542659382905,0.3013849204698359,6.027698409396717
3775.757441,1000,904.194775,1000.0,2437.07656654575,394.0261795076625,399.27934030685833,-50.24003397285938,-79.9526972830296,-268.77535447309305,-19.466896623607063,-36.189662992428346,0.32784451767774325,6.5568903535548655
3779.777102,1000,906.063033,1000.0,2445.801272942251,394.19461370596633,399.59870331943864,-50.472040342092555,-77.86504099294541,-272.8657250133479,-21.643576258524902,-36.971105751902776,0.09127760407592174,1.8255520815184347
3782.93448,1000,907.974456,1000.0,2443.4367554081364,394.4687079456573,399.69215530045517,-49.8482667171956,-76.6785942718386,-273.66993346032666,-17.418584391279328,-37.0477599119298,-0.1297854394753291,-2.595708789506582
3791.851141,1000,909.857537,1000.0,2455.083870894069,394.05908224416197,399.5096323073582,-49.55675250649454,-77.27145277783258,-275.98138417438804,-17.57115371397319,-36.42070095786452,0.3591411589331739,7.182823178663478
3785.871027,1000,911.768479,1000.0,2442.580607502434,394.4174080697314,399.55753566146973,-49.01643393397332,-76.3824925974013,-270.63024948715884,-19.17306590173545,-35.48228242369142,0.8663740814605637,17.327481629211274
3791.319713,1000,913.6764,1000.0,2441.679346945779,394.1629860726444,399.5480929446177,-48.55636140584942,-75.47436976358304,-266.54030003248636,-18.68694356607276,-34.81273787416114,0.015212888113063474,0.3042577622612695
3799.546745,1000,915.536043,1000.0,2452.6445348773777,394.5231588397715,399.66074527247855,-48.020870380401625,-73.53399184048183,-273.3381182401226,-17.955414739433056,-34.433298851549765,0.022750072486234944,0.45500144972469886
3793.5311,1000,917.408045,1000.0,2449.935017758405,394.5822909053734,399.18374137284303,-48.48187661170955,-75.57947284281241,-271.3589357674978,-17.990254662717813,-36.75941043711896,0.8611222125248439,17.222444250496878
3785.531173,1000,919.30312,1000.0,2440.2267360189526,394.5759569370468,399.4748376708429,-48.38031489968295,-74.44266049265855,-272.3708908431579,-17.705298829868088,-35.847192709124194,-0.09880406455725202,-1.9760812911450405
3778.661846,1000,921.195122,1000.0,2432.228138301269,393.7784432991182,399.4366794726012,-49.90111867904662,-75.30325428172938,-265.4178028958374,-21.06145856713852,-35.09778064952841,0.25309138001043574,5.061827600208715
3790.308852,1000,923.072351,1000.0,2438.249188662176,394.6973688852333,399.82131700929204,-48.46613676965234,-75.37290873378518,-265.964553158002,-17.127783094958062,-35.52764095489754,0.08228743781593074,1.6457487563186148
3791.775387,1000,924.938564,1000.0,2444.6282174161724,394.46901255005065,398.8444983724222,-46.921063313484204,-74.31503533720979,-272.82478210542007,-17.611843235919785,-34.49361690474664,0.7485131793024589,14.970263586049176
3793.34086,1000,926.844274,1000.0,2441.4126880483013,394.7737139801839,399.60965059066115,-48.00688049316403,-72.40643292814487,-270.73194637020225,-17.319053989145587,-33.990879318120655,0.7890069300911449,15.780138601822898
3796.997256,1000,932.491153,1000.0,2451.054795264537,394.9916135430852,399.6175815255589,-48.31674965739254,-74.5542031750084,-274.3015853602036,-16.833382020875828,-34.660814595601465,0.7694280261433813,15.388560522867627
3797.964685,1000,934.356993,1000.0,2446.987963619955,395.60252144865814,399.62820909689736,-46.907500667571995,-74.1095550186932,-272.2070845143282,-16.482658620439388,-34.547209917065295,0.6924923450095128,13.849846900190258
3794.501035,1000,936.247405,1000.0,2438.591723933639,394.5707705326504,399.7388603304011,-47.6682036328316,-73.35349849164493,-265.16088429266966,-17.81349952589687,-34.40423369370357,0.2624993221992437,5.2499864439848745
3800.845295,1000,938.088337,1000.0,2443.8728109469353,394.47485639564104,399.3020192411691,-47.10058912515647,-72.83838029205788,-265.44738234182233,-16.152339955883363,-35.2656998768891,0.37410391928149556,7.482078385629911
3800.664119,1000,939.945872,1000.0,2446.154692675267,394.2827732483491,399.82087181031994,-47.02262001276025,-72.76897722482687,-265.871689210702,-19.3660415185453,-34.56489072694447,-0.18902864989794235,-3.780572997958847
3786.046479,1000,941.855204,1000.0,2426.244481064972,394.6962191993907,399.6568028953804,-46.8252046942711,-72.48205418735749,-262.2579353196573,-18.145967523117402,-34.83986217818151,0.15358016247646417,3.0716032495292835
3796.654161,1000,943.734891,1000.0,2448.5004238268043,395.53376154698253,399.71715054833936,-47.62633994698525,-72.58674120306972,-274.4840433616905,-18.36952274091982,-34.03052757865529,0.45876392953571943,9.175278590714388
3799.147395,1000,945.610896,1000.0,2444.6459051683546,395.50981167286596,399.60272149303256,-47.15397285938262,-70.40491884350777,-270.40587672336784,-18.108979029407433,-34.5372958841167,0.033854318259146136,0.6770863651829228
3807.143083,1000,947.503905,1000.0,2454.2664624858808,395.31683087561595,399.85408789410525,-47.20226217627528,-71.52063165754082,-272.036157755088,-16.457753700540387,-35.077492859708656,0.021861945487173018,0.43723890974346036
3805.913176,1000,949.400495,1000.0,2447.690322764322,395.21980839157305,399.6807240980953,-45.90569617390639,-71.42987484782942,-269.2683165206746,-15.905139501911535,-34.16865173758801,0.05594791054081964,1.118958210816393
3797.9919,1000,951.265643,1000.0,2445.4671069414603,395.00337454876694,399.80588051358967,-46.245955350398994,-71.11636278480287,-272.98780378376085,-17.987600002688986,-33.94673989246089,-0.04659058862730349,-0.9318117725460697
3809.180376,1000,953.119468,1000.0,2451.1805674363663,395.55829884236033,399.73828504473653,-46.020670671462995,-69.95729772299526,-271.0410376117508,-16.704674602372066,-33.57309444630616,-0.04361611623794083,-0.8723223247588167
3803.474136,1000,954.986074,1000.0,2442.7936579544535,395.4537361282788,399.4825656768263,-46.00070955812929,-71.08208224698899,-267.01580120762884,-16.3500667162309,-33.80716450846215,0.23384383284935786,4.676876656987157
3803.881109,1000,956.849686,1000.0,2446.0250422143995,395.1191006581863,399.80024774931206,-45.73709970712659,-71.06671938076612,-269.3466880354039,-16.910253862340916,-34.00252111378437,-0.2455596872955789,-4.911193745911578
3810.672022,1000,958.724233,1000.0,2451.1726083950475,395.6568732659277,399.86264673709917,-46.35349614024164,-70.08947865143422,-271.41224295689733,-15.389283225821258,-32.775604999205804,0.0723785996980969,1.447571993961938
3806.316962,1000,960.5903,1000.0,2445.5104044928507,394.8940434074106,399.7658249330135,-46.1499027979374,-69.44000932797792,-267.8578020784715,-17.391011428908673,-33.01458477444941,-0.15914470597560967,-3.1828941195121936
3813.345241,1000,962.457288,1000.0,2449.0149713391015,395.2904834143349,399.84753621063845,-45.77729743123048,-67.97236692607403,-269.81388938406496,-14.450969711981491,-32.793226931546045,0.03858613932238013,0.7717227864476025
3808.304044,1000,964.310818,1000.0,2450.5725004530054,396.44865658755356,399.7603692404115,-46.690374955534864,-70.13593540191658,-271.8884658879228,-16.000183992168612,-33.76252239940224,-0.2260847680098932,-4.521695360197864
3809.086013,1000,966.165218,1000.0,2445.872141815678,394.94321113858354,399.5551737254881,-46.31354523777959,-68.7196243919432,-268.12705992674177,-16.196152298891732,-31.92813144808384,0.024103440022269464,0.4820688004453893
3809.913767,1000,968.050964,1000.0,2446.3585217080613,395.6295248767266,399.87137206294096,-45.520350631475544,-68.01877920925617,-270.1458851896954,-16.285498483316925,-31.97513802383175,-0.015776351969442933,-0.3155270393888587
3811.363266,1000,969.94547,1000.0,2453.48564516143,395.36702825251683,399.7397922381369,-45.81906235456466,-69.05691422671076,-272.7732664987979,-17.52234846789886,-32.05760833691046,0.013451178620270145,0.2690235724054029
3814.969998,1000,975.577682,1000.0,2445.3736379201227,394.95941051870807,399.79494451504974,-44.779844057559906,-66.50133159086103,-266.32651199054595,-15.846665542005876,-31.703641521761796,0.06125292064551606,1.2250584129103212
3813.681898,1000,977.418305,1000.0,2444.5912367822443,395.61395714253035,399.86375204176426,-44.07942460536957,-66.93259038925176,-269.47724612076934,-15.09192114767691,-30.80586558925366,0.027555091158835244,0.5511018231767049
3820.923406,1000,979.274725,1000.0,2448.836626705282,395.3255563327982,399.8437787849541,-44.99785586833953,-64.16131196469073,-268.0801493334057,-13.788498890049471,-32.05473960549397,0.018430286859793508,0.36860573719587014
3817.886512,1000,981.132649,1000.0,2451.8141998964998,395.16909833365133,399.7134270657777,-44.35652545809748,-66.01150162219997,-271.1614608415372,-15.747905652476685,-31.53281931102225,0.06459557582686122,1.2919115165372244
3813.134615,1000,983.03375,1000.0,2442.9022835342485,394.6765107089031,399.90358523757624,-44.32066288948064,-66.66747269108895,-265.51813755154666,-16.475094626334904,-31.366396508125533,0.07234409821084806,1.446881964216961
3819.251258,1000,984.851899,1000.0,2446.1526346560586,395.32690132970146,399.95894472871925,-44.54453118681906,-65.64191537797456,-266.9610018834119,-14.400063389846148,-30.639710809731117,-0.03898450682613308,-0.7796901365226616
3812.372043,1000,986.716543,1000.0,2437.7406034539235,394.89100722667524,399.4465041253013,-44.99558478236192,-65.0730127237737,-261.72856107466987,-16.860905592554623,-31.04800737145806,-0.031104087341251807,-0.6220817468250361
866.394135,237,987.154416,237.0,554.0092365794815,92.764960240176,90.73246279112327,-13.915818759202951,-14.713349977135652,-63.1162932421204,-9.015104606190583,-7.351957794173855,0.9397020099010868,4.454187526931151
3823.6121,1000,989.020625,1000.0,2451.565867539637,395.29465865593716,399.9698974254193,-43.415780268907476,-64.75320149436601,-268.2424426706805,-14.749586000632636,-32.05731305048736,-0.16476764632851776,-3.2953529265703554
3828.044699,1000,990.873961,1000.0,2455.0754312886147,395.51942229108323,399.93695551030436,-43.35396660864353,-62.764511767774785,-271.47411397108317,-14.577401416455494,-30.317116717915955,0.4240475149848769,8.480950299697538
3819.481789,1000,992.710835,1000.0,2450.0105084526085,395.6850553674541,399.24401945491434,-44.64801490545277,-63.37931708842508,-269.2024858709486,-16.387297730536293,-31.840678653925227,-0.08069355354936815,-1.613871070987363
3822.320093,1000,994.578145,1000.0,2449.661089764952,395.52101440744116,399.80037183133607,-43.83999593853942,-63.24420545324687,-270.3132583051473,-14.266377176397953,-30.998546521133953,-0.07560641326481492,-1.5121282652962984
3818.01596,1000,996.509109,1000.0,2451.622673618047,395.6786918853616,399.87731386819263,-44.457250239849095,-64.03238814361396,-274.15495921211806,-14.57780366906166,-31.940317944519563,-0.16459606019241327,-3.2919212038482653
3825.075905,1000,998.395358,1000.0,2454.093657401459,395.56542604087747,399.82478867586246,-44.59174836635586,-63.722903029620625,-271.64862067889817,-13.64776726936323,-30.796927990588674,-0.03027780762751963,-0.6055561525503926
3826.389282,1000,1000.266318,1000.0,2455.6388463289218,395.15887082976485,399.90781984260065,-44.067317451238644,-64.96250591278081,-269.27068021274346,-15.41083407109989,-30.60491693237805,0.048649976274504125,0.9729995254900825
3827.743428,1000,1002.153602,1000.0,2451.8950299565818,395.372228805141,399.57825354811513,-44.90066514253617,-61.68765652179715,-269.1687394575297,-13.449664803047815,-29.895358844609795,-0.0015716855961936081,-0.03143371192387216
3819.82138,1000,1004.060862,1000.0,2439.7492682016295,394.9736510164639,399.57047061983315,-43.205738624334366,-62.022268029302374,-266.15412804843083,-12.957267474633328,-30.13260728878366,0.05023469712886926,1.004693942577385
3820.927193,1000,1005.929035,1000.0,2447.665243000107,395.595412323988,399.7551393691793,-44.14584774553776,-63.902798272669415,-268.38272422147793,-16.271728223604157,-29.385502999455195,-0.23896967079048256,-4.779393415809651
3817.602592,1000,1007.685614,1000.0,2438.1303585009537,395.4253868529389,399.82064101205816,-43.26593891978261,-63.71049332171671,-262.79102252788726,-15.61989199766504,-30.38644718762349,-0.08925193935910093,-1.7850387871820186
3826.95208,1000,1009.540531,1000.0,2442.727493529737,395.29744921842615,399.8218276714899,-42.734113889932644,-61.63279644250869,-263.59197942319537,-13.671250099282162,-29.264550264757816,-0.06592331172628149,-1.3184662345256297
3815.320452,1000,1011.430861,1000.0,2436.2146497262934,395.4115383764626,399.3693705178659,-43.65512039482594,-64.00463498681779,-262.774561745397,-15.588575538533757,-29.652213733006583,0.08494128591430522,1.6988257182861044
3821.892221,1000,1013.329864,1000.0,2437.1359098297457,395.3512720794364,399.91685327973397,-42.815602959394425,-60.90176510065794,-263.1425983205801,-14.814704822731397,-28.837143367939138,-0.11330580788315958,-2.2661161576631916
3833.205627,1000,1019.021701,1000.0,2449.242800248294,394.78568383757545,399.7414463127072,-43.110461592674305,-61.765120647847624,-262.3997809457557,-14.188795197801861,-29.100145424519354,0.06023209042532851,1.2046418085065702
3824.958184,1000,1020.908763,1000.0,2445.769955834734,395.20302518662066,399.75330124564584,-43.71339309811591,-62.535512814670774,-264.55517842367135,-15.079200669277295,-29.884813534709107,0.3973003046101867,7.946006092203735
3832.449076,1000,1022.791661,1000.0,2452.8554615337725,394.4514474217735,399.5445464913558,-42.85287681043142,-61.21532223597167,-266.5045511045398,-15.430211134136348,-28.399418401306015,0.4041828734438993,8.083657468877986
3824.331431,1000,1024.619318,1000.0,2441.396109667227,394.52374721764835,399.33485137329694,-43.565043545961366,-60.64511165097355,-263.5526499963889,-14.569357931309744,-28.591114149083833,0.34019753360748045,6.803950672149609
3831.047837,1000,1026.464225,1000.0,2443.626521273785,395.0834142576142,399.9290228720782,-42.45844020247457,-59.467178299278004,-263.70765208648805,-13.831209437621853,-28.126641568005542,0.1941831097124775,3.88366219424955
3828.098639,1000,1028.352348,1000.0,2440.794969963423,394.87481316758215,399.7304896755068,-42.84009493768221,-59.824039641395196,-262.1069910973432,-13.653426095276794,-28.877082170352768,0.3406541095188964,6.813082190377928
3830.132992,1000,1030.227467,1000.0,2444.4385660963862,394.78230228708514,399.89089018005427,-42.56062698304658,-59.52263172492383,-266.51639911768785,-12.369130339484085,-28.00997833845446,0.47139027134594114,9.427805426918823
3835.451784,1000,1032.095581,1000.0,2447.1298463483463,395.40825133530024,399.78722827566725,-41.79500603377817,-59.40104576572772,-264.35071786655965,-13.412925826723567,-27.91384673664894,0.02537904741730702,0.5075809483461404
3819.493493,1000,1033.977127,1000.0,2431.2199953536333,394.9334292175115,399.45094529432015,-42.92369628787044,-58.75411039739843,-260.4610960801123,-14.874044676877254,-29.097929017167935,0.06476109657530292,1.2952219315060585
3830.805057,1000,1035.842866,1000.0,2442.2751339440442,395.4642627767776,399.74315430063007,-42.20994984507566,-59.6267459332943,-262.2761566005398,-14.192008554329723,-28.37263322101079,0.5862369364090492,11.724738728180983
3830.955924,1000,1037.710486,1000.0,2439.3392546967934,395.2562528948683,399.5007850577626,-42.03389269828799,-60.05001030489798,-259.0661568566979,-14.59337311164735,-27.396935246646976,-0.11809312402985432,-2.3618624805970865
3828.550118,1000,1039.575377,1000.0,2442.171255365622,395.1617741853484,399.7967098983271,-41.97766198515895,-59.859917737543554,-262.6985501346151,-15.186957866602205,-28.856533473869913,0.06448780990954031,1.2897561981908061
3835.111738,1000,1041.442697,1000.0,2448.6295044820204,395.7770858165496,399.86013055016485,-41.59871028542516,-59.96368141472341,-266.0933556815844,-13.870890413702373,-27.628344580910127,-0.0005919481533953596,-0.011838963067907191
3835.525812,1000,1043.295373,1000.0,2446.068811631336,395.51978430646574,399.75803854019256,-41.76903707921504,-59.465386820584584,-262.57629182551386,-13.444822219165244,-28.565284995958766,-0.04666426319758599,-0.9332852639517197
3837.385953,1000,1045.184575,1000.0,2442.1504099170565,395.2044708530495,399.8386755377306,-40.92268568217759,-58.240119063854195,-259.30254562163276,-13.232099352347799,-28.110153464446395,0.23181808736348536,4.636361747269707
3836.638911,1000,1047.077632,1000.0,2444.731090216977,394.9022382227009,399.5606371333378,-41.20086349248879,-58.637458802759596,-262.1602167091809,-13.031029842729458,-27.52548557106665,0.40173719735951197,8.03474394719024
3840.550158,1000,1048.976853,1000.0,2450.1253163426786,394.83748565253296,399.7215767445074,-41.17374869704247,-57.355109108984486,-264.2887742141249,-14.202958516758835,-27.113630637040533,0.28821368497355215,5.764273699471043
3833.687724,1000,1050.909195,1000.0,2444.619033089603,395.45314694315533,399.7590544797523,-41.59727069139478,-57.13128448799245,-264.6066178606556,-14.91300308053777,-27.89533444781249,0.08219523331130299,1.64390466622606
3843.785905,1000,1052.814062,1000.0,2451.5543990938622,395.67923287057084,399.86285460847324,-40.40474460721019,-56.124242479354194,-266.67921897503686,-13.257377431160592,-26.844998547198454,0.28695152238966637,5.739030447793327
3839.129233,1000,1054.724163,1000.0,2444.0725871566633,395.42094654856174,399.8212843946912,-40.771520479917534,-57.76692911908035,-261.31272055157325,-12.251323078448609,-28.08309142054549,-0.06556892035769962,-1.3113784071539925
3844.32969,1000,1060.345983,1000.0,2452.6871907386244,395.22823959660604,399.89260599949887,-40.41655837893481,-55.81916832551358,-267.5446191284945,-12.232783118341295,-27.465217430197054,-0.05137185416416874,-1.0274370832833748
3835.581151,1000,1062.223689,1000.0,2439.8133248410063,395.62797290354183,399.553491694116,-41.32136055767532,-56.27549931555989,-261.9661798914112,-12.0287753506508,-27.82182304511604,-0.12007514583670698,-2.4015029167341395
3838.991878,1000,1064.109872,1000.0,2449.640420878329,395.26736572263496,399.7151017601794,-41.23604679703709,-56.1971239611506,-267.008920552419,-13.290741528128406,-27.89817721421733,0.36466454012967964,7.293290802593592
3847.878686,1000,1065.999399,1000.0,2453.6470112793145,395.6721339879468,399.7087340726577,-41.03083423495288,-55.5657138649374,-264.8540537928614,-11.532841701666602,-28.165750070116395,-0.29498056493834723,-5.899611298766945
3846.599897,1000,1067.871699,1000.0,2450.6301727170694,395.1651700323663,399.6475119309494,-40.53035987496376,-54.71259451732044,-264.3024813638609,-11.52106307519699,-27.776459258237118,0.0010327931074545767,0.02065586214909153
3841.580812,1000,1069.759696,1000.0,2446.8322157596886,395.0035415340553,399.76536486691657,-41.0932326853275,-55.25057951807981,-263.9515302606482,-11.698614028380275,-28.02635339985787,0.16221504294534755,3.2443008589069513
3848.931191,1000,1071.716164,1000.0,2452.7528657649896,395.70331578633875,399.74238473111313,-40.73445658922195,-53.52707333862787,-267.4321016399486,-10.401624767533221,-27.172119249455697,-0.05078789193914731,-1.0157578387829462
3850.541866,1000,1073.610755,1000.0,2456.090540014389,395.6243214238278,399.83984253003615,-40.730818043947295,-53.60717108398672,-266.9905780240811,-11.420195807528069,-28.26407513374006,0.0312796613556704,0.625593227113408
3852.80931,1000,1075.551916,1000.0,2456.682002848542,395.745240415353,399.92565214389236,-39.98095383763309,-53.20718252733348,-267.13005098405847,-11.780137561412577,-27.445260042196058,0.05245161047408024,1.049032209481605
3854.792017,1000,1077.437566,1000.0,2457.4267506862643,395.4415743587694,399.900329427533,-39.40321648240092,-52.519808971136726,-267.2719338948357,-11.611940664226166,-27.16973768004215,-0.22987540508780419,-4.597508101756084
3845.100173,1000,1079.373045,1000.0,2447.906063171144,395.8143578880068,399.69747718497865,-40.08134257674223,-52.80580684542658,-265.990846895557,-12.66783513655319,-26.771893973605827,0.22413667269192677,4.482733453838535
3846.908453,1000,1081.287147,1000.0,2449.193509677142,395.2798066904451,399.8251320943639,-40.47146107196806,-52.929334454983504,-264.40445255407906,-12.278875935495183,-27.305871141912572,-0.14447533591879605,-2.889506718375921
3850.319637,1000,1083.169157,1000.0,2448.901005719649,395.63212074185606,399.9129325934847,-39.794164231419565,-52.491656073182824,-263.4268170930141,-11.315222152052511,-27.09856225651969,0.08293707307141703,1.6587414614283404
3851.161788,1000,1085.099628,1000.0,2452.0913190417864,395.41453744719973,399.898216888738,-40.388898078799215,-53.151998011022755,-263.3000243695548,-11.437445659641366,-27.96391913802826,-0.0673765097218469,-1.347530194436938
3849.615477,1000,1087.017677,1000.0,2448.0553651363957,395.4000160087075,399.5519617419757,-40.02603158056741,-51.408067706227335,-262.9400165918398,-11.113970232079113,-27.90378011516323,0.21262434384177947,4.252486876835589
3858.371179,1000,1088.932912,1000.0,2458.7616740284307,395.9675176635048,399.6008403714383,-39.18834288716318,-51.84715317636725,-266.5498761158566,-11.157251838665257,-27.21622910401211,-0.10404007055695812,-2.0808014111391624
3860.341313,1000,1090.807835,1000.0,2453.7772025673225,395.48412881807167,399.7962524502717,-38.639319821596104,-50.45924394205212,-262.8248584865391,-10.207449656909432,-26.585398651614543,0.01897813855208657,0.3795627710417314
3855.393524,1000,1092.816336,1000.0,2453.774236261004,395.69009263993814,399.6645009158698,-40.32177672684188,-51.717084120214004,-264.3808903179763,-10.71660302145733,-26.598951847301247,-0.07910766367631276,-1.5821532735262553
3856.930262,1000,1094.946512,1000.0,2453.938659499524,395.72591708824723,399.8618770939228,-39.30765208840375,-50.79723692238336,-263.30015055093486,-12.045482889435087,-27.145669689388097,-0.02675573734704617,-0.5351147469409234
3854.872977,1000,1096.99843,1000.0,2452.5234098738883,395.49038257711885,399.7260963876921,-39.124542592763895,-50.01672243624925,-264.6305910379044,-12.075906128322767,-27.01915005938562,0.12787032328196166,2.5574064656392332
3853.318099,1000,1099.155927,1000.0,2449.9190195028655,395.0457440469826,399.71529077315324,-39.6633484631777,-50.67436950132247,-263.3977843908849,-10.308680826846112,-27.317771958624114,0.3395110815833084,6.790221631666168
3857.730856,1000,1105.395516,1000.0,2452.6920846787248,395.39314863085986,399.85226793892065,-39.536964179277376,-50.03157914429901,-263.2060875227091,-11.022368448758394,-26.409645958709124,0.012670729173850578,0.25341458347701157
3860.287979,1000,1107.529731,1000.0,2452.789345563065,395.51144922589526,399.84339829203213,-39.27118674337867,-48.28385788351299,-263.3925006832189,-10.747976875368579,-26.160691932204617,-0.021700082652167902,-0.434001653043358
3861.873607,1000,1109.659253,1000.0,2456.7681996366578,395.2433988510358,399.7304998789033,-38.94441921055312,-49.608718675002436,-264.15718451494996,-10.717451889898937,-26.440716663592863,0.7362819210715579,14.725638421431158
3861.866691,1000,1111.75371,1000.0,2454.4425784059245,395.5339319633914,399.6700578534077,-39.076171966791186,-49.53998207151886,-262.1762546899651,-10.55587326606564,-26.431595206705733,0.2740389741336532,5.480779482673063
3862.467722,1000,1113.877976,1000.0,2456.2447048842964,395.39089847056096,399.83629425890825,-38.94572877883912,-48.922670841216956,-264.36211962544456,-11.127344485603963,-25.646311502644256,0.13592372877645248,2.7184745755290494
3860.936665,1000,1116.150739,1000.0,2451.9567253045016,395.6012786985517,399.89858470210726,-39.079205349087665,-49.43263448029761,-262.2293796965794,-9.987162161131403,-25.791541559782274,0.1432339046161341,2.864678092322682
3860.903709,1000,1118.289614,1000.0,2452.4198162666576,394.83345882187643,399.7401992160946,-38.99276599109169,-48.77048306688673,-261.38709322202703,-10.711583130108417,-26.22783986824273,0.48883612460527004,9.776722492105401
3860.390623,1000,1120.226904,1000.0,2450.3458638926004,394.96282190122145,399.87897584105866,-39.00874374151226,-47.67532235160471,-262.0819099714821,-10.508001669613055,-25.523060520973036,0.3769291173978087,7.538582347956174
3863.349709,1000,1122.17479,1000.0,2452.2829103408676,394.8863438644217,399.58192180390256,-38.41763070404536,-47.1927101306618,-262.1223333291879,-9.580112695658345,-26.088679660016872,0.8152838885831033,16.305677771662065
3862.330398,1000,1124.910409,1000.0,2458.57622881225,395.34435376694836,399.74486442702613,-39.13214024364947,-48.54019262827936,-268.1627397260224,-9.85884023279782,-25.641136382564664,0.9124711569426935,18.24942313885387
3857.619153,1000,1127.098039,1000.0,2447.3685985130305,395.1537730065868,399.64253744015366,-39.671502928733794,-47.51707179248331,-262.6285753668758,-9.186736085627745,-25.54186993779852,0.9026188275974405,18.05237655194881
3866.585947,1000,1129.020341,1000.0,2458.4396771169463,395.42624293375445,399.7230992226064,-38.36381459772586,-47.20251736268399,-265.7253812465403,-10.437011487267604,-25.274347504280996,0.47601448540146996,9.520289708029399
3867.763352,1000,1130.989784,1000.0,2458.7046114544382,395.60281583648936,399.81035892358125,-39.09652971863748,-47.4057482220232,-264.0699608250806,-9.908078798337264,-25.87411682705989,0.28701012722915453,5.740202544583091
3871.100365,1000,1133.077058,1000.0,2460.648471743007,395.0850602751486,399.7893023102008,-37.946507706642194,-46.01545549854643,-265.6211432980201,-9.8716106834279,-24.967751799717426,0.3988933177974169,7.977866355948338
3866.129306,1000,1135.077632,1000.0,2457.1185264083465,395.2263057473454,399.6965871500061,-38.965452308058744,-46.527262737601994,-264.1590819411803,-10.614537654697513,-25.645778499979304,0.21735220660121501,4.3470441320243
227.770982,72,1135.211802,72.0,153.73813777559167,27.841674020134615,23.582932118217222,-5.371463382244111,-3.445404890179634,-22.812777004663,-15.812870195566184,-1.9492467008788674,0.8152818737059622,1.1740058981365855
3871.114365,1000,1137.212118,1000.0,2462.317058836175,395.51805200512416,399.7829809619386,-38.50542856752869,-46.696338924393025,-265.94611166601584,-9.545136071494447,-25.810711257969697,0.628258549983508,12.56517099967016
3865.692889,1000,1139.233285,1000.0,2457.9853116950076,395.5781181559022,399.7230117485522,-39.12288883209227,-46.75043425969777,-265.4377902603522,-10.400774039216595,-25.88166493775613,0.3802205324071079,7.604410648142158
3871.938547,1000,1141.13777,1000.0,2460.766835962844,395.69950080165887,399.8896850838322,-38.252631998062135,-46.068776211142506,-264.7569532774863,-8.922241205260077,-26.416872118326367,0.527848563417744,10.55697126835488
3863.631843,1000,1143.038658,1000.0,2454.9035029861434,394.90880528707623,399.8957386747529,-38.49101244330407,-46.41077603548757,-265.95088890215004,-9.903620631151272,-25.31990578891823,0.40798304799523527,8.159660959904706
3872.240542,1000,1144.950696,1000.0,2460.042380396813,395.45567897802084,399.87358253220754,-37.13545684814454,-45.582475050538754,-265.42608083071076,-9.078869024073496,-25.90821799159747,0.6984236387586684,13.968472775173367
3865.47861,1000,1146.836524,1000.0,2455.8116640756907,395.5577106738851,399.9139010549335,-38.89849604964258,-46.54079849123956,-265.3126879419374,-9.105353107790695,-25.94733037685384,0.17118856267310972,3.4237712534621947
3867.51,1000,1152.518665,1000.0,2455.1749009543782,395.38203660337706,399.80117576799597,-38.25933947682379,-46.13537372834988,-262.23342492619526,-10.592139242727669,-25.62783545989831,0.7934714194797345,15.86942838959469
3868.268649,1000,1154.468909,1000.0,2457.980759448278,395.4427890662927,399.93553908342915,-38.09320328950885,-45.5947642430663,-267.3131669376662,-8.896506223569219,-25.19279777099128,0.20364209449974258,4.0728418899948515
3867.508886,1000,1156.352129,1000.0,2457.5154185688616,395.52366431285793,399.93992673198426,-38.161485677361476,-45.541874466091414,-267.3045081956768,-8.804784109866665,-25.657471411524245,0.25968041529122526,5.1936083058245055
3868.422134,1000,1158.22943,1000.0,2459.100753727534,395.1555510325988,399.79301872648983,-37.549938155412654,-45.178486270457505,-266.78211271632233,-10.167789144707042,-25.948863648776456,0.5306969216297891,10.613938432595782
3863.746061,1000,1160.117635,1000.0,2454.30275162195,395.28937919273517,399.2409713936994,-38.79225894689555,-45.49843495115637,-264.2370234487875,-10.745222784135018,-25.81410135694954,0.40628117851351647,8.12562357027033
3868.948689,1000,1161.989762,1000.0,2455.7253218728856,395.4172607117485,399.8946423656515,-37.569443659186376,-45.1424792982638,-265.2766153699156,-8.814772944578639,-25.28522485657607,0.5821283860630191,11.642567721260383
3876.333343,1000,1163.918654,1000.0,2464.0871315032396,395.48246363559787,399.94601284713434,-37.09706011593345,-43.84646488614379,-267.23648744434723,-9.112936570142876,-25.889316156540875,0.2798673413481288,5.597346826962576
3870.494818,1000,1165.820241,1000.0,2459.500868027238,395.01913218071576,399.82281867802544,-38.05471601545814,-45.04122233279049,-265.0094614062607,-10.12013616196682,-25.622465442463575,0.6510109590936441,13.020219181872884
3871.740845,1000,1167.725019,1000.0,2461.3168361338944,395.237749946797,399.9057920310286,-38.16171900391577,-45.33701761960989,-266.4140266175493,-9.298382614450468,-25.508387486411127,-0.08198817671785755,-1.6397635343571508
3874.672017,1000,1169.604434,1000.0,2462.89042077874,395.49091890077034,399.75558980789566,-38.14687202930451,-43.12207491137084,-267.4063969372529,-9.154110459155925,-25.635458596024723,-0.03035347858263935,-0.607069571652787
3873.112596,1000,1171.475101,1000.0,2460.671816404518,395.31450813682375,399.8075416494862,-37.66760364830494,-44.4592222563923,-265.62136578152285,-9.715926552471803,-25.21715186843808,0.25586564498193404,5.117312899638681
3878.461204,1000,1173.358002,1000.0,2464.848667810682,395.55608418744157,399.92976526636124,-37.47657702267172,-43.488354185223535,-266.3006024173903,-8.496115540897836,-26.111664584655543,0.006933178125951897,0.13866356251903794
3876.979318,1000,1175.231656,1000.0,2460.692813206148,395.0374470857565,399.87371376533923,-37.06367349863049,-43.349393821135045,-263.2153485428849,-9.650780522310777,-25.3454598800216,0.10215560360231499,2.0431120720463
3870.744984,1000,1177.119809,1000.0,2456.9983895354476,395.0863182709163,399.8912361167006,-37.851848031282465,-43.31597066298126,-265.2169470137966,-9.686724358481682,-25.159469470792523,0.31718693233696826,6.343738646739365
3869.657663,1000,1179.003239,1000.0,2455.9116628287766,395.2028255682096,399.86183547494977,-37.69142673075201,-43.685395604372005,-265.094820698117,-9.395227414318486,-25.451790888615477,0.28809365478594134,5.761873095718827
3871.380431,1000,1180.90474,1000.0,2455.515271362929,395.05315267839427,399.96220774944584,-37.44395055651668,-42.82130713202058,-264.17386903428974,-9.364485975954345,-25.34658813415394,0.18571671663915737,3.7143343327831473
3869.064534,1000,1182.870708,1000.0,2451.0619213835344,395.7157636682784,399.951831219057,-37.281840268373436,-42.096438988298125,-263.36603543821104,-10.321798092803856,-24.598869185391408,0.40292120205312515,8.058424041062503
3877.864202,1000,1184.773613,1000.0,2462.0763451072016,395.5502373627497,399.9111252493134,-37.07267623245718,-42.2550162985921,-265.17249304666416,-9.7591640644467,-25.414156005213666,0.1083623899233898,2.167247798467796
3875.416865,1000,1186.649244,1000.0,2456.6738951744974,395.4869474155928,399.9936182491917,-36.828093730211215,-42.30098545625815,-263.2290726211121,-9.662639514025768,-24.7168045875175,-0.20887775543525738,-4.177555108705148
3877.304612,1000,1188.57049,1000.0,2459.673142750307,395.57032109583344,399.8336580216225,-36.775172904729835,-41.79008425064385,-265.0794794496911,-8.802768426034447,-25.325004465752848,0.14285553120126887,2.857110624025377
3875.722262,1000,1190.464109,1000.0,2459.7450431990696,395.86584985620283,399.91312311556123,-36.75575172543524,-41.871292667835924,-267.9387352584754,-8.056607140832122,-25.179367034109536,-0.14538811352790543,-2.9077622705581083
3878.253387,1000,1196.183571,1000.0,2459.7196600120765,395.9346588002069,399.97988801505153,-35.99588234901426,-41.75137106552716,-265.4795209900421,-9.105064326554425,-25.048980799399924,-0.004312295902339842,-0.08624591804679684
3876.976245,1000,1197.968709,1000.0,2458.8085794619865,395.6841737100428,399.8763985678024,-37.374996802806905,-41.00340000316504,-263.6965146180251,-10.10490235586221,-25.213092577787137,0.014385081629664304,0.28770163259328607
3879.286225,1000,1199.932558,1000.0,2458.859365182745,396.12094337630845,399.9577460292223,-35.97014287292953,-40.832495160400875,-265.7887043729336,-8.853934565777797,-24.206552768939694,0.0021783140252120093,0.04356628050424018
3879.746382,1000,1201.832672,1000.0,2455.019162835473,395.5059640571511,399.77218858766696,-35.80807104647162,-40.58922912925483,-261.35828204090325,-8.417712272145623,-24.377638580019156,0.6654925192906795,13.30985038581359
3871.165335,1000,1203.753719,1000.0,2444.114317065761,395.55290827606217,399.95317157746604,-36.405596787929575,-40.54696712568396,-259.4216594147548,-8.10521320811211,-23.975625145697286,0.6617515913727418,13.235031827454835
3882.263117,1000,1205.621279,1000.0,2459.928298473718,395.7069589961158,399.9627446528709,-36.52779611766337,-41.44508495107291,-262.3973969931936,-8.523242947232443,-24.44136385626777,0.10913504549639597,2.1827009099279193
3881.711527,1000,1207.475011,1000.0,2459.202994139371,396.0148668540701,399.90605415778776,-35.73667253732682,-41.306445777416165,-263.36396673195253,-8.369406842237373,-24.635896646714784,0.41345525596765303,8.26910511935306
3885.8781,1000,1209.348309,1000.0,2462.8843464791557,395.97822368008167,399.8786969890148,-36.75430867135519,-40.75445749685166,-262.7121402325645,-7.911976438382167,-24.730284531102967,0.035239572787355546,0.7047914557471109
3889.961234,1000,1211.240257,1000.0,2465.6561958319176,396.1105713479507,399.70573556089766,-36.00743559718132,-39.83993292301895,-263.89887518089904,-7.823313626089496,-23.941710921098036,0.2313711392601443,4.627422785202886
3887.157983,1000,1213.129732,1000.0,2462.404385452845,396.39812514858636,399.9024729920964,-36.24003145337105,-39.73527300059789,-263.5956580552401,-8.02402011334243,-23.95201799876398,0.6653788407565621,13.307576815131242
3884.516573,1000,1214.987934,1000.0,2458.640971024358,396.39571752071924,399.88976645299414,-35.83878465116022,-40.27540140990175,-261.46151599743706,-8.517757460666138,-24.31642210673887,0.2404546962690564,4.809093925381128
3884.430169,1000,1216.852078,1000.0,2457.4529890088393,395.8409158652017,399.89412852869856,-36.20621550321584,-40.14565360024571,-260.00912357346107,-8.47579913503786,-23.921072433504136,0.17966734311841007,3.5933468623682012
3881.901544,1000,1218.746448,1000.0,2453.1172262787204,395.6392100164122,399.88700881256466,-35.35660946547985,-40.6106786154211,-257.74397235994354,-8.821503180403182,-24.209137343691964,0.8703078973266939,17.406157946533877
3882.493498,1000,1220.612363,1000.0,2456.223253465274,396.3386909803669,399.94457116916425,-35.492705752849574,-39.97543387934567,-261.4122744901014,-9.288184957637604,-23.84441898632841,0.3780354123794448,7.560708247588896
3885.998242,1000,1222.490535,1000.0,2455.173282421953,396.2166022808859,399.9343241464901,-35.04614917755127,-39.79361859597259,-257.98967737898744,-8.694789358984632,-23.80173254080585,0.14432036254401578,2.886407250880316
3889.374834,1000,1224.384054,1000.0,2462.8310809529817,396.03968789021684,399.85157342443705,-34.83500371575359,-39.57824456505481,-262.3015895735655,-8.454449864759143,-24.178220773661476,0.12060431197321408,2.4120862394642817
3883.146023,1000,1226.270863,1000.0,2453.2937073480803,396.5407289416078,399.6644415472924,-35.26940501153466,-38.97200646810229,-259.6697650179895,-8.347656366096611,-24.094022023205337,0.408519196625054,8.17038393250108
3885.484555,1000,1228.19793,1000.0,2455.553749756556,396.2807014980816,399.97874353918235,-35.45006386578084,-38.540044911578285,-260.56138771425634,-7.987777063685256,-23.78936666308473,0.028458264842334147,0.5691652968466829
3883.821048,1000,1230.122854,1000.0,2451.4457881005546,396.22780574296837,399.9560416166464,-34.977779352664946,-38.04885241128501,-258.820981650188,-8.153515887898804,-23.807457860407812,0.36877362109800293,7.375472421960059
3890.360893,1000,1232.004786,1000.0,2457.8162240123906,396.5198885848903,399.8650490731554,-34.786655838489494,-37.91486264094714,-259.8691475035285,-7.456615388184987,-23.81298751582455,0.34943617984651754,6.988723596930351
3892.727535,1000,1233.860056,1000.0,2458.374034538751,396.1864274049642,399.98514604504976,-34.99820112049575,-37.842808787152165,-258.63288316230836,-7.050428939997011,-23.293750854291062,0.30850618206163893,6.170123641232779
3881.741991,1000,1239.596187,1000.0,2449.9416081344407,396.3150036080798,399.98452090222133,-34.527364982366585,-38.949223641306126,-259.5081080039592,-7.822174345718354,-23.692270544658946,0.08504776374120457,1.7009552748240913
3886.200518,1000,1241.498626,1000.0,2453.7950929185454,396.24643057342075,399.9531688606941,-34.663991696238504,-38.899753881245864,-258.1827476173246,-7.718451782913246,-24.329229219112914,0.32085935194678583,6.417187038935717
3897.548754,1000,1243.396615,1000.0,2462.8462825982547,396.0005741958976,399.858357807443,-33.63091883957384,-37.377768065035276,-259.47357491638945,-7.2300217105985976,-23.444176833443855,0.377145337146847,7.54290674293694
3889.851716,1000,1245.298531,1000.0,2456.7337934298594,396.00576504218526,399.74899895480394,-33.78393714189526,-38.02529493570327,-259.35066526214894,-8.004870007450368,-23.47207449609556,0.29170105755009024,5.834021151001805
3895.618443,1000,1247.187959,1000.0,2460.6450843408493,396.39541730049837,399.97834159187204,-33.734918001294204,-36.91841195560989,-260.2228938983583,-6.76088716378024,-23.76328932740485,0.36302928312205685,7.2605856624411365
3894.748797,1000,1249.100073,1000.0,2462.5689995453185,396.2199041904364,399.9618187287155,-33.89205244243146,-38.62717469856143,-260.6081956131447,-7.417216635888425,-23.45728565568959,0.3672650960831772,7.345301921663544
3895.653672,1000,1250.995869,1000.0,2458.9510709991255,396.03930385286645,399.9899542471207,-33.4074321836233,-37.123958420381,-258.2864533753775,-7.776499359202237,-22.73231352827663,0.44058666739602137,8.811733347920427
3898.936938,1000,1252.894195,1000.0,2464.3209501906745,395.94923135765725,399.9101269790209,-33.2815840667486,-37.01841783188283,-261.080969020753,-7.2924368244965825,-22.569962477295824,0.12862083140500297,2.5724166281000596
3893.993598,1000,1254.776048,1000.0,2457.0834619591524,396.190407739898,399.9919948537447,-33.097288245558715,-36.876965739950535,-258.67561912526287,-7.279264682833066,-23.34312885812701,0.17712400163151604,3.5424800326303205
3892.975883,1000,1256.726435,1000.0,2457.6944599530675,396.0532879144661,399.9446326192035,-33.02215179622177,-36.7496923137456,-260.68306577627584,-7.644571822095639,-22.617015702167695,0.44006157347735375,8.801231469547075
3891.037096,1000,1258.629633,1000.0,2455.422374108944,395.56954547694585,399.9531998579931,-33.05716214239594,-36.763755434378965,-259.68323928604445,-7.426049230826106,-22.977817216212763,0.6748609401365889,13.497218802731778
3895.944133,1000,1260.50879,1000.0,2459.8146256025457,396.1641376083771,399.9929733178251,-33.37196801304816,-36.36903542354701,-260.9716837555929,-6.554931748751689,-22.75998468963146,0.5085151744412173,10.170303488824345
3895.978139,1000,1262.449038,1000.0,2458.769567895599,396.2370584802507,399.9367845228224,-33.3822944140434,-35.60329841524365,-260.13605288981427,-7.2894353553259945,-22.55419102172563,0.14558897171941282,2.911779434388256
3899.708124,1000,1264.361116,1000.0,2465.4113899537892,396.41452086244567,399.9585839546157,-32.57252069711679,-35.80130131393672,-264.56008163945177,-6.806989648443599,-22.335477788286244,0.6504193720217224,13.008387440434447
3893.827404,1000,1266.249915,1000.0,2457.4144736677954,396.2699752493708,399.96537227721495,-32.83056201279163,-35.53444485142827,-261.54250246498907,-7.101066303918357,-22.81384174118258,0.6673765747153477,13.347531494306955
3898.701191,1000,1268.116197,1000.0,2462.184783781338,396.34969704645,399.9192017287154,-33.38269952595237,-35.96276719793678,-260.8232686532551,-6.755630170955614,-22.8281257538153,0.5033944459376206,10.067888918752413
3892.488386,1000,1269.97011,1000.0,2456.1335905996243,396.1620861101175,399.90158989585956,-32.95119725644585,-35.46083702892061,-261.7148957300012,-6.542397512661219,-23.039553036102337,0.15535071798628675,3.107014359725735
3897.540959,1000,1271.836349,1000.0,2459.9303969869843,396.28353686586394,399.92442950136933,-33.45308566689495,-35.146227087453,-261.2078729513684,-6.45947853145509,-22.330740213708467,0.5534425242148229,11.068850484296458
3901.622356,1000,1273.744496,1000.0,2462.704865004241,396.38563794758466,399.97831766438435,-32.60062251091007,-35.314203084260214,-260.64906490485384,-6.6243968280894485,-22.25817763989138,0.37887574987547284,7.577514997509457
3893.765684,1000,1275.631924,1000.0,2453.6650490148327,396.1892474564246,399.92411838280503,-32.839472850561144,-35.84106223657726,-257.09929600868276,-7.062949605580004,-23.169950011601387,0.21820356493108323,4.364071298621664
3898.281898,1000,1281.283607,1000.0,2460.2276318813447,396.41658694793256,399.9809306161004,-33.365970807075456,-35.86576194614171,-259.26899965799174,-7.141785550212414,-22.700733427768785,0.5117345397206509,10.234690794413018
3901.26275,1000,1283.120138,1000.0,2461.436160296785,396.5564956773359,399.98611265032287,-32.3434547007084,-35.345958477258705,-260.7859286688553,-6.31295046208741,-21.927726232521408,0.7506813425656632,15.013626851313264
3901.418211,1000,1284.982342,1000.0,2461.5564176205007,396.2197704175116,399.9614536632517,-32.580219196677206,-34.66852559186519,-260.03827674007215,-6.243707427948998,-22.788702171314466,0.9263386657787684,18.52677331557537
3902.645165,1000,1286.832608,1000.0,2462.857984884527,396.5620863725586,399.98620988000965,-32.5995017653704,-35.14850263763221,-260.0005835932158,-6.525523023263407,-22.48700485508329,0.8646100911239654,17.292201822479306
3902.323403,1000,1288.814321,1000.0,2459.6834049115346,396.57091577082844,399.9435593426657,-32.607561094760875,-34.912566222623006,-257.85308026501406,-6.159572964089332,-22.34169623222669,0.7491540252675107,14.983080505350214
