#{"t_start": 1783132195.607762, "env_id": "None"}
r,l,t,rc_alive,rc_forward,rc_upright,rc_height,rc_ctrl,rc_action_rate,rc_lateral,rc_yaw_rate,rc_joint_vel,ep_speed,ep_dist
20.680776,62,1.565006,62.0,-16.96569787429834,18.512832723317175,19.977635027105688,-4.599089055061341,-23.22240958213806,-2.6236454519442436,-30.226395384639723,-2.172454393425675,-0.17022597847659668,-0.2110802133109799
69.681796,61,1.672911,61.0,31.2033430483535,19.228775810665503,19.83055767479562,-4.633153853416442,-23.50906326770782,-2.7496491434529133,-28.27607210706879,-2.4129422322730623,0.3394819646841158,0.41416799691462125
-4.536105,62,1.786743,62.0,-42.31045288080407,17.421227811686187,18.494569911142907,-4.480739967823027,-23.363197016716004,-4.837829669533732,-25.38504779847934,-2.0746357558740915,-0.2933908456495985,-0.3638046486055021
-2.203851,49,1.878293,49.0,-30.735741852164757,13.518261429019523,15.691307752288271,-3.578689639568329,-18.585325276851655,-3.389627514444538,-22.463466985566054,-1.660568633446346,-0.21266791378894087,-0.20841455551316204
-16.727849,54,1.975766,54.0,-40.58551796610267,16.405953799079036,17.46507741856236,-4.025405955314636,-20.451870191097264,-3.7248009511452245,-33.92395960451607,-1.8873256153193627,-0.3076410282914693,-0.3322523105547868
-16.014905,53,2.08311,53.0,-46.93138487691368,14.640710501799198,16.245299087009784,-3.8676526403427123,-19.01446673870087,-5.0518647634780525,-23.377524990076136,-1.6580209069227145,-0.4110993318945647,-0.43576529180823864
55.396134,98,2.259295,98.0,-17.172288302484233,31.501470079250534,32.529914128515884,-7.58947426080704,-38.73292257785798,-4.48027409640693,-34.46361780240329,-4.196673109571067,-0.12479199005112908,-0.244592300500213
-9.769413,51,2.351197,51.0,-39.88644890382384,14.802836123626857,16.300365282747467,-3.3803266668319703,-18.044608652591705,-5.23398071907636,-23.613837962537264,-1.7134115371154985,-0.2648937588728227,-0.27019163405027913
51.941232,81,2.501261,81.0,-7.101809925288276,25.74180041907959,25.455944339424054,-6.066514279842378,-29.338329005241405,-2.2482991661961083,-32.37992170892095,-3.121638666878194,-0.20940208570364194,-0.33923137883989996
34.999122,61,2.61624,61.0,-15.113496031648475,17.756013644230915,18.655793312500126,-4.373919031620026,-20.969791334867487,-2.5204012624354224,-17.10157497328066,-2.333502488191261,-0.1560333313831066,-0.19036066428739004
-1.545533,56,2.725945,56.0,-34.95852887537071,16.341947491226914,18.44368137314507,-3.7921853280067457,-18.051439452171323,-4.739683095660323,-28.424691462198528,-2.3646333080001596,-0.22578587617920579,-0.2528801813207105
-44.249057,43,2.805533,43.0,-58.58676412555363,10.423260920528673,13.420518878209068,-3.311956064701081,-16.02337716817856,-8.688883971970625,-22.69008318109475,-1.7917724587842245,-0.5343653007116115,-0.45955415861198584
-42.594594,48,2.896009,48.0,-59.68168847835484,12.350704116486694,15.099959691206813,-3.430359803438187,-17.685573637485504,-8.460862355777593,-26.995038571816586,-1.791735274728241,-0.498955916644173,-0.47899767997840603
-28.304731,50,2.989317,50.0,-53.3278583164545,14.002438181288655,15.806419785728467,-3.9866437721252446,-20.240084517002114,-7.323770114912595,-21.250765424001244,-1.9844665081973054,-0.41110393638695203,-0.41110393638695203
0.37176,47,3.076732,47.0,-27.03067230781943,13.868910408317921,15.515054675221146,-3.476507637500764,-16.86125119924545,-3.5035335905673626,-23.217667906688863,-1.922572830865137,-0.3536611637146904,-0.332441493891809
-16.336251,47,3.16364,47.0,-37.636003383848745,13.242004003198183,13.803114070186606,-3.3725953054428097,-15.28764119744301,-4.37281638172927,-28.060643398693472,-1.651669670566336,-0.4394593156494146,-0.41309175671044973
-19.565684,54,3.268255,54.0,-43.52980704814055,14.710000149092963,16.08290710633995,-3.797412382364273,-17.95036991834641,-4.99440658471274,-32.004976424231664,-2.081618687954839,-0.39091149504071404,-0.4221844146439712
8.656586,50,3.817801,50.0,-20.797580234275923,14.52099625659982,16.240237860959432,-3.8470336866378783,-19.255750691890718,-2.387645088522293,-23.980126772846337,-1.836511262612971,-0.1360966750665734,-0.1360966750665734
0.382286,50,3.911067,50.0,-32.077380224147774,12.815508702968675,14.14061581840676,-3.6093209362030017,-18.843553656339648,-3.1636931527590817,-17.336664084387625,-1.5432266935681556,-0.35552224233771956,-0.35552224233771956
-20.081564,56,4.015362,56.0,-46.53920666640186,14.750023678223556,17.352666155755703,-3.8860294771194455,-20.13048381209374,-5.578495324508889,-30.27779915759599,-1.7722390422913337,-0.3437246364532973,-0.38497159282769305
-15.850856,55,4.117172,55.0,-40.763228906628825,15.840007182065847,17.224961847857006,-4.00012836456299,-20.381807643175126,-4.309436310401954,-32.36189048385163,-2.0993336762522974,-0.30247381008929564,-0.33272119109822523
-26.337769,66,4.238606,66.0,-59.008427279408586,20.732683048447786,22.28200085209399,-4.669659755229951,-23.323029541969294,-6.448826097610349,-39.565252214932755,-2.3372583620411507,-0.3710994023134905,-0.48985121105380747
40.983697,95,4.4158,95.0,-35.42841536826609,30.13773119395362,31.021432740965007,-7.0254022336006186,-35.45002167224883,-3.367060345674347,-30.1060555148931,-3.7985113391474847,-0.26151607644829067,-0.49688054525175235
-27.471569,57,4.522464,57.0,-61.66513810119872,14.359738792651378,16.9617534294916,-4.192670855522155,-21.013991737365718,-7.303326131819201,-19.768500528485276,-1.8494337196888964,-0.44036815306739385,-0.502019694496829
14.579902,63,4.639732,63.0,-31.671808905097986,19.345610907227794,20.07635649818956,-4.789394967556,-22.39275076389313,-2.5522514494899857,-23.95172305797332,-2.484135761863059,-0.3256533962766566,-0.41032327930858736
-9.611431,48,4.725789,48.0,-31.290622869343856,13.649205000205333,14.226052327129015,-3.4454736757278446,-17.65160549879074,-3.002959649163924,-28.338755658125432,-1.757271457243023,-0.22479908076924537,-0.21580711753847556
-13.074166,47,4.813021,47.0,-30.913331053032437,13.314386733652146,14.696417598967127,-3.606781883239746,-17.065769386291503,-4.369905612478049,-30.235415303780158,-1.8937670870569945,-0.2798783539759057,-0.2630856527373514
25.263759,63,4.927967,63.0,-24.36821638379222,18.884479316340396,19.954522632152386,-4.717487137317656,-23.139766287803656,-1.7899253681556095,-19.754977943970843,-2.8048698482400463,-0.4363854659292915,-0.5498456870709073
-13.070887,49,5.019679,49.0,-35.75284657083645,13.180351884120526,15.099876057385691,-3.623369448184967,-18.43066864013672,-4.866516292958016,-25.745333472370017,-1.9323807881393331,-0.33794928032135724,-0.3311902947149301
-33.607936,44,5.104294,44.0,-43.103837917057795,11.67854531296589,14.005184302512166,-3.47298825263977,-17.78923547267914,-6.144274602457055,-30.99898977460957,-1.7823397350076975,-0.39813731259517643,-0.35036083508375526
-17.440326,52,5.201658,52.0,-33.43494240098867,16.25373510606727,17.634618760881093,-3.659202017784118,-17.950701630115514,-2.676606404150484,-43.68641581990934,-1.920811856715885,-0.27695642638445833,-0.2880346834398367
-1.592066,52,5.295838,52.0,-36.0921010019948,15.243653336309984,16.334478097887583,-3.903627421855926,-19.51318120956421,-4.177827363651859,-19.621927548255933,-1.8615326910268715,-0.2877847752641492,-0.29929616627471517
-18.360876,40,5.369874,40.0,-38.67292774460377,10.89867897060534,12.551669873114262,-2.8780468487739563,-14.724614787101748,-3.7348664823046382,-20.235173570715094,-1.5655952932471313,-0.3751749588242456,-0.3001399670593965
4.086429,51,5.470134,51.0,-31.12678560675504,13.807106743409255,15.867865881253133,-3.6814945673942563,-18.381327593326567,-4.213064876463874,-17.189127927131427,-1.9967433990617687,-0.417002229683829,-0.4253422742775056
-1.541139,54,5.571373,54.0,-30.69282738698156,17.313440561638775,18.452202564728378,-3.846480484008788,-17.751646554470064,-2.857314752377122,-33.99026923095634,-2.1682438634122536,-0.16553434247804416,-0.1787770898762877
-16.071632,53,5.669373,53.0,-50.093705322131385,14.203990427714414,16.895568481564705,-4.177782866954804,-20.967895507812504,-7.982378259698842,-14.85029089442871,-2.099138435152195,-0.3610559008834582,-0.3827192549364657
-20.878364,51,5.879938,51.0,-48.47896698027632,14.550342521845492,16.116961192062167,-3.8199502706527713,-17.939370977878568,-5.746240117649857,-24.6993639691306,-1.8617758651636802,-0.39481807506320776,-0.4027144365644719
1.162573,52,5.972604,52.0,-19.91149048923905,15.12833472792254,16.01391708527959,-3.903770539760589,-20.834082174301155,-2.1927724116714002,-32.89279711216745,-2.2447658291259245,-0.3668049043924257,-0.38147710056812273
26.01685,57,6.071879,57.0,-17.03669695439849,17.1661616184525,18.328843550559412,-4.245485110282897,-21.18982530832291,-2.008783629802043,-19.65824283836919,-2.3391214586493017,-0.20080995475855393,-0.2289233484247515
-27.310267,50,6.162668,50.0,-48.751489360386906,13.25210358403988,15.104587199938663,-3.538077230453491,-17.302992844581606,-5.845026199155974,-28.255459924650914,-1.9739120948314806,-0.3782084620834985,-0.3782084620834985
-6.165278,61,6.27897,61.0,-46.35620214271702,17.32467295887801,19.281379295763966,-4.470928077697754,-22.763830125331882,-5.864396542650136,-21.85407330108239,-2.461900187488595,-0.2641407301404301,-0.3222516907713247
1.232618,50,6.376955,50.0,-26.485697866475256,13.437044737513046,15.31646743986792,-3.7881276655197147,-17.817648708820343,-4.082560878495367,-23.316389148328767,-2.0304703253489182,-0.28763867195951587,-0.28763867195951587
-6.56508,44,6.462128,44.0,-27.65707391603188,11.14860630242126,13.809302093263762,-3.2445815658569344,-15.034534060955046,-2.8024269941575497,-25.01025404990041,-1.774118048212516,-0.25473598317921514,-0.2241676651977093
0.268153,56,6.570046,56.0,-35.46642526144562,17.39947169549224,18.52101606266326,-4.164888515472412,-21.747791570425036,-4.169704088458857,-24.124633228248566,-1.9788918626428984,-0.24873208095420807,-0.27857993066871306
-9.104219,54,6.672272,54.0,-34.17069852299697,16.554454536019612,18.49901622513896,-4.045378754138947,-19.300590920448307,-2.9409061264614715,-35.40885746402081,-2.291257493773876,-0.25120876969698047,-0.2713054712727389
17.786853,51,6.765969,51.0,-16.339912177056373,14.900377219819466,16.12040519425853,-3.329381406307221,-16.253327125310896,-2.4628350046488086,-24.097018131691343,-1.7514550763256211,-0.13233069043849582,-0.13497730424726576
-28.500191,46,6.849708,46.0,-31.29022899487613,12.45562453901029,13.736984759855291,-3.503066775798797,-17.381426179409022,-4.612176415506694,-41.69888075045522,-2.207021492618694,-0.3512720549119617,-0.32317029051900475
-21.282723,51,6.942896,51.0,-46.48511776969559,13.811797819893235,15.713554008639363,-3.87477949142456,-19.11623832583427,-5.082514260914835,-25.43350531125683,-1.8159196914876914,-0.36293268472491785,-0.3701913384194162
144.104123,85,7.100991,85.0,64.30080646321913,28.235068717466483,28.243474245633298,-6.203376033306121,-31.11878614425659,-3.2057433172929257,-17.696769488984582,-3.450551713217971,-0.05915793968080114,-0.10056849745736193
4.731219,63,7.217239,63.0,-30.253058628179197,19.91088822441424,21.165782934588364,-5.109755442142485,-24.70631165504455,-3.7490142685187955,-32.992063400346595,-2.5352485555418034,-0.19032297069983198,-0.2398069430817883
-19.264919,46,7.300612,46.0,-43.694791251505286,10.957487731892556,13.215743350422896,-3.2189078640937816,-16.49561530351639,-5.868841263943678,-18.450637578554016,-1.709356491318978,-0.4692248929218679,-0.4316869014881185
-13.192958,51,7.393461,51.0,-42.09155392110355,14.14995465433716,16.68518780171485,-3.726993401050568,-16.824391603469845,-6.154868971458391,-24.051322215976025,-2.1789706069623933,-0.36457993556462726,-0.3718715342759198
-6.564605,67,7.51848,67.0,-50.83784482649337,18.01190090365758,20.223537095371643,-5.0193672108650205,-23.802753686904907,-7.024949724294352,-22.184607894855557,-2.930520147304746,-0.20175669880102293,-0.2703539763933707
44.613505,56,7.622136,56.0,-7.416371131666224,17.366580641258945,16.621085515208133,-3.980106995105744,-19.9669945538044,-0.7729506016893715,-11.23272972002812,-2.0050080129158756,-0.21700269991210971,-0.2430430239015629
-10.282833,62,7.850642,62.0,-48.18182077854004,18.351740371091584,20.272607036449898,-4.598627214431761,-22.596994292736053,-6.919827307248909,-26.216778852909517,-2.393132397415905,-0.1902057766250694,-0.23585516301508605
-4.837502,60,7.96212,60.0,-43.51580393804799,16.579569113279472,17.987286948698948,-4.271262044906617,-22.003325462341305,-6.065947307946738,-21.52713738836403,-2.0208820887315833,-0.22602360915983927,-0.2712283309918071
95.610668,83,8.120175,83.0,21.175571733228647,28.08629964025974,27.10074920834856,-6.085601840019226,-30.661589920520786,-0.7085078006989287,-23.496304878371987,-2.799948541991056,0.22348889342773168,0.3709915630900346
-35.649884,50,8.210145,50.0,-57.723215358269606,13.40998612958153,14.740720653385596,-3.773726284503937,-18.496369397640226,-7.564671399373048,-24.252246320670952,-1.990362018760585,-0.5003075672015731,-0.5003075672015731
1.204829,58,8.313467,58.0,-32.918121806006184,17.831608495851004,19.02888962590558,-4.2842347311973565,-20.32006709575653,-3.7099820510083106,-29.976606417717488,-2.4466567098356924,-0.24250324028225823,-0.28130375872741953
-28.835708,47,8.396392,47.0,-53.27965392922979,11.198709355927694,13.987793039554193,-3.528490340709687,-18.274019634723658,-5.995237954365088,-18.520499532133798,-1.4243092583105599,-0.4295375716041904,-0.403765317307939
71.873337,113,8.601054,113.0,-15.061986503913786,36.80101677914568,38.17075391100685,-8.022175517082212,-38.13992748260499,-3.294259229080484,-46.85625009133932,-4.7238350758775445,-0.07118551209063703,-0.1608792573248397
6.334703,49,8.690535,49.0,-28.115934810072517,13.900893990859023,15.219398405478668,-3.576813657283783,-18.391608178615563,-2.5917524058432613,-17.33158105040577,-1.7778991488141354,-0.18772274661408084,-0.1839682916817992
28.647114,60,8.805746,60.0,-20.301069235080497,17.81327522292899,18.317551787721065,-4.2872397899627686,-19.62298519611359,-2.4756149954484554,-18.729674011319666,-2.0671293474851677,-0.18193048540424658,-0.2183165824850959
-35.142481,48,8.88978,48.0,-50.64436117244269,11.801558297531637,14.207286901083904,-3.622882626056671,-16.97799415588379,-7.1205059710728165,-28.637117253810924,-2.148464624748114,-0.43132989431602303,-0.4140766985433821
-6.256139,54,8.98596,54.0,-35.88335811463806,16.07361905138849,17.699849359487718,-3.771592276096345,-18.64095599651337,-3.8392294486297134,-29.664158121047542,-2.2303137566346716,-0.30196275886651813,-0.3261197795758396
21.570555,71,9.1167,71.0,-30.235858306012506,21.440459394541495,22.742183572259563,-5.020088493824005,-25.18370194435119,-3.791724276978113,-26.42736527586363,-2.953349606785739,-0.15069648242552938,-0.21398900504425172
6.330384,68,9.240295,68.0,-37.70254036332542,19.76724021998418,22.868786062564194,-4.84383335828781,-24.15491439998151,-4.381112378300237,-30.943613299030943,-2.279628919839158,-0.2132573738552476,-0.29003002844313674
-10.379372,57,9.348341,57.0,-47.481603585065585,15.978357996298783,17.836153979971844,-4.0828568482399,-20.76629041433334,-3.9508188706437988,-22.91170004358454,-2.00061394128337,-0.2736850656150848,-0.3120009748011967
-40.391921,46,9.431211,46.0,-50.56007653348054,13.12009415006452,15.020573399618073,-3.4868191647529594,-16.599435663223268,-6.331319485140199,-35.90625886171355,-1.6486784529645773,-0.4162914176418032,-0.382988104230459
21.347799,46,9.512778,46.0,-10.830371649696286,13.067930457278583,13.410646845968396,-3.5063543152809147,-16.661811673641207,-0.8720126578473402,-17.145897904168205,-2.114330481054775,-0.29405936374336167,-0.2705346146438927
52.962073,107,9.706712,107.0,-23.201865620366686,36.996376651406855,38.86550022001178,-8.07909726142883,-40.31341814994812,-4.160803246441187,-49.85608923323069,-4.2885299973065685,0.010636936233325121,0.02276304353931576
19.433418,62,9.947724,62.0,-15.26311832429343,18.048342173930713,18.976395749153436,-4.654831147193909,-22.354377388954163,-3.0831228747486152,-31.825933859149313,-2.4099363594844183,0.02866935345798668,0.035549998287903485
7.579977,63,10.066731,63.0,-33.24851783591744,17.838314935551278,20.13242217519419,-4.795427078008653,-23.65773595571518,-3.8127116266698873,-25.19585978910859,-2.680507623885165,-0.3124071345342285,-0.393632989513128
9.781457,58,10.172323,58.0,-25.561842306003474,17.20252762561347,18.96584159220082,-4.308303277492524,-21.8143331170082,-4.492121527343192,-26.11975766553779,-2.0905542338305243,-0.10771405052389288,-0.12494829860771574
-9.011736,58,10.279181,58.0,-49.07500603868646,15.084604183328251,18.36361953333708,-4.169971034526824,-19.746615153551105,-5.552607136452225,-19.594821353939274,-2.3209393339182047,-0.290302673676678,-0.33675110146494647
-5.389064,75,10.414374,75.0,-49.68306164059151,21.57542624117987,21.945075497415022,-5.758582055568694,-29.32365291118621,-6.670041236479784,-29.66115870995534,-2.8130690657692314,-0.2995647462774298,-0.4493471194161447
-9.013485,57,10.516888,57.0,-43.1016988938147,16.91181272240486,18.18518575008465,-4.054053652286529,-19.9998185634613,-5.087077368510871,-27.058580399033342,-1.8092545372970472,-0.224046421133174,-0.2554129200918184
151.295658,97,10.696529,97.0,84.9063453679012,32.30277434541201,32.932655663043164,-7.22711950778961,-33.29243363142012,-9.942032204126834,-41.446808903814414,-3.9377234350230914,0.4097304407515594,0.7948770550580252
15.039355,58,10.805321,58.0,-23.196664128782718,17.696325365211365,19.69547991470497,-4.617311885356905,-23.237471246719355,-3.0790243188104247,-24.048284950458,-2.1736936024278064,-0.177169684805948,-0.20551683437489965
23.009009,54,10.904819,54.0,-20.72714157912959,15.672454878540487,17.590604779059557,-3.854362699985505,-19.392490184307096,-2.2740896813723595,-15.882586062143815,-2.12338025154528,-0.20326118439740296,-0.2195220791491952
20.257371,67,11.027021,67.0,-22.65069969706194,20.68506739656219,21.672147244083128,-4.638978431224824,-21.29660769701004,-3.6204495675353696,-33.99132784456621,-2.901780646433116,-0.14216462764202123,-0.19050060104030844
120.175651,76,11.171189,76.0,75.7753136343154,23.24160683688054,24.61644346808554,-5.2812572908401485,-27.31173430681229,-9.11037904424465,-34.700970446295116,-3.053371446852292,0.14789649290812482,0.22480266922034972
-11.271199,68,11.296651,68.0,-56.44787652791178,19.734701676177764,22.936282106411632,-5.2424073600769034,-25.63870846033096,-7.453018366930894,-24.340571990154157,-2.8196002860031717,-0.35832656788918277,-0.48732413232928856
57.552056,62,11.409601,62.0,6.377977471742892,18.901162718250802,20.23903007824129,-4.546677119731904,-22.149627697467803,-1.4405573418579511,-19.612091892942317,-2.2171600824525335,-0.05596429165212826,-0.06939572164863904
-7.927206,46,11.493443,46.0,-36.18520298625037,13.267685755330874,14.630734274828956,-3.502615809440613,-15.688185036182405,-3.4525185350803835,-21.340840153728976,-1.6562632596317763,-0.5050158875667233,-0.46461461656138553
122.769823,76,11.631697,76.0,72.18665060920492,25.270743876780656,24.839771637121228,-5.5460115027427666,-25.66702533960342,-8.778522204050704,-32.482758183120076,-3.05302621093645,0.1447603493034997,0.22003573094131956
-0.801763,53,11.853904,53.0,-33.24355902528087,14.322777178793665,16.752244029581746,-3.753101320266723,-17.451248717308044,-3.7077980958120804,-24.753568833412068,-1.967508051453366,-0.19945750593795733,-0.21142495629423477
4.725888,56,11.957379,56.0,-32.472506252593355,15.337529959886723,17.37707169456492,-4.412660965919495,-21.80822044610977,-4.040653694438417,-18.92641631500815,-2.328255545865874,-0.24924812481385386,-0.27915789979151634
11.785391,85,12.116357,85.0,-44.148686531633935,25.201133096801332,27.40018588218746,-6.009263516664506,-28.143649244308467,-6.057456257241648,-37.788505140383904,-3.668367252245996,-0.12179534407170296,-0.20705208492189503
7.501176,84,12.273242,84.0,-48.2650808815212,25.735643878079273,26.90317925052143,-6.314458763599398,-29.775431990623474,-5.452858112857858,-35.80272092094734,-3.527096283177243,-0.28536200487745284,-0.47940816819412074
5.0075,56,12.37767,56.0,-34.15054729558681,16.102626933903036,16.952105404756043,-4.006859207153319,-18.45083079338074,-3.5783844477254405,-21.638644489949865,-2.221965825545877,-0.1859107038049563,-0.20821998826155108
134.731272,83,12.530173,83.0,68.38414704978865,28.104909659400906,28.719548594425767,-5.6987103259563465,-28.174113321304322,-6.7422814312928585,-29.49365482499163,-3.3685738177071283,0.3504731841380679,0.5817854856691927
-18.096456,55,12.633194,55.0,-53.89490432923715,15.490709539823504,17.95187415093633,-4.0361381244659436,-20.025688421726223,-6.628315684579139,-19.817931009542153,-2.1360621421419603,-0.25966633668454964,-0.2856329703530046
-18.220813,61,12.746816,61.0,-48.81220482696056,18.348452529430332,18.450199329628163,-4.64842818260193,-22.207203686237335,-5.906546814918599,-32.201263835233945,-2.2438175799481748,-0.29822722585597383,-0.36383721554428805
-11.08188,55,12.847178,55.0,-50.09820557363356,15.006748099894178,16.93528332844438,-3.792510869503021,-17.78802946805954,-6.601280989117082,-17.752061818435546,-1.991823189180485,-0.3636711290951941,-0.40003824200471355
34.007381,88,13.011193,88.0,-31.320239112928345,28.07358334098893,30.200429903157367,-6.544311826229094,-33.0491982460022,-4.567084083090057,-33.22913669973313,-3.5566622003017,0.056141505922109355,0.09880905042291246
10.001326,63,13.130098,63.0,-36.64584099850153,18.57848771110671,19.70558208364124,-4.620021870136261,-24.57956154346465,-4.882215481755797,-18.29250168626931,-2.262602283933266,-0.3396809253164959,-0.42799796589878486
134.586219,82,13.281847,82.0,74.16198071505161,27.890883743906794,27.827602470491875,-6.42203681230545,-32.8390538215637,-8.122049850203101,-26.748668631659942,-3.162438772867631,0.3779283512585396,0.619802496064005
146.545453,119,13.499257,119.0,43.68425427219532,39.45808426865866,40.137015982624376,-8.816022882461548,-43.156337547302236,-2.922826314172362,-36.16399472377401,-4.674720380920006,0.10620302617319548,0.2527632022922052
120.430645,98,13.682353,98.0,55.538041429739216,31.237634676293634,33.46748463350845,-7.042404131889343,-34.40135232210158,-2.9211287881861163,-49.60138423062572,-3.8462463880088276,0.40135926600637956,0.786664161372504
15.203674,49,13.889322,49.0,-23.402308783031085,13.02094930095619,14.38804621630817,-3.8695705723762517,-18.888613557815557,-2.0141135347610652,-11.463547007055084,-1.5671683259440468,-0.4022518976203893,-0.3942068596679815
18.632156,60,14.000514,60.0,-24.681080209195596,17.401478394231667,19.460349245133774,-4.29242241382599,-22.414834237098695,-2.8325479345452598,-21.949894565788906,-2.0588918819979494,-0.15571237034101731,-0.18685484440922076
23.477606,54,14.097378,54.0,-19.75467443883783,14.984641055469313,16.30473726888162,-3.917788140773773,-18.67846518754959,-2.1468167604368613,-15.47177743419483,-1.8422506185895615,-0.2330362892155869,-0.25167919235283387
33.980035,56,14.197881,56.0,-16.211691748990606,16.872318192524954,16.684070106253216,-4.230731599330902,-19.492685532569872,-0.8310653390055022,-12.44197985028665,-2.368199462448306,-0.040559426377091395,-0.045426557542342365
27.450643,47,14.281543,47.0,-10.541078900533288,13.019799342855327,14.797876258816427,-3.5997503685951227,-17.80932666063309,-0.9374556969719507,-12.774236985134847,-1.705183717934431,-0.32299930733005927,-0.3036193488902557
19.162593,54,14.377566,54.0,-18.776081124175114,15.683224833924774,17.214132290438595,-3.973632862567902,-20.97975813150406,-2.648571550362748,-19.600798655909877,-1.755921952919278,-0.21769965843313024,-0.23511563110778066
16.723367,84,14.525536,84.0,-33.96609885998801,24.633030781055158,27.1797497820405,-6.455113320350646,-31.485372805595404,-6.767655202071388,-37.02583797815466,-3.3893349932021195,-0.07520757113011833,-0.1263487194985988
42.053198,62,14.637085,62.0,-12.558493969812615,17.904065869812722,19.966684806229953,-4.487719438076018,-21.01064139604568,-1.5167806776603499,-15.66415710140677,-2.579759797846645,-0.16462769108862016,-0.204138336949889
13.727074,66,14.755754,66.0,-22.733782846413867,19.636288265620905,19.66382565398114,-4.937143876552583,-23.706810757517825,-3.113864095939292,-34.226251155291955,-2.8551866998171422,-0.277174688199631,-0.3658705884235129
-20.975695,56,14.863779,56.0,-39.91947934223889,15.031816292340448,17.646350660278408,-3.991283962726594,-20.251744544506064,-5.653864307090323,-37.78942939010408,-2.0480599453071453,-0.1798374055827172,-0.2014178942526433
158.195866,89,15.032025,89.0,78.78106870599807,30.50300510200979,31.03374619106015,-6.711439406871796,-31.288242220878587,-8.408716092237675,-21.083411043786043,-3.6301452911023313,0.3437275823726314,0.611835096623284
98.434938,56,15.137914,56.0,59.91276337844137,15.476431334283143,17.527423643148254,-3.937819056510927,-19.07207401096821,-7.330638451958073,-18.207188742448004,-1.9339603700752945,0.3623247898133544,0.40580376459095696
115.332275,85,15.295754,85.0,32.255634098509965,30.256045785546878,29.086431295110593,-6.267606304883954,-30.81349158287047,-2.290818210050887,-18.098444020146136,-3.795476494695598,0.22606249566097686,0.38430624262366064
124.732253,77,15.434803,77.0,59.36304569933277,24.441725952251367,26.231227612415907,-5.440974705219269,-26.074401783943173,-6.400061261587489,-21.49568475640534,-2.892624149576061,0.3423389464901722,0.5272019775948652
87.909975,53,15.530903,53.0,64.6989857368455,13.330084456599296,17.19652000625622,-3.9948781204223636,-19.31331245899201,-8.16371424937051,-26.46611530718495,-2.3775948399150684,0.4091935327106325,0.4337451446732705
9.970335,61,15.644016,61.0,-26.104849614648156,17.920072794497344,20.343463047466045,-4.536622886657715,-23.425912427902222,-4.049317205696181,-29.143801414422775,-2.0326971821801134,-0.18665772801513136,-0.22772242817846025
-8.032197,62,15.896637,62.0,-42.79332316736596,17.341333209469123,19.665582838010284,-4.506705026626587,-21.023584067821503,-5.815229602381257,-30.154132358896522,-2.746138880058138,-0.23595619125233205,-0.29258567715289174
47.93538,75,16.04711,75.0,-14.785893325007049,22.44852537175213,23.492893289202417,-5.620303351879121,-27.655144071578977,-2.0198975619699335,-19.991008751264577,-2.9337911616208916,-0.013726401898113647,-0.02058960284717047
17.394484,62,16.155464,62.0,-29.865688413931327,19.33490127742889,19.232817065407197,-4.39104267835617,-22.166246902942657,-2.717766091581132,-21.55085621130415,-2.481634513929041,-0.18261518358411474,-0.22644282764430226
77.575661,69,16.277773,69.0,22.866891976711027,21.444763304797686,21.269707134558445,-5.386079123020173,-27.4688009440899,-0.8525836831779711,-20.942556625541062,-2.35568150993138,0.3020503002179212,0.4168294143007313
48.782778,66,16.396581,66.0,-13.564399691289124,19.04452531822346,22.76023148536938,-4.920822319984434,-22.04917261600495,-1.4679391419700671,-14.679389807531113,-2.340255677201393,-0.12479386681721398,-0.16472790419872246
140.984404,86,16.550867,86.0,64.44880508591615,29.46081351596334,28.61104665645241,-6.3010488986969,-29.928191798925393,-7.115946892104609,-20.857326130369355,-3.333747225087752,0.38774901781162063,0.6669283106359875
57.31899,65,16.676143,65.0,4.153001157602044,19.343651194218676,19.779099377608617,-4.613519132137298,-20.87057260870933,-1.0197954907099147,-21.812296669359363,-2.6405779706850248,-0.09678680213185048,-0.12582284277140562
117.730415,71,16.806737,71.0,62.50264503314278,22.20274972018567,23.957533086787844,-5.222615222930908,-24.30672160387039,-7.577670879651303,-21.670555558258993,-3.154949665757467,0.3337351131636735,0.47390386069241636
31.910664,64,16.926591,64.0,-19.498344239884172,19.58563444969768,21.224771019529243,-4.524907629489898,-20.906359243392934,-1.6971856147721402,-23.842447184941214,-2.4304974922664995,-0.15238376194832934,-0.19505121529386157
24.74052,64,17.044791,64.0,-22.288020359357862,18.29392943606741,20.482318107210293,-4.659508266448974,-23.149147796630857,-3.336942714513706,-21.889296118972307,-2.7128127320153546,-0.23403576739854645,-0.29956578227013947
6.894305,61,17.153711,61.0,-32.391790239198556,18.083691904422935,20.623264580424447,-4.465289182662965,-21.402068269252773,-4.4476379108575985,-27.523093749832558,-2.5827722578363073,-0.2353891324576751,-0.2871747415983636
-14.70602,56,17.261454,56.0,-47.30860181245683,16.79462871500381,18.57994369069567,-4.127384219169616,-21.335176360607147,-5.260632035470573,-25.787309161933017,-2.261488975678923,-0.32146896672736597,-0.36004524273464994
109.545493,68,17.385826,68.0,53.81064329313752,22.239446518826824,23.783473543376434,-4.767170591354372,-22.830894625186925,-6.970884143342372,-21.004391713496794,-2.7147290204265597,0.30217093400794776,0.41095247025080894
-7.447713,48,17.471995,48.0,-38.88371604190964,12.751423853427596,14.871988396974094,-3.7409041213989256,-19.299364852905274,-4.3748030438657715,-15.081723327715011,-1.69061413605128,-0.3394788816341017,-0.32589972636873765
109.172724,65,17.587353,65.0,63.96251647693456,19.29590774132198,20.859423311639276,-4.518256192207336,-22.705590772628785,-7.104537728648673,-23.297574374145636,-2.3191642491194884,0.3993486924508405,0.5191533001860926
122.719228,70,17.716735,70.0,70.59432475325067,20.814987451872305,23.11982787679105,-4.965271080732345,-22.68724403381349,-10.076460243681113,-21.674453006275915,-2.406484202011998,0.41046212963482076,0.5746469814887492
109.158327,81,17.994078,81.0,41.789203122281535,25.088744553610365,27.895280528872807,-5.748022568225858,-26.07449536323547,-4.064555048009586,-27.468297963632402,-3.259530363171373,0.06220281877474566,0.10076856641508798
113.360914,99,18.179276,99.0,24.021147872169262,29.625291384453387,31.732221996226663,-7.1396529531478885,-34.717105495929715,-0.6532116472248155,-24.62464306538537,-3.883134338360284,0.19069902739853983,0.3775840742491089
-9.829297,53,18.274107,53.0,-43.01482162327164,13.686890285641368,16.263188931255485,-3.9793611502647406,-20.616578102111816,-5.370947328218913,-18.07133004807262,-1.7263379111167583,-0.38182859975659633,-0.40473831574199215
33.754619,59,18.378854,59.0,-14.162862095943062,16.785096239746856,18.714402618623016,-4.493499615192414,-22.102224528789524,-1.5057448419053687,-16.5295327065947,-1.9510165178126306,-0.2039981988059084,-0.24071787459097188
6.758223,52,18.471695,52.0,-26.89759101663699,15.181207822704488,17.773969519096354,-3.7689275431633,-18.73963459730148,-2.48948853226081,-24.754545178448428,-1.5467678652114454,-0.16423856425545266,-0.17080810682567077
26.142241,72,18.600768,72.0,-25.513971802249685,21.381384876598034,24.95998252539318,-5.59906944990158,-26.222741389274603,-5.115585116594235,-26.98183585197675,-2.765922423612683,-0.14848324403041668,-0.2138158714038
123.722654,72,18.733854,72.0,70.73563688267457,22.709735893838786,23.2479930093201,-5.330916597843171,-25.883575427532197,-7.648949234597723,-23.45123034536475,-2.656040515638868,0.39095495713609907,0.5629751382759827
72.112391,53,18.83346,53.0,27.026017919878207,15.66481839961697,17.812360236647173,-3.892778964042663,-18.735716652870178,-1.5288673012894616,-14.874120073799928,-2.3593228587535853,0.48142372137108,0.5103091446533449
103.902692,64,18.952953,64.0,55.96643673624265,19.551224292472114,23.425983611813518,-4.777641808986664,-22.734078395366666,-5.831276573879602,-23.140104010044837,-2.557851658670752,0.35077703123325726,0.44899459997856933
98.173953,57,19.063111,57.0,56.02864881555805,16.036380523662853,19.987778886127863,-4.501532320976257,-20.382992351055147,-8.680491806645316,-15.032077012159354,-2.2817615420394883,0.4065343383324098,0.46344914569894724
14.372576,72,19.192611,72.0,-35.53413119936935,20.300702817317852,22.507332835187313,-5.476307113170622,-25.2733536362648,-5.4898294573532915,-26.3385791880442,-2.3232586905171244,-0.1825312149497189,-0.26284494952759524
-25.805791,41,19.2659,41.0,-31.156215906004963,10.437662947559222,11.550908388474554,-3.4404243946075446,-16.66396437883377,-3.3058669310847746,-32.73711572190303,-1.4907746116036489,-0.2923862198487832,-0.23975670027600224
15.472632,66,19.384637,66.0,-28.76575449978583,19.995816606390793,22.388073530776953,-4.884753565788272,-24.877981412410747,-4.290434545215064,-27.700756437591103,-2.391578044469799,-0.1475317229838267,-0.19474187433865126
109.380539,74,19.519254,74.0,44.6211105896677,22.368921617654237,24.917315218675878,-5.195651655197143,-24.05091561079026,-4.810437203818066,-19.438751043231285,-3.0310531215375063,0.3077005374263125,0.45539679539094247
5.733675,59,19.627388,59.0,-35.17645936592848,17.91970367461617,20.56568895031838,-4.689948184490204,-22.130819416046137,-3.826022448794655,-23.76469028611916,-2.1637783385866243,-0.22691401743459821,-0.2677585405728259
0.23291,49,19.713824,49.0,-24.42921036628517,14.49526617158179,14.990307320907958,-3.7503858113288886,-17.69077695608139,-2.810506134747401,-27.755598748755972,-1.8161850280527827,-0.08634266909393294,-0.08461581571205429
105.434913,62,19.955446,62.0,57.191188768189576,18.65222761064662,21.638886418302736,-4.761773314476011,-23.046503734588637,-8.352380108615664,-15.401538479560514,-2.4851944711391516,0.3694090756035249,0.4580672537483709
84.257519,51,20.049303,51.0,53.286072784552594,15.111283031250492,15.973183806722997,-3.6809079217910776,-17.163344860076904,-7.431471180907073,-20.713730828054697,-2.1235653933138874,0.4515069405080927,0.46053707931825455
148.638234,87,20.209547,87.0,84.90757467860438,29.67060658354418,31.25870333196095,-6.6849156093597415,-30.467863410711296,-9.15164925949962,-33.901261831839854,-3.992960420300831,0.3947490952187037,0.6868634256805445
92.303524,70,20.336344,70.0,32.92101617436166,23.634809511482157,24.07316433151464,-5.158977594375611,-24.769325125217435,-1.6987811522244542,-24.442369875236356,-2.256012137690077,0.2845051686135576,0.3983072360589807
104.20834,56,20.435684,56.0,59.83747062203981,18.73048737387633,18.376479870751833,-4.168661905527116,-19.956684541702273,-6.900326683861403,-15.728386047946055,-1.982039044565236,0.4550270888222544,0.509630339480925
103.842655,52,20.531958,52.0,72.59290630067005,13.99807447966886,16.921514687892863,-3.8176624655723574,-17.42528777718544,-9.838721161040356,-18.51394853854654,-2.0742209496307122,0.6193751766218083,0.6441501836866806
-1.212626,60,20.640133,60.0,-41.09178098627968,16.071208971667964,19.53481937043778,-4.147533280849456,-19.165725052356716,-4.5814115226954595,-25.90566700890389,-1.9265368294497247,-0.3022516130097253,-0.36270193561167036
113.274763,75,20.781414,75.0,48.006128302564264,24.232664404616727,24.5772869639533,-5.560965673923491,-26.634625792503357,-3.1192928021401163,-20.31252425474849,-2.913908202518838,0.431854799508536,0.647782199262804
135.172774,75,20.914182,75.0,74.36293929179672,23.241632376112047,25.442904871656975,-5.496765022277834,-25.35587730407715,-9.35469808039356,-19.633975386270482,-3.0333871337554066,0.4104390248896583,0.6156585373344874
115.123554,64,21.029011,64.0,56.57034948074379,20.556464527807098,21.493435707901224,-4.704912731647492,-22.364838576316835,-6.62295425498151,-11.048193894322207,-2.7557965532300845,0.3263121000962437,0.4176794881231919
109.89612,62,21.137718,62.0,61.488671343926086,17.742334119141624,19.44579093274502,-4.77215324163437,-22.270973396301272,-6.3856894084102525,-14.85201230389237,-2.4998481240760944,0.408015547256834,0.5059392785984741
134.802956,83,21.286613,83.0,61.22820716040626,26.008335001228904,28.764662556749634,-6.169690375328065,-28.689340591430653,-8.087355176896533,-18.252387325002797,-2.9994756372901983,0.3816754654432112,0.6335812726357306
74.953464,66,21.406654,66.0,11.686986774153441,22.338453379917432,21.405614567369895,-4.499891893863679,-20.90164053440094,-0.9783372468706437,-17.477008704705657,-2.6207122756799204,0.1882774414027979,0.24852622265169322
125.516752,69,21.531972,69.0,83.31764338968313,20.728001045760877,23.736895757149377,-4.948868688344956,-22.725882810354236,-11.631119997129822,-29.116333910466725,-2.8435826168241554,0.49008748885271325,0.6763207346167444
19.900085,78,21.677895,78.0,-33.87923143821059,22.407314464765307,25.162240510228834,-5.559792604446411,-26.125556147098546,-4.025976439102378,-33.1007309523904,-2.9781821490589984,-0.12215265803743146,-0.1905581465383931
108.650311,64,21.917572,64.0,48.76591473753876,20.8742597244279,20.5530541657211,-4.6007315349578874,-23.40381765365601,-3.069805602448555,-11.9788509905933,-2.4897118210885654,0.4758528837807491,0.6090916912393588
25.862851,57,22.024564,57.0,-13.1770551683212,17.92998297219367,19.150834837238307,-3.8940882802009584,-19.86419609189033,-1.9435984087297922,-27.29495592902732,-2.0440734156141467,0.016666420780163053,0.018999719689385883
102.973648,58,22.132048,58.0,60.4021619566237,18.014113900110004,18.49379539184411,-4.13274334192276,-19.82698580026627,-6.000788765271716,-19.81928857971377,-2.1566167789059003,0.45753539629398693,0.5307410597010248
7.083472,76,22.268287,76.0,-51.09130302863833,23.283538100368357,26.72989937978356,-5.854827525615692,-28.241766500473023,-6.228734269018409,-24.449788455690243,-3.0635457878927626,-0.1945574465212002,-0.2957273187122243
44.853175,91,22.43182,91.0,-32.644361221299015,29.713689116776525,32.25173644008622,-6.645950264930724,-33.302403730154055,-3.0695521114880466,-29.108429909310935,-3.341553270560613,-0.13027951984214167,-0.23710872611269784
117.276266,62,22.548045,62.0,66.63506698381354,17.777895167325696,21.09271085913808,-4.429463760852815,-21.884312421083454,-6.470945034922226,-15.362125957886374,-2.0825600285515917,0.5285663055793172,0.6554222189183533
109.190108,63,22.66549,63.0,55.98838478545212,19.246485536006844,20.059016014451363,-4.8346062874794,-21.98441088199616,-4.626664224248361,-15.565589856577406,-2.092507083170273,0.49680505163289185,0.6259743650574437
103.094211,56,22.767827,56.0,60.35016307026465,17.108486944272332,18.655904747908238,-4.324664454460144,-21.27111358642578,-8.227437342872717,-12.917573933508399,-2.2795546829128135,0.4692602878576783,0.5255715224005998
67.616192,48,22.859375,48.0,25.320820608775467,14.438872624571811,15.59541335756742,-3.378796350955963,-15.865669870376589,-2.4960884528657945,-11.974292252500229,-2.02406780675472,0.29005104818040645,0.2784490062531902
130.587205,79,23.00069,79.0,75.84304215327745,24.778140563778692,25.388664063655842,-6.195333147048949,-30.74370802640915,-10.884784936396475,-23.376587912584785,-3.222227437429098,0.35657549002209543,0.5633892742349108
112.749462,57,23.101536,57.0,70.97078291633271,16.351367652675474,17.67568494500804,-4.354050061702729,-20.868399214744567,-7.9529783646032755,-13.90146179252539,-2.1714837033683327,0.641250808394981,0.7310259215702785
98.147576,83,23.254323,83.0,20.673528880300125,25.763621927736875,26.308706858503687,-6.081074159145355,-27.517374420166014,-1.7822391085562777,-19.4108903976197,-2.806703101104154,0.23867517289671902,0.3962007870085536
183.76195,119,23.472548,119.0,79.65389452373978,40.65781850003204,41.201699602540565,-8.768690334558489,-40.30700389146804,-9.080288636581432,-33.43949102436779,-5.155989224254167,0.22605833139496792,0.5380188287200236
104.785138,57,23.578464,57.0,67.22800815371986,16.213543504977704,19.245855278777693,-4.109732797145842,-19.08775732517242,-8.784849607920528,-20.808109149068216,-2.111820123189782,0.4903046283962984,0.5589472763717802
103.1761,61,23.690531,61.0,52.87059474387033,18.294781773052787,19.52113880239055,-4.514431624412535,-21.863169240951542,-5.340334884222305,-14.689942710427745,-2.1025369970811885,0.4474930604961438,0.5459415338052954
71.103032,49,23.89846,49.0,28.045053813172565,15.509031368294421,14.71954314373415,-3.5858200740814206,-16.72133538722992,-1.1416678807221219,-12.673491880308946,-2.048281103166863,0.3578310695560973,0.35067444816497534
127.991009,71,24.02539,71.0,76.37088733211958,20.98657649174492,21.470724735672103,-5.495666227340696,-26.214047998189926,-8.716148652261426,-18.72667438655456,-2.684642248726987,0.2314298254326283,0.32863035211433217
120.89093,68,24.149066,68.0,60.645397316121375,21.199996569850487,22.751523217332938,-4.996739394664765,-22.541534984111784,-7.169950366459054,-14.264798047996239,-2.732964606113402,0.19840700784706417,0.26983353067200727
156.714037,81,24.2963,81.0,88.11240590579439,26.05531556646227,27.313851642033203,-5.8332132697105425,-27.940130543708804,-9.706967694580127,-19.30494128609171,-2.982283582478304,0.4739612223918932,0.767817180274867
76.495952,61,24.405825,61.0,18.122501619335917,19.26902418664573,18.1755472332581,-4.706663568019869,-22.148642504215243,-0.6139822324173845,-10.506835405109516,-2.0949975666610188,0.09660166221418709,0.11785402790130825
19.712398,68,24.532708,68.0,-30.03922761029131,19.763271886713653,22.577346775035185,-5.2293795251846324,-24.664751553535456,-3.7394963973150843,-23.992061316304923,-2.9633039882295904,-0.13326018461261357,-0.18123385107315446
105.628782,54,24.632957,54.0,65.96860036042602,16.61182550875808,18.389680827829924,-4.026705358028413,-18.024995034933088,-7.9852776263795935,-17.154239185732088,-2.150107632135519,0.5479531474330922,0.5917893992277397
85.324729,61,24.744437,61.0,28.51957919267657,18.28459906468997,18.38953118317477,-4.329742593765258,-19.302580499649046,-1.3210895612357338,-13.641621140002139,-2.2739468189409635,0.5557948493887696,0.6780697162542988
109.406456,74,24.881625,74.0,62.97478701405676,23.87951335741202,24.423155192579472,-5.872800824642179,-28.596499013900754,-7.744413792155278,-30.6106884841731,-3.0465969734786267,0.20233787418285984,0.29946005379063256
58.324057,76,25.025167,76.0,-12.805662178700986,23.340565226224463,24.493716673401607,-5.274598047733307,-25.383948886394514,-1.4616405509411599,-17.74267958612537,-2.841695971892844,-0.20407002116614287,-0.31018643217253716
69.888788,47,25.115148,47.0,49.25431572460756,13.006366610091593,15.215649818119713,-3.6834964346885677,-16.301754701137547,-7.619893946635983,-24.638210960902722,-2.344188287625739,0.4563215498780583,0.4289422568853748
105.643485,62,25.231137,62.0,65.3575534078294,18.36519560758775,21.508230433369626,-4.821480703353883,-22.7981661438942,-9.942510474183791,-21.725200313166564,-2.300136684329946,0.4409923162860631,0.5468304721947183
85.637708,59,25.34203,59.0,47.38424118954379,15.516531193978745,18.732304986455464,-4.148347125053405,-20.378334951400756,-3.894499368189713,-24.42484633805348,-2.1493417029566273,0.5326698884676997,0.6285504683918857
126.502219,70,25.468066,70.0,73.47716448632872,21.44497005164122,22.835481339235088,-5.0564971351623536,-24.491808712482452,-9.700864519242876,-19.653938960638765,-2.352287344355496,0.44330919660272994,0.6206328752438219
88.511435,52,25.563135,52.0,50.19034668402632,15.618828378616563,16.98326047233746,-4.127220779657365,-17.555692589282987,-5.493655350387565,-16.878031006672177,-2.2264012811338274,0.40397979104738263,0.42013898268927796
94.432331,52,25.664392,52.0,58.2325370750544,12.056657755838781,15.888261632035688,-4.1853316879272455,-18.352977538108828,-6.8353763806481105,-12.452866021362398,-1.9185740133201536,0.3240606093089402,0.3370230336812978
126.427668,74,25.931915,74.0,70.77123293804944,24.76384785150021,26.27999639061537,-5.323603959083556,-24.765482562780377,-9.022346692848913,-27.494444675660073,-2.7815317575751837,0.3896703440374815,0.5767121091754727
137.797033,93,26.122645,93.0,65.03379760721646,32.786574667667345,31.62329417371706,-7.35129865884781,-36.36138075590133,-5.902407435633471,-31.52059206688717,-3.5109548458370203,0.35749316287150207,0.6649372829409939
105.967969,55,26.228018,55.0,61.77766466687774,16.11055843629086,17.78662546468691,-4.011629745960236,-18.34916408658028,-8.550527391607718,-11.613583857283329,-2.1819746149097523,0.5212028476726891,0.573323132439958
128.41586,80,26.382842,80.0,66.10148764499947,25.769685779881623,25.42729179939767,-6.045270545482633,-29.31803581118584,-5.060717199191538,-25.363978310528303,-3.094603854639446,0.35363805661132647,0.5658208905781223
76.846163,78,26.529881,78.0,0.6955301461840384,26.181535411407168,26.05991678786611,-6.093300566673279,-27.41163811683656,-0.3142840922227449,-16.955325054597434,-3.316271633646342,0.33270132698806654,0.5190140701013838
81.492476,45,26.614533,45.0,59.49720099209611,12.141285702639014,14.592226960103151,-3.2179313600063333,-15.268720602989195,-7.061077819718037,-22.814865472638935,-1.37564224779183,0.5613946893983233,0.5052552204584909
97.47038,59,26.726849,59.0,55.59738019379661,18.13151701972111,18.810435394174814,-4.562435677051543,-21.188371491432196,-7.0010641618357825,-19.018449436656024,-2.298631874612418,0.3813127051017118,0.44994899202001987
90.732373,59,26.846199,59.0,45.39310856781371,16.502308035810646,18.047548587020888,-4.6842117142677315,-21.438288736343384,-2.3510064780343343,-17.212764407306747,-2.524320501669505,0.4185409745650043,0.493878349986705
112.68943,62,26.956511,62.0,59.05011617058359,19.351102190084525,20.542731541095744,-4.615687263011933,-21.46543419361115,-6.263797901551271,-13.23826698132234,-2.6713336743938263,0.3759428109460493,0.46616908557310116
104.36119,65,27.074514,65.0,43.21402025276826,19.499014980228367,21.78301216274714,-4.6647838854789745,-21.61771274805069,-3.4282873403193026,-12.919332060974806,-2.5047413892089248,0.3469070173945375,0.4509791226128988
106.291246,64,27.188251,64.0,59.387662261908616,18.53253607547292,20.011125670984747,-4.8865506553649904,-21.53233655095101,-7.486656409513502,-18.96782682405939,-2.766707075389965,0.2996284481878918,0.38352441368050155
93.16343,51,27.279922,51.0,55.101449136573635,15.63974447746764,16.811746521816918,-3.8273782253265383,-17.51737148761749,-6.4943575102026925,-15.251857033250241,-2.298546221680235,0.47648874103491307,0.48601851585561134
118.590767,65,27.401801,65.0,76.50732577446892,21.161401083923355,22.0263868603099,-4.961919956207276,-23.844223308563237,-9.990197222104952,-24.643821905168448,-2.6641841111612434,0.5077030576988832,0.6600139750085482
94.631867,53,27.498608,53.0,54.247830177239734,17.319900474254855,16.995905750657222,-3.8407101011276246,-19.214217019081115,-6.579079435740407,-14.97855345086615,-2.319209722935498,0.44516383181579067,0.4718736617247381
107.310494,59,27.609318,59.0,68.14579255464662,17.796844047338126,19.784427680273684,-4.283547327518464,-19.725621503591537,-10.499118794954713,-20.381996979376474,-2.5262852950452253,0.3369099225622911,0.3975537086235035
106.674049,53,27.708058,53.0,64.15670743569504,15.906855110215933,17.787747141981388,-3.7409610676765435,-16.734579843282702,-8.636960212936977,-12.372921495137984,-2.691837892838204,0.4570523644057993,0.4844755062701473
126.530201,68,27.951319,68.0,73.40030198688252,22.28737706172261,22.574072644306685,-5.1662646961212175,-24.725423491001123,-10.734760797806993,-16.516398033780913,-2.588703749022437,0.4846502549817687,0.6591243467752055
98.416676,48,28.038668,48.0,58.20696644404177,12.702569139444218,15.624467382858159,-3.435166866779327,-15.596434605121615,-5.770428648115892,-9.387995839784264,-1.9273011908649718,0.5813321004758436,0.5580788164568098
113.050838,57,28.141022,57.0,76.66819131649133,17.061784572526218,18.91861808814119,-4.175733094215392,-19.837318038940428,-10.936354079757914,-19.463290108282123,-2.1850610188916675,0.5975190532696181,0.6811717207273646
137.420914,76,28.278701,76.0,77.08507850999095,24.759947547072464,26.07094910762814,-5.2957025671005225,-27.732736432552336,-9.378482784990695,-21.38578631654529,-2.702353307110243,0.42567202168750423,0.6470214729650065
110.461898,60,28.389737,60.0,62.604045702100116,18.240193410435932,20.482813664730244,-4.611363487243652,-21.39773572683334,-8.33101258056831,-14.370681696822242,-2.1543613440495015,0.4106516216489808,0.4927819459787769
125.449101,57,28.492707,57.0,80.9518379031777,17.07183202033712,19.41603939102062,-4.057623825073244,-19.852284312248234,-10.629563584471967,-12.566805608545256,-1.8843310114742047,0.6232237333808066,0.7104750560541196
135.287259,71,28.618115,71.0,81.77130700678434,21.36150414211047,23.06819956622884,-5.149058637619017,-23.533264553546903,-9.95514401566409,-20.485377230513034,-2.790907301521793,0.5135384209622315,0.7292245577663686
101.128991,59,28.725072,59.0,55.553136486252335,16.814486822657273,20.258117777820498,-4.49048774957657,-19.43796626329422,-5.69262823923473,-18.460943648905133,-2.414723749673975,0.3773971600646185,0.4453286488762498
100.304905,55,28.827749,55.0,62.87602056010661,16.108791770614,17.2980965650435,-4.261050260066986,-20.059367752075193,-8.052587926419767,-16.31442346626718,-2.2905744661925262,0.47625840660250346,0.5238842472627538
123.872401,67,28.949097,67.0,75.8875136859683,20.311552453300983,22.204767908450975,-5.25329213142395,-23.957055819034572,-10.77811221234524,-18.855103346707796,-2.6878693596642265,0.4809414367292159,0.6444615252171494
115.960029,70,29.075814,70.0,71.873224911889,22.031142188878242,22.999137268678965,-5.107952151298526,-24.793782472610488,-8.655437804038833,-29.4393681638805,-2.9469345029307976,0.44641362241781507,0.6249790713849411
110.296966,64,29.19341,64.0,46.9177244102226,20.123658786577067,21.191991762346177,-4.717204089164734,-22.571587580442426,-2.852477806442585,-9.183804358200142,-2.611335464774033,0.5152652516997606,0.6595395221756936
89.825005,51,29.284616,51.0,53.34885576832737,16.207748266944645,16.562574259315117,-3.824274692535401,-18.66345386505127,-7.735818846699729,-15.133849690193115,-1.9367764115308288,0.35857318215898115,0.36574464580216076
106.865513,76,29.42617,76.0,50.83550538232804,24.007374607687506,24.949240380125552,-5.7124208927154525,-28.224990391731264,-5.753959996573818,-26.35674438634027,-2.8784917143560387,0.1872334011536554,0.2845947697535562
70.465541,67,29.552083,67.0,5.798896787632903,20.926407864024664,21.812441821209152,-4.75521021604538,-23.217010295391074,-0.47241031492373836,-14.339743022050182,-2.2878320940550094,-0.21602072900337793,-0.28946777686452646
135.416525,73,29.690064,73.0,83.43964979234916,23.73276497126033,24.204058818040483,-5.429699976444243,-24.182436394691464,-9.97008239638078,-26.197919796865666,-3.1798098777927084,0.47161320774364524,0.688555283305722
98.224109,52,29.793838,52.0,54.56949234149847,13.596436066660695,16.633463592991845,-3.597273123264313,-15.99775163531303,-5.5760274031826,-11.56841794339918,-1.8358130708948068,0.480745373331141,0.49997518826438664
130.989851,71,30.0538,71.0,83.24818846830438,22.76971443252863,24.654365816893357,-5.263167638778689,-24.871537542343138,-11.10218897758782,-26.74545897144943,-2.7000644074116744,0.39944197940551934,0.5672076107558375
108.260842,56,30.156453,56.0,62.71700699570434,16.831159186656627,18.27191994801519,-4.2991218709945676,-19.960356771945953,-7.32061426775578,-11.850156898446093,-2.128993888718359,0.49916919594409753,0.5590694994573893
156.149766,77,30.298007,77.0,82.50250017894359,25.22691304251164,25.614288713617782,-5.673211610317232,-24.884519362449645,-9.455136171661039,-11.091496743255494,-3.0895724267980844,0.38867855677953944,0.5985649774404908
109.376574,53,30.398438,53.0,67.28300326743204,15.490417087347533,18.20615974363126,-4.0681913793087,-19.4567367374897,-10.247242242565664,-8.86553616504831,-1.9652992613129043,0.5739797636128423,0.6084185494296128
118.070759,56,30.502212,56.0,73.81747060611346,16.465432283312968,18.984459191173457,-4.1869545793533325,-17.812260174751284,-10.888406596439877,-12.01235894080763,-2.296622569582994,0.49882170732478914,0.5586803122037639
121.412164,69,30.635831,69.0,56.353942057904774,21.601094746019985,22.022236262289454,-4.862335807085038,-22.38445564508438,-5.186090666792581,-12.957606838970017,-2.1746196658107193,0.4361797855183091,0.6019281040152666
98.184827,50,30.72573,50.0,62.91825147429072,15.46285381874476,16.849868526406034,-3.952072491645813,-17.86931283473968,-8.897658276018928,-14.528080013866248,-1.799023467717389,0.46400814094613324,0.46400814094613324
118.787002,59,30.833525,59.0,77.71582875764788,18.41889442273038,19.996618541925084,-4.362984690666199,-20.71313207149506,-9.339277410821666,-19.69366451393554,-2.2352808691885473,0.5322526743071772,0.628058155682469
135.06241,67,30.959584,67.0,78.25359313437605,22.20296331292002,22.112656524048614,-4.97900598526001,-22.646182870864873,-7.973204371757565,-16.44427223395242,-2.4641378193531804,0.48172039655161525,0.6455053313791644
164.192498,105,31.159421,105.0,61.88424101782067,37.055376321453856,37.61818682764386,-7.543988819122314,-35.28974174261093,-3.8852642840682896,-26.426807869002058,-4.219503567621053,0.27170313256786,0.570576578392506
103.972469,54,31.261644,54.0,62.75595728079509,17.26212935329292,18.402350420234463,-3.8119086098670967,-18.695599353313444,-8.256529444390244,-16.01479742720714,-1.6691335073118547,0.45807508613843645,0.4947210930295114
89.893442,53,31.363856,53.0,59.67421048542798,14.95293965430136,17.204360274170767,-3.8522119927406306,-17.925998711586,-8.181934842161757,-23.05409769250687,-1.923824769817752,0.4884523564385028,0.517759497824813
96.865764,53,31.464047,53.0,55.52392161751796,16.59081981639288,17.44989138065742,-4.200685999393465,-19.590560615062717,-6.838261287649438,-13.134203294269499,-1.9351574523809185,0.48998136634398154,0.5193802483246205
117.603042,56,31.570056,56.0,80.97597514155854,16.208180338722322,18.36176374256017,-4.506613533496856,-20.89995480775833,-11.121472806953845,-15.253802177024726,-2.161034084628649,0.5681720854529019,0.6363527357072502
147.530226,75,31.711963,75.0,82.51355347387863,22.71820486176878,26.55002399043351,-5.1907563161849986,-25.286561465263365,-9.560071149361153,-16.37480558483158,-2.8393617910229105,0.4718767865016822,0.7078151797525233
113.385849,53,31.809525,53.0,71.70126385418484,16.705354873580845,16.35549039847776,-3.7399974370002753,-16.616357517242438,-9.382508043593525,-12.732649977712919,-1.9047468558724292,0.5318249343463795,0.5637344304071622
77.794582,45,32.011007,45.0,50.01758983152104,13.505889387072315,14.309441893316807,-3.302295534610748,-15.168740010261532,-7.26106844410566,-17.57929602857176,-1.7269392044430039,0.4464249303820406,0.40178243734383656
113.799257,63,32.127492,63.0,52.6742897643629,21.274350724956765,20.598706566500717,-4.815704071521759,-22.087777268886565,-5.179167167425069,-9.350465340362204,-2.31497570882517,0.3993031582871688,0.5031219794418327
102.227591,48,32.216016,48.0,66.17503694107133,14.288567292419508,15.50289002999427,-3.6403263211250314,-15.974569237232206,-6.721361163348634,-13.508643722685907,-1.8940023728492015,0.6404274858646802,0.614810386430093
120.415075,59,32.325926,59.0,79.41155603606869,19.83049500263805,20.38759968764758,-4.422422521114349,-20.54084067344665,-10.82159288716502,-20.33381813582819,-2.095901663710271,0.5549227641242369,0.6548088616665996
107.27739,51,32.420356,51.0,67.77606126523277,15.19353434439591,16.542910700834213,-3.926572234630585,-18.23098795413971,-8.425425418851285,-10.641089790583404,-2.0110407578436185,0.5922391523270472,0.6040839353735881
152.096558,93,32.58489,93.0,78.60487867583429,31.356263729565356,31.519347340083666,-6.658362476825713,-28.862248742580416,-9.663623645959005,-33.51617357499267,-3.6835236422457034,0.417277714579588,0.7761365491180338
137.047684,88,32.749782,88.0,55.39133586456475,28.63181447025817,30.214854211256977,-6.409181110858917,-31.139699268341055,-3.851615133154143,-20.585931566863373,-3.2038936162658636,0.34590287746213966,0.6087890643333658
91.877501,51,32.844241,51.0,53.25694704620149,14.496504882978844,16.142686221161576,-4.012488441467286,-18.27781075239181,-5.845850584975211,-13.00046073401767,-1.8820265626503192,0.48559460509715086,0.49530649719909386
100.977682,57,32.950642,57.0,53.82537803388315,16.506422608829286,17.807332789300094,-4.090685224533081,-20.363969659805296,-6.7165694035015155,-10.50287478541884,-2.4873520003973137,0.4401018362249475,0.5017160932964402
86.35222,49,33.045775,49.0,51.05325961655543,13.839783569694054,15.664364306024542,-3.4890252566337585,-16.017431014776232,-6.823161292837377,-14.856097380945092,-2.0194721045661184,0.435622672642379,0.4269102191895314
150.211367,84,33.203293,84.0,71.86168153502732,27.084784901692725,29.412660301310723,-5.756231844425199,-27.71132029294969,-6.185268112176415,-19.616649520923094,-2.8782895262681008,0.3400745518109519,0.5713252470423992
125.348456,63,33.316898,63.0,66.33265309391908,20.244704963332186,21.1320174082965,-4.698169705867767,-22.7046462237835,-5.547540368352394,-10.111385388770625,-2.299178079568827,0.4982839718279448,0.6278378045032105
97.589293,53,33.414708,53.0,54.12516685122931,14.758872376460268,17.61776420451973,-3.969069985151292,-16.98754599094391,-6.565668278202998,-12.441071958750175,-1.9491537672147772,0.35686786404453874,0.3782799358872111
138.235771,73,33.546442,73.0,74.00538660338987,23.201554722014336,24.01888444383421,-5.368179428577422,-26.007829153537752,-7.08739163587833,-14.582804819430475,-2.9438493675976005,0.42152406159757233,0.6154251299324556
89.319582,50,33.639282,50.0,48.0088671953337,15.082610920951907,15.73637157924792,-3.731302754878998,-16.13272061944008,-5.329784288506974,-12.335480164126242,-1.9789796618066235,0.49434209763261966,0.49434209763261966
120.77689,67,33.757986,67.0,56.91247442847301,21.043761028541503,21.315840807651604,-4.884884870052339,-22.01596977114677,-3.620229728243838,-12.62329900764212,-2.3508026257883325,0.46583916594601227,0.6242244823676565
143.772656,72,34.011582,72.0,82.80219578730004,22.768735095620627,24.612758759956225,-5.509362993240355,-26.373313927650457,-8.836849498966982,-15.07696436196775,-2.6145432654674288,0.5044731008219464,0.7264412651836029
128.33891,63,34.130654,63.0,74.33413296670423,20.646090529369815,20.362059745337362,-4.792477061748506,-22.20026421546937,-7.96098654405932,-12.382857464080322,-2.6667874712327464,0.49905078267537356,0.6288039861709707
119.929835,63,34.25177,63.0,61.86579779195286,20.998519559037952,21.062989059379778,-4.77197189807892,-23.66895098686219,-6.972757796602148,-9.262032115280535,-2.3217582518957385,0.44657862389758307,0.5626890661109547
86.93391,54,34.352829,54.0,50.111937929808576,16.60045845782255,17.467259258832943,-3.790142583847046,-17.121945965290077,-5.0888621841917,-23.077437092175018,-2.167357763008903,0.46663365897020853,0.5039643516878253
135.076004,64,34.472275,64.0,76.75356170195843,21.73267702272173,20.51716580987405,-4.649496047496795,-20.53254498243331,-8.898606105761905,-11.660008369676072,-2.18674499249492,0.5213502821328837,0.6673283611300911
129.821827,79,34.615391,79.0,64.89471840353286,24.180026232565417,26.460011356907774,-6.151988036632537,-27.497059524059306,-5.796229631232376,-22.03331225869274,-3.234339261198325,0.4307540845789022,0.6805914536346654
114.696884,59,34.722825,59.0,65.29340673212442,18.078509544134107,19.72460417490945,-4.096862819194794,-17.82155042886734,-8.080916785042378,-15.00270843325181,-2.39759767050298,0.449123821865491,0.5299661098012793
119.877582,62,34.835861,62.0,67.98468891390544,18.776357907379236,21.1619311928056,-4.411895136833191,-20.780200409889222,-9.401088015933666,-13.132647207999177,-2.3195655494664273,0.475329975826504,0.5894091700248649
48.288217,58,34.939968,58.0,-7.0662358337374345,16.917973284213822,19.450408919057757,-4.400550687313078,-18.794874417781834,-2.5474298594817784,-11.159242753809561,-2.111832054673541,0.27313595046842676,0.316837702543375
109.19926,62,35.0508,62.0,65.07572935197052,18.65427021782747,19.878622279549344,-4.497925519943237,-20.610267913341527,-8.60546203215529,-19.98697421513629,-2.7087318211819564,0.3494290531000336,0.43329202584404164
98.475373,51,35.144806,51.0,57.51908190512075,15.69893393656356,16.428349099441498,-3.9219366073608404,-17.984488737583163,-6.065406011305249,-12.145491608211708,-2.0536688769393363,0.5161058222721694,0.5264279387176128
86.474928,44,35.227242,44.0,61.49697800571235,11.912624348975084,13.691857986275588,-3.18511244893074,-13.015255731344224,-6.899336476622715,-19.742438694991,-1.7843886839468122,0.5883500822430734,0.5177480723739046
140.059665,75,35.360791,75.0,72.02093463233255,23.978599270995026,25.406077788473812,-5.422707288265226,-24.552027583122264,-6.733834543057365,-16.863102579014992,-2.774274692008207,0.4555456961697073,0.683318544254561
99.246256,51,35.454708,51.0,63.95831800612465,16.604698944228147,15.340140315853102,-3.845156900882722,-18.71422795653344,-8.057301447383326,-15.101256792828657,-1.9389584421115984,0.5214530558839313,0.5318821170016099
109.699219,57,35.559089,57.0,63.42425883313594,17.913758305749575,18.533480706440013,-4.038060107231138,-18.9651433467865,-8.520992196358621,-13.382987212349839,-2.265096023814102,0.4652489748512922,0.5303838313304732
99.761755,50,35.657008,50.0,61.155930114631985,15.209239399349185,16.55464444709634,-3.7148070216178897,-16.160840380191797,-7.76999709661967,-13.572710137770045,-1.9397046105226579,0.4943777385755352,0.4943777385755352
119.256975,67,35.77919,67.0,63.5165570076268,21.73419819034481,21.394599318253533,-4.91088859796524,-21.550781810283656,-7.839161624460635,-17.334468770383005,-2.753078349024842,0.5697372387766817,0.7634478999607536
86.994202,45,35.861846,45.0,47.11864648805467,14.435677189198216,15.031094754735372,-3.2827966880798334,-13.992522263526917,-5.508689237087329,-9.931436280933752,-1.8757723247789635,0.39642221361055874,0.35677999224950285
138.853132,78,36.1251,78.0,63.16870006637755,26.347787238089083,26.820729369558716,-5.316866979598999,-25.167655551433565,-6.758994840549585,-15.765826390049822,-2.4747404273173346,0.3733874017827,0.582484346781012
118.332903,64,36.242783,64.0,71.60064895246134,20.075562555821453,20.808726516724686,-4.927527947425842,-24.610310065746305,-9.52852052526291,-16.444700875466353,-2.6409751964526804,0.43945490207078236,0.5625022746506014
111.936547,56,36.342328,56.0,67.8370286720914,17.511285829454565,18.5620306920107,-4.288599331378936,-20.19642767906189,-7.839479282446146,-13.6071586055237,-2.042133186523298,0.49573700052613767,0.5552254405892743
107.740878,49,36.4312,49.0,73.24824947104983,13.727611333787992,15.562295203449072,-3.680155403614045,-17.651622521877293,-8.975069930540295,-11.639845139084594,-1.8505848350997807,0.6651571230606191,0.6518539805994067
109.463147,61,36.544936,61.0,61.75859999954872,17.979385035605816,19.388692698574356,-4.271513657569884,-19.214755439758303,-8.798043826436771,-15.779812847037928,-2.599405376111199,0.40727827024136587,0.4968794896944663
105.9142,52,36.643926,52.0,70.29275246423379,16.391433453765515,16.472402758218053,-4.015804514884949,-18.36489491462708,-10.000651653612506,-14.761745256283373,-2.099292144263196,0.6007949736611508,0.6248267726075968
129.869895,65,36.761971,65.0,70.01391051282357,22.18247881091011,21.995143064823992,-4.752955238819123,-21.329381752014157,-6.996873077015776,-13.705747924338485,-2.5366793637938234,0.48307397535943664,0.6279961679672676
104.179872,53,36.863658,53.0,59.90737811994434,16.048560555137055,17.515267453410182,-4.219395756721497,-18.607514953613276,-6.2822410684757894,-11.094043081386996,-2.0881391883943987,0.5296222418187957,0.5613995763279235
112.792957,64,36.978492,64.0,57.22243118854073,19.752112505315644,21.697460796676776,-4.809560427665711,-22.84505767226219,-8.255951654405404,-11.450982667651376,-2.517495201355909,0.4554046266997501,0.5829179221756802
120.821148,59,37.084222,59.0,78.91430919584477,18.424567137414375,19.77324038583328,-4.381422939300537,-19.998724234104152,-10.935733385594334,-17.59374522735657,-2.3813425284398564,0.5871686964244318,0.6928590617808295
118.825538,73,37.220143,73.0,49.23325691467657,23.771530177422072,25.131286576180162,-5.508014491796494,-24.97275697588921,-3.194492934577419,-15.545416507514814,-3.089855059202143,0.363473851607025,0.5306718233462565
84.879465,86,37.37865,86.0,3.4482567093483962,25.55798209362414,27.354583107226926,-6.0978204035758985,-31.002373784780517,-0.44470711082702247,-17.031096051811378,-2.905359453551386,0.13318595653257298,0.2290798452360255
103.290412,54,37.485204,54.0,60.0742721889726,17.66209602224901,18.312962613370715,-3.8452211976051327,-17.52668719291687,-8.929752162422258,-14.663452969971308,-1.7938050199335975,0.4487872329341282,0.4846902115688585
115.136453,60,37.599855,60.0,73.68091258222964,19.24388061424414,20.540949365879,-4.311119968891144,-21.633116751909263,-10.232397759997653,-20.011405380398067,-2.1412494257675765,0.5328508520531411,0.6394210224637693
115.756616,58,37.70404,58.0,70.97486643257079,18.180650726893166,19.203998900115995,-4.317322595119479,-20.265781950950622,-8.881765488551114,-15.36610627382475,-1.771923786119717,0.5309094053397949,0.615854910194162
107.477867,52,37.798038,52.0,66.15243790664258,16.357034782256193,17.751166022757932,-4.003174598217012,-19.44520574808121,-8.495198601846363,-11.144925276324646,-1.6942679097498565,0.519134155409412,0.5398995216257885
103.536944,50,38.002511,50.0,63.733958529474215,15.356804567660603,15.774418748828623,-3.452900619506836,-16.01008977293968,-8.501500024648575,-11.366539963665137,-1.9972073425406858,0.5722514314107011,0.5722514314107011
102.250303,51,38.091866,51.0,58.25677584166597,16.709585269202083,16.759639054767664,-3.6417593336105347,-16.921893334388727,-6.700246617245052,-11.500816412755919,-1.7109813982211488,0.5108462532509865,0.5210631783160062
95.679115,51,38.182489,51.0,52.5790889929939,15.965492287097955,16.610204187966307,-3.7503884744644163,-18.619788253307338,-6.869891989990937,-9.40131577396853,-1.834286297319914,0.3744317345732848,0.38192036926475054
118.160897,80,38.323774,80.0,40.68318738208692,26.45688578541714,27.702429107493213,-5.800089461803437,-27.23761025071145,-2.443693188332678,-18.284412054453757,-2.915800600602477,0.3450679227733009,0.5521086764372815
130.016882,63,38.437304,63.0,77.09087903996499,18.46595333939754,21.140933750462576,-4.663921742439271,-21.555813157558433,-8.489260252969112,-12.676528815667298,-2.2953601617263515,0.5122236969311696,0.6454018581332738
124.968055,62,38.549667,62.0,66.11657261402118,19.65364766376792,21.16781983290506,-4.5691591489315035,-19.476320791244508,-6.999952837539149,-10.26306123242531,-2.661490879533644,0.46624320639072026,0.5781415759244931
192.483866,107,38.743175,107.0,98.6476430492455,36.16068992129078,38.28800533042008,-7.909749798774718,-36.68285758495331,-10.944824777185518,-28.11817632742384,-3.9568635057631396,0.39370671380936745,0.8425323675520464
105.00251,59,38.851974,59.0,54.42708228713754,18.90591501981353,19.669645558896292,-4.617237780094146,-18.502241253852844,-6.617985014461382,-14.803390419343053,-2.459278880982643,0.42708338808368435,0.5039583979387475
106.014747,58,38.956306,58.0,64.90759717312645,17.674747136222077,18.732199172906764,-4.699628398418426,-24.01201531887054,-7.863306850045942,-14.592491553211365,-2.132354288221282,0.42013750033734687,0.48735950039132236
93.99398,50,39.04832,50.0,56.548129275058024,12.492384045686663,16.761704620269484,-3.748584851026535,-16.7819815158844,-7.549364920364415,-11.623413245424189,-2.1048934913413633,0.48614971431524695,0.48614971431524695
118.635814,59,39.154532,59.0,78.25635476602767,16.292502380126955,19.134730701275554,-4.443486371040344,-20.652986311912542,-8.863301151023483,-17.769725303102327,-2.3182751140946873,0.6126044178956478,0.7228732131168644
115.643367,57,39.256155,57.0,69.68409269098078,15.277271016398549,18.847522566588438,-4.110860126018523,-20.03637341260911,-9.934989962687212,-9.065488034214956,-2.0178073681396227,0.6167367772664162,0.7030799260837145
112.169937,58,39.359364,58.0,63.211416303873115,17.31147754106432,18.703161914394254,-4.253129858970643,-19.396784353256226,-5.718188939873108,-13.669575223001925,-2.018440516861057,0.49204281450338144,0.5707696648239224
117.122141,60,39.46668,60.0,68.90762381122934,17.4567630458742,19.646909932731123,-4.467839183807373,-19.110269445180894,-10.480968628864606,-12.587406531592087,-2.2426719652131735,0.4346784754168151,0.5216141705001781
124.05877,68,39.589502,68.0,65.52276342012243,21.80741676215618,23.272984300929338,-4.96777133345604,-24.179377198219303,-6.583054051276702,-16.408801190816792,-2.405391131497036,0.464487018890961,0.631702345691707
134.097215,68,39.710377,68.0,82.15419058360254,21.425196367206166,22.443770309214663,-5.110421631336213,-24.7597499370575,-9.80550857521119,-17.7592649345252,-2.49099686843134,0.5594515611444001,0.7608541231563842
114.393959,56,39.809613,56.0,67.33722391054442,16.253514314926086,18.8853659483654,-4.055378527641296,-17.35900396704674,-6.293016213592017,-14.53883134368253,-1.8359150296047837,0.5511430664274174,0.6172802343987075
117.417951,62,40.038445,62.0,67.3205787891451,20.128538741804416,19.6131721893367,-3.9188196086883544,-17.499181979894637,-10.228506987019955,-17.822682794706868,-2.1751472952760262,0.5191469314346342,0.6437421949789464
120.902601,61,40.144684,61.0,77.5426935297275,17.509531205077252,20.080628454331066,-4.585228974819184,-20.920416897535326,-11.414336012182819,-16.129700671383542,-2.180569439957848,0.6324225473389242,0.7715555077534875
134.105579,64,40.255486,64.0,72.06089370932294,20.572469135910705,19.882112370660728,-4.603539123535157,-21.546003079414366,-5.071212152826402,-8.599805111576357,-2.5893368398052683,0.48331049853763813,0.6186374381281768
125.673209,64,40.368984,64.0,70.50137587707411,21.007727220741792,21.26288938521903,-4.6220527410507195,-20.627815330028536,-7.714471521300834,-15.642619443478596,-2.4918246118812206,0.4868826111147162,0.6232097422268368
100.650612,47,40.452932,47.0,60.62641761148687,14.358860193156383,15.054955084886688,-3.2842395424842823,-13.570680379867557,-8.109728033693699,-9.769297545986769,-1.6556755784061394,0.6039871183684205,0.5677478912663153
107.662616,48,40.538836,48.0,68.89323350116942,15.978375026971774,15.004221817789478,-3.751632676124574,-16.866429793834694,-9.008675899233102,-8.806385293001304,-1.780090645417297,0.6012775929802715,0.5772264892610606
190.601787,96,40.709482,96.0,102.8383186193468,34.447437952198996,33.74761587563681,-7.322078354358675,-34.415620589256285,-11.449644965907657,-19.920987397410737,-3.32325385032323,0.46095788218601175,0.8850391337971425
108.519952,51,40.801187,51.0,60.863096380970134,18.461526829256584,16.756738623842306,-3.4783140850067142,-16.014553272724154,-6.375301960834241,-10.793931127949463,-1.8993097446325429,0.4109122329747308,0.4191304776342254
108.563997,73,40.935931,73.0,44.57694739451049,23.230630833198905,23.71729368711961,-5.276262130737303,-25.232633554935457,-3.5945993090100488,-19.241662481482685,-2.6157175305425144,0.3914988578259891,0.5715883324259441
109.115986,54,41.064459,54.0,64.17042946335293,15.8408208032634,16.95395862222031,-3.784720551967621,-16.92532148361206,-8.551655011506842,-10.807239970131345,-1.7802859860979081,0.3968788756248199,0.4286291856748055
112.129217,56,41.1761,56.0,74.71422486703523,17.24616374891091,18.230964587959438,-3.8868373727798455,-17.357669627666475,-9.085517267876558,-21.419294209727404,-2.312818155305976,0.5766980939811798,0.6459018652589215
117.69966,54,41.276237,54.0,71.97198951366889,16.669141888148946,18.550231282297556,-3.812063615322114,-18.037683707475658,-9.199689033772879,-10.439081651067397,-2.0031846920088734,0.582517977311552,0.6291194154964762
126.605288,67,41.400922,67.0,71.81593820246678,20.069764972414855,22.08893088318427,-5.159883313179016,-22.237383955717092,-6.445352419307761,-18.084619543215247,-2.4421069402255147,0.48126280557681794,0.6448921594729361
99.98863,54,41.501047,54.0,49.97118222209657,15.888622513846276,18.25968228978597,-3.7114067530632022,-16.79081507921219,-4.60866333733893,-11.036706666870732,-1.9832652809862057,0.43742070149652973,0.47241435761625217
152.503552,73,41.63444,73.0,90.60466888664834,24.03118505000475,24.615480067142634,-5.1316704404354105,-22.489571183919907,-11.494178349382215,-17.742836974611244,-2.8895248587381857,0.5294128944724041,0.7729428259297101
88.304373,76,41.773489,76.0,11.162266912100952,24.42540658616301,24.223248634225907,-5.652130265235902,-26.992953336238863,-0.2815934236408986,-11.854797444872176,-2.7250744323075295,-0.026238868194440317,-0.03988307965554928
124.11256,59,41.997762,59.0,74.71621270977707,18.810459346501116,19.626593274586593,-4.193731851577757,-18.5909792482853,-9.731899622579972,-13.159892450198083,-2.3642025731485297,0.5133363117190403,0.6057368478284675
120.068159,58,42.102634,58.0,69.14919333096772,18.092586034004963,20.069420752013116,-4.343152248859407,-18.969666922092433,-8.436367442053188,-10.972593090761963,-2.521261813027538,0.5133411628999425,0.5954757489639332
164.383244,87,42.261267,87.0,87.6982073051887,28.246407116525653,30.90251131756096,-6.501824679374694,-30.418263828754412,-10.374153966200764,-18.59374619791359,-3.575892740287868,0.46113898204500914,0.8023818287583159
91.927384,50,42.351171,50.0,47.97985088023883,15.651685635593822,16.02838475120118,-3.6676811075210587,-15.493749982118608,-4.329979848814222,-12.284373829472123,-1.9567529197370224,0.4189438322600339,0.4189438322600339
109.360993,52,42.444342,52.0,60.21582966882668,17.29136088701606,16.831893102993323,-3.56415420293808,-16.100809943675994,-5.9928447013217445,-9.597385591163109,-1.7228959952117375,0.5139708389969639,0.5345296725568425
105.612722,49,42.531778,49.0,59.56728159572025,17.123304878421102,16.100499799362765,-3.45153439283371,-16.27343645095825,-7.773836780010587,-7.105735161686147,-1.5738216837181964,0.5127752780819881,0.5025197725203483
123.457176,61,42.843853,61.0,82.96054149817816,18.164902934031154,19.79645192732291,-4.6150508618354795,-19.59174337983131,-12.171951884379558,-19.546451292060727,-2.5395230810848224,0.6063220889097368,0.7397129484698789
130.505396,59,42.95346,59.0,76.55904303997205,18.98962167840133,19.744960323450957,-3.948507604598998,-17.632264614105225,-9.841364234381118,-10.397566218590551,-1.9685260969673501,0.5872714278607951,0.6929802848757382
57.649261,111,43.146024,111.0,-43.74738856257817,36.47333847115458,39.36084796898879,-8.620895600318912,-36.184941732883445,-8.86587098785282,-27.227645497431563,-4.538182866999485,-0.15564924042677333,-0.34554131374743685
108.774372,51,43.234278,51.0,67.70457825558529,15.224536128573149,15.960883648313073,-3.705903484821321,-16.21185002326965,-9.33982546822155,-10.02435187435236,-1.8336949057314484,0.6187943197833707,0.6311702061790382
167.418079,79,43.375479,79.0,95.03036063473014,27.47802859851961,27.33690107324392,-5.64084849476814,-25.81143687963485,-10.171267074061149,-16.82329800813857,-2.98036036183686,0.4946824504810037,0.7815982717599859
124.044188,59,43.480238,59.0,73.57542269489795,20.24044098200574,20.00716984704406,-4.477426769733429,-19.720804393291473,-10.49581689631885,-11.810264443940014,-2.274532727164981,0.5359892630313549,0.6324673303769986
142.450805,67,43.598177,67.0,77.32041129268583,22.067403762472946,22.88316441698395,-4.33924400448799,-19.928847199678426,-9.54499048153501,-10.928262408815781,-2.0788306784500996,0.520490262872894,0.697456952249678
153.095956,71,43.724199,71.0,88.14063225593002,24.805766671299878,24.262896572181237,-5.09859030008316,-23.67377378940582,-10.385997596614217,-13.334614349441122,-2.620363293149172,0.5371320362053716,0.7627274914116278
126.335771,73,43.855015,73.0,60.06289245827756,21.57739224608873,24.437923356130696,-5.423671274185182,-25.82646510601044,-3.63151652963186,-15.0488696811775,-2.81191462651417,0.10093066308666472,0.14735876810653048
108.471513,49,43.942124,49.0,69.54832147576303,16.037934689306837,15.561512061107969,-3.3310219836235047,-15.288926517963406,-9.244774219446874,-12.031797453861259,-1.7797351760885547,0.6077939669877037,0.5956380876479497
115.10845,54,44.156884,54.0,71.74768335780809,15.911373780716863,18.329751646589852,-4.0929693865776064,-18.43493509292603,-9.411771813457165,-11.06613771856983,-1.8745452193692957,0.4515515617111888,0.487675686648084
112.711241,50,44.244595,50.0,72.42317209422852,16.67704180949944,16.316060594779007,-3.6244154262542723,-16.906155586242672,-9.424120850339035,-10.974350917954855,-1.7759906643418284,0.6409187994202639,0.6409187994202639
113.667885,53,44.336766,53.0,66.30999821616369,16.272287646641622,17.344464653159882,-3.7543185853958128,-17.133254718780517,-6.9891047250681835,-9.470733142183356,-1.9114546573932174,0.5721902178248056,0.606521630894294
173.752821,86,44.490119,86.0,93.80200446246857,29.97072268147769,28.646560504446626,-6.450709002017974,-30.57859069108963,-10.039968234753328,-14.41876660307228,-3.1784324902838126,0.4657397468864574,0.8010723646447068
133.914146,62,44.60199,62.0,78.7739745076495,20.268820376920438,21.239234914270156,-4.527814526557923,-21.071529668569557,-10.465025371417894,-10.135066895446947,-2.168447404545621,0.5449399526813197,0.6757255413248364
135.973444,59,44.707567,59.0,85.53640179233264,19.26085996682519,19.253568626897117,-4.008586158752442,-17.714817404747013,-10.52636649486934,-12.65068072711238,-2.1769357572460812,0.6003040223973498,0.7083587464288728
138.781276,64,44.823242,64.0,83.68447884874927,20.724379631053985,21.499964835651877,-4.584162361621857,-20.558305603265758,-10.149181870824634,-12.93588587729399,-2.900011166793964,0.5589227066947641,0.715421064569298
126.974487,60,44.929706,60.0,73.73498573548127,20.75725334889448,19.893805530388214,-4.67321647644043,-19.433466917276395,-9.824505021795597,-11.330645874624704,-2.1497232432126374,0.5266403630099125,0.6319684356118949
129.64171,56,45.03382,56.0,79.04593749166028,17.666339755390567,17.82204684443966,-3.6334270477294917,-16.90810507535934,-8.986349593904253,-9.543943141395825,-1.8207888806073096,0.641983847781701,0.7190219095155053
138.534311,64,45.153536,64.0,83.80768180400429,18.79057010005624,21.517245476005904,-4.660568251609802,-21.447709894180292,-10.021288063207512,-10.844035150226421,-2.607584899804515,0.5721084238270204,0.7322987824985862
111.002275,51,45.249075,51.0,70.94344834989278,15.988776648800991,15.820013144081818,-3.785472583770752,-16.48596979379654,-8.668735878811415,-11.463141905013067,-2.346642637277873,0.613855623193476,0.6261327356573455
101.944846,51,45.34141,51.0,58.554670510283266,15.966094957237138,16.904737181111848,-3.8423293781280536,-17.92683477401733,-7.320749556819947,-9.404757208995177,-1.9859860848193749,0.4627070699195503,0.47196121131794133
126.53474,60,45.449461,60.0,67.7738550927861,18.896300262191946,20.333542467216578,-4.224951248168946,-19.346390438079837,-5.428100527451583,-9.63978749984765,-1.8297276472670267,0.5236564955058245,0.6283877946069893
124.467423,59,45.557475,59.0,80.14652759049659,18.651932342867582,19.467860289375146,-4.305151634216307,-21.00523842573166,-11.070551532696696,-14.286143751411998,-2.131812147127339,0.6201096939455469,0.7317294388557454
134.206152,58,45.66687,58.0,92.07434764528459,19.47521275013415,18.801730085569073,-4.2785695242881765,-18.83989622592926,-14.161666485070699,-14.58352335434929,-2.2814830184092427,0.7283661463401053,0.8449047297545221
120.481261,51,45.762483,51.0,84.49977364795001,15.782257625536475,17.0550294623028,-3.4686976933479303,-14.842448627948764,-12.257963264089526,-15.430509725367536,-1.8561801968057237,0.7614564464557204,0.7766855753848348
122.425087,58,45.876838,58.0,71.56607069805044,20.32353662502211,19.940864010621866,-4.155085179805757,-19.365666246414186,-8.608629704703034,-13.404656296107735,-1.8713469024627545,0.5243259188610039,0.6082180658787645
115.957924,55,45.976047,55.0,71.07766217767193,16.27695594509676,17.975173696479626,-3.8331631183624264,-18.806582838296897,-8.93592153348766,-10.750101125654464,-2.0460988105270337,0.5469425728126011,0.6016368300938612
117.617219,54,46.187755,54.0,73.40648370277273,17.158448210536157,17.518215017278898,-3.87867995262146,-17.378591990470888,-10.438498923501426,-10.782932677826931,-1.987224469394891,0.6302921905190723,0.6807155657605981
151.470246,73,46.322437,73.0,82.5718282210713,25.800047026956705,24.62713564995311,-5.563982923030853,-25.905962622165678,-8.528594882219819,-11.88731697258201,-2.6429072339438098,0.540291168428294,0.7888251059053093
122.218421,55,46.426415,55.0,77.08928136902921,17.578259151504156,17.128339914808816,-3.888515882492066,-17.7908530831337,-11.000908145504296,-9.952079899501223,-1.9451019261046316,0.6296097116644739,0.6925706828309213
30.882718,69,46.552475,69.0,-30.499273912971173,19.046765753385856,22.18282928034564,-4.970507307052614,-20.867452216148376,-3.895335546191187,-16.799085399966398,-2.3152230180100863,-0.22247073095520012,-0.3070096087181762
144.777864,67,46.67171,67.0,85.29899954448821,21.991590760854752,22.679228761389467,-4.7788371872901925,-23.011272299289697,-9.767502651238402,-12.320768323013047,-2.3135743827995965,0.5547279127650586,0.7433354031051785
118.789288,55,46.771918,55.0,79.75011783427573,16.557949374459405,17.559377414255295,-3.9023662948608395,-18.145399284362796,-12.42966400478989,-13.590117205901551,-2.010609366150948,0.6046436196885111,0.6651079816573623
120.498367,58,46.875112,58.0,78.1074863355937,18.809396898267735,19.10145531987592,-4.3225674009323125,-20.114245498180388,-10.961807902419794,-16.132691406234333,-1.9886594360760148,0.6011781666766354,0.697366673344897
133.996555,66,46.991564,66.0,76.92576316299926,19.277557801679947,20.886751404160595,-4.439315603375435,-21.844474512338643,-9.483695059587596,-10.834447788208363,-2.4915839220350344,0.5107777714253432,0.674226658281453
114.39442,57,47.094016,57.0,64.36298318273802,17.59240050072242,18.49684907747788,-4.203498086929319,-19.338387823104853,-8.924087791666837,-8.490114177787591,-2.101724401685621,0.5545949200640294,0.6322382088729936
159.705166,79,47.235761,79.0,84.26780878976379,24.818173746829665,27.55999645139255,-5.6754630827903725,-24.84540924429893,-7.1273424342179785,-15.5189467060674,-2.773651561623475,0.5149374625523394,0.8136011908326962
133.679926,63,47.34717,63.0,72.34812669956898,20.713734612420318,21.615411087144242,-4.241344347000122,-18.516524189710616,-8.657823299981953,-10.350348648882877,-2.231306369957348,0.47872229562218443,0.6031900924839524
138.967181,66,47.472241,66.0,78.59066041890934,22.102222418340567,20.84369429975805,-4.956586384773254,-22.482270884513863,-7.66254093936439,-11.013220020821556,-2.4547783406136676,0.4045792607274102,0.5340446241601815
152.199463,76,47.613281,76.0,88.8522884241548,23.902801010411217,25.7369316823843,-5.482908217906952,-25.98235303163528,-10.392823223631991,-17.720725465827194,-2.713748535352348,0.5297966701831264,0.8052909386783521
126.910756,63,47.728226,63.0,72.81605338472068,20.05457206566328,20.26897423572947,-4.508126449584962,-20.340190505981443,-7.641012509110397,-14.304552025939692,-2.434961721714012,0.5527618566690904,0.6964799394030539
150.334394,69,47.856847,69.0,74.97073480759269,23.209352954016115,23.323472406078945,-5.109696700572967,-22.027896928787243,-4.72762362725165,-5.776296226433076,-2.5276528996828502,0.48735040739955277,0.6725435622113829
128.194343,58,48.078961,58.0,78.42415870879124,18.40140678874357,17.870763634111356,-4.165119671821595,-19.140266740322108,-8.701400067291464,-10.555722921802264,-1.9394769990253375,0.6005625466688328,0.696652554135846
138.212734,59,48.186863,59.0,86.53713298975862,21.176532394759313,19.09016026427841,-4.280349638462068,-19.461455202102663,-11.274038440943576,-10.384789224130222,-2.1904592379260093,0.6258515150599554,0.7385047877707474
161.035729,112,48.392685,112.0,41.47383676059644,37.66321037187004,38.98973259894849,-8.015214202404023,-34.363721400499344,-1.5781901086628343,-20.975769325365047,-4.158155790980087,0.17949367868168398,0.4020658402469721
112.205732,53,48.492137,53.0,70.17001620967517,17.612146140942976,17.4551453859519,-3.749210566282273,-16.896304214000704,-10.191085665112473,-13.094465266674439,-2.100510452695072,0.4401036074134113,0.46650982385821604
126.884846,59,48.603683,59.0,68.6964068502744,20.228064582989262,19.448039382823765,-4.344863045215605,-21.30668413639069,-6.699576087519347,-6.216197863192315,-1.920343622458836,0.40576165830593947,0.47879875680100853
126.718296,57,48.712307,57.0,81.2111208010822,18.75668391386119,17.772364273746316,-4.141134476661682,-20.290581703186028,-9.537065462272084,-12.141359421901834,-1.9117315991989674,0.6276166725692377,0.7154830067289311
143.043064,70,48.841984,70.0,75.6467678019238,22.79914900711731,23.400874978943683,-4.693058292865752,-21.123989289999006,-10.211866942946955,-10.365225334797138,-2.4095877008404365,0.4675737424829492,0.654603239476129
157.23789,79,48.987209,79.0,88.21864874937145,26.779276104439337,26.104945907947954,-5.9983083176612855,-26.960876393318184,-11.72827639912652,-15.424229030633267,-2.75329061428293,0.4166942499133383,0.6583769148630746
101.7902,47,49.071199,47.0,66.27931650433385,15.185118886405746,15.412062211908117,-3.4494087672233595,-15.713146340847018,-9.478458955492952,-11.650423124015575,-1.7948607839983168,0.5603416342244455,0.5267211361709788
161.61275,78,49.214238,78.0,92.8609833299758,25.31455480457778,26.494670044805467,-5.842380024194715,-26.382709598541254,-10.024813749975275,-15.72191421869138,-3.085640866546522,0.5090007131944518,0.794041112583345
134.417944,60,49.322287,60.0,79.91166301819283,18.15908248663279,19.7539461109245,-4.244613192081452,-20.007724732160575,-8.062343666711723,-9.000993488838228,-2.0910721085835258,0.6442480021438153,0.7730976025725783
134.805993,77,49.462102,77.0,56.10528645265101,23.614033637208863,26.362258145344548,-5.664468016624451,-26.21074746847152,-3.1567991898891083,-10.772792604411668,-2.4707777257642323,0.3500321215380503,0.5390494671685975
103.405733,50,49.553666,50.0,57.930169963936,15.713659133969577,16.744272431684475,-3.701587094068527,-17.56675753593445,-7.145401415455964,-6.837764933076201,-1.730857480919668,0.5100996819173503,0.5100996819173503
92.080423,93,49.729525,93.0,-3.3851176512155132,30.832744028996913,31.119097400814624,-7.320013477802279,-31.18645134568215,-1.2932739016154051,-16.351986106436193,-3.334575488826132,0.10936071286354143,0.20341092592618706
135.644262,59,49.837234,59.0,89.65996060060071,19.6633238954301,19.350725522169988,-4.608054881095886,-19.962033593654635,-13.387362236073537,-11.552281095652635,-2.520015836783852,0.707406803337348,0.8347400279380706
145.540321,73,50.094917,73.0,81.37992937167552,24.792709173683985,25.028966785561547,-5.7451708722114585,-25.043945193290718,-10.357577932643665,-14.784939229619978,-2.7296510425474634,0.3614355566588805,0.5276959127219655
180.662868,78,50.237261,78.0,104.56620464183261,28.628780125650827,26.864280847729837,-5.560182814598082,-24.70784076452256,-10.525012177463605,-13.819729563069394,-2.7836325904712993,0.5587507466852072,0.8716511648289232
157.689253,70,50.364444,70.0,88.8983443328332,24.016901540707458,23.48484374103503,-4.7427553057670595,-21.488996320962908,-11.48961074322269,-8.64825859482924,-2.341216100878386,0.4237132348979314,0.593198528857104
162.476717,68,50.489048,68.0,101.46193997813808,23.895114526711993,23.17117287744832,-4.879993062019347,-23.675535416603076,-13.212708194431102,-10.063629378140696,-2.21964463800449,0.6634857930998078,0.9023406786157387
118.958333,59,50.596186,59.0,72.39485859544865,19.66030204111154,19.548307417038,-4.380758025646211,-20.29992761611938,-8.137481228602173,-16.58446997030361,-2.2424978394173896,0.5565942009477106,0.6567811571182985
145.154295,67,50.723619,67.0,78.7401395884922,22.608668441727204,21.714975424745806,-4.922847917079928,-23.288598191738135,-6.254304417675475,-8.129498185857623,-2.3142398551713224,0.49426107895658766,0.6623098458018275
112.882313,60,50.885573,60.0,64.62233048386707,16.90765825093293,19.85756283458653,-4.307695435285568,-19.396477049589166,-5.937880932496565,-16.294277756291475,-2.5689072918164304,0.5267754938640618,0.6321305926368741
154.647002,73,51.030487,73.0,95.22709922301463,23.50626742157948,24.03551273431098,-5.420015795230867,-23.889312839508055,-13.098653097633754,-16.02433686258599,-2.6895590031574184,0.5155600352987264,0.7527176515361405
165.4746,75,51.168281,75.0,93.17085870092662,26.094477031916224,25.30169461544524,-5.183865196704866,-23.794310438632962,-10.121596253985578,-12.127362037101026,-2.865296405594621,0.4888320207145203,0.7332480310717805
121.670954,56,51.274379,56.0,68.73468625689392,18.013373467994978,17.535843502241725,-4.12285535812378,-17.996482294797897,-6.484281388231563,-7.7896194415822935,-2.2197105725108193,0.6176612932963849,0.6917806484919511
157.007683,67,51.394108,67.0,91.95425489350734,24.32160122020986,22.680833573866263,-5.066343376636505,-21.234125459194185,-10.684992240410283,-9.675795807633696,-2.287749856006636,0.6396543048418171,0.8571367684880349
127.263447,56,51.498888,56.0,76.42042253029722,18.214925757305217,18.07977010688193,-4.095001859664917,-17.3762683749199,-9.469686845951726,-8.758765396904973,-1.7519485517848998,0.6042947260155019,0.6768100931373623
156.663904,76,51.640482,76.0,83.9869880276944,26.289953034127034,25.571322013201275,-5.730803120136261,-26.612398090958596,-9.430192685249018,-10.484466486118016,-2.9264985115511704,0.42904967401708627,0.6521555045059712
131.124594,63,51.75427,63.0,82.32185543491926,21.338363423307577,20.234291348379355,-4.593751363754272,-20.35340393185616,-11.526601638167522,-16.899687287115956,-2.396472223006663,0.5002446173668401,0.6303082178822186
138.720055,61,51.876649,61.0,84.75933887993635,19.846044302918546,20.302602496926053,-4.258790128231047,-20.00842344760895,-11.37877680791319,-9.566469304355792,-1.9754710579671737,0.5936662058295195,0.7242727711120137
142.681387,68,52.008571,68.0,78.457956947838,23.391980552420726,23.480965036756867,-5.10272120475769,-22.927571547031402,-9.949838247432998,-10.11572475759653,-2.5536596334208177,0.4471568861423592,0.6081333651536086
148.302832,65,52.265496,65.0,91.33699035480474,22.842549088175417,21.159592724748205,-4.536587038040162,-21.14963079690934,-12.07096683699079,-12.050322884958206,-2.228792346713989,0.6316844364008469,0.821189767321101
148.761915,66,52.38984,66.0,93.12773019148116,22.524087359066435,22.404187249214477,-5.062140746116637,-22.95312597751618,-10.690775414756214,-14.399027729309516,-2.18901981350654,0.5866846319044429,0.7744237141138646
155.018531,66,52.519062,66.0,95.08955602895776,21.784875910547218,22.706527346660874,-4.698579857349395,-20.48175894021988,-12.341583805727574,-10.772184129084794,-2.268321167655185,0.6207707382503637,0.81941737449048
153.980722,73,52.662279,73.0,82.5527106814958,26.354800180459996,25.318088490116093,-5.235728971958161,-24.7437863945961,-8.427880397284982,-12.219127706444077,-2.6183536419689215,0.48906925393290807,0.7140411107420458
140.172125,72,52.79909,72.0,60.604435850315184,24.82843137689951,24.386083702637805,-5.013813148736952,-22.702217137813566,-2.9936095764602335,-8.205518095290666,-2.7316678571407618,0.35014224209365685,0.5042048286148658
112.51054,62,52.912668,62.0,50.40289951230206,19.76518253156049,20.584817008311504,-4.567546579837799,-20.486394214630128,-2.7868795942190654,-9.753258434134493,-2.6482806413747606,0.5415609766899794,0.6715356110955744
28.505592,64,53.029536,64.0,-30.124042523185768,18.410488082703747,20.468628796346014,-4.8008134222030625,-20.193657732009893,-4.528297909622939,-12.626865891544664,-2.0998474521859616,0.03758140521781705,0.048104198678805825
122.288982,82,53.190411,82.0,29.924528532410594,26.644071272433777,27.31840862348852,-5.487669903039932,-25.3427041888237,-0.5721416574232174,-9.718794917968408,-2.476715313875276,0.22654084709576502,0.3715269892370547
152.207031,69,53.326993,69.0,80.97786349994125,23.90818823789797,23.640517218774747,-4.766651759147644,-21.090040206909183,-8.23372799431315,-8.75263358790031,-2.476484660715087,0.5155986075617139,0.7115260784351654
144.778596,64,53.480722,64.0,84.24930476811292,22.77556057807509,22.176135483856175,-4.649235355854034,-21.522238719463346,-9.522409895658217,-10.398486959854619,-2.3300335223500483,0.49354682664672417,0.6317399381078069
146.178647,67,53.695784,67.0,87.2242220713679,23.847401008298583,21.82470344582852,-5.043757312297822,-23.290112590789796,-8.127337614514605,-14.861714335273229,-2.39475750982817,0.5717164328484454,0.7661000200169169
152.891683,69,54.003047,69.0,87.1356439704823,24.98507995814061,23.129934501948366,-5.080021829605101,-22.219432032108312,-11.609486876456062,-9.809460227029549,-2.640574106513664,0.541818837337959,0.7477099955263835
112.889547,48,54.202922,48.0,73.24561451984371,15.339726442807414,15.717192450227872,-3.6010428023338323,-15.241592133045193,-8.694919777684516,-10.20624985938786,-1.6691813505984872,0.6523839933547294,0.6262886336205402
136.589515,63,54.455125,63.0,80.05702110933522,19.73571311409924,21.437630143316955,-4.820258836746216,-20.462402784824363,-8.943117420950461,-11.337332373931108,-2.077737566300134,0.5464926425381588,0.68858072959808
147.090803,70,54.735883,70.0,85.18361326378654,23.1841117669707,23.083605523389032,-5.164340212345122,-23.37442221641541,-12.455547830314918,-10.94293069651456,-2.4232863501117827,0.48788753815262254,0.6830425534136716
155.205275,76,55.164842,76.0,83.30543868749322,26.997208149292074,26.6154236571785,-5.483603851795197,-25.150958228111286,-9.858420674556799,-14.599877338915123,-2.619935679333119,0.4605053574643041,0.6999681433457422
121.026109,54,55.274634,54.0,75.03202750041427,18.04209065188285,16.89199674041294,-4.1933190584182745,-18.009555709362026,-10.546877278039767,-8.471011039083672,-1.719243202082861,0.578934696821785,0.6252494725675278
126.361207,61,55.389783,61.0,69.75676451798809,19.40953445307313,20.656913563695742,-4.619404804706573,-20.296987152099618,-6.580527729299068,-10.421292094591097,-2.5437932586227983,0.5681723642405856,0.6931702843735145
144.864974,65,55.51358,65.0,78.8964659166798,22.986965038115194,22.170999956988027,-4.510948805809021,-19.632345855236053,-9.701920126031867,-8.173551404244494,-2.1706907718476818,0.5221886347668213,0.6788452251968677
153.60222,70,55.647985,70.0,85.23886239359321,24.741990972960203,24.03203971922245,-4.845577275753023,-20.714474552869792,-9.853478395574333,-12.436363888562717,-2.5607793520567412,0.5033883342060493,0.7047436678884691
125.052562,58,55.759218,58.0,76.31329612920311,18.896916855137007,18.803759797320513,-4.453124170303344,-20.0482836484909,-10.047803838661403,-9.976301268597666,-2.43589775024152,0.5083897615547401,0.5897321234034986
144.602437,69,55.890249,69.0,88.76084910915932,22.393981960898227,23.9501501229486,-4.841298434734343,-21.511785614490506,-12.044550632482933,-18.5595540752688,-2.5453559080790065,0.5537208972511967,0.7641348382066514
164.889163,78,56.044879,78.0,91.85663506425088,27.344444865417344,27.086239380061397,-5.592803347110746,-24.687515890598288,-12.480206118298865,-14.013750208855521,-2.623880822760045,0.46486729382846986,0.725192978372413
127.406281,63,56.167596,63.0,68.4450067386002,19.913978576975392,21.214513696731284,-4.688582358360292,-19.83961799144745,-7.05908098545949,-10.967160090432001,-2.612776324460322,0.4658499682961677,0.5869709600531713
194.754296,89,56.333335,89.0,103.52446088873666,31.790329612428508,32.0706399935415,-6.009575664997102,-26.717326551675793,-11.511565983017206,-14.036508936973554,-3.3561574645000514,0.4319783617691132,0.7689214839490215
137.520067,63,56.449339,63.0,80.17152567818803,21.413128303867467,20.90754373358444,-4.584155957698822,-20.664455825090414,-9.82850011203874,-11.023541516710191,-1.871477720089393,0.5352090233636003,0.6743633694381365
129.687394,59,56.558628,59.0,74.05342241005779,19.093439680443776,19.11692682289234,-4.240087103843688,-18.54789375066758,-6.910331668691891,-9.864564067317929,-2.0135178646245047,0.5953396016468577,0.702500729943292
118.557171,54,56.658328,54.0,74.2446860491514,18.158588285029182,17.114816275550833,-3.7289228630065923,-16.709196233749385,-10.343540507059323,-12.331133457487521,-1.8481261132233011,0.5704196562959655,0.6160532287996427
127.456596,58,56.766946,58.0,78.44294939654475,17.324015562733265,18.9101737588165,-4.358156385421753,-19.168812143802644,-10.103569974356072,-9.52891531928031,-2.061088609655588,0.6029402892417882,0.6994107355204743
130.86659,66,56.884686,66.0,70.80508115849088,21.451188596569597,22.0412853017183,-4.896430876255035,-20.852823138236996,-8.852966713422987,-12.08108667221449,-2.7476576744781416,0.39401745508963704,0.5201030407183209
117.00484,54,56.97984,54.0,62.17886347819677,17.68037908999165,17.718128336371464,-3.8392214345932003,-15.620881682634352,-5.036799775384239,-7.951428716718655,-2.1241990310401158,0.4323519300421066,0.46694008444547513
154.279485,69,57.21329,69.0,92.52313392932554,24.0326707711439,22.26742218461516,-4.95168702363968,-21.254233777523048,-12.090556110888716,-12.721944555012989,-2.5253208011500745,0.5900621273473531,0.8142857357393474
125.095004,59,57.317728,59.0,71.66966785230755,20.467475310412247,19.46774793886551,-4.378937947750092,-19.284443363547332,-8.14026480762156,-11.128498577457812,-2.577742145413674,0.49386464774528493,0.5827602843394362
128.486047,57,57.422436,57.0,74.4469750852559,18.289348609056052,18.617548310932992,-4.093863310813904,-17.162309908866884,-8.905892984867002,-7.533683457142059,-2.1720757662037427,0.5517232446556011,0.6289644989073853
157.871316,76,57.559902,76.0,84.02532978115157,25.601968396011152,26.589771481775088,-5.711145262718201,-24.62594584822655,-12.64894830095449,-8.521616459926461,-2.8380981977451136,0.3110200346535963,0.4727504526734663
127.082281,61,57.667827,61.0,65.9068211570183,20.438059110582135,20.649909744615933,-4.245225454568862,-19.279141181707384,-7.596453678767603,-7.714852220788931,-2.07683634619146,0.3481680639974691,0.42476503807691224
125.684941,57,57.768728,57.0,74.98256372137811,19.736072193168958,17.840026716848904,-4.086388432979584,-17.01241679191589,-9.35631707262549,-11.43656204028781,-1.9820377088196548,0.5568814770538918,0.6348448838414367
147.390623,63,57.882045,63.0,99.02919959290435,21.48912156526495,21.139534037535572,-4.752642028331756,-22.43785729408264,-13.395568553718448,-14.514635608703193,-2.166528395415139,0.6759252474326933,0.8516658117651936
114.079837,52,57.976254,52.0,63.462350598430625,16.543654796864406,16.962586586649902,-3.9246156787872306,-17.554061388969416,-5.659283292316858,-5.63254203626942,-2.118252968382502,0.5188292584956145,0.539582428835439
140.07731,62,58.086016,62.0,87.44525015052717,20.968744871294565,21.1327246906004,-4.735564525127411,-19.921254146099088,-9.982569699816992,-14.388438560960486,-2.4415826106554857,0.5803973884883956,0.7196927617256106
131.916172,58,58.187093,58.0,77.61490006915609,18.52950213672588,19.10024794950939,-4.041330370903015,-16.400131189823146,-10.776104230239746,-8.370061408765537,-1.7408505358800404,0.5478636933248107,0.6355218842567804
146.846187,67,58.307123,67.0,82.822593735568,22.576907103930974,22.62310693704686,-4.80215799331665,-22.354261535406106,-8.283525511026943,-10.326170408297191,-2.410305576621614,0.5735724026602221,0.7685870195646977
138.656567,64,58.424868,64.0,77.18697726633653,22.651230615434798,21.26587872920966,-4.6671613860130305,-21.128759312629704,-8.935171940188573,-9.317672910319502,-2.398754111293247,0.49598882776436504,0.6348656995383872
141.159482,68,58.552788,68.0,84.04173731768054,21.241409368730704,22.646631052204913,-4.793198461532593,-21.281225383281708,-11.928767864312931,-14.47626569543868,-2.290838106929723,0.5556580934350374,0.7556950070716508
122.791994,58,58.661885,58.0,73.13228503396995,19.727933155815926,19.66493515383312,-4.42700720310211,-19.7332879781723,-8.256135489073664,-13.297767736397772,-2.0189609610175423,0.5571936963786739,0.6463446877992617
144.357395,64,58.778818,64.0,89.02266559752292,21.237205786301875,21.284600293230046,-4.40266143798828,-19.486164355278003,-12.814927571331909,-11.957416580830374,-2.5259067440340153,0.5826356783597727,0.7457736683005091
125.871889,60,58.891843,60.0,74.96922924468103,19.181741022929025,19.66358371733457,-4.296725697517395,-19.8020681142807,-11.037476421395802,-10.553431081778829,-2.2529637346193447,0.5275509241822631,0.6330611090187157
163.63367,73,59.146083,73.0,97.016902544974,25.63410780037416,23.92563278831864,-5.260972527265551,-22.203498828411096,-12.688704289422123,-13.116286560615029,-2.6735105014463794,0.5963727835970405,0.8707042640516791
143.252938,65,59.267785,65.0,83.48576678074375,22.383163189613065,22.16539839934257,-4.480088417530061,-20.04917577505112,-10.242110188142895,-12.753047174628021,-2.2569688658819542,0.534250800440525,0.6945260405726825
155.259837,69,59.394265,69.0,98.35822115709298,24.388875716158253,22.771005789025768,-4.973762216567993,-23.143114352226256,-13.15472350394029,-15.749814029830521,-2.2368513944457766,0.48927459734920653,0.6751989443419051
160.922995,70,59.523039,70.0,92.00762716622276,25.45577430846207,24.444812542633525,-5.104058151245118,-22.590074110031125,-11.817618440602113,-9.275794862424837,-2.1976738251679544,0.5797354455758565,0.8116296238061992
146.038866,61,59.633352,61.0,86.17396935192217,21.417245587822,20.32063973300767,-4.317682054042814,-17.839307522773748,-8.881109083827916,-9.394355080877173,-2.4405350112698834,0.5730318474005067,0.6990988538286181
135.165494,60,59.741785,60.0,79.68043862530385,20.46638194042133,20.39503884902867,-4.225169069766998,-18.566036438941957,-10.54661379824418,-10.106906663069914,-1.9316394243733535,0.5761006668571292,0.691320800228555
149.639214,72,59.878341,72.0,84.79401831645184,24.311629445591112,22.974619881961786,-5.1731710290908826,-24.413691866397865,-9.1613310277622,-13.040648619525697,-2.652210842179191,0.46203402122999476,0.6653289905711924
158.6988,71,60.004561,71.0,88.0289527924874,24.449806083725587,23.810788072287632,-4.8587430405616745,-21.196346646547312,-11.513620693644105,-8.024274929415304,-2.9977612366447026,0.5576898073297488,0.7919195264082433
243.930635,117,60.216226,117.0,122.59101587731574,42.52496091452274,42.07563075148821,-8.409135298728945,-37.69992744326591,-11.56113450083302,-18.340874643867856,-4.249900603271649,0.4424869280753,1.0354194116962019
164.97521,75,60.351715,75.0,98.49447515505733,25.428318898052474,25.861888012651587,-5.408568489551543,-24.230069065093996,-12.313601033299905,-14.428306588953447,-3.428927232627324,0.5323081044757437,0.7984621567136155
119.72315,52,60.452154,52.0,75.17651117934969,17.279500924804857,16.410727706307366,-3.74483866930008,-17.20182042121887,-9.964619700392088,-8.353689845709125,-1.8786210775975705,0.6256271834457356,0.6506522707835651
147.848102,66,60.576512,66.0,85.48924987302684,23.09944480870256,22.092355716719958,-4.623303213119508,-21.05970063209533,-10.312353802233932,-10.587782054319057,-2.249808836891154,0.5377040000836214,0.7097692801103803
13.33153,77,60.721561,77.0,-55.283673503517356,24.642689104043495,26.193357362368126,-6.310416066646575,-24.478416764736178,-8.392520570104422,-16.922135187956123,-3.11735480374273,-0.29855134953110257,-0.459769078277898
137.979497,69,60.85299,69.0,81.46285460177805,21.890400602977916,22.02618084703002,-5.347568261623382,-22.959663283824916,-7.748486319766332,-17.602102243898578,-2.742119373803248,0.5616778239311678,0.7751153970250116
139.176058,63,60.9722,63.0,75.76470567332989,21.191001186413928,20.992304460825732,-4.648150672912599,-19.39124042391777,-6.7778401378281945,-8.787831164189239,-2.166891354776806,0.5062894909514147,0.6379247585987826
136.396809,59,61.20277,59.0,85.33128681243772,20.68077773896419,19.186853817043595,-4.528693339824677,-19.37541364431381,-10.99414896911033,-10.896165689163897,-2.00768762314321,0.6349032397050562,0.7491858228519663
163.962416,75,61.344393,75.0,91.72393303070287,26.046422271809487,25.744356355415867,-4.995854508876799,-22.895660233497615,-10.933313746280037,-13.219235338034458,-2.508231685801175,0.5184288814811906,0.7776433222217859
153.038471,72,61.480468,72.0,91.02296516887417,23.897479270113966,24.677189950070506,-5.418050343990329,-25.048633968830114,-12.615013104824703,-12.945302552340689,-2.5321637555436407,0.5747470628552686,0.8276357705115867
124.698627,57,61.589989,57.0,75.23351390272518,18.42241287717329,17.385055971516408,-4.100855216979981,-18.22221282720565,-10.044069815101528,-9.02656456800731,-1.9486533066545306,0.5772090190506253,0.6580182817177129
157.534568,77,61.736551,77.0,86.63800580519575,24.148956918695248,26.365679044606935,-5.5352535831928265,-23.84763928055764,-12.700023533151239,-12.065324005541736,-2.46983352362865,0.44845380411557506,0.6906188583379856
205.528829,94,61.910497,94.0,108.21422188482694,32.48234134554223,32.92473292942302,-6.82909682035446,-29.878581458330157,-9.374910085471566,-12.044709104598477,-3.965169496973095,0.0857878130525441,0.16128108853878292
134.0923,62,62.02458,62.0,79.73811279410718,20.07589541247268,20.853126445083902,-4.445838692188263,-20.50812517404556,-10.203874721825006,-11.148949697144914,-2.268046405211237,0.5021249367963232,0.6226349216274407
144.814921,65,62.143382,65.0,80.94240777662648,22.01059614412998,21.94837219183051,-4.589330990314484,-19.74675897359848,-10.576070270513963,-7.91068383030229,-2.2636107936314693,0.5422064284021852,0.7048683569228409
146.501862,65,62.262005,65.0,78.40662547845602,21.756701749785837,22.613064460781494,-4.498860688209533,-19.75483340024949,-6.431914764720589,-8.212946257542288,-2.375975016001945,0.4878635053628061,0.634222556971648
240.031294,112,62.467325,112.0,122.0875458442351,40.78057673362894,39.965195992042005,-7.966622838973997,-36.270335632562634,-12.556607098075485,-13.704670526746384,-4.303788551811194,0.4449042953675723,0.9965856216233621
134.849399,66,62.58823,66.0,68.68799067224799,20.877725307418757,20.349358116205487,-4.794765731096268,-19.874711513519284,-5.23240263176135,-8.820401863654148,-2.343393088859863,0.5402575537290627,0.7131399709223628
120.200716,79,62.732522,79.0,38.96665796584682,24.01708587491138,24.84519886883636,-5.989301936626432,-26.984020626544943,-0.890271843074896,-9.862229753409505,-2.9024030041991558,0.39667132253326476,0.6267406896025584
135.542235,62,62.848009,62.0,75.66628221543911,21.318034708852583,20.535145544173325,-4.608133809566498,-19.89602203369141,-7.527972186064574,-10.126233757993285,-1.818865768264256,0.530301935696155,0.6575744002632322
121.191422,54,62.946007,54.0,76.15046462614492,18.265968072767944,16.68929968052523,-3.9490033817291255,-18.681696891784668,-11.019988116710099,-8.391181388207693,-1.8724405840533234,0.6616439325304625,0.7145754471328996
188.66103,93,63.236458,93.0,95.32750525864212,29.97138717787773,32.4553058743754,-6.550222694873812,-30.089849561452862,-9.494085949919304,-12.443765904121932,-3.5152445361786278,0.45451521119102695,0.8453982928153102
138.423692,60,63.347427,60.0,83.17016189618585,21.467170682131457,19.95869053929324,-4.588848185539248,-19.022238254547116,-10.88046261062952,-9.394117229222006,-2.2866651454807574,0.5339751789685135,0.6407702147622162
186.890156,88,63.512018,88.0,101.32069484918094,31.241886420270717,30.949633039124873,-6.371769411563873,-28.083513319492337,-12.46003706326577,-14.46221446428523,-3.2445243574096856,0.41445736510539827,0.729444962585501
162.726641,68,63.638186,68.0,104.06736838997581,22.414856480673887,22.610599923550133,-4.8838227570056905,-21.38379151225091,-13.468283950331983,-12.449622247371298,-2.180663558997416,0.5866797911327711,0.7978845159405689
165.869691,76,63.784881,76.0,95.71689232404626,24.894422921229598,26.364649812571493,-5.612017240524291,-23.291973060369497,-12.299565052646434,-12.94486336148372,-2.9578551631137873,0.4804353349212044,0.7302617090802307
311.348606,162,64.093348,162.0,137.696837438057,59.035365636600986,57.40138772155899,-11.644284700155259,-49.32003979086875,-8.10232275672366,-29.606012749893566,-6.11232430858526,0.30757943201249577,0.9965573597204863
127.164109,62,64.211327,62.0,74.52453646042403,19.384771348314835,20.05105118686396,-4.345011675357817,-21.261829757690432,-9.182347668464867,-12.026918212685116,-1.9801423082468228,0.520021871471318,0.6448271206244343
173.419189,80,64.357835,80.0,92.10909148398834,26.931216617635677,27.956960184364846,-5.709096953868866,-25.153747022151943,-9.237347258623645,-10.796545664457888,-2.6813422875000352,0.5332165197234685,0.8531464315575497
171.781892,76,64.502541,76.0,97.31189513273475,25.511070796791206,26.20946442947234,-5.445140433311462,-24.765800499916075,-11.008727125007578,-9.286168408941053,-2.744702318916493,0.5474162012622242,0.8320726259185808
127.996867,57,64.613479,57.0,70.10891079594302,18.395059005658,18.804222625729604,-4.127157781124114,-18.40522042512893,-5.7378539161543705,-6.078594764689848,-1.9624982334554222,0.6042854382448168,0.6888853995990912
166.715829,80,64.765571,80.0,87.5281220454343,25.741225148521554,26.84500863037079,-5.860996794700623,-25.308664298057565,-7.821481921124385,-11.38890694562431,-3.0184771277945384,0.48767206418173403,0.7802753026907745
158.933893,70,64.901642,70.0,92.29273836959648,22.51663748282996,23.838215362378737,-4.789792881011962,-22.11784402728081,-9.814888993330086,-10.407735974882973,-2.5834367499763,0.6025135924420508,0.8435190294188712
152.104315,64,65.017859,64.0,92.03348890889791,22.654954823069154,21.929859352252496,-4.280127651691438,-18.276167547702787,-12.0033605300863,-11.391671036273893,-2.562661439306052,0.6798275716136056,0.8701792916654152
231.070046,114,65.34873,114.0,120.83941666671646,40.278754494233326,40.15298448135651,-8.337142119407655,-36.41197040081023,-14.669032855509347,-19.91825999968986,-4.864704126257687,0.40988473640608436,0.9345371990058724
213.321003,93,65.520309,93.0,122.45691696346222,32.787848341599364,31.497326437114406,-6.620891211032868,-28.086576801538463,-15.013071654976367,-12.83190894592304,-3.868639702014536,0.30402307486459784,0.565482919248152
149.168999,66,65.642756,66.0,90.1450349189789,22.75401825344669,22.00204206132373,-4.941560022830963,-20.969370219111443,-11.313539778182392,-11.943911591905854,-2.563715112244546,0.5444153044526763,0.7186282018775327
136.993307,60,65.756335,60.0,81.8274319917267,20.462322717588286,20.23547013712443,-4.445128190517426,-19.015418624877924,-10.140887367908649,-9.599821561737217,-2.330662229192931,0.5874940178677148,0.7049928214412577
151.828239,67,65.881527,67.0,86.04130519859523,23.665275835876468,22.629148987365188,-4.75232495903969,-20.868730640411382,-11.08762099297753,-8.62454346036299,-2.174270861149545,0.5580342632271454,0.7477659127243749
172.323694,77,66.018477,77.0,98.19029448963263,26.215501105344547,26.92086208093388,-5.510120078325269,-24.931734216213222,-11.97548599164849,-10.497528163650333,-3.088094988682537,0.5665640121070412,0.8725085786448434
176.462899,77,66.161559,77.0,97.7521394309374,26.31651132916675,26.797082112867415,-5.418608865737915,-23.99172152280808,-9.655809835444364,-9.452247327042764,-2.884446552871689,0.5046824954062695,0.7772110429256551
135.692273,60,66.273101,60.0,74.98378749628723,20.53597689377646,20.355054609459472,-4.670289591550827,-19.676585114002215,-5.691625310163488,-7.715606390974056,-2.428439918111218,0.5547903946779377,0.6657484736135252
220.434768,98,66.474148,98.0,120.18896815201548,35.66245849017731,34.63021942546665,-6.826642103195188,-30.78582555055618,-13.667077875525484,-13.195891351931456,-3.571440951993899,0.23069349061279368,0.4521592416010756
147.87304,67,66.599741,67.0,87.75046406145917,22.83051319644342,22.787993644075293,-5.1982158446311955,-22.00283548831939,-12.795686023892165,-9.692050583088118,-2.8071427163255995,0.6082193713060999,0.8150139575501739
142.950004,64,66.71618,64.0,82.03530677983964,22.782215530946697,20.595720956120207,-4.552086853981019,-19.62366056442261,-9.718485450076802,-10.460489245309006,-2.1085173735221754,0.47212304665431387,0.6043174997175218
179.258416,83,66.865839,83.0,95.53795992058039,28.72944727250333,27.557918221293477,-5.932925453186036,-24.204257839918135,-9.762546132494084,-12.862526862770496,-2.8046527985878016,0.5165227474576602,0.857427760779716
146.19557,64,66.979105,64.0,85.41461557988382,22.710524918197848,21.682741410915813,-4.739339838027954,-20.733063584566114,-11.103309727587293,-8.73430710237912,-2.302292065893878,0.5829291841965338,0.7461493557715634
179.702161,71,67.108673,71.0,111.97262116234954,24.288331978875487,23.789669184027485,-4.876640220880508,-19.195521670579904,-14.302421062296132,-10.05160337109001,-2.922274864039681,0.6271290343125822,0.8905232287238667
154.467828,69,67.361303,69.0,99.42607915240131,21.82809148799814,22.506788588872283,-4.824499008655549,-20.667570102214817,-11.287712739173047,-18.704479819661625,-2.808869291055031,0.6422495956304684,0.8863044419700464
142.918585,57,67.465493,57.0,97.79861640359317,19.907253397788146,18.212390466668595,-4.353937489986419,-18.035669702291493,-14.318191214592634,-11.249278580768184,-2.042598764719425,0.7489825933513475,0.8538401564205362
210.384841,92,67.632621,92.0,118.50142680373396,31.790094650076465,32.16032945899744,-6.6611832118034355,-27.553460764884957,-10.970799989397142,-14.754906378358791,-4.12665910458077,0.5260418140606081,0.967916937871519
196.038202,85,67.785893,85.0,104.56399129897044,29.496181899789278,28.648861125667455,-6.318004436492921,-26.46741971969605,-6.5771923041265525,-9.109717929730737,-3.198498237504941,0.5742061603430544,0.9761504725831924
121.95893,55,67.884163,55.0,70.8141139337499,16.785584240383557,18.30826531981486,-4.216328833103179,-17.168924033641815,-7.338669506423482,-8.457762695346634,-1.7673483569718984,0.4466251790976419,0.4912876970074061
166.988021,128,68.116564,128.0,21.82370694696237,43.69561284284449,45.20690849037185,-9.866603682041164,-38.54089297652243,-2.8895643593004476,-15.938278455224058,-4.502867912616845,-0.017355266204488583,-0.044429481483490775
217.341121,95,68.292984,95.0,122.23317423270822,33.70400583157562,32.38356858437871,-6.564721419811247,-27.458812844753268,-14.842117175128953,-13.648098073547471,-3.4658782163775803,0.4722222981371276,0.8972223664605425
117.363214,50,68.385239,50.0,76.0239727133635,16.745695305800492,15.386168950977192,-3.5941454148292546,-13.537318396568295,-11.101674159704302,-10.673100737478704,-1.8863844046138194,0.6384822178729718,0.6384822178729718
257.698554,120,68.600623,120.0,132.4205316085921,43.73076723181544,42.46495344122432,-8.82652848958969,-37.310420942306514,-12.118263535851554,-18.06696803393491,-4.59551708538858,0.3549957724856294,0.8519898539655105
141.983783,61,68.711347,61.0,83.22161793772663,21.37446062305762,19.562504430721066,-4.631618340015413,-19.58835126161576,-9.869444124202772,-6.9438818364345805,-2.1415042501273938,0.5553078406550062,0.6774755655991075
144.417924,61,68.821564,61.0,90.31464837757419,20.58895958823592,20.287416240484777,-4.799504532814026,-20.517763733863827,-10.873874717315289,-9.04039274985918,-2.5415640958309154,0.6131433674367864,0.7480349082728794
184.396184,89,68.984147,89.0,94.0663609784066,29.34521410842897,31.208444164262435,-6.588127088546754,-28.532514560222623,-9.582708299101478,-10.893086809938112,-3.6273989787688308,0.37278568437535603,0.6635585181881337
120.834848,55,69.082005,55.0,74.76226971574673,18.378156060774444,17.41334189066031,-4.136003823280334,-18.235878062248226,-9.806801883653105,-10.489392840059828,-2.0508431619132494,0.5880578192628332,0.6468636011891166
123.796685,53,69.293249,53.0,75.5755271449236,17.467017773159352,17.481772212016,-3.5880712091922757,-15.088498401641843,-11.6461822166298,-7.362529259689367,-2.0423508071288596,0.6328132775071331,0.6707820741575612
143.111367,65,69.407156,65.0,81.30809212920579,19.90428815856043,20.883379835597406,-4.832699365615843,-20.86198681592942,-7.4697197883458895,-8.433335101262317,-2.38665205090699,0.6163530432915832,0.8012589562790582
186.951583,83,69.552147,83.0,101.30474282191955,30.086448654940963,29.09520485699339,-5.8632412624359125,-26.453657263517385,-13.6522713842071,-7.995383329835626,-2.5702605259876528,0.4751915698042526,0.7888180058750593
168.219317,77,69.687751,77.0,105.27671720653987,25.421643122642198,26.042328002316392,-5.983893475532531,-25.666079843044287,-12.920297415086567,-17.500113953392606,-3.450986212467926,0.5866380180323559,0.9034225477698282
162.93728,74,69.820159,74.0,91.46724179038031,25.92964850837808,25.3167376713451,-5.454893863201141,-21.585959047079083,-12.44009302915435,-11.906930013853927,-2.38847227310158,0.5499513775163979,0.8139280387242689
159.995503,70,69.945498,70.0,96.16193945684408,24.406464557230386,23.54580465743906,-5.14163254737854,-23.05790450572968,-12.887578153176669,-10.512150048768106,-2.519440869567357,0.5128830551840874,0.7180362772577225
148.758793,60,70.049125,60.0,96.0032652190883,20.479748952671432,19.461621060295364,-4.632009961605074,-19.49880197048187,-12.670366967871075,-7.969097195507298,-2.415565972646084,0.7131990640561556,0.8558388768673867
141.731218,61,70.15846,61.0,87.877210472631,19.732374955165866,20.716438880582707,-4.293247961997986,-19.26136297583581,-11.942525944857335,-9.955009409238981,-2.1426601619890717,0.5788900668804663,0.7062458815941689
55.446111,67,70.277557,67.0,-13.295471177603817,21.881964671161416,21.54118392135361,-5.489064586162568,-19.796069961786273,-3.199686745110553,-10.824895131467938,-2.3718500734044534,0.07686115266328336,0.1029939445687997
146.799273,62,70.38912,62.0,91.52400317561504,20.908509523580214,20.678185200864366,-4.526141147613527,-19.644038784503937,-13.246047927909014,-8.429009686464003,-2.4661869616648056,0.6694854772000782,0.830161991728097
187.144827,83,70.537085,83.0,101.16249184061097,30.580536711381654,29.335828881523213,-6.017901861667632,-26.01376422643661,-11.695916132257976,-10.283864528954405,-2.9225832816268666,0.522506979857668,0.8673615865637291
172.955346,87,70.692612,87.0,86.131446802076,29.23154690583962,27.51267021852926,-6.816507990360257,-27.451168668270096,-7.5291041974148385,-11.963761160021312,-3.159775458575281,0.433638392569093,0.7545308030702218
137.704158,70,70.816528,70.0,69.78665907628894,22.30862891155204,23.044797637485026,-5.302900688648224,-23.444325757026675,-8.643033939915322,-7.300644694341324,-2.74502280896675,0.3674745774034113,0.5144644083647758
113.819484,71,70.946872,71.0,40.41254487661616,22.81397886071407,23.885703757207192,-5.231208031177524,-20.682671278715134,-1.546344016869514,-14.374646526514313,-2.4578733081509587,0.5253272999246589,0.7459647658930156
185.022151,78,71.212393,78.0,114.41666659990717,27.719038572744452,25.56013356493609,-5.405824968814851,-22.17711786031723,-15.770324503970452,-14.472963954190284,-2.8474563325924453,0.6598060682584295,1.02929746648315
142.869931,59,71.319389,59.0,97.44646026582419,20.652002196077024,18.410604674113497,-4.49248773574829,-19.1279624581337,-12.150991351570879,-14.733082888284425,-2.134611859542755,0.5301922489202496,0.6256268537258945
170.756789,80,71.462968,80.0,89.98512653375195,26.339381307507853,27.96176932205435,-5.851374449729918,-24.931924974918356,-7.23227238363267,-12.562342554204003,-2.9515736803612187,0.6100874846715102,0.9761399754744164
220.676855,99,71.643746,99.0,117.35813592846398,35.61829238695468,34.58401235078174,-7.540672607421877,-30.734245097637174,-10.715928081234983,-12.708323410356817,-4.18441621034621,-0.05336327065363152,-0.10565927589419041
167.866089,77,71.783747,77.0,92.77790169859276,27.086985504463744,25.920748540685075,-5.711968762874604,-23.867607414722436,-10.714956327714155,-11.39207274748143,-3.2329411155179764,0.5219257699132579,0.8037656856664172
194.275323,87,71.947589,87.0,113.44024356482433,29.212608269882942,29.834889282195675,-6.200090374946594,-28.719855105876924,-12.052741698151408,-15.158135334971917,-3.0815957150973228,0.5687740697909545,0.9896668814362608
195.510654,86,72.103105,86.0,112.39661428307697,30.555728204781776,29.411408358807744,-6.308317053318023,-24.800266420841215,-15.393125369549805,-12.977411082027068,-3.373977026501172,0.49818943300528484,0.8568858247690899
153.89691,69,72.227385,69.0,99.75292093488758,22.30054621711977,23.0776948096599,-5.1382926344871525,-23.664310991764065,-14.890290189742817,-14.176571869943553,-2.3647859093335666,0.689521438850797,0.9515395856140999
172.535985,79,72.369264,79.0,96.66147572372338,26.40367660152551,26.818215897280634,-5.893205119371416,-24.380900955200193,-12.079522359680029,-11.054494716180066,-2.9392596282308006,0.5364702948166512,0.847623065810309
168.936658,88,72.522022,88.0,75.44116930775738,28.149939988946215,30.954111835946843,-6.226787819862368,-28.84040160179137,-4.391966443809058,-10.67818078713124,-3.4712261200760337,0.0780952282025629,0.1374476016365107
114.45476,56,72.622135,56.0,69.62049537840656,16.73604458164412,16.640696018000913,-4.050028266906739,-16.794082438945775,-9.222355297494607,-12.521380207812005,-1.954629489540211,0.5436137703246862,0.6088474227636486
196.57317,89,72.780359,89.0,104.4662713902935,30.894598529270947,30.55144672877974,-6.494586322307588,-27.176749742031102,-12.397642562873004,-8.773701661132645,-3.496466630133135,0.45532825214064354,0.8104842888103455
179.660179,78,72.922449,78.0,104.12450338317474,27.7892885261844,26.91445231177299,-5.658429670333863,-23.940192043781277,-12.54731663802333,-12.357752564542178,-2.6643740522274935,0.574387328505616,0.896044232468761
190.481494,80,73.183175,80.0,113.85150206656607,26.71291895686005,27.013169075004893,-6.085665216445922,-22.66257703304291,-15.242758405770736,-9.625897030036722,-3.4791985992136243,0.5938105658329188,0.9500969053326702
191.099122,87,73.341475,87.0,101.68334237800809,29.843716012244855,30.58620224317253,-6.324540224075315,-26.954552397131916,-12.891919841979949,-8.796390872784794,-3.0467354379371656,0.5317768371594229,0.925291696657396
159.737974,68,73.464602,68.0,96.44990769594686,23.550304791816398,22.200073923856916,-5.078567030429841,-20.441921490430833,-11.832276972314753,-10.667419537274883,-2.442127112656646,0.532452065418611,0.724134808969311
170.318539,74,73.599878,74.0,97.91300129221898,25.186871985698534,24.647125202861268,-5.341458466053009,-23.487888753414154,-9.624596963827134,-10.286611717319028,-2.687903160730567,0.5353930496524034,0.7923817134855571
191.098972,78,73.741627,78.0,116.41733545352415,26.85728664560593,27.178418638777188,-5.716933350563048,-23.937765872478494,-14.13368759507139,-10.533202025810395,-3.0324800463178163,0.6262660061427754,0.9769749695827296
181.750684,80,73.886287,80.0,108.80081425288314,28.888137354330635,27.087457237728422,-6.343416061401367,-27.684155178070068,-13.648397121018004,-12.140383887585298,-3.2093730653189283,0.5437391377381287,0.8699826203810058
146.346988,64,74.000905,64.0,85.85975484135444,21.775592538300447,21.933215403687953,-4.42204450368881,-19.59292970895767,-9.722805923860504,-11.209228794839031,-2.2745653691900936,0.554854161486718,0.710213326702999
189.952245,85,74.154136,85.0,104.80188317571938,31.25927061793373,29.662052404091828,-6.1689402294158935,-27.22351289987564,-12.836819516774536,-11.364714273701098,-3.176974212957207,0.48355505661241127,0.8220435962410991
176.8746,75,74.28985,75.0,111.5936067302963,26.056394163618315,25.307024197626227,-5.994656739234926,-25.586170160770408,-15.313349683315845,-11.270391657652135,-2.917856828172855,0.6697668271792928,1.0046502407689393
130.397808,52,74.385686,52.0,85.47817337275089,18.85726590600755,17.00620609851051,-4.207780554294588,-17.607340013980867,-11.688049556761952,-7.462554416727,-1.9781130904192719,0.6939075976381028,0.7216639015436269
149.646457,66,74.504451,66.0,89.76613972336897,23.92401623654362,21.90239017336643,-4.701687790155411,-21.643509984016422,-12.570854755653375,-11.006446812749317,-2.023589773024343,0.5712381929272283,0.7540344146639414
182.867812,79,74.652333,79.0,102.74438383347857,27.070520962371305,27.24306485344026,-5.752854142189027,-24.899506527185437,-10.971659030130857,-8.69138363950989,-2.874754158295282,0.5111910840372933,0.8076819127789234
138.976488,64,74.767332,64.0,73.04989890711214,20.187611234565775,21.120612951978817,-4.568842639923094,-18.604915577173237,-6.243434322701667,-7.77835866824014,-2.1860839165780463,0.5929719733478105,0.7590041258851975
180.832975,78,74.905859,78.0,108.045153969292,27.494141841782206,26.809162910106448,-5.913841738700866,-27.423366677761084,-12.487843272552729,-10.517096532509692,-3.1733355546987814,0.5572286276508723,0.8692766591353609
172.864492,79,75.170212,79.0,97.00501885054854,26.662131044191252,26.800773432449322,-5.747373778820039,-24.215533602237706,-10.494763081877505,-12.620096455676304,-3.5256647293718024,0.49784907907689113,0.786601544941488
149.971899,67,75.293665,67.0,86.84884370069615,22.015613251001252,22.501681631246978,-4.730506334304808,-20.61930714845657,-11.093065337278524,-9.574663907218643,-2.3766967446796974,0.5664865236086248,0.7590919416355573
173.975549,77,75.433034,77.0,99.31859516900644,26.850877007479085,25.934140055227083,-5.608839673995973,-25.76555826663971,-11.73770254174854,-9.254371321014922,-2.761591001272737,0.42125943309636477,0.6487395269684018
202.529351,87,75.590349,87.0,120.14194943183777,29.34619905006623,30.154675969116674,-6.257699648141861,-27.351515191793446,-15.084976327774543,-12.37589427586413,-3.0433876994661024,0.4987538601554927,0.8678317166705574
162.752685,72,75.729146,72.0,94.29087698526753,25.205849172452307,24.155103457377447,-5.045569634437559,-23.377397644519807,-12.772442074330314,-8.904625346935124,-2.7991098439775097,0.5707751382466393,0.8219161990751606
150.194984,71,75.861071,71.0,81.6451703486454,24.531493132527697,23.66543145788168,-5.269128835201263,-22.071851781010622,-7.932051979513737,-12.783498307109323,-2.5905800800967005,0.5117730651736914,0.7267177525466417
171.349926,79,76.0139,79.0,100.86629078592728,27.94631729601329,26.18907104521616,-5.990066428184508,-24.90826269388199,-12.38249343968582,-16.16894120826489,-3.201989048642355,0.5255666616528024,0.8303953254114278
156.553803,75,76.158689,75.0,83.26811781968965,25.820807119454468,24.05947912493056,-5.899064903259276,-24.891779279708867,-7.298189934819642,-10.705239810662174,-2.800327374158635,0.560628607457709,0.8409429111865636
106.097884,64,76.278627,64.0,40.14914925226712,18.11842050164273,18.76790057449562,-5.291732940673827,-19.043603080511094,-0.8397892373467036,-7.647113486705534,-2.1153473623070185,0.340594472150777,0.43596092435299455
260.171396,120,76.495023,120.0,131.05767454316688,42.103448821862244,42.91049967562136,-8.870327534675596,-35.812591940164566,-13.296093266092374,-13.346414822082503,-4.574799051540459,0.5112737730435628,1.2270570553045506
176.414747,73,76.62625,73.0,103.52911152032456,26.263918747846134,25.48812305551921,-5.308532979488371,-21.912312519550316,-12.107327639505037,-9.863804389240329,-2.674428792051342,0.6099106587564249,0.8904695617843803
207.975414,91,76.78864,91.0,122.64815671572137,30.48250056777848,30.17942079584211,-7.355130784511567,-30.896811044216175,-13.315223021322954,-11.014136154433665,-3.753363532872443,0.3384770693166634,0.6160282661563273
151.838276,69,76.913573,69.0,83.40311952591219,23.152222057978108,23.56852838123089,-4.986180207729341,-19.866241317987445,-10.073628761173424,-9.680278357055636,-2.6792655356391557,0.4511355289894255,0.6225670300054073
177.406119,81,77.169392,81.0,93.84738869965418,29.765352783044598,28.68929782349977,-5.9887947893142695,-25.381623172760015,-8.712606484875737,-12.65884500891215,-3.154050731003814,0.46951270985242793,0.7606105899609333
133.291957,60,77.277107,60.0,77.55038186666397,21.130118044775834,19.051177867361577,-4.423316321372987,-19.66216765642165,-10.443425185339654,-7.87221666215528,-2.0385946811536106,0.5880160863146071,0.7056193035775286
215.434901,92,77.44407,92.0,113.90906694232781,31.584653617088687,32.15498754036225,-6.143929195404055,-26.440593552589423,-9.309918976436254,-8.469810841548773,-3.84955428000855,0.5542243571688392,1.0197728171906641
300.723165,124,77.667232,124.0,167.13782705543494,45.48436646030774,43.79436856406385,-8.957815079689025,-38.51659736037256,-14.602730944621408,-12.602515076480488,-5.013738586595382,0.595978244993913,1.4780260475849043
135.155738,62,77.796204,62.0,79.07319282800248,20.278063604245105,19.248679952065828,-4.64432454586029,-19.408068794012067,-8.101116075675915,-11.249677075812334,-2.0410121846360214,0.5923013462842341,0.7344536693924504
183.025657,77,77.951605,77.0,107.40854777098117,26.41672025286238,27.11086529383041,-5.379035649299621,-21.577643573284153,-14.613661606454638,-10.603786723069966,-2.736348546316299,0.5712785731041321,0.8797690025803635
160.212755,71,78.082128,71.0,91.47651295013567,24.223896445784604,24.44147150110529,-5.035084898471832,-22.438984513282772,-11.52734128109931,-9.049004138787748,-2.8787113863971987,0.49735115923397083,0.7062386461122385
185.459277,80,78.231606,80.0,111.51522504028327,28.896146980150966,27.00810319415523,-5.8408956551551805,-23.77660572230816,-16.009459828349563,-13.405536415881773,-2.9277003520795626,0.6117208816611152,0.9787534106577843
157.720072,67,78.348985,67.0,98.17509777701683,23.242093654797998,22.532873764179406,-4.937406888008117,-19.92868111133576,-13.57992211022536,-12.290701628408891,-2.4932810108478036,0.6445199410278625,0.8636567209773357
135.435969,61,78.459589,61.0,70.96572062762644,20.426637602666936,20.518592386714275,-4.313729496002198,-17.907711923122406,-4.635283473901237,-8.228160022659713,-2.390096771738506,0.4440243431143789,0.5417096985995422
135.018134,60,78.566855,60.0,80.33112955562088,21.315385577312412,19.361165551711217,-4.38747899055481,-17.66680560708046,-9.320452914357565,-11.909020908391375,-2.7057882432481457,0.47459545782248047,0.5695145493869765
135.622857,64,78.685595,64.0,78.38373186584116,21.010826715652904,20.63344242137145,-5.090244510173796,-22.706614494323738,-9.196580459356852,-9.171784103257034,-2.2399207474167357,0.5786326226413184,0.7406497569808876
157.0576,65,78.804184,65.0,99.40173484551725,22.66212062945336,21.694976403496142,-4.644138292074203,-20.356314837932594,-14.580305811961598,-9.801192750524509,-2.319279784721608,0.6196106405611199,0.8054938327294558
193.342995,85,78.953842,85.0,106.87569929374227,30.120836175071044,29.942107954655725,-6.3185484790801985,-25.451887768507003,-11.521176496057155,-11.809520931576722,-3.494514255332544,0.43381272491193407,0.7374816323502879
259.730686,110,79.277814,110.0,147.448245838524,38.88581260281747,38.466272108239075,-8.318329625129696,-32.64714314937592,-13.69088995565206,-16.43245100975175,-3.9808303714172135,0.5364240546687968,1.180132920271353
168.946149,78,79.414718,78.0,89.53503278132456,25.86355671753103,26.45787321501462,-5.489283754825594,-24.460165452957153,-9.888067311102764,-8.392803320735526,-2.67999381721447,0.4212749582242021,0.6571889348297553
152.826131,70,79.53868,70.0,91.33096960482436,21.694732753803017,22.96518762289357,-5.509931869506836,-23.708563327789314,-12.309213296070856,-8.960971090763183,-2.6760793025193106,0.5872905041234254,0.8222067057727958
75.393071,90,79.702746,90.0,-20.24256371862325,31.633823721664253,32.19324399235515,-7.269810190200805,-24.870288324356085,-6.0919355343718005,-16.593017022828718,-3.366382069855647,-0.10129288758368085,-0.18232719765062555
221.085514,96,79.877048,96.0,120.72545519542253,33.915691475299504,34.08779658470162,-6.814657285213471,-28.519028866291038,-11.949843070847102,-12.164225593758731,-4.195674885870322,0.5132660658355296,0.9854708464042167
143.483099,60,79.986752,60.0,86.42302561169981,20.601206024394116,20.04739074775934,-4.228066569566727,-18.4117269307375,-11.401196320181633,-7.342614303492693,-2.2049188831684052,0.6182060792280156,0.7418472950736187
167.902482,72,80.118294,72.0,99.02765856099467,23.855474460777238,24.5885941103643,-5.090282974243163,-21.537726199626924,-11.655937631024784,-10.235182566375467,-3.0501157859987105,0.5636114985754556,0.811600557948656
233.296524,103,80.305988,103.0,123.30626577226026,38.13271334540272,37.07538254865745,-7.6555983376503,-32.787123960256594,-10.988622124217779,-12.924830844303333,-3.861662173542722,0.4931860674252002,1.0159632988959124
157.876355,73,80.439481,73.0,89.48563094068543,22.858712328944957,24.68840956831534,-5.855658271312716,-24.53636328577995,-10.408374262661406,-8.827739847666502,-2.528261746082826,0.26107061316967206,0.3811630952277212
173.776801,112,80.641007,112.0,48.61050190604106,36.44459768826483,37.17327570110321,-9.270697128772733,-32.16933708786964,-1.756842113007823,-13.408067853429797,-3.8466303595360554,0.25769012510229583,0.5772258802291427
151.409823,67,80.760339,67.0,90.29764316142338,23.337898800432324,22.41448112982151,-4.89773918867111,-21.619904148578648,-11.038043174226795,-11.64044579236691,-2.4440675399234673,0.5905811450603685,0.7913787343808939
182.340921,78,80.899329,78.0,113.871075858969,26.772471911755375,26.52492101926242,-5.966404979228973,-24.602016580104834,-14.610565680003786,-14.408598067890082,-3.2399628523977735,0.6588719622805184,1.0278402611576087
172.766076,82,81.173989,82.0,88.1424382874622,27.288227861403218,28.233900799933263,-6.138218488693239,-25.92973963022233,-8.401861820085571,-9.065247565636325,-3.363423334991824,0.32079628532365717,0.5261059079307978
193.785232,86,81.328616,86.0,106.8215539236422,28.478357710051533,29.818328923515416,-6.0818655920028695,-25.91532648801803,-13.19325474317384,-8.914906368135007,-3.227655399261085,0.5617819224433565,0.9662649066025731
163.525865,83,81.483551,83.0,76.38587895951413,26.450943157122005,27.218746256625852,-6.336943964958192,-27.45535876750947,-4.479978861318929,-8.119258756095851,-3.1381632236117616,0.3798780252279621,0.6305975218784171
228.437709,99,81.674677,99.0,128.37028664550036,34.411191461897744,34.95741032972149,-7.216410605907442,-31.087751692533487,-12.821807733684986,-13.005704622981067,-4.16950476058466,0.37429192991184357,0.7410980212254502
248.37045,105,81.871727,105.0,143.1017612231214,37.80811578186394,38.23051391479886,-7.48981037139893,-31.83875672221185,-16.429889695071648,-15.09286742917928,-4.918616695756677,0.6002909263389824,1.260610945311863
224.129702,101,82.057207,101.0,117.67424524571807,35.40681592501821,35.43155684241454,-7.388981928825378,-31.78046115636826,-10.634184929982478,-12.058169085762133,-3.5211187233072496,0.4895438958748002,0.9888786696670964
265.380465,122,82.276245,122.0,135.23297382041022,44.18483888556516,42.24313701905952,-8.96588792085648,-37.305485343933086,-14.425923521886071,-13.121482799464905,-4.46170493282486,0.2805371078524858,0.6845105431600654
188.674771,84,82.426772,84.0,104.14020454900755,30.043997641806783,29.266545099937133,-6.102082525491715,-24.716588699817667,-12.142714844608582,-12.839749238467158,-2.974840561495761,0.4171945311074926,0.7008868122605876
192.45602,89,82.590888,89.0,97.75543074668175,30.86451768088864,31.61677771059853,-6.3505928945541354,-27.922209596633916,-10.452972640668998,-8.677343638381982,-3.377587044120915,0.4801850452767811,0.8547293805926703
342.962385,170,82.897495,170.0,152.88593619429415,63.47126762034516,61.86625144785412,-13.059291446208963,-53.70931423902512,-11.839536678074738,-20.10743888875693,-6.545489376155339,0.31887027634123066,1.0841589395601843
195.869185,82,83.161777,82.0,111.76802994927147,28.55268724895147,27.557149962548998,-6.0307221889495874,-26.77665947079657,-11.053833238320223,-6.937999143556114,-3.2094683948575975,0.5910200104871792,0.969272817198974
210.145957,91,83.326638,91.0,113.32335384102848,32.28686966856002,31.891903743937675,-6.821890230178834,-27.549803960323324,-10.205828030329565,-9.912888912624899,-3.8657593858067876,0.4597314520275046,0.8367112426900584
234.756722,109,83.52534,109.0,121.33591852737119,38.285663435903764,38.622771760156645,-7.934907758235931,-31.277811038494107,-10.857844431738016,-18.00407707381343,-4.412991697057987,0.34289797568562874,0.7475175869946707
325.999168,140,83.77697,140.0,179.23306689089165,51.0149634696024,50.365926485884934,-10.479124472141267,-43.811380273103715,-14.198857335357753,-20.415674306670265,-5.70975275766824,0.5556891806787669,1.5559297059005475
163.483679,75,83.915085,75.0,86.66206967281897,23.722991027219418,25.389643714817947,-5.6783817005157475,-22.057001137733454,-9.042664537198245,-7.600689630692552,-2.9122880744641217,0.5678124613639252,0.8517186920458878
250.286244,105,84.105531,105.0,132.078314800954,39.09300970543581,37.736509879306915,-7.673729197978973,-30.892245340347298,-13.651246136512235,-7.325712244809178,-4.078657368491063,0.5365816371405562,1.126821437995168
226.575985,95,84.279505,95.0,127.55298550533047,34.42342604565606,33.14045402473908,-7.053680996894838,-29.55849438905715,-14.12439175073823,-9.431366930458175,-3.3729469408369157,0.5738318358776837,1.0902804881675991
205.685372,93,84.84251,93.0,113.5777038189884,34.79659761328999,31.76335510242442,-7.0727895665168745,-31.8964153289795,-12.072755648156926,-12.6323213193754,-3.778002500927207,0.5223151527146576,0.9715061840492631
326.682939,142,85.104626,142.0,169.1135114583738,52.014007800383794,51.655832641642974,-10.135394995212552,-42.29220189452171,-15.935111419055177,-14.29223824224333,-5.4454660851478796,0.4718922377633385,1.3401739552478813
254.300588,107,85.30614,107.0,143.51464527537192,38.96844178419781,38.27373264370436,-7.577852666378021,-31.267831879854214,-15.34608080582249,-14.89830406826246,-4.366161874137253,0.593284468644342,1.269628762898892
181.319106,75,85.560337,75.0,112.88110203712868,25.854647045239744,25.78591936200069,-5.546315155029295,-22.997648614645005,-14.565915900653732,-12.096372370892837,-2.996310145562966,0.7032636191182746,1.054895428677412
115.625651,80,85.703063,80.0,25.683188144902644,26.70396570443374,25.743300283829097,-6.408043541908266,-23.769255858659736,-0.973601463469916,-8.482846241014995,-2.871055721958858,0.2282468754291062,0.36519500068656996
141.912743,63,85.815231,63.0,84.14835561584411,21.060349908438848,21.077089867284826,-4.590224770307541,-19.75302673578262,-9.927076121234643,-10.528649831134308,-2.5740745571239505,0.5246579010806327,0.6610689553615973
164.10916,66,85.934585,66.0,103.50570952169963,21.684239468678985,22.165813651544973,-4.973545649051666,-19.553929340839385,-14.072227081691098,-8.181936447674833,-2.4649643346132084,0.7172915587499645,0.9468248575499533
191.957131,83,86.083236,83.0,113.1467473943498,28.78048426938981,28.847363018881044,-6.08882892370224,-26.24185506701469,-14.71627903846991,-11.370824805400094,-3.3996761721078603,0.3328791211534351,0.5525793411147023
268.273522,113,86.28757,113.0,156.27057224635206,40.91570411948664,39.462414822995946,-8.698950166702268,-35.21925731897352,-18.35340223818317,-14.528094415136655,-4.575464551016776,0.5393281287576315,1.2188815709922474
72.987035,84,86.442281,84.0,-14.353006107350666,26.8330726221966,26.438804698046575,-6.779297187328337,-23.40523875355721,-4.320608984261827,-12.29929772504164,-3.127393687912409,-0.062063457986298746,-0.10426660941698189
171.324237,76,86.582481,76.0,97.74226566846448,25.503179702908,25.465728536672124,-5.9264194607734675,-24.282477068901052,-10.074172710416503,-10.380604002740537,-2.7232641029634586,0.5383451908064083,0.8182846900257407
276.635668,118,86.816824,118.0,150.71685320873976,41.382883660947435,42.80623845068993,-8.396486845016476,-35.346472626924516,-13.174854654042651,-14.371951068292482,-4.9805422085980355,0.5302536576270952,1.2513986319999446
201.366655,86,86.976555,86.0,117.90950575035413,30.34268138902519,29.395062056421565,-6.415922935009002,-26.872264271974554,-12.701763235818177,-12.585579091048603,-3.7050642528988993,0.4289764223147561,0.7378394463813804
154.659012,106,87.170521,106.0,39.12904949507904,38.16390939688617,36.061706064275214,-9.108833642005921,-32.86573845148087,-2.263872878864948,-16.453629941918173,-4.003577798035857,0.15047070254000539,0.31899788938481144
240.506804,119,87.511543,119.0,112.15974188255566,40.40484110830623,42.097646972712155,-8.9432289814949,-37.31139367818832,-8.959327457212519,-13.323950319771312,-4.617525340664058,0.4300714943097309,1.0235701564571595
187.989947,76,87.657439,76.0,119.2518716158066,26.655885208304014,25.584988776343923,-5.677740379571912,-22.996517771482473,-15.3464052294369,-12.670790100716271,-2.8113456064915168,0.6180598650160904,0.9394509948244575
184.438267,79,87.808338,79.0,108.49565528520402,27.363567235964773,26.814339345295345,-5.960424916744231,-24.716105747222905,-12.551301764246292,-11.138790563983314,-2.8686720244547184,0.5832519134983861,0.92153802332745
212.838889,84,87.968357,84.0,136.88611645789135,28.224167971401553,28.52447688685371,-6.100398614406584,-24.598478347063068,-18.4379643585457,-12.531551730663613,-3.127479170853476,0.7061001063662828,1.1862481786953551
125.281639,91,88.132181,91.0,23.805788251813098,29.99745318014431,30.06735325604368,-7.3606707048416125,-25.610626703500756,-1.8603026515580319,-11.372139431864792,-3.385216686898599,0.10481127908552922,0.19075652793566317
115.557612,73,88.264285,73.0,34.09270285900632,23.751447944270094,25.465806153879413,-5.76964231133461,-22.556893110275276,-0.5422319076607044,-8.93220697039534,-2.951370968945096,0.03674784096904619,0.05365184781480743
263.162377,111,88.469239,111.0,144.12305767212536,40.258623555176655,39.48846652945305,-7.964920387268067,-33.67452821731567,-15.190903489230168,-11.129520025183826,-3.7478987383758007,0.4751577731680437,1.054850256433057
220.773727,92,88.636494,92.0,133.97103936167395,33.81059397956553,32.00785213501136,-7.266961228847508,-29.47412818074226,-18.363417394027852,-12.22428881963625,-3.6869632669687697,0.587803601905793,1.081558627506659
263.953668,122,88.856137,122.0,127.95391771166332,43.627899002757296,43.59106862313829,-8.706339447498323,-34.89441156983375,-11.361396507991532,-13.268419684301845,-4.988650446698712,0.42557316928003946,1.0383985330432963
114.591672,77,88.995646,77.0,26.770300981323963,25.573508473534222,26.83760433816991,-6.039057476520537,-22.954373389482498,-0.4023834865690517,-9.515222582384713,-2.6787046618091557,0.0016245051017034907,0.002501737856623376
190.611728,108,89.198617,108.0,73.12450051547854,34.58947756793579,37.66311557476723,-8.16035191297531,-33.67493733167647,-2.4599197049407655,-14.42568395195492,-4.044473044431246,-0.11388406411154896,-0.24598957848094577
168.325666,67,89.322943,67.0,108.73749121586553,24.042967810446058,22.48981576491223,-5.181029134988784,-19.59027172923089,-15.063774642860693,-11.421823431698723,-2.687709794897448,0.6024310921035134,0.807257663418708
190.48557,84,89.599867,84.0,118.05391500542095,29.58033839048707,29.334187104305872,-6.804519138336185,-28.84570742845536,-15.668702203021159,-15.753480142855311,-3.4104613141688875,0.5778195543635102,0.970736851330697
253.090404,119,89.826713,119.0,128.99947135880728,41.77052169555339,43.205384532193584,-8.754648017883296,-39.54617447853088,-15.097253392681939,-12.267693797193711,-4.219203831752237,0.4272097325688497,1.0167591635138622
186.53494,79,89.970497,79.0,109.27060779481631,27.045062811265442,27.557094031393653,-5.890757150650026,-24.146254014968875,-13.654952584900094,-9.813904750870782,-2.8319565430949547,0.571601905383771,0.9031310105063582
194.166808,79,90.111465,79.0,124.15146899226256,28.33574603441856,26.346316817808237,-5.793049411773682,-23.08477696180342,-20.37104459184917,-10.760826919630176,-3.6570264517655473,0.6742502796852681,1.0653154419027235
220.434522,101,90.291227,101.0,120.42515994857305,35.15399895065013,35.31933051313745,-7.567060050964355,-30.431008142232884,-13.532564035983551,-15.767604835442064,-4.165730071590228,0.32816728405083717,0.6628979137826911
232.736802,97,90.46157,97.0,137.70964168542054,34.311825760502906,33.87420782258689,-7.227451055049896,-30.396262109279636,-15.667501333674332,-12.845567835028689,-4.022090945089032,0.6237628029813483,1.2100998377838157
144.34322,95,90.633208,95.0,42.65875638259609,30.8318601815033,30.566767744882867,-8.20449154853821,-27.83742500543595,-1.5460727039550899,-13.424489595475409,-3.701685279428096,0.04722193269026376,0.08972167211150114
168.818232,69,90.757909,69.0,109.9100908536055,24.75382534461521,22.327555190228985,-5.400607624053955,-21.780200242996223,-15.536155141853262,-11.910028319040494,-2.546247638385887,0.678081528082662,0.9357525087540736
195.561318,81,90.904038,81.0,113.72968346875228,28.859031682053388,28.956126937455956,-5.983813228607175,-25.119696688652038,-12.898404252199605,-9.738040769084975,-3.2435695071915145,0.5241022640883366,0.8490456678231053
271.90939,129,91.134009,129.0,132.4602586430181,46.366257279372014,45.84960103371596,-9.72106248140335,-37.936957275867464,-14.080227515849282,-15.196612361419653,-4.83186707780869,0.37979328378756533,0.9798666721719186
152.007894,70,91.257037,70.0,90.68302277730734,23.556830422362072,22.914400452940644,-5.480404655933382,-23.085540544986717,-10.877507177171594,-13.015677250010443,-2.6872302993169934,0.5270334768595117,0.7378468676033165
217.475069,98,91.553901,98.0,126.36801592232976,32.88139964993866,33.11310047415,-7.799891421794895,-30.337057721614837,-14.71828694666103,-16.020550275468796,-4.011660212742535,0.5572286455079605,1.0921681451956025
192.523117,88,91.713542,88.0,102.84106450830056,32.19902610248248,30.844244765937734,-6.65518377304077,-30.103993427753448,-10.184723058754631,-11.331941320648601,-3.0853772694080055,0.5153446939231839,0.9070066613048038
395.188865,166,92.013921,166.0,215.5249480095889,61.33163369162533,60.819450757517735,-12.481911518573755,-50.88248023986818,-19.430232489196833,-18.78949796300524,-6.903044919798517,0.4265198183807818,1.4160457970241958
152.528279,64,92.128055,64.0,92.25723685133781,22.29602951511194,21.81947867183138,-5.0841326212883,-20.309739172458645,-10.001407787940204,-9.803045462873392,-2.6461405488979866,0.528708848280781,0.6767473257993997
219.555963,89,92.282057,89.0,121.89837903866264,32.96420851792006,31.34496601081488,-6.562411642074588,-26.60453090071678,-8.803656852716191,-10.019895343542824,-3.6610959227214273,0.5392693395009149,0.9598994243116286
138.712256,100,92.459742,100.0,26.847413955467854,35.43939181560935,35.11896542545493,-8.360697312355041,-29.127799355983726,-5.124760060726674,-12.110760635128695,-3.9694979345052976,0.11108049755386804,0.22216099510773607
176.120006,75,92.594537,75.0,110.51814404790218,25.11867342931487,25.425731932233393,-5.627265985012051,-21.775294899940487,-16.77067844988602,-12.595744295793706,-3.173559805543919,0.6944782023492565,1.0417173035238847
388.935056,178,92.914303,178.0,192.36467189018148,63.935728692816696,65.69698602158084,-13.246571447849279,-54.29998704195024,-17.041776866380022,-19.631555981388562,-6.842439177950924,0.2587187480673458,0.921038743119751
176.281343,72,93.040311,72.0,103.67058212947394,25.631182719981368,24.632587635153573,-5.258906918764112,-21.672438704967508,-13.263907466852022,-6.820565617915721,-2.637191198971416,0.6080738548035365,0.8756263509170925
327.005836,151,93.426261,151.0,160.48743443266068,54.814631101029775,54.555085987574756,-10.916322860717772,-44.512129235267636,-13.831366254974306,-18.9608599998444,-5.630637542978705,0.44609648499072263,1.3472113846719824
315.120824,142,93.681315,142.0,158.7817492304211,51.687142623257294,51.06158263231261,-10.252055673599246,-42.10156404376028,-13.784582210917204,-16.552829130089666,-5.718619594931591,0.3582809847168206,1.0175179965957706
361.305399,150,93.958233,150.0,208.06939814331687,54.33444864956235,52.54370660940986,-11.550027216672898,-45.18161702156069,-19.432443231849238,-20.92401439180786,-6.554052505198445,0.4542222696853631,1.3626668090560894
213.682294,90,94.121772,90.0,123.46593543655268,32.09760286927995,30.670940012227863,-6.876330108642579,-27.405729472637184,-12.651165632383725,-11.831246056395248,-3.7877128316652056,0.41177835420524683,0.7412010375694443
309.732287,135,94.365649,135.0,161.53084722424177,49.473235111383694,49.00343933520575,-9.69871057510376,-36.934031569957725,-16.33191880015143,-17.38388397088777,-4.926689799471864,0.5202570078162382,1.4046939211038432
410.40896,189,94.700502,189.0,201.80156350423832,70.20570295390766,68.49247829075806,-14.08347614765168,-57.535528671741474,-15.510899903516773,-24.68883969130097,-7.272040428610006,0.334602376773136,1.264796984202454
250.710508,108,94.890951,108.0,136.64392848910865,38.83505801472345,37.63370523899247,-7.720419654846192,-32.06542634367943,-16.055906443009373,-10.417054501493846,-4.143376853932623,0.5805017797360847,1.2538838442299431
229.79308,98,95.065775,98.0,132.6717258040096,33.61209977968195,33.71041923224958,-7.497935255765915,-29.780516058206562,-14.682850404684212,-11.991867917717041,-4.247995402993133,0.5618826672609575,1.1012900278314766
254.89394,100,95.355975,100.0,159.30570372367401,36.313695680602564,34.72151329517217,-7.561679019927978,-31.54517486095429,-19.606620614795602,-13.07075289640496,-3.6627453772930574,0.6214786315664431,1.2429572631328862
230.276379,98,95.531419,98.0,123.75240625693866,33.50234454699444,35.853486818957364,-7.046267545223234,-27.544444316625594,-11.18150150747035,-11.35975796879252,-3.6998873606691074,0.4110580702165832,0.8056738176245031
338.364893,159,95.817107,159.0,164.37930567211072,57.29610810133263,58.51686643000765,-12.48461725473404,-50.31254916787148,-11.723161622800946,-19.90505108265825,-6.402008055700531,0.34437169743068374,1.0951019978295744
125.466644,70,95.941299,70.0,46.96277845755671,22.221114015183083,22.67521114071612,-5.607613816261289,-20.60550982952118,-1.310468709845345,-6.49418204392593,-2.3746849082522083,0.3890866522242866,0.5447213131140013
192.24473,79,96.081136,79.0,113.70495846089808,27.51995795686987,27.184070429379855,-5.85359992265701,-22.487131094932547,-16.01698660345328,-6.973672152589726,-3.832867032471741,0.603957935592247,0.9542535382357503
218.321375,87,96.235464,87.0,128.81649667510368,30.72219752376433,30.95265863493931,-6.412798893451691,-25.34274462461473,-15.125913564995372,-8.597606063634101,-3.690914597972007,0.6266867932364846,1.0904350202314832
162.898839,87,96.392596,87.0,79.2971434691899,30.378195005731516,29.59973144284004,-6.417555611133576,-27.012257647514332,-4.846885552718949,-22.071570497936456,-3.027961279566057,0.32545482162383504,0.566291389625473
281.382221,111,96.592437,111.0,167.25679184690227,41.41956789669946,39.13858734168348,-8.255468552112578,-31.671910810470575,-19.976397315663753,-13.016461056792119,-4.512488718745581,0.6007329783966479,1.3336272120405583
229.576612,99,96.771534,99.0,129.10207821989945,35.808322321308935,34.501121282982346,-7.577962851524352,-30.230838721990597,-14.379350446437098,-12.887735282284963,-3.7590223160188754,0.42079899221992423,0.83318200459545
236.896614,105,96.959098,105.0,129.32874900691857,36.84976918846699,36.084582886649876,-8.161490235328674,-30.904027503728845,-12.810753225385664,-13.963586901446922,-4.526629293439234,0.4725210791115314,0.992294266134216
151.633913,68,97.127104,68.0,89.42411947713194,24.67733020709519,22.064618689389373,-5.388581506013869,-20.63893827199936,-12.041665262205544,-11.999251105281987,-2.463719412939375,0.5788498393625207,0.7872357815330282
232.301686,97,97.440857,97.0,131.3458876068598,35.282995202684766,34.87636762390151,-6.95442616462708,-28.46039156317711,-15.567972563949242,-11.23645840587997,-3.9843154528357556,0.4797248729626469,0.930666253547535
254.306025,110,97.64161,110.0,144.5572368053172,40.381502871239604,38.5163074188666,-8.251984896659852,-34.371549010276794,-17.557837045432034,-14.348854674587155,-4.618796000454713,0.4201447294842543,0.9243184048653595
214.306244,88,97.797865,88.0,123.37087020168714,30.273083868301338,31.208308750160622,-6.458588881492613,-25.75518428087235,-11.985075756123502,-10.335069540426671,-4.012100254326822,0.6093826962859702,1.0725135454633075
214.100359,91,97.95978,91.0,120.35526085910114,32.399085025789546,31.579232620878326,-7.286131722927093,-28.326053172349937,-12.66475925141928,-9.38324069048686,-3.5730346461239257,0.5568021815916204,1.0133799704967492
142.620329,63,98.072831,63.0,86.00878863043297,20.37967965394103,20.90155831474224,-5.071375341415406,-19.32258526086807,-12.090007807601644,-8.786670116356408,-2.3990592520597334,0.5766816853289525,0.7266189235144801
171.926535,75,98.20417,75.0,100.97698481882018,26.77685261929413,24.429364077590115,-5.475343701839447,-23.789247697591783,-13.487755435528282,-9.790837299013074,-2.7134820018796404,0.607660761209984,0.911491141814976
231.766213,96,98.373469,96.0,129.30689701263077,33.137151598279914,33.13265101897784,-7.147767174243924,-27.52656892538071,-12.141756159781574,-9.156229381231366,-3.838164656893495,0.651318514240739,1.250531547342219
168.930316,73,98.499171,73.0,97.00685000831024,24.983474165854343,24.954140256078368,-5.480183954238892,-20.86789433956147,-12.099283003409326,-10.236489439200861,-2.3302976820390864,0.592293187586484,0.8647480538762666
125.671512,52,98.588788,52.0,74.69880181326221,17.627075853851895,17.39883214340682,-3.9602269673347466,-15.199486732482914,-9.621716944182893,-5.614425213048903,-1.657342088857681,0.6036518842444862,0.6277979596142657
195.507021,83,98.737856,83.0,118.08681866791723,29.446549387209423,27.87659836412735,-6.176292874813078,-24.372579294443145,-13.656686981129912,-15.605754770692107,-3.0916311850418055,0.5986450665197558,0.9937508104227948
530.831824,224,99.132878,224.0,279.80068058369784,85.28055748882383,82.33514113153332,-16.09229055166244,-67.09422795772554,-22.717234843069726,-25.862454563666837,-8.818347452737578,0.3478114348973352,1.5581952283400617
212.244927,94,99.42001,94.0,105.5954484636171,33.753851948055576,34.125680129403705,-6.563272069692614,-26.942583930492397,-8.259384865168371,-9.595212699125764,-3.8695998191591627,0.5024667800586889,0.9446375465103353
230.326668,94,99.593,94.0,140.70757749659873,32.15741372501201,32.43405991901393,-6.98280577659607,-28.1411273419857,-15.26329852720703,-14.214516332180187,-4.370635190763979,0.4239539641070971,0.7970334525213426
283.306156,118,99.810435,118.0,154.28713189597914,41.863691574809486,42.650471045335884,-8.655639536380768,-34.372429114580136,-13.192314358974345,-12.399312364522416,-4.875443438674253,0.31335251614835613,0.7395119381101204
237.527084,94,99.984717,94.0,142.09722278353016,33.962019282232546,33.45409059122798,-7.063626723289487,-27.926309365034097,-16.433976838220204,-11.032975477947623,-3.5293603098805773,0.6228567502962008,1.1709706905568575
385.663857,163,100.277441,163.0,205.1707989139843,61.86539586780745,58.78892611578577,-11.787600487470623,-49.10487377643581,-18.6171782301521,-17.61951495299527,-6.0320967699737595,0.465267845562028,1.5167731765322114
195.437486,79,100.420124,79.0,116.29087293508253,29.018159053839295,28.09510278269145,-5.867815144062042,-27.087434375286094,-12.086256115078617,-9.481758294073403,-2.443385245846949,0.5289283284078286,0.8357067588843692
245.235805,109,100.619758,109.0,132.69322997130303,39.662163978187486,38.05105141977006,-8.104215130805965,-33.070489877462386,-14.823864064735877,-13.944255270499855,-4.227815906214006,0.4432455212149358,0.9662752362485602
221.929409,89,100.788038,89.0,135.00721230353383,30.738205979589964,31.393802157141817,-6.725458023548127,-26.492212831974044,-18.882129499787776,-8.921612441924685,-3.1883984373980843,0.7150744214328248,1.2728324701504283
264.915431,113,101.001023,113.0,141.89855643747117,41.32720865050559,40.72045856981672,-8.362883524894714,-35.18792423009872,-14.176471778544675,-10.065037155367733,-4.238475657640443,0.3482052399221839,0.7869438422241357
48.694215,90,101.16895,90.0,-47.84255767778868,31.17256881930262,30.75731200997536,-7.7080720210075375,-23.713642835617065,-8.759882471603419,-11.918815900094224,-3.29269476679654,-0.16824540833142204,-0.3028417349965597
280.506984,125,101.499407,125.0,149.19488312017864,44.549408507530664,44.44943750243962,-9.733301297426221,-37.9385888338089,-15.595736765115106,-14.153050517835196,-5.2660677978301615,0.5332552341785985,1.3331380854464963
332.973021,153,101.773643,153.0,169.2429901510194,56.87102831376954,55.123435260835656,-11.909983936548231,-45.85439003705978,-18.84946978081037,-18.052980156952522,-6.59760921013416,0.4863743257628042,1.4883054368341808
193.361339,80,101.91467,80.0,114.92805721374968,27.665344188988072,28.83929963248934,-5.716177895069122,-25.283221518993376,-14.46321026550728,-9.54672492747019,-3.062027172685513,0.6475004578490592,1.0360007325584948
203.302976,79,102.055262,79.0,124.33749117111601,28.981781150789796,27.263382815692342,-5.932695181369783,-22.664399075508125,-16.058801957027352,-8.324572246561523,-3.2992110270252106,0.7009776446538974,1.107544678553158
293.425376,123,102.276288,123.0,162.19378447378352,43.62783462309638,43.225351622321305,-9.127439937591552,-38.616629135608655,-16.299467982884718,-10.10986073050626,-4.468196512001562,0.5354281131178864,1.3171531582700005
111.604876,72,102.405871,72.0,31.002718529554283,23.95350758828553,24.458734414488887,-5.80693380355835,-19.156074702739723,-0.8230767845103651,-11.082118401776535,-2.9418804399036484,0.015799532589975334,0.02275132692956448
180.046123,83,102.552566,83.0,95.92451934039144,27.286094586166623,27.370670972985565,-6.59469032049179,-24.86886105537414,-9.369768860790689,-9.42123103514103,-3.2806103404738276,0.32303011554169514,0.5362299917992139
194.042924,78,102.693881,78.0,119.9021598893113,28.61698483546671,25.8387023500547,-5.7576283359527585,-23.307030868530266,-16.207689060050637,-10.37973904741992,-2.6628360079491427,0.686617754045261,1.0711236963106072
555.826887,250,103.279636,250.0,274.7110461583427,93.15105446503681,92.31613124386742,-18.851392135620106,-74.48972281813624,-18.382415367881254,-32.932806376792335,-9.695008553948012,0.33619562551539056,1.6809781275769529
479.41935,232,103.690485,232.0,210.5584854045138,82.78195381593709,83.4931636792876,-18.049042303562143,-67.20240532755852,-9.113755369223616,-25.439184106903582,-9.60986553176066,0.3988444052589148,1.8506380404013645
424.663544,168,103.988065,168.0,251.34759137581935,60.71008750432518,61.65089970432095,-12.510507940053936,-50.05307274460791,-24.923178298256957,-21.99056646177003,-7.567709346419909,0.4342480900419266,1.4590735825408734
258.430955,107,104.180607,107.0,148.6388593912091,39.00378077576834,37.787655288427366,-7.76053197026253,-34.50049858093263,-16.697070904517307,-11.123589475093572,-3.9176499528682114,0.5986353926273351,1.2810797402224972
167.555073,68,104.300827,68.0,109.25966508499037,23.708799172304484,22.51758689308318,-5.25874116897583,-21.5945212483406,-15.24253867209912,-11.289311967904167,-2.5458655472139413,0.72594129334003,0.9872801589424409
317.047626,136,104.544296,136.0,167.07544269053716,51.337348770351035,48.28469182330411,-10.503945271968842,-41.2883633673191,-16.090441631258763,-12.148855609615255,-5.6182514201617515,0.33797586677169733,0.9192943576190168
262.643255,114,104.751431,114.0,138.9215263865201,42.307830164469735,40.26652066795732,-8.48612448453903,-34.14040518999099,-13.45014919856834,-12.57107232132969,-4.204870878929321,0.5229930580298326,1.1924241723080187
171.322282,77,104.889576,77.0,94.56173529485615,27.563549550979236,24.984125604774732,-5.807150709629058,-21.12391179203987,-11.625955905009356,-11.212945248309659,-3.0171649550293353,0.5109182461661603,0.7868140990958868
327.817251,151,105.276798,151.0,162.75451155439632,55.070229608565164,55.75324649685178,-11.609478888511653,-47.428399932384515,-12.841347915955772,-18.271497205952866,-6.610012903389859,0.40972343701543096,1.2373647797866014
503.762106,208,105.659433,208.0,271.09803783504685,78.89260266532663,76.43891976722382,-15.64299694538116,-59.43176095783712,-24.153750739644508,-22.551918025338004,-8.887027418086213,0.1921906976948079,0.7995133024104009
482.59541,196,106.028963,196.0,264.336388444948,72.09077732646031,72.97876851152523,-14.428606677055363,-56.344608175754566,-20.94764005874428,-22.51245910761317,-8.577210030848985,0.31695834250148364,1.2424767026058159
319.889342,121,106.247184,121.0,196.6765379697686,43.64034091117102,43.4784446513114,-8.989340806007387,-33.367266279458995,-24.502017347354375,-13.053491747272103,-4.99386495773486,0.7021968843856962,1.6993164602133846
308.517207,124,106.475724,124.0,184.52816587839456,45.362484965245095,44.6982681988012,-9.568680415153501,-40.97905842065813,-22.06235927193015,-12.36862666986601,-5.092987331835803,0.6735472052108661,1.670397068922948
277.298091,108,106.664591,108.0,165.52750959467977,38.25864159138656,39.010368648961425,-8.364397137165069,-35.07551687955855,-13.009405563057026,-12.628853232372373,-4.420255644919291,0.6550923831338973,1.4149995475692183
265.860553,107,106.850277,107.0,157.86476508681943,39.027944216061904,38.87043814326763,-8.181422498226164,-32.860194236040115,-19.930348846334084,-11.21302365762791,-4.7176057044484105,0.5477895663696922,1.1722696720311414
203.80179,85,106.999833,85.0,123.08019342165912,28.961693992351897,28.212562876811788,-6.272632632255554,-23.14097548723221,-15.62142686765199,-12.84589328256272,-3.571731795013205,0.49995960561915886,0.84993132955257
249.529756,110,107.309888,110.0,134.02998597211908,40.60262921144619,39.662091864493334,-8.308291523456571,-33.89194369912148,-13.959419515476322,-13.989713121409634,-4.615583229413278,0.5077557871424715,1.1170627317134374
349.103248,150,107.574169,150.0,188.7145993863504,52.65100820777517,53.29387243205356,-11.357477949857715,-43.66636244654654,-13.598393632562201,-20.187466480295157,-6.746531131719499,0.22862580989879955,0.6858774296963986
301.046974,122,107.795081,122.0,172.54570286236367,45.28108254357578,43.49650658932594,-8.650685930252076,-36.44473594427109,-19.193258586648714,-13.3368068858246,-4.6508306491572045,0.6127868589483793,1.4951999358340453
224.354936,94,107.961975,94.0,127.20644781672486,35.57407489468087,32.22880854609703,-7.141585506200791,-27.915128612518306,-16.12062165363153,-9.591712707672723,-3.885346653085792,0.5833367239991842,1.0966730411184664
302.114542,130,108.193444,130.0,154.54407776970956,48.25637073604114,46.726372204955545,-9.586577001810074,-36.517448258399966,-11.09888810713503,-15.09823753558119,-5.111128142570856,0.541946937363006,1.4090620371438158
371.920644,157,108.466775,157.0,204.63339377322106,58.14530698421196,57.72981135931122,-11.68963596105575,-48.15717549920083,-21.473219393278878,-17.96866508528631,-6.299171861257519,0.5440999825388378,1.708473945171951
460.452078,178,108.771887,178.0,269.2578696915059,65.25922779731212,65.40762026528833,-13.049829027652741,-49.74100202620033,-30.352069129038806,-16.981048569815453,-7.348690792346042,0.5835165093188961,2.07731877317527
211.815921,89,108.925155,89.0,123.17361385437682,31.56127237099021,31.781812994375848,-6.646526060104373,-26.44840716123581,-16.08684425306786,-10.902445984142615,-3.6165545945648163,0.5763005199170085,1.025814925452275
305.658282,120,109.246172,120.0,176.83017126415567,44.82161513072703,42.843421851621855,-8.772393373250962,-35.28718707561494,-17.334897011932092,-12.207162387731264,-5.235286058329674,0.5969955319942571,1.4327892767862171
342.472955,142,109.489313,142.0,187.68968145577853,49.9827282385966,51.203359495519386,-10.313669755458834,-38.88751488924025,-16.00753794677737,-17.41388280411168,-5.7802087252105245,0.5730883078698047,1.627570794350245
281.138638,114,109.685658,114.0,158.19148880594318,42.011915234078515,40.949810263127695,-8.642019293308257,-33.753439986705786,-16.161818223911563,-10.992768411634673,-4.464530703895526,0.5450202898410003,1.2426462608374806
202.938785,85,109.83218,85.0,120.2975581469576,29.81051364413794,29.42185010246006,-6.204398279190062,-25.798272383213043,-14.913000518874876,-11.755840091688594,-2.919625833216731,0.5658169811905405,0.9618888680239188
330.727953,138,110.069971,138.0,180.38060244089613,50.86997196192031,47.943485806338025,-10.021604804992675,-37.70291138887408,-17.757537853206504,-15.89125253803354,-5.09280057889766,0.5097996362159318,1.407046995955972
215.3159,93,110.229568,93.0,119.43786438353463,32.79769959686255,32.411674819000815,-6.771486089229582,-28.11350207328798,-15.356405915166565,-8.551964337462785,-3.537980681631862,0.4195083102247442,0.7802854570180243
258.003235,150,110.486603,150.0,84.6772030835537,54.23103934009793,52.98266608855771,-11.618734798431401,-41.363405555486715,-5.264469455480575,-19.63365822845842,-6.00740519535214,0.2284225667549166,0.6852677002647498
232.151582,95,110.649983,95.0,130.65419954632657,33.127392065451254,34.12396182928311,-7.313094003200531,-28.427869784831994,-12.363659465314003,-9.156821147641502,-3.4925269687209157,0.5901182474429305,1.121224670141568
350.000215,151,111.025611,151.0,179.69247536870225,52.94863485121708,55.06698948232362,-11.203499085903175,-42.77351230978967,-12.521174308351513,-15.9827512398512,-6.226947717593928,0.5491658405741732,1.6584808385340029
190.792319,81,111.164065,81.0,103.02080128937952,29.671754378141213,28.366725203241742,-5.82979370832443,-22.962356024980533,-10.96389280884393,-8.517791618052332,-2.9931274821008667,0.5450956079720465,0.8830548849147154
262.815959,113,111.358101,113.0,147.6796689992094,41.244508636871096,39.31947585967343,-8.613327176570893,-34.23301254510881,-16.729978460584018,-14.628996669880259,-4.2223793637257865,0.5445139450806737,1.2306015158823227
237.365297,104,111.536841,104.0,128.72215760727738,37.022416511709366,36.012122726720904,-8.284838600158691,-30.6881715297699,-15.027500745637044,-10.513849033822783,-3.8770399091611925,0.26385070086394624,0.5488094577970082
342.767789,148,111.799329,148.0,186.72516057845274,54.11174104257465,54.53951173437958,-10.813237895965575,-42.67032729387285,-21.602041759112744,-19.740883922908395,-5.782133105916443,0.5582923868883386,1.6525454651894822
409.116403,179,112.124833,179.0,213.03063344091183,66.25302774196332,64.77723512995411,-13.46864290356636,-49.93776463270187,-18.680085861157412,-24.87471641980668,-6.983283566078309,0.31981650920556315,1.144943102955916
354.195953,147,112.400392,147.0,186.1114857696661,54.69845286651146,52.19524005177518,-10.728312125205997,-42.90854435563088,-13.25960441601022,-13.680980294944447,-5.231784179585555,0.3595256112148659,1.0570052969717059
302.560986,119,112.622223,119.0,180.30970781093117,42.965336570753934,41.35116184058021,-8.974225981235508,-36.866709458827955,-18.88700857264613,-11.571103705173151,-4.766172380033025,0.5901022588980368,1.4044433761773274
539.360722,226,113.138756,226.0,283.8210526898772,83.01034237272486,82.83501187949345,-17.675041656494137,-66.9511036336422,-21.27124015376741,-19.981576281106854,-10.426723613104821,0.39054733490601456,1.765273953775186
330.328608,136,113.372579,136.0,183.84939899124137,51.7519038230901,48.819736131051165,-10.308428590297709,-38.64978063702584,-19.01743956204695,-16.52991236226769,-5.586869689344592,0.5020633753784899,1.3656123810294925
258.399566,111,113.564277,111.0,143.33384037760464,39.271401210108515,38.23381684299673,-8.363519191741943,-31.65411373376846,-14.418253274399511,-14.636723228782913,-4.366883300924635,0.43505504414569024,0.9658221980034324
314.852458,129,113.814577,129.0,176.58833790025645,47.53177607630362,46.811534963707054,-9.534408521652221,-40.207337206602105,-17.86260695276518,-13.212539197077735,-4.262298752294429,0.5487615608956248,1.415804827110712
351.765053,152,114.098622,152.0,182.53869958662588,55.53522072814893,55.615488525665114,-11.409587149620057,-45.739111775159834,-17.862970871138177,-13.000746675313305,-5.911938901113391,0.2158027503376508,0.6560403610264585
228.715803,94,114.270744,94.0,127.9692958978506,34.448522875578,33.0375390250978,-6.919406411647798,-25.10538488030434,-12.860101337691832,-11.767939815794602,-4.0867223053444794,0.5788385915825793,1.0882165521752492
398.337086,176,114.592587,176.0,197.62472993235485,65.67355277793261,64.63743370038198,-13.040006783008575,-52.29891612529757,-17.60969277794992,-15.912241787051984,-6.7377725648391005,0.41033625590699946,1.4443836207926382
293.55796,132,114.975086,132.0,157.33731760635266,49.65818253416143,45.84635152497265,-10.31291783332825,-40.41949177384376,-18.262930982546543,-16.925658586429876,-5.362892945940177,0.5112621497892792,1.349732075443697
591.505303,252,115.433351,252.0,298.47233614440785,93.95966208486519,93.45482817675767,-18.53460686445237,-72.44384362697596,-21.37685567333479,-23.960641212530494,-10.065576281306528,0.20986299045453796,1.0577094718908713
444.813914,186,115.814303,186.0,236.20906547181195,69.62226321132226,67.25127958640407,-13.866215727329264,-51.58746098279953,-18.988568021138015,-22.556448323248667,-7.27000171412999,0.42700842380963766,1.5884713365718521
82.189615,74,115.947612,74.0,5.05288030637161,24.3956529167638,25.518723000811793,-6.666365973949433,-19.888681542873375,-1.3495556606579306,-15.70695481357916,-3.1660829545875755,-0.05470780765913091,-0.08096755533551374
207.717896,92,116.108174,92.0,109.54830887492608,32.175261268006686,30.95774031504683,-7.189308016300204,-26.240003240108507,-8.975697152508397,-11.025675278276323,-3.5327308039379735,0.5244755779465461,0.9650350634216448
151.696684,88,116.264766,88.0,48.20777123927569,28.249802313315172,29.99676229086514,-7.458245651721957,-21.338196164369595,-0.9096505040191466,-9.532222800276474,-3.519337072789584,0.0716721859183996,0.1261430472163833
636.492221,267,116.770043,267.0,330.5782658834197,99.68333386998911,100.76241224849204,-20.342349668741228,-76.89019805788998,-26.866354181911763,-25.695266299369706,-11.737622625550298,-0.08242691540312984,-0.4401597282527133
763.144612,317,117.483687,317.0,398.2287385244718,119.96894576839293,119.61934967513609,-23.51970755219459,-90.22544404268262,-28.492902456054075,-36.546771101496965,-12.8875970548736,0.49052293576856937,3.1099154127727298
383.662816,161,117.776106,161.0,191.95753882579328,59.78790752576175,59.169126231806025,-11.626167649030691,-42.1069059252739,-14.089353228515739,-13.83403091330395,-6.595299127801853,0.46251486579747686,1.4892978678678757
471.694944,197,118.132657,197.0,251.34238584355958,72.58757287695606,73.13657365869301,-15.02813448548316,-57.65093579292297,-21.529309647093292,-19.63738709418518,-8.52582155697638,0.5320170728301267,2.096147266950699
344.183081,139,118.394116,139.0,195.55043887237275,51.077799811468616,49.77582057086346,-10.212843041419983,-39.15169246792794,-19.6679265100696,-16.287904081919123,-5.900612401404681,0.48883140776568806,1.3589513135886129
209.847224,92,118.565164,92.0,119.5115769091802,33.40158599843837,29.458049828943604,-7.364870097637173,-25.60244725942611,-14.906494863466637,-13.025534989282061,-3.6246418356707157,0.5225310066377474,0.9614570522134552
177.733137,77,118.707045,77.0,99.52716810070866,27.449150967764048,26.47343386709729,-5.5526136684417695,-23.109552705287925,-11.918464912203548,-9.11143512415667,-3.0245498175049854,0.5543656719382132,0.8537231347848483
896.825236,377,119.510569,377.0,449.6213134373124,142.7970762491714,142.49327245615973,-28.658994426727286,-108.08004040122037,-25.605180919441853,-35.67669513067654,-17.065515242979764,0.06118952860468542,0.46136904567932807
69.552228,91,119.679212,91.0,-23.29034748803777,30.899316004315487,32.05092577759907,-8.066201949119568,-24.38772753477096,-6.7198867656084165,-18.431445764871675,-3.5024044268415064,-0.10609606876145328,-0.19309484514584496
138.809409,128,119.91974,128.0,-5.824422477260773,44.343194764198586,46.972049009976004,-11.079998006820682,-35.9083400428295,-11.296453886494906,-12.216885269514968,-4.17973546356966,0.21022301216347516,0.5381709111384965
257.35272,122,120.1401,122.0,126.39665462196633,39.89125171493821,37.844710906468784,-9.9822608923912,-34.32856401801109,-9.412405272666618,-10.740370717804872,-4.31629672604514,0.46089341010675666,1.1245799206604863
276.999735,119,120.359434,119.0,153.59239248932272,43.98182566751633,41.2134710898699,-9.049698810577391,-31.848687660694132,-19.083277424438172,-16.191105678661664,-4.615184599389455,0.5791068833113988,1.3782743822811292
248.759454,104,120.547847,104.0,136.8887328230099,38.19090408883726,35.93415190659674,-8.12553738117218,-28.996664363145836,-12.819151125694404,-12.731527971567182,-3.581454039816669,0.5296674127501974,1.1017082185204106
256.551578,119,120.763097,119.0,124.92486622370141,42.3778833936056,41.80700388763624,-9.847813577651976,-33.81423462629318,-8.33333395027033,-14.464364068826594,-5.098429703656542,0.511194370976182,1.216642602923313
187.256159,77,121.025216,77.0,110.08052750503583,26.607193813649843,24.77446243570455,-5.715799174308778,-20.533877450227738,-13.349574008927029,-8.665378905529012,-2.9413949830436628,0.5935683633109068,0.9140952794987964
863.030559,353,121.658563,353.0,456.802140112447,135.00118253698926,130.4661539552896,-26.88168969392776,-103.53003551661969,-35.54524692956763,-31.252675064761295,-15.029270692927854,0.4061010369503002,2.8670733208691197
428.675655,172,121.981233,172.0,237.4800727150113,64.45494495769385,64.28057133717499,-12.779611818790439,-50.40984742045401,-22.15389984747314,-17.272794510721333,-6.92377996273771,0.5222886849792941,1.796673076328772
473.740128,187,122.332723,187.0,268.0072246068564,69.98192396825367,69.64755589144555,-13.629087963104242,-53.56552192568779,-25.869653222288093,-20.153240223885618,-7.67907285591838,0.23219923200621362,0.868425127703239
493.230841,200,122.701075,200.0,269.0967891977381,75.41780867209104,74.09673957340208,-15.120588119029993,-59.3197768568993,-23.75786398231868,-19.49897692150678,-7.683290785192612,0.5928327025524487,2.3713308102097947
584.01341,252,123.28729,252.0,285.90630808545427,96.14153096850205,93.88752561046623,-18.908789516687406,-73.46690433025357,-21.301131336345364,-20.1090179913565,-10.136111796271837,0.48475082078586973,2.4431441367607833
317.646515,127,123.527347,127.0,181.34964444886108,47.2590525040809,45.92894041985953,-9.980318393707277,-37.55075986981393,-20.59917336235758,-10.732967825705215,-5.027903375797963,0.557405727807877,1.4158105486320076
491.339364,231,123.955657,231.0,222.07878909954835,81.9233505679434,83.06157146386748,-17.862832691669478,-62.5512817323208,-11.286213991940981,-25.35378029669524,-9.670238338472496,-0.05079452218940256,-0.23467069251503983
661.381931,288,124.583021,288.0,321.8636228870851,106.97276562453781,105.26728388023496,-21.350054235458366,-80.3977967619895,-20.799300866044494,-26.631538373023957,-11.54305136284733,0.17690067319199088,1.0189478775858674
1451.404655,635,129.766366,635.0,686.8350799317952,242.35568823723182,241.89248817103635,-48.22681820988653,-178.28694109916697,-33.13230386127766,-66.58935936527223,-28.443178993800377,-0.14857397155240246,-1.8868894387155113
412.623477,162,130.195659,162.0,230.08342837591232,59.08399404470117,60.14179812908204,-12.147576167583466,-43.54432044029234,-22.660937324714837,-13.514303119548977,-6.81860649753743,0.46024839272891055,1.4912047924416703
630.697501,262,130.877984,262.0,327.0069772084189,97.4435384248385,97.25486334357866,-20.115665290355675,-71.4765757024288,-25.696175388918682,-24.387861771084243,-11.331599917393799,0.4625500790282649,2.423762414108108
204.769945,84,131.083454,84.0,127.99986659266888,30.62503627219728,28.389514155528413,-6.606694362163544,-24.857548880577095,-16.856463876042262,-14.317239451424921,-3.6065253812517604,0.6733448559157654,1.131219357938486
210.896324,142,131.546599,142.0,58.71828219750173,47.777668709489184,48.72160210406935,-12.773844193220137,-39.80471037626268,-5.878745704051952,-22.315967722845116,-5.547961378181307,0.2695103986305219,0.7654095321106822
645.500644,265,132.428119,265.0,334.551991394658,100.2215785155326,99.52166383690296,-19.294748675823215,-71.84608725309373,-26.54752113996846,-24.873470039981964,-11.232762394972966,0.42195311316365847,2.2363514997673897
231.140956,97,132.84634,97.0,130.93733645790877,35.40571919454333,33.5439179848489,-7.544198663234711,-26.885756051540376,-18.70659673741627,-8.497516068838966,-4.111950318756926,0.6726238447287126,1.3048902587737023
331.860372,145,133.289968,145.0,169.0578122671568,53.07526515577153,52.219573705535794,-11.204180138111113,-40.668610811233556,-14.186186658918132,-15.277326358461574,-6.155975385669609,0.4818399264532141,1.3973357867143208
429.432905,225,133.89034,225.0,157.53395100979915,81.09770573259414,82.23406577508533,-17.480896532535553,-58.47254413366316,-5.254446188206516,-26.667201300500377,-8.557729704761599,0.3174512946545918,1.4285308259456633
216.110481,92,134.205779,92.0,122.4727027510218,32.11915859139762,30.888405682701805,-7.3978412568569185,-26.536921679973602,-14.226011444870146,-9.862708797382664,-3.346302934168508,0.5089369754965418,0.936444034913637
665.320201,268,135.193705,268.0,369.6953692859251,99.7499230214746,99.16540108248344,-20.751295083761224,-74.5974228084088,-33.340030575532516,-30.053348304992543,-12.54839604643159,-0.015419020329985983,-0.08264594896872487
1057.582314,473,136.815562,473.0,469.8074553806751,177.2660045091401,177.41433299418338,-35.21571204423904,-126.19944606125351,-20.470433528572077,-38.46893575618343,-19.550951308212703,-0.02112213807248009,-0.19981542616566167
449.011431,179,137.449847,179.0,250.35274973493074,65.1664825359305,64.87824525392683,-13.776657679080962,-50.14854695796964,-22.262857223099672,-16.379456712944698,-7.818528081893741,0.43246869037011154,1.5482379115249993
276.126423,118,138.047029,118.0,155.74811497631163,42.607898123025144,42.13231165949419,-8.574847552776339,-34.5623685657978,-16.645531446154074,-18.10558680414867,-4.473567111341519,0.5814553709921572,1.3722346755414907
754.8244,382,139.888604,382.0,298.86140731553417,140.17601141948006,140.4352240623846,-29.62775360465049,-100.94607492685311,-20.562172456514414,-39.96577397847261,-15.546467752014363,0.22674458946947343,1.7323286635467772
377.859295,162,140.469137,162.0,197.2886708009232,60.91127382153144,57.970147843233384,-12.339128460884098,-46.99251573681833,-19.432781687109166,-15.270334563306516,-6.2760367215717965,0.4772287202045868,1.5462210534628613
137.819075,81,140.743232,81.0,50.6262316704162,25.951719128786507,24.215697525241037,-7.311868171691894,-21.787035536766062,-1.4915449560108607,-10.593908107833574,-2.7902165154253495,0.3613667678488713,0.5854141639151715
400.189828,161,141.319688,161.0,228.67538335993692,60.99579398985662,58.20930607601887,-12.388722636699676,-47.47812138199808,-23.297343535209702,-18.807865270963028,-6.718602850627296,0.5952721839556063,1.9167764323370524
148.539572,119,141.68067,119.0,12.067422897468237,42.95962046808546,41.72774790097101,-9.875399839878087,-30.238904827833174,-4.5723449917553545,-17.936988158460363,-4.591581783130379,0.21149530082909312,0.5033588159732416
597.140858,251,142.467598,251.0,309.7582895601068,92.43444506676302,94.53560152731825,-18.821649377346045,-66.18161759972575,-28.629423118625798,-25.515385410728864,-11.439402935351936,0.5024387292608529,2.522242420889482
1271.252352,515,143.597634,515.0,660.5987796814738,193.57760765502948,194.45252700369105,-39.4202802371979,-145.24307603836075,-44.698056140538654,-40.208651997401226,-22.806497811554063,-0.026654826702230194,-0.274544715032971
552.316063,231,144.051804,231.0,297.5121763482738,86.04750910961508,85.50693524373553,-18.212121143341058,-64.28974245786665,-29.469013768555694,-25.664665969581137,-10.115014740253462,-0.07805757707529104,-0.3606260060878446
85.66281,87,144.223826,87.0,-9.973960840663754,31.481270366388095,31.613961057830203,-7.450944519042971,-22.558295160531987,-6.636366924762735,-13.858950278576645,-3.9539039884847895,-0.002607041447538794,-0.004536252118717501
278.331231,116,144.451467,116.0,151.2340594985609,43.7417908154034,40.847416029258234,-8.28215340852737,-30.363641020655635,-14.459159337611888,-15.916947820678084,-4.47013388954845,0.5613303411734896,1.3022863915224958
1603.268951,682,145.791727,682.0,797.0291944597762,263.3910881305718,255.82892543604012,-50.83555172681804,-194.11778415143505,-49.90608408142214,-70.4902884739206,-29.63054853418292,-0.0584521896757573,-0.7972878671773296
948.658693,404,146.511662,404.0,479.7980672079314,155.05232591990293,148.9072955859068,-30.77133727312087,-115.80081453323369,-35.7300959862235,-40.32436349032156,-16.472384473314264,-0.1368823143850513,-1.1060091002312145
259.967099,113,146.843598,113.0,145.36170045883188,41.199178372167545,39.594625917241416,-8.791227424144745,-32.66175467371939,-14.608909206515367,-18.447408809638144,-4.679105460973991,0.4870104666237786,1.1006436545697398
1095.560176,452,147.653857,452.0,563.978207695503,169.32265091144652,167.6946733691124,-34.29815627217294,-128.32514569163328,-30.92417038038027,-44.25233863635559,-19.63554540874493,0.3376241651849939,3.052122453272345
497.250721,208,148.029309,208.0,254.14478325219773,78.09359799152628,77.62290432034517,-15.384090441465377,-58.38853297829627,-18.82605654001655,-20.043879480686115,-7.9680049779692625,0.30134725429761716,1.2536045778780873
1533.229873,660,149.321046,660.0,741.6231482466761,255.39661267259726,248.9592750901642,-48.98043802022932,-190.07902120947836,-40.579591317535055,-66.07492228432079,-27.03518985448042,0.09017759100114868,1.1903442012151626
775.893204,329,149.924187,329.0,386.6039168879129,124.54799317694886,122.70289222847288,-24.31296973228454,-88.43305293321617,-27.48307447560106,-33.88522206254698,-12.84727894683331,0.13927741789339473,0.9164454097385373
330.865659,212,150.297822,212.0,81.60408635478757,76.86662554979613,76.44172779234874,-17.37597740888596,-55.433084034919744,-8.687693180053211,-26.341255596586812,-8.208770929296906,0.20832610625261253,0.8833026905110771
365.32345,152,150.696359,152.0,198.92079586104975,56.97026347775118,54.900763928418314,-11.288032861948016,-42.73909887075426,-23.292399329081956,-14.573746553036273,-5.575095692195108,0.6002642204496498,1.8248032301669355
715.747871,332,151.292172,332.0,312.50680840071595,123.61739778527671,122.4803119079628,-25.488278803825384,-88.6823251783848,-13.87529262038353,-33.596945159750504,-13.213805561632242,0.4074975386274233,2.7057836564860906
2278.295055,1000,153.205889,1000.0,1049.9771240084344,387.8191922672063,385.25076623582265,-74.20019817590715,-280.884623247385,-47.05262993631602,-101.17998816559461,-41.434588378924445,-0.26993782169082425,-5.398756433816485
567.625374,241,153.630466,241.0,292.33452123058566,91.90421899609855,89.69821461834759,-18.17376508235932,-67.20782215595246,-24.916259529865208,-27.52168426076564,-9.492050101282622,0.39415608967237953,1.8998323522208695
329.273729,152,153.895313,152.0,148.67378388294486,54.76479840211311,57.25305186981367,-11.316105735301969,-43.41578257679941,-11.266838989060652,-11.665715546467931,-5.753461891551956,0.3097019477698439,0.9414939212203254
1018.411038,438,154.793579,438.0,499.00961554102054,167.75383227692237,161.15829562960226,-32.87229935646058,-125.97837873697272,-29.732236725995755,-41.65094611475938,-17.276844840291552,0.24343301742907736,2.1324732326787177
356.840884,141,155.044645,141.0,199.83768009359338,52.58008973545869,51.11276909233236,-10.999074772596352,-38.41556233167648,-19.290135266289845,-12.280472990280465,-6.704409385599024,0.47864416117911457,1.349776534525103
731.566506,313,155.605233,313.0,368.99682045559035,115.31492011403928,115.87529869526198,-24.397989451885223,-87.96670191884041,-22.219984502491673,-33.21417158826819,-13.821686226938306,0.04540164126615537,0.2842142743261326
1610.309236,698,157.071333,698.0,757.8253347741864,262.7376540310655,260.04112064469416,-53.789437177181235,-194.0407821029423,-34.91179443273264,-55.317805304048,-30.23505446945809,0.14113799486020623,1.9702864082484792
825.780848,354,157.706851,354.0,407.77119550869196,132.93033639635365,132.60864537298576,-26.185338010787973,-100.26284770667554,-27.064758276183834,-33.12368771926618,-14.89269756477745,0.043111945129737705,0.30523257151854294
130.643436,110,157.902417,110.0,11.57704902350644,37.50737055422597,38.52685124790252,-10.086692445278164,-29.767709356546398,-5.150110134137086,-17.629344708511677,-4.333978590003378,-0.0640195697271726,-0.14084305339977973
850.024728,366,158.752772,366.0,415.34591360866636,139.0134620930158,136.76091460595364,-28.516210625171666,-102.17057643532753,-27.75744753788313,-32.77034859826924,-15.880978816971329,0.23880105153333378,1.7480236972240033
1086.705365,452,159.596542,452.0,552.1773866560369,171.21520963163462,171.42836086544057,-33.967815345525736,-125.74921441376205,-36.36616689073919,-44.17840027494156,-19.85399553018976,0.30924611034604055,2.795584837528207
318.268848,155,159.864382,155.0,134.76299931352173,53.76573430029752,53.51255239366632,-12.50660903453827,-41.588104557991045,-4.641600316309941,-14.024477653835397,-6.011646421048932,0.39178246239069436,1.2145256334111525
1076.424533,506,160.87436,506.0,463.7049179627555,192.62853188178613,189.36210041202443,-39.340586588382756,-135.0877243816853,-30.013031739554943,-49.37612254776802,-21.453552098541902,0.15426616268363827,1.5611735663584194
923.980559,380,161.544966,380.0,483.88189067829217,145.69414164189558,140.97680717118672,-29.26911570310592,-109.4950787574053,-36.368328032300205,-34.849452084620914,-16.590306360575667,0.11035566905428235,0.8387030848125459
1090.899514,499,162.575171,499.0,497.61410105939854,183.80914271630326,182.16057782732435,-40.149307620525335,-135.19799865484248,-22.589320044163383,-53.156171663285875,-20.59150949315646,0.29436992281785135,2.9378118297221567
2353.529869,1000,164.488277,1000.0,1137.0673380102485,389.5603245292634,386.005087756263,-75.48781147360815,-285.66504161357864,-54.44527514171337,-98.52881093910847,-44.97594211729161,0.3277591074695581,6.555182149391162
2345.744174,1000,166.432723,1000.0,1113.4333422868904,387.9091463920889,386.2085227454972,-74.2800578308105,-282.0271057635548,-51.53782054412732,-91.46296290331405,-42.49889027823053,-0.051557642437144835,-1.0311528487428967
1718.603286,722,167.735682,722.0,850.3998591323658,277.35357381005787,277.1278537520331,-53.40121157169346,-202.85861374735802,-48.99443969664854,-73.17843936440258,-29.845296613999295,0.3380066056466768,4.880815385538012
624.684841,264,168.207072,264.0,314.00659768141605,100.05667443879392,97.77916616688334,-19.54364290952685,-72.05698103308679,-20.07679659704587,-28.812275600672717,-10.667901355788157,0.4782760223102932,2.525297397798348
1337.642765,554,169.336182,554.0,694.1708282429539,213.71755912095617,209.0822806804279,-41.97125466465949,-157.19321711063398,-47.521473646930446,-62.47806044909014,-24.16389753896228,0.40026135823943965,4.4348958492929915
1654.290088,712,170.723807,712.0,784.3912955706962,274.2791487061475,270.23885368706783,-54.52968346714975,-191.33380880951898,-42.98825835442001,-67.14104746643797,-30.626411657269074,0.3577086117508752,5.093770631332463
2015.111524,853,172.368864,853.0,991.2413386781177,327.92425078544113,324.0554535626568,-64.52066868066785,-234.96593850851048,-56.04637924914305,-89.23226147265939,-36.344271172141895,-0.001201292211884732,-0.020494045134753527
2140.512578,945,174.08472,945.0,973.5590724253099,366.86988020465105,362.67891262830193,-70.36357848525049,-261.79753946959966,-52.707159200073285,-83.15791382386413,-39.56909583095517,-0.2272377805533429,-4.294794052458181
1951.464259,811,179.54158,811.0,968.0453164124164,311.00199757205115,308.7627168779525,-61.99730553507802,-233.82477323412903,-54.93513069867161,-62.64546157351092,-33.94310056529912,-0.22163162070545098,-3.5948648878424145
441.447949,157,179.823313,157.0,263.9191954325221,58.32047621263392,57.404986605788324,-12.331938571929923,-41.33972319066527,-20.92069782038709,-12.85304237317586,-7.751306888301717,0.6612770279512066,2.0764098677667886
2388.403503,1000,181.7262,1000.0,1148.3176984106324,388.63630246271424,387.5669808166144,-74.90750680327412,-277.9616887658835,-55.14740182859173,-84.48961728071109,-43.61126409412637,0.2611984682708297,5.223969365416594
1174.436951,470,182.718237,470.0,625.1589833288939,178.54980518966613,178.48272021683826,-36.28972643852236,-134.41255424022663,-42.218714045464054,-44.492672448157336,-20.34089104128852,-0.11116359522530345,-1.0449377951178525
2490.93955,1000,184.663552,1000.0,1264.100933254565,389.2172293589943,388.1041777645392,-73.9891901791096,-283.4595568299293,-66.2543506707468,-84.21159080088235,-42.568102256704655,0.15330788817458102,3.06615776349162
2494.985473,1000,186.589273,1000.0,1263.8594824039394,390.47678231233044,386.802257480887,-74.3228893864154,-276.39672768413976,-66.37084012324611,-84.32362482317215,-44.73896757343081,0.319726824538033,6.39453649076066
381.683824,150,186.868689,150.0,207.8474383607211,55.1777694193658,55.27236312221117,-11.332434940338146,-37.13916492164134,-20.253537567456377,-11.006277145481151,-6.882331936479445,0.5843583580516577,1.753075074154973
2431.431672,1000,188.841025,1000.0,1194.7476451119212,386.36415883662556,386.97570121358484,-74.26957348108297,-276.8482674598691,-59.26806404286561,-83.97366423728992,-42.296263454812184,0.050450827071256255,1.009016541425125
2484.256581,1000,190.748034,1000.0,1256.0088947976494,388.7558401881911,382.535080001882,-75.47048398733138,-272.3560879915955,-65.67449921968482,-87.63857357477265,-41.90358938640967,0.46322039153916456,9.264407830783291
1327.877914,554,191.757934,554.0,652.1203859967266,211.9938622746454,208.22532088616197,-42.2919291472435,-147.67073350250732,-32.38691613800657,-51.51212372644688,-24.59995253193111,-0.20883829054116584,-2.3139282591961177
2477.138834,1000,193.675746,1000.0,1241.0571555718159,388.8526826093851,388.99341512801595,-74.16282584786426,-278.5468511670823,-63.68372050946692,-83.75174515249819,-41.619276721346374,-0.1502028599042307,-3.004057198084614
2505.745042,1000,195.606508,1000.0,1273.0263612252845,386.4664899914148,386.45207595499966,-75.37583496809005,-270.7012134894727,-67.06353518796749,-84.99676700230714,-42.062534464244756,0.19334232075403385,3.8668464150806767
2467.799153,1000,197.5207,1000.0,1239.4453495299672,391.00023715640253,385.0314796146726,-75.30424142807728,-275.20412397086585,-64.29102841561976,-89.93097868375742,-42.94754055666581,-4.6912670216523326e-05,-0.0009382534043304666
2493.468136,1000,199.461054,1000.0,1257.8922308867254,388.1800915484163,382.7640538665269,-74.99547190427776,-269.78327316641804,-65.57877913667512,-82.559917059201,-42.45079914686428,-0.12353352864709093,-2.4706705729418186
1577.669907,607,200.698655,607.0,852.3473944012051,233.01683982415432,232.53364740943212,-46.09756510019304,-161.24969432353973,-59.644656410049336,-53.34053434276209,-26.89552492748046,0.3427732552847793,4.161267319157221
2520.834872,1000,202.657844,1000.0,1288.603282009847,387.75376656108597,386.71183758016195,-74.78829238176334,-268.5496058538554,-68.20445851332643,-87.25428093598656,-43.437376138486506,0.13356818256677264,2.6713636513354526
2517.732666,1000,204.628477,1000.0,1292.945035710684,386.9302386522751,384.6605381797044,-75.86939133644098,-273.25549230575564,-68.9621416452343,-86.42028499592975,-42.29583675786986,0.1119085306255619,2.238170612511238
2542.713353,1000,206.574516,1000.0,1317.7737513081809,389.90662004638284,383.29394424946474,-76.94108629703527,-274.15861876010916,-71.80172840913036,-80.9345203342727,-44.425008382431564,0.2719671059887804,5.439342119775607
2591.096802,1000,208.550348,1000.0,1364.1485860693829,385.6835026575279,383.9879234165481,-75.86845339655868,-272.7313895404342,-76.76203093884189,-74.69374244240879,-42.66759333112334,-0.20347000820570016,-4.069400164114003
245.162922,146,208.823456,146.0,72.42124013428558,55.14691877903109,55.36862193499707,-12.206600532531732,-36.29412268400193,-13.163494748627985,-16.125656092977657,-5.98398443251003,0.36714866850166616,1.0720741120248651
2574.258924,1000,210.733564,1000.0,1355.9748839395018,388.3161553739648,383.50820198418256,-77.37667024493226,-277.2375057935715,-75.8497861678579,-77.97838088321276,-45.097973967599366,0.10376844558987648,2.0753689117975296
542.776536,266,211.207362,266.0,217.55106839094336,101.41986253756886,100.9101225086823,-21.17823447942735,-69.37317891716958,-17.32118742514326,-24.145298422974975,-11.086618230237695,0.2738412844182948,1.4568356331053285
2589.078565,1000,213.140395,1000.0,1355.4082029971207,389.32514345624827,383.9125800703369,-73.65679360747328,-266.7969760924578,-76.05372077427342,-79.0858132510702,-43.97405799002538,-0.11637101941378203,-2.3274203882756406
2610.281254,1000,215.077414,1000.0,1386.6046102329324,387.6433822347341,384.05245131734,-76.00928006172187,-269.59267085790617,-79.76585091681538,-78.32612611162594,-44.32526201446849,0.05389332334195832,1.0778664668391664
2316.280322,872,216.749423,872.0,1260.8666731193116,337.03979305464634,331.2840124540774,-66.25649590015408,-238.7977033019067,-77.65463032516885,-63.20407629258694,-38.99725117464606,0.09249152632458878,1.6130522191008283
2616.321289,1000,218.702495,1000.0,1398.0889665489603,389.24262472615106,386.6391848694193,-74.89033847332004,-273.6511673241853,-80.3196396163617,-82.52634764199475,-46.26199366966379,0.1317951763930117,2.635903527860234
2652.590313,1000,224.449706,1000.0,1435.9562168088223,389.4597841696976,385.94196111797606,-76.88797578930857,-268.04499469399445,-84.90081585374746,-83.95470335636217,-44.979159338340075,-0.16755311072581938,-3.3510622145163875
2670.580489,1000,226.385739,1000.0,1452.039950725367,388.7864113955944,384.7104010972543,-76.05804518222817,-269.6169267922639,-86.57660030187232,-77.64544506995784,-45.059256944379165,0.11011190467327758,2.2022380934655517
2672.996374,1000,228.445572,1000.0,1452.505150298772,390.84967469179105,388.5065363763194,-75.940208530426,-274.9687870740892,-86.28210726091291,-76.51605172260687,-45.15783283547199,-0.21029257734472567,-4.205851546894514
2707.914959,1000,230.416926,1000.0,1508.9398021124339,388.5615217964884,385.4921149679198,-79.03714083909992,-271.6128524422647,-96.11977700450619,-82.79590627945184,-45.512802931290985,0.1375140473857493,2.750280947714986
2724.192389,1000,232.384799,1000.0,1519.6400129765182,388.6568917914421,385.95246630706237,-78.28007335543631,-275.9481186449531,-94.72075918820141,-76.11935461860637,-44.98867661399754,0.2093509761385492,4.187019522770984
2012.5292,731,234.129228,731.0,1138.2054576824044,285.4681020259317,280.46789455900876,-56.832151685953065,-191.4930287599565,-82.62271394886307,-57.450371446175474,-34.21398794664696,-0.12520291981731488,-1.8304666877291438
2568.710379,942,236.057544,942.0,1463.986963229476,364.61603528382693,355.0782772398625,-72.82919567227363,-250.3849235177043,-101.9274068342521,-89.73031728778861,-42.09905390912432,0.23631006708460123,4.452081663873887
2779.76785,1000,238.08677,1000.0,1578.055972302554,387.98309409107065,386.0908524001027,-78.36352352261534,-269.84642680287345,-102.55076364993666,-74.4632087427598,-47.13814597858776,-0.035736682428299964,-0.7147336485659993
2694.807744,1000,239.998636,1000.0,1484.5874070457667,389.401311769499,382.7631921782646,-76.93918910026545,-268.77368301451213,-90.02946591744325,-81.30941998747774,-44.892409141068114,-0.060338610397969394,-1.2067722079593879
1594.066709,553,241.219686,553.0,950.8722518130631,211.8924636083691,210.4307036560974,-45.56122172832491,-146.72827824950227,-72.30621694595455,-40.0520366171191,-27.480956716919373,0.5892141521618144,6.516708522909667
2817.297081,1000,243.385816,1000.0,1613.226080723839,387.35678765942214,385.2629462200272,-78.23301857829088,-262.0910552442076,-106.2980675542896,-74.90341888108135,-47.02317359020383,-0.014681900022107619,-0.2936380004421524
2835.203484,1000,245.332591,1000.0,1626.8928090380628,389.52938479315105,388.27811784741317,-77.52311091661463,-265.4854139298202,-109.27728753116978,-71.33498590384639,-45.87602893126336,-0.20777819349993493,-4.155563869998699
2814.118016,1000,247.249553,1000.0,1608.4049668344942,390.4897305930357,386.8507508145892,-77.0679092073441,-269.56560621857653,-106.23107902274852,-71.69625381819932,-47.0665839915263,-0.030671406998249127,-0.6134281399649826
2806.486263,1000,249.368467,1000.0,1592.3852401640659,387.93547951431697,386.97773199520964,-77.50588240504263,-257.4230037987231,-103.8974955814763,-76.49792387021189,-45.487882732821525,0.16090505860745205,3.218101172149041
2914.487748,1000,251.491419,1000.0,1717.826774383191,388.28102722453747,388.76275676963724,-78.48163441896445,-262.65978967249333,-120.94476769021333,-69.75629383803629,-48.540325199869805,-0.009165045586407964,-0.1833009117281593
2842.752874,1000,253.444824,1000.0,1629.1914554427306,390.1486539939959,390.2517671013357,-78.43564573526386,-263.0504358887671,-108.6690552722693,-71.03338083331809,-45.65048516597603,0.01883788666104581,0.3767577332209162
1666.773321,593,254.528886,593.0,973.4496265492422,223.7269520096852,227.55943883934566,-47.56149046659475,-147.88972504138954,-72.8077081899034,-55.6499532766897,-27.053819383607493,0.1843915169334227,2.1868833908303933
2829.798452,1000,256.512531,1000.0,1625.5207510579603,389.42675914371716,385.9506265776232,-78.50378411054605,-261.05148576498055,-107.98537100793433,-76.09790376284995,-47.46113996653814,-0.2426112004078785,-4.85222400815757
2909.177412,1000,258.723683,1000.0,1695.8520788089056,390.0402604922378,387.9586873917502,-78.97564571857454,-251.0587283611297,-117.90350957978673,-67.94778856065999,-48.78794279723845,0.11079825987492084,2.215965197498417
2851.90161,1000,260.788735,1000.0,1634.2575664190724,388.48645398098523,384.943693494024,-78.58317890167234,-252.91263273358345,-110.24946583008891,-69.2388228105377,-44.802003446274284,0.025817776047096886,0.5163555209419377
1400.784036,477,261.778419,477.0,850.112932749468,182.33007563949607,179.867872014739,-37.45464564561847,-119.2049038827419,-69.921140908647,-38.86957756449464,-23.076576874878445,-0.0989726569054304,-0.9441991468778062
2960.28227,1000,263.77311,1000.0,1761.8483641273715,390.06836464002185,390.144251536883,-79.46144723057749,-253.04080874025826,-128.92486438057645,-73.13628952434715,-47.215299951932465,0.20393647763841072,4.078729552768214
2958.731376,1000,269.624908,1000.0,1761.9649363268545,388.9954172037506,388.1511394535664,-78.74842050433169,-255.59809610247586,-127.17747034300872,-72.2797110504448,-46.57641923265827,-0.2723842901372529,-5.447685802745058
2954.188498,1000,271.536989,1000.0,1750.3072452001768,388.67430035970733,387.64710911387215,-78.6272268354893,-249.5914642274379,-125.35483158055771,-71.17488278215353,-47.69175132308898,0.28310835524266087,5.662167104853217
3050.287862,1000,273.506335,1000.0,1870.7121521765168,389.3370259007454,387.4903115877743,-80.23690396070481,-252.2533937096598,-143.59272414714155,-72.0335427213613,-49.13506299632141,-0.15891166412540975,-3.1782332825081947
2986.509626,1000,275.447798,1000.0,1776.3735737443756,390.37510058321266,387.5848687049437,-77.82990838170049,-245.25722085833536,-129.75485338152637,-65.75912194141344,-49.22281251255549,0.008941344521527379,0.17882689043054759
854.243893,288,275.975776,288.0,530.9663201889709,110.85131600831936,105.89249008243516,-23.30693553209306,-67.66298037767413,-47.97297222284077,-29.655954164535245,-12.867391363251873,0.7275959587826032,4.190952722587794
824.000834,281,276.478718,281.0,496.36485862487547,108.74730107953926,105.86217960357563,-22.561031823158267,-69.87028347849851,-41.84474629633192,-21.57971797033,-12.117726132357081,0.025955986136365156,0.14587264208637218
3044.089141,1000,278.457071,1000.0,1851.6282922128626,390.49309319831144,390.90854364795405,-81.36736172914507,-245.5357685133817,-141.52436158900412,-70.47252570942105,-50.040770650802955,0.11032572807186673,2.2065145614373347
1045.319988,353,279.189047,353.0,645.0687376838695,136.72055880865614,133.82914232004006,-28.272741463184364,-87.40167856216434,-59.477142817939686,-31.172507916920694,-16.974379745664393,0.3437025797518961,2.4265402130483866
588.979837,195,279.527844,195.0,370.7088144285814,74.01205503481665,72.42883461073275,-16.424475531578054,-42.95813521146772,-37.78274401375746,-15.807562321523603,-10.196949731993923,0.6912775104106489,2.6959822906015307
435.074617,153,279.796011,153.0,266.72525367342695,57.715425633938175,55.37351202726882,-11.936342000961302,-38.14777042865753,-26.183286090646966,-15.01067153846047,-6.461504166713226,0.7057615329901428,2.159630290949837
3069.794221,1000,281.67316,1000.0,1878.6897729786597,390.5154354777053,389.93926035346226,-80.54326589584345,-246.03854299187657,-145.34437761898826,-68.15423748105296,-49.26982369917733,-0.4006515266738865,-8.01303053347773
3122.647436,1000,283.534601,1000.0,1949.426702564902,389.85164044643267,389.53284918433303,-81.15701868176467,-248.74069063961508,-156.9957694233209,-69.32233934387767,-49.94793796947976,-0.026261882294212873,-0.5252376458842575
3134.108826,1000,285.45783,1000.0,1955.10644711915,389.4070290216198,390.8078608113886,-81.16465846061715,-243.96778437793262,-157.77895333919767,-68.14207129591252,-50.15904328095326,0.42018565760856863,8.403713152171372
3164.171257,1000,287.338078,1000.0,1987.9937522263124,390.3584199090207,388.5519898178425,-80.49457207560538,-241.88749324381354,-163.74238680592003,-65.53313779240521,-51.07531547608991,-0.1641181357051562,-3.282362714103124
1950.007439,618,288.417446,618.0,1233.1584914364778,236.90469400693556,235.66194794818918,-51.32494998097424,-147.9440455764531,-109.49766535737508,-34.342448110371095,-30.6085857700143,-0.3019630787960072,-3.732263653918649
2300.274197,712,289.79219,712.0,1488.82900809181,276.6825458720474,275.6201724889973,-59.37764573335648,-167.2785096436737,-137.7700206722169,-51.45294462723236,-36.97840841056003,-0.22592335205317748,-3.2171485332372476
3201.620199,1000,291.688345,1000.0,2029.7726515038723,390.469508292357,390.90411306757335,-82.69945184350019,-238.91925022900108,-170.07536939967403,-66.73775827155099,-51.09424419415684,0.6289054087239586,12.578108174479173
2478.044666,790,293.254406,790.0,1563.7330655968944,308.1437497974073,302.3155841042359,-65.05809646725656,-191.1440794527532,-132.66214743997566,-57.414215592409064,-39.86919491261083,0.2973928556274526,4.698807118913751
3205.043899,1000,295.233521,1000.0,2042.112164072719,388.7751211493592,388.6298303475242,-83.06337213873864,-238.9212104111913,-172.81114810701482,-67.47176978811292,-52.205715983427034,0.5024339517711511,10.048679035423023
3206.364048,1000,297.33143,1000.0,2031.4890093608124,388.0356588337193,389.6889364965754,-81.07630902171128,-232.60563614666455,-171.6864433643001,-67.25183235572159,-50.22933575940449,-0.19172598834529306,-3.8345197669058613
3213.346717,1000,299.484996,1000.0,2056.8551304886623,389.37499810346674,386.03002092617595,-83.84807471990585,-240.6172262758015,-176.1539581557943,-67.68735611819717,-50.6068172122589,0.4810814521438832,9.621629042877665
3247.964576,1000,301.420816,1000.0,2073.1397714944374,387.5893986534045,389.3206648312852,-81.92651744365685,-229.8267179638147,-178.13272208514124,-61.96441656121012,-50.234885207228565,-0.4009990827940011,-8.019981655880022
3220.293291,1000,303.305491,1000.0,2050.083889204981,387.387174033354,389.314739094478,-83.14637722969053,-231.29723122417934,-174.62148508705218,-65.86060337151746,-51.56681490366727,-0.20348326019050234,-4.069665203810047
3258.474295,1000,305.211655,1000.0,2111.3238362300895,390.53807824677796,390.39841523915,-82.31263010978701,-236.77384348511725,-187.78088993129265,-73.86948255674837,-53.04918868337006,-0.03325845297087544,-0.6651690594175089
3296.970419,1000,307.134054,1000.0,2128.702890871971,390.082754562405,390.5142484445982,-81.42515667796113,-229.77348141968227,-187.43488540009304,-60.792780741678676,-52.9031709735701,-0.12519922515033732,-2.5039845030067465
3244.486901,1000,309.084365,1000.0,2082.4343830219264,390.29846289177374,390.8274856316729,-83.23291878938673,-237.13594069778898,-182.05579070995577,-66.85811086148904,-49.79066928108023,-0.4971037602096386,-9.942075204192772
3282.444197,1000,314.867143,1000.0,2107.2357147826056,389.67830189407374,393.3479118359545,-81.42461645483975,-232.52189505696288,-185.23512865925363,-59.24256569205708,-49.3935257246314,-0.08405712390230068,-1.6811424780460136
3330.680046,1000,316.817766,1000.0,2186.6009100461333,391.0877917203881,392.56583343004843,-83.11631001234046,-233.42256113588817,-202.21440303019912,-68.86459847265922,-51.956616319723985,0.7061262689594614,14.122525379189229
3288.993886,1000,318.752666,1000.0,2133.7133281299525,389.9455643373107,390.1342474676831,-80.88581338882445,-235.4660974562166,-192.71444244794358,-65.04851210693501,-50.68438807869616,0.4082873875901173,8.165747751802346
3347.361464,1000,320.704986,1000.0,2192.7643463805102,389.3742913020137,391.823943248309,-82.91430237054837,-232.81485601961668,-204.603193926896,-55.63177616951611,-50.63698847232864,-0.39441051100058333,-7.888210220011667
3380.812413,1000,322.624703,1000.0,2241.800670124561,388.7289074812618,394.69148863109854,-82.5600511610508,-227.822506916523,-216.31063788430563,-64.61641988909903,-53.09903695098001,0.0962492223164548,1.924984446329096
3370.407643,1000,324.542608,1000.0,2227.8208928936174,390.97145589120356,392.58656992644205,-81.74457581639288,-232.0483114212753,-213.75419815424218,-62.25259709002089,-51.171592845587305,-0.2194245285935898,-4.388490571871796
1685.319784,504,325.43312,504.0,1126.645517668928,195.87347781551645,195.21077242546752,-42.17533877015118,-115.90631573796287,-118.21030960646154,-34.806129165861684,-25.311890343669315,0.8879981267254926,8.951021117392965
3390.788661,1000,327.422274,1000.0,2261.730595911687,389.8939513279422,391.51887145790636,-82.21727726936349,-232.3527057707313,-222.8823688958237,-64.27119242353196,-50.63121317548954,0.3993144140321159,7.986288280642318
3424.272008,1000,329.349482,1000.0,2301.002123028099,389.43422724854884,393.2368704897286,-82.6732211613654,-227.9994867265227,-230.77303478625095,-65.79253042250548,-52.162939861532806,0.09713919072128481,1.9427838144256961
402.951364,128,329.574944,128.0,267.5029619704676,49.7807933117442,46.63125046324128,-11.687796831130985,-28.615597334504134,-31.461151919264605,-11.247020065206025,-5.952075911471744,0.8235317271829242,2.108241221588286
3399.049329,1000,331.485941,1000.0,2266.464909860118,389.9321653918144,390.49488540215816,-83.93776787042606,-229.36089559793476,-221.88230815645036,-61.897911590807915,-50.76374874967814,0.7893714312816329,15.787428625632657
522.638863,164,331.780718,164.0,343.3469217732337,61.16929282432531,61.86897425508765,-14.553801479339597,-35.59472555816173,-36.432276568868694,-13.611964281339953,-7.553557881102387,0.7971727103456556,2.6147264899337506
1107.148991,337,332.497021,337.0,752.239191706736,129.59774122279148,127.8158088451659,-29.293767580986,-75.09650104045869,-90.16592387727098,-28.007329882164097,-16.94022887209219,0.6025166831064814,4.060962444137685
611.377445,193,332.844488,193.0,397.9171584149839,74.6049686044667,71.38329556609632,-16.248512451648715,-41.2539999842644,-42.16207604191014,-17.211697689953247,-8.651691333191076,0.6048156430587763,2.3345883822068765
3387.729484,1000,334.775853,1000.0,2246.60174347339,390.5085458460812,392.77825231002356,-82.56342786431303,-229.6651586383581,-217.9599922231522,-59.80067614189714,-52.169802741456394,0.2057667875368851,4.115335750737702
3442.295581,1000,336.721083,1000.0,2332.3925069632523,389.06185351543337,392.82425713907384,-82.8951700127125,-225.75250198245047,-246.51849625272746,-63.930228578497136,-52.88663982094668,-0.06941939527422294,-1.388387905484459
1843.96572,549,337.760568,549.0,1243.9681075817891,212.41347374506654,210.75131639805022,-47.23526088476183,-124.04270015954972,-134.84727151614965,-36.37576494909186,-29.666180426352994,0.3681712820640894,4.042520677063702
2509.344766,734,339.252793,734.0,1683.4360860280756,286.1030348252205,284.0705601236932,-61.59056766033172,-164.03925637900804,-173.07810545442462,-41.6591928231438,-37.8977930495954,0.7081088248462799,10.395037548743389
3439.757597,1000,341.200898,1000.0,2327.5110510544405,390.15259293404375,392.5556761033918,-85.09156167268753,-227.55862946808347,-240.7975603391559,-61.99634420845199,-55.01762697443199,0.5449213194211338,10.898426388422676
3444.646484,1000,343.154194,1000.0,2328.1734303420876,390.67216395587747,392.89980398212543,-84.85181221008285,-226.96386532634492,-243.53972553733692,-58.17948415609355,-53.564027156509866,0.8804078698800438,17.608157397600877
3423.735844,1000,345.109024,1000.0,2296.185954811839,389.74717123861296,394.3985519454578,-84.53201970338814,-226.84520830213998,-233.44338254556203,-60.71028653606018,-51.06493671437494,0.6681498021570953,13.362996043141907
3427.645347,1000,347.012698,1000.0,2306.591888207587,390.20424652267207,393.3751255181126,-83.79662735700597,-228.76917718648926,-234.09969457804596,-62.64708241541144,-53.2133314426611,0.39042014439453837,7.808402887890767
3462.201309,1000,348.919946,1000.0,2341.8811665266744,390.6881257239288,391.8793548246313,-84.09017542600637,-217.79193104505532,-249.12139821192164,-58.173937991532135,-53.06989568284181,0.8273489719322861,16.54697943864572
3470.817428,1000,350.781954,1000.0,2353.8605019661254,390.71836344298265,392.0860140496199,-84.37240156412132,-217.77304403483845,-248.7164327504824,-61.539728540693254,-53.44584462406158,0.9147092003237329,18.29418400647466
3480.435224,1000,352.677893,1000.0,2366.1510172033823,390.6901247414675,394.9656287394859,-83.7608059322834,-219.77523334324383,-256.60347558185356,-56.76686529219034,-54.46516652123411,0.8269360910669212,16.538721821338424
3455.132767,1000,358.342482,1000.0,2333.132352269614,390.7665310463031,394.4356173147369,-85.47475700139998,-220.24202988445762,-246.35296174226139,-56.656313510499785,-54.47567136700296,0.43129914357164195,8.62598287143284
3458.080761,1000,360.252879,1000.0,2338.794728713462,390.18708216731494,392.0624801732751,-84.98511487245558,-215.64221143722528,-245.2745897568939,-63.400600604076956,-53.66101355677344,-0.07875478017410902,-1.5750956034821804
3476.62526,1000,362.136141,1000.0,2357.610134927997,391.22476019231374,392.9140594437814,-84.6455542778969,-219.06941219866255,-253.20930534371564,-53.60682221747697,-54.592600577102665,0.9778861962287747,19.557723924575495
3469.353865,1000,364.02745,1000.0,2359.1044443926526,390.8937369555713,392.4682891358693,-84.09889621496198,-217.89932436943073,-257.92058648012744,-60.467857241899594,-52.725941448719624,0.663036482761577,13.26072965523154
3492.240361,1000,366.13618,1000.0,2387.912245931583,390.637528351528,395.64166084098093,-84.75756346940987,-215.68902646303192,-269.0215362928485,-57.92937982417458,-54.55356782627734,0.7164118986676712,14.328237973353424
3460.915029,1000,368.002279,1000.0,2348.8513125956365,389.6389925222719,392.9713668845493,-83.4046300530434,-220.21097338497665,-249.6799343116576,-62.44019949418083,-54.81090560215386,0.269110959086766,5.38221918173532
1095.432285,323,368.5755,323.0,745.5231952882863,125.04573889862958,124.57346821055987,-27.46814734697341,-68.1658873587847,-93.12473794900976,-17.85222503788017,-16.099119911360038,0.9737509961051279,6.290431434839126
3484.419793,1000,370.48846,1000.0,2377.3521347080996,391.0869354331482,394.6883869793851,-85.6603922259807,-217.09790021181067,-266.1139381813935,-57.43356535020472,-52.401868455141766,0.8912167351134977,17.824334702269955
3482.616257,1000,372.410626,1000.0,2368.829298385876,389.6846758639194,394.29578346760565,-83.419400112629,-219.59820976257325,-260.24735730306116,-54.80079091915826,-52.12774238576881,0.8040612456694728,16.081224913389455
3463.237192,1000,374.345577,1000.0,2372.299342767419,390.75265624305473,394.476216036098,-85.25240831375115,-222.74621802121388,-269.70794148820255,-62.40013713603877,-54.18431827688008,0.734691429893075,14.6938285978615
3495.084419,1000,376.262045,1000.0,2384.7863134612708,391.40522604818295,395.10437118303975,-83.89630361318578,-215.78708597123605,-269.6380388643308,-53.95469322627384,-52.93537020911983,1.019083484225578,20.38166968451156
3480.959651,1000,378.217489,1000.0,2381.9446595454283,390.2728640381808,393.7307210876561,-83.9339964795113,-218.12150027751915,-272.48734274716315,-57.245623586935295,-53.20013010674699,0.7361797987960488,14.723595975920976
3495.983381,1000,380.156349,1000.0,2383.7315340385207,390.1060466103503,394.8163566844073,-83.51137433052051,-220.14116508662673,-260.9814513934475,-54.55335181864712,-53.48321404576771,0.8918247434741355,17.83649486948271
441.165659,138,380.402115,138.0,291.945918589631,52.405293631816086,50.93785605023161,-11.734475719928737,-29.019896742701516,-35.727981458140675,-9.520686697075941,-6.120368211908896,0.9201373993679183,2.5395792222554547
3493.243134,1000,382.330281,1000.0,2399.5060629704735,390.7853052134087,394.23898797936926,-83.9085207676887,-218.23690175414106,-278.258750846318,-55.964866620313074,-54.91818193372984,0.5727734140858322,11.455468281716643
1009.380911,302,382.87861,302.0,679.4172955579597,116.66610214731271,115.69463674002091,-26.790214519500722,-63.872276365756996,-78.51934017320147,-21.072550370999753,-14.142741977212781,0.9776307113541045,5.904889496578791
3503.872618,1000,384.759996,1000.0,2392.4096841098326,391.73252759087705,396.07686910984785,-82.53862106561654,-211.4881490111349,-271.6239512808616,-57.54573806615792,-53.15000306125696,0.8826455533643818,17.652911067287636
3491.926513,1000,386.590585,1000.0,2377.475928308885,390.0537768244492,394.81145368796757,-83.02609556436539,-217.6335635244848,-268.1626899444928,-49.531255044881256,-52.0610418270486,0.3836133608988874,7.6722672179777485
3512.661183,1000,388.480829,1000.0,2396.2103754558716,390.7269524178064,394.44925241055,-82.81972323417659,-217.9571064069866,-267.83203933460186,-48.635604471507186,-51.480924016028624,1.0124791505150834,20.24958301030167
3511.948851,1000,390.35159,1000.0,2389.993496540914,391.2093805756485,395.56156048955546,-82.42936073780051,-210.9778970807792,-269.084846543022,-49.45213004263829,-52.8713522294395,0.6061898466999727,12.123796933999452
3503.194686,1000,392.250109,1000.0,2398.621753757478,391.21594622745636,396.20473098693174,-83.45638997316355,-215.2306507080794,-279.28299156042,-52.952531151708925,-51.92518191894918,1.0116588186173376,20.23317637234675
3518.393536,1000,394.144738,1000.0,2405.4268497507564,390.3849168132898,394.7707434033498,-83.88251896619794,-209.12138448357555,-275.1882289211022,-49.58892187749415,-54.40791932058492,0.9935326126975015,19.87065225395003
3525.333308,1000,396.025199,1000.0,2396.827539295362,390.10670788730243,394.39157435261865,-80.08953975200667,-208.09059419333957,-266.7725016617739,-49.36970441457182,-51.6701734827988,0.05537932122072361,1.1075864244144722
3526.143386,1000,401.747815,1000.0,2413.2060751213644,391.29253700890337,394.65810457592636,-81.5162824296952,-207.478221577406,-282.15303738713055,-48.36982217094281,-53.49596754461857,0.15639339792852464,3.1278679585704925
3518.168181,1000,403.655716,1000.0,2417.4803743202247,390.76163871305897,394.4974857264754,-81.77900623202319,-206.80485726296905,-287.47726042903156,-53.88093023447544,-54.629263640476076,0.9151519982856312,18.303039965712625
3517.4673,1000,405.585646,1000.0,2399.802913847178,390.98245700132685,395.51670701654604,-83.17167340993866,-203.5297823011877,-277.2677447485866,-51.25045282265831,-53.61512429118263,0.9274184729531838,18.548369459063675
381.425178,122,405.804793,122.0,260.98752681712995,47.32251231238471,43.74180171411756,-11.038272869586942,-24.92992957234383,-39.42078663341066,-11.463616070914064,-5.774057809613256,0.9561688148598547,2.3330519082580454
3530.846606,1000,407.731012,1000.0,2421.3879509568364,391.557464028103,395.88868421201215,-81.46812499046315,-207.52972400188486,-282.9528474008888,-52.21445247021327,-53.822343997005255,0.9306613293486155,18.61322658697231
3517.909614,1000,409.642691,1000.0,2408.7800339915425,390.7746633358217,393.86893766260886,-83.27353287816048,-206.96839565932788,-282.09319176515555,-50.75329516221261,-52.42560582360933,1.0296958171924122,20.593916343848246
3518.205217,1000,411.579811,1000.0,2411.5423749270794,390.92046792109187,396.56571976587094,-81.85434345602998,-206.55304689854387,-289.89581726668126,-49.39442580433514,-53.12571236738562,0.9064841506627289,18.129683013254578
3536.054433,1000,413.53016,1000.0,2419.0028045903614,391.6000018648381,396.7872765794017,-82.34937890052795,-205.7443185538053,-283.76960664432806,-47.24465997140844,-52.2276856298739,0.8784767733701994,17.569535467403988
3522.742217,1000,415.509297,1000.0,2409.28970072613,391.40690995418083,396.1142050853678,-81.93910504877572,-203.08064633905872,-287.65759328571727,-47.97084459318246,-53.42040911561084,1.0500860467494388,21.00172093498878
3540.658929,1000,417.470097,1000.0,2418.085819742036,391.4021486884451,397.35815284058356,-80.56334958553302,-201.10783357322197,-284.5699794232726,-46.51318410774123,-53.43284583826476,0.6008567428534521,12.017134857069044
3526.182648,1000,419.36644,1000.0,2407.006412808122,392.88911359609153,396.39451452166105,-80.88575161337855,-206.33995001912098,-283.7321492279848,-46.84155267293267,-52.30798900051312,0.539768975816835,10.7953795163367
230.822788,78,419.503729,78.0,149.44223721167214,29.195494285334995,27.244028117992546,-7.211641991138456,-13.542975923418993,-21.855551704988788,-6.589987840143878,-3.8588143302183195,0.8799019896386082,1.372647103836229
3521.035414,1000,421.375266,1000.0,2388.9844024611925,392.20786965827307,397.09770139062175,-80.73220650792129,-200.3645468667151,-273.03485318568056,-49.22648505690479,-53.89646760084167,0.26107638215860507,5.221527643172101
3525.715681,1000,423.211382,1000.0,2413.9118719776684,391.77356541419215,396.2235717572805,-81.34844527721407,-202.36113253533838,-287.9985016151838,-50.46910718063838,-54.01614184938248,0.5838192067462634,11.676384134925268
3535.968548,1000,425.08044,1000.0,2421.3264895159177,391.4110497156982,395.7662088190698,-81.91893337011341,-198.17517470419415,-287.62598053698827,-49.55028346836707,-55.26482814643841,-0.24335061456107748,-4.86701229122155
3545.063964,1000,426.948298,1000.0,2426.8963860415233,391.8655028274724,396.7420679290676,-81.61842222571369,-198.81033453643337,-286.6835396562448,-48.2614987389006,-55.06619762480608,0.3509967084609065,7.01993416921813
3541.75418,1000,428.792868,1000.0,2422.209274481422,391.12969411001893,396.73307051979907,-82.28078061103828,-199.88897958695887,-285.5162629397259,-46.27950630563626,-54.35233005660307,-0.1986312047393594,-3.9726240947871885
3538.659777,1000,430.70709,1000.0,2412.1355827920133,391.6637944681417,397.16688667650175,-80.15335630893706,-201.00793574154378,-284.1590697003908,-45.60583328930736,-51.38029145480589,0.9860230033211896,19.720460066423794
3534.8609,1000,432.601665,1000.0,2399.0867492492175,391.33088744283845,394.84276355077384,-80.14913417816155,-198.06156863868247,-270.6078324877901,-48.44140836512285,-53.13955688847058,0.8905167970092821,17.81033594018564
3539.50033,1000,434.49965,1000.0,2407.288532789352,392.12323032019685,395.6110974376751,-80.56912764430062,-197.7489686965941,-274.4951495672693,-50.488024298856985,-52.22126032501576,0.7719414721429508,15.438829442859017
3539.834186,1000,436.3868,1000.0,2425.8239080832586,388.6863852333615,393.5759777834348,-81.66274688005437,-194.62939215302487,-291.95526880569776,-45.07344829559692,-54.931228685413615,0.3523551717783674,7.047103435567347
3541.573446,1000,438.241261,1000.0,2419.6565677856024,391.46432343689037,396.789439519565,-80.19179628014572,-198.4538963407278,-287.63632186349895,-46.280679748688755,-53.774190304950075,1.0076463025250342,20.152926050500685
3543.564088,1000,440.128951,1000.0,2413.72332052127,391.5232989402003,395.440299224712,-80.52195241689678,-191.17162809073918,-284.53788235335804,-46.65116396739166,-54.24020427036684,0.330944887656237,6.61889775312474
2730.717981,780,445.346476,780.0,1870.545329731159,303.26084693516344,303.21040274747196,-64.08002629041677,-149.51815982759004,-229.40209920982838,-41.49920653454707,-41.799106145570676,0.5459203008346585,8.516356693020672
3533.067265,1000,447.250447,1000.0,2405.520763722716,389.21074322128584,395.1043949155268,-80.8723582684993,-190.58038113117223,-276.8009362366869,-54.88609357349343,-53.6288671729833,0.9928084575461196,19.85616915092239
3546.395032,1000,449.11914,1000.0,2438.043023936322,390.14797462172345,395.5332370211132,-81.36071477055555,-192.42716978490358,-302.68356110336606,-47.92222618399098,-52.93553215027529,0.7315694476356871,14.631388952713742
3536.169837,1000,450.987537,1000.0,2399.4424239978043,390.09351065257397,393.8196445584924,-80.73838454127308,-190.6726223647593,-274.4771440201409,-48.589065941803106,-52.70852564232649,0.9073412507009395,18.14682501401879
3564.961842,1000,452.767617,1000.0,2426.0469884126364,392.14800959083743,395.13887801227975,-79.56781703948973,-185.34194585680987,-285.8258170363219,-44.36389481859068,-53.27255944204522,0.9451668032570844,18.903336065141687
3568.943781,1000,454.74402,1000.0,2433.4473213628894,391.1273191168524,396.4117078845838,-79.72148908138264,-185.85045709908007,-288.3619350205139,-43.924533301136144,-54.18415306118729,1.026680653801576,20.53361307603152
3557.362076,1000,456.634441,1000.0,2412.6468475108873,391.86532315335626,395.45553659733287,-80.08047710895528,-189.22728818655014,-277.3253018127642,-41.82036587020034,-54.152197903769654,1.0355583121836576,20.71116624367315
3551.870868,1000,458.541793,1000.0,2408.33267180435,392.0821832439159,397.04191558238676,-80.50131147742273,-185.04514889419093,-276.71709666925256,-48.9479148134733,-54.374431166833496,0.8307304500049282,16.614609000098564
3558.599086,1000,460.415119,1000.0,2425.0093253927434,391.2845060330689,396.68820256605085,-79.0161689007282,-184.1069825917483,-289.9887476854586,-47.71852060459831,-53.55252847106156,1.0545167703749236,21.090335407498472
3568.016863,1000,462.268038,1000.0,2431.4851460820523,391.4248189366362,397.43378533468916,-79.15386737823484,-188.7199101299046,-291.3891937533113,-40.06751839609313,-52.99639780055353,0.9667535115745706,19.33507023149141
3560.823064,1000,464.144302,1000.0,2421.9805533134645,390.5709396769557,395.0006926802855,-78.99150757074344,-183.73504901081327,-289.57279911039996,-41.23290254441499,-53.19686375964015,0.7930762938529934,15.861525877059867
3556.661801,1000,466.08784,1000.0,2432.034258006237,391.30756986369545,396.53135049112734,-80.3341013026237,-185.77627429664147,-299.2222223550373,-43.86943744852242,-54.009341938670325,0.4811600035806932,9.623200071613864
3558.788921,1000,468.04033,1000.0,2428.139313484927,390.5467563765748,396.5664334303966,-80.28432230591785,-187.49178194403635,-290.1176966465258,-44.68609334592514,-53.88368820136507,0.9560840375773079,19.121680751546158
3574.608311,1000,469.94469,1000.0,2436.5166696917645,391.8763006840234,397.321707293842,-77.84347888708113,-185.0325858563181,-294.7722287758615,-40.23703755087753,-53.22103597099881,0.8776550024365358,17.553100048730716
3569.344977,1000,471.844467,1000.0,2424.7258746078387,392.0241182565012,395.30981084465753,-79.12540126562119,-186.96917883455768,-278.41579606545304,-45.76429480371542,-52.44015610723317,0.8622047004485884,17.244094008971768
3561.755831,1000,473.725667,1000.0,2421.4522513191428,391.5945956311087,396.84060550578744,-79.78071247696884,-182.22069500088674,-289.7113526836575,-44.48822835649869,-51.9306329201898,-0.14742417242730493,-2.948483448546099
3557.907805,1000,475.622293,1000.0,2431.8705422314797,390.7258681785156,397.1139622919067,-81.01636295199386,-186.4372465610503,-299.17330435893143,-42.60597464657975,-52.56967896976142,0.7818520453250817,15.637040906501634
3579.630095,1000,477.494711,1000.0,2441.009659857348,391.91767592111,396.6552018831671,-78.27605413675306,-179.6471675395966,-296.65951403016675,-42.57301809284876,-52.79668842099114,0.6046589237255958,12.093178474511916
3578.644672,1000,479.379725,1000.0,2435.5927481949493,391.6143139036089,396.3780714803316,-78.56862245440486,-179.36475283205507,-292.85678687834155,-42.056054915221594,-52.09424431418697,1.0510936885802558,21.021873771605115
3561.316315,1000,481.264475,1000.0,2404.327485959538,391.1962068326203,396.6460998160908,-78.95677721023553,-177.8100518614054,-278.48139099682476,-42.54142165712744,-53.06383607713677,0.5407185001164742,10.814370002329483
3576.020417,1000,483.154492,1000.0,2426.1783222902895,392.11109216647975,396.0846757317789,-77.08202775478362,-175.57362959831966,-292.2384330789017,-41.13860701752426,-52.32097569000047,0.4109063528623926,8.218127057247852
3588.052726,1000,488.767264,1000.0,2435.297053806497,391.9748878740503,396.8642312102713,-77.21921494364729,-176.7207113057375,-289.00471985578633,-40.96833536516552,-52.17046543903776,0.34091915546876744,6.818383109375349
3571.203345,1000,490.650735,1000.0,2409.715239316815,392.4164366635529,394.79137082009134,-77.37250589132313,-176.06992355287085,-275.5675775998054,-45.633034805783666,-51.07665950195427,0.22425393565163487,4.4850787130326975
3588.408056,1000,492.556534,1000.0,2436.1621451211668,392.56585771416724,397.44027504514395,-76.42679453492168,-171.17030991315866,-297.0476257009829,-39.6469911725111,-53.468500897869085,0.7444748699884288,14.889497399768576
3575.379136,1000,494.448886,1000.0,2417.3637316100826,391.52526925725186,395.68864369372255,-76.81638479113577,-170.75320004224793,-285.457038805746,-44.232272572665515,-51.93961266500299,0.6598745157194515,13.19749031438903
3585.173206,1000,496.32926,1000.0,2437.36201968612,392.3141683666468,396.07216340998366,-77.5443766379357,-173.7997954607007,-294.4589008178211,-42.4755432204872,-52.29652892104392,0.9728456991651928,19.456913983303856
3578.314423,1000,498.233715,1000.0,2429.71978039262,392.6246571285148,396.44118322799466,-76.7103999996185,-171.73234381079678,-297.2212554214195,-41.58674342014146,-53.22045501856972,0.9948775841963176,19.897551683926352
3583.194935,1000,500.107802,1000.0,2418.8904300827066,393.0123512227071,396.76244137630454,-74.75261739254006,-172.26383157074446,-288.98709505701123,-39.8653107412645,-49.60143265380422,-0.15281766437319638,-3.0563532874639274
3584.663549,1000,502.003212,1000.0,2428.0862154277315,392.3876577603532,396.2167956227945,-76.78117333889006,-171.09348981678497,-290.9337816293427,-41.88800335666461,-51.33067151171776,0.5342160396293356,10.684320792586712
3583.987391,1000,503.869684,1000.0,2443.0980791156458,391.96190513823103,396.42390766225117,-76.6697773742677,-170.23735792934886,-304.44198249587816,-42.507171290506406,-53.64021134764698,1.0928631923387842,21.857263846775684
3476.426191,972,505.67491,972.0,2367.712889897722,380.68194131260697,381.08201681139553,-74.8689243197441,-162.78663007915043,-291.4593811069615,-45.96004480611,-49.97567627872539,0.20305632276920949,3.9474149146334327
3590.680813,1000,507.560071,1000.0,2430.1244764646663,392.5407116362672,396.60243226195826,-76.62220717489721,-166.10396085828535,-293.15163329888094,-40.47527347725731,-52.23373206278189,0.2669954057057605,5.339908114115211
3599.174537,1000,509.438972,1000.0,2445.3819637682004,391.9261777876562,395.8235474010438,-75.56281788826003,-166.04188572317352,-299.2169723095538,-41.18886356878127,-51.946612234762085,0.8611479040537893,17.222958081075785
3600.83285,1000,511.317095,1000.0,2440.0884335071214,392.52307605809176,397.5727051599404,-75.89924535512924,-168.024515685439,-295.10214409682624,-39.30768897604651,-51.01777060225161,1.0316920940459604,20.63384188091921
3598.493844,1000,513.216676,1000.0,2425.4407624269616,392.3937768248272,397.0526404882139,-74.90260251998909,-166.8479472458363,-287.6579867761695,-36.269582211269615,-50.71521705231125,0.10266879098646922,2.0533758197293843
3595.470953,1000,515.097354,1000.0,2420.850250499828,392.563873482712,396.28597677314843,-75.94174080848705,-166.20548450946808,-283.9933667892299,-37.12521114738439,-50.96334496066222,-0.1564011030012993,-3.128022060025986
3601.229977,1000,516.991959,1000.0,2444.630080799047,392.7563004932285,397.0632185138013,-75.2264431691169,-170.66111953258502,-298.51435278966846,-36.53623264616709,-52.281474806219315,0.889397285886734,17.78794571773468
3607.041966,1000,518.89385,1000.0,2431.58927513189,392.99883747556515,397.5500419539884,-74.99043688774113,-168.43001918792703,-285.0676480521692,-36.2674714357576,-50.34061343697931,0.8209238285254121,16.418476570508243
3602.79828,1000,520.775964,1000.0,2422.0723598480918,392.8010430892287,397.2491507290075,-74.75172142505645,-162.0084234893322,-282.13378532181866,-38.40791946399097,-52.02242384369205,0.7666575577663423,15.333151155326846
3602.797454,1000,522.668268,1000.0,2421.831561631476,392.78167044953545,398.10410095898027,-74.35512307763099,-161.92808404266853,-280.66173713447404,-40.60527523503516,-52.36965914594633,-0.05517230411577355,-1.103446082315471
3614.096397,1000,524.56328,1000.0,2425.034994311296,392.7533330153959,397.25552974708546,-72.8462284398079,-161.3218233093619,-279.7211244413251,-37.568168792349844,-49.49011510329949,-0.03472388842702716,-0.6944777685405431
3616.641749,1000,526.417318,1000.0,2441.465270277778,393.9919065047046,397.8009420246997,-73.44855201840407,-165.77142684161666,-290.4104066260571,-36.25052683453455,-50.73545761106453,-0.26962474854701785,-5.392494970940357
3601.366879,1000,532.062669,1000.0,2420.817147023074,393.68783250455175,398.0228941382246,-73.74036036014544,-162.6334231764079,-287.11711046363536,-37.22674159433771,-50.443359397140426,-0.11483724140175482,-2.2967448280350964
3596.999049,1000,533.942229,1000.0,2400.1014908960124,393.03316849506734,396.8303465395457,-73.10294601440428,-162.2267100155352,-271.4088981280697,-37.14189785360088,-49.08550450836784,0.1560159729468627,3.120319458937254
3603.737887,1000,535.852021,1000.0,2419.960613202606,393.09192047013,396.8327405634308,-73.17650768160826,-161.91513644754895,-283.13040273525695,-37.94979891715004,-49.97554102011265,-0.25828846929398314,-5.1657693858796625
3607.452343,1000,537.765727,1000.0,2435.6547688356745,392.6585819253564,397.02322698268296,-73.38334026694291,-163.0062244862318,-295.62010147452213,-34.10229912248094,-51.77226939763556,0.19142579995075976,3.828515999015195
3618.758446,1000,539.615373,1000.0,2449.688741949002,393.1995177054599,398.10491084962746,-72.28769594788558,-161.7919564962388,-302.664806171267,-35.511570012984066,-49.97869564727926,0.5511053198377732,11.022106396755465
3625.231282,1000,541.508819,1000.0,2441.745562131541,393.6845091991361,398.3050213414413,-71.58479322671882,-157.6395405530928,-294.228865549919,-34.49428628507207,-50.55632522478731,0.33365114541442403,6.67302290828848
3618.693236,1000,543.435178,1000.0,2433.3296689130975,393.39826957972554,397.4832639850345,-72.02686462402346,-158.2138614207505,-287.88201309678743,-37.372683551721146,-50.0225435145585,0.3875034528609171,7.750069057218342
3621.921409,1000,545.360522,1000.0,2436.9444924933396,392.5813039384833,398.1633775268244,-71.66851875901233,-156.64887910932293,-290.96052547084355,-36.70775661421193,-49.78208521823551,-0.07376794039732773,-1.4753588079465545
3614.03052,1000,547.288475,1000.0,2420.493788806581,391.5069054447735,396.93843232331324,-72.85296607971195,-153.95731221139403,-283.03298098894925,-34.35867028408796,-50.7066772670978,-0.15155682579964652,-3.03113651599293
3616.711393,1000,549.193697,1000.0,2432.5958342173676,392.6750663908778,397.20959276377437,-73.53155334949494,-161.27019779980174,-285.71484578518914,-35.29678363773346,-49.95571939637624,0.5403136842257182,10.806273684514364
1231.169435,350,549.959047,350.0,824.7207848339181,136.0550175460074,136.0499998179058,-27.17735973119736,-54.14621447324749,-99.83681186569903,-17.061759847715688,-17.434221482867006,0.913583642649544,6.395085498546807
3631.214769,1000,551.902037,1000.0,2437.9453048091814,392.5694930040203,397.5529856525195,-71.95471694231043,-154.3748120099307,-288.451257296059,-31.297780493810883,-50.774448198107955,-0.03812518885414027,-0.7625037770828054
3626.360483,1000,553.852077,1000.0,2438.1487214002527,392.69930140445985,399.0119674162208,-72.59410183668143,-156.0427861958741,-291.32639217672465,-32.42317020880587,-51.113056579226125,-0.11834682696409808,-2.3669365392819617
3618.72799,1000,555.76469,1000.0,2430.9866338494708,393.4738526460411,398.1893599965931,-72.65916177511228,-152.55513403117666,-291.0346451301876,-38.61649018167514,-49.05642540861881,0.0337636469107294,0.6752729382145881
3624.356071,1000,557.669156,1000.0,2432.6188028452907,392.5664142280351,398.0435622822123,-70.85941256999969,-153.10102319419377,-291.09605453327674,-33.29069227662465,-50.52552547596467,0.06129685923941799,1.2259371847883598
3626.655526,1000,559.579929,1000.0,2430.3769247131095,392.720371599146,397.91597938323685,-71.34945975303648,-150.4759144634011,-287.62815730135554,-34.67020892285169,-50.23400905830187,0.7229955831802872,14.459911663605745
3629.81529,1000,561.50142,1000.0,2433.6922774843624,392.8637936086103,397.6658683271619,-71.0860032188893,-152.87930320799333,-288.54152625658594,-32.35262364434957,-49.54719355784444,0.41409433379166927,8.281886675833386
3632.464502,1000,563.446653,1000.0,2428.2547844619576,393.0940824068413,397.5476158742227,-71.28746630430214,-149.75642997026426,-281.94722611291735,-33.64126845270919,-49.79958952662046,0.33795043844203954,6.759008768840791
3627.651858,1000,565.387037,1000.0,2437.0520401508315,392.6186421795251,397.5146576013956,-71.36502505540861,-150.37408945709453,-291.82024268294157,-34.27420349025815,-51.69992128553641,0.8500535599501792,17.001071199003583
3631.776841,1000,567.184309,1000.0,2433.8242717895814,392.741762791102,398.24615626793087,-70.6639188396931,-147.03943455219252,-291.999924828334,-34.188087828488705,-49.14398360605453,-0.13791657164626142,-2.7583314329252286
3641.525296,1000,569.043777,1000.0,2442.324295207725,394.07907337054,398.01881141854693,-70.19214774727831,-145.26934725344182,-297.1165677421099,-31.24995025914129,-49.068870967258164,0.08184759238009406,1.6369518476018812
3641.83022,1000,574.67031,1000.0,2429.2840314252635,393.0851454178769,396.5506273755858,-71.05478366017336,-147.26572566181426,-277.6342225376714,-33.17430561877254,-47.96054647433458,-0.501710296669746,-10.034205933394919
3642.649325,1000,576.566488,1000.0,2440.828401975897,393.5537994831739,397.9925884905978,-70.32516445636756,-148.32380933165535,-289.1190700331371,-32.53650972877092,-49.420911205462296,0.17211479132793198,3.4422958265586394
3632.710094,1000,578.473368,1000.0,2428.1718681675898,392.1467269222562,398.10908594082935,-71.19090619564051,-149.00774545222532,-281.35585601554885,-34.981090249192974,-49.18198921943156,0.494845534093622,9.89691068187244
3647.927136,1000,580.365196,1000.0,2445.8926565828974,393.65597587700245,398.7599927652408,-71.21254084348685,-147.27321325838554,-292.62044369798247,-31.709169299376327,-47.566122144590906,-0.13126910965506391,-2.625382193101278
3643.76596,1000,582.283921,1000.0,2429.778968247843,393.6872725941295,398.0453920793458,-70.77880499005322,-145.64443619251244,-280.38886895693446,-32.31645667258975,-48.61710601988246,-0.02077594767233064,-0.41551895344661277
3645.023917,1000,584.145967,1000.0,2437.9131512469726,393.44067840038247,397.9868558534448,-70.51386563420297,-144.45857758224008,-287.27624674239763,-33.44568194045856,-48.62239686616415,0.04420184318610269,0.8840368637220538
3650.563539,1000,586.016267,1000.0,2437.1882696804173,393.44065769324254,397.95925687141624,-68.70526319146158,-139.1324925303457,-290.5670324161714,-31.007357079335446,-48.6124999593658,0.16115951629513037,3.2231903259026073
3625.806585,1000,587.892904,1000.0,2410.965143880553,392.1220108814471,396.38455919130416,-72.62484830617898,-139.81371897906072,-277.2611809329757,-33.67549917517021,-50.28988130228728,0.44779758503867645,8.955951700773529
3654.789417,1000,589.762113,1000.0,2433.6226269927006,392.3266301684966,398.57571124566164,-67.33366610646252,-137.9731159433722,-282.6876955820755,-32.77655210113715,-48.96452197403487,0.777431581145209,15.54863162290418
3648.066727,1000,591.621672,1000.0,2436.220092407779,393.24746128164776,398.2893642592902,-69.21224887132654,-140.2431205675006,-286.77496838953357,-33.75254108669141,-49.70731187419279,-0.21125409861288857,-4.2250819722577715
3646.392414,1000,593.556471,1000.0,2431.296127176678,392.40341192149435,397.9873720270104,-69.95565456867217,-135.85057697296148,-286.25703598185584,-34.80376934347291,-48.427460364056756,-0.1483002318757644,-2.9660046375152884
3642.41099,1000,595.442455,1000.0,2425.9814238260433,392.94960913818,398.2297685332183,-69.06374796390537,-137.35017091035851,-285.20823581919507,-34.600382201197775,-48.527274837281794,-0.05543410237276678,-1.1086820474553356
3665.072628,1000,597.387878,1000.0,2444.5753341512404,392.4484773103505,397.90693313723625,-68.40565896868702,-134.76008520275357,-288.99300123045003,-30.231703437242306,-47.46766731548614,-0.14029822165171593,-2.8059644330343185
3655.512483,1000,599.442668,1000.0,2441.454050741801,393.2248921424831,398.7308657029779,-68.69153362631806,-138.13112007826555,-290.48692321370885,-31.81723629462346,-48.77051248966075,-0.020563532166412324,-0.4112706433282465
3651.075137,1000,601.391233,1000.0,2431.5132788601018,393.1989965773813,398.2472960261097,-69.16933191418642,-138.93045832812794,-282.27802782396515,-32.30809716551663,-49.19851922518962,0.13466422284607704,2.693284456921541
3656.742911,1000,603.332366,1000.0,2443.7287979701027,392.81965164542544,397.6690588348371,-69.20243201017388,-136.5184589847922,-292.34597255636425,-32.36817292626511,-47.039561255636585,0.1890022856311511,3.780045712623022
3653.820122,1000,605.320658,1000.0,2435.6099030503146,392.42386773198007,397.88953763648937,-68.48540902376182,-136.50686781108385,-288.28864213720465,-31.10270370190077,-47.71956345402524,0.3296766653341804,6.593533306683607
3652.841627,1000,607.325841,1000.0,2440.8828440377497,392.48567086310146,398.0496954326339,-70.56810559272768,-137.99608854651444,-287.32915602385305,-33.907918991547184,-48.775314556787016,0.18575209566988732,3.7150419133977466
3654.089602,1000,609.381919,1000.0,2435.5578990670347,393.90841172045685,398.0115821239442,-68.5942733442782,-135.68189086914072,-289.63976271407574,-30.714221204913393,-48.75814235749094,-0.21335844974001156,-4.267168994800231
3653.265445,1000,611.391441,1000.0,2429.4913295411498,393.40613866607845,398.7851951216794,-69.2788994836807,-135.791052865982,-280.87878452996694,-33.84244266366982,-48.62603878682051,0.007756074298988192,0.15512148597976383
3656.724759,1000,613.396803,1000.0,2444.607360919827,392.9206148435711,398.54963219683134,-69.78576710343361,-134.74551021307718,-294.03135302744613,-32.72793687882707,-48.06228167908505,-0.0963687124411416,-1.927374248822832
3664.887881,1000,620.528085,1000.0,2443.2230135466016,393.43789281254175,398.6526120441054,-68.10580297410486,-132.29644241034995,-292.3303052880849,-30.23896541235654,-47.454121637088384,0.4479667611979011,8.959335223958021
3667.673092,1000,624.816747,1000.0,2437.0780123056434,392.60261367739804,398.9304308159507,-68.85534955620761,-131.05999402403816,-282.2361208393965,-30.928363227247125,-47.85813726125027,-0.056497416952680235,-1.1299483390536047
3663.253347,1000,627.596983,1000.0,2431.1748741679553,392.96701286752017,398.5877724364402,-67.3769702315331,-132.313943822682,-282.1807590720573,-30.642505392597354,-46.96213423604263,0.4737504466961731,9.475008933923462
3671.183564,1000,629.600873,1000.0,2440.0104973119032,393.1838578135017,399.06883518342283,-68.12284230947496,-131.00966702401647,-284.19057244408964,-29.593834593425143,-48.16270960429513,0.030820487339187803,0.616409746783756
3678.787076,1000,631.475095,1000.0,2447.726817383324,393.2729671207369,398.82887300113885,-67.15045296907424,-129.21029316186903,-289.91567165504335,-26.65877804512211,-48.10638584591312,0.13277340630395315,2.655468126079063
3661.393358,1000,633.36622,1000.0,2437.1125980620354,392.77957989875466,397.87414040006706,-69.07139435648925,-131.33408814370628,-289.1337234457612,-29.013404329768633,-47.82034972782065,-0.016451427396255772,-0.32902854792511543
3670.707832,1000,635.328008,1000.0,2437.3280822748047,391.25596042379675,398.53706133364324,-67.50266247868537,-128.78887223601333,-281.4010371278051,-30.08872323010209,-48.63197661808177,0.7557942297344759,15.115884594689517
3671.709962,1000,637.209928,1000.0,2434.707511694851,392.99229074798154,398.61454382059924,-68.0690023875237,-129.3879373505711,-281.663172897485,-29.51727272897589,-45.96699863933949,0.34893680940474214,6.978736188094842
3671.860248,1000,639.094319,1000.0,2437.124480098206,392.4537272807984,397.9915554946754,-66.6521855473519,-126.35701479017742,-288.51114015753393,-26.48356020701909,-47.70561462397144,0.8520731911916405,17.04146382383281
3684.336837,1000,640.96582,1000.0,2445.321667459141,392.320419112097,398.8023189192772,-66.60609655141825,-127.42150806337587,-286.01884988048147,-25.713577240449137,-46.347536495711246,0.7196091262792209,14.392182525584419
3675.490409,1000,642.822866,1000.0,2434.8740253482874,393.7217452493839,398.5288498364552,-66.39045381784437,-125.20351110398772,-285.39413032671894,-27.752109963391536,-46.894006095210564,-0.1763140492479032,-3.526280984958064
3680.876765,1000,644.748675,1000.0,2436.4455533376804,393.52265001930726,398.6796149836598,-66.13267743349067,-123.07753904312852,-283.3849708048368,-28.420725431414837,-46.75514026964955,-0.14196605400392096,-2.839321080078419
3674.736394,1000,646.660396,1000.0,2441.9894031704785,393.3283558779337,399.45788632304857,-67.4859662401676,-125.36157089769847,-291.39720811153603,-28.83263770231286,-46.961868853774725,0.39729607791031996,7.9459215582064
3676.786126,1000,648.5876,1000.0,2440.673106966038,392.7829536103982,398.7808976159509,-66.75888406991956,-122.47845210283971,-290.33936264871363,-28.281936587041752,-47.59219694615865,-0.12589166652746725,-2.517833330549345
3668.872821,1000,650.492847,1000.0,2419.8218517019004,392.3417155969619,398.3582504990606,-66.508838236332,-126.21799138337381,-272.56258211267425,-30.098174850932295,-46.261410449342314,-0.01895268359357028,-0.37905367187140565
3682.864071,1000,652.370907,1000.0,2437.604146293442,392.9772697421872,398.98761184425496,-66.20450334787358,-122.22059148550038,-284.91081983123075,-27.57810150399758,-45.790941046485166,0.0641024311938538,1.2820486238770759
3687.075549,1000,654.276913,1000.0,2440.6665250453225,393.9875172613368,398.8932014077931,-65.66151718974112,-122.41245980411763,-284.4991067811533,-28.045696854762507,-45.852914571187156,-0.27356064177186223,-5.471212835437244
3689.59697,1000,656.198843,1000.0,2447.5984435046166,393.4224735083395,399.1893847281141,-65.36621087908755,-123.61124460995183,-285.8760602561935,-28.796544047615974,-46.96327211022689,-0.27256675666217767,-5.451335133243553
3691.84827,1000,658.050292,1000.0,2445.1520936518623,394.1302704123078,399.22165055233745,-64.25309988617896,-121.43353375941508,-289.2921317011865,-25.50771970077063,-46.16925922562533,-0.11939512022395224,-2.387902404479045
3688.451872,1000,659.937097,1000.0,2435.1136441648,393.11528041963777,398.8852390983524,-63.43024436354648,-121.32420730888838,-278.78978810369426,-27.956593193840746,-47.16145857253344,-0.07063072910432153,-1.4126145820864304
3663.141204,1000,661.660041,1000.0,2408.4212214521813,392.82609851124244,398.78824752715155,-65.24982508540144,-122.91999124735592,-271.32304405600695,-32.35202115524511,-45.049481500859294,-0.3633284521884856,-7.266569043769712
3693.564279,1000,667.32606,1000.0,2445.580708900393,393.69335524283633,398.6949780167831,-64.83961416244505,-123.23696990311154,-280.9567764970496,-28.929351932414825,-46.442050872115246,-0.4421090736040677,-8.842181472081354
3681.020935,1000,669.270736,1000.0,2426.3296263495463,393.6407153945704,399.27886556449295,-64.608128361702,-123.21738858819009,-276.30174631602154,-27.46356760613294,-46.637441859107255,-0.1430648431610629,-2.8612968632212583
3681.776863,1000,671.189044,1000.0,2434.900094523771,393.77385641105377,398.66196960542027,-64.37290369868278,-123.15379824042316,-280.44542544134185,-30.162392090278388,-47.42453767416257,0.5593690296247353,11.187380592494707
3686.281123,1000,673.095965,1000.0,2431.1419985668986,392.8310409984719,397.6624750118439,-64.61532631874086,-121.47603651285168,-274.04418028971793,-30.393877253008306,-44.824970962854536,0.25440010939795854,5.08800218795917
3699.991011,1000,675.013781,1000.0,2448.44073102491,392.61480713412317,398.94416465473034,-62.38279878854747,-120.29633854329573,-283.0616247116689,-28.394221514887867,-45.873708426825765,0.07748941007766749,1.54978820155335
3696.208652,1000,676.904013,1000.0,2439.571373098986,391.88601607208,398.54442058067735,-62.33327706456184,-117.05050633847728,-281.5175177233211,-26.952176034654094,-45.9396805426025,0.9846375560754697,19.692751121509392
481.005179,145,677.153105,145.0,314.5695281506828,55.57092971169207,54.478802855984675,-12.641277658939359,-14.585300968587399,-46.340703885016225,-8.585437233837228,-6.461361937513029,0.9391458137630081,2.7235228599127232
3691.728338,1000,679.044014,1000.0,2436.7109797135868,393.5423357945204,399.06532086161315,-64.23532444953916,-118.29754247814414,-283.0691560012472,-26.26283739801199,-45.72543770160474,-0.34216207799424414,-6.843241559884883
3689.478866,1000,680.926675,1000.0,2437.313673603803,391.57471400481245,398.29683715585776,-62.657843230962676,-118.74771806225185,-283.4131076011742,-27.235603374569024,-45.652086044620724,0.916042559122263,18.32085118244526
3702.734596,1000,682.828589,1000.0,2435.0150112101046,393.7954167684433,399.0672340103114,-62.08593823909757,-116.56196379512548,-275.67285487644,-25.55469436805077,-45.26761471680269,-0.07147265659518709,-1.4294531319037418
3704.737686,1000,684.733195,1000.0,2443.7347869294695,393.9870747184451,399.0669192824396,-61.54869572401049,-117.21021883934745,-282.8651663271134,-26.44512358971658,-43.98189008743146,0.2597926104456055,5.195852208912109
3689.378378,1000,686.602884,1000.0,2434.5879336039097,393.78739204924597,398.4740953307051,-62.84786262869835,-122.89678985476507,-278.16483406769987,-28.755797714677353,-44.8057591865701,0.36505067639427896,7.301013527885579
3697.375008,1000,688.5223,1000.0,2440.984704541659,390.9195502022957,398.85172107150896,-62.753475302457815,-118.17011451125148,-279.0175295237432,-27.24736048540942,-46.19248798348595,0.9760480240100066,19.52096048020013
3705.066032,1000,690.38052,1000.0,2451.5094172093995,392.73151141335893,399.19435155612416,-60.86457155227661,-115.74681707769622,-287.4721982985796,-27.588919804259255,-46.69674097936879,0.34864145177375616,6.972829035475123
3703.101012,1000,692.22664,1000.0,2443.22931152541,393.33951269010737,398.2603776100845,-61.592679765224396,-115.7488970905544,-284.41243173731294,-25.626030192426867,-44.348150768358586,0.19782628067204563,3.956525613440913
3704.846334,1000,694.106122,1000.0,2450.31334687063,392.89876262877874,398.1721614367434,-62.24258814692488,-116.12919527292249,-285.3150036766314,-26.91541849033405,-45.93573164847933,0.5046210998879659,10.092421997759319
3707.276236,1000,695.953726,1000.0,2444.509407471744,393.14084216696307,398.4982802526343,-60.27205348968499,-117.59455235451468,-279.1559434688619,-27.018555710870682,-44.83118892337501,0.47383372004293295,9.47667440085866
3698.982302,1000,697.807989,1000.0,2443.2466455596946,393.0214501369954,397.8336180565548,-61.70922241210939,-116.44656755626208,-284.4056693515302,-26.19101097467167,-46.36694134768856,0.2992802325562863,5.985604651125725
3708.926957,1000,699.672722,1000.0,2438.5599425752494,392.7563394463309,398.70616046350597,-60.90556639373306,-111.69415952414252,-276.42585183715664,-26.530908113653343,-45.538999175119564,0.1524284581616556,3.048569163233112
3693.553324,1000,701.494687,1000.0,2431.9202637526455,392.4874082348096,397.8365622975715,-61.60185973405841,-115.27278384119256,-279.77665071904687,-27.609210089933676,-44.43040615996094,0.5395574519596186,10.791149039192371
3709.121467,1000,703.362571,1000.0,2442.8416842474585,393.9759465931021,398.56376457840395,-62.39615648865703,-115.27945497184982,-277.7925540490883,-25.077337258540965,-45.71442602930798,0.13214129547728998,2.6428259095457993
3708.30792,1000,709.016738,1000.0,2440.1795208836515,394.67816303831466,399.0496020241173,-61.70121004343027,-114.45706807374957,-280.407549388806,-24.14423581843115,-44.88930222780763,-0.22250524787976253,-4.450104957595251
3702.365378,1000,710.856845,1000.0,2436.781878260137,393.4440392076958,398.7683159876228,-60.30134021282199,-114.94307588487874,-278.47792619387906,-27.507956608595432,-45.39855636547875,-0.1881599655660595,-3.76319931132119
3711.682112,1000,712.69909,1000.0,2444.3666281750384,393.71419962856584,399.1636537072876,-61.21011913180356,-112.3835734561085,-281.5451571567216,-25.637253973845798,-44.78626601754657,-0.24829680673439825,-4.965936134687965
3704.861074,1000,714.576245,1000.0,2440.4245114052114,393.50732076879416,398.2381491399223,-61.78509614586835,-113.84458324611201,-280.24576135836514,-27.171902205510268,-44.261564350945456,0.06256844274606142,1.2513688549212285
3699.876358,1000,716.427888,1000.0,2436.806325548597,394.14886368191395,397.3374481388275,-60.83447180986402,-114.01142436414965,-281.99983352992405,-27.932643171407054,-43.63790630142505,0.47655943408353185,9.531188681670637
3715.110192,1000,718.317951,1000.0,2442.8986259394537,393.19062021356797,399.2453976480904,-59.46307459294805,-110.19497118294235,-281.96437714922524,-24.696590092446904,-43.905438530182934,0.017097763778778828,0.34195527557557653
3716.294366,1000,720.175314,1000.0,2448.591470877065,393.3436366442193,399.06850208343934,-60.163960133791015,-110.44025319814688,-284.5209963730855,-26.03636268592406,-43.547670903995304,0.2094574011905815,4.18914802381163
3701.837476,1000,722.024468,1000.0,2433.09264511378,394.24601623791125,398.9250858058161,-61.48749128222464,-112.53075485974554,-280.23159531596446,-27.472317090240374,-42.70411254222283,0.036091269649551866,0.7218253929910373
3714.424262,1000,723.867429,1000.0,2437.285935649841,393.5179096299666,399.3598415418007,-60.275972861051564,-111.92587795406584,-276.0343362987128,-25.244981082384125,-42.25825617460356,0.24877223177250954,4.975444635450191
3707.098957,1000,725.751103,1000.0,2431.2900465472626,393.87144610293035,398.7815789334778,-60.748087850809036,-110.78435902297507,-275.20919981296987,-25.974594247173304,-44.12787408751085,0.060715505620340594,1.2143101124068119
3719.649867,1000,727.757705,1000.0,2449.3801231466905,393.18613157922067,398.3796201290038,-59.81071241736414,-108.55929000154141,-284.3718813112984,-24.572124217586264,-43.98200036182367,0.6110855402472055,12.221710804944111
3717.727893,1000,729.619617,1000.0,2440.184185640055,393.9067568986345,399.2971946677081,-60.395921261310576,-107.79260411560543,-280.70861036142236,-22.923748610709307,-43.839360059991094,0.0029654692722077,0.059309385444154
3716.334621,1000,731.522247,1000.0,2441.322997532713,393.8814839297178,399.03064817039717,-60.57615293562408,-108.60284296572206,-278.7358512290779,-25.9297156663042,-44.05594557143061,0.02918696991803537,0.5837393983607074
3715.158979,1000,733.401788,1000.0,2438.213724844022,393.99900645102343,398.4695412381636,-60.64892924070368,-105.28925258517263,-281.34411890497256,-26.016828217787374,-42.22416464227221,-0.1764340023100169,-3.5286800462003383
3722.056913,1000,735.271162,1000.0,2444.5502613108197,394.88507389123686,398.8293529197875,-61.344955221414565,-107.41101077049947,-279.432229573371,-25.100486978071224,-42.9190922246367,0.19329362441425785,3.865872488285157
3712.126472,1000,737.312299,1000.0,2428.7415674372182,393.3264654261703,398.9920270522762,-60.46180288791659,-106.73446816951042,-272.8601569185692,-25.6723662024376,-43.20479338139047,-0.03868844708367128,-0.7737689416734256
3725.152746,1000,739.415799,1000.0,2444.758816048669,394.92767508478966,398.90910122157464,-59.02578075885782,-105.44805096834892,-280.88205367439684,-24.281978696936637,-43.80498179245468,0.06275874974853783,1.2551749949707567
3718.83201,1000,741.402034,1000.0,2438.633819883132,394.2693710497287,399.67524440875184,-59.80080195307732,-103.28099294230334,-281.2938744467076,-25.463082718670393,-43.90767284311876,0.12092468483198977,2.4184936966397954
3722.799151,1000,743.487705,1000.0,2444.6810142259683,393.07877264507096,399.5098981144934,-60.87819798946385,-105.37305209636683,-280.35730300625755,-23.847868685085093,-44.014112169362726,0.03803399477629475,0.7606798955258951
3709.346389,1000,745.516985,1000.0,2430.6601725112537,393.4020865066687,399.31997837219103,-59.704948931932414,-107.31086907088749,-275.38459596649324,-27.6878695118632,-43.947564683315846,-0.16478744669533504,-3.295748933906701
3732.023051,1000,747.506099,1000.0,2444.8999312387677,393.33143320311325,399.13128160234606,-58.66512177109716,-101.39510177075869,-278.42137548378594,-23.714989447503545,-43.14300670117682,-0.060160122123580184,-1.2032024424716037
3729.40487,1000,753.581562,1000.0,2450.1347413052695,394.71804255307035,399.7828181540482,-58.912002642154754,-107.40402453839783,-281.96593945219234,-23.357269619217153,-43.59149528594308,-0.1668801130327065,-3.3376022606541302
3718.624983,1000,755.687016,1000.0,2438.7486991052074,394.14652372913116,399.4575129111127,-59.38398098587991,-104.1963199317457,-281.48463702320436,-25.83395640134673,-42.82885857248423,-0.1382298546396171,-2.764597092792342
3716.070312,1000,757.793339,1000.0,2429.4182533631943,393.9381566758723,398.8765214809071,-59.55591614365583,-101.53145193755607,-275.6380359033776,-26.938388951408346,-42.49882653649752,-0.16272465074128478,-3.254493014825696
3722.827021,1000,759.909772,1000.0,2443.295058910697,393.87747112641546,399.61194170785325,-58.72373075127596,-102.91885845661189,-281.4855325038908,-27.47210211375065,-43.35722736131674,-0.1283171177889919,-2.566342355779838
3730.574702,1000,762.017643,1000.0,2447.5958688075875,394.75021833351656,399.4209242266875,-59.3178870236874,-103.61907136589286,-281.9600997755018,-24.353078246107174,-41.9421728717862,-0.20651400796516092,-4.130280159303219
3736.149697,1000,763.998941,1000.0,2448.943749018952,394.5095735595592,399.38477847960587,-58.321828604936584,-103.42824943885218,-280.691021733657,-21.071608362366828,-43.175695990654226,-0.17862112233009744,-3.5724224466019487
3725.449166,1000,766.129358,1000.0,2435.981468639224,394.48789678359753,399.404604921193,-58.95826912522321,-101.16874236315492,-274.66171281535344,-27.102151472933283,-42.533928935460395,-0.02112566698231475,-0.422513339646295
3728.00165,1000,767.873196,1000.0,2445.809715442876,394.0556864596156,399.37169330397154,-57.397682857513395,-101.61488550379872,-284.9285193510543,-24.170889914100872,-43.123467989531676,-0.20445169963598123,-4.089033992719624
3728.710902,1000,769.781754,1000.0,2438.987272537986,394.14160442590685,399.2562872811511,-57.72551569044589,-101.79883197396993,-278.5557282661614,-24.274409802061612,-41.319776858721504,0.13808173141654906,2.761634628330981
3739.308557,1000,771.655529,1000.0,2448.4980734813175,393.57653748179325,399.4695164149212,-57.7177453792095,-96.38078806102273,-282.1127507016332,-23.68058510525665,-42.34370106563737,-0.36935235106688236,-7.387047021337647
3740.186998,1000,773.568938,1000.0,2446.9315516844736,393.10491607581855,399.58435655706717,-56.32453781723966,-96.01920384019617,-280.3533177005427,-24.231556127630693,-42.50521104133578,-0.06590471595794643,-1.3180943191589287
3739.665817,1000,775.538435,1000.0,2447.7873230715213,393.7784265853844,399.22553259456964,-57.663572350740445,-98.91168638020748,-278.2847029202116,-24.387009109035485,-41.87849416051465,0.14388623029087272,2.877724605817454
3731.829535,1000,777.51378,1000.0,2435.814912321499,393.7124075355851,399.36374857243305,-56.67676602959629,-96.8896202087401,-277.4662628863133,-25.079332321625156,-40.94955189462457,-0.05487068409839563,-1.0974136819679126
3743.567993,1000,779.454942,1000.0,2441.617442020366,393.9093902368991,399.38854024197053,-56.210626121759354,-96.48739392608408,-273.49922254598437,-23.283329256505574,-41.86680806369048,-0.015131788363594616,-0.30263576727189234
3749.846457,1000,781.410348,1000.0,2449.001430076126,394.07353183920617,399.55003327273243,-55.83355610132219,-94.87523712515839,-276.4160190409564,-23.375891035960088,-42.27783440635405,-0.027058591334584048,-0.541171826691681
3742.11183,1000,783.388381,1000.0,2442.0149143640674,394.4410812917201,399.5844691328933,-56.568751242160786,-94.7828364491464,-278.06042841252844,-22.34523623494578,-42.171382870991515,-0.08972617675880606,-1.7945235351761213
3747.002811,1000,785.324407,1000.0,2443.5783658585797,393.5402225777586,399.4638356200123,-56.27141875147816,-96.47826450616124,-272.9477685517419,-22.00862729808203,-41.873533601543436,-0.14660771096579997,-2.9321542193159993
3743.896469,1000,787.312814,1000.0,2447.7855348441108,393.81933406796617,399.3753476135301,-56.76356306672092,-96.54622521549467,-278.0736813364048,-24.37196274863086,-41.328314692418964,-0.002119606227886017,-0.04239212455772034
3744.187731,1000,789.258075,1000.0,2443.67691083154,393.97201577157864,399.30858396815836,-56.035127559900324,-95.57659710049627,-277.40334129736584,-22.735443429385537,-41.019270175275246,0.2555764208147688,5.111528416295376
3745.661589,1000,791.192682,1000.0,2447.5009737563582,394.0193947616893,399.5964068940093,-56.214135575294485,-93.91254766881478,-279.77983647063166,-24.859320307127494,-40.68934599758751,0.12800311168682144,2.5600622337364287
3747.52747,1000,793.204802,1000.0,2445.855982035215,393.97438353385337,399.63387787098384,-56.908489125967,-93.74287689775227,-277.91639939856555,-23.427022949258575,-39.94198543800046,-0.008016520526899338,-0.16033041053798675
3751.385514,1000,798.935307,1000.0,2437.996421983965,394.490299281144,399.40543222877426,-56.82311628222465,-91.02391133606439,-271.0037341314632,-21.213722641974847,-40.44215508692956,-0.005381879624105275,-0.10763759248210551
3746.68365,1000,800.942213,1000.0,2439.8752969408947,393.95448340636244,399.4623817179838,-55.443062751293226,-95.00043756663794,-272.0349426395649,-24.330488004701806,-39.79958132504375,-0.04942941479343683,-0.9885882958687365
3751.750196,1000,802.953604,1000.0,2446.104986362191,394.310770712966,398.63745273308024,-54.62301455140113,-93.22346522808083,-276.14234468973734,-23.296913871600843,-40.017275773592544,0.07082794094299547,1.4165588188599092
3756.415597,1000,804.86464,1000.0,2448.027405671947,394.61198475224637,399.4237333322499,-54.1889395529031,-90.12035621553652,-278.4007220529152,-22.47923456783719,-40.458273986595515,-0.07499105313848461,-1.4998210627696922
3755.070378,1000,806.741371,1000.0,2443.0012878631233,393.71322060211634,399.6442009141176,-53.915987850427626,-91.33205995857715,-276.8771514023253,-19.852865614658853,-39.31026628565822,0.24957136462701063,4.991427292540212
3751.710424,1000,808.722786,1000.0,2447.591580860033,394.12228409685315,399.6837857935117,-54.90842039465904,-92.82861153930445,-279.6402687615304,-23.36369527964557,-38.94623106519334,-0.1156222976967878,-2.312445953935756
3749.41307,1000,810.640976,1000.0,2438.2317386671557,394.12144917715807,398.79434398168985,-55.08744535565387,-91.23403316885225,-274.1457529897903,-22.026948955925693,-39.240280971792814,0.666964368595244,13.33928737190488
3754.088678,1000,813.054971,1000.0,2443.916009263689,394.7482544872138,399.61921302246964,-55.458576629161854,-93.27389000207197,-273.23523349033263,-23.285063822646244,-38.942035117136136,0.11364566679373056,2.272913335874611
3757.890774,1000,816.087824,1000.0,2446.0745517391993,394.5494085736585,399.61553552989596,-55.16613290786746,-90.64093254655594,-273.7252988225045,-22.854424208956885,-39.96193326122143,-0.1265990128875149,-2.5319802577502983
3757.905622,1000,819.287051,1000.0,2448.7503468041355,394.47031734589774,399.5158898363852,-54.82692040860654,-92.61071118563407,-275.63779447027804,-22.47922438444824,-39.27628107409248,0.36134974736972925,7.2269949473945845
3759.411723,1000,821.197886,1000.0,2451.3318003737622,395.22036857144866,399.6132183287487,-55.6184838342667,-91.64380588531492,-279.2666551950316,-21.160796845543263,-39.063922161619445,0.12959866338779463,2.5919732677558924
3760.210851,1000,823.062132,1000.0,2444.574828184193,395.4455997611669,399.8102563579327,-53.993255639076295,-88.89136396795504,-275.98573753908,-21.071309774540918,-39.678165990104596,0.09875147153508661,1.9750294307017322
3759.759016,1000,824.907886,1000.0,2446.5141138400854,393.214296509517,399.3781582227552,-54.62071788072594,-88.60719505101436,-274.6774978584284,-22.26513193015032,-39.1770096180273,0.8174160726039774,16.34832145207955
3746.58951,1000,826.751594,1000.0,2433.733129030171,395.0077201701218,398.6970787891463,-55.04372737228856,-88.80594584122295,-275.292774331748,-22.1165157541459,-39.58945423307831,0.3221810934308191,6.443621868616382
3755.110609,1000,828.625274,1000.0,2444.723839857147,394.64666975638465,399.6872070357189,-55.143187476396555,-88.98974790871135,-277.6271251171021,-23.0747718992851,-39.11227570283448,-0.17618021061227815,-3.523604212245563
3758.180685,1000,830.486197,1000.0,2442.8491579712213,394.98169676573895,399.4567242544941,-53.87093666434283,-87.97245733290904,-278.31623578623214,-20.623311839503888,-38.32395256164798,0.2162743164903002,4.3254863298060044
3769.43351,1000,832.447407,1000.0,2446.8862676891486,394.6978360910558,399.73509561518705,-54.59953141450879,-86.94425400197514,-272.22431204804616,-19.489908817466652,-38.62768331730017,-0.02203775241262003,-0.4407550482524006
3759.952193,1000,834.381508,1000.0,2444.2885099132736,394.401898816486,399.6918285678356,-53.88150513172151,-87.19702872484928,-276.97402784016595,-20.462738800470387,-39.91474387842681,-0.05899019316315331,-1.179803863263066
3767.671397,1000,836.304594,1000.0,2451.934451859247,394.7590900721541,399.8378855060188,-53.983632627725484,-86.46589475274101,-278.7483732957328,-19.797628978418096,-39.86450123622913,-0.0737908572980987,-1.475817145961974
3760.924748,1000,838.191641,1000.0,2454.4594595169674,394.8396431668246,399.74931016509606,-54.031378651261285,-88.28348142206671,-283.8266275881729,-22.704073653328436,-39.27810354818091,0.11930476273801735,2.386095254760347
3769.507218,1000,840.130125,1000.0,2450.6139874680543,394.78136573775816,399.89693876805404,-52.97365275979038,-85.97832395434371,-276.0586761427177,-22.98327621925912,-37.79114515433709,0.02402976284623896,0.4805952569247792
3766.08207,1000,846.296757,1000.0,2446.0001133774094,394.78584551912894,399.3296162653165,-53.17695619523533,-86.00469815731051,-275.0389230829187,-21.981942105186093,-37.83098581086318,0.12604278363581256,2.520855672716251
3760.696578,1000,848.4006,1000.0,2441.523356372503,394.7913742939193,399.6186467893722,-54.49530159711837,-86.04831573367127,-273.6137758625526,-23.348204437091404,-37.73120183668333,0.2686932652907271,5.373865305814542
3765.126685,1000,850.345974,1000.0,2443.472426025902,394.8757877743529,399.6254197580501,-53.71068602085113,-84.97233150154348,-274.1852595572943,-22.541005540415284,-37.43766634362708,0.27817450356201523,5.563490071240305
3765.350102,1000,852.209608,1000.0,2444.400524694736,394.46495918287263,399.70508926262426,-53.87424664974218,-85.52230859547858,-273.4432417801232,-23.25306657199536,-37.127607120680715,-0.07693802400298871,-1.5387604800597743
3771.215577,1000,854.030098,1000.0,2451.537179540919,395.0555698061169,399.6159887227288,-53.159513201713594,-85.87426979541773,-276.7317768391045,-21.392844137478455,-37.83475684191981,-0.1315788987237677,-2.6315779744753542
3762.817915,1000,855.865632,1000.0,2447.24038338848,394.81548686421,399.4400494926472,-53.876083921194024,-86.2071264356374,-275.4033382336517,-24.20033521402989,-38.99112137768077,0.0658107237622182,1.316214475244364
3763.999537,1000,857.724249,1000.0,2446.9022488224896,394.9432664397412,399.11371890476335,-53.48252925634384,-84.03026853427298,-280.9339070050699,-20.58908438136512,-37.923907790979236,-0.2442780039986155,-4.88556007997231
3759.771845,1000,859.54756,1000.0,2441.804107036759,394.1765108454356,399.6206429544545,-53.14810337305068,-85.29182533025745,-277.70364768490174,-21.943670373737632,-37.74216857932607,-0.2906098192913228,-5.812196385826456
3763.90126,1000,861.420051,1000.0,2446.569653765044,394.8280716361282,399.22711989435487,-52.500590871572506,-84.7249449074269,-278.86176517269126,-22.854194215505157,-37.78209018149246,0.4792867808993379,9.585735617986758
3771.87283,1000,863.406509,1000.0,2455.898067256667,394.55690380464546,399.4580323052684,-52.1658632218838,-84.85028278604155,-283.32936113679096,-20.61836851951597,-37.076298126611626,-0.15901947687664528,-3.1803895375329057
3769.459912,1000,865.379179,1000.0,2451.6499159493696,395.3642513172192,399.72931559884734,-52.00086102604863,-84.29337957948438,-282.05462482641383,-21.03424493432218,-37.9004603586895,0.3362385133979322,6.724770267958644
3763.605446,1000,867.368522,1000.0,2451.9779442759764,394.8587312676161,399.4138770849598,-54.03446061968805,-86.34147435724725,-281.28364498851084,-22.765381286053962,-38.22014538745418,0.2783656033580524,5.567312067161048
3767.635941,1000,869.383976,1000.0,2445.9314958465657,394.82906273495513,399.07286136404036,-53.33736797809592,-83.70306441187854,-275.0610032489065,-22.579310633350914,-37.51673313411951,-0.14724082592659662,-2.9448165185319324
3758.528781,1000,871.302677,1000.0,2432.4961492347993,394.654558747967,399.61859378354836,-52.8498993420601,-84.43956048041575,-269.10568686138345,-23.99100585569172,-37.85436812557623,-0.053827967596010606,-1.0765593519202121
3766.336697,1000,873.25669,1000.0,2447.132851354397,394.8438805632025,399.4588606258563,-52.61167958736419,-83.84360408559446,-279.20736016635465,-22.51145987042536,-36.92479231892764,0.54151166272642,10.830233254528402
3768.863552,1000,875.290961,1000.0,2440.337538687734,394.70078632671107,399.7578980105014,-52.32469187855724,-83.52040044888852,-272.65674507630246,-20.658335721089852,-36.77249782810521,2.8287754458481795e-05,0.0005657550891696359
3773.250974,1000,877.157269,1000.0,2441.1359978450137,394.55289432859286,399.5444843342885,-52.27526551604268,-80.86547716408967,-271.43355035180866,-20.13178334922447,-37.276326218825346,0.48972046033005834,9.794409206601166
3770.373442,1000,879.056636,1000.0,2442.0216183745774,394.2395956430417,399.24153382660364,-52.21562549114231,-81.22447298765178,-272.358359672717,-22.249785202803697,-37.08106281072979,0.9256270732141159,18.512541464282318
3779.234835,1000,880.923134,1000.0,2447.06456962291,394.8239618780466,399.60465431698447,-50.86489154338832,-80.75460324063903,-275.16878138106995,-19.33657242355321,-36.133502107464075,0.39749195024340456,7.949839004868092
3776.047088,1000,882.813617,1000.0,2445.8061660247668,395.05037013089816,399.1597366731074,-51.831532580852496,-79.13079078644499,-277.0929968279884,-19.243562526062004,-36.67030171693988,0.8245386261410086,16.490772522820173
3778.518597,1000,884.699575,1000.0,2450.0351343867683,394.44430995880515,399.7335406059008,-51.11508773446085,-81.34367927461858,-278.00658336462294,-19.292098586504814,-35.936938715080885,0.8367711397965056,16.735422795930113
3779.70649,1000,890.398221,1000.0,2449.172008514576,394.24923517162387,399.5777462106397,-50.303484786748974,-79.96345973163842,-274.68704699148327,-21.342080436845677,-36.996427983334186,0.47924062594535793,9.584812518907158
3781.327154,1000,892.273598,1000.0,2454.0738940481074,394.8334288527828,398.957265819718,-50.6043854987621,-77.73567456305022,-280.86730973369885,-20.00514907669869,-37.324915606373104,0.868469347418596,17.369386948371922
3781.165422,1000,894.151974,1000.0,2445.7702198927896,394.2321652883667,399.3539931335928,-50.844004976749446,-78.73971511274583,-273.1033037022948,-18.733753728047855,-36.77017869732846,0.3047771983673868,6.095543967347736
3770.911018,1000,896.04825,1000.0,2440.6186256111096,394.90830605963316,399.78495815400066,-51.17785464048394,-79.99979987666006,-276.87808499683933,-19.59217257062756,-36.752959700121316,0.842813357320383,16.85626714640766
3777.150414,1000,897.915699,1000.0,2445.485380238672,394.79462083629994,399.2539631239052,-51.02012832999232,-78.78877589926134,-274.1424625636767,-21.322026075485145,-37.110157558342436,0.27039214234394116,5.407842846878823
3780.670795,1000,899.808742,1000.0,2446.449214391334,394.4351777093021,399.57446710341657,-50.547937690019566,-78.61037535071382,-274.4629640918945,-19.38701589365945,-36.77977108029304,0.07868879288234651,1.5737758576469303
3776.117274,1000,901.671835,1000.0,2438.1666330726657,393.84649915712504,399.5268947668868,-50.2491700494289,-78.7633575171233,-271.4265901732745,-19.221372454255256,-35.76226293860954,-0.12047791374082642,-2.4095582748165283
3783.020213,1000,903.541575,1000.0,2446.6602510374955,394.03610261087124,399.3758891855218,-50.58139207005505,-76.86894319057464,-274.6522636935691,-19.591730927780915,-35.357699971756794,0.3688164511924086,7.376329023848172
3782.417567,1000,905.416927,1000.0,2451.4249633377854,394.3594064928402,399.5661248863715,-50.040826358795165,-78.80138009935621,-275.99742941475523,-21.759492174035664,-36.33379988764121,0.7794090393436859,15.588180786873718
3782.9346,1000,907.327371,1000.0,2447.4803122189533,394.34238384683255,399.64248788935373,-49.61720313429829,-76.00254761800169,-277.1286064061385,-19.00395812286071,-36.778268554574254,0.09551781446377144,1.9103562892754289
3779.8022,1000,909.21157,1000.0,2439.6601512832553,394.31652015057347,399.5023857150111,-48.9038113093376,-76.6422518290579,-271.8342805815811,-20.082287341105065,-36.21422581798742,0.3769142445988622,7.538284891977244
3794.691021,1000,911.090814,1000.0,2451.1947991140214,394.84962117546536,399.6909891366161,-48.32836130142209,-76.01282826960089,-274.2016439585847,-16.465040916209556,-36.03651368594599,-0.2560920585804173,-5.121841171608346
3785.283546,1000,913.03999,1000.0,2436.3253494812943,393.77446378194514,399.777707314432,-48.673153042793274,-76.26229439750301,-264.3532425616669,-18.972357447518004,-36.332926718343906,0.3477376719796147,6.954753439592293
3788.685814,1000,914.882885,1000.0,2448.8265804459156,394.8401889998668,399.6106337111299,-48.65503189384934,-76.20265484303236,-274.8026570706297,-19.25948137250937,-35.67176415344038,-0.12044117761390487,-2.4088235522780974
3792.729036,1000,916.751675,1000.0,2441.956310718534,394.1775467313005,399.72471354077373,-48.409985613822954,-74.58846189156175,-265.1434300247914,-19.303690318668494,-35.68396737456796,-0.3492687801237606,-6.985375602475212
3795.815113,1000,918.636883,1000.0,2447.156083065849,394.8413888702446,399.7589541314035,-47.72450392842298,-75.29949261397122,-270.545219675715,-17.35127965562509,-35.02081706623724,-0.1320598662258569,-2.6411973245171376
3791.764879,1000,920.530692,1000.0,2442.383874634317,394.59813804611315,399.4017334044959,-48.5451511263847,-73.03815104961394,-268.3986451340015,-18.714292633632507,-35.92262731852856,0.013088900650783723,0.26177801301567444
3787.319281,1000,922.418029,1000.0,2437.7719605264288,393.3358851774786,399.10358275923926,-49.861879125833546,-74.8640065431594,-262.7090598763558,-20.366154936165586,-35.09104710434845,0.4571672338117662,9.143344676235325
3796.052489,1000,924.305536,1000.0,2444.474990159182,394.747364766088,399.4859692288734,-47.740195806026435,-73.43214222937821,-268.9000787093095,-18.7265616923008,-33.856856547895006,0.06840371293834822,1.3680742587669645
3790.253202,1000,926.177722,1000.0,2436.8642248313645,394.3569254083223,399.63909651249,-47.04224106669426,-74.13543764427313,-267.2469549156519,-17.692286329955518,-34.49012461734171,0.20929484955016706,4.185896991003341
3783.584305,1000,928.098587,1000.0,2431.382328610884,394.77557347787075,398.9311908806557,-48.2992360818386,-72.15624609291561,-266.7191623573331,-19.528777696478446,-34.80136565012013,0.5988184557883407,11.976369115766813
3794.567451,1000,933.721439,1000.0,2443.207027004135,394.55023869784407,399.08689139724265,-47.03011700987816,-72.10648944899448,-271.9020326703686,-16.829411046921095,-34.40865591241723,0.6394948917484179,12.789897834968357
3789.683164,1000,935.604819,1000.0,2434.0054503028823,394.26348172174846,398.94992977435516,-47.6607686400414,-71.93857234865426,-265.732602279888,-18.302689763251784,-33.9010643828555,0.3666088475237713,7.332176950475427
3792.460347,1000,937.459302,1000.0,2440.5035004950564,394.7448918484823,399.46005631925186,-48.4518751573562,-72.83918175622831,-268.47928544532016,-18.475953628553718,-34.001806086527495,-0.13044598541362679,-2.6089197082725355
297.718519,92,937.617111,92.0,194.3509677297279,34.91943922786258,32.326752957043276,-8.339644150733944,-5.537690439820291,-31.325116222549717,-7.42347898097004,-3.252711520884642,1.006411722396145,1.851797569208907
3792.317436,1000,939.479847,1000.0,2443.5342694024866,395.2091021739507,399.74105242959365,-47.683448901176426,-74.90986925810577,-269.302735439209,-19.618458408919093,-34.65247563436142,0.10743558880094015,2.148711776018803
3802.773552,1000,941.367195,1000.0,2441.7160460596015,394.97366866724536,399.5148151904083,-47.19748872041707,-71.20688692033289,-264.77190459679554,-16.247767935451428,-34.00692957430732,0.3685811015526904,7.371622031053809
3810.66385,1000,943.24755,1000.0,2453.8360995616317,394.984426272766,399.73355213627144,-46.15677593111989,-71.17879949584594,-270.63719947543046,-15.401870525183845,-34.51558296603625,0.23128720126916905,4.625744025383381
3801.121538,1000,945.127488,1000.0,2448.34758529344,395.6119959877718,399.7933880049793,-47.11182235360148,-71.73834557831282,-272.3459143101415,-17.795561565851827,-33.63978707945727,0.033279979545505836,0.6655995909101167
3799.25537,1000,947.020312,1000.0,2447.555322018206,395.50867127961396,399.23107782972744,-47.249096051454465,-71.5414262369276,-273.50947765651335,-16.85096121272355,-33.888740409164555,-0.12486721847360385,-2.497344369472077
3801.85443,1000,948.919268,1000.0,2451.049703265331,394.42839625599777,399.5751632636268,-47.08977321028707,-72.53389606699349,-270.2716814120001,-17.933689794348176,-35.36979207259825,0.1749683238802555,3.49936647760511
3803.033899,1000,950.777296,1000.0,2449.5029836090007,395.5792247220467,399.6335610189103,-46.33811978101728,-70.26166429668669,-275.25243328871636,-16.91511585014043,-32.914536680245504,-0.2848786230861645,-5.697572461723291
3807.021967,1000,952.638968,1000.0,2450.9005578571227,395.30887150547454,399.5714147725837,-46.5894783818722,-70.79195241630082,-272.54894248497436,-14.716602762917107,-34.11190082736351,-0.12270271597720714,-2.454054319544143
3797.950663,1000,954.49858,1000.0,2434.517983989863,395.09357214305965,399.85422979069193,-46.167321138381965,-68.36115868836639,-266.36671787223804,-16.29386273187422,-34.32606291936914,0.031580268893452994,0.6316053778690599
3803.21102,1000,956.254595,1000.0,2443.218854832003,395.027325583738,399.75777567402065,-46.65129024744033,-70.43821387738,-268.1045026548936,-16.271675325810644,-33.3272535856758,-0.08019886981817566,-1.603977396363513
3801.555721,1000,958.111294,1000.0,2442.554042254717,394.8892478949572,399.5652083940778,-46.96258897781367,-67.97561832591886,-270.05412949877325,-16.036808638929703,-34.42363185371998,0.1808308004009155,3.61661600801831
3810.345134,1000,959.989824,1000.0,2449.967999187168,394.7159761547568,399.9680285742915,-44.77054011344916,-68.19425605982545,-273.7678869078798,-15.429568034385504,-32.14461911844126,-0.2962374839951108,-5.924749679902216
3812.794568,1000,961.866234,1000.0,2454.120409406229,395.4406843249858,399.61382217109633,-45.91003271937376,-68.04500982239841,-274.1037654499944,-16.097600256752017,-32.22394004537654,0.1874125033205781,3.748250066411562
3808.737214,1000,963.718878,1000.0,2452.6726082997125,395.83094478590135,399.8068445796951,-45.80614320039747,-69.7949562937021,-274.0653387877047,-17.50807797083641,-32.398667192086585,-0.06269443815300638,-1.2538887630601274
3815.979076,1000,965.572652,1000.0,2455.336992755231,395.7065626419137,399.92884046627034,-45.81715058445935,-67.2341424927116,-273.65704142405883,-15.001061815760325,-33.28392329008234,0.02661405835964404,0.5322811671928808
3815.005354,1000,967.436719,1000.0,2451.2068874566535,395.1453594653854,399.8712738994131,-44.420193414092076,-66.79003594145186,-273.44651346660055,-15.501965595777934,-31.059457975932574,0.055698484650577494,1.11396969301155
3806.115766,1000,969.339895,1000.0,2446.793124197344,395.3890755788917,399.8763202677609,-45.618349139690395,-69.11567781716579,-272.24827564603305,-16.288469838216436,-32.671981880591545,-0.06064836725791408,-1.2129673451582816
3813.885745,1000,974.985437,1000.0,2451.9873798729022,395.63613644765945,399.763995626124,-44.994605845212924,-67.5957278847695,-273.2175487607872,-15.568548729883208,-32.12533618086682,-0.18380530159689998,-3.6761060319379997
3813.179028,1000,976.826552,1000.0,2450.850784427554,394.77213666436216,399.7686813013338,-45.26433456361296,-66.58702040687199,-272.18395506912606,-16.41806045051444,-31.759203674367242,0.21772214299568132,4.354442859913626
3812.272248,1000,978.67714,1000.0,2449.318550896399,395.0653686990694,399.6999322909037,-45.71841111183165,-68.14453545548018,-268.36454102417656,-17.256126074285294,-32.32798974847983,-0.2243589509885536,-4.487179019771072
3816.622781,1000,980.536242,1000.0,2453.0500927886965,395.6732888263061,399.71299059173106,-44.58097307682034,-66.27250178381794,-274.2663359365704,-15.37826339920155,-31.3155166539839,0.07577051689339351,1.5154103378678703
3809.847805,1000,982.425156,1000.0,2443.3015137658494,395.23184619181507,398.91054006588297,-45.50885893940933,-66.22984173074374,-268.1918799968428,-16.846867656650304,-30.818646473766254,-0.18149339205712497,-3.6298678411424996
3817.75968,1000,984.276262,1000.0,2453.974379462157,395.4476885265974,399.7421658571367,-45.165555967688604,-67.09997191876175,-272.70767750829793,-15.586595806475662,-30.844752869192085,0.17052007419827364,3.410401483965473
3822.042897,1000,986.110711,1000.0,2445.252054722981,395.2887348408476,399.8260890253825,-43.34453809916977,-64.92161360010505,-264.2310398081886,-15.214099656699252,-30.612690412866993,0.1066292261190556,2.132584522381112
3831.528095,1000,988.003846,1000.0,2461.5705957791515,395.0597064263937,399.696696674012,-43.43271158695222,-63.47162698879838,-272.65409293645877,-14.311010143599978,-30.92946198539548,-0.20113092761988396,-4.022618552397679
3815.398563,1000,989.870556,1000.0,2442.554057334932,394.9626763277716,399.8438627680443,-44.77138249874113,-63.61349560767419,-267.49728865356894,-14.847031676108108,-31.23283521925297,0.09255375958158356,1.8510751916316712
3818.111626,1000,991.719727,1000.0,2446.187988611238,395.29774263130383,399.9543360527867,-44.654173445701566,-64.15019982904197,-268.76605583476123,-14.40945528109952,-31.34855712997777,-0.004722023073326665,-0.0944404614665333
3816.151848,1000,993.56831,1000.0,2447.2058753894867,394.97278442154123,399.53709035566754,-45.08918935596945,-65.60416816100478,-268.41318650642165,-15.220667919763331,-31.236690578223154,-0.023180709158275102,-0.463614183165502
3818.260499,1000,995.43772,1000.0,2449.156284461715,394.72329484391037,399.7150792007696,-43.98143767297264,-63.56611548215151,-270.1591609979402,-16.63203788264783,-30.995407836157188,0.07850614476119264,1.5701228952238528
3820.222017,1000,997.385347,1000.0,2448.3323139938966,395.4347377827289,399.7498725339386,-44.43773589611051,-63.020211646705825,-270.1649006174991,-14.446565663757383,-31.22549367656906,0.17505755328598357,3.5011510657196716
3828.225928,1000,999.238019,1000.0,2453.1538602243336,395.1842231584866,399.67162870248717,-43.9515420913696,-61.781576988846076,-270.7441145276693,-13.649406083758736,-29.657144505038353,0.22187605098509425,4.437521019701885
3819.963935,1000,1001.12162,1000.0,2446.865638004371,395.19023172975017,399.8605394384032,-44.153458261489895,-63.98808442540467,-268.9074576778284,-14.716868171678868,-30.186605784459463,-0.09951253852416443,-1.9902507704832886
3827.154527,1000,1003.001287,1000.0,2444.291813086159,395.2429018770658,399.8887788603057,-43.149329540729504,-61.74830986112355,-264.3661898754109,-14.142192488657145,-28.86294530214515,-0.03727237171558369,-0.7454474343116737
3828.57985,1000,1004.920668,1000.0,2452.356357978294,395.44929033159565,399.81331458398074,-43.83120093286035,-63.59924457371231,-267.83372683813764,-13.847153100119021,-29.92778724558281,-0.03599522518211986,-0.7199045036423972
3830.228714,1000,1006.784921,1000.0,2451.155738921533,395.40968885965555,399.73099618176235,-43.517126506566996,-63.34534414634111,-265.75746352470003,-13.631957711489907,-29.815818214029342,0.07280526451436367,1.4561052902872735
3827.343492,1000,1008.657434,1000.0,2443.6319478042205,394.84879441488374,399.67435880383243,-43.67252130627631,-62.35990766882895,-261.87109282576984,-13.833801706021521,-29.074285572340237,-0.15125162898914807,-3.0250325797829616
3823.734135,1000,1010.518831,1000.0,2442.8206508344865,395.6011421495413,399.84860495328513,-43.883568829298,-62.0191751375794,-264.4151751985893,-14.765267382741074,-29.45307650107473,-0.11719793140327298,-2.3439586280654594
3823.088118,1000,1012.413425,1000.0,2444.8672383293265,395.428745913126,399.7099473369086,-44.19160518884649,-62.943012998998164,-263.48529770368964,-17.00730822179186,-29.290589317536753,-0.22713935006297153,-4.5427870012594305
3836.622185,1000,1018.129113,1000.0,2452.9319309274624,395.30110534659065,399.8494311927562,-43.01877404034135,-61.068277884274686,-265.5591017572021,-12.482092829124046,-29.332036321886964,-0.1454368863743844,-2.9087377274876878
3831.791538,1000,1020.000843,1000.0,2449.9597128404957,394.8706896908344,399.668703624916,-43.48175741493709,-61.81137726083407,-263.06646765718483,-15.039050486408067,-29.3089157354827,-0.09302609027945727,-1.8605218055891455
3829.590205,1000,1021.897821,1000.0,2441.3571537170296,394.7836582012609,399.3923016565789,-42.97279201984404,-61.529375495016666,-259.94206017501176,-12.483015413588422,-29.015665814405317,-0.1760521294560295,-3.52104258912059
3830.165205,1000,1023.757586,1000.0,2445.74495084466,394.29937840998844,399.7483029513373,-42.47692211389542,-61.14644419327379,-262.6232586885814,-14.547658837198984,-28.833143388316547,0.3311663053715137,6.623326107430274
3827.309831,1000,1025.577094,1000.0,2447.4604208477645,394.5298263272601,399.7499244960253,-42.43415028393267,-61.492056933045426,-267.01216050812087,-15.262547635641267,-28.22942533380064,-0.11043308159248724,-2.2086616318497447
3829.920714,1000,1027.445487,1000.0,2445.2788168028546,395.0417975750628,399.70572059697156,-42.83065376400954,-61.78653662875297,-260.80675315021983,-15.714382940524999,-28.967294471680084,0.21463135492811308,4.292627098562262
3824.618948,1000,1029.343489,1000.0,2444.0361386891323,395.06702390865416,399.54297806397165,-42.64892126202583,-61.250024560838916,-266.1655084246,-14.652596103988785,-29.310142281584316,0.1398943117175151,2.797886234350302
3835.411947,1000,1031.204099,1000.0,2446.1676034613374,395.3266843216027,399.8012294816314,-41.29342875242232,-59.76588649451736,-263.5929912246648,-13.532239471252485,-27.699024617257415,-0.136223300921743,-2.72446601843486
3829.077433,1000,1033.067198,1000.0,2439.9914188229486,395.2374945206974,399.7412587182144,-42.168175085782984,-59.670490405708605,-262.4525585615989,-13.097344381224268,-28.504170842391936,-0.0475845507305311,-0.951691014610622
3843.623864,1000,1034.966915,1000.0,2454.440946032232,395.23180573867216,399.67469756062457,-41.854501878619175,-60.325042758882006,-264.1105052925892,-11.794263008215331,-27.639272845628557,0.2865376693190454,5.730753386380908
3836.286948,1000,1036.811192,1000.0,2447.409268228788,395.17076766793843,399.6023140938921,-41.075834065079704,-60.86896941214806,-262.48534331008693,-13.305903460854736,-28.15935200040904,0.6994703883026315,13.989407766052631
3834.540732,1000,1038.682696,1000.0,2445.297639124288,395.35496278903554,399.76818203918185,-41.61198771953578,-58.9304307192564,-264.12322043737277,-12.874045781272303,-28.34036767283637,0.11965700235444246,2.393140047088849
3835.360696,1000,1040.551694,1000.0,2443.060673748407,395.25978097206024,399.77021893815953,-41.56546780645843,-58.628253620862985,-260.9586211633219,-14.194380607619406,-27.38325419884118,0.032047661138575115,0.6409532227715024
3831.879132,1000,1042.39984,1000.0,2439.709813856295,395.0551518225832,399.5544298113824,-41.56189495921132,-58.72491072788849,-260.4751349678271,-14.180530243012877,-27.497792882889165,-0.05848451874238471,-1.1696903748476941
3841.130532,1000,1044.158002,1000.0,2450.6203145750833,394.95807323590816,399.78195307698365,-41.458157533407224,-57.62577643506231,-265.02435434492617,-12.372596006063127,-27.748924111870934,0.508674745808463,10.17349491616926
3835.283895,1000,1046.035058,1000.0,2444.29491576234,395.265029461655,399.8610193898369,-40.77571924507616,-59.27083974555131,-263.2052937307189,-13.918276136697418,-26.96694108896327,0.2343305625527845,4.68661125105569
3835.741857,1000,1047.944051,1000.0,2450.3458402020565,395.8575110394961,399.8563405299758,-41.032297093272234,-57.36289061829449,-272.9285804170924,-11.655966244603245,-27.33810052489139,0.2235317569715177,4.470635139430354
3842.115113,1000,1049.836761,1000.0,2448.743172412289,395.1428222484673,399.871520289425,-41.60731136262411,-57.524597773701025,-262.55781564740056,-12.562334532125274,-27.390342521303488,0.4419822250409826,8.839644500819652
3833.022534,1000,1051.777103,1000.0,2441.8072451528033,395.43099328205705,399.5023437774721,-41.255667662024415,-58.297960512340055,-263.31211014239324,-12.676072366326771,-28.17623735108823,-0.08890171688293314,-1.7780343376586627
3843.276589,1000,1053.685683,1000.0,2450.557792635087,395.72070992742516,399.8916632051165,-40.48418352484701,-56.84135095104577,-265.2142532033235,-12.564869719767865,-27.78891935005009,-0.18504081236231767,-3.7008162472463537
3842.579277,1000,1055.567861,1000.0,2453.6714562803,395.59886312108597,399.70133169124415,-41.208928621411374,-57.03768559396259,-266.8763699059819,-12.751932324427155,-28.517457530392953,-0.0029326862650427814,-0.05865372530085563
3848.905962,1000,1061.204253,1000.0,2456.199465617305,395.8220412575194,399.9398719357885,-40.48941560328003,-55.39163690805433,-267.2410890229432,-12.308897280592879,-27.624377825796735,0.07027328345734572,1.4054656691469145
3842.554706,1000,1063.092473,1000.0,2449.8180069588357,395.25349851324063,399.91385478495715,-40.96033083975321,-55.138854141533436,-265.3579811046938,-12.870483429967562,-28.103004958364462,0.10384484903878863,2.0768969807757727
3846.182093,1000,1064.980377,1000.0,2454.8713373597275,395.8831667779789,399.95502103745275,-40.62228056371211,-54.874006427824455,-268.81746293890654,-12.555922636823798,-27.657759537321766,-0.02294615955505088,-0.45892319110101765
3836.658431,1000,1066.860248,1000.0,2440.854685552435,395.3999841794581,399.7122742232493,-41.666421173214886,-56.21097899600858,-261.85076877105007,-12.052939213643791,-27.527404759021596,-0.06379299635229577,-1.2758599270459152
3844.679608,1000,1068.729043,1000.0,2446.924790919095,395.6248462319048,399.86607497050824,-40.630631091594694,-54.42852242961528,-263.12572711470284,-11.922490752997629,-27.628732645515576,-0.04094941655566879,-0.8189883311133759
3848.351233,1000,1070.6797,1000.0,2451.700531158843,396.00767557122475,399.8506854690742,-40.413032457828535,-53.46074544116851,-267.6903949756695,-10.201910481671629,-27.441576322105984,-0.10897213051476709,-2.1794426102953417
3844.060413,1000,1072.585664,1000.0,2449.2341189295107,395.2587752446673,399.81572232081794,-40.882333903908716,-53.37936685234311,-267.75943983179167,-11.499143569796967,-26.727919308576503,0.19217887037415246,3.8435774074830493
3846.013535,1000,1074.524882,1000.0,2450.8472322624493,395.60820131648484,399.88479247980746,-40.381359386444096,-53.52124148756265,-267.2825744601637,-11.19776194523916,-27.94375362112127,0.09123867515905286,1.8247735031810572
3847.380681,1000,1076.416981,1000.0,2448.733609878064,395.04860377589307,399.76202083694466,-40.39502205312257,-54.206782537698764,-261.2526893010865,-12.676795329046929,-27.632264494929238,-0.01170744937337473,-0.2341489874674946
3853.610084,1000,1078.300665,1000.0,2451.675153588903,395.3794292568319,399.9317405136729,-38.81688361108302,-52.089778477698616,-265.19957176117583,-10.872268792982787,-26.39773637048573,0.07582382329528742,1.5164764659057484
3843.549612,1000,1080.233189,1000.0,2444.7455719993295,394.8343048250603,399.83384078265766,-40.47073119521131,-53.75484748631712,-261.9832463697949,-11.892399403245095,-27.762881103981755,-0.021570356484044175,-0.4314071296808835
3846.951988,1000,1082.151728,1000.0,2444.4426331137533,395.03096334677156,399.81338311789676,-40.42641395270819,-51.54175908267498,-262.36224658174206,-11.23180675588914,-26.772765267688925,-0.04436681653672657,-0.8873363307345313
3843.159439,1000,1084.047972,1000.0,2439.6428504451146,394.78980635158894,399.8681210478763,-40.127266690731,-52.53118927478796,-259.03566531070663,-12.21222386174563,-27.234993941840646,0.1930810275198917,3.861620550397834
3848.378292,1000,1085.97056,1000.0,2452.1002848796966,395.4661661003032,399.6508604083909,-39.57752131342881,-51.651462396979326,-268.80348716209085,-11.66504737326075,-27.14150102782669,0.15946095499671126,3.189219099934225
3851.52558,1000,1087.860889,1000.0,2450.0449592881346,395.1183328855132,399.7231969359474,-39.49602686405182,-52.64416215047245,-263.637630432246,-10.422323687472296,-27.16076594974853,0.34146842886007395,6.829368577201479
3856.97868,1000,1089.783247,1000.0,2449.7786970837833,395.5582739912841,399.8049324545395,-38.38528695344924,-49.535973457992164,-263.14932685404926,-10.84183311606186,-26.250802765531052,-0.27416021711609206,-5.483204342321842
3845.89344,1000,1091.673065,1000.0,2444.4945177336067,395.3358025875146,399.4579551997072,-39.86933122932908,-52.11306851282715,-261.717566050811,-12.541460925734677,-27.153408684758833,-0.04585278186821486,-0.9170556373642973
3857.536603,1000,1093.779042,1000.0,2454.547601132905,395.37811839724543,399.8287416584203,-38.474039666652686,-50.558601342141664,-266.0428728060303,-10.822419470140437,-26.319925041893534,0.6307947726646292,12.615895453292586
3855.337916,1000,1095.878747,1000.0,2455.922322981573,395.3142788287616,399.73548011633454,-40.0685576564074,-51.500000499188886,-265.30685179184024,-11.282991101885166,-27.475764613654306,0.12564723096900837,2.5129446193801677
3860.201928,1000,1098.091306,1000.0,2455.5022788781284,395.44061736030693,399.9064231932006,-38.789480760097426,-50.01973965764038,-263.9073866735613,-10.824368290226076,-27.106415936943804,0.16345271325285798,3.26905426505716
3860.818757,1000,1100.280372,1000.0,2460.4497569604723,395.75353967415504,399.27626337620666,-39.10514143109318,-51.50257818847905,-266.34482284836594,-11.749008352137881,-25.95925201355887,0.08269583690067622,1.6539167380135245
3858.161897,1000,1106.448336,1000.0,2450.4126753862733,395.5531150330698,399.8378230829032,-39.06060511708256,-49.70978668555615,-261.0779641204084,-11.209360867710702,-26.583999480238045,0.12686678795153397,2.5373357590306793
3859.642402,1000,1108.595107,1000.0,2453.793564715021,395.35717822211245,399.70899649507857,-39.69671407282355,-49.666937918215964,-262.95650761245344,-10.796574146509318,-26.100603673562556,0.04206809782894003,0.8413619565788006
3869.071093,1000,1110.744394,1000.0,2461.437643253875,395.21993229476556,399.67274491010267,-37.987985597848876,-49.22331470027566,-264.02096906165224,-10.044399435401466,-25.98255882988258,0.3369106327950535,6.73821265590107
3858.504737,1000,1112.863664,1000.0,2454.5651647319983,395.4235092907791,399.8333104289285,-38.71682271480565,-49.156639234721666,-266.38032708503215,-10.43826330210999,-26.625195470417886,0.10550499617410983,2.1100999234821964
3859.575736,1000,1115.061648,1000.0,2455.293866498491,394.98741413849496,399.448406422517,-39.21689550578591,-48.102161789685475,-264.63584207326073,-11.012470236092906,-27.18658152537675,0.322459805129597,6.44919610259194
3857.433932,1000,1117.255928,1000.0,2448.8007830601346,395.23797703695794,399.8742022341769,-39.071657737493574,-47.995580592006384,-262.4743834385844,-10.930493207391942,-26.00691545739561,0.13225305073731314,2.645061014746263
3863.432032,1000,1119.299644,1000.0,2454.4240360515296,395.458113515578,399.91101760766736,-38.6419408071041,-47.94082938730711,-264.36750752874417,-9.544024922782901,-25.86683244377147,0.3101757448475978,6.203514896951956
3859.2849,1000,1121.251627,1000.0,2453.444638405162,395.1615978190095,399.52412371615657,-39.270693192482,-48.489734817668804,-264.66245096143376,-9.797600394647601,-26.62498033101745,0.6800554916551935,13.601109833103871
3861.493372,1000,1123.184392,1000.0,2452.333423597568,395.014729392623,399.84925895313023,-38.368837137818325,-48.02454480156302,-264.040127718003,-8.809375351993827,-26.461155286900958,0.6655969996492785,13.311939992985572
3867.2078,1000,1126.132741,1000.0,2455.7512857276056,395.3234287461319,399.81813282905193,-38.39058910548695,-46.96232204325495,-263.7289616589692,-8.885993662574089,-25.71718046196609,0.3949087706981095,7.89817541396219
3862.570475,1000,1128.093658,1000.0,2455.9605573998906,395.16452512874713,399.6174447822473,-38.36348773479465,-48.177165334671805,-264.91321765622865,-10.841238029995155,-25.876943764214772,0.7178030235418755,14.35606047083751
3861.475827,1000,1130.023192,1000.0,2451.3626606207313,395.2410627083986,399.79540673467756,-38.480337324142454,-46.783045400679164,-264.13361194921373,-10.482073972845281,-25.044234317302244,0.6461913099958534,12.923826199917068
3866.977129,1000,1132.041724,1000.0,2456.2876004501327,395.32363232306585,399.8544839434831,-38.39528797030442,-46.13536117374898,-263.8003448349519,-11.071790324306662,-25.085803140288917,0.4163309406706023,8.326618813412045
3867.940152,1000,1134.135716,1000.0,2457.1926653112487,394.92114936188915,399.7628621876218,-38.65761485815046,-45.695601918548306,-264.49962593527226,-9.779229616829365,-25.304452271704967,0.24750673230037198,4.95013464600744
3860.690585,1000,1135.973998,1000.0,2451.44643486974,395.77761499773203,399.6942233428254,-38.50512895226477,-46.829836842790236,-265.21188791740366,-10.418308484435212,-25.262526360018153,0.5692381195452304,11.384762390904609
3867.321791,1000,1137.978968,1000.0,2456.5576212625588,395.1431056905996,399.89290146941744,-38.370773242712,-46.83761873543257,-264.97201678648287,-8.379454162452037,-25.711974802636057,0.8988203234726436,17.976406469452872
3865.946072,1000,1139.976944,1000.0,2456.819922202254,395.6125931778411,399.84065226485103,-38.9184307992458,-46.633705221861575,-264.34878559366643,-10.143379651479183,-26.282793999614075,0.795453175770739,15.90906351541478
3864.853306,1000,1141.873472,1000.0,2453.515137445467,395.3534315745392,399.8887899203748,-38.23733071923257,-46.79023960977803,-263.27563165705055,-10.092673081976029,-25.508177381036894,0.3647986619743184,7.295973239486368
3869.238111,1000,1143.775299,1000.0,2459.0842339236224,395.3803381044096,399.8551615733438,-38.28968940258028,-46.25357277914879,-265.35048445124323,-9.400088396490478,-25.78778729848878,0.027910574159279812,0.5582114831855962
3870.712788,1000,1145.681332,1000.0,2459.6993304236607,395.1104925918168,399.71076283341415,-37.95780394256113,-46.16011746898288,-264.50737613835435,-10.079955199974343,-25.102544819413573,0.679853809265601,13.59707618531202
3866.680563,1000,1147.580021,1000.0,2456.1446669836564,395.4335102899827,399.840123134671,-38.07974627792835,-45.92074392177168,-265.32330791110167,-9.009406603238123,-26.40453282212227,0.11405079374853114,2.2810158749706226
3865.750567,1000,1153.26469,1000.0,2451.4627847010206,395.62514234425225,399.8420189967823,-37.728179380297625,-45.90259138718248,-264.2715233631949,-8.411572405754994,-24.865512172557796,0.3999643201417828,7.999286402835656
3869.254945,1000,1155.197993,1000.0,2456.834355367199,395.2579926584252,399.8600353509778,-37.86837634205816,-45.80084930881856,-264.3824094264027,-9.516952324293484,-25.128850600065544,0.7120754962483609,14.241509924967218
3871.796836,1000,1157.083194,1000.0,2459.7490758166564,395.0678878018349,399.9310455491784,-37.85340074658393,-44.54817211106412,-265.43625058941194,-9.951504560286525,-25.161844747471005,-0.08895105472023555,-1.7790210944047111
3867.588869,1000,1158.966082,1000.0,2454.6461565760123,395.6810976824041,399.78041508456454,-38.02233031511305,-45.1342091135681,-264.2290257035657,-9.61125398102594,-25.52198144700984,0.05956054250246384,1.1912108500492768
3871.536961,1000,1160.846546,1000.0,2459.8891277492557,395.208488734261,399.96622116499486,-37.25863081812858,-44.02756099179388,-268.0247284332562,-9.025142804719387,-25.19081398261188,0.7058550874373368,14.117101748746736
3871.325553,1000,1162.725792,1000.0,2460.037430556428,395.8666954219732,399.89378255592277,-37.97040318429472,-44.38562881276012,-267.8257559423308,-9.069725307528278,-25.220842282980666,0.25419342831071445,5.0838685662142895
3868.012483,1000,1164.656801,1000.0,2455.1473553566198,394.97643063097115,399.7721517790286,-38.194036090970044,-44.427965400367974,-265.4540704790661,-8.727855281165438,-25.07952723669742,0.14907599919821257,2.9815199839642514
3872.583138,1000,1166.555631,1000.0,2462.1041918993365,395.32239250890524,399.8763140469673,-37.5820517200231,-44.31414438709617,-267.2151263464366,-9.69378861858386,-25.91464937153138,-0.14514058378845504,-2.902811675769101
3868.546228,1000,1168.473326,1000.0,2453.8273177799188,395.0571769159978,399.74604940296354,-37.26947559893131,-43.494490594416895,-264.5264077463929,-9.508870881049148,-25.285070807998654,0.7708842909682433,15.417685819364866
3871.885915,1000,1170.339804,1000.0,2458.202367641816,395.6229824982635,399.8290386664517,-37.532792195677835,-43.49397717490792,-266.6280749609631,-9.434033783120636,-24.679595891144654,0.07685986724247375,1.537197344849475
3872.561037,1000,1172.211062,1000.0,2461.0338058160964,395.6030543144661,399.89292201449996,-36.921008424758895,-42.54083608537901,-270.4234146617843,-8.72421021177673,-25.359276088054532,0.025925362584249788,0.5185072516849958
3874.511447,1000,1174.086322,1000.0,2457.4132927673986,395.3688524165434,399.88323309328564,-37.367574142813666,-43.09024255126715,-264.1247876296043,-8.71616525831752,-24.85516202283785,0.4176009081644351,8.352018163288703
3875.475913,1000,1175.964581,1000.0,2458.086654195494,394.94040644953844,399.9236665017163,-37.046942499279986,-43.77497442290181,-261.9792115335151,-9.470435333345668,-25.203249937308282,0.6349591940278155,12.69918388055631
3869.562188,1000,1177.855356,1000.0,2450.238741681397,395.54779675057017,399.93596883221534,-36.91125661611559,-42.39157960563896,-263.0684959060763,-9.047890144958362,-24.74109689659696,0.12262104545798211,2.4524209091596423
3875.936722,1000,1179.743157,1000.0,2460.1782443843654,395.4156071399014,399.8782391170305,-37.429068072438284,-43.6675408355891,-264.44212542786255,-8.948248997606473,-25.048385561610644,0.31033530772519324,6.206706154503864
3877.820193,1000,1181.633904,1000.0,2459.1066378136034,395.35716938577553,399.84878723986657,-36.7750054299831,-41.957187023758856,-263.4173112211556,-10.327492395106368,-24.015404972411392,0.016482603839827047,0.3296520767965409
3869.129981,1000,1183.60937,1000.0,2449.6870516305044,395.55864426807926,399.9085112712245,-36.67901774883267,-41.865763704106236,-264.48015164838347,-9.108070111640618,-23.891222984633977,-0.05681601367538314,-1.1363202735076627
3872.879079,1000,1185.508502,1000.0,2454.824203309601,395.7574752781268,399.9744013812793,-37.058245115876154,-41.591190233826666,-265.26489080043416,-8.567692657813678,-25.194982637810956,0.11755655689512193,2.3511311379024384
3879.596254,1000,1187.395851,1000.0,2462.215756032259,395.2229169045884,399.96625211809527,-36.22656480073926,-41.41486462056635,-265.9008033812913,-9.366061191112992,-24.900377374656316,-0.03200495291307017,-0.6400990582614035
3886.674899,1000,1189.315639,1000.0,2466.4443229736385,395.45669953659706,399.9566741635938,-35.91663704216482,-40.40461184233432,-265.4765712393425,-8.70211053477056,-24.682867006112403,-0.1865890894351664,-3.7317817887033278
3869.333734,1000,1195.015886,1000.0,2452.5413485011795,395.3871461677594,399.85563029459246,-37.2130575573444,-42.34626997672021,-264.10588293944795,-10.445993772049166,-24.33918685970469,0.16075964210530858,3.2151928421061715
3884.112587,1000,1196.92632,1000.0,2463.3923541139034,395.8606116756384,399.92812336287363,-36.63303049087525,-41.161485187709324,-263.96158588766366,-8.517275872857438,-24.795124222837583,-0.13082456916898572,-2.616491383379714
3877.562856,1000,1198.874297,1000.0,2454.679536530027,395.76754202560926,399.93344553053447,-36.51986989319327,-40.67571467533711,-262.5406596064827,-8.395511747704552,-24.685911836056395,0.019698342177929207,0.39396684355858413
3879.349445,1000,1200.807157,1000.0,2458.465241828212,395.6962921621246,399.92677053687606,-36.582184261679664,-41.529357922077175,-264.05282707510975,-8.02953919938399,-24.54495090909832,-0.1347532497762139,-2.6950649955242776
3881.713467,1000,1202.694923,1000.0,2459.6121405003482,396.05437601556014,399.93342596413805,-36.32045739293098,-40.338087083399294,-263.873396448247,-8.18888843003961,-25.16564659728084,0.2579769532775332,5.159539065550664
3876.228233,1000,1204.594866,1000.0,2451.5437674276523,395.7008565653413,399.9204094351392,-35.64097000896929,-40.92284765169023,-260.40092504671907,-9.143825806147104,-24.828232118592542,0.6159309533780917,12.318619067561833
3881.977652,1000,1206.463041,1000.0,2464.703170073285,396.1274535210205,399.49848457768843,-36.872996131777796,-41.39242528453467,-266.89753475775683,-8.43514301012416,-24.753357396068267,0.18515532301097468,3.7031064602194936
3879.927114,1000,1208.316253,1000.0,2455.47724567468,396.2029616861107,399.9497718981342,-36.22335143208506,-40.218158321082555,-262.19373418832777,-8.322218370943313,-24.74540258341956,-0.09785803691832606,-1.9571607383665213
3881.149021,1000,1210.197744,1000.0,2456.549849216315,396.260932830094,399.83291961476414,-36.400961565971436,-41.190620645135596,-261.24477846746646,-7.79375526752419,-24.864564793227252,0.12580958784869725,2.516191756973945
3883.621004,1000,1212.090244,1000.0,2458.909050177942,396.2549300029617,399.9534455659837,-36.11020196139812,-41.191622513532636,-261.3782806180272,-8.513984528385645,-24.302332120112172,0.29060595901430814,5.812119180286163
3889.974007,1000,1213.97383,1000.0,2465.134047160564,395.9448696385664,399.9521578282764,-35.53498875737193,-40.40102793835099,-262.4844668084954,-8.125952346396229,-24.510631511132342,0.1332603293757187,2.665206587514374
3887.699623,1000,1215.839945,1000.0,2460.5340178979022,396.14528124856594,399.9243083782842,-35.87571714639662,-39.497660519927734,-261.82311692056464,-7.647889415363185,-24.059600726797758,0.7236836753989886,14.473673507979772
3890.107609,1000,1217.700947,1000.0,2463.2871738908902,396.3062662004338,399.890755839862,-35.364840182065954,-39.74793834015727,-262.4993637846411,-7.7650211536886005,-23.999423759992617,0.4516911145478807,9.033822290957614
3883.657668,1000,1219.591073,1000.0,2456.7981779017823,396.0372689159199,399.9524133637074,-35.71950339198114,-40.52130482234063,-259.7299676814046,-8.554091649184318,-24.605324862838753,0.6283513598086407,12.567027196172813
3885.156149,1000,1221.456549,1000.0,2459.066474817084,396.3904091259949,399.8151927120286,-35.06464871108526,-40.20663913041344,-261.984849332069,-8.705669501505886,-24.15412075121025,0.26299928025896213,5.259985605179243
3886.145916,1000,1223.355119,1000.0,2454.212551666121,396.2873528580474,399.9471697778671,-35.11562941431999,-38.809521984308965,-258.43708068766153,-8.020738953868916,-23.91818698371639,0.367177784722322,7.34355569444644
3893.203866,1000,1225.119124,1000.0,2461.490555107642,396.1961208049029,399.9716798628927,-34.161421872377375,-37.749856307730106,-260.34469266504726,-8.240762074106723,-23.95775673818968,0.3655877876542012,7.311755753084024
3885.240864,1000,1227.021502,1000.0,2457.2241196273344,396.3889407453739,399.97899215336304,-35.234971233606345,-39.16386762559413,-261.23032291693613,-8.385289871468991,-24.336737286155614,0.09176285486935853,1.8352570973871707
3888.514267,1000,1228.94212,1000.0,2457.5265908975866,396.26744816621135,399.9785777559969,-34.95954600453379,-38.557313837111,-260.3024395055604,-7.561658988042036,-23.87739125632737,0.4045281037617273,8.090562075234546
3887.909671,1000,1230.856952,1000.0,2455.473717651048,396.46764984918065,399.9098121962977,-34.74469397246834,-38.22681409418587,-259.77553345493357,-7.5718084766968285,-23.622659025347996,0.1285117405311278,2.570234810622556
3895.59113,1000,1232.720955,1000.0,2464.4024317448384,396.32172259823585,399.9372448523456,-34.75951007544998,-38.52540331259373,-260.8156748338459,-7.639777635404383,-23.329902957939307,0.46052562920931417,9.210512584186283
3889.966386,1000,1238.402414,1000.0,2457.5094713463536,396.1563714292652,399.92674383328153,-34.40665150821212,-37.73028164990249,-259.9214859629775,-7.556986046240461,-24.01079514495026,0.44646944150804674,8.929388830160935
3895.744609,1000,1240.335845,1000.0,2463.5779873485,396.04585137918286,399.96040408271375,-34.189612473845465,-38.13041654676192,-260.2966728439766,-7.5064701905671765,-23.71646164872271,0.4545906900655471,9.091813801310941
3888.198368,1000,1242.242262,1000.0,2455.2588587288556,396.35599335062557,399.984758032899,-34.22146425068385,-38.09107064381245,-259.45449447296295,-7.9102932669961294,-23.72391928668482,0.017489285053956687,0.34978570107913376
3893.467942,1000,1244.146842,1000.0,2462.61833587625,396.3359379992433,399.9505338924075,-34.22412473380563,-38.2865989774466,-261.74893952562223,-7.675059086008986,-23.502142954093383,0.40626266449195014,8.125253289839003
3897.513374,1000,1246.036472,1000.0,2461.8846460770546,396.22808976790384,399.96452955258206,-33.35922984063627,-36.59036536030471,-259.4541585667696,-7.892482568396293,-23.267654614729153,0.5749775219416815,11.49955043883363
3896.393457,1000,1247.934247,1000.0,2466.1507215911242,396.54129181646266,399.9442640504215,-33.87838620841509,-37.83812950495633,-263.11414846985576,-7.185561417502072,-24.226594698980012,0.566561306161206,11.33122612322412
3896.481422,1000,1249.833472,1000.0,2462.398529122937,396.2710456260763,399.9297501957052,-34.118716917037965,-37.25405257269738,-260.51239952658995,-6.928566128106478,-23.304168188143528,0.16289984949817807,3.2579969899635612
3892.745723,1000,1251.727471,1000.0,2458.4246494514755,396.2365123225505,399.88830680162823,-33.67440775573254,-36.83354315683241,-260.7481957686064,-7.554891741379957,-22.992707127226037,0.6151768726714901,12.303537453429803
3891.059667,1000,1253.634801,1000.0,2455.4871733941345,396.07063570081243,399.50040731972524,-33.660738542675944,-37.159722571820055,-259.1815045697321,-6.785317784364985,-23.211266279167514,0.21340629720694593,4.2681259441389185
3896.294356,1000,1255.548885,1000.0,2459.6426414119073,396.31729523685226,399.99952607977565,-33.02372047066688,-36.10200668051841,-261.1435547424797,-6.457661851538712,-22.938163364127483,0.39629831515516034,7.925966303103206
3896.58826,1000,1257.460828,1000.0,2462.3467954508337,395.9617358311618,399.97521421761627,-33.48686571598055,-36.675720431655584,-261.4337610710241,-7.4680165991253595,-22.631121802236816,0.1192387579340946,2.384775158681892
3899.747088,1000,1259.372908,1000.0,2462.931110914924,396.02161018685183,399.9999999999944,-33.44729615509508,-36.86170215867465,-258.88616213929316,-6.929666920913453,-23.080805638233073,0.18612880471486357,3.7225760942972714
3894.488535,1000,1261.265873,1000.0,2458.489265489826,396.21083776643127,399.9364956422764,-33.25462123453617,-36.50348710790276,-260.56185227086524,-7.124332275283537,-22.703771271686662,0.3401645604420941,6.803291208841881
3898.326183,1000,1263.192904,1000.0,2461.8732185050394,396.3465806127508,399.9123595382475,-33.13685894429681,-35.3658280801028,-261.7165558099323,-7.128878775168419,-22.457853805340914,0.6946724305347803,13.893448610695607
3896.127866,1000,1265.109576,1000.0,2458.9034179971445,396.2521468420127,399.9586095560216,-33.268852263092946,-35.61030107848345,-260.45707218479515,-7.044251559606171,-22.60583158455225,0.43205005608486385,8.641001121697277
3898.213901,1000,1266.97797,1000.0,2459.4101067401834,396.14966895172734,399.9321785003291,-33.080692170262324,-35.688061366975305,-259.7114537911575,-6.1965043478203405,-22.601341700680642,0.16541628044115125,3.3083256088230253
3900.06075,1000,1268.839676,1000.0,2463.02617149283,396.13624734706895,399.9743250078593,-33.00064659714702,-35.968336197361374,-260.48304909959745,-7.014099313604994,-22.609862255280444,0.3836024667415345,7.67204933483069
3892.707466,1000,1270.697992,1000.0,2456.97242349232,396.3818023322853,399.9947586903264,-33.51532419204711,-36.575525179505384,-260.72427904792556,-6.848842283495955,-22.977547908241558,0.5628783614604368,11.257567229208735
3898.121,1000,1272.567477,1000.0,2460.3927416417278,396.10732679873496,399.8774843138718,-33.47976131439207,-36.10204523913563,-258.5855342389479,-7.045503785051814,-23.04370783006936,0.42246078298779255,8.44921565975585
3894.794918,1000,1274.476719,1000.0,2455.491503458767,396.4324856687049,399.9733443225776,-33.322585730552674,-35.87795522101226,-257.7931805200399,-7.3258481055350275,-22.78284601219281,0.37469691753319107,7.4939383506638215
3898.500926,1000,1276.366999,1000.0,2457.946478701438,396.14914611402924,399.98162450691507,-32.65773380339149,-35.87159334942698,-257.7320298922852,-7.132149471858199,-22.182816876640207,0.3774110703140577,7.5482214062811535
3899.678124,1000,1281.998656,1000.0,2461.810426022704,396.12965364146095,399.63076606727327,-32.958361386060695,-35.11259821504351,-260.05266050143103,-7.719859575881857,-22.049242235234107,0.44812051416995935,8.962410283399187
3903.454025,1000,1283.859061,1000.0,2461.4068528948237,396.04652528795333,399.91664212918045,-32.36714055538178,-35.37600879892707,-256.80071728459325,-6.852590364622138,-22.519538783036204,0.5341195713111976,10.682391426223951
3902.602655,1000,1285.705972,1000.0,2459.5885406768716,396.25532263017413,399.98025184343834,-32.2592902350426,-34.72402532808484,-257.5786219880331,-6.365929777923619,-22.29359271952579,0.45641434728522273,9.128286945704454
3900.22977,1000,1287.675985,1000.0,2459.713390881074,396.3317710772503,399.9998141023827,-33.07143702566624,-34.51223795562982,-258.82974191153164,-6.843845740477622,-22.557943757020055,0.8107008182553107,16.214016365106215
