#{"t_start": 1783132195.6238835, "env_id": "None"}
r,l,t,rc_alive,rc_forward,rc_upright,rc_height,rc_ctrl,rc_action_rate,rc_lateral,rc_yaw_rate,rc_joint_vel,ep_speed,ep_dist
-6.900841,62,1.548738,62.0,-41.79383219295912,18.039807152405064,20.740128592083554,-4.687979872226714,-22.957582622766502,-4.525426825880219,-31.263886460038446,-2.4520686364798956,-0.3055815534575025,-0.37892112628730307
-14.968127,50,1.637925,50.0,-39.74711040922212,14.662577119889098,15.900808494755625,-3.7516378545761095,-18.220052397251123,-4.182767138142178,-27.93412600187249,-1.695818761516339,-0.32465368015869916,-0.32465368015869916
-15.896212,52,1.729555,52.0,-42.46452690187043,14.52762694065916,17.395424996840212,-3.6948473930358894,-18.19606931805611,-5.759005822916034,-27.760016266682722,-1.9447982154671997,-0.24485758589143908,-0.25465188932709665
-14.7289,56,1.837241,56.0,-42.028391892490276,15.092549644730235,17.089544587464932,-4.229239449501038,-19.367600655555727,-4.686087841516661,-30.396636229180288,-2.2030384497370514,-0.4456374514909548,-0.49911394566986944
-11.609602,65,1.954218,65.0,-41.37967888089901,19.368448662351774,20.75916650516559,-5.0072539424896245,-26.098623836040492,-5.668078323031738,-36.297279125510556,-2.2863030639986506,-0.24892614460453863,-0.32360398798590023
-15.883574,51,2.05767,51.0,-41.59946923834631,13.522149165869566,14.65250127610489,-3.9093203449249274,-19.410500490665434,-4.61532532597221,-23.617317653025875,-1.9062913385414555,-0.33442758595282557,-0.3411161376718821
-27.293534,54,2.155715,54.0,-39.55824959825024,16.81590968028542,18.77257700949079,-4.607120118141175,-22.875270521640775,-4.5616497428457246,-42.85633683891431,-2.42339412106788,-0.2757782363595228,-0.29784049526828466
-14.721072,48,2.241178,48.0,-44.92840588100019,12.987289083363684,14.047681409533368,-3.701333432197572,-19.70952423810959,-5.612639322762089,-14.237090371371451,-1.5670493860074033,-0.49744900961642097,-0.4775510492317641
14.71277,55,2.340731,55.0,-17.94021923865385,15.427558468457152,16.286239831018197,-4.140117530822753,-20.112818169593808,-1.963977934882861,-25.720182365902748,-2.1237129892378164,-0.3387239306127515,-0.37259632367402673
-25.842116,64,2.459045,64.0,-59.39385852014439,18.430602941834792,21.013063126105678,-4.718114550113678,-24.225123310089106,-7.6542075919995645,-30.93184065393858,-2.362637112021778,-0.341071657272177,-0.4365717213083865
-32.436263,56,2.563587,56.0,-53.13413521708197,16.34737140876397,18.24577851040587,-4.147557728290558,-21.062910962104795,-5.33085139662452,-37.16640503891542,-2.187553016926615,-0.3488446371661919,-0.39070599362613495
-27.436539,61,2.680496,61.0,-54.93540791549371,18.488483449438615,19.571047270418116,-4.52153195142746,-24.489758414030078,-5.031187084196856,-35.43562354586334,-2.082560411169057,-0.3580841969156791,-0.4368627202371285
-18.129657,45,2.767396,45.0,-35.44370027984222,12.384314268949524,14.559228004770643,-3.4577360057830817,-17.64322412014008,-5.078346187167575,-26.67565903838883,-1.7745337904028435,-0.36310277359635335,-0.326792496236718
-8.613625,45,2.852975,45.0,-31.257467445805485,12.458714863529433,14.355881665069244,-3.2753435087203977,-16.610069394111633,-4.702546864537256,-22.545995738478634,-2.0367985539486075,-0.2930140227356841,-0.2637126204621157
-16.080072,52,2.949239,52.0,-43.60092726876412,14.386406828700897,15.344446326381407,-3.8727602362632747,-18.73983287811279,-4.3319976513143335,-25.298655923398258,-1.9667509392913014,-0.3899265198089516,-0.40552358060130966
-22.768017,56,3.052816,56.0,-45.705695894040296,16.34677708838985,17.771570547535745,-4.388033130168916,-22.263608229160308,-5.099536132531994,-33.483836875510804,-1.9456544975047387,-0.41580803982340486,-0.4657050046022135
-36.644656,39,3.12453,39.0,-28.916425421877523,12.181217875231624,12.750546314999426,-2.946605694293976,-14.84909964799881,-2.4891655411516895,-49.722607281814604,-1.6525161541298554,-0.2690741155136339,-0.20987781010063447
-29.306431,49,3.21847,49.0,-50.86655588622706,12.066640132940623,14.300935151867156,-3.418830149173737,-16.870963239669802,-7.551330001481303,-24.009240284576904,-1.9570867972294874,-0.42117339612602145,-0.41274992820350104
-29.463532,49,3.314584,49.0,-46.93904937700594,14.99834046911522,15.467063068842569,-3.7225344026088716,-17.529133772850038,-5.384512007633786,-33.28365628049693,-2.070049344386109,-0.35699196633703467,-0.34985212701029395
-13.021166,47,3.85662,47.0,-38.37111966078081,11.727153672144986,13.155172739775713,-3.4861127662658693,-17.42901347279549,-4.724519263852413,-19.60534191499697,-1.2873848689873346,-0.41645911273705394,-0.3914715659728307
-14.579959,52,3.953569,52.0,-42.888670140643384,14.652375479773859,16.254636934927536,-4.194627344608308,-22.019125390052796,-5.596034028436639,-20.870996787387202,-1.9175179444218793,-0.3218441647995386,-0.3347179313915202
-32.273701,56,4.057329,56.0,-62.12552772650989,13.92210805182685,16.56989086594229,-3.9989184498786936,-19.959324502944945,-8.12204270063587,-22.398105151109302,-2.1617810868727942,-0.4808092143802527,-0.5385063201058831
37.898853,52,4.151183,52.0,-9.529516678120556,15.40927785446915,16.182655872249224,-4.020607855319978,-20.361720526218413,-0.7251887103652026,-9.068651790156004,-1.9873947468166353,-0.19001012754869753,-0.19761053265064543
-4.223171,61,4.264562,61.0,-40.83400715491264,15.76306486130872,18.226099623962163,-4.503328123092653,-21.94415237307547,-5.642066600876911,-23.901115292505224,-2.3876661279709097,-0.3178487362003704,-0.3877754581644519
109.898648,68,4.391693,68.0,67.54185815276047,20.806661468434537,20.999610211062656,-4.832552323341369,-24.634119176864615,-6.75316022372045,-28.4288684175401,-2.80078194839114,0.36135811805961243,0.49144704056107297
6.849663,67,4.517301,67.0,-25.32573443439645,19.8183354254834,21.5934270059949,-4.869362422227859,-24.332359516620635,-4.239457325528669,-40.05653011799393,-2.738655633488416,-0.14695971713964198,-0.19692602096712028
-24.232482,48,4.60722,48.0,-44.72896365626609,13.251290819744693,14.978244933410577,-3.6128229379653938,-18.10545120239258,-6.699238375350447,-25.334855614935293,-1.9806858218084586,-0.28586629057587915,-0.27443163895284395
-15.042066,51,4.698753,51.0,-26.935847097524654,14.542821696539372,16.76549643115192,-4.076278910636903,-19.750248610973365,-3.8499822818363487,-40.54462533379893,-2.193402329701836,-0.19840049425951317,-0.20236850414470345
-39.363568,51,4.79331,51.0,-54.68558701749204,14.167669316770922,16.181900988964657,-3.6473287296295176,-18.956419599056247,-6.736748395375274,-34.8115557524716,-1.8754985034574392,-0.43279372966848223,-0.44144960426185187
-6.670315,48,4.881231,48.0,-39.08642392430454,12.223949949048016,14.294807544030075,-3.2960597085952767,-16.858027255535124,-4.189744539333977,-15.999799408601232,-1.7590178830968441,-0.3929596737789286,-0.3772412868277714
-13.355001,44,4.963118,44.0,-33.430386947052135,11.564737899658727,13.382095250806497,-3.231516945362091,-17.19402426481247,-4.463546378100254,-22.428515470412535,-1.5538441240114427,-0.33418024489816733,-0.2940786155103873
-27.288555,49,5.055491,49.0,-52.4724760348229,12.185005695615635,15.028255596726494,-3.6116265583038327,-17.263940620422368,-7.907607291948872,-20.276719692684722,-1.9694463590399343,-0.4320432920460253,-0.4234024262051048
-27.455792,53,5.154836,53.0,-52.33543497654435,13.522383271008263,16.028007693678063,-3.9514951276779176,-20.125565755367287,-5.916010145005427,-26.19781389786,-1.4798632120971236,-0.38487429400468753,-0.4079667516449688
-7.112709,47,5.241742,47.0,-33.425908707810144,13.646110232041517,15.700692014895232,-3.208509125709534,-14.795914047956463,-4.494926069481782,-25.654932172970682,-1.8793207000925243,-0.2704785304702499,-0.2542498186420349
-15.042149,45,5.324786,45.0,-29.964812200660205,12.387361990537455,13.88992224613825,-3.6549133014678956,-18.690898334980005,-4.641612179435182,-27.888062797207052,-1.4791348442420824,-0.24225175901267537,-0.21802658311140785
-7.791783,46,5.41475,46.0,-27.57758195648284,12.508132529573547,14.568339264578999,-3.6294208455085752,-17.864053773880002,-3.5375861288251826,-26.38639899952876,-1.8732130098222275,-0.39419620296516794,-0.3626605067279545
-0.456323,47,5.50354,47.0,-27.691474389966917,14.838160264206559,16.088662297526195,-3.3826795291900633,-17.011771076917643,-2.6140770443715757,-25.978465323398783,-1.7046780315056635,-0.23405095904100903,-0.2200079014985485
-30.3398,53,5.600082,53.0,-57.75863342626909,13.451501314724867,15.489261784399325,-3.8616328454017643,-19.637821257114407,-8.077751599934194,-21.03547130506944,-1.9092526719255225,-0.45104708817721895,-0.4781099134678521
7.341621,51,5.693634,51.0,-20.98038101917332,15.527947107371968,17.346531268353964,-3.8496389532089235,-19.23695330619812,-2.061447432373452,-28.595473239274277,-1.8089638022114862,-0.22079751442237455,-0.22521346471082204
-17.100799,66,5.930623,66.0,-55.80732037689941,18.251973398710167,20.77913179917357,-4.938477425575253,-23.14109456539154,-8.351194203971387,-27.212356142640232,-2.6814617326629713,-0.32738141917703584,-0.4321434733136873
-18.985692,48,6.014834,48.0,-39.53226471493973,14.013070212669241,15.854777403812895,-3.3744534420967094,-17.030211627483368,-5.219377231092087,-29.91366332216281,-1.7835693344921741,-0.3684181698889672,-0.3536814430934085
21.506346,53,6.1109,53.0,-19.00444832311156,13.42805944749234,15.714466469308213,-3.8390301728248604,-20.225327408313753,-2.0123630007902666,-13.552531431357071,-2.0024793791927467,-0.2571486722386405,-0.27257759257295894
-10.929096,51,6.205994,51.0,-42.10766887775407,15.402964162591005,16.08817725497757,-3.6368682289123533,-18.528000390529634,-4.228807508666499,-23.002295738000168,-1.9165969709906097,-0.3832034345123775,-0.39086750320262503
-32.92012,50,6.30176,50.0,-53.29853329825903,12.500758229843129,15.02621464577674,-4.087926406860352,-20.33139497041702,-7.300998216334947,-23.45970486297194,-1.9685350315313823,-0.36715131845238574,-0.36715131845238574
-32.131465,51,6.402694,51.0,-56.69893761537634,12.81535706828852,15.5022761186891,-3.8198214912414548,-17.85682032108307,-7.08087076429095,-23.929643187934328,-2.063004938603094,-0.45539251435941497,-0.46450036464660327
-10.176725,53,6.502994,53.0,-41.48981937490964,15.169611440859526,17.20465216450463,-3.6214899682998665,-17.289261090755463,-6.2451139622432725,-24.9599684252451,-1.9453356485053797,-0.3043615751232376,-0.32262326963063187
-7.965786,48,6.595496,48.0,-29.319389807572303,13.299703062307065,14.885949689138961,-3.274872510433197,-15.946056902408596,-3.2151047752236015,-30.530221454961737,-1.86579337161726,-0.33577540828329505,-0.32234439195196324
-12.851666,53,6.693681,53.0,-45.00667995487398,15.716692879143036,16.833919452729095,-3.996358485221863,-19.19324270486832,-6.327886336878364,-21.867010795831735,-2.011100386521003,-0.36066061786738873,-0.3823002549394321
-26.632588,54,6.793673,54.0,-53.908393087186575,14.022767353729572,15.989730066560124,-3.7510976815223693,-19.031447052955627,-7.1953974904320415,-24.67597222489818,-2.0827777591105834,-0.43171727090728684,-0.4662546525798698
5.651989,56,6.896789,56.0,-27.096332414461635,15.52305446642471,16.194558818033492,-3.9756144499778743,-20.48613374233247,-2.7609668379829424,-25.45304956314338,-2.2935273767637363,-0.3581149038640388,-0.40108869232772354
-14.736549,60,7.007245,60.0,-43.07744346481765,16.189738355830958,19.06871140080656,-4.3682011461257915,-20.86089109182358,-5.170334064307945,-34.29779694073843,-2.220331903069251,-0.40688744895286494,-0.4882649387434379
-14.551439,60,7.118786,60.0,-52.8426921927375,16.16719192340004,18.52225267693141,-4.375304074287415,-20.974595749378206,-8.13641290553107,-20.648824197511505,-2.2630541339993577,-0.39717080114536213,-0.47660496137443453
-12.092106,52,7.213769,52.0,-39.608992572595675,13.72717480208436,16.330340114226956,-4.1647868990898145,-20.63298206329345,-4.986798263784282,-23.038269619288595,-1.7177919486510225,-0.3252295584206064,-0.33823874075743066
-33.23929,49,7.305272,49.0,-60.21239345963464,12.115932749618048,14.025101073385438,-3.6530056929588324,-17.409551620483395,-8.578890193418625,-16.508645920300918,-2.0178373668645295,-0.4863963782950823,-0.4766684507291807
-26.958998,52,7.397199,52.0,-48.03654345257222,13.611752690486414,15.951211287605982,-4.153683660030364,-18.962590491771696,-5.620816384028834,-29.36074349704002,-2.3875845613442164,-0.41452490014475285,-0.43110589615054296
-10.269637,69,7.525314,69.0,-51.80814355997025,21.214340497182917,22.464491335822785,-5.340930252075195,-25.043128073215495,-7.304121287550653,-30.720284168848362,-2.73186166937516,-0.33297045615951715,-0.4594992295001337
-27.46897,49,7.61658,49.0,-57.95744628275055,13.393057892330361,15.380224989552632,-3.35460815191269,-15.645137369632721,-7.0869840641686634,-19.04956400061253,-2.148513299026202,-0.5773155395498597,-0.5657692287588625
-10.071703,38,7.686755,38.0,-26.438599782359866,9.204311419435834,10.946891434615553,-2.8037349200248713,-13.057499587535862,-4.0142159966266275,-20.16604839487496,-1.742807005979936,-0.3079408467098066,-0.234035043499453
14.365828,61,7.91474,61.0,-30.839634950377153,17.03301762632456,20.212878360908654,-4.586655445098877,-23.306029248237614,-3.6758508872460385,-19.15274156130868,-2.3191561618003567,-0.15533341678382867,-0.18950676847627096
2.811139,70,8.046475,70.0,-43.471703517322624,21.057419857167144,22.96476308715226,-5.173774197101598,-25.843978214263924,-5.708151687235671,-28.635929932211138,-2.3775066495527954,-0.2446073768050108,-0.34245032752701515
9.798791,52,8.143403,52.0,-24.258693463027566,14.51202864193717,16.35412960330133,-3.906223745346069,-19.918238329887387,-2.750816194859551,-20.22663668460523,-2.006759095661121,-0.3020665375619664,-0.31414919906444505
8.937363,73,8.273562,73.0,-39.65708842675381,21.804491618017646,23.432402386368853,-5.333557050228117,-25.43837583065033,-5.3128937696501985,-30.878429024754375,-2.679187009851381,-0.2240524651224711,-0.3271165990788078
63.928784,66,8.390718,66.0,10.509336958186621,19.49612347850596,20.124434788645893,-4.626035084724427,-23.355858385562897,-0.8821741220764249,-20.966216035229273,-2.370827331874667,-0.09927721576200904,-0.13104592480585195
-12.872228,57,8.492814,57.0,-34.75083579297354,17.166894993690647,18.178744205541527,-4.4329581212997455,-22.22780433893204,-4.156715445541394,-37.272667801298724,-2.3768854315546335,-0.31884130092245777,-0.36347908305160187
6.888858,47,8.57959,47.0,-22.292584311157086,13.66840314697615,15.3337679608432,-3.5018991041183467,-17.013314175605775,-3.402424278914646,-21.079649515215024,-1.8234420304141017,-0.2140701095408706,-0.20122590296841839
41.163114,57,8.684438,57.0,-4.989518377511167,16.40097835986506,17.170811036441336,-4.09383437871933,-21.653441584110258,-0.5750683586738514,-15.902460184432657,-2.1943526368749016,-0.2230687044339587,-0.25429832305471295
6.309167,80,8.833576,80.0,-50.71699677568572,25.459021074965058,26.372342786319948,-5.73570991754532,-29.075372684001927,-5.90965505805321,-31.28422887186197,-2.8002335294607184,-0.17179734073888425,-0.2748757451822148
-37.042783,52,8.924564,52.0,-62.1378711173731,15.448198030091403,16.93491155803966,-3.724352633953094,-18.025067377090455,-7.465327786627572,-28.06762747572871,-2.0056461269528496,-0.47028253157819094,-0.4890938328413186
-16.867385,56,9.027221,56.0,-43.41787031552944,16.565448514217252,18.18140006969686,-4.132340626716614,-19.82192159891129,-5.5950971418448505,-32.54008501438061,-2.1069184491283717,-0.2842042243986041,-0.3183087313264366
-31.378806,45,9.109674,45.0,-47.550601255801425,11.400221465403984,14.123627750193517,-3.282612030506134,-16.685786867141726,-7.4620506786045215,-24.940978276186534,-1.9806261398016856,-0.36039893065218215,-0.32435903758696394
21.185436,64,9.225844,64.0,-28.451722099973544,20.017197298386055,22.122502294645425,-4.595785633325579,-22.09556504487991,-2.9163495039566696,-24.72663627321691,-2.1682046913531376,-0.13137206469148519,-0.16815624280510102
-21.530054,48,9.317423,48.0,-41.99946114665549,12.723382719289086,13.981971791940751,-3.415705630779267,-16.96334773302078,-5.253345143131652,-26.665115050290584,-1.938433500704412,-0.3096430153253751,-0.29725729471236007
-22.29628,53,9.413114,53.0,-46.74300518643486,15.387853270199802,16.21490569946632,-4.056110198497772,-19.54648054838181,-5.183857655011365,-29.23331486218452,-2.1362703308378643,-0.33365773799908094,-0.3536772022790258
-4.670173,53,9.507333,53.0,-29.503568717242235,15.315027591932875,17.43616200998702,-3.8216946578025826,-17.976113843917847,-3.7073347422211014,-33.35658149036563,-2.056069620656859,-0.19200478238489876,-0.2035250693279927
11.567452,55,9.6071,55.0,-27.954220969589425,14.586220565008164,16.832481520637465,-3.833128278255462,-18.579205119609842,-4.320840527031753,-18.47943800135692,-1.6844174505246363,-0.22428063435125012,-0.24670869778637514
-8.3946,59,9.838739,59.0,-43.98642214622807,17.428745219062755,19.028203583008757,-3.9726293885707844,-21.080294454097753,-4.298479099848216,-28.744098671854232,-1.7696254841791708,-0.3171293877971586,-0.37421267760064714
65.215597,64,9.960608,64.0,7.977544360947798,21.0483062319616,20.371958226846253,-4.940882337093355,-24.593691492080694,-0.3614609128130376,-15.393582263255956,-2.892594995633326,0.4115634341603783,0.5268011957252843
16.783825,76,10.100564,76.0,-44.41963993451902,23.918257871672232,25.78725130228072,-5.42410780787468,-26.3524684548378,-7.391452862441838,-22.263066687395266,-3.0709487203500148,-0.11443523822858512,-0.17394156210744938
11.029894,53,10.200124,53.0,-15.508654651478768,15.438970351332213,17.13109912376352,-3.799195613861084,-19.232413887977604,-2.601196067789062,-30.912828011581414,-2.4858868239136562,-0.06599013296622659,-0.0699495409442002
114.868656,65,10.316266,65.0,60.54275787050339,21.58614584969412,22.61369239664504,-4.777957386970522,-23.159528779983525,-7.334420428017472,-17.401063132542244,-2.200970008645278,0.3876123014292562,0.503895991858033
-10.279899,60,10.424769,60.0,-53.903010903807704,14.764301967068452,18.05218193205719,-4.480308637619019,-21.230902922153476,-6.987029301934727,-14.112493793827523,-2.3826374364560463,-0.36434737105174525,-0.4372168452620943
-21.524529,51,10.51827,51.0,-47.23642233694495,13.660023270579229,15.478644976839133,-3.7975675129890454,-18.70705285668373,-5.327677450057816,-24.639997846609816,-1.9544793976667107,-0.40324225906616384,-0.4113071042474871
105.421966,62,10.631139,62.0,57.79965278723568,18.409763634458752,20.366408574087583,-4.436580184698106,-20.939218986034394,-7.549126503431704,-17.912900140440463,-2.316032731691796,0.4044472634518964,0.5015146066803515
32.742987,71,10.762825,71.0,-22.06434339924266,21.968924575837683,23.205007012631363,-5.043972487449644,-25.5517286479473,-3.997006983884437,-24.082028064185828,-2.691865435117244,-0.1472796803915194,-0.20913714615595752
-12.517645,56,10.866903,56.0,-34.38553714344067,15.745757415950973,17.884383639927062,-3.9608814382553104,-21.627944707870483,-4.569022935319607,-35.3807949843249,-2.2236045201823074,-0.2614967985814051,-0.29287641441117374
-47.683312,46,10.951799,46.0,-58.61151015716013,11.810689755414286,14.282961358722003,-3.5306576609611526,-17.97039630413055,-9.192614723531435,-28.742552005103484,-1.7292324061885254,-0.4974097042191697,-0.45761692788163616
-16.640401,49,11.042457,49.0,-39.14797823667723,14.594155580416192,16.26910953322924,-3.660511922836304,-17.854445588588714,-3.814149282477612,-30.106603770787494,-1.9199774113889743,-0.36766273000236394,-0.36030947540231667
30.537337,59,11.155186,59.0,-10.663749659311975,16.45955494532827,17.89583459609152,-4.407610781192781,-22.672035217285153,-1.2220755343073755,-21.345451036070003,-2.5071303445105513,-0.11364254074474553,-0.13409819807879972
114.877972,64,11.273264,64.0,74.90902570461289,19.24153046902384,20.05092513032181,-4.695024046897889,-23.611267864704132,-7.933530426605231,-24.433084868991752,-2.650602375882011,0.3730781545146489,0.47754003777875054
12.499248,67,11.395428,67.0,-41.98553051216602,19.25835179212269,21.00782331523722,-4.569068369865416,-22.707628273963927,-6.126294303031654,-17.12942504268276,-2.2489806774153727,-0.3516236889187622,-0.4711757431511414
-16.621523,52,11.489873,52.0,-45.978586932282255,14.10757512156033,16.90038893860395,-3.8268632698059077,-19.145347392559053,-6.157691688553275,-22.8402115424671,-1.6807860146494986,-0.3226499162903163,-0.335555912941929
-15.29703,58,11.595918,58.0,-51.61341232667757,16.662116397232893,18.289070496049813,-4.200265560150146,-21.7994935631752,-6.3157583080584185,-22.116126824861986,-2.2031603870983933,-0.407155560692661,-0.4723004504034867
-12.491141,57,11.701552,57.0,-37.304344390151094,17.784444767174048,19.46515100583783,-4.073374731540681,-18.628859215974803,-3.173568203463107,-41.4133110542542,-2.147278831358751,-0.2783003884041809,-0.31726244278076626
3.765862,45,11.908459,45.0,-24.887512927659472,12.889158263344267,13.933738631936537,-3.443371319770812,-15.887122929096222,-2.1304942211146947,-20.02249932867399,-1.686033989857044,-0.19177118837292825,-0.17259406953563544
7.79879,48,11.996938,48.0,-20.225325509440918,13.989843299514497,16.091339813859534,-3.3412313604354855,-15.82874708175659,-2.4970743326148046,-26.53254923940396,-1.8574656220611843,-0.16828575651677435,-0.1615543262561034
-9.830547,50,12.089506,50.0,-36.4993840242675,14.584587007539241,16.40577253896687,-3.4350110721588143,-16.393157434463507,-4.233411403457742,-28.723189046026956,-1.5367537925666772,-0.2668503059833576,-0.2668503059833576
105.868028,71,12.224297,71.0,54.89734131482195,22.357742906349074,23.457730583424514,-5.163955795764921,-24.187248259782784,-7.580213803085272,-25.920458644427786,-2.9929106260843383,0.3140933604447048,0.44601257183148085
-26.95209,56,12.327455,56.0,-55.35047517088548,13.842574144447562,17.6027667532023,-4.341569290161132,-21.74224755764008,-6.506238413803039,-24.207205729884727,-2.249694916718894,-0.433550382249202,-0.4855764281191063
117.78573,68,12.453609,68.0,67.31754233393372,20.71710424471585,21.778182396937343,-5.004189043045043,-24.4186784029007,-7.100370495631757,-20.90997175685145,-2.5938889101551577,0.368904587192151,0.5017102385813255
55.324541,60,12.565342,60.0,8.770463101272982,18.11963304875628,18.67691919357418,-4.399627468585967,-22.080206418037413,-0.7555091425310776,-20.821993987070066,-2.1851373900173114,-0.02846721202707562,-0.03416065443249074
14.31737,70,12.696162,70.0,-34.95029710862579,20.500507951157175,22.143048353574198,-5.002306954860687,-23.429895144701007,-4.531834235899528,-27.638004373206336,-2.773848517250452,-0.22475075045444182,-0.31465105063621857
-11.676824,52,12.791465,52.0,-42.68113192504002,14.408761466636232,16.271190945078022,-3.9207251000404346,-19.138798141479494,-4.61285454177831,-21.818954037311116,-2.1843125824390355,-0.31705878857170405,-0.32974114011457223
51.910925,70,12.920215,70.0,-5.113953322869914,22.25373197718576,23.60805664623346,-5.326251380443573,-24.1352659702301,-1.5600679086864935,-25.064892670308875,-2.7504328363209254,-0.05522663499574181,-0.07731728899403854
81.315151,98,13.104532,98.0,-4.354658064056323,33.33196365302968,33.84485998187624,-7.281041045188903,-36.90316671133043,-1.998676704255937,-29.56081493522074,-3.763314806063231,-0.09611373751998123,-0.1883829255391632
122.189128,88,13.267576,88.0,72.32724941743261,27.600107888800316,29.633599802871505,-6.64975670099258,-31.207351863384236,-7.380973824875486,-46.280881931689606,-3.852864694499916,0.17924281220375957,0.3154673494786168
7.301836,52,13.363344,52.0,-22.527272413280784,14.676388023578829,15.579336819233434,-3.712364757061005,-17.088271021842953,-2.760807287556481,-26.963583835992864,-1.9015899820715465,-0.3632273490008861,-0.37775644296092153
95.285248,117,13.580067,117.0,7.102660860745348,37.748295182302265,38.72229144296847,-8.62486014008522,-42.163575047254575,-2.000178497848489,-47.60779521355608,-4.891590353927448,0.025819374406483336,0.060417336111171
-2.467265,52,13.67549,52.0,-31.4465135841709,15.119734245056243,16.81741737414692,-4.012477293014526,-18.97745141983032,-2.8872213749193296,-26.995147416684517,-2.0856055750568188,-0.13879236207844467,-0.14434405656158247
64.507433,59,13.90049,59.0,9.72150513480814,19.121590496928214,18.361262832631386,-4.221520221233367,-21.50485790967942,-0.25107234056914485,-13.467492877103552,-2.251981680363089,0.33879261804852767,0.39977528929726264
-32.327515,52,13.997111,52.0,-44.627020890647344,13.682596962704274,16.000745174589746,-3.8399564003944393,-20.44798176288605,-6.946141094803162,-36.208919914360806,-1.9408367693881852,-0.33577316781060096,-0.34920409452302503
15.895505,62,14.107493,62.0,-26.584688297988635,17.393596448707363,19.398780775132664,-4.892729930877686,-23.25699414014816,-2.9342882942173922,-22.83651703839521,-2.391654803514944,-0.22654046281565052,-0.28091017389140666
107.38914,101,14.287343,101.0,12.183878583636996,34.144826046645576,34.79368819786922,-7.5701570796966555,-36.88606577515602,-0.8832960626498516,-25.70845744144762,-3.685276364587735,-0.20405599786000006,-0.41219311567720013
16.693951,65,14.403609,65.0,-31.929796124344044,19.913892517896553,22.310469930310106,-5.229559478759764,-23.89239493608475,-3.6291597714741517,-22.92373087193791,-2.925770045012872,-0.25708875587886576,-0.3342153826425255
3.137727,47,14.486475,47.0,-29.40980959520907,11.957583461699244,14.080062891170527,-3.1211252307891852,-13.982385647296901,-3.8882299160246836,-17.67420248025296,-1.8241666009372328,-0.23902664237772583,-0.2246850438350623
19.173559,70,14.611964,70.0,-38.26185608723152,20.98564030405051,22.595464115740057,-5.287458593845367,-27.14768000841141,-3.949943227231433,-17.49433090928054,-2.2662764836773674,-0.09956834136513629,-0.1393956779111908
20.19244,71,14.739666,71.0,-36.80036382613818,22.736679361538815,24.497425987027334,-4.741410372257233,-23.625036251544966,-4.373777681698769,-25.716082146808954,-2.784994841908137,-0.21170351295409626,-0.30061898839481666
15.700222,67,14.868248,67.0,-29.605781887904012,20.075178719024645,22.897322837086012,-5.001328024864196,-22.43148518800735,-3.636688345090773,-31.19306172675984,-2.403934630818231,-0.18491299279634327,-0.2477834103471
150.739898,98,15.053616,98.0,64.80010935671599,33.340417622342564,33.3410071629841,-7.247774624824523,-35.69517676830293,-8.528215995535119,-23.45521301325726,-3.815255710894376,0.2334351746610807,0.4575329423357182
21.81925,65,15.176502,65.0,-26.59633571116295,19.44060157481727,21.640313042250945,-4.829745647907257,-25.04330716133119,-3.9387740941094274,-21.377851738504294,-2.4756499687214797,-0.2113096418994463,-0.27470253446928017
2.946998,54,15.275821,54.0,-27.748305176769684,14.686401751097396,17.351695131261884,-4.087671502828599,-19.786586940288537,-4.1285923787752985,-25.369009778190467,-1.970933329258575,-0.21709742494106746,-0.23446521893635286
102.103306,71,15.404389,71.0,41.92316592726659,23.247810528927822,23.69268182540605,-5.427392456531524,-24.665883612632754,-4.781639862029257,-19.46993455538186,-3.4155019165516856,0.3054339807640382,0.43371625268493424
25.691016,85,15.557815,85.0,-30.96984692218498,27.951800232305743,30.84477558807563,-6.222507722377777,-28.651505017280584,-4.475263463735121,-44.55376530518147,-3.2326709490147687,-0.1267333469064843,-0.21544668974102332
118.639238,78,15.704422,78.0,49.38500858813884,24.28229183387925,25.890968028135614,-5.9729048967361456,-29.454938936233532,-3.388329048637368,-16.72798415890696,-3.3748738817147172,0.2626800956873592,0.40978094927228037
15.875757,53,15.947311,53.0,-22.220851058105097,14.078108083324354,16.082248400661435,-3.7373889923095707,-17.530608820915226,-2.280837317395774,-19.376681108848615,-2.1382319543895587,-0.21845882831053162,-0.23156635800916353
-5.596153,58,16.058621,58.0,-42.35764470204025,15.507138483871568,17.89023104861176,-4.37790295124054,-20.829557299613956,-4.537071643098524,-22.615047113549615,-2.2762991218073667,-0.35928170229726397,-0.4167667746648262
43.828053,51,16.146364,51.0,-0.9195217241520357,16.31952166145851,15.649412480714012,-3.993314902782441,-20.23069375753403,-0.21737356934072366,-12.014009954857345,-1.765967580907239,-0.1569634961433166,-0.16010276606618293
3.703319,65,16.261444,65.0,-49.317401601001386,19.56749680173547,21.311127184401908,-4.627591855525969,-22.84658490419388,-5.052591542193691,-17.90580550803432,-2.42532924792605,-0.35161644641136625,-0.45710138033477615
104.831853,69,16.385739,69.0,53.77642571344391,21.131996685406463,22.066323746878528,-4.813608531951906,-22.95380297899246,-6.053453987470208,-24.68065380417675,-2.64137383498136,0.4436828877516879,0.6122823850973294
164.900794,113,16.593875,113.0,76.36912553489776,38.33949401064053,39.68855641339453,-8.187890491485593,-38.6580808520317,-8.496214384397916,-42.86844065992469,-4.285755634662689,0.2270108357435968,0.5130444887805288
8.850783,51,16.691161,51.0,-28.078730411148303,15.055346376548725,15.870708003938846,-3.861608622074127,-19.256181275844572,-2.9912645971295793,-17.093059807925673,-1.7944266130657063,-0.32522344739546394,-0.33172791634337323
99.06599,54,16.788613,54.0,61.09662712973849,17.259461540612104,17.58229368042782,-3.6993505430221547,-17.653759324550627,-7.648310745004121,-19.85946537681106,-2.0115066332676994,0.4637261007128558,0.5008241887698843
99.732302,60,16.901174,60.0,53.51221498019624,17.91538167789033,19.766837766475284,-4.514219826459886,-21.277565884590153,-5.839102026100003,-17.4505622838274,-2.3806826558786325,0.37148464883881066,0.4457815786065728
-12.683509,64,17.019036,64.0,-49.46659052838335,16.133767840207224,19.23089692248841,-4.4210018789768215,-21.064774179458613,-5.3987851728888,-29.11040892176179,-2.5866127268968646,-0.3326538935807919,-0.42579698378341363
158.977665,87,17.179585,87.0,82.29163592506177,27.70775629364992,30.190406046673427,-6.262710821628569,-30.861808967590328,-8.016928679990023,-19.42446388291841,-3.646220824830176,0.44462454401881174,0.7736467065927324
23.50764,81,17.329475,81.0,-36.46526552869582,25.495931128957317,27.92578445732205,-5.95441554307938,-29.0885613322258,-3.6983011580757585,-32.75619330282007,-2.9513382287103718,-0.18825005204996997,-0.3049650843209514
120.913928,67,17.450579,67.0,68.57255958330117,21.443269569283423,22.16348268900054,-4.990832371711731,-24.7358375787735,-7.804280087676592,-17.867255558441602,-2.8671785256746793,0.4331647204523233,0.5804407254061132
20.74211,53,17.544315,53.0,-17.26542533765222,15.978890108261163,17.358087851194778,-4.029513578414916,-20.010076320171365,-1.6688278596443729,-20.723905817259613,-1.8971186847347445,-0.18792935477819772,-0.19920511606488958
76.776693,57,17.650055,57.0,50.72713050855458,17.0749223397967,18.103839625210824,-3.9609361350536356,-19.837911695241925,-6.638355915092081,-33.576745017317286,-2.1152510249123435,0.4036100184638876,0.4601154210488319
78.909492,92,17.946149,92.0,-10.470633813818614,30.019254985742432,30.40292091842131,-6.427960315942761,-28.00435685515405,-1.0125411124703294,-23.803127624071518,-3.7940641564776447,-0.24157509093071192,-0.44449816731250996
-30.243877,50,18.035387,50.0,-48.05218775210814,12.305605512979994,13.863865447540531,-3.589903898239136,-17.055220079421993,-6.541985962189711,-29.14460099262353,-2.0294490900007074,-0.3964218777981358,-0.3964218777981358
129.168954,67,18.166152,67.0,82.38158912344755,20.21106169664073,21.570824131603242,-4.720617899894717,-22.328607887029648,-9.86676357420771,-22.549193725054284,-2.529338334590771,0.5100762640824997,0.6835021938705497
72.140452,95,18.333027,95.0,-10.014628218443088,30.619980529421927,32.30925022345564,-7.131848006248475,-32.2618500828743,-2.6029406277112894,-30.10251122515164,-3.67500094893861,-0.22197108204587218,-0.42174505588715716
60.102849,76,18.469263,76.0,-6.193505228772515,23.279200176046515,24.98967423957032,-5.394286184310912,-26.75100290775299,-1.3897815138458554,-21.910838836878277,-2.5266110719176664,-0.03483754359975732,-0.05295306627163113
149.906675,100,18.652582,100.0,60.39226697262493,33.39989846361193,34.907405928576814,-7.320379889011383,-35.98494659662247,-6.107728996019506,-25.386051022724413,-3.9937902817205733,0.26808253041058383,0.5361650608211677
135.337377,83,18.805251,83.0,74.7696670012288,26.845057428645948,29.5974551349787,-6.258798990249635,-30.121683192253116,-8.73374173537815,-30.567165621042843,-3.1934128306053613,0.2949397030692971,0.48959990709503326
2.98984,83,18.963193,83.0,-55.398527906367235,25.65696603660972,27.56295579129598,-5.973429524898528,-28.820989215374,-8.243763582100513,-31.715305176152157,-3.0780665754391165,-0.1261089274033318,-0.20934081948953082
99.016546,61,19.078519,61.0,57.552557421169055,17.58475567289348,20.262086117883555,-4.340547127723695,-19.5072341799736,-8.086668232334375,-22.789502082266704,-2.658901107139818,0.41560008977856105,0.5070321095298445
101.140762,52,19.169134,52.0,60.526794780992134,13.869193800810859,16.37207151090905,-3.504865901470185,-16.028803515434273,-7.055027425730754,-13.362066522496635,-1.6765344238293587,0.5247802927061364,0.5457715044143818
21.245672,70,19.296747,70.0,-25.716994833889135,20.676440522764402,22.92660085172242,-5.806748640537263,-27.8709656715393,-3.3444042663601885,-27.015986801788824,-2.6022687993790083,-0.1492309687610045,-0.20892335626540634
111.469681,64,19.413782,64.0,54.288398811233286,18.147873999223226,20.85641490724824,-4.828886625766755,-22.55281853675842,-4.716177071734763,-11.676519611814532,-2.0486046397128646,0.19123327527802125,0.2447785923558672
143.937204,92,19.580628,92.0,67.88534404242637,29.73255783364496,31.99931742859871,-7.112521467208862,-33.02520308494567,-9.179794049369917,-24.80039390433845,-3.562102364045902,0.2889265653698691,0.5316248802805592
23.066612,79,19.722227,79.0,-34.40139378336344,26.235804866194435,28.366329806492228,-5.6363394689559945,-27.639252293109887,-4.1243488346116655,-35.269691807944035,-3.4644964339034665,-0.1655856770506909,-0.26162536974009165
119.754214,75,19.988857,75.0,51.63904654639885,24.398363023100647,25.191459800206747,-5.625058412551877,-25.2619456410408,-4.680917143051423,-18.03399777124647,-2.8727366491527873,0.4065285375055874,0.6097928062583811
109.719613,70,20.11578,70.0,38.098964442094406,24.497838381973914,22.696917898171186,-4.904234929084777,-22.869711077213285,-2.1611692138937695,-13.160986708064911,-2.478006180897311,0.3232029150112887,0.45248408101580423
99.400737,64,20.236583,64.0,54.544368946283704,17.2904126843332,22.16827671505307,-4.476087250709535,-20.938298344612132,-8.03829329173647,-22.578350099712836,-2.571292117330589,0.36556852456771266,0.4679277114466722
71.708595,70,20.358117,70.0,4.6036235373052365,22.216842167824662,23.145310475993593,-5.234508264064786,-24.52946947813034,-1.0860473941507334,-14.79111228209275,-2.6160441776885297,0.20989518424527498,0.293853257943385
100.06568,59,20.4644,59.0,50.36322418980111,18.528536537943346,19.345221177849925,-4.382695949077608,-20.650098478794103,-5.860051840555297,-13.946489587033835,-2.3319660307004635,0.39503562417111854,0.4661420365219199
117.572817,62,20.577813,62.0,65.80160184541518,18.822560352848484,20.138209789483714,-4.492308933734894,-20.629481494426727,-6.559349635794799,-15.434485951417756,-2.0739291006321334,0.5026543289035186,0.6232913678403631
79.771496,52,20.674932,52.0,51.860525211436965,14.208216939976461,17.01574948359649,-3.941390159130096,-18.686706268787386,-7.778715219060289,-22.97520609886074,-1.930977581556886,0.40611659132238515,0.42236125497528054
112.565007,63,20.791709,63.0,58.257884100872595,19.150758022983137,21.501054130516177,-4.648971068859101,-21.571395045518873,-5.439456292798158,-15.21804754909213,-2.46681930805884,0.5319092098613886,0.6702056044253496
110.891014,58,20.894365,58.0,77.4185432838758,16.89219880959293,17.990269687302224,-4.210135917663574,-19.91596950292588,-10.595000885999134,-22.622693217095435,-2.0661985565361443,0.32614827747588687,0.37833200187202876
111.015095,56,20.995255,56.0,68.78862351844452,16.745231001752984,17.95720842603875,-4.073306365013123,-19.234034460783004,-9.448146308999338,-13.732746423132332,-1.9877342882331686,0.523457136056521,0.5862719923833035
102.805322,68,21.114538,68.0,65.14292664152441,19.67619915730627,22.400085453181003,-4.951952277421953,-25.6709566950798,-9.270281572700924,-30.001275464798695,-2.5194236017702556,0.4355579713386382,0.592358841020548
90.355196,61,21.224171,61.0,39.19532340137476,18.962910778471393,19.37580927829518,-4.768913872241976,-24.043930196762087,-1.823727404712235,-14.963440444221394,-2.5788359878232603,0.4782796312897156,0.583501150173453
88.511942,67,21.344654,67.0,17.5512139831209,24.503055333441843,22.934090192494,-5.158724646568299,-25.29239203929901,-0.4950268770527158,-9.920570358761788,-2.6097035364953194,0.31860253605868927,0.4269273983186436
82.764057,70,21.474214,70.0,19.402058474086097,22.634764411598614,23.17258870193554,-5.496617574691774,-26.648486828804018,-0.6770871044927989,-16.505752928396955,-3.1174103425336868,0.4458104813406025,0.6241346738768436
91.120461,53,21.568695,53.0,46.32852584027468,14.107890716508177,17.29749243278948,-3.962335689067841,-18.030302375555035,-6.167254152726712,-9.357862500739923,-2.095693171986391,0.3645772654733131,0.38645190140171193
83.750905,67,21.694415,67.0,23.205428808899384,21.05238557957393,20.953348481965964,-4.8094278025627135,-22.216849189996715,-0.7359716044477039,-18.16868654983738,-2.529322399100104,0.2011010373783679,0.269475390087013
113.092522,64,21.935529,64.0,62.21219738509401,20.764965158451997,21.11409996021782,-4.312407937049867,-20.36291715502739,-7.504936625670974,-20.38831592077935,-2.430162469446766,0.40040867130777125,0.5125230992739472
106.871032,62,22.050975,62.0,59.643134834237806,19.833479849407663,20.77520412392306,-4.53633722782135,-21.57693753838539,-7.556998268970213,-19.413312723338986,-2.297201175735975,0.376802850854372,0.4672355350594213
99.145476,58,22.157539,58.0,48.14006613352399,17.641053630071514,18.53306958615125,-4.40148430109024,-18.793618321418762,-4.007804572533333,-13.665292604058283,-2.3005135061140822,0.45216318530045496,0.5245092949485277
97.630589,53,22.252192,53.0,59.716805281435676,16.321336430509017,17.210001771424352,-3.8433735775947575,-18.77903599739075,-8.424827051399248,-15.366863928251549,-2.2034537031444965,0.48368189221274505,0.5127028057455097
99.232508,55,22.350216,55.0,69.72304510044675,16.482776497677868,17.76630556043522,-4.063923387527466,-19.883777797222134,-9.977773582199168,-23.679988866727996,-2.13415601364908,0.5336171510694345,0.5869788661763781
93.59664,47,22.435979,47.0,58.40511896433386,12.937530634540197,15.880307950121672,-3.38699679851532,-16.041172778606416,-7.926202931077359,-11.410916495540715,-1.8610282072221584,0.529119546666533,0.4973723738665411
108.815599,57,22.543708,57.0,69.53034212618059,15.838830698845559,19.31325371326942,-4.038884711265565,-17.861998164653777,-9.395906468381586,-19.312680235366077,-2.2573578039465914,0.5370749552814262,0.612265449020826
105.368614,59,22.653124,59.0,50.57154037853046,17.295744057680686,19.181145991785385,-4.436602075099945,-21.401516067981728,-3.973858205316735,-8.933669228352976,-1.9341706809534933,0.38225366436057184,0.45105932394547477
85.355492,52,22.74793,52.0,42.24001244979969,16.62799673873493,17.1757122828772,-3.843326938152313,-17.239520561695095,-5.696277867315204,-13.995007174684057,-1.9140973044566683,0.20555057169298474,0.21377259456070413
14.74963,56,22.854099,56.0,-24.938919094065422,15.939294764634198,18.47759013551834,-3.997488570213319,-20.0825110077858,-3.020294716271334,-21.433973017093564,-2.194068056963483,-0.18382717565758305,-0.20588643673649304
98.150058,67,22.972788,67.0,57.38639213386033,19.310373373969828,21.806139574392827,-4.8700786566734315,-23.2096662580967,-6.8765767121768455,-29.93124325374892,-2.465282013557338,0.3782901422276383,0.5069087905850354
112.664068,68,23.096457,68.0,61.1904252149029,20.623911114163917,22.24910644566903,-5.045565729141236,-24.341897845268242,-5.348142049357644,-22.193013350979054,-2.4707557360590764,0.44153005727870964,0.6004808778990451
73.79401,60,23.205347,60.0,18.35328078663967,18.706541800743036,18.609233434930715,-4.179087283611297,-19.701230895519256,-0.4726630595207716,-15.265619784558394,-2.256444516355495,0.43509951137470343,0.5221194136496441
122.282473,77,23.344778,77.0,54.81570916811545,23.936998202938344,24.783412467804318,-5.750241601467133,-28.781861031055442,-4.243957270447743,-16.205622733490326,-3.271963764515276,0.2455441475706458,0.37813798725879455
21.047722,83,23.498229,83.0,-45.31198276550754,25.572566409008815,27.44562573124274,-6.198569844961167,-29.26734322309494,-7.205867961296782,-23.902996758392888,-3.0837092005859645,-0.025119558278143543,-0.04169846674171829
-18.8622,52,23.594018,52.0,-47.04741673810952,13.264091063988726,15.252058412565097,-4.097679286003114,-20.59074791669846,-5.915712658123862,-19.838794103939843,-1.8879992687518028,-0.36863261927212965,-0.38337792404301485
101.61235,55,23.695867,55.0,62.83233130100348,17.84348747089869,18.056691579411574,-3.8076360249519348,-17.225719958543777,-8.625347110993903,-20.325574425620275,-2.135882740122174,0.40602930782322855,0.44663223860555146
101.081305,65,23.932087,65.0,72.84444738342891,18.25173573132627,20.786166091622817,-5.056337242126466,-26.08069375753403,-9.56898992475733,-32.665003404801865,-2.430019819212651,0.48734254877376487,0.6335453134058944
99.370953,61,24.041592,61.0,62.632281854983376,17.79955675319402,20.293891108868774,-4.481185250282286,-20.459046673774722,-8.386141015382009,-27.03372805463554,-1.9946755670789786,0.3348606381829541,0.408529978583204
137.292648,76,24.179552,76.0,78.1436689774873,24.743053905467644,24.89352058379726,-5.846716079711914,-29.297812116146098,-9.019072647719213,-19.794446034019273,-2.529548503965373,0.4465723013852318,0.6787898981055523
114.525738,56,24.282249,56.0,69.31700259258328,15.57716173496154,18.954008487469,-3.955492608547212,-17.90876797437668,-9.458732378093424,-11.993036849722381,-2.006405483961904,0.5292669865639207,0.5927790249515912
118.998539,78,24.421638,78.0,55.609829208546266,24.876296053693093,27.210707371437643,-5.696025707721711,-25.59235263466835,-5.348011117336956,-26.913927947147307,-3.1479758032903606,0.39422731182778503,0.6149946064513446
108.982913,65,24.543985,65.0,52.121424994877266,20.024360986372265,22.075071440882176,-4.44304886341095,-21.078940343856807,-4.688678309954556,-17.97956710575539,-2.0477093236230792,0.3506404202119788,0.45583254627557246
99.70261,59,24.654529,59.0,50.78197521341139,17.865942270176728,19.755879326017133,-4.5857599115371706,-20.34741512537003,-4.000365108313412,-16.357212111928696,-2.4104341783858017,0.46710104913505357,0.5511792379793632
84.276518,51,24.745817,51.0,42.907813188409136,13.703685050651151,16.74174277663465,-3.5629406809806836,-16.03069189786911,-7.474747890616157,-10.966243173660573,-2.0420991952432352,0.3395617425127338,0.3463529773629885
126.434707,64,24.865343,64.0,61.02913081424337,22.106705357095617,21.835917196585306,-4.248870947360992,-20.930249691009518,-5.155396215500933,-10.195616874175835,-2.0069124769933118,0.40793521212783435,0.522157071523628
101.494128,52,24.962535,52.0,63.5442814530588,16.479877985329054,16.428208969911324,-3.853378388881684,-18.418462336063392,-7.265033282188106,-15.808795662651587,-1.6125704561198329,0.4358624369300917,0.45329693440729535
77.124494,52,25.060426,52.0,51.28908443618407,13.761123384890391,17.019682613688403,-3.723160426616669,-16.952365398406982,-8.27703211948802,-25.64538289660165,-2.3474553363173327,0.4139270542864009,0.430484136457857
114.950371,57,25.169493,57.0,68.56472299253684,18.46353849652837,18.513670960816434,-3.981751778125764,-17.072190523147583,-9.029969296794308,-15.548696924896753,-1.9589525068997433,0.5086091932839514,0.5798144803437046
15.121266,58,25.278311,58.0,-17.057205963620863,15.890334637583852,18.430180507375894,-4.498614928722382,-21.76802097558976,-3.1264796046540275,-28.318440545780213,-2.430487202740947,-0.18739674846802906,-0.2173802282229137
115.942012,65,25.397967,65.0,72.18429093992258,19.696606100126697,22.625658988455882,-4.729792199134826,-22.889942753314966,-6.567530800858757,-27.315121322194642,-2.0621567794865,0.48248257776456677,0.6272273510939368
108.768234,55,25.496535,55.0,58.675789002340366,18.434590080148446,17.557043679531446,-3.8756607270240777,-17.901923543214796,-7.74162681676558,-9.370422707871363,-2.0095548537892953,0.49718410004085595,0.5469025100449416
75.14121,46,25.584919,46.0,54.312214824583506,11.015784324888475,14.843257531135047,-3.6841823554038995,-16.71565366983414,-8.554109863986833,-20.36300909304738,-1.713091828224288,0.5216558966601856,0.47992342492737083
12.532822,60,25.701528,60.0,-31.101911034298183,17.219289473131592,18.471510414543022,-4.452123410701751,-22.050212490558632,-3.5818193879916027,-19.785419379374932,-2.186491833382819,0.06268758917649621,0.07522510701179545
19.63336,82,25.990977,82.0,-44.96001532813748,26.822874296633877,27.583511455626724,-6.225796930789948,-30.421503448486327,-4.239670750101832,-28.16450956975257,-2.7615292433194556,-0.21476156088631068,-0.35220895985354955
105.715579,57,26.104376,57.0,63.89339231935149,16.45708118628817,17.87947942478754,-4.4855957508087165,-19.012092733383174,-8.981405126858077,-15.063679946370433,-1.971600715040168,0.5063853927873679,0.5772793477775995
61.415375,52,26.204557,52.0,10.716483356058097,14.86851314896774,15.841894655507076,-3.8120369362831115,-18.15536313056946,-0.5058019327991414,-7.789203512219522,-1.7491103093668918,0.1011703240157379,0.10521713697636742
62.167972,59,26.318155,59.0,0.0394935557381354,17.416712925139866,18.1792861673326,-4.091483247280121,-17.88900431394578,-0.3775746535460109,-8.168513985664186,-1.9409443367290993,0.08281729911214442,0.0977244129523304
97.153055,58,26.42887,58.0,46.45457106178512,19.298842424912714,17.548920649154315,-4.553897426128388,-20.11735669374466,-3.263520495970464,-13.86315402590748,-2.3513503709537713,0.4516720413332466,0.523939567946566
132.791706,67,26.555004,67.0,80.71823380338421,21.590460360851484,22.297208575645,-4.997779352664947,-22.650911593437204,-10.09291705367025,-18.417071467885126,-2.6555172150804722,0.5276104545754842,0.7069980091311489
71.596609,73,26.694113,73.0,10.41379860414582,22.099268234500187,23.817481742908257,-5.56733653306961,-26.841318154335013,-2.646654093674656,-20.55981701285698,-2.118813935130341,0.12541625956004057,0.18310773895765922
111.021546,53,26.80338,53.0,62.71656604460301,15.703839447030832,17.82387603630056,-3.9289132785797114,-17.53575279712677,-6.87860199011903,-7.887730932704171,-1.9917360512488835,0.6028060029058865,0.6389743630802397
86.64897,49,26.889901,49.0,53.08906833161822,13.452785689248673,15.153831324442278,-3.7152472925186166,-16.07354136705399,-5.785198496757732,-16.424346998004985,-2.048381322914532,0.5444420642398374,0.5335532229550407
97.637139,58,26.99458,58.0,46.966383106871554,17.220819443236245,18.233885786474495,-3.9597417414188385,-19.287786257267005,-4.846901452485024,-12.55036467836094,-2.1391552397300786,0.43021718641988166,0.4990519362470627
130.946217,69,27.117284,69.0,73.18349358534039,21.896211179055868,22.724213153776986,-5.0979490685462965,-23.60117008686066,-7.635320557286581,-17.032444351600645,-2.490816375839214,0.40512399507839025,0.5590711132081786
124.096042,66,27.236227,66.0,66.38153236420587,20.874521184940143,21.77465798227158,-4.572132991552353,-20.544291114807134,-8.10613994093423,-15.282354437296366,-2.4297508834155908,0.4191974011612676,0.5533405695328732
130.747624,73,27.372079,73.0,78.21928688186117,23.454532298429317,24.994139542867572,-5.860631096363067,-28.01077976226806,-9.529103638228635,-22.994474601749044,-2.5253459896190145,0.47287844078309005,0.6904025235433114
91.619851,60,27.482366,60.0,31.483076958107524,19.681945788857398,19.83926694162739,-4.554593985080721,-22.08190766572951,-1.0394029157433724,-9.70824262502228,-2.0002911613384335,0.40413180439082674,0.4849581652689921
94.681297,58,27.591155,58.0,62.85180342398272,16.763149882189808,18.286493815614314,-4.060512268543244,-19.464362037181854,-9.068137051905634,-26.14504096691645,-2.4820978515743732,0.46809349034239467,0.5429884487971778
109.689829,57,27.697481,57.0,72.50490288002447,17.76788317373302,17.632749735684087,-4.139665746688843,-18.066322839260106,-9.029535809834684,-21.41186650689058,-2.5683163745379707,0.5423087244402928,0.6182319458619339
105.351544,60,27.926445,60.0,65.33551253225666,17.5124829811046,19.801364978216334,-4.532984845638275,-21.549745279550546,-7.819290761243069,-20.933376349867743,-2.4624191819509855,0.38678290576124924,0.46413948691349904
113.05401,58,28.031504,58.0,62.97535286569224,18.978208318251827,18.988385562400715,-3.979725065231323,-18.553454971313474,-7.153319420094003,-13.848006968647745,-2.3534299898168105,0.4689167633571181,0.543943445494257
100.572966,54,28.128312,54.0,60.55451904458344,16.09874587724145,16.657914553421694,-3.696459169387817,-16.855808603763577,-8.190144073811311,-15.70932153273285,-2.286479793199503,0.5239004852628795,0.5658125240839098
55.870961,72,28.258817,72.0,-6.913849006616401,23.566206064479985,23.69281660871693,-5.454367733001708,-25.97725074291229,-1.8528728060009758,-20.504150219724558,-2.6855712459565506,0.35638131529666156,0.5131890940271926
107.059986,63,28.375429,63.0,51.418853981041806,21.220914787384547,20.91626541150777,-4.625099232196807,-20.653641694784163,-5.585254398843139,-16.443706246601927,-2.1883469990730817,0.4374930558512485,0.5512412503725731
135.295595,60,28.483415,60.0,83.77061549759425,20.321309107964527,19.741423344984845,-4.674064588546752,-20.266903674602517,-10.982523059932085,-10.360170628275219,-2.254091000900622,0.4710560497005484,0.565267259640658
79.566812,54,28.579972,54.0,38.68274905322998,15.434704402456536,17.609196783099843,-4.047733349800111,-18.890091764926908,-2.5623498070204644,-18.44396382468755,-2.2156996789457466,0.4566911369473487,0.49322642790313664
-21.977502,57,28.678888,57.0,-56.02470540316291,13.069813410163862,16.80647312978766,-4.427083265781403,-22.306588041782383,-6.604742405258717,-17.723252617916465,-1.7674170529698034,-0.4375293419200534,-0.4987834497888609
120.373367,63,28.79922,63.0,81.38165149796149,19.558806656888983,20.117700048952063,-4.9018206119537355,-23.423378878831866,-10.894775139363938,-22.18033214749703,-2.2844846074165983,0.5486735062643594,0.6913286178930929
103.816878,52,28.889795,52.0,62.58321800580844,16.615110787952233,17.162633487701832,-3.951822607517243,-17.467100048065188,-7.708879091362872,-13.237464114742334,-2.1788182955705766,0.44882477625857853,0.4667777673089217
86.252311,61,29.003931,61.0,25.19567429198805,20.53127633051233,20.646372758902725,-4.345195640325545,-19.587010157108313,-0.683111677758507,-14.092223418488402,-2.4134718360027354,0.2726638560615205,0.332649904395055
110.551564,66,29.121743,66.0,64.42672265258106,21.36536294516854,21.068223371947607,-4.896249122619629,-24.32672455906869,-7.020182591805377,-23.713461168389554,-2.352127369489509,0.42013281906726974,0.554575321168796
101.554211,61,29.232927,61.0,64.13469899316708,16.09705214269995,18.910754684735572,-3.9603093075752245,-18.574014753103253,-6.512698799281363,-27.16741920786865,-2.3738532334349864,0.5181478832536338,0.6321404175694332
122.418215,66,29.353559,66.0,62.117488408720526,19.712673692416256,22.621514080392032,-4.90801281929016,-22.090998637676243,-6.357735359247936,-12.32745078748452,-2.3492631346085515,0.4766278905646239,0.6291488155453036
126.236327,64,29.475446,64.0,75.7806518695196,21.273786910871824,21.732464790227386,-5.034921088218691,-23.77325074672699,-9.068344599401277,-15.974033543959601,-2.700026472112773,0.4912733005690474,0.6288298247283807
115.408243,55,29.581869,55.0,77.4686862997003,15.978771047527358,17.882372658043067,-4.087497780323029,-16.390238940715786,-10.645555897567306,-18.12270858349088,-1.6755853258091498,0.6540164408157912,0.7194180848973705
94.267356,62,29.697526,62.0,57.10088458872108,20.442048790894614,19.978467890132784,-4.571410188674928,-21.098526442050936,-5.780085119042793,-31.196346918026045,-2.6076761955467296,0.432988790483294,0.5369061001992845
113.783827,59,29.941366,59.0,67.25879814224322,18.729837651752753,20.285085018207656,-4.294698634147644,-20.543385511636732,-9.509676987510282,-14.883078416611411,-2.259054190237,0.5028619276281868,0.5933770746012604
92.335544,57,30.047148,57.0,56.38262562718849,17.22712190187736,19.282248117448912,-4.259203498363495,-20.202850675582887,-6.498182505618205,-24.370649314986863,-2.2255653332013368,0.3840654583598413,0.43783462253021915
4.986126,67,30.170955,67.0,-42.8184363172668,19.594463140806887,22.75737131388438,-4.964156851768494,-21.625211679935457,-6.682072916615387,-25.485606701573985,-2.790223693051113,-0.12366388216629504,-0.16570960210283536
125.324496,69,30.297009,69.0,70.61238251998556,20.478351036549206,23.481571015715968,-5.187703454494478,-23.787941277027123,-9.926327682353914,-16.850423107077514,-2.4954133390770394,0.4394612609064026,0.6064565400508356
178.258346,99,30.48232,99.0,89.7822540886683,33.24008037717647,34.26156574601172,-7.255819931030272,-33.41489298343659,-8.661966376146822,-24.956946920824105,-3.735928268565143,0.3370990634316608,0.6674561455946884
97.723031,51,30.581972,51.0,59.852603863255055,15.42574458224369,16.145859781618977,-3.867889316082002,-17.559000909328464,-7.962179616985561,-13.308853734907585,-2.0032537990893156,0.6034010897633818,0.6154691115586495
102.780234,48,30.669429,48.0,62.879734961724104,13.383287910956515,16.189465019416886,-3.467154359817505,-16.511742901802055,-7.067499822534895,-8.99283143392127,-1.633025834999528,0.5781275965392823,0.555002492677711
98.149064,48,30.75713,48.0,60.07954064107467,15.165983362474964,15.435743480275768,-3.388973371982575,-15.206261968612672,-7.218566095793268,-12.665937619784696,-2.0524641644791988,0.47354529114829375,0.45460347950236196
111.566123,56,30.860088,56.0,69.8741017482576,17.942869140708233,18.506446044333,-4.2256719207763656,-17.974921452999123,-10.002546893402055,-16.314087129147804,-2.2400664874846834,0.559740467271831,0.6269093233444508
76.7766,48,30.950804,48.0,45.219539447517384,13.142341953342747,15.378519789414625,-3.6639479863643647,-17.10126750469208,-6.748078269417084,-15.584002229040172,-1.8665048424292128,0.40689214598552265,0.39061646014610174
105.864148,55,31.057508,55.0,64.89511515987851,17.287827710457556,18.502815351929016,-4.013102777004242,-18.721702098846436,-8.447468308624927,-16.602554164670384,-2.0367823934586,0.49773369295378767,0.5475070622491665
94.59514,52,31.154539,52.0,57.0904822391755,14.405380788874027,17.06482707751791,-3.7293519973754883,-16.96432454586029,-8.258297599067571,-15.07204261929797,-1.941532858166401,0.5256034915007904,0.546627631160822
107.234587,51,31.251044,51.0,67.33498184202105,14.949334053014873,15.313315770143442,-3.9076680159568795,-17.38728656768799,-7.10573444583246,-10.764135187918768,-2.1982206118324643,0.6499632802713622,0.6629625458767895
105.293129,50,31.347723,50.0,70.42076322631803,15.102248264981323,15.967342104397163,-3.641833727359771,-17.191082942485814,-10.271067270510006,-13.257633323371302,-1.8356069207817889,0.6121991720641519,0.6121991720641519
95.054565,52,31.446108,52.0,59.653618468550704,16.474499825772547,17.299195482254156,-4.190516427755357,-19.17665592432022,-8.423296922234615,-16.709392691507286,-1.8728865991289232,0.47797970970304465,0.4970988980911665
111.769209,58,31.556176,58.0,64.04472045407381,18.301802324334872,19.956629067085256,-4.318370201587679,-19.695825469493858,-7.897492078520652,-14.364148523010456,-2.2581061876898905,0.4450560824396502,0.5162650556299943
108.273028,56,31.661911,56.0,63.08754998128492,17.136197934642993,18.408116594314595,-4.233058347702027,-19.300316268205645,-7.78783120248283,-12.848262037562815,-2.1893691131428388,0.5048971823505333,0.5654848442325973
174.72592,94,31.836828,94.0,99.91593579454896,33.59536086491196,32.742934777473366,-6.729192161560058,-30.945494395494453,-11.816269837465772,-32.59491407399684,-3.442441326345775,0.47369580036602976,0.890548104688136
137.696284,74,32.091973,74.0,75.16536808773898,22.59304924296839,25.0228590213023,-5.258983774185179,-24.69055922031403,-9.486633679967724,-16.817419339326985,-2.8313966577910072,0.41688391773350336,0.6169881982455849
108.917246,56,32.194252,56.0,72.46952474214004,15.888149447334275,19.025604607605903,-4.286372401714323,-18.241762089729306,-10.314373372402509,-19.006490795694887,-2.617033772081962,0.5989733190257241,0.6708501173088112
96.893912,49,32.285898,49.0,63.16551805767291,14.887070066052427,15.487629738708183,-3.5833844137191777,-17.2137159705162,-9.782664758984065,-13.26434026801897,-1.802200429813483,0.4508483817474667,0.44183141411251736
110.764362,58,32.39346,58.0,70.23421213897393,19.04961438080878,18.563147197885737,-4.211266012191771,-19.72004116773606,-9.798600880498533,-19.53511845246931,-1.8175849337091645,0.47042142153360594,0.5456888489789828
101.434813,57,32.494229,57.0,53.93173423295309,17.923678608530974,17.883551081279464,-4.298840050697326,-21.19012347459793,-6.043886174799437,-11.806116694639757,-1.9651843490244325,0.36796146786962264,0.4194760733713699
109.69772,54,32.590758,54.0,69.65278581037644,15.375992204013723,17.71581950554175,-3.9871521115303046,-18.361394739151,-9.110670609884354,-13.665873071492374,-1.9217871559677138,0.5443312287018908,0.5878777269980421
123.843693,64,32.709769,64.0,65.88527599683853,21.325713315738167,22.096615128573465,-4.852792196273805,-22.54739019274711,-8.561672948279655,-10.910558244854862,-2.5914982311321095,0.44204522547178937,0.5658178886038904
110.942473,54,32.811199,54.0,63.67986517365142,15.614395574431272,18.035489714228618,-4.1070747423172005,-17.994721043109898,-8.055855125358137,-8.326413439241591,-1.9032126698730092,0.5900275242454416,0.637229726185077
102.723419,62,32.92701,62.0,45.71819520793999,18.958220687015753,18.562301313120308,-4.487439701557158,-19.934228062629707,-3.3388928951102033,-12.230028316827699,-2.524709375782491,0.376260682556541,0.4665632463701108
85.436004,68,33.058235,68.0,22.13583515325309,19.541324637235714,22.19903556660374,-5.022183365821838,-23.636962842941276,-0.8087192948823869,-14.261453044177394,-2.7108724170939333,0.18381057428887665,0.24998238103287226
126.554135,74,33.196578,74.0,71.9967722409674,22.723441804778997,24.642882979387554,-5.406488184928895,-24.72999746799469,-8.8875083542626,-25.15782597003472,-2.627141957969319,0.43843651849404514,0.6488860473711868
104.279134,59,33.302494,59.0,61.252322468095294,16.601209007811004,18.406458367135542,-4.294790742397308,-19.532309567928312,-7.614894065493847,-17.62173179975764,-1.9171292235785966,0.36010246947695,0.424920913982801
119.716412,74,33.437494,74.0,61.728206990094435,22.890969461150167,24.774443163216503,-5.502191321849824,-26.01670265197754,-8.128744210933885,-21.401836951905263,-2.627732185480794,0.4566384159764559,0.6758248556451547
86.394847,48,33.524615,48.0,44.672773847984615,14.165896421083106,15.539814992809422,-3.429269936084747,-15.15939971208572,-3.889578986823108,-11.584023879139751,-1.921366167739996,0.4675533392002587,0.44885120563224834
95.801824,52,33.620908,52.0,62.406400719663225,14.43457778633182,16.649250080490674,-4.052120912075043,-18.758706307411195,-8.948534282496258,-16.002100824095205,-1.9269423994948642,0.5405085917112634,0.562128935379714
107.890168,52,33.713351,52.0,70.54238544836802,15.67664300201696,17.236043677551965,-3.9112210798263556,-18.548613977432254,-9.562597591427373,-13.735128615166543,-1.8073432067053323,0.5813239316560097,0.6045768889222501
107.469701,58,33.820251,58.0,64.37182863193019,17.454038284939955,19.391494163391346,-4.517391953468321,-21.941624295711513,-8.260740086333891,-15.292162994994875,-1.7357411967419263,0.481597221521268,0.5586527769646709
99.243545,55,34.042062,55.0,62.46325545123508,17.720708658273015,17.289227008879056,-4.039290761947632,-19.886784613132484,-7.661778955998518,-19.558932719969683,-2.082859420633783,0.45805809504839523,0.5038639045532348
136.053943,83,34.200223,83.0,51.87648069344535,28.56817229239944,29.521671350296657,-6.26087853908539,-29.676681053638465,-2.749302366858526,-15.001982072679423,-3.2235370747895917,0.38227928205705586,0.6345836082147128
106.717614,55,34.305306,55.0,70.08180492738063,16.98759359432461,18.16277283487952,-3.885120217800141,-17.17968511581421,-9.739939346400114,-20.767168527079708,-1.9426445020944034,0.4583013432500406,0.5041314775750447
116.641276,64,34.425026,64.0,66.34524510332801,19.06565427879563,20.2282679198846,-4.385888466835022,-20.907085955142975,-6.718356107588134,-18.88962373641027,-2.0969368829839343,0.47922624559759663,0.6134095943649237
128.645578,73,34.556783,73.0,53.218613380865875,23.95653523401567,25.14419959060119,-5.469419889450073,-26.347715723514558,-2.110041095084077,-10.042507612064885,-2.7040862661897602,0.3752172682346031,0.5478172116225205
114.585819,62,34.670067,62.0,70.70535148134468,19.051019168802586,20.10176525359829,-4.459727187156678,-19.760332363843926,-8.783895912125985,-21.44636301432237,-2.8219986290667864,0.48578025360256966,0.6023675144671864
173.505244,91,34.836464,91.0,89.63865260065076,31.714986206113267,31.297380640009425,-6.642393386363983,-31.011832070350643,-11.0204023941106,-18.000662393036105,-3.470485349235951,0.4082468267947286,0.7430092247664061
108.237128,55,34.934294,55.0,71.70825510061267,17.159627839496927,17.84198698063096,-4.3589301633834845,-20.05769945383072,-8.945322510075666,-18.109559159788535,-2.0012301946321043,0.5126891075803546,0.5639580183383901
98.873752,57,35.036509,57.0,50.03271210045184,15.351789944235929,17.63015439592196,-4.348963100910187,-20.261150765419004,-4.107365698734067,-10.143636572408006,-2.2797880336509904,0.42595009664434647,0.485583110174555
110.279925,60,35.146628,60.0,61.39896693353145,18.649382761983322,20.294537228873367,-4.353842062950136,-20.953792518377305,-7.731381227585529,-14.67140789012096,-2.352538036064911,0.5011182127034361,0.6013418552441233
107.638585,54,35.247131,54.0,65.80515520946099,16.823830468311215,17.33673495517295,-3.9689546132087696,-17.40154864788056,-8.5950714444985,-14.473501568037987,-1.888059398631735,0.5133541025520302,0.5544224307561926
100.124667,53,35.341151,53.0,54.55757320917127,16.06517511559576,17.47224947054139,-4.002168762683869,-18.998695206642154,-6.540730746390981,-9.626297746255805,-1.8024387032458806,0.47151712231445136,0.4998081496533185
101.903698,50,35.433042,50.0,71.82038524069627,15.27442333667129,15.949774536612058,-3.7382753324508666,-17.712670373916623,-9.49191565410172,-18.453332714112584,-1.7446913098334993,0.5981652911661114,0.5981652911661114
94.79078,59,35.539117,59.0,58.626482927362325,17.206846493761343,19.47130225262796,-4.8292481279373165,-23.11757867336274,-6.689008080255332,-22.461316297641673,-2.4167002148178707,0.4347880472201426,0.5130498957197682
119.888186,64,35.663996,64.0,71.95492746804412,20.76030826327086,21.640487354123266,-4.527575352191927,-21.01155503988266,-9.199066202149734,-21.182801918823895,-2.546538564453227,0.4635694267114832,0.5933688661906985
120.359971,66,35.78562,66.0,73.56469861309549,21.727987355391186,21.067116717952924,-4.8606548738479605,-22.90377137660981,-10.737342289411876,-21.223327319563797,-2.274736239666148,0.47530496304499076,0.6274025512193878
111.354195,53,35.998981,53.0,66.97488143773046,17.26571148622647,16.707924889911766,-3.8796328663825976,-18.383680284023285,-7.173777278753247,-11.26408264331063,-1.8931501329006313,0.5381247720564782,0.570412258379867
121.189278,63,36.117869,63.0,72.8326853620397,20.482852666038216,20.877382549016605,-4.619619059562683,-22.902836871147162,-8.160540882358207,-17.985236777075766,-2.335409059634627,0.45408777344653983,0.5721505945426402
124.952079,55,36.219414,55.0,82.47615954331484,16.763787777719966,18.69735756656201,-3.890175924301148,-17.281358838081356,-10.515444641287955,-14.145198664794155,-2.1530482614716657,0.6577721007106668,0.7235493107817336
139.659627,81,36.364109,81.0,69.20563493475258,27.29337060563832,27.3400264648645,-6.010434677600862,-28.253630948066707,-8.600759293699422,-19.4520524505968,-2.8625272474076504,0.318494892447768,0.5159617257653842
97.590238,56,36.468622,56.0,47.0638521074551,17.2660374060063,19.161845117133993,-4.048472719192506,-18.86047742366791,-2.9216707064672613,-13.851020772060192,-2.21985516243191,0.4105316966792587,0.45979550028076976
118.573983,54,36.571144,54.0,74.19609833121767,16.894022171910528,18.434284896078605,-3.8249051380157493,-16.756402730941772,-9.698245423716793,-12.759838870753473,-1.9110297427398646,0.5802184182055943,0.6266358916620418
165.548381,92,36.738618,92.0,82.19796696648531,30.999447082938385,31.806945932730105,-6.444679802656174,-31.409010159969338,-7.835467924470988,-22.45727769739029,-3.3095432926638373,0.37079649187716995,0.6822655450539927
93.374501,47,36.830031,47.0,61.50907104754416,13.710505460226088,14.884443751966135,-3.469396719932557,-15.013046407699585,-9.245074131677585,-14.114936577158845,-1.8870652137171637,0.6191550873448382,0.5820057821041479
114.213039,65,36.945478,65.0,67.1765104291529,20.320443938955083,21.81234631186424,-4.800799798965455,-22.779677975177766,-8.100185143794445,-21.856217311282695,-2.5593815829582147,0.3215306258456937,0.41798981359940185
139.075403,71,37.073819,71.0,81.71943790732776,24.124245837501846,24.64153725114474,-4.978510096073152,-23.293454355001447,-10.257166866773087,-21.123328588509935,-2.7573583310282017,0.505820284848542,0.7182648044849297
94.5851,57,37.178558,57.0,43.68132744011716,18.71268466446935,17.99266895775613,-4.12864272594452,-18.383174955844876,-3.8938438051731,-14.234735833312454,-2.1611836932458646,0.5463865594090945,0.6228806777263678
110.032112,57,37.285493,57.0,64.33943490574663,17.137598120821295,19.80896150656354,-4.132764151096345,-19.130699747800833,-8.915921475312778,-13.757003385105866,-2.3174937907028803,0.4146806694852604,0.4727359632131969
137.81658,68,37.414537,68.0,79.66106284698134,22.071234790235593,22.342427654834584,-4.560434124469757,-21.85427247285843,-10.216148779792105,-14.972687401240478,-2.654602146290341,0.5632220984385613,0.7659820538764435
105.880648,63,37.537795,63.0,43.948685147901855,21.090461930515964,21.077758294634418,-5.1932725954055785,-24.089243924617765,-4.13594935439116,-7.31189205016,-2.505899317441503,0.3548781003671785,0.44714640646264486
108.252141,54,37.635626,54.0,60.4070260960795,16.382919790487108,17.377249527176357,-3.916753880977631,-17.344648897647854,-5.977527853028438,-10.402122871796873,-2.2740010413520455,0.40108470030626103,0.433171476330762
95.043859,46,37.718571,46.0,60.92070721761864,14.296775852477543,14.286399144477715,-3.244374859333039,-15.436939960718155,-9.200416100650333,-10.862079420184443,-1.7162129884733692,0.5946611170973294,0.547088227729543
86.272409,48,37.804762,48.0,48.15037534029974,14.381939614536583,16.022225681903922,-4.053256957530975,-19.353784692287444,-5.292401142817925,-9.618678009807628,-1.9640110692954817,0.4433854654816932,0.42565004686242547
112.288314,65,38.035362,65.0,44.71861678934731,21.202872730317825,21.221693801667964,-4.963810656070707,-22.837030810117728,-2.194456354322126,-7.354243020884774,-2.5053282333794926,0.41119569887331203,0.5345544085353057
132.947244,61,38.142795,61.0,80.97161810859298,20.498991843598073,20.052202133704778,-4.56691598176956,-20.917532110214232,-10.110734958593008,-11.536617986344355,-2.443767460085367,0.5913597320231474,0.7214588730682399
99.65006,52,38.234987,52.0,67.92646738221785,15.060807753225838,16.589167825008655,-3.8447516059875486,-17.1128993332386,-9.323578338360816,-19.92946297025247,-1.715690627144791,0.5755534460385985,0.5985755838801424
128.957086,64,38.348605,64.0,75.63196290529052,19.685814117991605,21.717850580423224,-4.510925166606904,-21.64943544864654,-9.403984421981097,-14.320247803042239,-2.1939487540063882,0.49283394519344537,0.6308274498476101
98.352509,50,38.439464,50.0,64.076526882928,16.162888388683633,16.865132392959154,-4.2205347728729254,-17.599663090705874,-8.587142003763246,-16.066203389314914,-2.278495872601483,0.4939441298829805,0.4939441298829805
143.878385,72,38.570206,72.0,84.70559835291401,22.865362331726697,23.82965335662066,-5.125767227411271,-22.32827920913696,-9.269234592886932,-19.99593014700839,-2.8030177588301415,0.44367200257871353,0.6388876837133475
124.166221,64,38.685669,64.0,70.96812020348335,19.40473943639405,20.032033589623225,-4.890454442501068,-23.936355316638952,-9.108359984485325,-9.726642823502637,-2.576859574048743,0.5159849916904979,0.6604607893638373
132.600171,61,38.797127,61.0,85.19665454844957,20.687729548348184,19.094194286107815,-4.538322827816009,-21.52134549617767,-10.561268611460877,-14.505100192123297,-2.252370660952984,0.36534995699088185,0.44572694752887587
116.412852,89,38.958326,89.0,30.26393470775669,26.66951177262353,28.338730640354495,-6.668086979389192,-30.428838503360737,-0.8922512715271159,-16.694571929105006,-3.1755765275219887,0.2827025590778551,0.503210555158582
118.564643,61,39.070232,61.0,66.47094954589798,18.163531318942212,19.289045356261916,-4.4724773311615,-21.458519482612598,-6.2511921905460595,-11.945466308476616,-2.2312278385162534,0.6138903558021964,0.7489462340786797
95.718027,53,39.165561,53.0,50.97605816464721,17.151323347139375,16.97587213407841,-3.960040314197541,-17.785464060306552,-5.648754048398172,-13.031870845107491,-1.9590970303618804,0.5390002457916762,0.5713402605391767
123.168997,61,39.273052,61.0,74.75852839485337,20.29960890317719,20.6279734185985,-4.273232967853544,-18.600401329994206,-10.201158079686207,-18.221044811987724,-2.2212768684723705,0.5203494542036222,0.634826334128419
116.700477,59,39.378831,59.0,65.47540109664382,20.13866378921446,20.16408712580712,-4.597590093612672,-21.224716341495515,-7.404151881744301,-12.33175798091408,-2.51945870484441,0.3308202343860421,0.3903678765755296
115.321744,55,39.477391,55.0,73.88575350060268,15.660116051225497,18.186137466994108,-4.35054134607315,-20.516743803024287,-9.336056346742453,-11.345539460106355,-1.8613816734346516,0.5621861897047138,0.6184048086751852
115.720572,53,39.573088,53.0,75.1597355159472,15.35840033357057,17.749174387465274,-3.6526520764827737,-15.242348259687427,-10.641300823795056,-14.154049419790962,-1.8563877359262635,0.6134257592924912,0.6502313048500408
109.789056,52,39.665871,52.0,74.65434916090439,14.792356105444746,17.239290968501795,-3.9714644408226007,-17.8927014708519,-11.539246207208842,-13.629952849495387,-1.8635749137044115,0.6441189474635363,0.6698837053620778
122.789262,64,39.779223,64.0,64.37655784043508,20.986087090306903,21.42701290504781,-4.784634852409365,-22.330992698669437,-4.840616060691978,-13.676304160446318,-2.3678479280957423,0.5200765781928253,0.6656980200868163
140.921191,71,40.02405,71.0,70.00125329816731,25.008675976903763,24.090195661090657,-5.140318512916564,-22.700122284889215,-7.110951809968299,-11.746644766143595,-2.4808961962516256,0.3655432038925715,0.5190713495274515
110.663145,57,40.123022,57.0,67.82618662754409,18.02006071283025,18.615442663309835,-4.286100175380707,-20.145519852638234,-8.378216229319868,-15.917592456312866,-2.0711167232857277,0.5038781471265366,0.5744210877242517
136.471689,68,40.24102,68.0,75.9775147449522,22.89133612108326,22.86522246718132,-4.624264011383056,-20.5567485332489,-8.692776124420844,-16.797476558060765,-2.5911195736185832,0.4756954716698294,0.646945841470968
123.954948,56,40.340209,56.0,74.63344675968231,19.23482866027423,19.468310955457554,-4.213803219795227,-20.913334250450138,-7.642697867254828,-10.446577104405934,-2.165225746301186,0.5700772595102376,0.6384865306514661
97.630658,50,40.429462,50.0,60.18638268254701,14.404537596081493,16.626936311232274,-3.5386421060562134,-16.076144057512288,-6.893905450657964,-15.171820941630244,-1.906685932272085,0.5403177941017602,0.5403177941017602
112.037381,54,40.526424,54.0,69.58321268531552,16.376740721299438,17.735345949203893,-4.093042285442353,-18.897769856452946,-8.232271664261354,-12.600546987361819,-1.834287824294467,0.5595931169178705,0.6043605662713002
104.766165,50,40.615197,50.0,69.45397547603582,15.130028091045789,15.895044092003133,-3.694507908821106,-16.6769753575325,-9.759457785892694,-13.540926123504534,-2.0410154648340053,0.5600936942213132,0.5600936942213132
105.486739,54,40.711103,54.0,66.41046469588542,17.1502783591844,16.979699072188055,-3.9821441316604598,-17.83990850448609,-9.117061259939952,-16.21741169977269,-1.8971771823592292,0.5357039916163384,0.5785603109456455
109.168697,55,40.810024,55.0,64.54630623175832,17.510338794279335,17.422622634068397,-4.180870950222016,-17.822991722822195,-7.547871904550115,-13.530570270327775,-2.2282656839035604,0.4963039782028553,0.5459343760231409
146.111367,74,40.957985,74.0,88.17005225427393,23.127406627753956,25.73486227710687,-5.5139649391174315,-24.9308160841465,-11.046115653761547,-20.53735869474404,-2.8926992357140637,0.45946085061642983,0.6800020589123161
119.94412,60,41.091149,60.0,71.49805469043096,18.733647604142732,21.16039195102693,-4.4714652752876285,-19.790109735727317,-10.843393206488905,-13.93838026255849,-2.4046258409369057,0.49932788679514006,0.5991934641541681
122.323683,57,41.200949,57.0,80.15330555237803,18.47657915371018,18.116922129009552,-4.200499866008759,-18.832027363777158,-10.702299412292241,-15.216604865616585,-2.471692759347128,0.6112528030567856,0.6968281954847357
119.763967,53,41.299267,53.0,76.84695253414833,16.476438133372802,16.915841435582436,-3.8075381016731265,-17.069398820400238,-11.291600765373548,-9.478532804758789,-1.8281950013477752,0.5462900611350147,0.5790674648031156
110.695705,54,41.399612,54.0,65.08694235538515,16.018416794293888,17.121364126960426,-3.943318932056426,-19.005931019783024,-5.203637391383188,-11.388276172293573,-1.989854687388349,0.688479468709115,0.7435578262058443
120.445183,56,41.503344,56.0,75.4612747612898,17.85178412988876,18.78194572655631,-3.8960622477531435,-16.43600412905216,-10.292233203432232,-14.886649678211826,-2.1388728491500593,0.5310442142350894,0.5947695199433002
157.713031,76,41.641859,76.0,90.75963149649769,26.416214077221216,25.423791969782624,-5.738511166572571,-25.237924683094022,-10.738542989249355,-16.66286341810349,-2.508763992378943,0.5095159528882439,0.7744642483901307
110.987972,51,41.73438,51.0,68.39215515485358,15.826998297916877,16.31290943685294,-3.8671930646896366,-17.01513410806656,-8.04194258468222,-9.571530496277356,-2.0482902447325504,0.6471963817576276,0.6601403093927801
145.657208,71,41.981631,71.0,83.90514095243597,24.23903595142359,24.36473920812594,-5.37069416284561,-23.658992660045623,-10.09155401207911,-15.993857403626428,-2.7366094441483133,0.4792156670641088,0.6804862472310345
126.241679,56,42.082778,56.0,77.09709078667069,19.191589854336648,19.42915449084372,-3.9313822531700136,-18.016177672147748,-10.376301782917718,-11.076201963422688,-2.076092408000662,0.5353915980569347,0.5996385898237669
144.665797,75,42.219258,75.0,79.18345303371571,21.94523483042574,23.848000221055585,-5.662743923664093,-25.279939287900927,-8.057284143331659,-13.546161566710378,-2.764762608069967,0.37624748803490143,0.5643712320523522
125.309894,64,42.33482,64.0,72.06957584413541,20.08632013929241,21.73414230409165,-4.7587344932556155,-22.605344092845918,-8.099586095346915,-14.696280596559266,-2.420199365603017,0.4970992718905126,0.6362870680198561
141.445092,65,42.451116,65.0,83.79014273360002,20.58142992020723,22.320689883902723,-4.687049736976625,-20.60961836576462,-10.021092041855873,-12.410999201644994,-2.518410886769875,0.5191271281274854,0.674865266565731
111.081911,50,42.541124,50.0,73.45799608987751,14.489004343645565,16.22476882203323,-3.7494540870189685,-17.27288869023323,-11.377870297891851,-9.046720168359661,-1.642925225674612,0.6966509494223831,0.6966509494223831
182.636404,81,42.89233,81.0,111.24669948464322,28.848602813184115,28.649390739320015,-6.068191647529601,-26.866977441310876,-14.893788530446063,-15.767226299849293,-3.5121053953796038,0.6210235381475266,1.0060581317989932
115.75862,52,42.98535,52.0,71.2434555804195,16.742815778738372,17.145847606689568,-3.738805792331695,-17.603769993782038,-7.534768071585068,-10.856179975952424,-1.6399750799661361,0.5930144524100615,0.6167350305064639
118.191133,60,43.087975,60.0,75.30845711985464,18.26005885568003,19.452087597781745,-4.7318966853618605,-21.289542317390442,-9.475817014060926,-16.960851460650296,-2.3713631090837994,0.5486336820912884,0.658360418509546
126.50627,63,43.196725,63.0,70.5974410314204,19.28700916814163,21.256934188164315,-4.551885931491852,-20.236708015203472,-8.948384993753677,-11.663663347359632,-2.2344725695878798,0.5000812192704416,0.6301023362807564
136.252412,63,43.309167,63.0,80.36219538040463,20.121328123946196,20.695368111343583,-4.191635023355484,-20.137054705619818,-8.37826168778275,-13.273139074822593,-1.946389623556026,0.5834683871710827,0.7351701678355642
145.559682,80,43.451937,80.0,80.11451718663872,27.493444345833215,26.169028916881107,-6.256036224365235,-27.92993937730789,-9.422980254786545,-21.717928496328202,-2.8904236823959892,0.4148929372976225,0.6638286996761961
143.742113,65,43.566215,65.0,86.23152549772527,20.796227708050704,21.900015769208,-4.550318722724915,-22.2817939221859,-10.675185379329285,-10.346583847289184,-2.3317737354203185,0.40646241383153986,0.5284011379810019
98.925819,50,43.654774,50.0,62.053894704014816,14.0360029106322,15.928976649236986,-3.6647616696357725,-16.051716899871828,-7.850110353925091,-13.686872008099204,-1.8395940130158486,0.5845452455300681,0.5845452455300681
121.89363,61,43.763306,61.0,74.34573151720598,20.977877775428652,19.876992185088884,-4.930540454387664,-21.721066260337825,-9.046712282990185,-16.098447265938248,-2.5102055711806583,0.46744117115567657,0.5702782288099254
101.297335,54,43.860348,54.0,56.28715004158231,16.849595654686237,16.39255242842896,-4.301763439178468,-19.69770777225494,-4.796372628189558,-11.328295012424787,-2.1078246071198103,0.4993852825459186,0.5393361051495921
148.848954,68,44.099985,68.0,93.55159015209917,21.695055523859825,23.328093557631526,-4.925739500522612,-23.374558252096175,-11.53658262384156,-15.364157672278736,-2.524747530052803,0.5597485456069612,0.7612580220254673
117.258451,57,44.200945,57.0,68.94622943753332,18.934209827999474,18.592989105170297,-4.433474192619325,-19.50764621496202,-8.785079843483935,-11.210775420892949,-2.2780015596912215,0.49325290034265806,0.5623083063906302
106.163736,49,44.285636,49.0,60.406508110629545,15.788660300315724,14.694746275942428,-3.497826836109161,-15.718195807933805,-5.99079774628373,-6.7062532698729385,-1.81310484270586,0.5894538267398625,0.5776647502050652
121.869318,57,44.3864,57.0,77.14203419672975,15.571844101125368,17.505420551804328,-4.031665765047074,-18.0016869187355,-10.945210492845792,-10.450097268958446,-1.9213206863270123,0.6289360950130394,0.716987148314865
106.533975,49,44.474061,49.0,67.24296525172136,15.652374696580534,15.47484268573268,-3.489115641117096,-15.523141980171207,-9.978625082529495,-10.126957286545526,-1.7183678145235761,0.5893519781764912,0.5775649386129613
147.388447,70,44.600001,70.0,88.46418382926299,22.6388658656344,23.14350717492189,-4.742385883331298,-22.4299615740776,-11.081407742860742,-16.03414157807198,-2.570212864433816,0.5213500504406803,0.7298900706169524
113.302539,51,44.691477,51.0,75.54878305264094,16.35343088635736,16.13985934847036,-3.8777255153656003,-17.410489523410796,-11.331068616130406,-11.380329985106643,-1.739920152138427,0.6785003155928927,0.6920703219047506
122.051615,61,44.801412,61.0,70.03790134517308,20.410249795352417,19.783850024825334,-4.556336748600006,-21.83662194013596,-9.14274216937634,-11.184213061806517,-2.460472382408896,0.5201315787095862,0.6345605260256951
141.172673,69,44.924483,69.0,75.38059661897793,23.159910997351275,23.38722441940778,-5.098952870368959,-22.89285838603972,-7.664277778974193,-11.274661262855746,-2.824308311243143,0.2975979446826756,0.41068516366209235
104.37893,52,45.021471,52.0,63.55223788567816,16.116981191386245,15.300154652650722,-3.9963226556777953,-18.349592518806453,-6.8534123401959715,-11.896195660604457,-1.494920941731083,0.522961878388124,0.543880353523649
103.032204,54,45.12197,54.0,58.78179673745306,16.65914643302033,17.118047373471864,-4.232156714200973,-18.70456775426864,-6.703444700959814,-11.901895585616145,-1.9847221780255513,0.5457969742506757,0.5894607321907298
118.421168,64,45.243428,64.0,59.14684801118812,21.244722347818676,21.737162778578323,-4.434276757240296,-20.249241352081302,-4.467674004734054,-16.295314526551717,-2.2610583327233993,0.45810235983380637,0.5863710205872722
27.272909,70,45.367854,70.0,-27.25376957804414,20.58417807263141,22.82100189188824,-5.477484148740769,-23.97157555818558,-4.665233415828844,-21.77586859974761,-2.988339877144922,-0.23040805229258715,-0.32257127320962203
120.23002,57,45.471197,57.0,76.42361642654748,15.494781296373915,18.836974595158072,-4.263219044208526,-19.91132135391235,-9.060380167296408,-12.392947884078335,-1.8974834042115873,0.5627686308926744,0.6415562392176488
114.296636,52,45.568964,52.0,72.69396191938966,17.25652299638426,16.8136515146168,-3.9855884194374083,-17.11881034970283,-9.470755829398048,-11.978430143762985,-1.9139159945872963,0.609584193762506,0.6339675615130063
111.664892,49,45.659905,49.0,72.42543984248,15.282203597644683,16.03641966622418,-3.4797788023948666,-15.291991662979129,-10.245652939297898,-10.346197892324648,-1.7155495137806034,0.6464902995292395,0.6335604935386547
117.749999,56,45.768948,56.0,76.85507599128849,18.253051553878834,17.964943697883278,-4.188559651374815,-19.952389168739323,-11.457729381655842,-13.540321052814786,-2.1840726107916177,0.6145228558156128,0.6882655985134865
116.053242,56,45.874803,56.0,68.82856207610507,18.603343983242056,18.146401244605322,-4.3056728601455685,-19.46047852039337,-9.521112662711992,-9.788611439535371,-2.449189782901142,0.5423199419537506,0.6073983349882006
109.715815,50,46.08129,50.0,65.83989013287399,15.936952110371248,16.767929465048212,-3.788401579856872,-16.579556035995484,-7.7380809101700025,-8.89994134800224,-1.8229769595695715,0.5697614912340538,0.5697614912340538
125.54559,82,46.226731,82.0,37.81089856794744,26.085097270448088,28.473753570508517,-6.144683904647829,-29.058852291107183,-1.3868919396715487,-9.145106815928271,-3.0886240893632606,-0.052055213015671446,-0.08537054934570118
150.421083,75,46.367482,75.0,85.71990776858736,25.446264845205157,25.373305581074902,-5.7499327659606925,-26.253111386299135,-8.87080965739922,-17.234310068619425,-3.0102311219283635,0.40658081530422124,0.6098712229563319
142.534424,64,46.487199,64.0,87.13233894054528,21.448130869421266,20.564166869036725,-4.523422853946687,-20.375129169225694,-11.641139879605042,-11.939161499931258,-2.131359152934443,0.6040133773872656,0.7731371230556999
113.984145,56,46.587412,56.0,62.45365184510391,18.175907720031958,18.596002715501943,-3.8666663527488714,-17.518648183345793,-7.564265094474926,-10.37437750630572,-1.9174602100225888,0.5182477955126877,0.5804375309742104
109.964446,58,46.691724,58.0,53.51042476200095,17.986650921410035,18.074198164476353,-4.166087579727175,-18.061773121356964,-5.52559909539068,-8.171881547413115,-1.6814860833110412,0.29995412400046545,0.3479467838405399
133.530191,57,46.794342,57.0,82.4234500556465,18.501801123270614,18.464588348962042,-4.07368996500969,-18.56200720071793,-10.107880902643984,-8.236695595038864,-1.87937529045426,0.626245134030154,0.7139194527943756
114.315156,55,46.89214,55.0,67.81551557745871,16.962147730128986,17.606809052488344,-3.9863032269477845,-18.617854285240174,-8.808999062258254,-9.4566858831702,-2.199473737818283,0.5768747076636509,0.634562178430016
107.714207,50,46.980625,50.0,67.71337282790144,16.80439361026666,15.876704266541177,-3.533846802711488,-16.185561805963516,-8.312339662834777,-12.755713940827913,-1.8928013321981727,0.5477286158685546,0.5477286158685546
99.709491,53,47.076007,53.0,57.49903626564509,15.211447275691668,16.91378305736229,-3.7402321982383717,-16.56067378520966,-4.8928964685684475,-15.581629090604611,-2.139344177189089,0.6639704154235587,0.7038086403489723
135.477404,63,47.189131,63.0,82.59304034568892,21.250660497426345,20.595284603101206,-4.692460060119629,-22.576482355594624,-9.397304862345408,-12.991386710463537,-2.303946968639591,0.5479246614343692,0.6903850734073053
113.248283,52,47.280715,52.0,72.09326194485321,17.531193039319724,17.249426461776817,-4.006804518699646,-17.59014450311661,-9.79970680835558,-12.110887865642317,-2.118054881037695,0.5710992923150807,0.5939432640076839
102.356977,51,47.374398,51.0,66.82053703728529,16.88133564993714,16.10825743229003,-3.7569447159767155,-16.96037734746933,-9.13908954025334,-16.85935413789612,-1.7373875465459547,0.5651810931310056,0.5764847149936257
148.871675,70,47.505208,70.0,88.40797130987194,23.724887469274723,24.23188008592771,-5.227202389240264,-25.16678451895715,-10.75467858898727,-13.705914022446446,-2.63848437304583,0.5244493091377502,0.7342290327928505
45.070394,62,47.621011,62.0,-5.251815753707049,17.987555750422253,20.634598925355732,-4.5628255009651175,-19.759443330764768,-2.643510208053939,-20.667071077041758,-2.6670949250374267,-0.09197714070878707,-0.11405165447889597
116.982643,55,47.720934,55.0,73.84807722018616,16.424802590636194,17.832680917418667,-4.049155774116516,-17.472439289093018,-9.949241888378582,-12.724757849727974,-1.927322908635868,0.5631636403422324,0.6194800043764557
111.908142,54,47.820714,54.0,63.24116278521895,17.566403918092146,18.351867229980687,-4.001541893482207,-18.147159200906763,-7.387503153160301,-9.72776353339185,-1.9873240941106192,0.4735519660473655,0.5114361233311547
119.952308,61,47.933685,61.0,66.83270514604187,20.68080756285197,20.103214546224528,-4.454569401741028,-19.99976708292961,-7.563138097946354,-14.244758684710066,-2.4021857919361618,0.4627553783845226,0.5645615616291175
106.701656,49,48.139866,49.0,60.81746573712942,16.334074453918838,15.927783137908799,-3.5647654581069945,-16.393664979934695,-6.210116333100256,-7.660555817606018,-1.5485651614507863,0.5426417353386245,0.531788900631852
124.468585,60,48.24934,60.0,71.01170808629128,18.558041693990827,18.92964589185282,-4.467761924266814,-19.884381002187737,-6.267162607069659,-11.00426507257289,-2.407240009243144,0.5432439476753839,0.6518927372104606
153.307181,70,48.378516,70.0,93.96649291179138,24.146112015399396,23.23024484915687,-4.923152658939363,-23.662959325313565,-11.880205126022503,-15.1138241353743,-2.455527563425486,0.44982690341601544,0.6297576647824217
168.480698,76,48.522867,76.0,105.07385245792426,24.753189182612562,25.973510145141557,-5.40727294921875,-24.27364998459815,-14.602511111991339,-16.109396619569754,-2.9270228017026128,0.6102923377712121,0.9276443534122423
154.387661,70,48.6551,70.0,89.58698428169838,24.45600583634517,23.413669515687427,-5.11288237452507,-23.69297293424606,-8.33537487439783,-13.56460720621886,-2.363161246143796,0.5609664708108372,0.7853530591351721
112.35607,51,48.751599,51.0,69.48714699682448,17.633137597074473,15.491982701733894,-3.9253367686271674,-17.831802499294277,-6.986366038681998,-10.663831521077825,-1.8488606035129693,0.5996228198624687,0.611615276259718
163.995957,81,48.89957,81.0,90.89362498775574,28.384558002230214,28.191450748839348,-5.908185641765594,-27.08741126060486,-9.427335568589427,-19.32011347636117,-2.730631129054993,0.4574510603312704,0.7410707177366581
133.492247,63,49.014257,63.0,77.4922079281201,21.4240745415491,21.094344942547117,-4.386813266277314,-20.025607407093048,-9.306492424583713,-13.174047904614609,-2.6254196011841433,0.5307011105153404,0.668683399249329
118.399852,59,49.119692,59.0,67.53871682667241,18.1141119578087,18.42332549022357,-4.315892045497893,-22.12694369554519,-8.589922241171719,-7.684063072652786,-1.959480757763354,0.47648793481573354,0.5622557630825655
142.366626,68,49.244988,68.0,82.39492049399529,22.052096762266498,23.796086878050087,-5.06139402627945,-22.646580398082733,-10.705694970228059,-12.939054820202736,-2.523753615908883,0.47823618394938594,0.6504012101711649
133.261579,63,49.357996,63.0,74.63265314610868,20.999838462580847,20.57021746335202,-4.623528842926027,-20.403879451751713,-8.16090049633284,-10.280035519039044,-2.4727860976028233,0.5042770895962231,0.6353891328912411
161.477047,94,49.529438,94.0,59.903545914737165,32.39912312090731,31.84262665741577,-6.918447442054745,-31.461215209960944,-2.952841937531837,-12.234728398632939,-3.1010160807986478,0.4175540444490656,0.7850016035642433
143.897798,67,49.654011,67.0,82.96859433245449,22.574832856018883,21.933634386698635,-4.865404241085051,-22.005861848592755,-9.474401387293135,-11.676692159108311,-2.5569035290255004,0.4797223780928623,0.6428279866444355
128.5496,58,49.764527,58.0,77.9921682298515,20.390655559175787,18.74268755622515,-4.468454451560972,-20.327741146087643,-10.08341579579486,-9.664189973130137,-2.0321102752675624,0.5873120303728309,0.6812819552324838
112.182577,53,49.861303,53.0,70.4567749159787,16.085820175721018,17.059467844215614,-3.827570986747742,-17.58682914972305,-9.31043824409092,-11.656437521629996,-2.0382098747750796,0.58722339812314,0.6224568020105283
112.40054,53,50.08238,53.0,70.12050189784493,16.565944699913842,16.483366293180776,-4.06486400604248,-19.422661745548243,-8.792630110671812,-9.672640643855138,-1.816476639669897,0.4483972130565039,0.47530104583989413
137.818919,73,50.215575,73.0,64.17736351072976,23.290266512479157,22.920131312052046,-5.1707366251945475,-25.1840839266777,-3.8264423022966567,-9.04762419158059,-2.339955339867411,0.5887957933609266,0.8596418583069528
138.383031,62,50.328125,62.0,81.80866228185111,21.647767940385908,19.590476357673438,-4.43023541688919,-19.332172906398768,-8.531274787424936,-12.042128958244533,-2.328063425853725,0.5759716832507091,0.7142048872308793
136.670334,63,50.443537,63.0,81.48741747208538,22.643757824277223,19.716888330708876,-4.504246504306794,-21.12240233421326,-11.078210385070571,-11.124952797402424,-2.3479176472380057,0.590734206517042,0.7443251002114729
122.712775,61,50.553864,61.0,66.93528505386688,19.444627608706654,20.30754401723724,-4.181613767147064,-18.938075923919676,-7.091720817441287,-12.207389969334917,-2.5558808935465245,0.4662144541162632,0.5687816340218411
153.080651,79,50.702774,79.0,83.02413106162592,25.81138361034595,26.86662510425243,-6.130419583320618,-27.691074407100675,-8.895164522314921,-15.733619969897282,-3.1712104683710685,0.527881164028678,0.8340522391653112
129.713253,62,50.869369,62.0,76.03326740393787,19.210776525854435,20.834100261414537,-4.386677691936493,-20.273316669464105,-7.915324830474848,-13.72274491075574,-2.0668274808287026,0.5128425575183153,0.635924771322711
125.248399,60,50.990151,60.0,73.28827277933169,18.20136394144612,19.53201272627782,-4.179099202156066,-19.939087074995044,-8.293798933564979,-11.117714700660857,-2.2435510275221873,0.4786503457219188,0.5743804148663025
119.119347,58,51.098471,58.0,70.95294428896801,19.342855504091855,19.210516250922215,-4.193561246395111,-19.6147154211998,-9.063832691513646,-13.157107179807587,-2.3577530002003666,0.5374877797441493,0.6234858245032131
143.283107,69,51.22622,69.0,87.89718362790357,23.148512541757302,22.883895787209962,-5.249301583766936,-23.677316892147058,-10.162083472038303,-18.0619849076736,-2.495797920653382,0.5149388481102649,0.7106156103921656
149.55202,75,51.362297,75.0,82.98534627685241,24.376325951263087,24.483922665441597,-5.496984994411469,-24.996592700481415,-8.193567270579129,-16.11312751834854,-2.4933025573290335,0.4164947857384103,0.6247421786076155
158.551914,69,51.490303,69.0,92.59843460799938,23.93172979227886,24.340547386747993,-4.895253431797029,-20.75946017503738,-11.201604945967187,-11.713169781051374,-2.7493098970288634,0.5913671705382141,0.8160866953427355
179.964827,88,51.655095,88.0,94.49329771544228,28.433521418825862,29.180544180867834,-6.486771965026856,-30.432469362020505,-8.972279552345196,-11.341181523982081,-2.909834203769941,0.3948037082753543,0.6948545265646237
127.252788,56,51.755014,56.0,77.90504095863784,18.291077951234392,18.586969185759582,-4.149943459033967,-19.02151129245758,-10.277091340693403,-8.498422526432654,-1.5833318670111851,0.5948671877784203,0.6662512503118307
120.095316,55,51.866497,55.0,74.67660411316385,17.809729941022294,17.062722774717045,-4.1023548269271854,-18.26796184778213,-10.47039007805274,-9.618536049554478,-1.994498236915399,0.5869553913226857,0.6456509304549544
123.784052,61,51.984463,61.0,71.61815613406256,21.23937416435526,20.17847551973777,-4.197447021007538,-20.107405519485475,-8.753590205823565,-15.226249318882134,-1.9672621702918707,0.4322750130963712,0.5273755159775728
129.929465,69,52.249211,69.0,58.36881341134738,23.59726492690111,23.10298154700807,-5.459703574180604,-24.918451523780814,-4.370770608805447,-7.178410672479493,-2.2122589808520083,0.45886772870236364,0.6332374656092619
163.34709,72,52.385635,72.0,99.4676097949477,23.640082366783066,24.46711817283299,-5.3325697994232195,-22.616013741493223,-13.029593890832746,-12.661766723961312,-2.587775945190927,0.6047112459486421,0.8707841941660447
141.029568,73,52.527782,73.0,70.32262337997486,21.84111071340425,25.807949127705673,-5.5589294564723986,-24.942637765407557,-6.540068279341326,-10.407630629933326,-2.4928490274765176,0.49217015978304585,0.7185684332832469
144.861122,66,52.657142,66.0,81.78980634889103,22.557453271548738,21.781420698718268,-4.6577584624290465,-21.34829870462418,-7.1025514699912575,-11.702055343942396,-2.4568940575984346,0.5058339963235262,0.6677008751470546
129.076685,57,52.764443,57.0,80.64839725188655,19.066931592526828,18.05339922038584,-4.0633036899566655,-17.598590129613875,-10.82737240722276,-11.059946251636692,-2.1428303180077526,0.6255731789306843,0.7131534239809801
167.643444,75,52.903625,75.0,95.3825725971472,27.416874384371553,25.251642932117065,-5.289282488822938,-23.792030221223836,-11.15833054488879,-12.391086154640139,-2.7769162587098224,0.5569934739353137,0.8354902109029706
101.089301,53,53.000045,53.0,56.27035427079278,15.781509774458117,16.79646771827952,-4.045026674270631,-18.144151115417483,-5.924759832229576,-10.631151678188994,-2.013941439359141,0.5043783670262083,0.5346410690477809
173.719997,79,53.15603,79.0,99.40955752746581,25.82010566902866,26.94673305026802,-5.585563130378725,-24.68070143461227,-12.129538282870188,-12.122866637216262,-2.93773026001437,0.5141991929634214,0.8124347248822059
119.057567,54,53.263155,54.0,79.60726331836737,19.930779978157716,16.807215027832985,-3.9774850153923027,-17.38614977598191,-10.262273234337682,-17.787532869238373,-1.874250849890347,0.628505448566638,0.6787858844519691
157.991104,77,53.433023,77.0,91.47202206359854,23.97741009555567,26.487464236409924,-5.615273911952974,-24.474058461189276,-10.220549816006931,-18.107542279411938,-2.528368392502543,0.5188668796567697,0.7990549946714254
130.821854,64,53.603117,64.0,75.72449415184843,20.913477906910458,21.374175268913746,-4.802945559024808,-21.35426413416862,-9.566898203730217,-12.810227861575713,-2.655957584644278,0.5694627299324032,0.7289122943134762
127.862341,69,53.926547,69.0,61.328137072555926,22.77985323424277,22.568503425561218,-5.04785211086273,-23.143126559257514,-5.589285535971733,-11.70306346076809,-2.3308252976419284,0.4804850350541489,0.6630693483747255
124.107459,64,54.190833,64.0,57.51856667001152,20.90991476646818,21.64935690216846,-4.806882700920108,-20.651114618778227,-3.605118954703186,-8.694120957131005,-2.213142099435876,0.478316304616385,0.6122448699089729
125.267282,62,54.438461,62.0,71.2484907017318,21.684603377212404,20.2736144547529,-4.192450828552246,-20.96386995315552,-7.744617056694334,-14.995351521428232,-2.043137488209491,0.4857701739944983,0.6023550157531778
150.948418,69,54.714059,69.0,90.5381398218857,23.50736491789798,22.924151342035135,-5.101417698860169,-21.84727189540863,-11.369584359327703,-14.112970313026546,-2.5899941037434133,0.5459681513809699,0.7534360489057386
140.843571,70,55.135494,70.0,73.08832786365073,23.48508779357506,23.461078218046506,-5.2300576806068415,-24.26199824810028,-9.40476814392296,-8.139393143824575,-2.1547055458477398,0.4284520382700159,0.5998328535780223
178.294736,80,55.293513,80.0,102.65231884136497,27.343626232033053,26.855710068895405,-5.85251279592514,-25.180289244651796,-12.394945271958955,-12.414751645750794,-2.7144196855932012,0.5168903009640525,0.8270244815424841
120.722552,57,55.401479,57.0,74.12035500166402,17.218231091726814,19.004896353769023,-4.18819495677948,-18.654599225521086,-10.213098253028946,-11.558925430868515,-2.0061126009478776,0.597900226365631,0.6816062580568194
135.296842,63,55.523192,63.0,80.05757768469117,22.796569938951702,20.0664932859563,-4.664297969341279,-21.76259443759918,-10.24650034535009,-11.743566900663248,-2.206839056178921,0.5634445547167639,0.7099401389431225
133.745862,60,55.637528,60.0,76.48281819397039,20.681480484478815,19.732503806230724,-4.214334886074067,-18.317507308721545,-9.383839386411488,-9.260670913645686,-1.974587732456247,0.5576951710708473,0.6692342052850168
151.443972,73,55.778835,73.0,85.13420614945908,26.082525231694177,23.56215725660445,-5.327274453639986,-22.030344682931897,-11.295117281900895,-15.041099515916853,-2.6410810377217007,0.5050954156555342,0.7374393068570798
123.709144,58,55.887794,58.0,73.3320445526309,19.270629701754775,19.61685160271261,-4.385201249122621,-19.175236773490916,-9.672255265788776,-11.098540069072868,-2.1791482091888823,0.5210091432293007,0.6043706061459888
117.701095,56,55.999372,56.0,67.70229074932752,18.150355760426244,18.112525662719875,-4.100387270450591,-18.55815141201019,-8.10177053632652,-9.589428818581531,-1.9143389441255276,0.5236858368887447,0.5865281373153941
130.202186,66,56.127076,66.0,73.58536664120066,20.58603885217835,21.679889953724665,-4.621008558273315,-20.169956684112552,-9.3458273924853,-14.951434973910738,-2.5608821527603447,0.4610234203508525,0.6085509148631253
134.208321,65,56.25081,65.0,81.47027923444669,20.7487212100629,20.58232015881572,-4.825766150951386,-22.774469864368445,-10.284494745182442,-13.556531950137456,-2.151737381254341,0.574492124639265,0.7468397620310445
143.053245,63,56.36826,63.0,84.57536906154667,22.418548244769593,19.90273856786516,-4.66266026735306,-21.068362474441525,-10.448838086773051,-8.720969482456777,-1.9425806783816826,0.5716434040035452,0.7202706890444669
123.588768,60,56.478045,60.0,67.72793042580581,19.528628635731607,19.413315734200488,-4.424941818714143,-19.725782382488255,-8.76671122550112,-8.209157420232678,-1.9545140628238933,0.5373326783404698,0.6447992140085638
141.429065,64,56.596973,64.0,86.43008233344301,21.10837194999975,20.739876779605186,-4.841458053588868,-20.43581065535546,-10.335981107112033,-12.370284588045417,-2.865731310282644,0.5721805984366846,0.7323911659989563
158.896498,78,56.741398,78.0,86.04670776362873,26.947613646615437,26.394613560764988,-5.8232676839828486,-26.837074196338644,-9.325052365061698,-13.618594755068242,-2.8884480153139807,0.4879485119134494,0.761199678584981
150.500946,68,56.863216,68.0,88.74364647599387,24.060962818431307,22.757840571274528,-4.953060216903686,-22.76325109004974,-10.763571875530472,-12.085712244754694,-2.4959079854645423,0.5303114468488185,0.7212235677143931
136.924988,62,56.972129,62.0,85.40768865239923,21.985652014123865,19.80707203930255,-4.765179107189178,-20.278945302963255,-11.26364787422591,-13.697761065920496,-2.2698914707312725,0.6054481977471529,0.7507557652064696
123.234058,54,57.18016,54.0,80.91130505850617,17.799632469270836,17.478503232873162,-4.0590603017807,-16.00045480132103,-12.113460832947245,-12.565737511336437,-2.2166688142777033,0.6886128799666352,0.743701910363966
114.877933,57,57.279306,57.0,62.521946984183955,18.774002988257177,19.237809643035373,-3.7027769660949694,-17.041778242588045,-7.486117256201497,-12.250906550443672,-2.174247918277096,0.4304328772497152,0.49069348006467534
131.134528,69,57.406476,69.0,65.37223752627537,22.354385717951512,22.125875924135624,-4.870083677768708,-22.87622686624527,-7.17631373834798,-10.213544459573297,-2.581802658271622,0.44667143117824926,0.6164065750259841
150.535504,75,57.54184,75.0,74.20153918789387,25.813564843071457,25.303233525929755,-5.124497148990631,-23.175193095207213,-5.8817791230829055,-12.919990782115836,-2.6813735145058204,0.4579517228581569,0.6869275842872353
164.86978,81,57.685058,81.0,86.47976800885239,28.97482067288908,28.462449751731288,-5.861799190044402,-26.665219867229474,-9.982948964605255,-14.546734031837474,-2.990556334633171,0.4375021770564774,0.7087535268314935
122.47519,58,57.788425,58.0,63.94604544128403,18.30665302974944,18.70961816688088,-3.947114460468293,-16.75749188065529,-5.269654981186387,-8.541018012495018,-1.9718477063318702,0.5829187944128976,0.6761858015189612
163.52972,72,57.916178,72.0,92.80555110277538,25.42217070141119,23.392841713212103,-5.174169592857363,-21.801376557350157,-9.186056246752125,-11.359145829474194,-2.570094944499488,0.5478973420518413,0.7889721725546514
141.858808,66,58.036969,66.0,76.34456862175242,23.18711045883284,21.196528119338385,-4.864461243152617,-21.27587538957595,-8.362887824546794,-7.9261615148634155,-2.440013276972454,0.18122738240358977,0.2392201447727385
138.292144,66,58.151832,66.0,78.02789822024525,22.221892075456676,22.31984429464056,-4.974319341182709,-23.208379161357886,-10.736969762010352,-8.942401125582508,-2.4154208772685513,0.5168248879591307,0.6822088521060525
139.661137,65,58.267467,65.0,85.91242510991347,21.162627968428993,22.275780099385724,-4.717715694904327,-22.098245656490327,-12.125270643524964,-13.55098703874887,-2.197477585888825,0.605546261273092,0.7872101396550195
122.669217,62,58.381146,62.0,67.85647171280573,20.20792936321427,20.20152521361519,-4.567412710189818,-20.553521239757536,-7.294431350113187,-12.811754540197057,-2.3695891023287405,0.5145303876443761,0.6380176806790263
120.618633,55,58.482229,55.0,74.18132939170998,17.269386296947353,18.20135881219298,-3.944893276691436,-18.01606851816177,-10.329792608317222,-9.832419037996864,-1.9102683803325986,0.571739187234019,0.6289131059574209
145.041292,63,58.602842,63.0,91.04815686587258,21.744412836233604,20.571456004134813,-4.591768727302551,-21.732540726661682,-12.96172993776837,-10.007349449336212,-2.0293451564469107,0.5907331808824787,0.7443238079119232
124.579736,58,58.70838,58.0,75.0117122281382,21.06909150979557,19.034066135931184,-3.7535378980636587,-18.03214874267578,-8.664738982357433,-16.113350300302656,-1.9713579056004218,0.5081789135855559,0.5894875397592448
183.412331,89,58.875611,89.0,105.10458734419355,31.373265238935574,29.91018925234938,-6.592036261558534,-29.385532033443457,-14.408204458546194,-18.24537008684147,-3.344568317262028,0.5207727058968163,0.9269754164963331
145.727375,68,59.120357,68.0,81.78209426022545,22.475427830911364,22.65414848987222,-4.95658720254898,-20.62402378320694,-9.216213041770366,-11.588833516757417,-2.7986382325772645,0.4602459975520232,0.6259345566707516
126.634022,55,59.224243,55.0,76.11419660297052,18.54341047479516,18.325743512354116,-3.956271731853485,-17.282670283317564,-9.70809283268968,-8.455305119405168,-1.9469882431974606,0.566529447134365,0.6231823918478016
241.658713,115,59.435591,115.0,126.79358796510806,41.60396545190148,40.115833117732166,-8.381255655288694,-38.02531945705416,-13.038149635180652,-18.241047634304355,-4.168901158683613,0.44052670600383026,1.0132114238088097
132.484584,62,59.547734,62.0,73.38396173858251,20.477214358249185,20.522515277417693,-4.526430783271792,-19.733006060123436,-9.103065224354397,-8.347552235461375,-2.1890526339464076,0.4621918375166853,0.5731178785206897
181.613222,83,59.697355,83.0,104.34398907023925,28.6218163981458,28.60270756397312,-6.033684449195863,-25.56433217525482,-12.757466557701916,-15.390027514609642,-3.209780436196863,0.5681317138164543,0.9430986449353143
160.018421,73,59.836164,73.0,91.40793194109663,25.279420043520552,25.61800307724122,-5.2406608605384815,-23.259923827648166,-12.097002586272882,-11.962879925337475,-2.7264670295974387,0.5357910623043787,0.7822549509643929
141.616599,61,59.947085,61.0,87.96554174920388,20.832497298501387,20.197589478117898,-4.227405977249147,-18.918095803260794,-11.587394761630112,-11.563552864351319,-2.082579722561959,0.5350794854530156,0.6527969722526791
130.726932,65,60.062575,65.0,75.21698181587807,21.29878409559135,21.8603227406793,-4.903193635940551,-22.412576931715012,-9.113981754205465,-13.481936918604813,-2.737467517711197,0.5181921768086992,0.6736498298513091
157.655958,69,60.187771,69.0,96.75595792816608,21.72164324034578,23.41867825198264,-4.802542486190797,-22.352658593654635,-11.916874634438374,-11.475849089024672,-2.6923965009795863,0.5773929150512586,0.7968022227707369
140.588741,64,60.302588,64.0,84.07937157595634,23.23594470417835,20.989739001072284,-4.931653957366945,-23.158686506748204,-9.172132922040102,-12.262311407183013,-2.191529890911315,0.553903258397701,0.7089961707490573
148.992076,67,60.430506,67.0,88.85168221533522,23.357194480660734,22.161530031576916,-5.147429902553561,-24.64128127098083,-10.828990979349927,-9.267757975488307,-2.4928706594157597,0.574183443966463,0.7694058149150605
111.98796,54,60.531454,54.0,59.69912032291611,18.112416164514677,17.483592751326047,-3.8785912942886354,-17.441432839632036,-7.385399130565721,-6.4112217565622815,-2.1905244097912853,0.4837551622598288,0.5224555752406151
113.14471,48,60.623336,48.0,68.04577242123926,16.69646353054918,16.19834918060102,-3.4522098052501673,-15.946992135047914,-8.407447984687659,-6.334852253112045,-1.6543731479619699,0.5759116289574999,0.5528751637991999
143.732917,59,60.734543,59.0,90.6057061615927,19.37021624741533,20.0800577949533,-4.202082710266114,-18.485119330883016,-11.115590634719501,-9.582739970512637,-1.9375303422218577,0.6741728949483616,0.7955240160390666
180.649481,80,60.884231,80.0,102.11081567114954,27.553599816536227,27.684259154567776,-5.876476488113405,-26.86959953308105,-9.044073249082299,-12.211613198362276,-2.6974307610414523,0.45168745433686974,0.7226999269389917
100.780168,82,61.158272,82.0,15.135937695640353,23.922149109984367,26.891575415327825,-5.959103016853332,-22.12732110619545,-0.9568700499271559,-14.681540707592093,-3.444659012010319,0.07854691969744645,0.12881694830381218
178.673074,78,61.307639,78.0,103.97098509526168,26.911576121870976,25.97656343906084,-5.413043260574343,-23.639640748500824,-13.267095447397148,-10.911408777957037,-2.954862021856531,0.5922694768376068,0.9239403838666667
143.385262,63,61.426811,63.0,83.7681823183758,19.858220904723133,20.583016279368138,-4.699534463882447,-19.356913113594054,-11.437838943132505,-5.662134257670947,-2.6677368972970976,0.5632666228303989,0.7097159447663026
142.019702,66,61.551183,66.0,81.57179449617556,22.591989411037144,21.692553916682787,-4.668195663690566,-21.684024423360828,-10.924463717293687,-10.228830154259985,-2.331121589629883,0.5190539815551651,0.685151255652818
142.210641,65,61.678696,65.0,79.49401057468255,22.94668120485191,22.193739256242292,-4.681800138950346,-20.22159790992737,-9.011176144838963,-10.941370510152206,-2.567845372932619,0.5320801113012623,0.6917041446916411
126.127754,60,61.789306,60.0,74.82384804930243,19.80046648768915,19.405940854716217,-4.6779087519645675,-21.652966845035557,-9.405457135759791,-9.796319963600633,-2.369849136349252,0.5667163207714736,0.6800595849257682
150.296181,72,61.921979,72.0,85.2430346444089,24.555589084066963,23.71958835113822,-5.391758100986479,-24.228837513923636,-9.335141870903112,-13.636792151986176,-2.6295018216014516,0.5384291872183807,0.7753380295944683
168.103671,80,62.067496,80.0,86.83146061351046,28.3003582692204,27.0414339651645,-5.6506645011901835,-24.608037734031676,-9.091073724276729,-12.307331643364401,-2.412474510539,0.461468262587399,0.7383492201398384
143.709001,68,62.192854,68.0,75.56363022582788,22.642733134096755,23.268619894467818,-4.682476925849914,-20.714139473438262,-7.73709967675428,-9.870791281129781,-2.761474819485771,0.47090330998426844,0.6404285015786051
150.511735,70,62.321554,70.0,82.99971096524666,22.179578529599354,23.491445676044723,-4.974852173328401,-22.14544433951378,-8.108388562183764,-10.527216526454131,-2.4030981767464876,0.5412766580781865,0.7577873213094611
148.893772,71,62.451141,71.0,76.76500164972134,23.425384482224928,23.76786033999073,-5.295735642910005,-24.495769029855737,-4.70229770797215,-8.959835374965367,-2.6108367001575847,0.6264414046411305,0.8895467945904053
148.788615,93,62.621313,93.0,52.563209568318356,28.67430395083345,31.81690201454187,-6.9747412228584285,-29.563014864921577,-3.739307768619004,-13.37298995973887,-3.6157463564468375,0.22523668310758208,0.41894023058010266
222.451268,108,62.820891,108.0,113.5160143780021,38.89729317096868,36.618275251316284,-7.96780183792114,-36.12298863530159,-11.568121384494539,-15.310612038499203,-3.610790605817954,0.4377841825324577,0.9456138342701087
142.237021,68,62.944275,68.0,79.20601990788697,22.453171383833634,22.993746470916943,-5.229800336360931,-23.505957067012787,-9.738580671618502,-9.296735057319992,-2.6448435206748675,0.3341604851445022,0.454458259796523
150.20854,66,63.184126,66.0,90.13526836287417,20.888338787720773,20.321059606311138,-4.902840600013732,-20.130185240507124,-9.146212975410164,-10.363854691222684,-2.5930332255971402,0.5412795374018525,0.7144889893704454
177.386356,79,63.331343,79.0,97.696035947851,29.225885570053624,27.23274012915119,-5.541991434097288,-25.87307502031327,-11.46188895849601,-10.366412580263475,-2.5249377731581335,0.5215914944194163,0.8241145611826779
53.867354,67,63.45767,67.0,-5.441074256833417,20.336612750701377,22.264042511472752,-5.178566906452181,-21.128098177909852,-2.5478597439080417,-18.611333959967496,-2.8263678676993087,0.09535512909474134,0.1277758729869534
158.817327,79,63.602895,79.0,79.9583623206886,28.080597482613157,26.592823091567336,-5.877548754215239,-25.70274235606194,-6.601783110516385,-14.320020031323432,-2.3123618777219686,0.44561711443166235,0.7040750408020265
169.844551,78,63.753206,78.0,90.89199928183332,25.584378390913916,26.384647384422426,-5.399980025291443,-23.34036551713944,-11.360750011742178,-7.983450439450996,-2.9319282999395346,0.5149586449575857,0.8033354861338338
148.608817,69,63.882769,69.0,90.87284797269189,22.403897873325704,23.105867295001595,-5.012793822288515,-22.013772654533394,-14.336311701113797,-12.70320017097962,-2.7077180974363593,0.5649912818763508,0.7796879689893642
138.038406,64,64.006533,64.0,84.93555053412871,20.52423111502386,20.63528193181931,-4.683464851379394,-22.051450788974755,-9.457597999886744,-13.367779873088269,-2.4963639021230737,0.6020094798997226,0.770572134271645
155.828904,76,64.150781,76.0,84.56514458813216,25.473703907497743,25.995386540058533,-5.386191647052764,-26.448496568202984,-10.4003281567594,-11.3931609171449,-2.5771533334402843,0.46957167012919804,0.713748938596381
169.520522,74,64.290635,74.0,92.81114284332463,26.288641127529072,25.113596254544397,-4.831518528461454,-19.71928699016571,-10.543630559164095,-11.004261393731145,-2.5941611816164474,0.5350524668377191,0.7918776509198243
175.728812,81,64.440739,81.0,98.51754607769553,29.376824677625844,28.261465349363075,-5.898156824111938,-27.25517717599869,-14.039988266155001,-11.241838238001705,-2.9918638739279526,0.5497142629186973,0.8905371059282896
179.390051,81,64.597336,81.0,104.62091613627757,28.582453036190113,27.786980427249766,-5.891018528938291,-25.913027095794682,-13.433405372073496,-14.118360588459074,-3.2444868447262483,0.45928639455811615,0.7440439591841482
195.681209,94,64.77785,94.0,102.29767332413107,32.2853960723345,32.31955192009393,-6.4958828902244585,-28.923685973882673,-11.996341878504374,-14.421902419424757,-3.383599485730704,0.3792223780388316,0.7129380707130034
135.080445,59,64.891003,59.0,79.69931274213437,20.716399375549376,19.03070020016309,-4.307071938514709,-18.45444542169571,-10.600188550969794,-7.939929779774298,-2.064332028984282,0.5828438240744822,0.687755712407889
117.323794,97,65.069453,97.0,19.286769439040672,30.72242785455774,30.353876431108255,-7.710956676006316,-29.989075934886923,-1.0834878443177982,-17.39729450865278,-3.858464878973791,0.008907600305417521,0.01728074459250999
166.76798,79,65.334298,79.0,90.92825469131643,27.75939566104024,26.159428488129606,-5.859987862110139,-25.472656017541887,-9.180226684656859,-13.757183654993455,-2.8090446361011057,0.4906877969475239,0.7752867191770878
175.33541,80,65.482557,80.0,90.00804241597491,29.519296190912666,26.912988543185907,-5.738618488311768,-23.545034086704263,-7.89786165485651,-10.867076523755092,-3.0563261082652176,0.18935246690346402,0.30296394704554247
136.6618,62,65.597145,62.0,79.13773926156432,20.364781849758256,20.632687220868934,-4.238466926813125,-18.466831839084627,-10.33362512485884,-9.96720842676155,-2.467276059901501,0.5657547717407552,0.7015359169585365
119.278814,56,65.702394,56.0,67.74830094500821,18.48561476164914,18.414232034828146,-4.392296288013458,-16.841652154922485,-7.087796599324554,-10.807864682222949,-2.2397242191831954,0.5656894543978996,0.6335721889256476
160.497825,72,65.838313,72.0,97.95966931757368,25.183018117377046,23.61761705967714,-5.475556550025938,-21.492303633689875,-15.594830291668352,-13.140753591763291,-2.5590358728311107,0.6326568847555184,0.9110259140479465
117.145552,57,65.939523,57.0,62.460578794413216,19.56158468277357,18.624660932135537,-3.899906823635101,-17.47914934158325,-7.730778547000956,-9.444360013702617,-1.947077741180204,0.4380775604429586,0.49940841890497284
156.191975,68,66.06151,68.0,91.6073427741133,22.74630783195592,23.26019496175992,-4.9795757865905745,-22.959861588478088,-11.34873018068904,-7.758423052086097,-2.375279689284989,0.5948569805454947,0.8090054935418729
133.126866,60,66.173669,60.0,77.35418861713241,20.930517634939022,20.025759971236948,-4.551394567489624,-18.59794892072678,-10.48918680366368,-9.240860274643902,-2.3042099020363778,0.5579348500078054,0.6695218200093664
186.225312,75,66.314272,75.0,111.5782848594064,25.87446405784232,25.50420962752443,-5.266898252964018,-21.54092649519443,-12.663917170995147,-9.14450397817562,-3.115401137230998,0.6622461056051802,0.9933691584077702
161.416775,72,66.467579,72.0,87.6749270955998,25.416735741994675,24.2012725316573,-4.897115669250489,-22.322171533107756,-9.144747909035342,-9.018980195517926,-2.493145430828266,0.43699112990791267,0.6292672270673942
211.985808,90,66.633785,90.0,117.6694546635592,32.85595631805866,31.56299647769455,-6.550221114158632,-27.376802021265018,-12.246374736230834,-10.536475756864919,-3.3927261001507425,0.553711953145764,0.9966815156623753
173.053723,91,66.801097,91.0,70.80201319228642,30.267547149338498,32.03089330654457,-6.90335702419281,-28.776087367534636,-2.952541338511624,-8.456314637079377,-3.9584304455776618,0.37947706093028466,0.6906482508931181
239.707247,117,67.008049,117.0,117.34621746800585,43.63362785647711,41.22386725760945,-8.81283249258995,-35.910508280992524,-11.98853869130155,-18.55038830135375,-4.234198061496523,0.3931411925121289,0.9199503904783817
162.186371,73,67.268579,73.0,91.9997370388577,24.059576970015105,24.595391183142077,-5.284237191677093,-22.527812993526464,-10.956190615632316,-9.64469731066807,-3.0553961203452342,0.5885148319783844,0.8592316546884412
174.08077,73,67.400493,73.0,103.75608974797369,25.334796625830883,25.286063873424837,-5.373954260349273,-21.978163051605218,-12.135867599297464,-11.041241836038505,-2.766953844944344,0.6085183771831848,0.8884368306874498
162.306237,71,67.530002,71.0,100.17709007396263,23.284971330040506,24.68294590887505,-5.349202578067781,-23.53673195838928,-12.115278130385018,-13.043575509384386,-2.7939819718854992,0.5742547823587111,0.8154417909493697
181.805683,80,67.677753,80.0,102.60051520875702,28.94372410160921,25.874544796262086,-5.8467424917221065,-25.67060353755951,-9.306667337983567,-11.864927352156151,-2.9241608515973514,0.520760807300248,0.8332172916803968
170.595876,75,67.811406,75.0,91.47400946966374,26.972039940430665,25.116147391701418,-5.358999540805817,-23.751058244705206,-8.461197557465738,-7.479091384806549,-2.915973993401885,0.5197353001676835,0.7796029502515253
185.221654,85,67.965761,85.0,99.29804052427114,30.098654573577264,30.60422476955442,-6.127164478302003,-26.608715707063666,-12.489912884143756,-11.30506289770653,-3.248409599209209,0.49354662010977074,0.8390292541866102
169.619876,72,68.095128,72.0,101.22585788517907,24.728020435949276,24.552477638458424,-5.218783109188081,-23.54103088378906,-12.11472859098996,-9.409846107388883,-2.602091668618831,0.4776507631880085,0.6878170989907322
158.993073,70,68.220785,70.0,93.04947092933517,24.758077230466917,23.497659764931466,-4.89960779428482,-22.02421950101852,-12.534896911343797,-10.5513373159346,-2.302073481770449,0.5873135373929171,0.8222389523500842
126.876799,56,68.32696,56.0,77.42116369149761,18.386454005763543,17.525985838768094,-3.846391475200653,-16.338648366928098,-11.171298723359795,-9.280852288823215,-1.8196134409013265,0.556410112720793,0.6231793262472882
156.285345,74,68.462815,74.0,82.8626175893,24.769071375353395,24.660031392625104,-5.617984523773195,-21.16713427305221,-7.793280170081631,-12.717363489296751,-2.7106127088293657,0.4487549969205307,0.6641573954423855
160.35974,72,68.592091,72.0,92.10193770617244,25.382938723644543,23.367073849878178,-5.511048495769501,-23.19544938206673,-11.811584901412802,-9.325446208340573,-2.6486808179762376,0.4289285465705799,0.617657107061635
178.578275,79,68.734861,79.0,108.39423751205297,27.22022339212177,26.18001590239745,-6.027919166088107,-24.847409248352054,-15.200815174122644,-13.227296362047706,-2.9127615167030965,0.595813615636099,0.9413855127050365
159.410317,65,68.850821,65.0,95.73213638249797,21.093844764825075,22.441932058738974,-4.697631063461304,-19.53796486854553,-10.247001804076245,-7.8931141745936415,-2.481884475833131,0.6593514498896799,0.8571568848565839
151.838937,71,68.981849,71.0,86.59421358011106,25.721655132202994,23.35920235954725,-5.079065361022952,-22.01514310836792,-10.82356209299253,-14.260741822194007,-2.657621267910148,0.49924771894902203,0.7089317609076112
193.958421,88,69.255579,88.0,104.78695456407672,28.9972171401317,29.707652268051966,-6.396052174568176,-26.476953405141828,-11.120050011228747,-10.103083480371584,-3.4372634632304475,0.509489973514049,0.8967023533847263
184.785463,86,69.406327,86.0,93.41503805778902,29.688571097529586,31.00143800307996,-5.765005768537522,-27.204241728782655,-10.727529008881575,-8.770406361301974,-2.8524013244343522,0.25027456405454573,0.4304722501738186
164.716673,79,69.545599,79.0,87.87001498755788,28.159436289835394,25.980659023678992,-5.967792460918429,-25.911037403345098,-9.724688189212786,-11.629749081660776,-3.060170083836177,0.4849642733524808,0.7662435518969197
206.134143,84,69.69422,84.0,125.93043587337763,29.864191038270697,29.10165755996657,-6.3344185757637055,-28.534580695629124,-14.772452296912508,-10.303233030236836,-2.8174566584295295,0.548812447091885,0.9220049111143668
162.82167,75,69.826871,75.0,89.6760094421436,25.993395646855078,25.159444618390747,-5.327533485889433,-23.356885278224933,-10.044990888120374,-11.706570166332757,-2.571200254902465,0.43975921054003936,0.659638815810059
138.481737,61,69.936866,61.0,83.74465447658912,22.159568884878503,20.474846381322717,-4.774637055397035,-20.769684100151068,-11.161878590823601,-10.003240818179627,-2.187892048477844,0.5067376954192768,0.6182199884115177
226.024207,101,70.112535,101.0,124.0742451194886,36.014725586717645,35.362056526509406,-7.348968012332916,-30.98559786081314,-14.84534147157758,-12.869152511310737,-4.377760166735291,0.34885250176216787,0.7046820535595791
151.207255,64,70.224635,64.0,90.0251914282281,20.674862556638463,20.77602477373859,-4.194303464889528,-18.810097599029532,-10.233124677914702,-9.036787932314255,-1.9945102995104318,0.5160480970081799,0.6605415641704703
182.066625,77,70.365899,77.0,112.40737308243271,26.324537721998396,25.875293222535692,-5.6800812172889685,-24.1081287264824,-13.401702328147815,-13.400996897597922,-2.949669778540202,0.6285754266661894,0.9680061570659317
189.753579,82,70.511594,82.0,106.62632905216617,29.815471109854798,27.42155080454169,-5.890171666145323,-24.34103937149047,-12.825631730350294,-10.224401390587554,-2.828527326258,0.5677676102557782,0.9311388808194762
155.625181,66,70.630385,66.0,93.5628077675123,23.350669580762386,22.473060067187376,-5.1265866923332215,-21.047609949111944,-11.23901408108117,-9.63346155411337,-2.7146839976039736,0.57620226769537,0.7605869933578884
224.433421,103,70.814071,103.0,119.8686564479837,36.7752472084385,35.521890983793625,-7.666520636081698,-33.16324534416198,-12.690010938373058,-12.823555517644824,-4.3890410948113505,0.2727778641201186,0.5619224000874443
157.606208,71,70.943528,71.0,91.56522169067375,25.68824302627477,24.475112178060186,-5.321305017471314,-23.570254915952685,-11.829677199691774,-11.991204733435875,-2.409926760960621,0.5366361599520112,0.7620233471318559
200.141875,91,71.230887,91.0,105.94435469508463,32.41303296984274,31.206453725028297,-6.28999744653702,-26.859576702117913,-11.304469647096216,-12.507752247119056,-3.460170339387806,0.3263110985615923,0.593886199382098
196.620126,92,71.400421,92.0,100.36786158333295,30.003370778745204,32.5995886876086,-6.492373571395878,-29.1113698720932,-9.756851613010053,-9.427533766654172,-3.56256585935602,0.4245998586250655,0.7812637398701205
125.76394,71,71.527043,71.0,52.35284685328304,20.485440550676678,24.189429014289068,-5.445840966701507,-21.769027042388913,-2.439855649086235,-9.727003964178584,-2.8820488153283357,0.4951143325328052,0.7030623521965833
158.043724,70,71.654232,70.0,88.80360460701549,24.780996859985112,24.42238862576227,-4.934208850860597,-22.3612726032734,-10.28313514978799,-10.40331060035854,-1.9813391837713425,0.5655576004999181,0.7917806406998854
177.296045,81,71.801751,81.0,95.14672288651471,27.321278987918834,27.47865077208836,-6.115338995456696,-25.923857617378232,-10.010541043896959,-9.002656329350662,-2.5982138079938295,0.5291996008002009,0.8573033532963255
281.03651,132,72.047128,132.0,131.3571963929217,46.88544525459283,46.81272633899793,-9.443868799209598,-38.2784105837345,-8.019494136668618,-14.893143267106906,-5.383940734615949,0.27849023883089147,0.7352142305135535
149.109169,68,72.169802,68.0,81.97928326764557,24.049841616255023,23.158527697827026,-4.676857236623764,-20.673302495479586,-9.34459161207489,-11.053024266517124,-2.330708263695341,0.4996748128390208,0.6795577454610684
163.056027,70,72.295505,70.0,100.09596129635003,24.060901144565364,23.181585032934137,-5.097418398857117,-22.062987399101246,-13.558978746073814,-10.938371015717728,-2.624665295085548,0.6029876002185166,0.8441826403059233
136.292002,57,72.399045,57.0,82.5801053395771,19.17486305075233,17.832205962033484,-3.932767119407654,-15.631637322902682,-9.682299851947265,-8.876057763654535,-2.172409798351021,0.5946092392506462,0.6778545327457368
253.758755,111,72.59109,111.0,137.91318100208218,40.294672879375085,38.98770759755013,-8.063643658161164,-33.36486931443214,-13.902154563180686,-14.62291678590863,-4.483222044681079,0.3408902431416436,0.7567763397744489
153.70267,67,72.709321,67.0,89.27227768628477,24.093403376180675,22.08854436498375,-4.939792060852052,-21.74212116599083,-9.298069081254056,-10.036939179607062,-2.734633456443589,0.4989447747251805,0.6685859981317419
179.741185,81,72.858148,81.0,102.37106970331531,28.990587335427787,28.042697634034653,-6.13337822198868,-25.008796614408503,-12.512823626900731,-14.040803900091216,-2.967367325179718,0.503025582007188,0.8149014428516447
152.522008,68,72.981513,68.0,87.78753848503823,24.034881803890514,22.991831311318617,-5.175070259571075,-22.015056508779526,-10.913660525161015,-9.863877021237847,-2.3245791318958906,0.5520407712718615,0.7507754489297317
186.660777,76,73.233212,76.0,114.65972713785445,27.26226049248506,26.24929526754386,-5.2907725119590765,-22.435648500919342,-15.780616027739967,-11.128402911832817,-2.875066384755817,0.6608901143216553,1.004552973768916
236.432633,104,73.423421,104.0,127.3537835001069,37.77705073465797,36.98444568337334,-7.3027272772788985,-30.42747945189475,-14.680482717422443,-13.183628191075874,-4.088329559510401,0.5193156304425665,1.0801765113205382
219.535084,97,73.599768,97.0,120.39297739356084,33.38843221797612,34.32228150893061,-6.851644688844683,-27.95352228879928,-13.24499199254929,-13.40021351470862,-4.1182344676350455,0.33736852720030297,0.6544949427685878
143.312763,69,73.72548,69.0,75.00627066142248,23.990949887698232,22.97831048248762,-5.509464948177337,-22.043376505374912,-7.975393641311347,-9.008831100958446,-3.1257016203387926,0.43804260786563254,0.6044987988545729
164.600507,73,73.85746,73.0,96.21750098239555,25.671310848478257,24.48922233643312,-5.452576408386229,-25.538087105751032,-12.072969299436341,-8.682385629161635,-3.0315091533870517,0.5664411416018268,0.8270040667386671
190.523342,94,74.025389,94.0,93.77376559747188,33.22313408954811,33.917704009328766,-7.205129299163818,-29.66990882158279,-10.45197113537321,-13.4706906965519,-3.593561485088937,0.3276931336719958,0.6160630913033521
157.396821,98,74.202603,98.0,55.13289498600335,31.15987077904468,32.1798553651513,-7.159571409225463,-32.414971655607225,-3.7380171114018066,-11.915203074421447,-3.8480368644201097,0.15984127708572987,0.31328890308803053
169.562055,80,74.347925,80.0,88.08990376055934,29.04234423253293,26.792120410381344,-5.970372803211209,-25.43914678394796,-10.53666884127884,-9.495680654646646,-2.920444436376032,0.4428563998003669,0.7085702396805871
226.977692,104,74.538922,104.0,121.87954688755342,37.75133344314555,36.90851134556135,-7.548994362354279,-33.51630824804304,-15.358286769469274,-13.320536178742739,-3.8175741147206,0.5402498760485024,1.123719742180885
207.922283,87,74.699796,87.0,125.90719709707999,30.727996178461833,30.53761964932311,-6.400073013305667,-27.27465122938156,-14.892878025797186,-14.393586684458613,-3.289341439623696,0.44142786338657625,0.7680844822926427
153.521466,69,74.822594,69.0,87.06911677880782,23.45122991341643,24.008206991629848,-4.741971899271012,-21.692885351181026,-10.890714694201616,-10.378511262611404,-2.303004532102891,0.5097330336795065,0.703431586477719
128.325419,99,75.121295,99.0,22.293236058992036,31.568227352007494,33.06248397160139,-7.614483292102814,-28.283219784498222,-0.721201164200532,-17.574118031809704,-3.4055058547154764,-0.007553118233273197,-0.014955174101880929
155.837471,68,75.247004,68.0,86.7395911838699,23.38290142984356,23.560832846012236,-4.897212030887603,-21.237290906906125,-10.268733893110026,-7.023380837399531,-2.419236808309919,0.5831108602850346,0.7930307699876471
226.617115,102,75.431108,102.0,115.04214524058659,36.818489570631144,36.164123712205686,-7.08262621998787,-30.388509631156925,-12.752026184255314,-9.685585852875967,-3.4988952929442787,0.3710853979615359,0.7570142118415333
123.602651,61,75.540549,61.0,64.50802331430243,19.743808102580914,20.968111254700943,-4.634767792224884,-18.97629349827766,-7.656129317657889,-9.080970870643991,-2.2691304846227762,0.4363004964104454,0.5322866056207434
244.777892,106,75.744488,106.0,132.63207819959513,38.25232306032317,36.78395378401266,-7.7469870066642805,-32.42123411297799,-13.98726067478072,-10.310608254195971,-4.424373259344621,0.5134459997114108,1.088505519388191
168.59938,72,75.877855,72.0,95.29620767517252,25.21328359057698,25.306599586894496,-5.249422352313998,-21.228608649969097,-10.861532210146528,-9.11117310471946,-2.765974389877993,0.49159006765640895,0.7078896974252289
170.84481,85,76.044802,85.0,81.01323781887531,28.551907985233303,28.37972616679411,-5.983240435123445,-26.984417498111725,-6.4799494684694325,-9.67234751206778,-2.980107053795185,0.4960791994605706,0.84333463908297
175.353712,73,76.184656,73.0,102.31135885129429,25.873931236393474,25.892074812269247,-5.201628412008286,-21.227558171749116,-12.560998186629703,-9.807744589856698,-2.9257233851766546,0.6112324126756271,0.8923993225064156
215.609169,97,76.360555,97.0,112.70000627550543,34.15394768116294,35.64086187161549,-6.678437514305116,-29.14899697303773,-11.664042925185965,-12.593918316390287,-3.8002506239062988,0.43749113954534813,0.8487328107179754
260.714817,118,76.572426,118.0,138.55830674093244,41.04050796129631,41.2056705795749,-9.41678233861923,-39.217186284065235,-13.307064742327437,-11.637646547289567,-4.510988358736341,-0.08548639501126888,-0.20174789222659456
137.36815,61,76.681156,61.0,77.97163850191939,20.740083097967158,20.523489345685164,-4.419265906810759,-19.306035971641553,-8.98910838688699,-8.127661919688064,-2.0249883128094415,0.4750357960540241,0.5795436711859093
188.517355,83,76.831333,83.0,100.04648353493916,28.25203575695975,28.692214694529742,-5.906016666889194,-23.817509901523604,-8.794309812910393,-10.124309780028787,-2.831232433124007,0.4847565951252538,0.8046959479079214
223.570092,90,77.102936,90.0,140.69255966250765,31.941491913035065,32.19861841177248,-6.956083498001097,-29.159437704086294,-16.93863743482009,-14.21071617966367,-3.997703004269884,0.6386423796329685,1.1495562833393433
239.941527,104,77.289525,104.0,128.65154346209357,38.282021214004494,38.2071904619574,-7.540382773876188,-31.24248660802841,-12.079323167273985,-14.159409073286124,-4.177626880365402,0.4843616737797817,1.007472281461946
248.29029,108,77.484767,108.0,138.9455120128634,39.728476373590226,38.85366236719291,-7.998561005592346,-35.44026191234589,-15.800674817356933,-14.169463169582926,-3.8284001530271214,0.44202568741057185,0.9547754848068353
234.172516,108,77.680271,108.0,117.94275221104205,39.9378728531461,38.2796813403769,-7.5795529413223255,-32.94773812294007,-12.009343772361381,-13.806169853708397,-3.6449859749765054,0.047923110157973875,0.10351391794122358
200.160196,93,77.878943,93.0,106.75971162038906,33.789579466733215,32.53614481011357,-6.873388273715972,-29.798357647657383,-10.20916651502873,-15.961828201683502,-3.082499685874236,0.09417688380543635,0.1751690038781116
162.679528,71,78.012342,71.0,95.32433307651347,25.686287831361703,23.44131325824557,-5.449103187322614,-22.756030690670016,-10.065420001359348,-11.684524038106083,-2.8173285386243996,0.5531965307738332,0.7855390736988431
217.247495,93,78.181843,93.0,120.92150216439401,34.410792940094815,32.97246818000003,-6.794920043945313,-29.896788626909267,-12.725852676215002,-11.375146298611359,-3.264560996920268,0.5590132876816052,1.0397647150877858
187.68683,91,78.346525,91.0,96.15670755088486,31.454733236543365,31.65148338648955,-6.625491294860841,-27.867582798004143,-9.532186795786927,-15.192678059249136,-3.35815512446821,0.3554293836856977,0.6468814783079698
194.775366,82,78.492548,82.0,113.51862366270073,29.533056506700262,28.837977337116627,-5.9900773644447325,-25.811036199331276,-13.406325635284947,-10.643170632230124,-3.26368157118731,0.4763679891937884,0.781243502277813
229.842266,107,78.68846,107.0,112.78011758248373,37.7917148742342,39.51247922795434,-8.010013501644135,-32.66303275227547,-10.216783812562504,-12.003810390843041,-4.34840475337529,0.4541313665255268,0.9718411243646274
146.840858,65,78.80755,65.0,87.28703602953962,21.535779585482587,21.417249848966815,-5.020326068401338,-21.240481138229374,-11.988374827487867,-7.753146229475978,-2.3968791889003285,0.5295304513687251,0.6883895867793427
182.032026,87,78.960871,87.0,95.59974017147196,31.13260415047297,30.170916673131195,-6.424669952392575,-27.215343677997588,-12.084855569809317,-12.791869491384722,-3.3544965951249615,0.4829618291514791,0.8403535827235736
179.787869,76,79.224354,76.0,105.78613506393303,26.42834706126556,26.41592210283452,-6.015131305456163,-25.288300716876986,-10.150742277627339,-10.778242825051997,-2.6101181980289567,0.5631003351325583,0.8559125094014887
229.958784,102,79.404129,102.0,127.45098513521037,35.68014847210243,35.77430980957258,-7.3231967353820835,-32.844525444507596,-15.550638991660206,-10.97074743951853,-4.257550624028236,0.586014473783547,1.1954695265184359
248.62633,115,79.610183,115.0,122.14124728707347,39.62334495054986,40.64086913136552,-8.487593915462494,-34.41038544178008,-9.455374995939131,-12.064476310655294,-4.361300506061553,0.4760244287902678,1.094856186217616
159.04033,66,79.728588,66.0,100.92043498431951,20.359575591114293,22.54506352735336,-5.006856353282929,-21.287020862102512,-14.062205387762763,-7.505457561283354,-2.9232040059108084,0.6352974253155302,0.8385926014164999
243.917094,111,79.93323,111.0,132.34301569180602,39.97162083953655,39.220152670034366,-8.33570028543473,-34.89263165593147,-12.539656775919585,-18.153116559777352,-4.696589919771225,0.5151645674685944,1.1436653397802796
153.891562,68,80.056262,68.0,91.68493642135466,23.201208705080585,22.875170187204212,-5.142601346969605,-22.032456654310227,-12.001378573254955,-10.473853847721442,-2.219462612196894,0.4353815477994045,0.5921189050071902
225.181389,98,80.23609,98.0,130.32833854528695,33.64966074827871,33.96743586430215,-7.3552145195007315,-30.624929010868073,-15.591828548042324,-13.45943481972708,-3.7326395244875856,0.4451022806906588,0.8724004701536913
192.430582,82,80.384435,82.0,115.09632891170523,28.61067964285852,28.891866976908876,-6.379714548587798,-27.06437373161317,-15.568786635756569,-9.977347373018542,-3.1780712427063134,0.6315087293166712,1.035674316079341
167.814364,68,80.506503,68.0,97.9322561804725,22.244342875986778,23.721157899699204,-4.630719456672669,-19.338519799709317,-9.129226622979463,-8.647136078928567,-2.3377905733189532,0.5971108313533577,0.8120707306405666
162.772434,67,80.628294,67.0,99.53323934299242,22.958827806811797,22.160322727689326,-4.9543337869644155,-20.061701261997225,-11.402280051023597,-10.05554675566018,-2.406094428396868,0.5679091991842186,0.760998326906853
117.470585,111,80.825727,111.0,-2.2458069326336325,39.033302081869635,37.954734281106944,-9.646813786029817,-35.06820828318595,-3.5693932019336208,-16.1204214877181,-3.866807608619918,-0.0599178202369554,-0.133017560926041
152.429115,67,81.069917,67.0,91.80717821773861,23.294156215958807,22.3648676453017,-4.924887261390688,-22.687264192104344,-12.826535907294048,-9.214630727353299,-2.383769473628636,0.6265680585327718,0.8396011984339142
114.725825,91,81.237567,91.0,14.163137463636833,28.57831433474534,30.708712516106857,-7.12979010820389,-25.139197856187817,-1.074330167855757,-13.116916161021607,-3.264105349594134,-0.0896708123917674,-0.16320087855301668
156.216597,71,81.367022,71.0,85.86153495318169,22.23591132600654,23.369994884004676,-5.187799047231675,-22.405044794082652,-6.662998908493338,-9.119425760381121,-2.875575828238511,0.6033236312421141,0.8567195563638019
247.293042,107,81.567335,107.0,129.60237834605923,40.185440440193425,36.92987090935777,-7.91127243518829,-30.583851766586314,-12.49763736600306,-11.229289925338477,-4.202596508250352,0.5000656256634587,1.0701404389198017
237.15615,101,81.761783,101.0,137.5721768151478,34.67028681857733,35.252120402214395,-7.3178652262687685,-29.298171085119254,-15.924533526172066,-14.6617476358112,-4.136116153365326,0.6244399550722404,1.2613687092459256
210.339939,87,81.923243,87.0,124.55410992333282,30.73883334813931,30.038364015861802,-6.431255135536191,-24.602861773967746,-15.889321680772552,-11.805734142627408,-3.2621953424722903,0.4519436622772874,0.7863819723624801
201.062592,84,82.076761,84.0,115.02169244427664,28.82407927307555,29.38931242330245,-6.287938952445984,-26.00046206712723,-11.123225043513763,-9.000925133839456,-3.759940665167674,0.4829474670506146,0.8113517446450325
253.574328,117,82.286841,117.0,135.09385813082267,42.1509095917071,40.475285049260066,-8.761568176746371,-36.607497084140775,-14.933004919873449,-16.222984012383552,-4.620670591507345,0.3437218019005945,0.8043090164473911
112.900508,70,82.412714,70.0,40.00116337203223,20.395033737005416,21.881610500914036,-5.640978293418882,-20.284667509794232,-1.0651550078706082,-9.783635708116519,-2.6028634074106924,0.25625794736720203,0.3587611263140829
193.310997,84,82.567495,84.0,108.0969267268342,29.357867135843712,29.04772750231335,-6.275836510658266,-25.67137556076051,-12.344284424333914,-9.3100394680093,-3.5899880905023607,0.5442986155622473,0.9144216741445755
205.252272,92,82.732349,92.0,114.03555679703969,32.96999845006774,31.74243463135096,-6.653120896220205,-26.864840114116674,-13.270563146836384,-15.193001309390167,-3.5141927813174187,0.532182696573396,0.9792161616950487
248.594437,97,82.908731,97.0,152.97875311683399,35.949070489799546,35.0381309977482,-7.401082057952881,-29.196527457237245,-18.371935478789613,-13.473788173775652,-3.9281848248351254,0.6901029680415096,1.3387997580005286
262.572457,120,83.242665,120.0,131.71186249488267,41.81606528200261,41.68990708028145,-8.60102326154709,-35.67614748477938,-12.66251058300893,-11.169962777143411,-4.53573382663239,0.40370372624376255,0.96888894298503
183.277532,73,83.375864,73.0,117.28666605171935,23.57936496640374,24.656865618022433,-5.368562152385714,-22.86143922805787,-12.725488504966131,-11.519154451479583,-2.770720681987611,0.7371151613372622,1.0761881355524028
224.735355,96,83.548941,96.0,130.85488462735918,33.24655806920761,33.64540106189043,-6.827400853633881,-30.571199858188628,-15.956862710234109,-11.938380926735611,-3.717644737963573,0.5326233554420103,1.0226368424486598
161.415895,71,83.675629,71.0,93.64745811809946,24.306357389023912,23.66189454311312,-5.436639362573625,-23.302003276348113,-9.786571473992034,-10.231516659233202,-2.4430843740018666,0.6075106387178225,0.8626651069793079
189.644202,84,83.829143,84.0,111.14870689780079,31.46059104996642,28.244549165918293,-6.2430489945411685,-26.905844509601593,-14.740778313615836,-14.390542687414811,-2.929430195510626,0.5611147313829737,0.9426727487233958
144.277966,65,83.948577,65.0,81.25787090498653,23.16437655354871,22.081450073418292,-4.506470954418184,-20.985338306427007,-10.069315556136472,-9.507807496071699,-2.1567989633765996,0.48872262486304024,0.6353394123219523
158.266814,73,84.080242,73.0,81.59248856439224,23.949996396076422,24.557114935713983,-5.514624848365783,-21.771811783313748,-8.268822998777592,-6.232032290947279,-3.0454935475692086,0.4586210604834588,0.6695867483058499
217.20032,97,84.257873,97.0,115.59647801944944,34.29140116883394,34.24924576842974,-7.14756966352463,-27.785233736038197,-13.855121115005925,-11.380631726912993,-3.768248843742384,0.506819633271607,0.9832300885469175
187.547081,79,84.794421,79.0,112.52052240781529,27.091732152319775,27.279406407194188,-5.949634008407594,-25.043430197238933,-14.139396330837796,-9.905561936317554,-3.3065575601993213,0.6574360224760558,1.0387489155121683
178.873081,77,84.936067,77.0,104.4421416565322,28.087630601852588,26.824476417736097,-5.864085204601292,-25.749586433172215,-13.046233815503548,-9.958901476816342,-2.8623604271547096,0.595488056359366,0.9170516067934236
176.125948,78,85.081048,78.0,99.64015293280093,28.111357016970732,26.577377547995926,-5.864982678890227,-24.09774674177169,-13.231141293324784,-10.308475975392737,-2.7005925247978912,0.5307635557033508,0.8279911468972273
227.981393,106,85.280128,106.0,120.03046131595394,35.79321045364328,37.02293231464237,-8.30298015832901,-34.47394157648086,-9.81507069178034,-13.457384311720569,-4.815834443449716,0.38989071082715304,0.8265683069535645
235.807066,98,85.576051,98.0,135.14134133013698,34.78052454584239,33.77377766781565,-7.028333027362825,-27.722448581457126,-15.422599984874456,-11.639348812383087,-4.075847229361745,0.5473660333334021,1.072837425333468
248.136293,103,85.760108,103.0,143.70331645447368,38.2408185788091,36.43813754690365,-7.5081039476394675,-32.83378664255142,-16.772879834329252,-12.683048632177677,-3.448160124953002,0.521088249334338,1.0734417936287362
156.10366,73,85.88995,73.0,81.54546389293029,23.883437474662657,23.827829153321264,-5.808731732368468,-23.300607132911683,-6.145787411405581,-7.857095230823665,-3.0408493981800993,0.3844435345100366,0.5612875603846534
221.556533,94,86.059974,94.0,129.54586792158076,34.28625053846728,32.59745576819819,-6.911286087036135,-28.758735954761498,-16.545216472815728,-13.421703875783415,-3.236098681094152,0.5965281557982323,1.1214729329006767
228.617079,105,86.246956,105.0,108.72086502472341,38.0280093199641,36.557219149665094,-8.000437748432162,-31.277841961383817,-5.810028482046418,-10.217882295419328,-4.382824428898793,0.45559568094119446,0.9567509299765085
183.74873,113,86.457099,113.0,60.31236812948154,37.54109202588543,37.586757606483125,-8.860822912454609,-35.73647286295892,-3.219005983065025,-12.349829721077482,-4.525356250904159,0.20780690636797894,0.46964360839163244
198.863873,82,86.610402,82.0,116.36375469628894,28.121221325588877,28.140550683398732,-5.900372338294981,-24.34833027124404,-11.599084807543457,-10.824631388632465,-3.0892346652302534,0.6230210646131372,1.021754545965545
249.180662,113,86.833907,113.0,130.24390911414096,41.505833860652984,38.70439532928379,-8.348880398273469,-33.17511565089225,-14.747645701175374,-13.436384386535014,-4.565450350529665,0.44485004919863663,1.005361111188919
161.801803,69,86.962393,69.0,94.9430096736971,23.68081899688475,23.84826891586102,-5.174860601425172,-21.178581666946407,-11.121080676715277,-9.349229538354273,-2.8465425234582553,0.461167805227354,0.6364115712137486
227.304467,97,87.138366,97.0,126.63862544890081,34.02999339151774,34.71124169457666,-7.26332628250122,-30.86096948981285,-12.890579563964227,-10.337432928738231,-3.723085415114227,0.5626578261289834,1.0915561826902278
166.787487,72,87.272372,72.0,101.20048544515465,25.51001065182736,23.359738099830736,-5.336562662124634,-22.613184404373175,-14.066774057582228,-10.466852166920047,-2.799373776976297,0.650503545457463,0.9367251054587467
193.813953,101,87.582974,101.0,81.75386941487481,34.12588330754649,34.249354880755476,-7.845361008644105,-30.234110635519023,-3.6768670131521097,-11.92361964801084,-3.635196428682102,0.49749121418461784,1.004932252652928
164.164007,72,87.723121,72.0,88.12577875699216,25.265828998203045,24.585697967499197,-5.316542375087739,-21.07004327774046,-8.931949165235057,-7.553535860942815,-2.9412281029236165,0.6001972172192137,0.8642839927956677
58.473303,73,87.861766,73.0,-12.610161301134404,23.807623556841047,23.53349036213454,-6.334600124359128,-21.174679732322687,-3.2512670576362006,-15.87069633249173,-2.626406206551459,-0.09341500241320153,-0.13638590352327423
202.19694,93,88.032574,93.0,112.12902102128328,31.81628882341909,31.294583786450577,-7.088005030155184,-28.221989464759826,-14.472167297076941,-12.532938279053525,-3.7278540583216784,0.38040143205995797,0.7075466636315219
199.155279,84,88.186593,84.0,112.57483472846509,30.72611935429747,29.2620691561083,-6.059241216182709,-26.32446043491364,-12.160556696157323,-9.87863651162133,-2.9848491466558387,0.5270348325800677,0.8854185187345136
234.149273,98,88.364633,98.0,132.51905368017884,35.0508900997204,34.757907737117065,-7.31024096608162,-29.75409039855003,-13.61930068800999,-11.217979734632255,-4.276966745520503,0.5409896249118833,1.0603396648272911
263.295621,105,88.555724,105.0,150.0868169797123,37.526296235768264,38.56017987564185,-7.843749091625211,-31.40241757631302,-14.773182896055692,-9.36280659668316,-4.495516117221545,0.6223001850863259,1.3068303886812844
159.244021,71,88.685335,71.0,89.98481583369355,24.373497054213818,23.372834921338637,-5.332420032024384,-22.726191627979272,-10.165443053459652,-9.011161493502508,-2.251910140379592,0.5089657890034368,0.7227314203848803
254.501142,105,88.873569,105.0,146.51222304624415,37.01937238503596,36.82997825248915,-7.523782989978791,-28.68112586736679,-13.414978182526301,-16.4968820257392,-4.7436628082387156,0.5358867708652695,1.125362218817066
190.710999,87,89.032765,87.0,99.88151113546277,31.581215098446766,30.524876856151753,-6.769794161319733,-27.81227545142174,-8.344214650295209,-12.154360215767735,-3.195959553324523,0.46050736268599635,0.8012828110736336
174.450458,88,89.201423,88.0,75.05342974117137,28.96317869294694,31.953414374783552,-6.5224681782722485,-26.539262092113486,-4.731907235925343,-7.946432525863276,-3.7794944228507457,0.3717241681048255,0.6542345358644929
232.203113,107,89.517462,107.0,116.71957447858382,39.260624158054085,37.02827623583621,-7.530430846214293,-30.894382184743886,-12.278407142090133,-12.937641349411518,-4.164500355994249,0.47787862944013487,1.0226602670018887
117.607834,84,89.677288,84.0,23.407086674998318,30.50617518834138,29.547987969487284,-6.873453202247623,-23.479196134209626,-2.271413361256068,-14.186018490452822,-3.043334327689909,0.2506237094204872,0.4210478318264185
214.076028,90,89.84823,90.0,121.72023574032373,33.100555336973386,31.965985758632065,-6.56936512708664,-27.857064521312708,-13.204352881535211,-11.54713696268375,-3.5328293575017597,0.5653732737003114,1.0176718926605606
204.540117,89,90.007622,89.0,114.47549343708145,32.340647618801135,30.048573748935514,-6.49505525112152,-24.41019868254661,-13.929877761974877,-12.477896516415559,-4.011569241622587,0.5871014155496568,1.0450405196783892
261.542317,103,90.19356,103.0,156.10198787820042,37.18590155099684,36.81537686210446,-7.232415275573732,-29.941777062416083,-19.8001761618508,-10.686747851364577,-3.8998329556442015,0.5968562244597125,1.229523822387008
199.363711,87,90.344124,87.0,112.6687901634237,30.84025256492447,30.278950175499585,-6.392037806510925,-27.423616588115696,-14.111487250049771,-10.243987830826683,-3.2531524266297946,0.5033870086139794,0.8758933949883243
240.766189,95,90.512803,95.0,148.99743471416923,35.17870174975163,33.9991877535515,-7.099530618190765,-30.82758096456527,-16.23522884899563,-14.886251117822251,-3.360543280572137,0.6476916237389955,1.2306140851040914
475.431126,210,90.893182,210.0,252.07582237366796,77.18357768145071,76.26680379677464,-15.535089282989507,-65.41107516884803,-23.275069081127707,-27.212752668667733,-8.661091303266033,0.5326314030596873,2.2370518928506864
213.030489,92,91.056634,92.0,122.22742481120275,31.66789310588104,32.60314552278856,-6.6888386404514275,-26.141228336095818,-15.92185415813968,-12.642246607178729,-4.0738063012065036,0.41678786301865367,0.7668896679543228
241.524033,106,91.244339,106.0,131.90665523745048,36.25659964527779,36.81926182125047,-7.7732853794097885,-31.98035931587219,-12.157530163067463,-12.916773301338104,-4.630535985042143,0.5902333830514204,1.2512947720690113
317.365297,136,91.611806,136.0,173.85006850282824,50.457498265579524,49.578629295284976,-10.425428023338322,-42.3343783438206,-15.506874086022684,-18.88016216816812,-5.374056819255399,0.5234603642526972,1.4238121907673362
201.975671,79,91.753019,79.0,122.44632675055388,27.80236163176399,26.536555082904794,-5.614254359006883,-22.379835820198053,-15.164532915049222,-7.675367155828982,-2.975581832214347,0.706138019709147,1.1156980711404523
228.914514,101,91.934814,101.0,119.78650542108716,35.09510320614593,35.492782040389464,-7.475463883876801,-30.30222488641737,-8.558098168082493,-11.866306756153602,-4.257783425319513,0.5449277391024393,1.1007540329869274
187.2152,83,92.085017,83.0,103.63428442304915,29.77582337939083,29.572441215006155,-6.23451590538025,-27.66733204126358,-11.079460200762007,-10.628357378896183,-3.1576837393411488,0.5320473408661015,0.8831985858377286
166.008069,92,92.245332,92.0,64.94090454806803,29.354924967355647,30.937759673677657,-7.3080312919616714,-27.262767124176026,-1.6587913908311542,-10.687757149865607,-4.3081731117515885,0.021616192265920927,0.039773793769294505
184.026545,86,92.397026,86.0,101.75511578189969,29.564011112528032,28.296760948132242,-6.557807302474976,-28.28768336772918,-11.418125880143137,-12.039962607835532,-3.285763658396097,0.18430845512563493,0.3170105428160921
232.077089,101,92.578267,101.0,128.0143647134271,35.74369165022211,35.31325375756492,-7.341409816741942,-33.00338920354844,-12.700596597540226,-11.10961229433868,-3.8392136519551507,0.34041378627724317,0.6876358482800312
252.515891,121,92.79644,121.0,118.25599862173155,44.47029892053656,43.711058161192035,-9.044204170703889,-36.31729037165641,-9.448465208225082,-15.746504468368876,-4.3650004022469036,0.2673563057569521,0.647002259931824
195.935868,81,92.941382,81.0,115.6474294310252,27.656623816713257,28.00189045716632,-5.7075001144409185,-23.37532275915147,-14.49825572310408,-9.835348068391035,-2.953648872837489,0.6103765348354616,0.9888099864334479
295.968351,133,93.172862,133.0,151.84907606337322,48.5593580867131,48.13454938792767,-9.848554338216784,-41.94585220813751,-14.422658101079177,-13.806790164014965,-5.55077724035673,0.4558240413712175,1.2124919500474387
243.232342,103,93.477191,103.0,135.67660929807937,37.49117535669949,36.179118467855965,-7.436979553699495,-31.25488811731338,-13.100400206338824,-12.8901579357143,-4.432135678413399,0.506528553099786,1.0434488193855591
323.74077,184,93.810813,184.0,116.40046413222727,62.88205834000011,65.50100843047571,-14.61657038450242,-56.07432931661608,-5.147727463850611,-22.427415871726243,-6.77671751345452,0.23148347768556068,0.8518591978828634
206.438627,92,93.980225,92.0,108.53923141384067,32.93293279813774,32.15436335889837,-6.646675696372986,-26.87862386703491,-11.132236866437545,-10.397327439398259,-4.133036364754135,0.42461154996074935,0.7812852519277789
269.20481,119,94.19517,119.0,143.63468711134504,44.309305812518495,42.39815873433011,-8.436100661754608,-34.836454480886474,-15.049362656683838,-16.953127111298087,-4.862296881133932,0.48771850815563833,1.1607700494104192
159.625174,69,94.320431,69.0,89.61924683612088,23.518340522182395,23.11348339791863,-5.344186747074125,-21.018446791172032,-8.692715698079951,-8.02247352546155,-2.548074473907173,0.5669738234584448,0.7824238763726539
217.740097,102,94.506356,102.0,110.80379995535675,37.54126602761886,35.512354076842946,-7.465435979366303,-32.190157908201215,-11.840829796565993,-12.85539688957188,-3.76550273137892,0.41400200873250104,0.8445640978143021
236.6821,103,94.684096,103.0,130.47339966416416,38.217060232827855,37.398183118207335,-7.792706327438359,-33.15603540539742,-15.73311831444546,-11.750805947467793,-3.9738769701377024,0.5520133648384524,1.137147531567212
177.797903,76,94.818105,76.0,101.97548179329756,28.459947184792274,25.050797186032927,-6.081772515773774,-24.606000614166273,-12.418209373850974,-7.686662118942976,-2.895678386028004,0.5021800265937838,0.7633136404225513
223.677195,181,95.139049,181.0,22.305901803875194,65.49719183206595,64.66452389860373,-15.28465451478958,-50.62232977151868,-9.776161368050142,-27.22045445073633,-6.886822140256241,0.1588192625968368,0.5749257306005492
214.800205,120,95.46619,120.0,76.61752384630638,41.09092597578182,39.13859631577526,-9.398740873336791,-34.46957154870033,-2.3725465864275117,-11.166533147419981,-4.639449246155587,0.27939484328243974,0.6705476238778554
267.844189,110,95.66644,110.0,155.02132082129035,39.42568964964607,38.850043678517885,-8.069928324222566,-33.361443650722514,-16.52395761736558,-12.902990798157077,-4.594545134481796,0.5166331365427785,1.1365929003941129
237.856813,132,95.899978,132.0,86.86894927714562,45.28832435092286,45.345056178792134,-10.51397349357605,-38.80486725568772,-3.385367379426029,-14.071208261318848,-4.870100153083561,-0.012031168972185197,-0.03176228608656892
174.236432,75,96.033178,75.0,101.92332286729827,27.86275828765498,25.615430688684864,-5.71532042503357,-24.4846943974495,-14.187056081293925,-9.050506549881602,-2.7275021109307547,0.6197840756494993,0.9296761134742489
376.733285,158,96.315345,158.0,204.75937065924168,57.72479337191714,57.76199816893505,-11.54836256742477,-47.97901508808134,-20.57184878014027,-14.666282263777576,-6.747368945322249,0.48446332263402286,1.5309040995235124
225.568002,97,96.489082,97.0,129.02374994463125,35.120786010836206,33.87918452638979,-7.129025278091432,-28.64705734848976,-17.033735410827106,-12.946672710689443,-3.6992281411953942,0.5238284523245043,1.0162271975095383
252.174154,110,96.689276,110.0,136.72949475856612,38.47571551136359,39.30218505004479,-8.90977483749389,-34.602740824222586,-12.084202404596166,-12.041853070319874,-4.69467000938984,0.5220647613099084,1.1485424748817987
282.290741,118,96.900691,118.0,153.66413723379313,41.86055560656553,41.86074729817249,-8.428231039047242,-35.03038395047188,-12.737533647663003,-12.627461886177738,-4.2710884775151285,0.5521471918535513,1.3030673727743811
139.107362,62,97.025915,62.0,84.9753248427696,20.27802661014062,20.221507650583735,-4.990861134529114,-20.145480406284335,-11.731563242994884,-9.120072700532907,-2.3795193240680947,0.5758657300985557,0.714073505322209
228.597946,102,97.376495,102.0,119.9913116961631,35.94484228547905,36.3114081501154,-7.1561948657035845,-28.76178013682364,-14.059248681741463,-11.976597677634528,-3.695795117104998,0.4853425379339176,0.9900987773851919
300.553851,124,97.605321,124.0,166.63430795577636,44.7200569789406,44.2493127865707,-9.052612099647522,-36.30458909869194,-17.40119171194282,-11.395690720951185,-4.895742813596322,0.6020681211490522,1.4931289404496495
318.781425,130,97.837399,130.0,178.85960224123497,45.597069222105546,46.91297594509795,-9.920588908195498,-38.64245403409004,-15.935702059524903,-12.217158629191676,-5.872318697885544,0.6351039589303872,1.6512702932190066
131.759666,74,97.967996,74.0,49.51870264185598,23.84881256298241,25.28815907521941,-5.791000063419345,-23.13464066982269,-2.66548520214258,-6.596553626928383,-2.70832852995962,0.26573088028759506,0.3932817028256407
267.658088,117,98.175372,117.0,137.6468843709517,41.21431881484915,42.75762154337562,-8.717817716598509,-33.38289616703987,-10.913369732808096,-12.84980938123857,-5.096843560128243,0.09201503675438594,0.2153151860052631
161.912591,66,98.293296,66.0,95.64789403307257,23.47437682813344,22.075786626284632,-4.725839133262634,-19.152926629781728,-11.365518735793113,-7.771746352270502,-2.269435427519595,0.5199492080047993,0.686332954566335
318.103427,142,98.537534,142.0,179.63763639732588,52.20534460369961,51.45177808610898,-11.22412853479385,-43.844112777709945,-21.609010573689826,-24.44709863890455,-6.066981460723102,0.49057056277933797,1.3932203982933198
437.144185,208,98.904472,208.0,198.44559424095584,77.17284733733024,75.96632670914613,-15.122831709384927,-62.265487992763475,-17.447982053725774,-20.275880289277577,-7.328401634085569,0.30504139977922534,1.2689722230815774
216.36768,108,99.096757,108.0,96.78319540605276,37.27030923949821,38.7342071581644,-8.008474235534665,-34.18325989246368,-4.573475546773977,-13.970655308467416,-3.6841669079036237,0.5131132306819816,1.1083245782730802
259.359059,104,99.40187,104.0,154.21041428005776,38.849663526631026,37.22790836813959,-7.936572532653805,-32.408762538433066,-18.335900909522305,-12.360630026652228,-3.887061041913442,0.6568777261101671,1.3663056703091476
195.959402,84,99.555212,84.0,109.81117693784067,28.79026330463519,29.031107719393216,-5.963217203617096,-24.06400798559189,-12.296374104114125,-10.348099165740122,-3.0014478157725155,0.5748762407180087,0.9657920844062545
206.9146,90,99.724805,90.0,106.05036314162919,32.62369928915649,31.80718788374764,-6.897208645343781,-27.002380293607704,-6.92639289573588,-9.436379648461843,-3.3042885004095224,0.5473586379675525,0.9852455483415945
286.879118,121,99.946777,121.0,161.43008938034606,44.85137996736421,42.685046355124754,-9.067102513313293,-35.850708115100865,-19.186341883043486,-14.427330015368234,-4.555914894149196,0.5699634905384832,1.3793116471031293
240.72413,105,100.134206,105.0,130.29291706622092,38.258366039751216,36.823981525415874,-7.481002068519594,-30.77236170768737,-15.512527871605563,-12.136524980583541,-3.748718496251132,0.505138519272358,1.0607908904719519
145.541991,75,100.270596,75.0,68.05040302934817,21.639324557208308,24.93144234902761,-5.698675153255463,-20.137746441364282,-7.882062964156171,-7.374195997321728,-2.9864981634733763,0.17702594611858688,0.2655389191778803
101.410658,91,100.43431,91.0,-1.2864779434482871,30.556986708774776,33.22796819994813,-7.294617817401884,-25.74625243544578,-1.114041027962293,-14.359772991464897,-3.5731346223415557,0.18197546427528272,0.33119534498101455
269.530787,119,100.654182,119.0,140.15658960797504,44.32091970626191,42.3108942353959,-8.70784621953964,-36.784465974569315,-14.076047442750664,-11.711323055065927,-4.977934346236799,0.45518078672276663,1.0833302724001845
235.71394,101,100.845372,101.0,129.21457413916903,34.67295889123827,36.195775881841755,-7.669106090068817,-28.45149157643319,-13.460674751892467,-12.036632153336127,-3.7514641902847092,0.5561709808247915,1.1234653812660789
225.246158,92,101.018471,92.0,128.694414145594,33.433902614614205,30.992898967306633,-6.67115224123001,-25.668587505817413,-14.156313573877256,-10.242493072747584,-3.136511762639996,0.3894306621791189,0.7165524184095788
210.456356,92,101.303178,92.0,112.36915422858722,33.668697513980725,32.194472709491855,-6.778804266452791,-27.493348705768593,-11.013655549442921,-10.818048499711931,-3.672111185207929,0.4837414589441632,0.8900842844572603
262.592956,106,101.484966,106.0,147.79769091999157,39.25970049994915,37.70647989395085,-7.53424912452698,-28.135545599460606,-17.339037366731645,-10.834421872383599,-4.327661186931335,0.549655651023645,1.1652699801701274
432.815004,174,101.795209,174.0,245.47705382337705,63.191704599850276,63.15356619602185,-13.076700918674467,-50.81833117008207,-20.30185147233466,-21.102315742222725,-7.70812147837181,0.5849657904816546,2.035680950876158
142.895331,81,101.940675,81.0,47.1438267845691,25.95903862414996,28.483630150413145,-6.112881660461427,-22.891333943605424,-1.3498630632676551,-6.536733434645437,-2.800352805018569,0.36590246354730366,0.592761990946632
249.083284,106,102.128584,106.0,134.11312602534107,39.678662843279476,37.78603811897369,-7.8224824309349055,-31.114055478572855,-13.130671192906366,-12.402951819837623,-4.024381686091112,0.5035388410864252,1.0675023431032216
235.365789,104,102.316042,104.0,128.12634124854225,38.00354791436945,36.831915508566595,-8.245664157867434,-30.996612045168884,-13.88599888419282,-14.044575289755574,-4.423165774306735,0.5273904645118183,1.096972166184582
758.777897,343,102.932115,343.0,363.42787964423127,129.8814158797965,127.36254585792544,-25.47463138222692,-102.2628825008869,-24.638970564291,-38.630034219521335,-13.887425844105993,0.08325846101203761,0.571153042542578
269.733783,127,103.295572,127.0,131.9889918306396,46.118736700754155,45.14926126620506,-9.997357094287867,-40.77700569927691,-12.169979004655257,-12.634633081048904,-4.9442318196329005,0.36695177852983685,0.9320575174657856
197.918772,89,103.452104,89.0,102.77343604722411,32.83400998486132,31.44653572656235,-6.519230828285215,-28.246030569076538,-10.419901812044465,-9.55156955339829,-3.3984771214941114,0.4162500533618354,0.740925094984067
284.785248,114,103.655374,114.0,166.94091652968325,42.495007340967064,40.80179119127148,-8.48709900140763,-35.270210945606244,-18.11051392157583,-13.42748706427165,-4.157156336276579,0.5102524519266807,1.163375590392832
259.657675,109,103.85052,109.0,150.06296075377418,37.92744878322212,38.518080752112866,-7.826606783866882,-33.33653479218481,-17.02240355714323,-13.171083847334424,-4.49418591256104,0.6140208504099409,1.3385654538936713
203.797352,96,104.016759,96.0,101.74423068270897,34.2175913494747,34.32046230794136,-7.248636095523835,-31.841448783874515,-8.091706986239187,-10.922618068945704,-4.380522843343791,0.4383863758709436,0.8417018416722116
211.136707,104,104.20457,104.0,100.00676605852325,33.489506062098805,35.68410780569436,-7.866306478977203,-28.801420933008195,-10.746643277214492,-10.902703158128851,-3.726598913844665,-0.03832406484223667,-0.07971405487185228
203.234072,86,104.360299,86.0,115.2469032993024,30.9403403540545,29.77285315950633,-6.179684753417969,-27.343079638481132,-12.92858675692131,-9.691029036795184,-2.58364425724082,0.5836711303482216,1.003914344198941
214.834006,85,104.508766,85.0,132.4899914997183,29.98825882577546,29.538964435795286,-6.4691656613349915,-25.409208261966715,-18.955360812132064,-8.0743298394784,-3.275144647379063,0.7620773255481753,1.295531453431898
265.215835,110,104.708422,110.0,149.43221779061275,39.888951231458655,38.70658781835617,-8.229594504833225,-32.702755016088474,-13.676502688294057,-13.436848941438667,-4.766221053586454,0.5662928603741952,1.2458442928232296
276.81193,119,104.92251,119.0,146.89992418849909,42.8728282359512,42.2126362685731,-8.550863107442852,-34.44831348657606,-16.137114547689322,-10.913313036904778,-4.123854139680889,0.3345402682287842,0.7962058383845063
193.323089,79,105.061828,79.0,112.60568406118513,27.17272198856767,27.86382331422631,-5.569244744777679,-22.328606313467034,-13.85916173568541,-8.525764485006409,-3.0363634326665343,0.6046689081624392,0.955376874896654
539.031822,231,105.602692,231.0,283.48339154382893,86.93180719989708,83.82149343356089,-17.11500717163087,-66.97406482696533,-25.492089829828828,-27.341673477430668,-9.282034530671345,0.1432411873511877,0.6617742855624872
329.437972,134,105.860973,134.0,189.10917464026508,49.93422245650474,47.53797874717582,-10.136005265712734,-40.59294602870943,-21.11512659513867,-13.642050630711218,-5.657275702587609,0.5944350970808091,1.5930860601765684
296.271696,122,106.082791,122.0,164.8497165947724,44.66926593935428,42.65610603532503,-8.873425862789158,-35.728953063488,-13.214279753225048,-15.770837445187492,-4.315896112608721,0.5624088112743836,1.372277499509496
268.112557,110,106.279548,110.0,158.7650753405722,38.70876351920903,38.53204899720522,-8.37902730703354,-34.94493802785873,-18.565729117863285,-11.489805335666114,-4.513830935230656,0.4145130116682605,0.9119286256701732
246.079364,111,106.486526,111.0,124.83817518631257,40.13000383190629,39.501279790738884,-8.372735602855684,-33.21795270442963,-11.744070368660482,-11.731342948347251,-4.323992747686596,0.496354084944019,1.1019060685757223
175.689808,91,106.644562,91.0,79.87308547739019,30.114137205147276,30.479647891887357,-7.162409691810609,-27.535404783487312,-3.988309803109004,-13.378445181427775,-3.7124932900584153,0.12201251282526718,0.22206277334198626
258.565516,107,106.830394,107.0,144.60436309833426,36.31921738148643,38.17850992467949,-8.03611734867096,-31.38396096229552,-15.231915246463315,-8.064099671816535,-4.820481671293276,-0.013647765664710054,-0.029206218522479517
371.658497,166,107.238783,166.0,177.69924465368828,59.77527334587898,60.40554695313167,-12.282613086700435,-45.50423583388328,-9.541174713593065,-17.88804185194726,-7.005502790726669,0.46593273997537527,1.546896696718246
181.866362,74,107.369849,74.0,106.5580308105121,26.582802675651035,25.62220337431313,-5.396070759296418,-20.291681021451954,-13.24899626521114,-9.245573094591311,-2.7143534511940834,0.6428173785414878,0.9513697202414019
510.433199,211,107.744627,211.0,277.9125450973258,79.3557440261528,76.75475739899763,-15.745158233642572,-63.263702094554944,-22.913570075214906,-23.600215001799057,-9.067202078293539,0.35423272277825224,1.4948620901242244
350.043973,138,107.99241,138.0,205.0671016826743,49.48097996459737,50.58861698482089,-10.460834355354304,-37.86561049818993,-23.972917409070295,-14.971857438826152,-5.8215057742631355,0.5347427716930759,1.4758900498728897
409.558029,178,108.307291,178.0,211.54985984999547,65.45046181057093,65.26645195902852,-13.425365753173836,-52.26418076753619,-19.880853789723744,-17.736053909509664,-7.402290311693372,0.4764535582522545,1.696174667378026
202.469981,84,108.452481,84.0,113.06781398060527,30.337326176562364,29.453043704209517,-6.097839337587356,-26.057136493921288,-12.42714380788411,-6.617076893254942,-3.189006187210832,0.607354904741194,1.020356239965206
232.597919,100,108.624191,100.0,129.6614526044552,35.58169934426274,35.79988536983516,-7.639781613349915,-28.983013999462116,-16.85194214531849,-10.973240264397122,-3.997140522189665,0.5235828593409069,1.0471657186818137
394.225642,163,108.903695,163.0,213.63657959961233,59.083389855150934,58.6536380280159,-12.27969745397567,-48.920508831739404,-16.512737644744583,-15.67588323997461,-6.759138265391123,0.5153394653330237,1.680006656985657
275.603526,125,109.23356,125.0,143.41382782744802,45.324830867596,43.82733908817989,-9.311236577033997,-37.420965874195105,-16.117255933606515,-14.589217303217499,-4.523795907748759,0.21250879338891968,0.5312719834722992
253.857759,104,109.411661,104.0,145.11786836321934,37.72070126947712,37.19479008278141,-7.941783566474915,-31.915638542175294,-16.70695374987934,-9.718849823592594,-3.8923750054518265,0.6080081777189908,1.264657009655501
249.5559,105,109.592116,105.0,140.58601610416093,34.90924466721321,36.85619238958349,-8.130357561111449,-30.12865627408028,-15.546459311832448,-9.125447878631247,-4.864631991163172,0.1714755048908335,0.3600985602707503
328.89763,135,109.824758,135.0,178.18839244231455,48.475118807318296,50.125237956838625,-9.943725914955133,-41.822353440523166,-13.640955403097784,-12.487677775905244,-4.996407151866192,0.5410165460833912,1.4607446744251564
346.634536,143,110.071263,143.0,189.99329565461963,51.40625321865925,52.71895868415812,-10.606844459772113,-42.250136452913274,-17.236158973968433,-14.418094389190056,-5.972737743781286,0.4602123015427921,1.3162071824123853
388.848677,161,110.347316,161.0,212.1094681308761,59.25367677525696,58.02689949174404,-12.091701607704158,-48.043877351283996,-17.329140576290715,-17.11601564765031,-6.960632459459445,0.2712997902902095,0.8735853247344747
173.482172,70,110.467033,70.0,105.09371340529286,25.89896238846567,23.411610053196533,-5.43633028268814,-21.850446981191645,-13.583296752662948,-7.682580606145073,-2.3694590905200115,0.6527285431453215,0.9138199604034501
790.94359,335,111.158241,335.0,410.55752007447484,124.24852680699938,124.88433158748715,-24.862620764970778,-96.14734022021295,-29.72068535068334,-38.241193045132555,-14.774949325236488,0.47649113112004526,3.1924905785043034
295.856247,116,111.357379,116.0,173.52494884782783,41.057864220024555,41.087145684535535,-8.751091935634612,-32.97498869299888,-15.213926148719418,-13.898208906780699,-4.97549571925231,0.004017988684577535,0.00932173374821988
180.047926,75,111.486086,75.0,105.91995458301923,27.353118785603687,26.154194905767365,-5.887867417335511,-23.568894511461252,-13.242818582936604,-9.080016829219865,-2.5997446503420774,0.6215088939246168,0.9322633408869253
279.947257,120,111.695543,120.0,152.88994575070302,44.524870853720785,41.681583391542524,-8.97387554883957,-33.938715219497695,-16.73047173508266,-14.179249087382457,-5.326831692621798,0.40225842888870234,0.9654202293328856
229.311113,101,111.877043,101.0,121.90225493610548,37.210527277198906,35.85166793085887,-7.673261983394626,-29.777731597423553,-13.375957038244717,-11.904590498330892,-3.9217960005730634,0.5432005473040628,1.0972651055542069
372.511678,158,112.168058,158.0,197.41804556418774,60.05415752501467,55.459111116532014,-11.777015137672429,-46.578012996912,-19.926337172046207,-14.545629831219362,-5.5926409208558905,0.5486850605776254,1.7338447914252966
226.98266,100,112.354477,100.0,123.1647534019989,36.21158012174487,35.336158781697975,-7.20389896392822,-28.22854927778243,-15.295151457437864,-13.731224895382667,-3.2710079373550234,0.5634016413148316,1.1268032826296632
711.655752,308,113.032685,308.0,354.508150859249,110.39847851265102,114.68994280947584,-23.426988124251373,-90.23716158270842,-20.737406590713906,-28.251999945745784,-13.287263601305174,0.4748357148444711,2.924988003441942
818.769118,337,113.614252,337.0,435.46865343700745,127.98454103683389,126.76768604583054,-25.372981636524198,-99.38300019502636,-32.36227447361604,-36.65487556851122,-14.678630655900813,0.42831077286180086,2.886814609088538
419.501551,161,113.932481,161.0,245.57340090654964,59.93483251746009,59.27949559151523,-11.881484954357143,-46.37555900216105,-24.6333987323281,-16.293169534184695,-7.102566064481575,0.5666290399541599,1.8245455086523952
355.390999,168,114.239322,168.0,175.0557252527718,59.78884590913791,59.22395804114315,-13.62910499811172,-45.9548006772995,-14.980374259362527,-25.16215801741072,-6.95109205251854,0.2808194788313083,0.9435534488731958
298.076751,117,114.455158,117.0,174.67581644170966,40.96844157822513,42.31096836670143,-8.734192039966581,-33.219445240497585,-17.117980460262707,-12.602206082018979,-5.204651130682302,0.671967160658773,1.5724031559415288
214.161707,89,114.618086,89.0,127.21999838692982,31.103950038208822,31.074955577451842,-6.44071138381958,-25.656468677520753,-18.82671289305393,-9.765018529815952,-3.54828572853854,0.6824459628916038,1.2147538139470546
547.115072,226,115.168193,226.0,302.7863095234532,85.00444582971407,84.80713732070821,-17.909172911643978,-69.01570408940314,-28.463550474387937,-25.011350602193072,-11.083043072405452,0.12482545692126354,0.5642110652841112
291.080206,154,115.449208,154.0,104.15497117448733,53.72749526566278,56.20041857202281,-12.20606052398682,-42.04104051589964,-3.303669681164905,-13.236300573474944,-6.215608136690455,0.015519058572002363,0.04779870040176728
221.844087,100,115.67209,100.0,115.40363168004214,34.89778762030263,33.601037726343144,-8.168157627582552,-27.76165336966514,-10.552347581802694,-11.476891865583669,-4.099319947838482,0.42112753125604174,0.8422550625120835
250.84548,100,115.858497,100.0,149.82108111906373,35.54492382067204,34.79372030252,-7.594134836196899,-28.939010304212573,-18.01747274547952,-10.415212341150104,-4.348415228452118,0.6772814108972496,1.3545628217944992
278.05139,122,116.071288,122.0,144.27968924236086,43.505851988156316,43.958041164516374,-8.895271871089934,-35.04886438250542,-12.428839556882307,-13.819748019073385,-5.499468419933889,0.4892529369204569,1.1937771660859149
120.964684,117,116.278718,117.0,-8.933314074590244,40.13965469852484,41.01795495762267,-10.307868058681482,-30.8275584101677,-6.954106676489752,-15.48705951254857,-4.683018505287427,-0.019791079045801522,-0.04631112496717556
1165.889596,525,117.390394,525.0,535.0179459777899,199.08899616659602,199.33333099995784,-38.964175015687914,-149.40599832534795,-33.27055044177848,-49.05759675429944,-21.852356468391342,0.34488824052990835,3.6213265255640374
417.771811,194,117.743494,194.0,194.69357008361055,67.9149467311968,70.20556444171355,-14.805175333023067,-55.01043498516083,-11.338390501526087,-19.94328154655733,-7.944988289718946,0.33993360865306216,1.318942401573881
182.092877,85,117.897631,85.0,88.88819914227342,27.59392631944952,30.489852631333193,-6.329742393493653,-24.637252688407898,-8.668251580933383,-6.37149582903891,-3.8723589285347124,0.4407797206884637,0.7493255251703883
318.548851,131,118.134412,131.0,181.90470347903116,47.84573200175201,44.98056435199413,-10.11913362503052,-36.1072760462761,-19.440093074811543,-15.8838698512726,-5.6317760254442,0.554504254544851,1.4528011469075097
308.805644,122,118.36499,122.0,179.91488939590772,44.38504904470336,43.325711332818365,-8.93849271059036,-35.604090347886086,-19.519738637497284,-11.58290306378478,-5.174781460049597,0.581189902012997,1.4181033609117126
313.499923,129,118.60393,129.0,176.84891201803782,47.419993538740904,46.43242213616406,-9.829391455650327,-38.07606409192087,-22.23480595856461,-10.679610920600085,-5.381532542763877,0.6499052668011736,1.6767555883470278
21.871968,61,118.715969,61.0,-37.02175898477476,19.31232313723584,21.01096818440023,-5.596731660366058,-17.082617384195327,-5.09814665445505,-12.479305071008731,-2.172763311669022,-0.2805331396634397,-0.3422504303893964
778.159748,332,119.437926,332.0,386.24010407986447,122.8299128012287,122.04202528035847,-25.231803162097947,-90.60412491559991,-22.208177000449783,-31.86549117867143,-15.042697653008558,0.4841151248724991,3.214524429153394
259.293496,110,119.638948,110.0,140.82119202768277,39.01458360531927,38.70589449169956,-8.407770266532895,-32.06445124149322,-13.54069298485439,-10.502774056939463,-4.732485762262214,0.5028091765859553,1.1061801884891016
350.69028,145,119.912352,145.0,190.6813365507249,54.00813535781829,51.91618487874328,-10.782271908521647,-39.1936505258083,-18.85152210627156,-16.307130676474312,-5.780801587106875,0.3319796662884722,0.9627410322365694
357.367905,157,120.196553,157.0,177.51852672059442,56.76016966847804,57.823978851824805,-11.68449890136719,-43.918100506067304,-12.309232498615064,-17.118323826593418,-6.704614835371047,0.4284127761298312,1.34521611704767
313.648076,142,120.457658,142.0,146.73031427559263,53.70865915827827,50.36700794697513,-10.244531700611113,-39.31884237527847,-11.32128512205496,-12.403140633378097,-5.870105373418898,0.35765814831293236,1.0157491412087278
262.983961,102,120.643537,102.0,155.72327414224938,37.054331316928106,35.9672341401429,-7.525071120262145,-29.657373732328416,-17.73831956960018,-9.622976183940274,-3.2171379039774064,0.6804330021006478,1.3880833242853217
871.179942,365,121.41938,365.0,436.3820388272088,137.90376707672212,136.87169957917956,-27.68078441381457,-102.7949500918388,-27.06282430128142,-31.777924386838556,-15.661080324426308,0.13066654892163182,0.9538658071279124
371.230891,161,121.714509,161.0,190.070573554058,58.512239386009234,58.05841212843321,-12.115591237545008,-45.91280946731569,-16.353923363193726,-15.594353987160677,-6.433656073301894,0.49451764509907004,1.5923468172190056
492.264969,226,122.135491,226.0,235.9673450182504,83.29901300362948,82.08293927048673,-17.111264357566824,-63.815787363052394,-20.307402451352125,-24.55986761105918,-9.29000617972779,0.22982428245852263,1.0388057567125224
530.412751,221,122.551301,221.0,276.82940806132694,81.52376688152722,82.23856572157234,-16.084558405876166,-62.751716488599776,-19.940151221729675,-22.814107271663442,-9.588456388556422,0.2890576844441428,1.2776349652431112
491.217422,214,123.061672,214.0,246.87504973985583,78.8107066018057,78.07812257354774,-16.15478617429733,-60.613284021616,-19.378850044817543,-21.19669650809827,-9.20284043477639,0.24386527257483373,1.0437433666202884
356.176052,151,123.345673,151.0,188.66180250494097,54.95308993453964,55.521246691277334,-11.38941793918609,-43.63189840912822,-16.968350643122065,-15.824999935755976,-6.145420448938394,0.49907704133154546,1.5072126648212674
268.305488,109,123.550325,109.0,152.49153402853554,38.42534778465645,38.00213130790341,-8.219053834676743,-29.225405120849622,-12.054715099716296,-16.00537214987892,-4.108978718769787,0.578898524742369,1.2619987839383646
319.394424,129,123.790522,129.0,183.4216088551235,46.126061870899086,47.27453527369492,-9.471542520523073,-34.34792712926867,-23.43558517028801,-13.916600475823438,-5.2561267092610136,0.158137339779088,0.407994336630047
379.210908,178,124.118981,178.0,175.96540929471635,64.45682176057844,64.60341165185129,-13.748111169338227,-49.2083364188671,-12.762483418355949,-20.797431907630955,-7.298371416954377,0.32063316237828215,1.1414540580666845
315.894966,192,124.569569,192.0,81.8179234229082,70.85291217987155,71.99161612632226,-15.32317607522011,-50.427817940711996,-10.436125564193429,-17.200477696528868,-7.379888548852719,0.16797405302992457,0.6450203636349103
563.263567,244,128.644052,244.0,278.3559140226722,93.47868463074578,91.00956099721502,-17.8970008301735,-69.8458133459091,-19.437413924717564,-25.669445353097835,-10.730919284615446,0.39229301185738247,1.9143898978640264
341.847925,152,129.000752,152.0,170.11969705640652,56.173432601766194,55.73170553028337,-11.603153872489928,-44.107663160562495,-15.701294136430349,-14.287180499233589,-6.47761856824345,0.36532320421737263,1.1105825408208128
824.989887,368,130.097431,368.0,394.29194351907967,137.82994112857773,134.86500194122692,-28.163012001514456,-102.24525583386426,-29.08545842085218,-34.79556279400032,-15.707710716248814,0.39827935070869935,2.9313360212160275
702.470813,298,130.873471,298.0,352.4263267366037,111.25822805338214,110.09353453080827,-22.513593509197253,-83.63068003058437,-19.295567255008862,-31.967548468265196,-11.899887072502464,0.47940707963936385,2.8572661946506086
1313.275321,543,132.673923,543.0,670.2636919753155,207.21844557957493,206.68262167053132,-39.65851858377454,-153.15055464506156,-44.3796187517421,-52.92061085694724,-23.780135040612212,0.06615914783138689,0.7184883454488616
663.512733,262,133.480201,262.0,357.92775148608246,98.81492128031508,97.70932272123329,-19.41661401927472,-73.11243277788162,-24.960955721226327,-24.36368346427557,-11.085576364999579,0.39649451826523247,2.0776312757098183
788.772287,362,134.5754,362.0,360.6846638279685,137.0851838121694,134.6705650166431,-27.923554654121382,-103.99752904772762,-23.84856502186641,-35.79404887404621,-14.104428450480787,0.3092016701038597,2.2386200915519443
199.133644,91,135.009755,91.0,100.52037527566198,31.992571022670216,32.111298715636075,-6.6856111574172985,-23.006241530179967,-11.999386703212902,-11.05277109595212,-3.7465907194593875,0.4747872247245867,0.8641127489987478
783.654107,358,136.169591,358.0,353.0602757416583,129.74132225586828,136.10735075240848,-27.68275755405426,-98.80647222399718,-17.58456428211111,-34.53318411520751,-14.64786377431014,0.38227061148930086,2.737057578263394
273.505512,131,136.64382,131.0,117.83871276121135,47.303632531669514,46.20380293721382,-9.92302869796753,-34.742817705869676,-5.957757153991193,-12.490114978662632,-5.72691763448527,0.5016864172541303,1.3144184132058216
252.084499,101,137.052178,101.0,144.1058196500747,37.67870048447513,35.77708342510132,-7.906528434753419,-27.47441561818123,-16.247530928824364,-10.426666083079398,-4.421963957172096,0.6208432435497948,1.2541033519705855
753.322702,322,138.436977,322.0,377.5050351284839,121.54579777003913,119.86396376447655,-24.48153226137162,-91.98928577601897,-26.257253437903447,-31.14269618982872,-13.721327139885682,0.40271320205458633,2.593473021231536
466.267267,187,139.462728,187.0,251.00237275072055,67.82546050921152,68.75486764563462,-14.653176479339603,-50.82867058515548,-19.1192286585478,-15.159387519513391,-8.55497045266578,0.4466888229570378,1.6706161978593215
497.397954,202,140.19458,202.0,264.16077444950304,75.94423696997026,75.93238667698895,-14.610958037376403,-54.45139737129214,-23.491743723834553,-19.510624608104383,-8.574720705436805,0.4534167205514314,1.8318035510277828
1452.737558,602,142.140483,602.0,736.0897695600612,231.5750365639297,228.056380097928,-45.088117787837945,-167.18719788789727,-47.00202102011699,-59.806124822900756,-25.900166952316315,-0.012511775785893445,-0.1506417804621571
1304.244807,557,143.508023,557.0,644.5036461644039,209.83746901345097,209.7394729983626,-42.08080246567723,-157.88718840777872,-36.284995956471725,-57.040595186769366,-23.54219934963367,-0.10577814070630538,-1.178368487468242
949.861269,454,144.404312,454.0,410.7586970511955,169.445981382081,171.20198304679673,-35.06733222961426,-128.2238699674606,-19.37183293338339,-53.64794232815624,-19.23441533845405,0.31826017369473436,2.8898023771481878
487.185901,201,144.888089,201.0,251.88859026355286,75.69094892472597,74.74647976046874,-15.376277734041219,-55.764001941680924,-18.209068382208116,-18.283114646371363,-8.50765479027322,0.44050921656667374,1.7708470505980287
261.262552,154,145.158861,154.0,86.09723939555614,52.10334111196006,52.47682674393676,-12.608926067352291,-40.77401734590531,-6.0689568467204795,-18.605267334131412,-5.357687400711734,0.19822135470615893,0.6105217724949695
1217.321683,519,146.086006,519.0,610.5597349204602,197.59517651113052,194.46960815196766,-40.73764472723002,-149.2489335119724,-40.542687141346065,-50.312641223622656,-23.460930190077942,0.0031135641760603613,0.03231879614750655
418.377709,237,146.627461,237.0,128.8982420652272,90.39520414181044,89.97528343412405,-18.845273541212077,-65.12802643775942,-12.40827572321566,-21.970820350741345,-9.538624704235453,0.16783411274131196,0.7955336943938187
271.716492,104,146.825453,104.0,160.07863409296777,37.43830850293078,37.17144526196682,-7.806417515277861,-27.030235278606423,-19.64937193189266,-8.480139860340866,-4.00573081843673,0.6948659655175251,1.4453212082764522
168.12247,74,146.956298,74.0,96.14268901785704,26.861795418431146,25.135981534462317,-6.093054106235506,-23.973349618911755,-12.356126382931814,-8.983583805676172,-2.6118816591930685,0.5588852142381419,0.82715011707245
819.52632,369,147.619198,369.0,373.62162553868035,135.04806149768817,137.7065052985586,-28.344479045867917,-100.347045969963,-17.4926718421516,-35.06951056729863,-14.596165193032663,0.023011705815266337,0.16982638891666557
776.672788,333,148.21796,333.0,387.5509099121886,126.63116142159696,122.72590958500564,-24.873505010604866,-90.4972198784352,-26.338103637916632,-37.54821730491727,-13.978146761255209,0.47145022315588564,3.1398584862181984
421.839849,189,148.672548,189.0,211.8796080850658,69.76670818986075,70.67452120160652,-15.04709465742112,-55.994298774003965,-17.893461310613283,-22.648178958579084,-7.897954755001496,0.4716159164485187,1.7827081641754008
869.503808,443,149.466405,443.0,345.0622278199491,162.87046500851025,169.1216651954341,-34.72652420997619,-123.22895473539833,-23.39250570230658,-50.75559974347237,-18.446965532216474,-0.044993618400895066,-0.39864345903193027
167.551875,119,149.681421,119.0,34.368972063834555,42.72419726590375,42.192814231217056,-10.332132418155668,-30.59057809710503,-8.18087288939007,-16.40974143790864,-5.2207832294428185,0.16568286289549586,0.3943252136912801
828.342067,349,150.307099,349.0,411.39401170871884,132.7330809993007,131.85497768081711,-25.816376968622194,-96.18084775507455,-28.61584378436697,-31.46133633845459,-14.565598256590981,0.13213904033565346,0.9223305015428612
536.660371,238,150.863161,238.0,249.91128231606424,91.20429966169559,89.62154254786212,-18.034962263107296,-65.12498826980591,-11.351263215723298,-27.44349964128823,-10.122040454059562,0.34442345445982314,1.6394556432287581
1300.225546,596,151.930808,596.0,578.1116742895423,225.69425569597038,220.85508559371655,-45.138401635885266,-168.72373707294472,-27.294614231216524,-55.375339080826706,-23.903377167685925,0.336548954207332,4.011663534151397
1098.31848,466,152.885474,466.0,543.1291334751172,174.66250999314732,173.88965832155233,-35.562325177192676,-129.6377344250679,-29.702692991557633,-45.660307895314624,-18.79976168118473,0.4547170865591046,4.237963246730855
1403.810835,622,153.98202,622.0,647.6952219466838,236.32818109032598,231.59488625438723,-47.78549818396571,-174.83683223426343,-28.677743103121845,-56.29701793510514,-26.2103630377678,0.1633768075592439,2.032407486036994
257.439074,111,154.188753,111.0,136.39199752882246,40.129482197343066,40.01924773816961,-8.488698523044585,-31.952606356143946,-14.96522851052836,-10.275611370723908,-4.419508842654202,0.5082707448087433,1.1283610534754103
2142.656445,916,155.93731,916.0,1030.4817549164072,353.72563346061287,348.5771289232171,-68.15766350150113,-261.07705006599446,-59.50025979048205,-79.62944971633358,-37.7636496446903,0.015529151351852025,0.2844940527659291
1078.895336,526,157.095797,526.0,433.12631648431324,201.7629173188907,199.77194003193853,-39.90562837481497,-143.03128283619887,-24.785679363332978,-52.56697323881208,-21.47627374749126,0.012739198753527988,0.13401637088711443
231.967058,143,157.352065,143.0,69.26385631020028,51.601916956612804,50.95949633516058,-11.757433619499205,-37.49418551921842,-8.641881231888894,-19.841220015774766,-5.123491663143233,0.206401254084943,0.5903075866829369
1322.33897,594,158.606216,594.0,616.463456541052,219.79690030687487,216.88055639629087,-46.187518659830026,-165.04963601231572,-29.035577359199007,-59.58999984635178,-24.93921173002328,0.25365925873321277,3.013471993750568
1414.268899,587,159.690241,587.0,706.7568015600474,222.54763857028183,224.28035546283542,-43.99132526755334,-165.42351126372813,-42.05870370456753,-50.85202640653476,-23.990330088063335,0.09802924074499086,1.1508632863461927
2368.208215,1000,161.571827,1000.0,1142.6139135734054,386.13345281921397,384.1776082564859,-74.12143382430075,-277.1777774214747,-55.292882548651455,-92.25030887841643,-45.87435744953149,0.09500025104575337,1.9000050209150674
2317.302978,1000,163.494732,1000.0,1088.4585103773707,386.63954480449627,380.2729475778162,-74.46643285393722,-279.95499568581585,-50.84077019350044,-90.92788309784856,-41.8779430181259,0.12877299039688,2.5754598079376003
2314.337474,1000,165.428132,1000.0,1074.5994518573393,387.40875628412164,383.8140155941216,-75.00058508753774,-276.58382445871825,-48.674895710860504,-89.95782853915858,-41.267615868258964,-0.18272228443971722,-3.6544456887943446
1102.739393,493,166.446898,493.0,519.1016319924961,181.41378583425688,182.22197883921606,-38.74483412742612,-129.76935229301452,-27.70755355691145,-55.17541050034885,-21.60085359983725,0.03961418606372032,0.3905958745882824
686.395394,265,166.925982,265.0,383.5941358433538,98.60171127270664,96.9750832308153,-20.53628229141236,-67.14990454316145,-28.343130025679766,-29.79237476715133,-11.953844401869125,0.25921302787685413,1.373829047747327
246.817405,106,167.118834,106.0,126.6052725270376,37.32550023012969,37.76424528547433,-8.30238021254539,-28.548479020595554,-10.561305363594846,-8.957733518193097,-4.507714746536606,0.1411685783417143,0.2992773860844344
2309.648898,1000,169.042662,1000.0,1081.094138164791,388.93420134177484,383.9687332780735,-74.03631464242933,-287.4956040740013,-49.26995888254332,-91.57080634336242,-41.97549070090793,0.33904163313301244,6.780832662660249
1483.788762,607,170.125148,607.0,749.0307798773886,235.04005921597965,233.1033451273552,-45.037162586450584,-164.546255594492,-48.70862265317222,-56.08559777628851,-26.00778404252563,0.4523386150533608,5.4913907867478
565.297972,217,170.636018,217.0,330.1758553847883,79.77638756683916,81.18031791679277,-16.891736614704136,-60.257577461004246,-31.927764490023023,-23.46275983034029,-10.294750296951955,0.5750070801498347,2.4955307278502823
2307.83089,1000,172.542223,1000.0,1073.636039941102,387.40498366001094,386.1252360413403,-76.16331580281255,-283.40351594090424,-48.28254663020312,-89.08581102229296,-42.400179986309624,0.041060417554298394,0.8212083510859679
340.212939,195,172.89833,195.0,104.87745439595946,73.77111805530913,74.0317199596529,-15.84391100645065,-52.973650693893475,-11.672824002819006,-19.49351646376753,-7.483450862173474,0.14985027116183952,0.5844160575311741
2376.882389,1000,174.841869,1000.0,1154.4482866595379,391.10683018355616,386.1006875939488,-74.34528269767742,-287.223111492395,-55.89948271929635,-94.97900901952421,-42.32652970243078,-0.10025947837539109,-2.0051895675078217
400.038476,157,178.976759,157.0,225.63954719728724,59.98451013170163,56.03659792202563,-12.39663759469986,-43.97917160391807,-20.63153361346565,-15.03112834876207,-6.583708190941898,0.5832248441681337,1.8313260106879399
1865.236527,757,180.466891,757.0,961.9888955786945,290.3705171067597,287.0837524088813,-58.2828058791161,-212.2027259856462,-63.6596832440696,-64.06029258887585,-33.00113059717024,0.04269253956556431,0.6463650490226437
323.915449,163,180.758718,163.0,129.71779248918926,57.492799355192915,57.058309253823765,-13.784785766601566,-44.67538356781006,-4.53683326436698,-14.09968241923517,-6.256766826482971,0.35529589233732084,1.158264609019666
2432.928114,1000,182.693974,1000.0,1211.7818092759123,388.5345714237572,386.968038707821,-75.66728845477107,-281.55051654875257,-61.71578571187995,-91.0214588943181,-44.401256063860714,0.055293294399302736,1.1058658879860548
803.293746,325,183.293593,325.0,424.1067123344636,122.95971297304641,121.67629129687751,-25.298212237358104,-89.1254012703895,-32.89363054329056,-29.808837006957432,-13.322889938078356,0.3991709294978932,2.5946110417363055
2412.799047,1000,185.225762,1000.0,1179.5085029155741,389.0671102581797,385.49685800218623,-75.43070834398269,-278.4580819666382,-57.1251402787612,-86.86039665596047,-43.399097246076764,-0.2789679486385957,-5.579358972771914
2416.214074,1000,187.173725,1000.0,1182.2503775330397,389.6767656184737,383.68709852199294,-75.01870788753027,-273.99074473977095,-58.4393967133419,-90.25926844501731,-41.69204966898376,0.03977458589155369,0.7954917178310739
1317.704202,535,188.293102,535.0,681.4662615149806,206.36540401306584,201.0075199816642,-39.846242702007245,-148.12287274599092,-44.669599072476565,-51.59163053577753,-21.90463805260819,0.40183953703844916,4.299683046311406
2446.549357,1000,190.207748,1000.0,1218.1582782228372,386.3263403312235,383.01894188512256,-75.85071024298668,-273.53870272636414,-64.41097417704762,-84.54178407894808,-42.612032420358716,-0.1145177383764624,-2.290354767529248
2418.92661,1000,192.140079,1000.0,1189.6717404451572,388.6171392814636,382.0610501270359,-75.959164133072,-281.03034917116184,-58.768000079920874,-84.8469573340819,-40.81884958418324,0.14469999621863094,2.893999924372619
1446.544453,622,193.258183,622.0,687.8617701592925,236.99382318361253,233.72178874966556,-48.75593792915345,-172.4213098347188,-33.27697240911484,-53.73507043915847,-25.843638017850797,-0.1058407116486726,-1.3166584529094871
363.357845,190,193.596367,190.0,140.1091265269334,70.0437447379931,70.41841155054452,-15.58042043209076,-49.414713883399955,-9.578116980856663,-24.948871742965792,-7.6913144402605,0.29953622278714453,1.1382376465911492
2448.001978,1000,195.52509,1000.0,1211.5922743052863,389.5828335345945,386.3009391642194,-74.38137167930597,-277.58553657233705,-60.61574473813133,-85.09415826196596,-41.7972581957328,0.003932888786255052,0.07865777572510105
373.217465,162,195.936385,162.0,181.63266699558503,56.44890483330321,58.04460275249396,-12.67513883829116,-41.848598700761784,-10.028541759623302,-13.972702097784628,-6.383728042856254,0.5151680116117853,1.6691443576221845
979.527576,409,196.671616,409.0,486.8794419158129,150.93673764817126,149.01302755392942,-31.558950282335314,-108.59755665659898,-24.197607893789332,-34.59090886628176,-17.3566078353708,0.3203964304913654,2.6208428014193688
1166.76418,473,197.518778,473.0,604.1888260117611,183.00869946320407,175.00568168893736,-36.488129656314854,-129.37879830002788,-35.970864560722134,-47.91768001651756,-18.683554417037275,0.2844745056365827,2.6911288233220727
2544.62294,1000,199.459747,1000.0,1311.6686276853798,388.6680516716864,386.8643225758299,-74.79611443519586,-271.5900913655758,-71.45400039122953,-81.47408578033954,-43.26377012355269,0.28732816090140967,5.746563218028193
246.538256,146,199.844286,146.0,73.44229977737996,55.513433824800735,54.764890868693755,-12.240958678722379,-37.599298155307764,-10.476514680433038,-16.674789629694953,-6.190807775589685,0.19842911464336824,0.5794130147586353
2581.859153,1000,201.693367,1000.0,1369.31580364918,387.2530185972463,383.07549845780443,-77.74056946277626,-274.25907768309105,-78.25386363451564,-82.74437192337932,-44.78728486687734,0.15520480179875273,3.1040960359750547
556.347831,219,202.217941,219.0,310.6794453238841,84.25715177682379,79.65445937800934,-17.147713875770567,-60.85826542973516,-26.189328513889276,-23.864165560550916,-9.183752509407327,0.3062457791685698,1.3413565127583358
2488.033724,1000,204.172169,1000.0,1253.416758359125,388.77996105991497,384.76926985944937,-75.09046012639995,-276.9333273768424,-64.86565055615549,-80.38693228316292,-41.65589526624389,0.042859763742003745,0.8571952748400749
2563.780953,1000,206.125321,1000.0,1338.4280223189182,387.27055349633486,382.79093778744954,-76.53346550464634,-269.6493887364864,-75.08365333555234,-80.4617544204057,-42.980298823078634,0.09217281266959804,1.8434562533919607
253.186934,129,206.367177,129.0,105.48208167869286,43.77947849866357,43.937123196701336,-10.749670133590698,-32.59340230226515,-5.636361589401254,-15.524228192659558,-4.508087250754528,0.25564332090273206,0.6595597679290488
2534.492005,1000,208.345696,1000.0,1319.5915087233072,390.24244822815626,387.0970898995447,-76.20557481884953,-279.1505474507811,-72.01385726943676,-91.19708613137794,-43.8719764382116,-0.09095268246126367,-1.8190536492252736
2508.829712,1000,210.264693,1000.0,1281.5011657946147,389.17567677974586,382.7035157231866,-75.59567579150199,-277.49768568873395,-67.93167009814246,-80.5304849990199,-42.995129682126645,0.026431094946800758,0.5286218989360152
2538.933929,1000,212.183987,1000.0,1308.2314504902074,389.1067906316046,385.7390509598507,-74.9693618524076,-276.9594621226191,-71.02816193958411,-77.29474081665911,-43.891636098177,-0.003911541399609463,-0.07823082799218925
1419.328218,529,213.146491,529.0,801.905423788202,202.02997881495298,198.03130893590057,-41.79031436979769,-142.46869636178008,-55.08165454049834,-48.23523685154783,-24.06259128430068,-0.010494677907077447,-0.1110336922568794
1947.575604,725,214.584851,725.0,1092.7192031651684,280.9503611594505,273.7445358473541,-56.55623278141016,-199.25408516526215,-75.11165463451823,-60.91832065068589,-32.99820276676917,-0.035514237640344906,-0.5149564457850011
2578.686263,1000,216.486775,1000.0,1348.1080335556105,387.52687719476495,384.21690956156874,-75.25213246285914,-267.40538909733283,-74.18928691309856,-81.2187653306508,-43.099983671882484,0.08717756169089318,1.7435512338178636
2463.811288,911,218.281488,911.0,1370.9493884763758,351.84571068520745,345.77826990418004,-68.90025354623789,-234.67688643932325,-93.97423381594879,-78.03697167384712,-40.17373512519929,-0.4088644207102474,-7.449509745340707
389.575684,158,218.567454,158.0,207.71723520816548,55.267630015108004,59.48279300145237,-12.952326416969298,-41.482240998744956,-18.39017100741304,-11.678927908896847,-6.388308300699122,0.5313974926902809,1.6792160769012878
2690.26268,1000,224.31634,1000.0,1466.7942134307618,391.2928778624446,385.9597693120017,-75.23221408605566,-271.02933576703117,-89.91097488024101,-75.07691286557707,-42.53474280106279,0.2658154771942611,5.316309543885222
2702.224013,1000,226.247473,1000.0,1480.7259671709799,389.0426324955786,387.17490765998525,-77.47792836189278,-266.8774224400517,-89.43090814327716,-74.57111950111754,-46.362116147008315,0.06202680150675331,1.2405360301350663
2702.081243,1000,228.307746,1000.0,1487.1362101072361,390.3068710677634,388.0957864927262,-77.60007112741481,-273.1500858485696,-90.50898467635255,-77.44746763098499,-44.75101493623387,-0.15848896351835332,-3.169779270367066
1152.331319,438,229.117439,438.0,642.0771032258551,168.4584410670174,163.43454737747288,-33.87071901798252,-120.42706804871564,-45.13127120120333,-40.17217249684265,-20.037541904124588,0.22004202909769444,1.9275681748958031
2694.061744,1000,231.099439,1000.0,1477.0531835884178,390.2960758122617,386.06877894696424,-75.51520964026449,-268.4982692480088,-90.00232182382362,-81.69285367989801,-43.647640392273466,0.1516014870744306,3.032029741488612
2716.881481,1000,233.231461,1000.0,1491.8424389699617,391.03436290879444,386.96030130949765,-75.56514200866216,-270.24571440219876,-91.32991209232007,-70.65241880743952,-45.16243503570617,-0.05747414908124,-1.1494829816248
2663.972232,1000,235.328017,1000.0,1447.5490201220298,388.48206717450455,384.8983170926619,-77.43399047374727,-267.59888742566085,-88.90507408660748,-79.12650051526673,-43.89271953651195,0.04105609934426153,0.8211219868852305
1810.962025,694,236.813261,694.0,976.048179366489,266.4517916443093,264.1180113464249,-54.85363705039023,-182.8963773965837,-63.52772899652732,-57.751708294515986,-30.626505613388975,0.37787392090171906,5.244890022115861
834.326632,301,237.373598,301.0,483.76710243931956,114.87540870967887,112.1878235109779,-23.605653376579298,-81.84605538845054,-37.129050516894154,-22.706454441143254,-12.216488495289692,0.4259351799414542,2.5641297832475543
2716.332417,1000,239.411457,1000.0,1509.4537055275875,386.59188975855847,378.82180863835686,-79.23600033998491,-259.8039339303972,-94.44781790439592,-79.18131242537594,-45.86592272000396,-0.04090323311538659,-0.8180646623077319
2777.629659,1000,241.505894,1000.0,1569.970271110257,387.59069588101084,383.4362105304495,-78.06249203562736,-263.11950075030285,-101.71347731860128,-74.23242134449379,-46.239627261713046,-0.07957236569937784,-1.591447313987557
2764.870525,1000,243.654311,1000.0,1543.7109216442504,389.94524391625225,389.3108983550425,-78.02496816158305,-269.24429782032973,-97.78985801881154,-67.85509382101843,-45.182321194453465,0.5232036143762573,10.464072287525145
2874.4427,1000,245.570007,1000.0,1674.3886031227273,390.26431323802854,387.54075080087597,-77.90421215415002,-259.7883935749528,-114.92310568356481,-78.16655527088534,-46.968700946123526,-0.06239312457529504,-1.247862491505901
2791.087715,1000,247.490694,1000.0,1592.6489091306787,388.8123108461049,384.2356292749122,-79.2819660127163,-268.25875447690464,-104.74971377346155,-76.01193079022424,-46.306769268573916,0.3895690328578546,7.791380657157092
2764.755155,999,249.612612,999.0,1564.8619924991506,386.4277936817309,381.47121303555656,-78.02501044988641,-265.3139431357387,-103.95570476737952,-75.9990622844695,-43.712123946841956,0.1578740752246542,3.1543240229885905
2716.780143,950,251.643178,950.0,1591.7482042374056,370.49941328677187,363.63166389957934,-74.56237997293478,-243.70999007225026,-118.59163160205948,-78.04108418312428,-44.19405286648267,0.03526044101702295,0.6699483793234361
2823.587164,1000,253.591848,1000.0,1637.188131521624,385.19394061438476,381.79696144420745,-79.09382660388947,-264.55605664849287,-111.18640605005345,-81.05320202727364,-44.70237796303104,-0.12280981346093538,-2.4561962692187076
2861.193785,1000,255.561003,1000.0,1647.8007379453095,389.453039189482,387.56628859493287,-77.31842671513553,-255.59420699775222,-111.26517504427318,-73.40912251576579,-46.03934899545486,-0.31659369743608096,-6.331873948721619
2901.126535,1000,257.664942,1000.0,1710.5453070538306,388.77300234665785,387.30413416792175,-79.3646992778778,-261.39400103837266,-120.37400156761976,-76.59647484688315,-47.76673222143845,0.2963919793570465,5.927839587140929
2904.695004,1000,259.807791,1000.0,1703.2239808453724,390.80615250727516,387.67024632052005,-79.20253203153608,-258.60748016238216,-119.16033369859714,-72.90056796046157,-47.13446139875371,0.12391264570125704,2.478252914025141
2843.754548,1000,261.800632,1000.0,1627.4750794449071,388.46505031710717,389.6068014395156,-80.00477864265449,-256.7081066608431,-108.17384044507477,-70.26657465644159,-46.639082456458624,-0.2176005341233657,-4.352010682467314
2930.131257,1000,263.793336,1000.0,1728.0473112208863,388.0898113050378,386.76887318096055,-79.68276380896567,-251.37966652512566,-123.07955000170267,-70.72604124100361,-47.90671684864021,0.10569448564321468,2.1138897128642937
2971.188352,1000,269.64469,1000.0,1777.2945470457828,389.3086844610306,390.98782226506313,-79.025636897087,-249.87773074507726,-129.78747430974028,-79.30995461268525,-48.40190507045451,-0.0013664054198109141,-0.02732810839621828
2970.514044,1000,271.559736,1000.0,1772.4981531744304,388.71042089158897,388.2923340589736,-80.19969550371168,-253.8620432198047,-128.10051655243154,-68.66338400731277,-48.16122477163076,0.09030697287439912,1.8061394574879825
3059.376164,1000,273.526162,1000.0,1867.8159550238795,390.25258129415994,389.1842355385225,-79.28619148492828,-250.77232311665998,-143.72237293651418,-66.22054092119642,-47.87517984681401,-0.12213691642560172,-2.4427383285120343
3028.604022,1000,275.466812,1000.0,1830.6361154927254,387.8125130472915,387.4537487325549,-79.77968561291696,-247.45760239958784,-136.53316362905267,-64.66790422213839,-48.85999983330688,-0.20736416144575293,-4.147283228915058
3028.289656,1000,277.38943,1000.0,1840.1170835811236,388.76590276775056,387.8256167026531,-80.10228434801094,-248.1797995269296,-138.98975748818822,-71.22363291211255,-49.92347315284886,-0.08008156450774664,-1.601631290154933
3061.422742,1000,279.342319,1000.0,1881.4445611466567,389.9619784336881,387.72466124595667,-81.01214236974711,-250.6961881309748,-146.5325382847312,-69.55509636346044,-49.91249385940773,0.1891063343328188,3.7821266866563756
3059.492547,1000,281.224997,1000.0,1871.395641556694,390.4584613856111,388.31298424539375,-78.94680890440944,-246.17613504230965,-143.41549803413758,-72.16322809406455,-49.972869848225514,0.118086070861262,2.36172141722524
3069.752823,1000,283.090121,1000.0,1895.3007472701372,389.6623388283179,385.2764978178491,-82.51934264183046,-249.3872485697267,-147.28343600331996,-71.50021045073403,-49.79652367519363,0.1900691913871189,3.8013838277423777
3108.564304,1000,285.001143,1000.0,1937.9852262510863,390.20315954426565,390.6011013131781,-81.66366505622864,-257.350335103273,-155.12338489871632,-67.25190325464979,-48.83589477423996,0.21782249587244737,4.3564499174489475
3125.026917,1000,286.88082,1000.0,1939.1301217165542,390.887533196128,389.8939759741788,-80.44996927380556,-241.14237531423586,-154.9805932367845,-67.0433639404022,-51.26841225710658,-0.16285221470470987,-3.2570442940941975
2679.336577,858,288.383662,858.0,1692.3078780840158,333.58452548635535,326.7058086955599,-69.83567835807803,-205.5529437333347,-145.90664769613645,-69.7247435621179,-40.24162161341575,-0.18606810705825083,-3.1929287171195844
3129.591606,1000,290.265901,1000.0,1940.2671043075038,388.6352427394148,388.549706000872,-81.9827914452553,-232.41545841991893,-156.09528199337095,-66.23575521888685,-51.1311603643431,-0.11816414378070286,-2.363282875614057
851.464211,276,290.871233,276.0,541.9573695885094,105.45672073002713,102.96219069614726,-23.533284752368935,-66.3665009588003,-49.739123516863245,-21.85352827363193,-13.419632974381166,0.4162655056159059,2.297785590999801
3155.827241,1000,292.810045,1000.0,1974.7631838275304,390.9792637244897,387.8626920081767,-81.91396136999127,-240.70430806875237,-162.41732052336556,-63.07109921133509,-49.67120915615045,0.204848826437096,4.09697652874192
636.789047,203,293.177307,203.0,415.8858967456042,78.75640639755107,74.84036650911393,-18.27601249933242,-49.4887260198593,-43.00592023703047,-14.472485209456956,-10.450479036463982,0.7799156617198933,3.1664575865827675
3152.578268,1000,295.15414,1000.0,1974.7485125545347,388.10912862805407,389.65120268306777,-81.49924490332604,-240.41469539403917,-160.9391972113775,-66.44910533129402,-50.62833309036995,-0.44097033485857623,-8.819406697171525
3208.272681,1000,297.246173,1000.0,2036.6555550410267,388.685221040223,389.2572353707318,-81.16376635074609,-238.5519248783589,-171.35647249223038,-64.88412924490478,-50.36903708190533,-0.0846006399078045,-1.69201279815609
3222.316473,1000,299.385055,1000.0,2063.8517930102853,388.9474544744321,389.7204210135888,-82.45486958742141,-237.62902079522632,-176.81739619494562,-70.20646362710178,-53.09544541607097,-0.09890212774820706,-1.9780425549641412
3271.913445,1000,301.343171,1000.0,2109.1545554413246,387.82358715171756,389.4234352615922,-82.87372073054311,-236.32762392163295,-185.69185122401464,-59.86445404907491,-49.730482535035904,-0.046202920249914806,-0.9240584049982961
3255.56215,1000,303.230104,1000.0,2088.903152237743,389.4418789819407,390.8192671693026,-81.21558222770692,-233.93530196249478,-183.28070232268627,-65.72965506156359,-49.440907057194,0.01367604045805953,0.2735208091611906
3293.488952,1000,305.134528,1000.0,2142.8125269047105,390.6069318869814,390.6358624419259,-82.2529483354091,-237.45674736499817,-193.6653804558124,-64.15803317337827,-53.03325982349108,0.13416506741834605,2.6833013483669212
3212.526042,1000,307.059871,1000.0,2041.5831753542725,390.1693729708836,389.43745968280626,-81.55777458667762,-234.31777692735184,-173.2534458218292,-69.67790683645208,-49.85706153500094,0.4779104344780829,9.558208689561658
3268.089292,1000,309.01153,1000.0,2102.635511440721,390.4822774886428,389.9378430408283,-80.5003014397622,-235.61620951294873,-185.65412367022913,-62.30689267169636,-50.88881305887034,-0.13294959287764216,-2.6589918575528433
3271.397152,1000,314.789334,1000.0,2107.0948506677505,390.0961689575148,388.8356090414808,-82.36023113012321,-230.725654911995,-185.85325386588627,-64.10039345172223,-51.58994287677252,-0.01367900026711916,-0.2735800053423832
3263.11964,1000,316.740719,1000.0,2085.3521888102246,390.2843346166645,390.2551556583895,-80.04298896551128,-233.1142820239067,-180.33790909951531,-59.90664253935292,-49.370216168082,-0.03469470572373231,-0.6938941144746462
1407.555578,429,317.518653,429.0,933.0322277407388,166.26321489992304,164.11235558155417,-36.15453301191328,-99.11233424544338,-93.95977114389092,-33.99231690896789,-21.633264715798727,0.5889630602795025,5.053303057198131
3341.699555,1000,319.465424,1000.0,2202.910267928352,389.97882019344735,391.9979402523938,-81.50903560161589,-235.3555476576088,-207.6505571761879,-67.24619201113042,-51.42614065286691,0.36144463560753615,7.2288927121507225
3337.683416,1000,321.403792,1000.0,2197.304242789587,387.0947402044875,388.5729663039888,-82.69325337648381,-230.75380030274397,-205.0095429454841,-64.82787463836134,-52.00406201397863,-0.19588114981317944,-3.9176229962635887
3350.616918,1000,323.316506,1000.0,2202.263568589711,391.5534641501766,391.579782535607,-82.10978203535088,-229.81628533005718,-207.56474242363876,-62.9318639822862,-52.35722393775807,0.8623102139620524,17.24620427924105
3377.04661,1000,325.224895,1000.0,2239.8443767635167,389.6795941262004,390.01496231078005,-83.44371441483496,-225.1276021689176,-216.5401997507989,-64.97520629383722,-52.40560065157987,0.06804048455906456,1.3608096911812912
2063.345187,621,326.502165,621.0,1366.0332406291272,242.07031389196655,239.9789596350168,-52.17648108243948,-140.64073184728613,-139.52213253772283,-41.73318271996233,-31.66479935497226,0.25445918190172656,3.160383039219444
3390.997697,1000,328.433007,1000.0,2243.838198514216,390.687901346739,392.71672048204823,-83.35281614780435,-225.78161814510761,-214.49219349283342,-59.859592234531945,-52.7589032903996,0.4057998450547925,8.11599690109585
3411.949367,1000,330.365994,1000.0,2274.6704503425967,389.0081756248978,392.43718601146804,-83.04911767244343,-223.2420429557563,-226.40155818353975,-58.89420407374062,-52.579522098059144,0.6122298148144381,12.24459629628876
422.155174,138,330.612458,138.0,269.2612113116055,53.78595984810336,50.68330529073447,-11.446468603610992,-30.166323596239096,-31.48656529375213,-10.674674015362847,-5.801270619902402,0.779593036504006,2.151676780751057
3355.167767,1000,332.519403,1000.0,2209.2521956867877,390.3462703212124,392.25218692024816,-82.62172258853907,-227.34708710014837,-209.85533104064646,-64.17505096519555,-52.683694524132086,0.6688587291250634,13.377174582501269
3441.049115,1000,334.451689,1000.0,2319.261432136552,391.0939971419109,392.8891825223235,-83.73383599519734,-228.36526402533073,-239.00277214580103,-58.974028852556664,-52.11959617583724,-0.13326292915299026,-2.665258583059805
3389.725278,1000,336.385186,1000.0,2269.3531414632635,388.8109775209458,390.1393373360037,-84.80690536737438,-223.55161173939752,-225.75717377905065,-70.75905631450092,-53.703430882530526,0.1897400502650668,3.794801005301336
1940.881349,574,337.467249,574.0,1313.95008663438,221.76053254448277,218.50688364157978,-49.61479900836944,-125.93581710159783,-141.90341238508918,-39.77576285636795,-30.10636291344481,0.9362422769751139,10.748061339674308
3428.913384,1000,339.458389,1000.0,2308.859335482185,390.33084844609516,392.66372773630627,-84.03548574924461,-224.18229506313781,-241.30362296201605,-59.400629197388575,-54.01849517723622,-0.130147693788298,-2.60295387576596
3434.974081,1000,341.408547,1000.0,2325.274516613167,388.31848821391156,391.0077100059739,-84.93807684421539,-220.88269066810616,-243.457886064159,-67.5778691100604,-52.77011154589778,0.3816093672551263,7.632187345102525
393.609097,130,341.642903,130.0,260.64580278176584,49.382547617187505,46.98882385466042,-11.730564024448404,-28.124214947223653,-34.68740973355083,-12.970897284000081,-5.894991657632667,0.9177812550396063,2.3862312631029763
3455.275181,1000,343.590537,1000.0,2334.8452127021847,389.2711540206125,393.8664668434981,-84.55799495458598,-219.14777318835277,-241.04133914103704,-63.004614571138134,-54.95593062797422,0.4656710968107614,9.313421936215228
3422.62218,1000,345.528519,1000.0,2286.204937419998,390.27930810690253,389.3398044741573,-84.59518490552908,-219.08168199956424,-227.6573466238901,-58.95656022859317,-52.91109585968208,0.14317352468059794,2.863470493611959
3421.098033,1000,347.43978,1000.0,2288.304544579074,391.0251100142614,393.85424989810474,-85.42414764165878,-220.97981607615935,-231.67013304714385,-61.57036310135413,-52.44141172317651,0.5220170646503234,10.440341293006467
3434.523057,1000,349.350227,1000.0,2304.4080878359305,391.25578664196445,393.2370247698106,-84.5176737999916,-220.7119542151689,-234.30363780372969,-61.48470537794062,-53.35987127220123,0.843747879759615,16.8749575951923
3449.143634,1000,351.203958,1000.0,2322.9588264608915,390.4295641278699,392.344844918703,-83.87466369390494,-218.1778608500959,-240.32420813826175,-60.525449698450124,-53.687419525437875,0.33574392594026,6.714878518805199
3417.123955,1000,353.108075,1000.0,2290.015338425893,389.9897695796825,393.6472951870201,-84.39828663349155,-226.12127736210834,-230.2125889023881,-64.34631409130601,-51.449981260745965,0.7614252541705541,15.228505083411081
3456.526147,1000,358.767417,1000.0,2348.2274265710657,389.25137626534894,392.9960098259959,-85.40655389547346,-217.75224768966456,-252.38969558111853,-63.59214412920864,-54.808024673713035,0.5115209848440101,10.230419696880203
3455.188917,1000,360.675431,1000.0,2350.6408527484355,389.5874429720354,392.5756307843913,-85.15751116871827,-221.49014078974741,-252.0419595797672,-65.53450386443353,-53.39089418450506,0.8437084015759618,16.874168031519236
3469.884733,1000,362.559078,1000.0,2349.5903828942337,391.86106048648924,395.4583604492998,-84.70026666879646,-218.5213050767779,-253.61558404799376,-56.55821395046089,-53.629701142660494,0.7585019293264936,15.170038586529872
3496.103182,1000,364.517499,1000.0,2391.504100438567,391.1468887578608,393.3653199083772,-84.95244335651397,-221.1951935440304,-266.8258658417166,-52.29313311532924,-54.64649086221142,0.8467704510360475,16.93540902072095
3501.904457,1000,366.561018,1000.0,2389.9859326378482,391.7982881169711,394.38312475466296,-82.80692798137665,-220.01766377985467,-263.25320971132294,-53.77759381326614,-54.407493483988624,0.6282398825641329,12.564797651282657
298.559924,103,366.742403,103.0,193.18051841704693,39.87282407812152,36.5095613653477,-9.123901853561401,-22.71661969721317,-25.720761647515598,-12.336645643687362,-4.105051452207241,0.8032249679370209,1.6546434339502631
1312.210723,388,367.411239,388.0,884.7472082192348,151.17224906901873,148.728283591244,-33.119472169876126,-82.90593145042656,-99.5121614353856,-24.495662408728816,-20.403790021443697,0.7899835883442209,6.130272645551154
3498.850698,1000,369.317051,1000.0,2380.1790180914977,392.39826584223954,394.643652336779,-84.40141734838483,-212.89227699339384,-261.9037840097697,-55.447292998510896,-53.72546722527085,0.29836922327431503,5.9673844654863
3499.827881,1000,371.215228,1000.0,2396.602360369883,390.99895109848757,394.8324608358504,-84.08464950561519,-217.3790962278843,-275.36516914380235,-52.59670027157928,-53.180275748634195,0.9145044321135481,18.290088642270963
3498.301158,1000,373.157614,1000.0,2393.636940427694,392.1778001965605,393.7056251224111,-84.24331953525551,-216.841670051217,-272.83340007384027,-53.496648702413275,-53.804168897839936,0.8512592363401585,17.02518472680317
3507.508098,1000,375.071183,1000.0,2395.1544268573316,391.00447574761944,395.66086134257114,-83.37676993131649,-214.9340363383292,-267.5333034041866,-55.37918460182859,-53.08837147536319,0.949620444497382,18.99240888994764
3510.922212,1000,377.002531,1000.0,2407.1640068666175,390.84694391532213,395.4770409370622,-83.26788810968401,-219.2920224517586,-272.8938576166486,-52.771271675035806,-54.340739469987675,0.5168800777586082,10.337601555172165
3492.916994,1000,378.961535,1000.0,2382.7887672387087,392.2521761000265,394.4530368976915,-82.37033184766761,-216.05607916116688,-265.9691256265135,-58.60687774133773,-53.574572300115385,0.9869745846830755,19.73949169366151
3492.674144,1000,380.882063,1000.0,2373.2581843590146,391.61133125626725,394.2367750109006,-83.55380352497109,-215.60579788386843,-262.7062583289399,-52.39086717380873,-52.17541941881608,-0.2383242699969418,-4.766485399938836
3494.178037,1000,382.823019,1000.0,2395.325058345063,390.0431934728345,394.0685035277046,-83.71415428638443,-221.45802673995482,-275.11939352978044,-52.22600714151793,-52.74113695560105,0.6856319697136682,13.712639394273365
3473.217751,1000,384.70611,1000.0,2369.638488165289,389.4864837495591,392.8568274539415,-83.34249562263477,-216.59344407916035,-269.5748228732978,-56.32949074739931,-52.92379461385223,0.21040084301280837,4.208016860256167
3520.654662,1000,386.535404,1000.0,2398.293132960478,390.5940684681017,394.16019455056346,-82.31120439291006,-208.13856714665877,-270.05318612125154,-49.34183374260125,-52.54794284523315,0.864463216910913,17.28926433821826
3496.946012,1000,388.425223,1000.0,2389.8252655278825,389.7859847522118,394.9319557107953,-82.38345654487611,-211.23572929799553,-273.6226494270907,-56.69627281223258,-53.65908600281883,0.9003984154057132,18.007968308114265
3509.330418,1000,390.29617,1000.0,2395.391113059161,390.3520389826435,394.148227634086,-82.10224702239042,-214.20902868211255,-273.12822553154086,-48.82364772502652,-52.29781258803529,1.0102261809728157,20.204523619456314
3518.502219,1000,392.194453,1000.0,2403.2545180943603,391.5971785953292,395.61885417675626,-82.44944587230687,-214.97066361904123,-272.8132056901172,-48.8176632363294,-52.917353139341564,0.9979548700766214,19.95909740153243
3523.740548,1000,394.089555,1000.0,2417.072243160025,391.48079823516,395.3495522572619,-82.10675713539112,-208.11819621622598,-286.1361168920382,-51.113048291050966,-52.68792710416079,0.9793330311105717,19.586660622211433
3522.27273,1000,395.970318,1000.0,2420.702288660639,390.78436982903395,395.32621413644785,-83.00169882535947,-210.15760683119322,-286.0767971911389,-51.77292055034081,-53.531119316348274,1.0197539090059364,20.395078180118727
3484.315096,1000,401.693811,1000.0,2371.358072409271,391.3521203813499,394.48517665407917,-82.71811466217042,-214.83239421844496,-268.7235590972591,-55.21008305862318,-51.39612212960233,1.0279953521154783,20.559907042309565
3519.093666,1000,403.599072,1000.0,2416.9683046961013,390.1534276352452,395.49093415903116,-81.73954333305362,-208.94438596367834,-282.6528764636438,-55.645330421474604,-54.53686400680282,0.9576196084349362,19.152392168698725
3525.878349,1000,405.529911,1000.0,2415.8803476723697,391.818342137568,396.7696746298456,-81.90685347676286,-214.32827131748212,-277.09363029413873,-52.63812368380799,-52.62313654874839,0.8436511471140689,16.873022942281377
3531.304234,1000,407.455737,1000.0,2420.9039660259705,389.7446205607751,393.54402234430205,-82.21826085209848,-202.4447418004276,-287.27176194364506,-47.86163636716428,-53.09197403260355,-0.34192134567379895,-6.838426913475979
3511.1604,1000,409.359809,1000.0,2408.3398538193546,391.2204443480359,395.70117386495946,-80.92042132735239,-207.23365509062987,-284.75660415466314,-57.15628908076009,-54.03410237010381,-0.04185025995724163,-0.8370051991448325
3505.596843,1000,411.303381,1000.0,2406.9371548789895,391.6689325378159,396.64594121929605,-82.90135743141181,-210.19750164151165,-292.8953674719917,-50.83619146316841,-52.8247681131327,0.5877573117021104,11.755146234042208
3517.359242,1000,413.242393,1000.0,2390.3418274968703,392.2038147870783,395.8120081076001,-82.87521718144417,-203.60601880550388,-271.4114955000654,-49.300882863320105,-53.804794217888954,0.15783923082943202,3.1567846165886406
3524.511087,1000,415.234317,1000.0,2410.9125640405127,390.5914726050052,395.51935856786645,-83.77792172193524,-202.38320376575,-281.48999851552765,-52.46793986323144,-52.393244196371285,0.9672153246873633,19.344306493747265
3542.352684,1000,417.183627,1000.0,2426.8688607875656,393.54259177123345,398.3216291594528,-80.47190179944049,-202.78394451886416,-292.5556291012218,-46.3740971523051,-54.19482537135696,0.8859697551971942,17.719395103943885
3523.970419,1000,419.093547,1000.0,2404.90698106799,392.0364886130668,396.5293189313277,-81.2601308202743,-204.97357877194867,-280.70590431380816,-49.5244092928904,-53.038346696582394,0.9644348182890325,19.288696365780652
3540.486306,1000,420.968365,1000.0,2407.371977719719,392.4613440008349,395.72493872745963,-81.25585070848464,-196.10475395619855,-273.4113910064997,-49.64986762929663,-54.65009126641969,0.7778594198957556,15.557188397915112
3521.39022,1000,422.817245,1000.0,2390.783028909098,392.0679426953309,396.5983520907277,-81.43041584014884,-200.06414939761171,-273.85325067943046,-47.84870267919588,-54.862585561427764,0.48672686049924485,9.734537209984897
3536.059551,1000,424.666617,1000.0,2426.2268680320954,391.637472855342,396.97657554172616,-82.75451907157883,-202.8570380926132,-292.8708973621961,-45.482743475458314,-54.816167760867025,1.037486361283865,20.749727225677297
3517.035205,1000,426.548611,1000.0,2394.110091718382,390.86146438541203,394.9942378870573,-82.22124942779556,-198.70781383514398,-278.67246478573935,-47.952406031725936,-55.376654595211534,0.36616035082193094,7.3232070164386185
3527.178508,1000,428.380585,1000.0,2406.472644839947,391.64440602959314,396.84542771759357,-80.93777411818502,-205.9418637126684,-279.74946566235514,-48.49989254790641,-52.654974863341074,0.29073862361915737,5.814772472383147
3520.336518,1000,430.288622,1000.0,2404.5778137990465,390.97005584928394,395.94628393877366,-82.98729739904402,-198.19995719492442,-288.93376957361926,-46.004107220281625,-55.032504247313774,0.9161931557090673,18.323863114181346
3548.739778,1000,432.19179,1000.0,2416.3702199852555,391.5335920893183,395.8987848467671,-80.00336538434027,-193.06772346049544,-280.55629670531516,-47.58938993114871,-53.846043356075,0.6518501279317601,13.037002558635201
3516.594158,1000,434.086891,1000.0,2402.2322139110724,390.807973785886,394.2379608126103,-82.78483133077629,-201.07326553463955,-282.9984568460189,-52.025929643340206,-51.80150762293547,0.8568632020036482,17.137264040072964
3535.604748,1000,435.981683,1000.0,2413.6840440521955,391.6592262262186,395.6443931667409,-81.54540889263161,-193.76251935958874,-286.6730637773714,-49.337707008711696,-54.064216535914156,0.4343579562897871,8.687159125795741
3547.206406,1000,437.848933,1000.0,2427.354727168102,389.97051168327783,394.7319389389413,-80.68263249278068,-190.40403943657878,-291.62771984724327,-47.48675011769258,-54.64962967737535,0.1510856346297282,3.0217126925945643
3549.165003,1000,439.712175,1000.0,2416.3333205086947,391.25913067145984,396.4908995673523,-80.20487428426745,-196.5978881508112,-280.44649962972784,-44.58117065169419,-53.087914793702495,0.8172298598209027,16.344597196418054
3537.851625,1000,445.326337,1000.0,2400.0783709682473,390.9416418367412,395.40748272041117,-81.2129637598992,-192.29847027063352,-272.64126232671896,-48.05593384335461,-54.3672404512639,0.5669762104127212,11.339524208254423
3541.56571,1000,447.23011,1000.0,2406.8714947098665,390.807343355914,394.75879820007066,-80.93299556970587,-191.44846879541902,-277.72587246286,-48.737102468062226,-52.027487447937055,0.63084858194408,12.6169716388816
3547.770397,1000,449.099003,1000.0,2415.096511734696,391.9109624681325,395.7769111535287,-80.91816085815427,-193.04948998689642,-283.7395798003422,-46.07081091188029,-51.23594720661139,0.8371850932018617,16.743701864037234
3540.383678,1000,450.967386,1000.0,2407.063538169462,391.93469436492524,395.2792131684469,-81.433295288086,-188.7628793299195,-281.7772725625257,-47.9757738241027,-53.944546830179775,0.43014801494548716,8.602960298909743
3546.584176,1000,452.74731,1000.0,2416.90004570385,391.53926748721034,395.4266735399722,-81.96568889737131,-187.36937171220777,-286.0980464489851,-47.81405294991455,-54.034650841886474,0.6033729407543891,12.067458815087782
3552.000809,1000,454.723702,1000.0,2440.0723507091666,391.451040319596,396.73092838983996,-80.1251176905632,-189.70700644999724,-307.23300579409903,-45.997216394581585,-53.19116430332367,1.0610841377486369,21.221682754972736
3560.275523,1000,456.61363,1000.0,2424.2864551179196,391.4578453613172,396.3911056385953,-80.03614434838298,-182.88980260491385,-289.8665950408969,-44.48589790413213,-54.58144285233251,0.7148970852905893,14.297941705811786
3539.32963,1000,458.521613,1000.0,2407.2221776841207,391.6253864353902,396.24897624191414,-81.50066481113429,-188.3029416710139,-282.0602712358951,-49.757308724156616,-54.145724093210845,-0.16433529925906143,-3.2867059851812286
3556.408079,1000,460.395163,1000.0,2425.552377937544,390.328594724545,395.5597279586505,-79.23065671682357,-186.68795832097533,-288.73925432199866,-46.35485501537897,-54.019897280412785,0.4844429399875487,9.688858799750975
3555.327319,1000,462.247737,1000.0,2420.007949552016,392.7744375491843,397.119463990072,-79.45397143125531,-192.17855584919448,-290.6355976143922,-39.97291069397696,-52.33349647986334,0.8996109879918052,17.992219759836104
3484.78115,984,464.095392,984.0,2397.261337347886,384.0460792946494,386.6287847208405,-79.58811034679412,-182.73018229603755,-302.503369329995,-49.18676375747662,-53.14662521137987,1.0733122577241403,21.122785232011083
3561.931619,1000,466.038171,1000.0,2435.672409905938,391.6256073137436,396.45888894897615,-79.99266145706174,-182.20933053791546,-300.3497078963774,-46.2933277497233,-52.98025998214271,1.0322078645034998,20.644157290069995
3580.415333,1000,467.993497,1000.0,2444.3554151234866,391.69112581076115,396.6489141133314,-78.48440939903254,-184.35631193816633,-295.6254139467614,-40.814022778083185,-52.999964194420876,1.0355821400259984,20.711642800519968
3572.147478,1000,469.895983,1000.0,2419.7124866854897,391.9189026278795,397.0501116983374,-77.02693078756337,-184.43424128443016,-279.48219288385025,-43.090265631212255,-52.500392227484255,0.4783013088340352,9.566026176680705
3559.906799,1000,471.796442,1000.0,2420.4350830179346,391.68568567465684,397.58077796133625,-78.66119859457025,-182.95002600401662,-293.77689279447395,-42.287735479464324,-52.11889456196572,0.525535651812904,10.510713036258078
3574.476157,1000,473.676794,1000.0,2431.871068377682,391.5913410021359,395.92184395069825,-77.46334970474237,-181.6470135807991,-289.677428886644,-42.25149094553786,-53.868812728571136,1.0236088049890362,20.47217609978072
3562.496128,1000,475.574247,1000.0,2414.9427100328267,391.2456410865244,397.03262468240877,-79.06689128398897,-178.59829050004495,-286.723334732965,-44.049011559042654,-52.28732001437657,0.48458420087790904,9.691684017558181
3569.738298,1000,477.446656,1000.0,2417.1230924018564,392.46222654369546,396.872535276921,-77.2207031881809,-179.9974480271337,-285.3810946249728,-42.47118007172134,-51.64913015703268,1.0398684957724647,20.797369915449295
3558.049894,1000,479.329521,1000.0,2428.5636275543707,391.3302101464169,396.8182121385922,-79.96155448198317,-180.1276155233381,-301.008486149449,-44.43444813587101,-53.1300514434209,0.27392959430184377,5.478591886036876
3570.897366,1000,481.216441,1000.0,2434.824893794632,392.1077159375893,397.1614334029356,-77.93757421493518,-181.08229037523262,-297.2079132888682,-44.05203261927398,-52.91686630185935,0.9875966838619744,19.75193367723949
3567.363686,1000,483.105823,1000.0,2415.7526242383324,389.7907529260756,393.563973900956,-78.589457297325,-178.15553922355193,-281.5645536483442,-41.009276127913886,-52.424839018066635,0.9117419630186149,18.234839260372297
3580.075837,1000,488.717581,1000.0,2430.6893584787695,392.0446149046053,396.21328647575723,-78.8731699299811,-174.89937778413332,-290.46553987899506,-41.41201322689097,-53.221321727722675,0.6163871592188916,12.327743184377834
3581.630216,1000,490.602523,1000.0,2437.7338587216564,391.8709908284985,395.10803387595087,-77.59413773536671,-176.79350777268417,-295.0259339244502,-40.4696772291673,-53.19941046882978,0.6431238099302446,12.862476198604893
3572.091362,1000,492.508555,1000.0,2427.0523270359386,391.82043088880016,396.2393827098745,-79.5783221793175,-176.58240829408183,-292.27666241150484,-40.7955281980426,-53.78785779120073,1.0050737342554963,20.101474685109924
3585.156796,1000,494.400713,1000.0,2441.764147315032,393.1696719767041,397.6443609735628,-77.69851446032537,-175.58806251138466,-299.9396163930065,-41.91074722092082,-52.28444372748015,-0.2860941224115153,-5.721882448230305
3578.464755,1000,496.280104,1000.0,2435.5609414120067,392.7463039199436,396.71754297542776,-77.89289844751353,-174.72825535833834,-298.65700776141796,-43.424039882894625,-51.85783142252909,1.0676040890320353,21.352081780640706
3578.257116,1000,498.185185,1000.0,2426.4178115248724,391.26705978920717,397.0924292565886,-78.03029513359074,-170.78967589437943,-294.6236974237678,-40.14212249102463,-52.93439320085308,1.0001702060373365,20.00340412074673
3586.198545,1000,500.059707,1000.0,2420.1642601533827,393.5310754923669,396.47006985216507,-77.33886397600176,-175.16455952376134,-281.64481810838487,-38.86509169662906,-50.95352756667221,-0.013958135683756206,-0.27916271367512413
3583.470164,1000,501.954706,1000.0,2435.691550761702,392.16874675108824,396.0270330784088,-77.98180220484738,-169.0399082049727,-298.2263775058154,-42.67117042779862,-52.49790787203355,-0.013595088751767095,-0.2719017750353419
3595.487058,1000,503.822008,1000.0,2444.448120057736,391.8393160369802,396.47571709299757,-75.62629412174238,-167.85701120495798,-299.58112157316486,-42.46631757233447,-51.745350915104694,1.0427469832026217,20.854939664052434
3599.112857,1000,505.676291,1000.0,2431.647269758967,393.01300253265674,397.5051031056256,-75.80329990625395,-168.08213170468827,-291.63895993620076,-35.10533564259132,-52.42279148619898,0.8964909811616548,17.929819623233097
3583.979754,1000,507.561207,1000.0,2421.568562295539,392.22454263182294,396.99759901645103,-76.83608196020135,-169.16930367052552,-290.38636071909394,-40.054128680330955,-50.3650745226089,-0.12153659243567319,-2.4307318487134637
3585.988109,1000,509.440338,1000.0,2429.3325239356914,391.9123345024548,395.56871160440863,-76.83042462646968,-169.25642957091324,-294.31280296725225,-38.60880324513061,-51.81700033119393,0.5197169766743628,10.394339533487257
3595.590289,1000,511.318717,1000.0,2428.317892975123,393.2242979047322,397.14645909140245,-75.41631304740895,-167.16138626188055,-289.57294297234375,-39.246378653014496,-51.70133990552013,-0.07158197689227312,-1.4316395378454625
3598.484098,1000,513.218668,1000.0,2428.9050431420446,393.1584755657232,397.75344068767583,-74.80767692327505,-165.7615254551173,-295.43899013996287,-34.95508528642166,-50.36958311132166,0.6527444462619407,13.054888925238814
3598.676464,1000,515.099124,1000.0,2437.902298365727,392.8371233167565,397.6537101787801,-74.4461525118351,-167.63847641050768,-297.2755877161972,-39.501473290634664,-50.854977448065654,0.9515734225308773,19.031468450617545
3602.994183,1000,516.994799,1000.0,2429.0690402212567,393.04747500493147,397.5950315766915,-74.29253349304186,-160.351125407219,-291.51682312143504,-38.023310525298974,-52.53357114147938,-0.1328703738151701,-2.657407476303402
3607.280682,1000,518.895556,1000.0,2427.0117869900596,393.4388770641741,397.9258920373099,-75.1489371609687,-164.00311873555168,-284.4073332059684,-34.21680708979101,-53.319677543083216,-0.34264652347059804,-6.852930469411961
3604.630598,1000,520.777801,1000.0,2431.318500742425,392.74189406653477,397.4732060469327,-74.25027526736261,-165.22475389391198,-288.6676014053513,-38.35520970702628,-50.405162746717025,0.6995748437338591,13.991496874677182
3605.969888,1000,522.670133,1000.0,2425.798086178598,392.484765991666,396.82366656869823,-74.15101499676709,-165.33577029556025,-282.23628660957144,-36.77578025608111,-50.63777811480906,0.9339086509086529,18.67817301817306
3616.512223,1000,524.56538,1000.0,2430.868599122233,392.38357442849133,397.75584102185206,-71.32430953979491,-162.9937740087508,-282.358647717719,-37.70568324420741,-50.11337696348668,0.1537695549359174,3.075391098718348
3573.817003,1000,526.418756,1000.0,2390.7725846914745,392.54959462679966,397.08815326977987,-74.3935406398774,-161.70341983139537,-280.0376112759655,-39.429584694133666,-51.02917328981598,0.3352763089192673,6.705526178385346
3617.320836,1000,532.064137,1000.0,2439.998529573651,393.33591446714803,397.2222158548319,-73.2704324865341,-163.31236044168486,-293.1460715041232,-33.514509735853316,-49.99244995267671,-0.24468059399789185,-4.893611879957837
3607.24161,1000,533.943898,1000.0,2441.3839350040835,392.7578246713943,397.0496615972187,-72.87455966472622,-164.5959108740092,-293.1440388679048,-41.811176733257035,-51.524125570004834,0.5132124777246346,10.264249554492693
3611.533732,1000,535.854035,1000.0,2423.204282584643,392.8720658308756,397.0808834431825,-72.84495554685586,-161.52720563411697,-281.74113464705397,-35.61389543696715,-49.89630832181412,0.1031371456083052,2.062742912166104
3621.645417,1000,537.768035,1000.0,2427.183652427515,392.8851727393145,397.80320537759684,-72.94258682250981,-159.04266407638784,-279.48807903937717,-34.50914786243278,-50.24413588178334,-0.2532574534886526,-5.065149069773052
3610.775594,1000,539.617232,1000.0,2426.598453717047,391.9808734576029,396.76403379959703,-73.01431897759448,-162.61078581511964,-285.56603731658333,-33.571383317733705,-49.805241104136506,-0.3605907345068662,-7.211814690137324
3621.302054,1000,541.511833,1000.0,2445.986878776606,392.1737388980568,397.5187325864505,-71.77524045705793,-158.49738372564315,-296.98380128752086,-36.62373453867916,-50.49713660341165,0.8501226495723895,17.00245299144779
3608.604751,1000,543.437371,1000.0,2421.165514423881,392.3461531045653,397.7235649204145,-71.45949108362191,-161.25272455811518,-282.99618506676376,-35.94202470163333,-50.9800565106582,0.17845965861673097,3.5691931723346193
3620.521054,1000,545.363786,1000.0,2436.645402356091,392.6281468169304,397.67224765365444,-72.96485653996463,-153.1039336293938,-295.9983368143765,-32.84522732330314,-51.512388299423264,-0.21538715401807368,-4.307743080361473
3618.285752,1000,547.29052,1000.0,2444.80472552891,392.86782227196636,397.03138185885734,-73.40291743516919,-157.37866882532836,-298.63131392220055,-35.49572778379433,-51.50955006717839,0.17568809944487132,3.5137619888974263
3609.956075,1000,549.194659,1000.0,2424.3205111353313,393.3552163321623,397.4998455863003,-72.81598526120182,-162.14721177220355,-282.37930537061527,-36.677830769346436,-51.1991643847919,-0.18089916890947028,-3.6179833781894053
3623.946809,1000,551.146909,1000.0,2433.6848021154588,393.0310213754055,396.39993885916766,-73.34222791552534,-154.1697775810958,-285.11277811856354,-34.96662932761387,-51.57754002208676,-0.22566257425617686,-4.513251485123537
3624.598134,1000,553.103948,1000.0,2436.1995376295727,393.24055655473245,397.7809893981093,-71.97537974357616,-158.69032882154002,-288.0588729194153,-33.533493012294215,-50.36487504091656,0.4178217163652156,8.356434327304312
3628.127004,1000,555.013078,1000.0,2430.6722564282545,392.8497292111076,398.1018674384352,-71.9273586940767,-151.42260150611366,-287.29917386475734,-33.278213295517126,-49.56950149455477,0.08661774313749629,1.732354862749926
3632.41035,1000,556.93619,1000.0,2431.8355164400277,393.4447963640229,397.9493902432222,-71.09076626300815,-154.05731725394733,-283.29384927543424,-31.823805152456565,-50.553615303367536,-0.20686060630049985,-4.137212126009997
3627.977859,1000,558.832617,1000.0,2438.2160578916673,392.93661918599804,398.12038117871634,-71.34239110469822,-155.62328884303562,-289.3179489851144,-35.28567997125722,-49.72589042362706,0.639075471533807,12.781509430676138
3627.497952,1000,560.74932,1000.0,2442.4469508558686,391.54681304398866,397.2049600202649,-72.43216794490829,-146.82092114984997,-297.4751821086977,-35.45096418740222,-51.52153672439102,0.5687337776933155,11.37467555386631
3621.353601,1000,562.664552,1000.0,2420.1494317901856,392.4318871780134,396.67307737175844,-71.12606829166404,-154.80609731972189,-276.89040911358796,-35.51734825744985,-49.56087188357925,0.5461550417660093,10.923100835320186
3613.172381,1000,564.649688,1000.0,2412.56886747622,392.53512872749576,397.325822957598,-71.74258954286574,-147.63151224851626,-286.2180995314799,-34.344190271881374,-49.32104682013405,0.34296396207067664,6.859279241413533
3638.324111,1000,566.539037,1000.0,2448.9593520185376,393.2727761333956,398.19908023248246,-71.0993896579742,-148.97908273190265,-299.56218099985847,-33.0133311942508,-49.453112580854665,0.033963478450781695,0.6792695690156338
3614.876528,1000,568.424224,1000.0,2426.4494654192713,392.60080453322047,397.37691305519775,-72.57624355196957,-152.00818961262723,-289.6580065793627,-36.004128275854875,-51.304086646560805,0.2916668957268404,5.833337914536808
3625.636128,1000,574.07032,1000.0,2429.8392027822283,392.56890556078406,397.75497072316,-70.61850622892386,-147.908439141512,-289.15937908649914,-37.17238958970051,-49.66823724445125,0.36690641245719063,7.3381282491438125
3634.116018,1000,575.946763,1000.0,2428.125156515555,393.42108752898287,397.7175236448707,-70.95738186955451,-145.0356837451458,-288.7839639437479,-30.799828409592745,-49.57089192228901,0.9518056569250068,19.036113138500138
3622.035887,1000,577.845549,1000.0,2425.566336678238,393.197571360004,397.78047253659344,-70.62010101675978,-147.24286275207993,-292.73760093710854,-34.19019403172229,-49.71773442855888,0.7511491085031122,15.022982170062244
3636.342778,1000,579.743883,1000.0,2434.8388051151546,392.87434716901964,397.69489441011575,-71.65108460187908,-146.9786564409731,-286.2694580464823,-35.296665609705364,-48.86940379076493,0.9310251612658635,18.62050322531727
3635.001069,1000,581.63689,1000.0,2438.349197315103,393.03687312982123,398.3468879497016,-71.04410946249953,-145.3227081984283,-296.53487016586405,-33.35535729822767,-48.474844425444715,0.003041903969021481,0.06083807938042962
3635.989334,1000,583.549233,1000.0,2433.4000740999536,393.260713819018,397.2301661574292,-71.16782237291329,-147.1133828938007,-286.8318868283312,-33.73473869759189,-49.05378978030573,-0.006332173850293307,-0.12664347700586615
3655.412701,1000,585.397405,1000.0,2444.969313875475,392.652678480254,397.8510165197883,-69.62413296937946,-142.79357644021516,-286.29842981994915,-31.106393992705744,-50.23777422289866,0.6112311137149543,12.224622274299087
3639.588634,1000,587.276166,1000.0,2423.5415139695897,392.6104324260355,397.92933369304023,-68.94097302675246,-138.65972841382018,-284.17671506101675,-33.68217251915109,-49.03305713229097,0.5414924899914079,10.829849799828157
3645.398102,1000,589.156299,1000.0,2426.8730333082917,392.7709739243702,398.5156368755353,-68.82230141758922,-139.85128967314944,-284.81655260592765,-30.846349962068842,-48.425048411497215,0.16209121358401465,3.241824271680293
3648.850772,1000,591.013785,1000.0,2439.184130320298,392.6058132093953,398.592913852751,-69.13327118873585,-143.13440325558173,-289.8987467103054,-30.92593068818811,-48.43973327257015,0.14960682421398075,2.992136484279615
3652.456248,1000,592.937165,1000.0,2439.6757469895024,392.9918184763782,398.31094251344905,-69.46320974349979,-139.34129814356555,-288.8078558386667,-32.444392191099375,-48.46550370004078,-0.1444336590764887,-2.8886731815297737
3654.639745,1000,594.823744,1000.0,2431.1180317284134,393.39604784714965,398.79335131767016,-67.74287732124338,-139.3189343512057,-280.14083715290764,-33.473527246967905,-47.99150998930176,0.8012890108496956,16.025780216993912
3642.516107,1000,596.766422,1000.0,2423.979874269001,393.6957980754104,398.31791693275954,-68.6210953032971,-138.5175870165227,-283.2662617241362,-35.682584016174935,-47.3899538323825,-0.34362437936922136,-6.872487587384427
3646.907901,1000,598.776849,1000.0,2424.3606000461955,392.158837250258,398.3169177237425,-68.53781054973605,-139.53864014744758,-281.25320550289285,-31.466964719663594,-47.13183350899931,-0.1132431018919384,-2.264862037838768
3661.956456,1000,600.751515,1000.0,2450.114864263019,392.5201975850794,398.3086490711918,-68.45920155405992,-137.7888840526342,-293.7425850522112,-30.91914638325864,-48.07743792277879,0.5678050891780595,11.35610178356119
3655.972937,1000,602.692986,1000.0,2439.3174390206664,392.1444037048152,397.3929769116631,-69.79438002109528,-136.49690803289397,-284.3214714903646,-32.554207286557855,-49.714916022736375,0.4438592764475386,8.877185528950772
3645.654578,1000,604.657213,1000.0,2426.303612255894,392.7276531448551,398.4254278769847,-68.40735379695893,-139.5397464871407,-283.9937153209224,-32.435995535312756,-47.425303992167535,-0.2218612616272983,-4.437225232545966
3666.148012,1000,606.671738,1000.0,2449.87989578081,392.27740453833235,398.733769877536,-68.71606415271769,-132.28828799873583,-295.9567960389428,-30.060031908045904,-47.721878254795314,-0.12775461010741798,-2.5550922021483595
3665.166832,1000,608.699927,1000.0,2434.7024903160163,392.10031424559395,397.41607728749784,-69.36127934455868,-132.73347717821605,-279.3151213610858,-30.1510182700209,-47.49115405080197,-0.2862323436264848,-5.724646872529696
3662.508652,1000,610.729051,1000.0,2443.129444070366,393.1147373355181,398.5461746274782,-69.22842946052548,-134.6387055709956,-291.00107590771626,-30.281621775475546,-47.131871221870135,0.4001094013314301,8.002188026628602
3656.379706,1000,612.762863,1000.0,2439.5854555290825,392.47897826888806,398.17788376560634,-68.57146781682971,-135.21205637156947,-290.4600891785984,-31.20067569811773,-48.418322420167925,-0.27732624088530566,-5.546524817706113
3649.827054,1000,618.838006,1000.0,2435.48358050206,393.117505600364,398.52029137980963,-69.56421976327891,-132.7442440897228,-292.29687830963985,-33.383981903175545,-49.304999282193386,0.001622292540115719,0.03244585080231438
3670.436454,1000,623.809219,1000.0,2447.6285734578096,393.5743652963345,398.47015374090506,-68.33236092090601,-131.70182487815615,-291.96168972966234,-28.895001858803095,-48.34576125607587,-0.3500598021992807,-7.001196043985614
3663.733029,1000,626.885357,1000.0,2430.301605450162,392.1363951435057,398.4225152106908,-68.00287835240356,-130.46651640534415,-281.72365890891933,-30.101590876374004,-46.832842020575,0.5315875706561288,10.631751413122576
3657.710069,1000,628.975339,1000.0,2430.6922932717644,393.8789226430251,398.71750562026665,-68.37739156603818,-132.08067283928392,-282.96809654138997,-33.60591043203938,-48.5465811950421,0.6986957628882258,13.973915257764515
3662.050183,1000,630.873186,1000.0,2425.5609285699757,392.92649568986485,398.2107636522194,-67.54739006400109,-127.04423062503331,-280.60226449309954,-32.00072665428883,-47.45339281782646,0.33827503095586314,6.765500619117263
3663.941161,1000,632.743812,1000.0,2432.778380658298,392.5215876848916,399.3021423021928,-67.8977351558207,-129.64383108168855,-282.51057640624384,-32.94891163931652,-47.65989518739756,-0.3630710870121026,-7.261421740242052
3666.590569,1000,634.528991,1000.0,2439.516189928208,392.98494062672427,398.409204624632,-68.46269918441773,-129.52718277126536,-285.36000509729007,-32.20086711670045,-48.76901172379369,0.2790416208594487,5.580832417188974
3671.289672,1000,636.481359,1000.0,2438.6958682402255,391.8716566966347,398.61121863906135,-67.55694260597232,-127.45798039287334,-284.6380097099824,-29.49518062817031,-48.74095797328856,0.9195914519838906,18.391829039677813
3669.397631,1000,638.358216,1000.0,2444.3300484075053,393.20609869319634,399.1963660855701,-67.81945818901065,-129.8993303716183,-291.60717088183884,-29.545689438813866,-48.463233358991225,0.27640221899435147,5.528044379887029
3678.255511,1000,640.242755,1000.0,2445.1535203633434,392.02417671341317,398.7664785952657,-65.66271849155441,-128.56449784785522,-286.4752033759391,-29.600440954371777,-47.385803548697524,0.76498598198782,15.2997196397564
3672.738996,1000,642.09277,1000.0,2433.022740810654,393.01331783261907,398.204745739297,-66.10283400893215,-127.18356234431272,-284.0316377755929,-28.49073046656627,-45.69304418880896,0.18878205042158733,3.7756410084317467
3681.69467,1000,644.007207,1000.0,2444.2384880327227,391.93197874310306,398.40354233814685,-66.0768522715569,-127.22485470324754,-285.257890939424,-28.325534566437277,-45.99420694834149,-0.21746078101265595,-4.349215620253119
3666.783974,1000,645.921812,1000.0,2426.738508316526,393.4363037513215,399.30045354894924,-66.79031191229821,-125.2476059287785,-283.1549251353374,-30.314121880653595,-47.18432655089076,-0.18558913733444476,-3.7117827466888955
3676.730023,1000,647.822285,1000.0,2436.5339389807277,393.5273386771331,398.69794824066065,-67.77128977775571,-124.94277039766327,-283.0434023237706,-29.47244888617441,-46.79929134243041,-0.18989203174017305,-3.797840634803461
3683.167008,1000,649.751243,1000.0,2438.4959525132576,393.66013299597626,398.6289093932455,-66.83724691390998,-122.30534679293639,-284.13630306713276,-27.767415078728813,-46.57167494386333,-0.07514003886873383,-1.5028007773746765
3680.882393,1000,651.633216,1000.0,2441.6289662464596,393.42835914900724,398.5561333579664,-65.94787617087367,-126.21436467170722,-285.30069951362526,-27.241535465763015,-48.02658976802427,0.523008669026753,10.46017338053506
3681.663575,1000,653.538213,1000.0,2425.0238347828113,393.11638987175274,398.24571122448316,-64.70216991543765,-120.27376485913983,-273.5409131748726,-30.542033248276212,-45.66347980619336,-0.2609703202871865,-5.2194064057437295
2693.347508,739,654.96387,739.0,1782.3214919827187,291.23581799840565,291.6693629635839,-50.55487742900847,-89.10141777396207,-212.69746688449806,-25.002170871129024,-33.52323236665369,0.11201709677379212,1.6556126903166477
3678.653539,1000,656.878604,1000.0,2443.874650015186,393.44138596221177,398.71327304569724,-65.97616727113727,-121.04980983287115,-294.29680053684336,-28.791093526893157,-47.26189864123878,0.008327969303775582,0.16655938607551163
3675.739263,1000,658.731171,1000.0,2426.014643368751,393.5255998514159,398.8460706031567,-65.2580562210083,-123.79209445416907,-281.2862835746492,-26.71769430604516,-45.592922467661964,-0.2331573546609241,-4.663147093218482
3681.250878,1000,660.610271,1000.0,2438.0260405413856,392.5720082001835,398.5784790447431,-65.9942814433574,-121.21701744645826,-285.1984466373871,-27.6931286789775,-47.82277516094403,-0.011640752080154594,-0.23281504160309188
3698.7841,1000,666.252314,1000.0,2441.9528790187737,393.0542790803416,398.2822932635232,-62.34305017948146,-122.59858471602199,-277.68585229091565,-25.129832352627066,-46.74803136371765,0.19594912564701103,3.9189825129402207
3696.629409,1000,668.177659,1000.0,2445.7352848991186,393.53310465836483,398.84845640315746,-63.18134328246117,-122.54690357148645,-279.91384108908073,-28.410931928934513,-47.43441703566903,0.27073219085236555,5.4146438170473115
3695.780832,1000,670.093253,1000.0,2441.4290957965095,392.4281369883521,399.07341714927855,-64.73999408960339,-119.7505258738994,-277.08130126468075,-29.301183936152135,-46.276813174897114,0.036622213893525504,0.73244427787051
3691.377682,1000,672.006202,1000.0,2437.301580290397,392.960460103904,398.8997826792508,-63.25958574652676,-120.64210071414686,-279.7352883016513,-28.799228323479355,-45.34793810213203,0.3569352942296509,7.138705884593018
3683.861895,1000,673.931599,1000.0,2436.851858115727,393.60688835292905,399.0770875034257,-64.15691127538682,-120.27345133572811,-286.98174521538607,-28.07221922175266,-46.18961182295488,0.1748918859424554,3.497837718849108
3684.310063,1000,675.818441,1000.0,2431.502804894085,392.8204713536562,398.2114008538235,-64.92804363965996,-119.97662043981266,-275.0459469485097,-31.05410361037045,-47.21989943184729,0.24985057916159198,4.997011583231839
3680.504607,1000,677.697433,1000.0,2423.504996996296,392.6457189304911,398.5475382209236,-64.45477093935014,-119.1077082663776,-274.37971444656074,-29.202830822147313,-47.04862251448094,0.2200491340203846,4.400982680407692
3695.873828,1000,679.592048,1000.0,2445.5685537054874,393.29105502026766,398.51269822512376,-62.685674736499806,-120.21545904874802,-285.7859949774167,-26.727135276245797,-46.084214593344264,0.9132418256824291,18.264836513648582
3686.933665,1000,681.491713,1000.0,2438.727360909789,392.87584569995596,398.0184209480218,-61.88514151811598,-119.49847689568989,-284.9822248366179,-30.233321837102157,-46.08879699369046,0.8677825912880082,17.355651825760162
3691.39435,1000,683.384102,1000.0,2433.224563450402,392.60281839270027,399.58536350112945,-63.00006538867951,-122.6335568457842,-277.1948699774229,-25.80310697959764,-45.386795866763954,0.2694780797985413,5.389561595970827
3691.536325,1000,685.270627,1000.0,2441.5250340019747,393.982567518825,398.93815499320266,-61.946145187616345,-121.28162854909895,-284.6210534528542,-28.021240793397133,-47.039363914716375,0.38470268147053943,7.694053629410789
3696.91425,1000,687.173238,1000.0,2433.5073262885867,393.35159578217497,398.3264723418432,-61.22235972404485,-119.39342235624801,-277.10012259206576,-26.12822562684678,-44.427013991283864,0.3879635372465254,7.759270744930507
3703.616981,1000,689.062361,1000.0,2448.9443146769827,393.2889383417495,398.880992178344,-62.528260217905014,-117.5035757169128,-283.9432453529825,-26.55537626345049,-46.96680689352991,0.2531403423572158,5.062806847144316
3687.53933,1000,690.906958,1000.0,2428.803508963013,393.1551365783063,397.7155519659453,-62.151975077390695,-117.96366613954307,-276.08825302727746,-29.63169139705027,-46.29928169019744,0.16169009767780268,3.233801953556054
3703.348623,1000,692.784353,1000.0,2443.9941675891023,392.4367215339011,398.9026239927111,-60.781727938652075,-115.06930166929942,-284.7901199556119,-26.392300518424314,-44.95144048108645,0.510491038509348,10.20982077018696
3694.963414,1000,694.645398,1000.0,2440.8476509795455,392.8722745429932,398.7973583135444,-63.27026788949975,-117.77716091349721,-281.46274096779206,-29.022424729647188,-46.0212750715554,0.18867491489045252,3.7734982978090503
3702.174619,1000,696.492087,1000.0,2441.218898789071,394.1154159367558,399.00462892645606,-61.34462523341175,-115.80340802669521,-283.79987352869443,-26.0952819578563,-45.121136365677145,-0.15817645809645708,-3.1635291619291417
3698.332889,1000,698.24847,1000.0,2437.5398807164074,392.5366522144894,399.25576943148485,-61.47480456948276,-116.17714009583008,-277.6444151692951,-29.939271821423105,-45.763781997573126,0.7280800530008175,14.561601060016349
3696.547092,1000,700.088456,1000.0,2436.9633429655505,393.74685102133026,399.1291549394212,-61.367312767505695,-116.87347363829599,-280.61301412602097,-30.455795847135718,-43.98266102001695,-0.3398286657101336,-6.796573314202671
3700.460696,1000,701.918945,1000.0,2437.9218855597833,393.0887088426114,398.70409153244475,-61.223521779775616,-116.45113994926221,-279.1305628195889,-28.39522458188939,-44.0535410990914,0.17035651391140277,3.4071302782280557
3713.359826,1000,703.792158,1000.0,2445.4711885352513,393.27778230739284,398.97926309362543,-60.73588817715649,-113.21365224421025,-282.151855641757,-24.734971867828943,-43.53203967759189,0.009763683252468184,0.1952736650493637
3712.269019,1000,709.442507,1000.0,2444.01820309236,393.10914752940437,399.0123834406002,-61.65123762369166,-113.76774487793428,-278.66634509553387,-26.466942204433018,-43.31844557291329,-0.04464286661092663,-0.8928573322185326
3709.044601,1000,711.282523,1000.0,2442.1558251069723,393.4834253781763,398.9534415645845,-61.350631864070856,-113.33195354044443,-282.58203377141166,-24.364996759999105,-43.918474873906796,-0.023237844125847704,-0.4647568825169541
3713.463493,1000,713.124536,1000.0,2446.231081090534,393.84750612057746,399.11491413020843,-60.96634569287307,-113.44281935691829,-280.836522254182,-25.743221754648822,-44.741098938260954,0.41924364864277414,8.384872972855483
3713.785011,1000,715.003613,1000.0,2449.634384052261,394.5228317319358,398.5686842767538,-59.73795683860782,-110.25937873721132,-287.7558876682289,-26.22944960757398,-44.958216324738586,0.06662022045841229,1.3324044091682459
3700.51288,1000,716.863537,1000.0,2435.5591634506213,392.99981305759013,398.91933890838146,-61.027407310009025,-113.72498815059646,-277.88741775698617,-29.025533023201753,-45.3000890462559,0.03630798286875005,0.726159657375001
3707.746056,1000,718.756001,1000.0,2442.664332630324,393.38893642316475,397.90181766353766,-60.42456054925911,-109.63473727852113,-285.61203527128305,-26.104306293725273,-44.43339143704958,-0.38139800620670494,-7.627960124134099
3708.947605,1000,720.595784,1000.0,2441.4428673142065,394.40487148409943,398.3018853022216,-61.71800624489793,-110.70236800462004,-283.82290353244673,-24.5202068669483,-44.43853407336354,-0.27973461641186687,-5.594692328237337
3705.618434,1000,722.453602,1000.0,2437.2916319354563,393.5764457568245,398.01600346978216,-61.259804850816714,-112.04683658629669,-278.8209804411258,-27.066785878556527,-44.071239152274345,0.004145543083030166,0.08291086166060331
3705.971865,1000,724.286363,1000.0,2432.906392277614,393.52785890463497,398.50632678421834,-61.185896325111386,-106.64653407484272,-280.24436211817357,-27.771181022263324,-43.12073918042381,0.146729101578416,2.93458203156832
686.064359,197,724.629596,197.0,450.0135293693971,76.56430492211987,74.24094207067083,-14.694623279571529,-21.05604436993599,-59.5762453982718,-8.39823696225496,-8.029267025352336,1.0346785417221824,4.076633454385399
3712.700465,1000,726.637908,1000.0,2433.2401678444126,394.07254233462737,399.4364870029782,-60.08519931554789,-108.43411627709865,-276.2800154428843,-24.843715228539224,-44.405685714832316,-0.10682472093851969,-2.136494418770394
3708.48223,1000,728.531378,1000.0,2430.1851445462985,393.703177872422,398.8822901176113,-61.35301425218581,-108.727829772234,-273.26661177206114,-27.85765623541776,-43.083270540588735,-0.15028990968102335,-3.005798193620467
3711.026991,1000,730.403208,1000.0,2434.3351901676397,393.0618896594637,398.8141811218281,-59.960487426519414,-109.63643509149553,-277.78194948381866,-24.548530688335024,-43.25686742070884,-0.22679756215298358,-4.535951243059672
3713.956111,1000,732.317346,1000.0,2434.2561200333057,394.7032990343154,398.87794749941565,-61.48593556046483,-108.64561345875265,-274.3238272234868,-26.346203393671107,-43.0796762423754,-0.09779214728968946,-1.9558429457937894
3711.383046,1000,734.164531,1000.0,2431.311036621406,393.9067509601819,399.0661638319928,-60.83710579633716,-107.16501155495644,-275.2228588626372,-25.151690076969075,-44.52423933884002,0.025835720202739814,0.5167144040547963
3726.918525,1000,736.064298,1000.0,2447.6297299384687,394.79050064997267,398.989947580194,-60.24683395624154,-106.13456564247605,-280.65008836772415,-23.957748919905764,-43.50241654468702,-0.08041543647139307,-1.6083087294278613
183.859231,61,736.18447,61.0,120.86232548711996,23.8924154723087,20.19794529977034,-5.511262607574462,-5.729449301958086,-20.24014026414967,-8.478223375876528,-2.1343796207899666,0.9494263111230754,1.158300099570152
3715.115344,1000,738.216167,1000.0,2431.264601556267,394.1152020134499,398.29938004817967,-60.41566896557802,-107.70610695183284,-268.93439656080534,-28.865693750069195,-42.64197361664779,0.09077625012127209,1.815525002425442
3717.946867,1000,740.387017,1000.0,2437.956555701933,394.6651380355051,399.64804282643604,-60.50298704624178,-108.11332654058944,-275.3547065097756,-26.723206592620198,-43.62864257142754,-0.1138302507957861,-2.276605015915722
3704.300283,1000,742.361674,1000.0,2427.5584542795937,393.7623792656254,399.15137495519315,-60.264939247369824,-109.66068252474074,-276.3491654685054,-26.42604929691419,-43.471088469898724,0.05336203493316296,1.0672406986632592
3728.812124,1000,744.521888,1000.0,2450.2045718188115,393.20407541510605,399.23963137208756,-58.82533654570579,-104.83571855276814,-283.3788966162577,-23.30026878491598,-43.495933939220734,-0.10358800253118194,-2.071760050623639
3719.879069,1000,746.395819,1000.0,2444.3356910091234,394.17889042587234,399.13930790629564,-60.437472379207634,-103.75562498718507,-286.3527424498191,-24.340872779225805,-42.88810775890844,-0.0813672330565957,-1.627344661131914
3726.126436,1000,748.460218,1000.0,2434.9150948848373,394.6251943627361,399.2706810582441,-59.52801240563387,-104.90255490541449,-272.8674675234505,-23.30200818819189,-42.0844917067269,-0.2605299055706613,-5.210598111413226
3718.176106,1000,754.572423,1000.0,2445.8083027714188,394.9591791429538,399.84455209694073,-60.80545514941206,-105.96178033202882,-285.6945946855299,-26.07884746480382,-43.89525039920155,-0.019265421478408214,-0.3853084295681643
3719.686532,1000,756.664616,1000.0,2433.0030836464475,394.41091389262243,399.12137170872006,-59.318860872983855,-104.60012681335213,-274.3845273538989,-25.463609058602717,-43.08171312247585,-0.11187559731716581,-2.237511946343316
3725.739167,1000,758.802979,1000.0,2441.8188580033807,394.877411566417,399.1974037976566,-58.42785485148427,-101.47752224802966,-280.42145081257945,-27.301076805372116,-42.52660182219997,-0.09155269503396557,-1.8310539006793114
3725.640676,1000,760.918639,1000.0,2440.2243528093254,394.20510666123386,399.2099842223765,-58.26436336278917,-103.06069339364767,-275.15647189428853,-28.106654727656785,-43.4105841854952,-0.1334477732151229,-2.6689554643024582
3727.77013,1000,762.971457,1000.0,2439.878469055567,393.79524242089974,399.5671615166267,-59.40751561284062,-100.94108826518047,-276.73535655933523,-25.443382027240652,-42.94340047127086,0.20505940437695463,4.101188087539093
3717.959038,1000,765.027891,1000.0,2425.595995185188,394.60094517538874,399.1402424916314,-58.2384187829493,-102.66336483210327,-271.2560070008811,-25.40716665597171,-43.813187107893796,-0.0050219186109592365,-0.10043837221918472
3730.428877,1000,767.021425,1000.0,2443.8852568171005,394.3431822672074,399.69310603324556,-57.99112095832828,-101.25820213109259,-282.4281554030255,-22.518775444996585,-43.2964143600986,-0.013672527817321728,-0.27345055634643456
3723.788843,1000,768.884619,1000.0,2437.3656410691165,394.1064904331879,399.4555656064431,-58.64112895488742,-102.11726111844186,-276.2173192956443,-28.150564156162023,-42.012580319766094,-0.10715292062975135,-2.143058412595027
3731.026608,1000,770.767628,1000.0,2440.7381115583435,394.77345158720806,399.0298617657162,-57.683853777647066,-100.14915824830541,-277.74139971840503,-25.48884082890246,-42.45156466918983,-0.05972484729381633,-1.1944969458763266
3733.701421,1000,772.674581,1000.0,2447.2825404627,394.4845474844391,399.43493427098997,-57.81245817184447,-98.11875976249569,-281.57120637003965,-25.463238098593525,-44.53493891378849,-0.12988054081147105,-2.597610816229421
3732.739186,1000,774.600176,1000.0,2439.058119661864,394.44233404157103,399.57765437091115,-57.48833702921869,-96.34673513621092,-280.1867479982347,-24.281290767742252,-42.03581152426571,0.07341891984867176,1.4683783969734352
3740.53663,1000,776.594804,1000.0,2442.165358519223,393.89929407186435,399.382952638307,-56.67958018660543,-99.25178113430734,-274.35450774659506,-22.790863887988287,-41.83424263121248,-0.2729576811075443,-5.459153622150886
3740.025756,1000,778.541565,1000.0,2444.2871687511147,394.4402638829835,398.91268149364464,-57.225208497047426,-96.67541051507003,-278.56268365414536,-23.629235489461127,-41.52181974617434,-0.2516466478739348,-5.032932957478696
3733.218134,1000,780.469846,1000.0,2431.6363144869715,394.0854350856792,399.4045648880033,-57.47803807377817,-97.67008079588413,-271.0341529246975,-23.309204414854463,-42.416704017635375,0.09258671579882942,1.8517343159765884
3746.767965,1000,782.474921,1000.0,2444.5171455680397,394.9092527745747,399.6389594710146,-57.00154030203816,-96.71891865357759,-273.71728830066263,-22.627592593455645,-42.23205346205472,-0.053172916050852795,-1.0634583210170558
3732.587729,1000,784.418413,1000.0,2430.7902955177365,394.50193098903657,399.6182489428966,-57.2517917490005,-96.79550560265787,-270.1758228923818,-25.532117484868916,-42.567509079562214,-0.040073638823599635,-0.8014727764719927
3747.930587,1000,786.375572,1000.0,2450.0998952942323,394.4450601045653,399.49471018617356,-56.907190271615974,-97.64184969216586,-279.50428369144663,-20.956922264025565,-41.098833108958885,-0.0739724348315764,-1.479448696631528
3742.790012,1000,788.369426,1000.0,2440.281930575979,394.2457197291599,398.70241307453415,-55.17611871838564,-95.7858087278903,-275.8540562478811,-23.79925195566078,-39.824815734229865,0.11136697393747005,2.227339478749401
3743.861126,1000,790.295607,1000.0,2441.7268622893425,393.7232756561157,399.0890467406173,-55.540189589262056,-96.40941592156878,-275.7142980232907,-23.262233553297506,-39.75192120873098,0.039540112910304036,0.7908022582060807
3753.503183,1000,792.221871,1000.0,2447.6148275940923,394.10880317230357,399.24259506135456,-55.755293061733305,-94.2459338501096,-278.2135984848685,-20.148579352654842,-39.099638482408274,0.09549820517437554,1.9099641034875108
3750.113645,1000,794.245252,1000.0,2452.7834484542273,393.9104002591851,399.2095753404615,-55.62596927404395,-92.8438873827457,-284.3726793858319,-22.548638975968615,-40.398604338875614,-0.31515210774973595,-6.303042154994719
3737.844791,1000,800.019988,1000.0,2435.462828793527,394.0600955483709,399.7511176277279,-56.2778604936599,-95.36790054440493,-273.9983944660452,-24.31763948595989,-41.467455986051434,-0.06513297356956872,-1.3026594713913744
3744.940423,1000,801.977499,1000.0,2440.4621901283886,393.5157100875113,399.40808549371957,-55.45441212058064,-93.50625544637448,-275.37954091882136,-23.432646691673213,-40.67270706637444,0.1342664377742763,2.685328755485526
3753.564967,1000,803.990972,1000.0,2448.105211472628,394.9508883696944,399.7569766492923,-54.9328668987751,-93.66612364351755,-280.00283259232873,-20.841583092804857,-39.804702868063615,-0.05757170072070653,-1.1514340144141306
3749.125217,1000,805.867643,1000.0,2434.7449994827753,393.82817876812317,399.307130386967,-54.11363129019736,-93.11026102155454,-270.41379870926676,-21.829859162125963,-39.28754182456139,0.9487284480210556,18.974568960421113
3754.037451,1000,807.80887,1000.0,2442.444095014032,394.2747642990455,399.33136982131066,-55.134430471658774,-90.57065121233462,-272.8730066154338,-24.436210525384993,-38.99847918038054,-0.06828230820462391,-1.3656461640924784
3757.285094,1000,809.766276,1000.0,2448.851649947518,395.0551543953262,399.87351980917015,-54.76729694247245,-90.65056585073461,-279.7688798031605,-21.773697938652603,-39.53478949934448,-0.12731200244784915,-2.546240048956983
3756.044041,1000,811.845436,1000.0,2448.159169782264,394.59370175714093,399.5430352340234,-55.527418549060826,-94.38582157194611,-275.4349167346132,-21.710582059814147,-39.19312644333097,0.053721980526746003,1.07443961053492
3741.717766,1000,814.471921,1000.0,2429.7557298423594,394.98544653350575,398.5420414783017,-55.99994096040729,-92.0786299869419,-269.7506999489919,-23.885286802887272,-39.850894579454184,0.24751728190745909,4.950345638149182
3750.701945,1000,817.743987,1000.0,2441.7396168554055,394.87482322204716,399.53426072533665,-55.526273090839325,-89.81647913157938,-275.42819102859124,-24.306178520094722,-40.36963390817692,0.2619996189955903,5.239992379911807
3760.064353,1000,820.219546,1000.0,2448.7200131089867,394.782270452735,399.31958916318086,-55.04439143300054,-92.1392174392939,-275.50353159939317,-19.36934317317157,-40.701035788312616,0.07023221275231106,1.4046442550462213
3755.430748,1000,822.064615,1000.0,2441.846748429668,394.5416026641184,399.2191272919683,-54.08231118261815,-89.73209337443123,-274.43607039545225,-22.09530339099016,-39.83095155360641,0.04194605296545305,0.8389210593090609
3753.97817,1000,823.93362,1000.0,2443.2578395732694,394.5648761380046,399.13794714768176,-54.22983107805246,-91.76326130107049,-276.45957493189223,-21.643419441038606,-38.886406264391866,0.17918439097488328,3.5836878194976656
3757.551651,1000,825.763684,1000.0,2446.3367546051268,395.421217455735,399.59734903515056,-55.64518608212466,-88.7519417956472,-278.3992632314532,-21.04259498221059,-39.96468391544882,0.010256072584352129,0.20512145168704257
3758.437498,1000,827.604448,1000.0,2444.2439569797484,394.9838804035158,399.6202456805643,-54.949701502323144,-89.69645917862651,-275.25522599976733,-20.950645641534347,-39.558553028142924,0.29127543163016467,5.825508632603293
3759.535859,1000,829.502623,1000.0,2450.108399848776,394.9513921447421,399.3943050100441,-55.44863273859019,-88.3847199812532,-279.8707494171553,-22.42343735941828,-38.79069808056109,0.23429373050461458,4.6858746100922914
3754.993692,1000,831.393309,1000.0,2441.4012419135647,394.73303887223597,399.1003083768325,-55.020342843532575,-88.38866773024196,-276.2536877925152,-22.16418897453481,-38.414009811839044,0.30625336256658864,6.125067251331773
3761.846719,1000,833.358186,1000.0,2450.283723348503,394.66153646305145,399.8566037988744,-55.06154592156413,-88.03543955236677,-278.56355519581064,-21.231648794992182,-40.06295559320528,-0.000675446859881287,-0.013508937197625739
3756.202345,1000,835.304763,1000.0,2445.5521922035414,394.5418006542315,399.65157954345756,-53.37422262907029,-86.42842869684098,-282.6902536241032,-22.57451137254588,-38.47581129666514,0.5186721613724835,10.37344322744967
3767.915546,1000,837.186853,1000.0,2452.9760371133584,395.2104886212683,399.5785948186586,-53.26915135264403,-86.25730610787862,-280.1964187695341,-21.28318217314885,-38.84351652125474,0.5167822243385503,10.335644486771004
3758.19815,1000,839.117229,1000.0,2443.699425515796,394.58503871473835,399.3553314726177,-53.639775984287226,-86.34144588559867,-279.6659902440213,-22.840861412598095,-36.95357191618822,0.23960314426877388,4.792062885375477
3762.80477,1000,845.197222,1000.0,2448.064747134901,394.5703532436185,399.34389704905846,-54.00011821031568,-86.89679116681215,-277.9825437308119,-22.660247963320582,-37.63452621226767,0.32122451080359676,6.424490216071935
3754.140825,1000,847.322352,1000.0,2430.0251742083406,394.53258313773506,399.7765818297049,-53.04165310859684,-88.51361924782398,-270.66872783256514,-19.90895421296218,-38.060560047307604,0.2728185858209809,5.456371716419618
3767.886676,1000,849.319572,1000.0,2451.395903378018,394.4379165976513,399.49195318816714,-53.85985418915746,-87.12390007078639,-277.63824197700524,-20.514398584203132,-38.302702560448736,0.7103000282538652,14.206000565077304
3760.242987,1000,851.235327,1000.0,2443.8618132062857,394.5473309805349,399.41640139793395,-54.426332016587374,-86.66575896590948,-273.59770261397387,-24.306052532189533,-38.586712554475895,0.17798246241660154,3.559649248332031
3764.928422,1000,853.080065,1000.0,2442.094497423281,394.68631279236195,399.6948436435224,-53.70511503159997,-85.53810546696192,-272.49209605918435,-22.070949330949844,-37.74096587946309,0.19164195490816746,3.8328390981633493
3763.7785,1000,854.890331,1000.0,2443.6537398223304,395.24520827645773,399.64328794275474,-53.5242575716973,-86.3215726062656,-275.8217398036794,-20.687522694904555,-38.40864300379806,0.1704447474221247,3.408894948442494
3767.152677,1000,856.737024,1000.0,2447.3465069656113,395.12619384234983,399.45318324790867,-53.68603842735297,-84.42301620990037,-279.53886132481415,-19.96192969996048,-37.16336136695438,0.11087466910128754,2.2174933820257507
3767.817818,1000,858.632146,1000.0,2446.214564715588,394.8943884979007,399.903713596589,-52.823219261169406,-82.875654476881,-278.2312037902899,-20.90875409282657,-38.356016901251614,-0.19736037504257015,-3.947207500851403
3769.691959,1000,860.553092,1000.0,2453.3824398152137,394.83068327118207,399.50503628312936,-52.52083380937581,-85.72779360413566,-282.8730887445349,-19.658848681557043,-37.24563599554634,0.12994513462369295,2.598902692473859
3762.388628,1000,862.428641,1000.0,2442.433988359754,394.3074421741023,399.5730243005352,-53.97646738767625,-84.63548502176985,-274.5135910935496,-22.915928807706713,-37.884354095421685,-0.014806421985028772,-0.29612843970057545
3769.746192,1000,864.451533,1000.0,2453.6486867687076,395.05080076537826,399.3349210086971,-51.5857345807553,-84.46570217087853,-281.10185253289313,-22.618648508455014,-38.516278813117495,0.18292028200065746,3.6584056400131493
3771.652663,1000,866.453858,1000.0,2448.3756439656854,394.49551320365487,399.11025936643557,-52.65838850855827,-85.48292440026995,-274.2778782078273,-21.21763969695303,-36.691923077073824,0.39287198875697144,7.8574397751394285
2689.185593,721,867.901045,721.0,1762.0803222320526,284.15056187445356,283.57463892692215,-39.5841707336903,-60.30015852600345,-209.60875424667333,-25.581172709269417,-26.54567336195846,0.09231984988993064,1.3312522354127998
3770.411225,1000,869.888739,1000.0,2450.441895059227,394.73487216550956,399.5020566267845,-53.148547066450064,-82.9523211658002,-279.00461814577244,-20.420507155859394,-38.74160523671782,0.5386875613338052,10.773751226676104
3767.841317,1000,871.866524,1000.0,2439.6432431360486,394.6303810920162,399.4305551464723,-53.05590022325522,-82.37629674822092,-269.7396123311773,-22.490894621124795,-38.20015890201526,0.5558758676782266,11.117517353564532
3767.538911,1000,873.788619,1000.0,2442.130843424095,394.27309312052705,399.37050756333906,-52.95012557029723,-83.39171479493385,-272.8376480430338,-21.446225272693052,-37.6098194040225,0.2717754304482979,5.435508608965957
3771.969567,1000,875.799474,1000.0,2441.4157494809765,394.6549342414568,399.8159806697426,-52.43026910185812,-81.37992869168508,-272.15491897459907,-20.674926123219553,-37.27705445158789,-0.10634492945430966,-2.1268985890861933
3776.845282,1000,877.673237,1000.0,2447.1654050724133,395.09122550177864,399.2937673467566,-52.17180481791499,-82.05665250867598,-272.61316520612405,-20.2042848324733,-37.65920854021278,0.6165905967556251,12.331811935112501
3767.844332,1000,879.448088,1000.0,2440.908804674695,394.26693740143685,399.52679847678894,-53.25075018405914,-81.37346814498301,-272.5151577029738,-22.60398887273292,-37.114843722386475,0.6763997773758086,13.527995547516172
3774.846647,1000,881.316721,1000.0,2442.764247807697,394.62559982968054,399.66973417249983,-51.54474468350416,-79.09008460566407,-274.7813474872706,-20.076773117859176,-36.71998482701662,0.22942818983858132,4.588563796771626
3778.16977,1000,883.204957,1000.0,2447.1651571291977,393.96287280274555,399.4683517497032,-51.162186095714596,-79.295639064163,-276.5818332527456,-19.055361905560403,-36.331590960019874,0.12694586316650905,2.538917263330181
3776.900165,1000,888.885504,1000.0,2453.0745522546617,395.49942687606165,399.01739115883925,-52.03435168743141,-80.43072985038148,-280.5719289132461,-19.983191258310608,-37.67100382796266,0.6031287351855884,12.062574703711768
3772.245757,1000,890.79979,1000.0,2444.4650325111943,394.35760853560816,399.2730356172972,-51.53413230538375,-80.76945526152849,-276.2600931081298,-21.1558118378545,-36.13042733900294,0.5711811342296079,11.423622684592159
3774.627675,1000,892.662267,1000.0,2444.0931125735137,394.46007216357975,399.80992399509955,-51.75529033064841,-80.39082058593642,-275.2074721731608,-19.286996838202906,-37.094853934943714,-0.27584635721393236,-5.516927144278647
3779.742818,1000,894.540114,1000.0,2450.0152469377144,394.6440157131738,399.4919854912158,-50.907559703588454,-80.65178193226444,-276.4120074047501,-19.905663707909245,-36.53141785708065,0.8253376670132958,16.506753340265917
3783.894551,1000,896.447034,1000.0,2451.405987780625,394.5162135424881,399.48315147106626,-51.359160548448486,-79.94274707734577,-276.77004571014743,-16.64308138614587,-36.795766769249646,0.602006523440646,12.040130468812919
3774.794588,1000,898.310551,1000.0,2437.7674782742174,393.79941982259237,399.26387404725824,-50.451662856340334,-77.34821134209638,-271.35952677453764,-20.07459966452185,-36.80218352414825,0.5821105706732692,11.642211413465384
3786.334682,1000,900.1983,1000.0,2443.0642413038095,394.58837486465427,399.62412591925744,-50.71228565454482,-76.93258741199972,-268.557342671178,-18.176957498938734,-36.562886650937486,0.4720401349673156,9.440802699346312
3778.770588,1000,902.057327,1000.0,2446.5888012277815,394.46014464373764,399.339081263564,-50.48064162611959,-76.99025991335502,-277.41070366394774,-20.772679972429106,-35.96315443033191,0.36311288839171946,7.262257767834389
3783.272378,1000,903.938483,1000.0,2441.478616391665,394.7539671682875,399.1524816972655,-49.53892552614214,-76.37384108901027,-272.84074899003707,-17.376281462386043,-35.98288973012148,0.478327255133006,9.56654510266012
3776.052878,1000,905.807712,1000.0,2441.103594215484,395.1941684325014,399.8072817671581,-50.7027868258953,-80.32269876003261,-272.7842503675804,-19.27390564135975,-36.96852501499634,-0.017013066210915688,-0.3402613242183138
3780.440206,1000,907.724194,1000.0,2445.1057322809615,394.6056413285697,399.6466021731798,-50.37365762710571,-78.86094545871033,-271.8386477070153,-21.157884792017455,-36.68663405069786,0.3660134376238632,7.320268752477263
3762.30682,1000,909.603216,1000.0,2420.239849982445,394.41447632379004,399.7893192944225,-50.19982331275944,-76.39211769327515,-268.6515236382549,-19.829602164469847,-37.06375883561847,0.3133742880359535,6.267485760719071
3778.831066,1000,911.502774,1000.0,2439.1510713813777,394.188744155425,399.3840082670495,-50.592841783762054,-76.75849963575604,-269.64537973104524,-19.843027287474968,-37.053008995588854,0.3278318245493293,6.556636490986586
3785.761625,1000,913.429138,1000.0,2444.0819214650037,394.40559176694046,399.58931575678895,-49.053557369709026,-76.43762430846691,-270.4058364525573,-20.21665246314521,-36.20153361358358,0.6761588803651938,13.523177607303875
3787.089609,1000,915.280287,1000.0,2441.2874626432163,394.4263624490927,399.25453547456317,-48.83683837473393,-74.18230791538961,-270.4132564882783,-18.927614876527276,-35.51873375096103,0.9240165897530244,18.480331795060486
3785.331639,1000,917.160774,1000.0,2445.092386969344,394.32492795225556,399.8458822977892,-48.588454310893965,-75.06313325613733,-275.83693141440216,-19.208149461041696,-35.234889568047514,0.38791080216334295,7.758216043266859
3794.494851,1000,919.039915,1000.0,2446.631638084497,394.33546208157907,399.2842517311528,-48.268866859674404,-75.32171979695556,-269.14208046579995,-17.773518906091056,-35.2503144978728,0.4544814126354981,9.089628252709963
3780.627924,1000,920.930071,1000.0,2437.284402210207,394.5779313348744,399.12724616826176,-48.6797603940964,-74.8026679106058,-270.6153657380689,-20.836400040497526,-35.42746143684413,0.7663334622836719,15.326669245673438
3787.113707,1000,922.817939,1000.0,2440.912255512456,394.8232650349136,399.63881801761846,-48.113805795907965,-74.76916189640768,-272.82210137155283,-17.68340315127944,-34.872159407856046,0.5896128531791255,11.79225706358251
3785.93285,1000,924.694613,1000.0,2438.5195125357977,394.1838920355164,398.8117158331072,-49.025895238518785,-73.79715467095379,-267.75720670592193,-20.02688417359029,-34.97512970431929,0.40599781719956984,8.119956343991397
3784.46406,1000,926.569765,1000.0,2436.718671665544,394.48067219115273,399.6082802485665,-47.94999932527543,-73.72300196662549,-269.84023293525564,-19.360263196037295,-35.470066669584156,-0.02976424022456591,-0.5952848044913182
3800.342332,1000,932.254526,1000.0,2447.3353122216968,394.29468739008973,399.2765868886039,-47.17037349343297,-73.2388748429716,-269.1298770127969,-17.144932447552332,-33.880197133954724,0.3319114692727215,6.63822938545443
3797.968257,1000,934.10986,1000.0,2450.6470483429284,394.7106324932176,399.51100051970445,-47.43874845862385,-74.94621816352006,-272.49340836319044,-17.65171775722544,-34.37033157732404,0.5816159701640174,11.632319403280349
3791.595132,1000,935.995946,1000.0,2444.0012380377425,395.0092384027172,399.5388214023601,-48.16263317942623,-72.628127322346,-272.8404024175715,-18.143956094502126,-35.179046419646184,0.20153532637618596,4.030706527523719
3789.31424,1000,937.843299,1000.0,2437.7668651631698,395.2273591512167,399.2296526018559,-48.450866948366134,-72.99853834286326,-268.2419659118409,-18.00883449566629,-35.20943077541516,0.05452185096378096,1.0904370192756192
3798.248926,1000,939.707079,1000.0,2440.3759467321343,395.29285658156135,399.5791222409383,-47.020176744460976,-70.59868806377058,-266.97121738129226,-17.180903964453016,-35.22801309080363,0.10839416084263002,2.1678832168526005
3806.214378,1000,941.598881,1000.0,2451.0640562736316,394.90830894967456,399.81836599368563,-46.17179924249647,-72.43241693824525,-271.96725858569545,-14.705674007431456,-34.29920443379377,0.23779383610484167,4.755876722096834
3798.070103,1000,943.478871,1000.0,2441.6661077572912,394.88207211336834,399.8718970005729,-46.44156494855873,-71.79377098977578,-268.1742480101597,-18.391732432645533,-33.54865760725264,-0.05874067143937811,-1.1748134287875622
3796.573686,1000,945.358522,1000.0,2438.434105593507,394.66408615964434,399.6208718436144,-47.02680442512034,-72.24022876545789,-263.72597889098466,-19.24091247487127,-33.91145347940368,0.07698888812757133,1.5397777625514266
3804.303582,1000,947.251479,1000.0,2451.0986724938098,395.28945792756656,399.85193893948906,-46.07824856936928,-72.66942837089292,-273.17407287456916,-14.962803907843927,-35.05193334524339,-0.05967597442363002,-1.1935194884726004
3804.76083,1000,949.149896,1000.0,2444.465813639032,394.88076961317734,399.7365047994124,-46.8894037157297,-72.16679008305084,-263.60881257678295,-18.290796106389944,-33.366455187472724,0.10160044447418755,2.032008889483751
3807.754959,1000,951.011331,1000.0,2452.845904814929,395.6747453168545,399.74629430228526,-46.89271312177181,-71.23319130390882,-271.81081923880765,-16.343656424542097,-34.231605315946794,-0.01178602271146106,-0.23572045422922122
3799.973201,1000,952.86826,1000.0,2443.51855285938,395.4667415298088,399.6912246674107,-46.32276557803148,-71.27189310416581,-269.2499301438036,-18.86101549484373,-32.99771330134946,-0.05480646382072722,-1.0961292764145445
3811.335747,1000,954.730252,1000.0,2446.9019346795017,395.59365611374767,399.5049269300947,-44.96240982532501,-69.3128916978836,-267.36480725353704,-16.080581636759327,-32.94408043897977,-0.029394966678974822,-0.5878993335794964
3814.72492,1000,956.598049,1000.0,2457.8671423214882,395.40056406215155,399.69310772921517,-46.22798878192897,-70.71413881368937,-271.6486285679654,-15.758587199401768,-33.88655043572385,0.03414980776854055,0.6829961553708109
3814.547793,1000,958.468322,1000.0,2455.322600420686,395.555644671841,399.93619927270385,-45.9887267172337,-68.32818669304244,-272.2865652461993,-15.632949411451227,-34.030223716171136,-0.053080503681121535,-1.0616100736224308
3809.753361,1000,960.33994,1000.0,2442.1600151374946,394.86226194205545,399.91754563288976,-45.47636202335355,-67.62850571721796,-267.85916968294447,-14.552203743953964,-31.670220312614635,-0.05161768968583284,-1.032353793716657
3806.684311,1000,962.208994,1000.0,2447.36950157523,395.5382793024036,399.8566941765395,-46.96380360364918,-68.7385297656059,-271.06165755030986,-15.765562885823444,-33.550609989391596,-0.01608590837309084,-0.32171816746181675
3802.277582,1000,964.063813,1000.0,2442.859532651674,395.29727974459945,399.6579771543509,-46.79521313965326,-69.03532713800686,-269.067392608293,-17.91797268947281,-32.721301716244156,-0.16100371658486162,-3.2200743316972322
3798.738687,1000,965.916971,1000.0,2442.168945519209,395.0576705450659,399.7757390358357,-46.72560268402109,-67.89067369848493,-274.07807595911163,-17.324190251894745,-32.24512554048031,-0.24533463245862377,-4.906692649172475
3805.008341,1000,967.670309,1000.0,2444.3206238219464,395.0736194565971,399.91240500580875,-45.83983488321304,-69.07789336889978,-271.00431824349926,-15.60226001710558,-32.77400104021427,-0.031095544628044442,-0.6219108925608888
3811.010947,1000,969.571188,1000.0,2449.9286642508578,395.16209136624167,399.8341333783464,-45.645842570066414,-68.25375528484581,-272.0924840698508,-15.89855260557418,-32.023307543701655,-0.07645107870233708,-1.5290215740467417
3811.055271,1000,975.215512,1000.0,2444.719333864024,394.95754844480325,399.8891908043578,-45.98876582384104,-67.16304015591739,-266.14565286636895,-17.469189498447584,-31.744153974683474,-0.02596032921188641,-0.5192065842377281
3819.547483,1000,977.055037,1000.0,2458.7578739431783,395.50791791786344,399.86648050073575,-44.16594669461245,-66.68663543090229,-277.1042734483411,-14.271323565128887,-32.35661030325116,0.035155374872576514,0.7031074974515303
3818.60846,1000,978.906178,1000.0,2452.0148678625715,395.3342778888349,399.9808030506671,-44.78205534696573,-65.96513091847291,-271.7491566548281,-14.051502493454011,-32.17364339955722,0.03776670425650478,0.7553340851300956
3818.943732,1000,980.765296,1000.0,2454.6992521177744,395.2518390080809,399.7864994151212,-44.54135442614553,-67.09469522014257,-271.1975420294213,-16.7643769317028,-31.195889833270453,-0.03984849459250542,-0.7969698918501084
3815.864736,1000,982.659375,1000.0,2448.265577949687,395.6489886336864,399.499153992058,-44.831261556148476,-66.02563818618661,-270.2349059696575,-14.746104824314058,-31.711073985401168,-0.27255449499852913,-5.451089899970582
3816.255751,1000,984.496021,1000.0,2448.9971572128525,395.40196385766694,399.5270548938988,-44.949531009197244,-64.9481483481824,-268.75318912415895,-17.592536836640164,-31.427020070734653,0.07470131238150272,1.4940262476300545
3816.877274,1000,986.334039,1000.0,2448.2523678433727,395.316912585036,399.7063489306225,-45.01704935193063,-64.02208326309915,-272.3387039987797,-13.533141677846208,-31.487377074184703,-0.10951345761866058,-2.1902691523732116
3819.213523,1000,988.228767,1000.0,2448.3187642112866,394.9804017320822,399.79130186262046,-44.26933269739146,-65.79182968139644,-265.3967465474127,-17.06280454390465,-31.35623118350345,-0.02842818704422157,-0.5685637408844314
3825.703972,1000,990.098057,1000.0,2456.9925624126013,395.4601178226191,399.89271480229934,-44.19042543053629,-64.51884063482285,-272.542718900281,-14.37323651457875,-31.016201478507718,0.07119961464269754,1.4239922928539508
3808.217016,1000,991.945754,1000.0,2434.0793502201595,395.54791443755266,399.88669586231157,-44.68561019062997,-63.500254750251834,-266.5977183798223,-15.526600059947729,-30.986761004884645,-0.030187785389578163,-0.6037557077915633
3823.113634,1000,993.799576,1000.0,2450.211477787466,395.08051829429957,399.9048037099962,-43.48803730428209,-63.23252823725341,-269.96921033868597,-15.106955646055082,-30.286434242836492,0.36578852987880606,7.315770597576122
3824.503364,1000,995.692087,1000.0,2454.263329485758,395.4668538865783,399.67952029413374,-44.4168450140953,-64.51586707085374,-270.20569991912015,-14.475204227869497,-31.292722936137686,-0.07436370246729669,-1.4872740493459338
3820.153253,1000,997.622482,1000.0,2453.294378050218,395.33714796625816,399.64523005267057,-45.408450239300706,-64.23047365844252,-270.51580464760224,-16.66990249162485,-31.298871912616395,0.030463714325058722,0.6092742865011744
3830.258266,1000,999.473742,1000.0,2458.697294796634,395.4169917566197,399.8710358244665,-43.55780238509185,-62.634718241542586,-273.36886514191923,-13.23277445876848,-30.932896339071384,0.25563224930715167,5.112644986143033
3824.036127,1000,1001.35162,1000.0,2450.912562816088,395.09381650628336,399.02793724614463,-45.83228452563286,-61.4847650595009,-267.17251577573927,-16.244268898911866,-30.264355800910852,-0.17255842447730058,-3.4511684895460113
3821.212079,1000,1003.245307,1000.0,2447.1822432962076,395.1518345819796,399.3536354975722,-44.67075001478188,-63.40162886530153,-267.802418230067,-15.389037188911669,-29.211800353088147,0.34389744330464744,6.877948866092949
3828.493812,1000,1005.153376,1000.0,2451.917433157888,395.7964092533965,399.83806285022894,-44.18148498594763,-62.92249716222291,-268.0322305350566,-14.026544418488324,-29.89533615051797,-0.07330561611286072,-1.4661123222572146
3822.77491,1000,1007.01719,1000.0,2445.7849460186294,395.39284433328334,399.7120896747524,-44.44982424616812,-63.72285830602043,-266.8298654980345,-14.215661625896725,-28.896760482365085,-0.02363293712291998,-0.4726587424583996
3825.408027,1000,1008.878532,1000.0,2446.042974395767,395.6083215310465,399.77520936172584,-43.66084991335863,-62.70709938853984,-265.9734017579895,-13.985588693782816,-29.691538402609922,0.1306736391998489,2.613472783996978
3822.249445,1000,1010.752971,1000.0,2440.4527160154084,394.82919595436306,399.6970675780239,-43.04293779730791,-62.19491569846862,-263.1155406013407,-15.251785442556649,-29.124355122934897,0.20585942328809947,4.1171884657619895
3823.497784,1000,1012.646602,1000.0,2440.6997105056084,394.7766553688535,399.7912413669738,-43.386586498618065,-63.0489219695329,-259.4463078460393,-16.222407055628974,-29.66559971475925,-0.05671417289452859,-1.1342834578905718
3832.178468,1000,1018.360874,1000.0,2447.0216502536737,395.24107763451485,399.82390254020584,-43.677817077636725,-61.51895130686462,-263.6237235864601,-12.029541697488776,-29.05812918630267,0.2729373459327265,5.45874691865453
3831.560625,1000,1020.238926,1000.0,2441.0916707130464,394.93428053981796,399.9386460500185,-42.583417761325855,-59.54021587967872,-259.9003172587119,-13.87798240145831,-28.50203862480003,-0.20389609814725757,-4.077921962945151
3822.558135,1000,1022.133559,1000.0,2433.3913661884276,394.7388567330658,399.7257996691453,-43.09214556396014,-61.41558964923029,-258.33481896073545,-13.34275179823312,-29.112581930839074,0.2083181180197135,4.16636236039427
3834.364681,1000,1023.980229,1000.0,2452.7297328272966,394.58097814504134,399.7560443021803,-43.28460047841075,-61.027741122990946,-264.5943743561967,-13.866978900374395,-29.928379751147833,-0.06538189505965994,-1.3076379011931987
3832.752928,1000,1025.809174,1000.0,2448.5688481410157,394.39765651411744,399.49680323917516,-43.642094591856015,-61.08738801330331,-262.5667432667514,-13.87399021155245,-28.54016400822284,0.12173363669860648,2.4346727339721297
3829.892437,1000,1027.679308,1000.0,2441.5222691615863,394.35462463574214,399.85024438388496,-42.73755601406095,-59.80483638830477,-261.77112181941186,-13.206633681232244,-28.31455294669676,0.274664607626394,5.49329215252788
3816.453606,1000,1029.574291,1000.0,2430.624502511358,394.9721555703504,399.5819425661329,-43.223712093233964,-60.50610723868011,-262.1517665439122,-14.65270294924281,-28.190706297518563,0.5196545460771891,10.39309092154378
3829.212794,1000,1031.435388,1000.0,2437.497538074392,394.6760624532556,399.7803801349332,-42.05562304973612,-59.507742428034554,-258.78255787991674,-13.521016275629975,-28.87424706208011,-0.15626881714770405,-3.125376342954081
3829.390468,1000,1033.301242,1000.0,2443.144017425548,395.622504345493,399.73576911730896,-42.047564855814,-60.92826828956605,-264.4973418882011,-13.35030490756954,-28.288342983933976,0.28211304759277134,5.642260951855427
3833.316758,1000,1035.193338,1000.0,2442.5260510120497,394.8185030684669,399.71937844191007,-41.75549577653408,-59.25233950167889,-262.1399706112417,-12.730572279217311,-27.868796620331363,0.46104614420166296,9.220922884033259
3831.875033,1000,1037.040818,1000.0,2445.8506745880322,394.7313012840218,399.8714574712846,-41.94953756213185,-60.125531497597734,-264.2823375323083,-14.418619475595815,-27.802374723073715,0.08215022064671622,1.6430044129343244
3834.707018,1000,1038.913785,1000.0,2444.4148140120305,395.53558310167296,399.89880359387877,-41.579426957964884,-58.69101271331302,-262.47057035804454,-14.45892712954867,-27.942245737931557,0.07465286158715065,1.493057231743013
3832.149164,1000,1040.783712,1000.0,2442.026339906283,395.4877480685629,399.70983341537493,-41.70851641535755,-59.384852228313775,-262.3828303075355,-13.875993811534064,-27.72256443139302,-0.15638202134098753,-3.1276404268197506
3836.213235,1000,1042.631771,1000.0,2446.6539254463723,395.01557234365646,399.7872954864424,-40.67796963274477,-58.76459620743995,-264.9109128186359,-12.817796898785781,-28.072282809410964,0.16463785358854538,3.2927570717709074
3835.532886,1000,1044.513102,1000.0,2441.466368687623,395.4352464197791,399.88334074378986,-42.02188181877138,-58.457518667727605,-260.1758464271539,-13.13729065904433,-27.45953221955403,0.014274549159376829,0.2854909831875366
3831.782639,1000,1046.372888,1000.0,2438.015636493426,394.93564595501823,399.70615638383117,-40.94847384333613,-57.975351910293135,-258.85245954055733,-14.832273823388775,-28.266240666335957,0.7285873819157288,14.571747638314577
3837.371186,1000,1048.300059,1000.0,2445.9528263598067,395.2261484035393,399.9147828965531,-41.96339121580125,-58.737316585332074,-261.9244711205924,-13.10210183490048,-27.995290595541423,-0.12437268274287867,-2.4874536548575734
3839.022453,1000,1050.186614,1000.0,2445.9852650352177,395.2353235631525,399.84856666529515,-40.622813544273356,-58.039822427928435,-262.9788703290129,-12.902445245037647,-27.502750535638107,-0.08349758769346056,-1.6699517538692112
3843.563078,1000,1052.136296,1000.0,2451.251965918796,395.28070761180595,399.6955657891975,-40.89510910511016,-56.44383647143849,-264.9626225196535,-12.10693928672295,-28.256653525657118,0.1194612033446157,2.389224066892314
3836.937678,1000,1053.920326,1000.0,2443.3581006197774,395.0014363489287,399.72292370680174,-40.25496034204956,-57.448765066266056,-261.72892527110315,-14.202377045147351,-27.509754599237336,0.34667960253594127,6.933592050718826
3833.299396,1000,1055.799861,1000.0,2443.752657489802,395.22402714962396,399.8578469878098,-41.43238827109336,-57.66478724777703,-265.33887949569487,-13.452403589421575,-27.646676760468132,-0.18274484715054673,-3.6548969430109346
3843.215794,1000,1061.433981,1000.0,2449.131531928133,395.6063534186503,399.8453588387432,-41.060798033475876,-55.43958242386577,-265.18491023272884,-11.843803012305868,-27.83835603842006,0.3042865072450157,6.085730144900315
3843.773595,1000,1063.324382,1000.0,2447.776088675791,395.38994111650265,399.7926592743848,-41.29724588930607,-55.31908081993462,-263.78660588578555,-11.607469743378989,-27.174691377286276,0.06616140538365359,1.3232281076730719
3845.241477,1000,1065.211646,1000.0,2448.8843666217454,395.15389585904546,399.6173536643433,-40.13641535162927,-55.069543932750776,-262.71011381057565,-12.734100123946858,-27.76396567700624,0.1011975981121189,2.023951962242378
3844.443654,1000,1067.100306,1000.0,2445.3742531294356,395.4154676585443,399.9487415956281,-40.6788476741314,-55.033081847429244,-262.21163461606847,-11.110530406916789,-27.260714204430087,-0.26499743815683047,-5.29994876313661
3846.853613,1000,1068.970383,1000.0,2452.976177868887,395.5057989088839,399.83738770629225,-40.82642029941076,-55.03886728286742,-265.63323012954953,-12.067405383063308,-27.89982827981282,-0.0014020623819587957,-0.028041247639175915
3839.290262,1000,1070.916931,1000.0,2441.806390796687,395.84239083398967,399.8600878982724,-40.79083129644396,-53.84530275687586,-264.8099531131617,-11.547325328942378,-27.22519492043985,-0.1778164524516999,-3.5563290490339985
3845.222472,1000,1072.814959,1000.0,2447.4710952348873,395.366658657528,399.88566425048657,-40.34711738944053,-53.7134839743376,-264.19288609038654,-11.863659937448507,-27.383798822937077,0.004321522833380916,0.08643045666761832
3853.721435,1000,1074.771316,1000.0,2457.2162714750293,395.4278316843567,399.8893549059437,-40.113693467378546,-53.87329394295808,-266.17849973736213,-11.030560007077174,-27.61597563906179,0.1860340971905347,3.7206819438106944
3849.009125,1000,1076.649034,1000.0,2450.2207549403574,395.3744119024084,399.8923176636519,-39.74192277640107,-53.29139643535025,-265.5508911112894,-10.809050632021476,-27.085098456911986,-0.03572291255083585,-0.714458251016717
3854.003417,1000,1078.544356,1000.0,2457.975299034838,395.84435792161383,399.66551341462645,-40.20417444348334,-53.150650166720204,-266.63721217535897,-11.966985984561772,-27.522730633918364,0.08867587490050564,1.773517498010113
3851.098923,1000,1080.479116,1000.0,2448.9631753786516,395.25903825845586,399.837764967421,-40.08517986297606,-52.73437942862515,-262.230665071805,-10.168803036340442,-27.74202825843775,0.08232822711182372,1.6465645422364743
3849.575998,1000,1082.376909,1000.0,2450.0143642091457,395.3035159349924,399.81853174848226,-40.08641220211981,-52.320717025548184,-264.39438762490914,-11.21169211781758,-27.547204795358645,0.2506426765202243,5.012853530404486
3853.470389,1000,1084.282213,1000.0,2452.7511689030657,395.5431193062716,399.8387645385626,-39.56103542625905,-51.59824824929241,-264.68081688132503,-11.840079741362999,-26.98248367724644,0.18544146215715965,3.708829243143193
3854.698007,1000,1086.20446,1000.0,2455.6862352626413,395.55792860663786,399.7383897227721,-39.44258078634742,-52.524166836589636,-264.675510152921,-11.96933162806589,-27.6729569212915,0.03106607491926534,0.6213214983853068
3853.011842,1000,1088.094292,1000.0,2447.919946832143,394.81228261467083,399.8941927518219,-38.691618844270664,-50.914489413052806,-261.4986402611758,-11.394419243773951,-27.115412609221323,0.47711134854673276,9.542226970934655
3855.843293,1000,1090.019075,1000.0,2454.3110262758382,395.2450499635866,399.79311441605205,-39.63799112737181,-51.25448725856836,-264.4493644849562,-11.997372675513173,-26.166682563420625,0.3127094075066058,6.254188150132117
3849.797803,1000,1091.94664,1000.0,2447.115258945193,394.77975503344913,399.45835655772083,-39.31622493803505,-51.07143897935758,-263.12307104659214,-11.39435696757554,-26.650475499791597,0.7421653823140327,14.843307646280655
3853.225773,1000,1094.060332,1000.0,2449.052697816069,395.1904276470929,399.83932337338956,-39.679953704476354,-50.812940017134,-263.5942945549448,-10.937275748597791,-25.832211691141232,0.19638726793058806,3.927745358611761
3857.846694,1000,1096.148028,1000.0,2456.937614366924,395.5814694257678,399.92832348827665,-38.8269186222553,-49.92343699336052,-267.662766807839,-11.48448376164425,-26.70310718946925,0.0005101974263022183,0.010203948526044367
3861.967141,1000,1098.371495,1000.0,2456.412542308046,395.4850518780959,399.90350104267793,-38.66403189897535,-50.52414319440726,-264.6221644352562,-9.76104853411266,-26.262566575583588,0.32555692041502526,6.511138408300505
3861.662084,1000,1100.546358,1000.0,2455.6649688353,395.44826216610625,399.87533469298404,-39.00825379729271,-49.97038898915053,-263.1297981836599,-10.573764653203533,-26.64427590978553,0.05415762825302547,1.0831525650605094
3859.967369,1000,1106.731707,1000.0,2454.7004040177912,395.2480108936244,399.6980506215992,-39.24099616706378,-50.99489433094856,-262.9328228902079,-10.420292259221513,-26.090091352103535,0.9484585174724046,18.969170349448092
3847.5515,1000,1108.865085,1000.0,2446.1154205371995,395.13447673996,398.90798910668883,-40.218237009048444,-50.39398299828171,-262.6477609397631,-12.911945299207037,-26.434459668987778,0.37503840617454653,7.500768123490931
3861.182093,1000,1111.002239,1000.0,2459.122979004119,395.12928886458366,399.6449031646293,-39.43562690317635,-48.58924521356812,-268.36655693129796,-9.19930735176128,-27.124341306743766,0.46921083296320765,9.384216659264153
3860.519663,1000,1113.122376,1000.0,2451.09214834382,395.3295021528226,399.66159656732447,-38.732502284050014,-48.47462977319958,-262.7385980191105,-9.102193016870174,-26.5156611380939,0.21450467484611463,4.290093496922292
3856.882332,1000,1115.352762,1000.0,2449.7783612031744,395.5351248539081,399.91238825514006,-39.38485557675357,-49.15960038453338,-262.7426787485813,-10.367798299835032,-26.688608905687747,0.222415536664261,4.44831073328522
3861.481592,1000,1117.514001,1000.0,2452.9756262612923,394.840227598947,399.7231302295674,-39.163942395448736,-49.70278645902868,-261.103725918494,-9.958639991551852,-26.128297647008747,0.4898828865317645,9.79765773063529
3860.221675,1000,1119.539751,1000.0,2451.8461368710077,395.40532349973284,399.65993123226207,-38.993948820233335,-49.290143547207,-262.10378625923084,-10.314599137134294,-25.987238627950294,0.39603696138864247,7.92073922777285
3866.90682,1000,1121.483216,1000.0,2460.5804504487423,395.4357370338838,399.8802204884689,-39.234219827651984,-48.44672859683636,-265.0267365849646,-9.452143668364027,-26.82975948427451,0.21429266680526515,4.285853336105303
3862.776242,1000,1123.527797,1000.0,2454.9087547203303,395.38952305764604,399.8512417140992,-38.15058573424817,-47.24260764680801,-266.09141276084944,-10.735703937991131,-25.152967728772218,0.19338661236632773,3.8677322473265545
3864.968361,1000,1126.402059,1000.0,2455.908590200108,394.97379896605617,399.2929286037704,-39.03443459391596,-48.10606173817078,-263.8164908483263,-9.606520721149197,-24.643448902467984,0.8944256525304629,17.88851305060926
3862.122164,1000,1128.331601,1000.0,2453.9280466992177,395.48539852291907,399.3876800466447,-38.28801331877705,-47.67306725904349,-264.9981259963476,-10.341570280394857,-25.378184334921492,0.6074373049268933,12.148746098537865
3870.167714,1000,1130.253071,1000.0,2462.3082443813155,395.3223689785606,399.818616698533,-37.90555524587632,-46.17315326035022,-268.3021661318336,-9.500079443686502,-25.400562082665203,0.4354167142598073,8.708334285196146
3863.693206,1000,1132.279083,1000.0,2450.849839432514,394.9484321954196,399.7724668821456,-38.37040647566318,-47.44264397583902,-261.2484160979314,-9.43862553492148,-25.37744043767469,0.5153964589943034,10.307929179886068
3870.970724,1000,1134.381017,1000.0,2458.1836547616035,395.03161199253566,399.6766313132874,-38.52259669184688,-46.28747094795105,-261.8521657491304,-10.124847514775276,-25.13409337713322,0.7138524899816586,14.277049799633172
3862.422744,1000,1136.356376,1000.0,2450.9645354490563,395.87308791746534,399.79277941623843,-38.622640185952186,-46.53216793686144,-264.1606820534885,-9.609117250068968,-25.28305115546427,0.316010426547159,6.32020853094318
3870.719611,1000,1138.3483,1000.0,2461.111125552175,395.3532579572878,399.8448936167665,-38.37636416316034,-47.55963812824332,-265.3358263668069,-9.107510222723194,-25.21032718294233,0.01588924740444962,0.3177849480889924
3868.784479,1000,1140.327688,1000.0,2459.0109902811764,395.8163468306727,399.9586768583969,-37.43739198863505,-46.389781083166675,-268.2663336083935,-8.325173941429371,-25.582854056402297,0.848509330448243,16.97018660896486
3863.679092,1000,1142.234004,1000.0,2454.874734564313,395.7789673089212,399.9674079145112,-38.90039861440654,-48.15078558735553,-265.1417360948463,-9.508356784968267,-25.240740992371016,0.2854110605249616,5.708221210499232
3867.555674,1000,1144.141684,1000.0,2455.543767259395,395.12473202902936,399.8035819528108,-38.4067990744114,-45.86216612756245,-263.4616899849134,-9.740757398017113,-25.444995063204047,0.5068298967458875,10.13659793491775
3866.548243,1000,1146.031736,1000.0,2457.120178858412,395.3402248523077,399.8857819091663,-37.90931098282337,-47.13688269257544,-264.9607826618989,-9.96367013638074,-25.827296359519366,0.07398730712829535,1.479746142565907
3868.703522,1000,1151.584302,1000.0,2460.258902686466,395.4153016832708,399.91504662735736,-38.1902501779795,-47.05049360617993,-267.0112221993285,-9.300607966448595,-25.333155335124424,0.32596266799384715,6.519253359876943
3865.403558,1000,1153.509607,1000.0,2454.880634702519,395.39979226003373,399.8534184224109,-38.60864265680309,-45.45847036689518,-265.9722332748824,-9.635808866561852,-25.055131976716957,0.4909129847983055,9.818259695966109
3872.388117,1000,1155.429256,1000.0,2460.6325926015734,395.5883360621282,399.80688140820837,-38.295089015960684,-45.38208121806381,-265.23044561382875,-9.723076124800645,-25.009000781619118,0.054409249320574185,1.0881849864114836
3866.876225,1000,1157.31535,1000.0,2458.424714176244,395.314937833009,399.8566286927771,-38.438728134036076,-46.183045471459565,-265.93915361519424,-9.883256566877328,-26.275872107086663,0.14614307360861714,2.9228614721723427
3870.889537,1000,1159.198457,1000.0,2459.52981373617,395.58577914533885,399.8621647294406,-37.34755629062648,-44.11473853960639,-267.70724372102643,-9.389042869528845,-25.529639178828237,-0.018262475879490415,-0.3652495175898083
3869.940202,1000,1161.077407,1000.0,2458.6682518040575,394.8100208057574,399.8638511653449,-38.0270249950886,-45.13332594893876,-264.8773683752385,-10.04009313702191,-25.324108919052893,0.32799429984768624,6.559885996953724
3872.638672,1000,1162.963113,1000.0,2459.6075758316383,395.1276772828845,399.9010497405966,-38.0589762961864,-45.02728553637868,-265.802469721047,-7.525204977122857,-25.583694088286656,0.5909042367877683,11.818084735755365
3870.326789,1000,1164.886962,1000.0,2460.6863186299047,395.6408254071404,399.8899314294279,-38.185847766399334,-45.13310353532426,-267.91271645946966,-9.31881532852942,-25.3398038757451,0.1490341285966562,2.9806825719331242
3875.446544,1000,1166.804658,1000.0,2461.7742400265947,395.77391442802605,399.9432671830971,-36.719593048691735,-44.28837716653941,-267.07743540525775,-8.878434867073775,-25.08103721437971,0.0842905725516495,1.68581145103299
3870.474571,1000,1168.703257,1000.0,2457.1980279968707,395.50672752363334,399.9314721558805,-37.79768297195434,-43.69854515492919,-266.2944936050566,-9.437563238385,-24.933372187178396,0.13215808080485875,2.643161616097175
3871.774911,1000,1170.569591,1000.0,2459.7345436915152,395.44129871250186,399.8918167265434,-37.830699440240835,-44.48642467707398,-265.6280681658771,-9.45313935381366,-25.8944162923404,0.19001239697745304,3.8002479395490605
3876.349864,1000,1172.447331,1000.0,2464.2694609529362,395.45437570027616,399.81955426468704,-37.74961525678632,-45.04167633354661,-265.91228733006045,-8.919109596795426,-25.5708384086924,-0.14154962621890294,-2.8309925243780585
3871.99348,1000,1174.318267,1000.0,2458.4034234070873,394.80911449928254,399.94555056911287,-37.534845597148,-44.09609903246166,-264.6170236591429,-9.833708147039317,-25.08293249136278,0.46758002937733895,9.351600587546779
3874.675392,1000,1176.197514,1000.0,2459.01579948297,395.357473128496,399.77931086488815,-37.24415993809699,-43.1136177279055,-265.4502066630087,-8.854908234611335,-24.814299169272665,0.2906751903137972,5.813503806275944
3879.107906,1000,1178.08754,1000.0,2460.476694202959,395.28629529311326,399.9474315197301,-36.93199763536447,-42.47545494846998,-263.1564545237495,-8.555662012484781,-25.482945446943543,0.1420724317604029,2.841448635208058
3872.487621,1000,1179.984662,1000.0,2454.0216685288156,395.3707821978704,399.9228851205203,-37.23658634185791,-42.43400306627157,-263.67507823946585,-8.603144954256177,-24.878901810875764,0.1535509008042079,3.071018016084158
3878.041317,1000,1181.89711,1000.0,2462.368489776236,395.56064601262216,399.80497872406954,-36.501202427744865,-42.22035225927827,-267.57434584318185,-8.79085653567918,-24.6060407669651,0.1935724004671587,3.8714480093431742
3881.096532,1000,1183.847463,1000.0,2464.805165969065,395.06257194766255,399.72995557114314,-37.383769826293005,-41.95174484625459,-265.4998125102264,-9.135032856904933,-24.530801770808456,0.31549106375678604,6.309821275135721
3874.090894,1000,1185.740358,1000.0,2455.451154287519,395.5040474634448,399.4911453188494,-36.77272742271416,-41.321699916943906,-263.0921437664811,-10.276829379933247,-24.892052091905633,0.14463358188919434,2.892671637783887
3880.305673,1000,1187.625134,1000.0,2462.6508357795337,395.653247541405,399.9295370117182,-37.23476574718953,-42.238930277153834,-264.87938017619723,-8.665483285329938,-24.909387443058026,0.1051320779128128,2.102641558256256
3881.341552,1000,1189.549333,1000.0,2463.6602760301366,395.8294960328335,399.9782465984951,-36.492451480627075,-41.34056376442318,-267.27741609183283,-8.500490083867621,-24.515545266247603,-0.09062894466198972,-1.8125788932397944
3876.900719,1000,1195.252028,1000.0,2456.3061611817743,395.95002147633045,399.96986210615523,-36.946877161264446,-41.27666644901035,-263.2849925477025,-8.973821997783547,-24.842967626802764,0.04516765892875285,0.903353178575057
3872.812085,1000,1197.161345,1000.0,2455.030106179555,395.8456316930814,399.94199420383313,-36.703705020546906,-41.23683784902101,-266.6012388367328,-9.185580786307295,-24.278284460463496,0.13504494886401347,2.700898977280269
3877.422561,1000,1199.123069,1000.0,2456.549789300076,395.3717589019011,399.8450201038616,-36.81899019777773,-41.21988145336507,-262.18378318670335,-9.301414002117092,-24.819938826545215,0.1466402236685708,2.932804473371416
3879.234185,1000,1201.0399,1000.0,2458.096094769977,395.6571960323285,399.9310374801557,-36.32147452950477,-40.963407765328824,-264.2418137646914,-8.67441912991384,-24.24902759506616,0.15568238899601816,3.1136477799203632
3884.324355,1000,1202.927366,1000.0,2457.632705811933,395.9946856357881,399.9733369938271,-35.48854497730729,-40.48303971737626,-260.8619344584836,-8.148361718553447,-24.294492653016228,0.17708437188169887,3.5416874376339775
3882.306475,1000,1204.821211,1000.0,2459.7526780135117,396.0331642380797,399.84704733378646,-36.059676179885884,-40.91272216811769,-262.99347994937983,-8.318030355408238,-25.04250575563694,0.21272535183483812,4.254507036696762
3879.869687,1000,1206.691007,1000.0,2456.4383238077953,395.7888433347248,399.8396316219867,-36.688499822616585,-41.10059266164903,-261.69045073975434,-8.143288179562786,-24.574280761284477,0.659570826622079,13.19141653244158
3882.909653,1000,1208.544989,1000.0,2457.0418036180617,396.30183091533286,399.93568051559333,-35.95210823655129,-39.754306705296,-262.1487716724942,-7.898845670814419,-24.615629426648628,0.20659095292755253,4.13181905855105
3885.339267,1000,1210.426399,1000.0,2461.4415033663427,396.16693771531436,399.84848017546165,-35.61769257187846,-41.138005564361805,-261.9173856384525,-8.768923262662339,-24.675647571815542,0.29457599860033795,5.891519972006759
3876.970889,1000,1212.327746,1000.0,2453.0414447883377,396.2893362343813,399.86436902738257,-36.39710736989981,-39.89456139355902,-262.30027079168696,-9.580145470492768,-24.05217642721534,0.022036659595060532,0.44073319190121063
3875.936641,1000,1214.204503,1000.0,2450.429264416575,395.7864603434877,399.93057730742476,-36.361507088541984,-40.53061263710261,-260.5145342844125,-8.465017416476854,-24.33798980473191,0.155661407237021,3.1132281447404195
3883.958713,1000,1216.072727,1000.0,2457.993712415834,396.0946866058412,399.4898691377268,-35.412856163978645,-39.723035536706426,-261.7539096160626,-8.400314803137775,-24.329438825982574,0.02392815929042403,0.47856318580848056
3881.386424,1000,1217.937936,1000.0,2455.724839653353,396.1872962532496,399.8971652380598,-35.892604783773365,-40.06835062950848,-262.179757655744,-7.98154315016658,-24.300621415436996,0.17734524940096336,3.546904988019267
3888.881631,1000,1219.826237,1000.0,2463.8156802187214,396.1723209268109,399.9357588905546,-36.15866952121258,-40.03474373891948,-262.0035577473489,-8.143965358837981,-24.701192662246257,0.44123026656247566,8.824605331249513
3885.347018,1000,1221.689823,1000.0,2456.7505096681475,396.25317700294545,399.87251538015914,-35.29313892841342,-39.3554834924638,-259.8986213201345,-8.460258704503701,-24.521681842889322,0.01858855763250788,0.37177115265015764
3879.876212,1000,1223.585759,1000.0,2451.8523381235286,396.1960253160286,399.81852905271336,-35.719870172143025,-40.78419553153219,-258.15041759655753,-9.175330865939506,-24.160866260528163,0.2504823290494206,5.009646580988412
3884.656929,1000,1225.465724,1000.0,2458.74314222015,396.59259388049804,399.98262037641297,-35.202997441291885,-39.76479754820465,-262.23502768261875,-8.9805785523069,-24.478026348944784,-0.06867283638263524,-1.3734567276527048
3891.550162,1000,1227.382785,1000.0,2461.255619924991,396.1181749445772,399.8931219172113,-35.15051025152208,-38.78496255427598,-259.67297781059494,-8.38240298974661,-23.725901599769546,0.3514559082931178,7.029118165862355
3889.559924,1000,1229.319198,1000.0,2456.8189782495815,396.3467839954067,399.9444409233051,-34.7534498792887,-38.42157522737979,-259.5357530110749,-7.225902838639979,-23.613598202600656,0.07453690198675057,1.4907380397350114
3888.192949,1000,1231.205498,1000.0,2458.321738702671,396.4425685816838,399.9214332269228,-35.3638502764702,-38.79758609533311,-260.32640050779816,-8.170055972663992,-23.834898430091517,0.2388164540537502,4.776329081075004
3885.580117,1000,1233.062345,1000.0,2455.9196781361093,396.48084554404386,399.85586181557363,-35.10978165030481,-38.780898393318026,-260.9047185740068,-7.520082876481355,-24.36078654814656,0.714366743769743,14.28733487539486
3890.861512,1000,1238.782005,1000.0,2458.6638268968127,396.2619031366031,399.95928529608676,-34.37790372252466,-38.408738345652836,-260.56487098281605,-7.238290819187742,-23.43369945155681,0.06758198649404343,1.3516397298808687
3891.552123,1000,1240.570125,1000.0,2458.6081227386,396.22669350497966,399.8971952831184,-34.19453326582907,-38.38146420717241,-260.5238761779128,-6.9589873965786815,-23.12102723635214,0.14865062794012804,2.973012558802561
3891.514198,1000,1242.480464,1000.0,2458.4631029531392,396.2790538464727,399.9226629779081,-34.38883494555947,-38.309003736078694,-259.38925711409007,-7.706493822316447,-23.357031721277774,0.28316638450971804,5.663327690194361
3894.641301,1000,1244.3834,1000.0,2462.3007020048917,396.43962981332834,399.9203739873661,-33.92992795228956,-37.21916504986593,-262.1851695431825,-7.295788004675864,-23.389354311362997,0.034555912548652756,0.6911182509730551
3893.4473,1000,1246.269537,1000.0,2460.576172605419,396.3289350363886,399.9887089364261,-33.63542206227773,-38.15069374702881,-260.30960488386165,-7.701219177550946,-23.64957641274707,-0.12326051808277738,-2.4652103616555476
3891.327654,1000,1248.170764,1000.0,2453.568116780666,395.9214244897187,399.983747745933,-33.04677492856978,-36.923450914025295,-258.0409840874055,-7.094572751122598,-23.039852204059184,0.21559314731051193,4.311862946210239
3893.92137,1000,1250.069466,1000.0,2458.691694526003,396.3319604327995,399.97243727972136,-33.087622576355926,-37.000725580751926,-260.80947971732405,-6.852188675069966,-23.324705536883112,0.5358614217512968,10.717228435025936
3893.945011,1000,1251.966871,1000.0,2456.2776619366227,395.8955737460447,399.96657359431487,-33.29855193436148,-36.73095039799801,-257.2417988653681,-7.39215920710207,-23.531337470926214,0.7433379962924562,14.866759925849125
3890.609982,1000,1253.86698,1000.0,2454.5345685196407,396.0931850682302,399.9109264955484,-33.437971361875526,-37.41536352783445,-258.19952256435806,-7.618667195903467,-23.25717379690886,0.3473824204924556,6.947648409849112
3894.671476,1000,1255.796084,1000.0,2458.248244149781,396.39695136468197,399.95403230520384,-33.74118158459666,-36.516485078260295,-259.97613695384956,-6.70149947271315,-22.992448782278085,0.6022194676210832,12.044389352421666
3895.852209,1000,1257.696384,1000.0,2460.741001818367,396.2255564797622,399.74618176494045,-33.42465326070786,-35.42602473534642,-261.8867736824692,-7.472389318680769,-22.65069055665294,0.6549123369219101,13.098246738438203
3896.994153,1000,1259.603365,1000.0,2465.6786926508744,396.22229202176993,399.9050433395312,-33.416064768433564,-36.6328030623496,-264.6996989846182,-7.402659547951417,-22.660648668295096,0.5741778357778256,11.48355671555651
3899.507674,1000,1261.500519,1000.0,2464.7827318833824,395.9357794707632,399.8699004171264,-32.86498296797284,-36.308388952165856,-261.3271227974285,-7.339325191754321,-23.240917600459067,-0.10245827358807365,-2.049165471761473
3896.594354,1000,1263.425604,1000.0,2463.786908358285,396.4066328540568,399.88941094938656,-33.45679947733883,-36.414409258216594,-263.61194222217847,-7.611191779918992,-22.394255360712503,0.5637802486712685,11.27560497342537
3893.253745,1000,1265.339671,1000.0,2457.0228607296476,396.85967842827404,399.9861994348926,-33.51202311635023,-35.22653494291002,-262.34656491371163,-6.792733149929212,-22.737137210098915,0.29757661772041705,5.951532354408341
3895.032831,1000,1267.205961,1000.0,2459.1651195189556,396.37623902002383,399.9473905791839,-33.11497241139414,-35.84373277239501,-261.0624049720019,-6.944587002399955,-23.49022098401785,-0.027078550979806333,-0.5415710195961266
3893.232153,1000,1269.063154,1000.0,2458.02175114635,396.3540316053024,399.9616313299723,-33.09910872995852,-35.91440562475471,-262.277760450137,-6.630131258022015,-23.18385535565507,0.7288316004883031,14.576632009766062
3900.008993,1000,1270.930246,1000.0,2463.2436678409917,396.30584223089073,399.88835797161187,-32.677271648645345,-35.46556094139813,-262.3493298989388,-6.622815313563891,-22.313896935198237,0.5271567881583245,10.54313576316649
3899.070316,1000,1272.812851,1000.0,2461.664646430967,396.3668292414842,399.9937230272218,-32.82409926950933,-35.78780007958414,-260.37784609758523,-7.046996916028657,-22.918140033789356,0.6122262803648715,12.24452560729743
3902.45865,1000,1274.713623,1000.0,2462.9397800812467,396.32378165354044,399.9557216998206,-32.696807670593316,-35.33556682206692,-259.54201886707955,-6.474856769901478,-22.71138345569,0.73593883238339,14.7187766476678
3901.37288,1000,1276.601389,1000.0,2461.9612639746397,396.31415263795054,399.88792998699387,-32.462555358409915,-35.46869487054649,-259.7688486187149,-6.555499613114458,-22.534868024855214,0.3684485334749166,7.3689706694983315
3902.813363,1000,1282.219907,1000.0,2463.1713755852234,396.48926439782684,399.9661380843166,-32.94878582298753,-34.762558148801325,-259.35121889121797,-6.715936024410254,-23.03491579741234,0.4135488870565839,8.270977741131677
3901.643929,1000,1284.087462,1000.0,2460.6249251863237,396.2565141362223,399.95972042683775,-32.41816321969036,-34.3371152628213,-259.6359701240587,-6.734477675534333,-22.071504873058018,0.7540772866948618,15.081545733897237
3899.215488,1000,1285.936801,1000.0,2457.4288140495064,396.504899760656,399.9746988674932,-32.21844851195815,-34.11957004144788,-259.57119300057076,-6.331116981775346,-22.452595728132838,0.8990257158597876,17.98051431719575
3900.687939,1000,1287.912956,1000.0,2458.7331624420426,396.1436168990109,399.9017671798708,-32.43810877919194,-34.76993027590209,-257.52803755686926,-6.467524218198613,-22.887006709021,0.8143995211596327,16.287990423192653
