#{"t_start": 1783132195.4180708, "env_id": "None"}
r,l,t,rc_alive,rc_forward,rc_upright,rc_height,rc_ctrl,rc_action_rate,rc_lateral,rc_yaw_rate,rc_joint_vel,ep_speed,ep_dist
-23.668118,55,1.738923,55.0,-50.19265105258715,16.032269161581027,16.906985141848164,-3.9975151705741894,-19.87962319850922,-6.001672807106878,-29.483760715414153,-2.0521498285966686,-0.3407221737917521,-0.3747943911709274
-33.637842,57,1.843652,57.0,-64.085663571019,14.992649268341898,17.54044488202806,-4.121477146148682,-22.150795900821677,-8.099348023100434,-22.731473172339278,-1.9821787143089418,-0.45419213828232713,-0.517779037641853
-28.365986,46,1.924814,46.0,-51.986599710256954,12.434349577440656,14.529647360322652,-3.3581691408157353,-16.1963219165802,-5.762881814349165,-22.175745481286942,-1.8502652953564747,-0.43543617178215366,-0.4006012780395814
-22.550795,49,2.017838,49.0,-42.22957792813334,12.390253426639624,15.423347503120027,-3.5234020900726315,-15.643103301525121,-6.481204338156892,-29.657720512168364,-1.829387609190034,-0.34946147107082687,-0.3424722416494103
88.488426,71,2.147777,71.0,24.935308323695452,23.10718983763757,21.47015865246525,-5.266992421150208,-24.83607534170151,-0.5978342176236894,-18.3816657852611,-2.9416635105556965,0.04779080424671287,0.06786294203033227
-30.163823,43,2.232161,43.0,-43.43387917092856,10.166386514216198,12.089797808784569,-3.251365664005278,-16.171219742298128,-5.13873469135884,-25.665619048509395,-1.7591889267685308,-0.3283633652912323,-0.28239249415045975
-18.554139,53,2.333212,53.0,-49.665310129260625,15.482869263693317,17.025677325860578,-4.128684346675873,-21.00791654586792,-5.884759867063135,-21.489404727180965,-1.8866100509325812,-0.353654352301636,-0.3748736134397342
-47.012215,51,2.423505,51.0,-52.20487172566066,15.046314733816466,15.961886633521402,-3.840414056777954,-18.086100414395332,-5.525731708034686,-47.07200923144045,-2.2912891116916256,-0.4632840788703533,-0.47254976044776037
-33.447066,50,2.514408,50.0,-38.89565966820617,15.441099265058243,17.26655107908368,-3.653138451576233,-17.68812936544419,-3.1230494598583003,-50.75846661675432,-2.0362723083642136,-0.259949286423809,-0.259949286423809
-20.539781,43,2.595238,43.0,-33.123670734765426,12.957817787913688,14.401804694939822,-3.231231672763825,-15.779577493667603,-4.534589278594949,-32.342270799385695,-1.888063856871628,-0.2997055222262108,-0.25774674911454126
-36.741318,42,2.670345,42.0,-57.076620730219254,9.228925196475636,12.113423882906003,-2.971574647426605,-13.387105679512024,-7.683655880178302,-17.23542153232124,-1.7292886609906946,-0.613934856558955,-0.5157052795095222
-23.332075,51,2.765418,51.0,-51.5897313708721,13.243498995652619,15.639260963355783,-3.6485933089256295,-18.061064517498014,-5.498654638966716,-22.628051183569333,-1.7887396740900392,-0.40636866244570535,-0.41449603569461946
-48.259111,64,2.888222,64.0,-66.95674306104213,18.075637403953678,19.639724203818194,-4.763686504364015,-23.94558055400848,-8.862005274934898,-42.6063344187387,-2.840123229748132,-0.40477827288489593,-0.5181161892926668
18.947579,62,3.006423,62.0,-26.874707517226987,19.18451891375807,20.00883562105697,-4.549618926048279,-22.54822231531143,-4.136786489063033,-21.995374648458284,-2.1410653427488335,-0.11825074326444772,-0.14663092164791516
-10.996837,42,3.085674,42.0,-30.70605758738779,11.602492197072293,13.504756528112155,-3.3079078030586246,-16.629698550701143,-3.604057372755034,-22.41659050564899,-1.439773574622941,-0.35750535833401065,-0.30030450100056894
-40.564375,48,3.17497,48.0,-46.19153261058419,13.645721040520064,14.562687246194617,-3.557288322448729,-18.7120915055275,-5.175242313389048,-41.45877805237722,-1.6778501389952565,-0.3771727157926158,-0.36208580716091116
-31.788223,61,3.288755,61.0,-60.296168797688765,17.0823037253612,20.06122174694581,-4.342567212581636,-21.71012892723083,-7.545695138267015,-33.466542569191645,-2.5706455363335756,-0.39979061381850745,-0.48774454885857904
-20.48832,51,3.383541,51.0,-32.28023123456962,15.023674923166705,16.271608519882804,-3.9987013792991637,-19.3146665096283,-3.609543630800429,-41.48863316844025,-2.0918271481228943,-0.16796261361404324,-0.17132186588632412
-2.930396,51,3.484827,51.0,-25.290713601438018,15.487244604082875,15.644098016527636,-3.791085574626923,-17.714444494247438,-2.646457579996899,-33.80122750195042,-1.817810005301114,-0.2961250923315406,-0.3020475941781714
-35.498799,49,4.031377,49.0,-46.14385761167603,12.93786463386205,14.34394571134752,-3.7571225714683543,-18.701317316293718,-4.979486075275535,-36.46913251667925,-1.7296935460357779,-0.37730427225397245,-0.369758186808893
-1.143715,56,4.133387,56.0,-43.639273852374274,14.947992655213174,17.186633649082193,-3.9578529024124123,-20.162019062042237,-5.656017306714169,-13.741864423815633,-2.121313757265789,-0.41808393510986636,-0.4682540073230504
-11.207351,49,4.224766,49.0,-32.037936875510525,12.974341790059587,14.99626565060301,-3.4169175958633415,-17.552280259132385,-4.096943448774648,-29.12858878107886,-1.9452913197905766,-0.2540181001820093,-0.24893773817836914
5.528605,62,4.339112,62.0,-30.15137774455007,17.170599750448325,19.703351288289358,-5.067836730480196,-25.41848052740096,-4.190508244413272,-25.995112059971586,-2.5220308588076104,-0.276631129559499,-0.3430226006537787
-18.227919,46,4.424152,46.0,-38.835698588358035,13.889402702659963,13.453876102693824,-3.846699213981628,-19.750709521770474,-3.5861910552171086,-23.82239461061437,-1.7295048752203317,-0.3931728752430343,-0.36171904522359155
25.715032,105,4.621565,105.0,-51.30879122545804,34.854544438308935,35.13591977565107,-7.577531528472899,-35.9247819185257,-6.006743025897489,-43.824199669858174,-4.633384804511543,-0.3063658887757947,-0.6433683664291688
-21.575539,43,4.698968,43.0,-41.865955403881934,11.565886046097328,12.606227722992694,-3.1926580357551577,-15.799296653270725,-6.1717850036181865,-20.22264357422401,-1.495314280406036,-0.37452444390297185,-0.3220910217565558
2.091305,51,4.795449,51.0,-29.373915874394566,13.683976593553318,15.067159488729432,-3.9138210368156425,-17.563578021526343,-2.8078116121918875,-22.053006170320675,-1.947698446521196,-0.48471054879371095,-0.4944047597695852
-2.404761,50,4.886422,50.0,-36.17863173951041,14.49911217429263,16.436195714506308,-3.620971114635468,-17.341947090625762,-3.867130212649367,-20.335244861127958,-1.9961439127582428,-0.3452549917176917,-0.3452549917176917
-0.167181,58,4.99336,58.0,-38.96566429694229,16.781619281491572,18.625632705495523,-4.12930094242096,-20.378657758235935,-4.714298774602636,-23.016823102351818,-2.369688215533823,-0.26695069457404763,-0.3096628057058952
-16.392319,44,5.074099,44.0,-34.743528019809446,12.547107520998429,13.864122765266075,-2.9431071770191197,-13.908885192871095,-5.376154513501865,-28.1530554765388,-1.678818943984103,-0.30237618847661735,-0.2660910458594233
-27.942985,48,5.163173,48.0,-50.128683470951245,12.81487577738844,14.086795919646255,-3.6535688018798824,-17.32203370332718,-6.296267921830026,-23.358623306917753,-2.0854798304583366,-0.44512065722154337,-0.4273158309326816
91.218528,61,5.278085,61.0,40.978886119725914,19.16011612034977,19.487653406850217,-4.546312091350553,-23.523832297325132,-2.762937963118382,-16.02283614860998,-2.552209258387374,0.36192290946644395,0.4415459495490616
-13.738057,57,5.385564,57.0,-39.21926783896548,15.6709023445033,18.198583217014427,-3.875950232744218,-18.783550751209262,-4.826130125554512,-35.451456525491665,-2.451186953301201,-0.2692723744428917,-0.3069705068648966
-4.711312,53,5.48134,53.0,-31.155964682745786,14.577883852599168,16.019307090908434,-3.8565850591659543,-19.979986619949344,-4.510020588080568,-26.746240343328022,-2.0597059010083405,-0.236839103813213,-0.2510494500420058
-25.05075,41,5.557435,41.0,-33.472305298100885,11.277072796174114,12.186567746114974,-3.034639220237731,-15.281996500492095,-3.9506748713529647,-32.24475332976424,-1.5300210583459106,-0.34891508405330046,-0.2861103689237064
-42.492843,50,5.655853,50.0,-56.19042009653382,13.398153705950717,15.326194899402488,-3.449002916812897,-17.31169798374176,-6.672809022003838,-35.83065591758788,-1.7626056040945726,-0.4735469620436665,-0.4735469620436665
6.538587,64,5.775064,64.0,-37.71218025924695,19.0453193953548,20.81989941043719,-4.434998297691345,-24.871603119373333,-4.837556029132256,-23.638056168715657,-1.832237629468093,-0.18200608427723478,-0.23296778787486053
-18.891792,47,5.862541,47.0,-37.74110973708175,12.326983941064125,13.745298534509308,-3.49127960562706,-17.56857069730759,-4.311574496133769,-27.205411309525665,-1.6461291258653337,-0.3912070826376777,-0.3677346576794171
-24.568329,58,6.085884,58.0,-52.056285846479724,16.274836913698817,19.08205521943866,-4.3400044131278985,-21.383103883266443,-7.970623324328772,-29.80249278899669,-2.372710385940601,-0.2805337953150605,-0.3254192025654702
-14.650978,65,6.200105,65.0,-61.251396034366415,18.196839054008215,21.122011019684575,-4.591242084503175,-23.307835304737086,-7.078787700984416,-20.405453472715788,-2.335113029476659,-0.34916882710831487,-0.45391947524080933
149.958883,98,6.37661,98.0,77.09116645513171,33.788471379612496,33.11757979012132,-6.846841473579406,-33.63267353773117,-8.843550124653996,-39.103180923232124,-3.6120890384929965,0.34949115163331007,0.6850026572012877
-29.980561,45,6.462816,45.0,-49.16426845313104,10.215766898066445,13.372679814856426,-3.401147992610931,-17.343072235584266,-6.795751321098598,-20.03439455931704,-1.8303731223903215,-0.3965278112003037,-0.3568750300802734
11.969557,63,6.586915,63.0,-38.275597238015116,18.557854658564096,20.519361792542693,-4.455060915946961,-22.409487479925158,-3.405070769276896,-19.291896380789645,-2.2705468475799866,-0.23830686452498154,-0.30026664930147673
-25.705648,46,6.673927,46.0,-51.65713015486044,12.104783749257948,13.779550228910423,-3.4521153116226198,-17.06393920183182,-6.333008595021153,-17.438535427164535,-1.6452535145390326,-0.4737511669873229,-0.4358510736283371
-1.841847,51,6.772834,51.0,-22.949389879069955,14.649822011405428,16.86199862858928,-3.633848947286605,-19.099955976009365,-3.7359687238270975,-33.01674698251034,-1.9177569739904823,-0.21661706734550834,-0.22094940869241853
-21.526976,54,6.874419,54.0,-54.96795077178315,15.37784569945468,17.421734367060694,-3.820052883625031,-19.25253430008888,-6.426648163991594,-21.815323090275957,-2.044046841647834,-0.41161873068158744,-0.44454822913611447
-6.384238,49,6.965359,49.0,-16.90220797053613,13.114087237182693,13.292331438719831,-3.8413630771636957,-18.253853404521944,-3.3364057790786985,-36.94879885304723,-2.5080280055222457,-0.09126103297871603,-0.0894358123191417
-18.677173,44,7.04496,44.0,-36.11196244834129,12.784646980004203,13.895676464268504,-3.3395450544357304,-16.2842325925827,-4.8229360935262635,-26.811896077815778,-1.9869242488181302,-0.3196023629037583,-0.2812500793553073
-18.362107,54,7.144516,54.0,-43.05487579350315,15.741052367100748,17.502976230203302,-4.313641064167023,-20.401996874809264,-6.921239349939967,-28.356838984204874,-2.557543643340825,-0.2519449975093431,-0.2721005973100906
127.655337,76,7.28352,76.0,60.39977650933369,26.56934332656552,24.789165245771503,-5.572676250934602,-27.893564039468774,-6.157802906242215,-17.860941932479957,-2.617963156852066,0.35943164990662857,0.5463361078580754
14.997132,51,7.378381,51.0,-19.726887705796464,15.736177842949672,17.25283744285458,-3.732925007343292,-17.966416215896604,-2.8702363223686125,-22.804816485980965,-1.8906014713206782,-0.1426721708269071,-0.14552561424344526
-24.153206,49,7.467253,49.0,-52.94414194353038,12.15847672407066,14.97290729617659,-3.3269129467010505,-14.672765398025513,-7.610873422279837,-19.74545661923997,-1.9844393607598374,-0.4025718791450922,-0.39452044156219035
14.732767,58,7.574262,58.0,-26.963734033598055,17.111409582266596,19.101802963381008,-4.25573181629181,-20.567175185680387,-2.6360697231996406,-22.962594452178152,-2.095140298015422,-0.2470623749171146,-0.28659235490385293
-9.372985,51,7.669489,51.0,-30.302103198816717,13.979032553150397,15.491375306086058,-3.7440948891639714,-19.401847469806672,-4.452270862002926,-30.02777401726425,-1.9153022551575283,-0.19420960698856943,-0.19809379912834083
-11.826166,63,7.785573,63.0,-53.098506903590824,18.32996093245307,19.792663891529013,-4.87771264076233,-24.25775855183602,-6.35296662036636,-22.02816114807427,-2.3336844628052975,-0.29125078444635966,-0.3669759884024132
-5.239022,54,7.885765,54.0,-39.753737418907264,13.317578422508731,15.708124481420052,-3.693560216426848,-17.560944771766668,-4.626093413366254,-20.676190101334015,-1.9541991122126239,-0.2946653678377189,-0.31823859726473647
2.76495,59,8.109308,59.0,-38.33857257202766,16.57218836844907,19.06962086717682,-4.223668396472932,-19.25278347730636,-4.483317300216581,-23.224439507761982,-2.354078154129492,-0.2720689687270039,-0.3210413830978646
-13.419454,59,8.22159,59.0,-45.32191989710005,16.938262604468207,18.8923617107623,-4.244359042644501,-21.949892854690557,-5.03101328366452,-29.64744357422875,-2.0554497214595524,-0.30045688183947844,-0.35453912057058456
20.400581,75,8.3594,75.0,-37.838531208788964,23.608695275505138,25.08929058171521,-5.121771116256714,-27.525039499998087,-4.5351089882450895,-25.383559008794467,-2.8933948627626793,-0.2673993166077458,-0.40109897491161867
-10.004978,49,8.447204,49.0,-33.73314854871126,12.5105405363369,15.387600198580719,-3.7208375000953673,-18.888761079311372,-5.825586115852218,-22.758830571979928,-1.9759544747281046,-0.2671487771975192,-0.2618058016535688
-10.623867,53,8.54253,53.0,-40.491267922908264,13.236539232904068,15.96592115200714,-3.9347560310363763,-19.949546742439267,-4.564271712628038,-22.02154207941624,-1.8649426473638089,-0.34469255300395785,-0.36537410618419536
1.57655,50,8.631732,50.0,-22.84733359609188,14.549916936463811,15.639847665648071,-3.714233939647675,-18.77588441371918,-3.077611085814722,-28.000796384359877,-2.1973548560911995,-0.24893290893093703,-0.24893290893093703
-3.134152,56,8.730732,56.0,-19.52124913647367,15.427128856420024,17.563885335330767,-4.190915348529816,-20.938745665550233,-3.607961035887489,-41.62225407481638,-2.2440412683459385,-0.15001498747480846,-0.1680167859717855
-14.121651,56,8.833292,56.0,-48.06374174982676,15.503981911059414,17.758150916495868,-4.087737543582915,-21.021017575263972,-5.972393487902345,-22.469607686652697,-1.769286115298836,-0.2774310279184751,-0.31072275126869214
-3.409636,55,8.938049,55.0,-35.3965668163825,15.99285319880554,17.596078720885806,-3.8887449741363533,-18.795577883720398,-4.2933575456936115,-27.45802774898962,-2.166292827945147,-0.23404469172770245,-0.2574491609004727
18.639029,72,9.068793,72.0,-26.38942731924557,23.6858800948372,23.93935153390387,-5.333224418163298,-26.91479127407074,-2.409727551053493,-37.1012056582011,-2.837826221737315,-0.25010902050498585,-0.3601569895271796
-29.147853,51,9.158574,51.0,-49.93600171694155,12.81818476000246,15.115000363508596,-3.9566705679893484,-18.489529263973235,-5.861633472262621,-27.963709797506375,-1.873493700582964,-0.44187887194626235,-0.4507164493851876
7.08132,65,9.277476,65.0,-40.474932937188534,19.699543964502706,21.47008334579779,-4.70918214082718,-23.43794647455215,-6.338489327788004,-21.75873233285351,-2.369024218636592,-0.21522614004647786,-0.2797939820604212
-5.01899,50,9.367753,50.0,-33.07542344063609,13.969707896639028,15.688483705476516,-3.5130617451667776,-16.299028718471526,-3.0049613461263647,-26.874350445510913,-1.9103562538531278,-0.3675844766578645,-0.3675844766578645
7.200829,49,9.460175,49.0,-14.049438081417259,13.93015289612131,15.072260287914574,-3.6370613574981694,-16.862040680646896,-2.167605090969027,-32.39216297275639,-1.6932758831626158,-0.15684971284573182,-0.1537127185888172
18.619727,63,9.578023,63.0,-25.247883832959225,18.590094282836297,19.85903010983121,-4.4938554239273065,-22.46082046031951,-4.172337131690695,-24.160956193761173,-2.2935447909768536,-0.1566567273480785,-0.19738747645857893
-20.247511,50,9.667592,50.0,-46.081535583160225,13.84410312166804,15.924423807149434,-3.3647432470321643,-15.897569954395296,-4.735225169652658,-27.844477736827567,-2.092485943807868,-0.36938201743022797,-0.36938201743022797
114.920947,76,9.803848,76.0,59.014627664927836,23.345192573971065,25.557218072768084,-5.540452141761778,-26.409772372245783,-5.716579212161769,-28.572953778690074,-2.7563341830119006,0.4555046002558922,0.6923669923889562
7.408558,49,9.892732,49.0,-32.16320970982061,13.914805053962366,15.226493920031647,-3.5445423007011416,-18.49664989709854,-2.0482100338670746,-12.804530063520321,-1.6755988692486243,-0.4115653666713416,-0.4033340593379147
-19.187535,47,10.105517,47.0,-43.244596971983775,12.102348159637595,14.25816756873331,-3.393540606498719,-16.09537533521652,-6.104040478351376,-21.643786737505412,-2.0667103989708027,-0.40769467757113226,-0.38323299691686435
78.881444,61,10.221915,61.0,18.14163711247138,20.650306105129523,20.388891922070897,-4.494382474422456,-23.05699825286866,-0.3014175211055132,-10.971697813486132,-2.4748953815272414,0.09055382716515582,0.1104756691414901
10.185656,59,10.329335,59.0,-31.060821885476642,15.67913887065555,18.55947725195485,-4.255241758823394,-21.50872694253922,-4.131602507276384,-19.86294891987441,-2.2336177344764985,-0.2717111528528093,-0.32061916036631494
-13.879504,51,10.424143,51.0,-41.056542739077614,13.992400616494972,15.732582133495812,-3.786488955020904,-18.178554940223695,-5.713863990362023,-23.844482073514516,-2.024554513166156,-0.31132876758732014,-0.31755534293906656
132.216138,82,10.572002,82.0,72.02596490508634,26.621735151450267,26.767741158943753,-5.716098276376724,-27.85268374681472,-7.451572881794417,-31.086937200431933,-3.0920106261731712,0.34099030774773625,0.5592241047062875
-19.889526,60,10.679483,60.0,-40.85283554317683,15.83522274892999,18.114270855072828,-4.427983741760254,-21.223831605911254,-5.815218307341894,-39.23898402223773,-2.280166549753217,-0.23287491881013858,-0.2794499025721663
55.623151,49,10.770564,49.0,17.02444915952467,14.344438829476367,14.999555716593235,-3.6791282343864444,-17.43800958395004,-0.4873394891513006,-16.340992417443587,-1.7998232428712884,0.19347103048829672,0.18960160987853078
70.036555,70,10.89879,70.0,8.980359374524378,20.997003836445188,21.688242796072903,-5.131866450309751,-24.834198510646814,-1.7969972940920569,-17.1717575763275,-2.6942312816380376,0.24522387341882482,0.3433134227863548
9.373563,57,11.005945,57.0,-30.05004432305558,16.70928355263187,18.79507897923861,-4.03605679512024,-19.9637533903122,-4.444701288214073,-22.24790040749067,-2.3883434864881754,-0.19949164043929943,-0.22742047010080138
-7.750847,57,11.110852,57.0,-39.65825968616154,15.926511250871528,17.979429735603382,-4.190166447162627,-21.209364575147628,-4.984816907909564,-26.37772066835965,-2.2364592638984138,-0.2638599748465279,-0.30080037132504184
-22.689168,44,11.189871,44.0,-41.53929073955703,9.551752941606724,13.625843881795307,-3.160516400337219,-16.05639867782593,-5.106082546652262,-22.253088327997244,-1.7513881722661755,-0.3625745395023385,-0.31906559476205787
94.298458,65,11.313625,65.0,44.85154566199078,20.101351765846665,21.937780170557478,-4.768411030769349,-22.221541768312466,-4.268261773578219,-23.39232526010386,-2.941679884563513,0.35459645574378945,0.4609753924669263
74.725497,66,11.438187,66.0,27.860132848543444,16.721774102457946,20.855948667657024,-4.638579347133635,-21.586679422855376,-1.3376376999223114,-26.641284583350515,-2.5081776505590567,0.46166382407816786,0.6093962477831816
29.637707,78,11.579791,78.0,-36.786373501815675,23.48049061283175,25.223495460765253,-5.595303465127945,-27.02431292533874,-5.749540812506789,-19.269171279520936,-2.641577042979712,-0.18362022421993818,-0.28644754978310355
-1.35926,61,11.690069,61.0,-39.17382703553487,18.32043684693162,18.98262849060549,-4.373373365402221,-21.5047178030014,-6.1452560778112195,-25.900378044084565,-2.5647732595784603,-0.26727099171242596,-0.3260706098891597
23.437563,73,11.823345,73.0,-32.27261916408789,20.88585956779785,23.55501747794683,-5.32932666182518,-26.644873678684228,-5.41829085957095,-21.59832151100093,-2.7398819505484058,-0.21298840917005993,-0.3109630773882875
37.959894,79,12.092792,79.0,-13.59432200872044,25.466985742418036,26.372615432047823,-5.403268997669221,-25.069521969556803,-2.329972401747721,-43.33648193980839,-3.146139701623401,-0.10091224551592173,-0.15944134791515635
-15.050213,58,12.200633,58.0,-45.694449229661906,17.065211163951883,18.894145279788834,-4.459695665836333,-22.508581185340887,-5.558519868064651,-28.592667817666232,-2.1956558955830845,-0.27991264960012574,-0.32469867353614584
33.279063,58,12.309686,58.0,-6.729517948401836,17.70252046795825,18.960634066906508,-4.307564668655394,-21.876131141185756,-1.3020808153635208,-25.205256895350047,-1.9635397598616064,-0.11766932535450947,-0.13649641741123097
-22.846387,53,12.407999,53.0,-54.286737553499265,13.373859656832598,15.392022254289229,-3.594330253601075,-18.089735460281368,-7.513935265808601,-19.16189368287994,-1.965637086411648,-0.38895341338192213,-0.4122906181848375
11.849783,59,12.516968,59.0,-27.307668663166083,15.836595754891608,17.361022182121136,-4.5073596572876,-21.33133562803268,-2.7254160307642734,-22.041867357547655,-2.4341877317977434,-0.32753043825557,-0.38648591714157254
-9.758426,60,12.628888,60.0,-50.60264283197733,16.016148030026535,19.859332418978358,-4.637375081777574,-23.01436674594879,-5.653758841838672,-19.726305367002837,-1.9994577679201453,-0.33982574453796355,-0.40779089344555625
-9.909063,56,12.732497,56.0,-43.03016851045929,15.222034174011,17.099077558254482,-4.439330105781555,-21.389903354644776,-4.966833843113812,-22.532702314575975,-1.8712367925900202,-0.33541602720938757,-0.3756659504745141
4.144626,64,12.852145,64.0,-39.22307678114044,18.769764703976765,21.609608338343783,-4.321022614240647,-20.115686267614354,-6.196813090504186,-27.9460218482115,-2.4321260045391466,-0.2301246492869956,-0.2945595510873544
16.816988,53,12.950859,53.0,-24.691604042302775,14.87566927436511,16.01083609189387,-3.8964630627632144,-19.356817269325262,-2.85855516509232,-14.206846977043167,-2.0592303651608184,-0.180406484652074,-0.19123087373119846
101.261004,70,13.078447,70.0,45.39143499498055,22.05431342199679,23.06613923909196,-5.156613671779632,-24.11627004146576,-5.038717354443291,-22.525474789543903,-2.413807654850251,0.41345623057426456,0.5788387228039704
0.000537,61,13.193252,61.0,-42.64608898760011,16.996832021779387,19.069521947538526,-4.638763651847841,-22.419588482379908,-4.584334364459178,-20.51939664389627,-2.2576449758364663,-0.27681723265017005,-0.33771702383320745
-5.470073,45,13.279192,45.0,-29.605139112156067,11.687216502245652,13.874871417784778,-3.364976725578308,-17.193221509456638,-3.4140145614559607,-20.582772863056466,-1.8720361072536684,-0.2512580366331532,-0.2261322329698379
110.693969,77,13.420088,77.0,61.66962000303673,23.321793050705804,25.17012846504831,-5.765070998668671,-28.981173944473266,-8.514767410072686,-30.266876640920866,-2.9396832195133826,0.3482779076216766,0.536347977737382
4.55318,64,13.539161,64.0,-39.05916029260549,19.187258146828167,21.36955992460349,-4.565755882263184,-21.20718611478806,-5.00403428685789,-27.85289538654321,-2.314606180842967,-0.22996356903691514,-0.2943533683672514
-1.142028,54,13.636448,54.0,-33.639830416915956,14.739487326565184,16.8728822595942,-3.9075998616218555,-19.966892147064204,-4.270310510304913,-22.923869270693114,-2.0458951026487284,-0.20346245629144086,-0.21973945279475615
-1.372957,78,13.783787,78.0,-55.73534788798984,23.84550651654357,24.995718426525627,-5.507786347866059,-26.479451018571854,-6.5042107375006895,-30.76954615508848,-3.2178394401130554,-0.3117911093133058,-0.486394130528757
7.20546,47,13.869854,47.0,-25.807013549871563,10.766351207753884,13.184023747023039,-3.501474089622497,-17.78024513721466,-3.30604482962243,-11.628966047860256,-1.7211713765844305,-0.3614543444096851,-0.339767083745104
-19.232994,63,14.102675,63.0,-46.9838027346607,18.01085765958718,21.499632070589882,-4.68048146724701,-23.188348734378813,-4.730616514420117,-39.695376174069445,-2.464858047326894,-0.32850076240987947,-0.4139109606364481
-7.41951,51,14.197457,51.0,-37.56085548706634,14.69657247258201,16.63207670454911,-3.617516943216324,-18.2108600616455,-3.7188391645772794,-24.6986865762924,-1.9414004874491106,-0.28628109756904807,-0.29200671952042906
-0.022359,56,14.297235,56.0,-39.35905347422678,14.073006956119718,17.159791281617288,-4.058426654338836,-19.233565986156464,-5.431146628915851,-16.957358297105348,-2.2156058226798736,-0.2622556792798222,-0.29372636079340086
60.802563,82,14.445183,82.0,-12.721166674481612,26.85093401332718,26.99210183974859,-6.024950911998746,-27.390801447629926,-2.174951089721978,-23.190884169814044,-3.5377183179822995,-0.2561925499139804,-0.4201557818589279
42.459794,50,14.531704,50.0,0.13416339360610058,16.886618174487523,16.226612761124226,-3.7467441415786755,-16.350728309154512,-0.7651817340835181,-18.264378498378264,-1.6605673550332722,-0.18472537539558667,-0.18472537539558667
30.704412,60,14.638634,60.0,-18.65188346213499,18.55580072887395,19.046397380025315,-4.40838275194168,-21.84079654216766,-3.2528817863795183,-16.587260825627606,-2.156581096912598,-0.093340701252014,-0.1120088415024168
4.456925,56,14.737549,56.0,-28.982892853095763,16.75776159598103,18.256506590077866,-4.242538344860077,-21.52198001146316,-3.523977585314081,-26.20910871929589,-2.0768455678371547,-0.21867564343689178,-0.24491672064931883
118.486288,81,14.882617,81.0,60.18431070436049,24.706545736501692,25.94950992208864,-5.842412049770355,-28.739907217025753,-5.788164454333749,-29.749044922604607,-3.2345495845973273,0.303366641855615,0.49145395980609635
101.610734,64,15.001933,64.0,49.11981034096947,17.91413915452595,20.839284920881358,-4.6450474429130555,-23.64586011171342,-5.582523887728552,-14.300530635272516,-2.088537873380219,0.30902267244975834,0.39554902073569065
80.015195,77,15.15095,77.0,17.376854308871888,24.892594041767346,25.62712698508804,-5.586588063240048,-25.910621523857124,-1.540606739990841,-29.13330662493352,-2.7102578656013288,0.013117040506767395,0.020200242380421788
125.296684,63,15.269258,63.0,76.4002069558137,19.59293765830598,20.87812059851436,-4.665831053256988,-23.175992870330813,-9.121969247622626,-15.008376258371204,-2.6024118258283395,0.5144491649270597,0.6482059478080953
-13.100041,60,15.38201,60.0,-49.351079375127405,17.075366632367313,18.816115033781198,-4.4176772952079775,-21.566352021694183,-5.412464720309191,-26.147049611454612,-2.096900039621741,-0.4182165375727939,-0.5018598450873527
1.139341,56,15.485228,56.0,-33.20202566622044,16.219784512247525,18.97643705124803,-4.006603810787202,-21.275777113437652,-3.4952475858062577,-25.966714805475803,-2.1105120273798286,-0.228189274081481,-0.2555719869712587
56.733297,69,15.609979,69.0,4.00190282316852,22.27622249750446,22.13491374563548,-5.016430543661116,-24.46049684882164,-0.42859380547426246,-27.963125099152446,-2.8110956627555757,0.1989627607843894,0.2745686098824574
20.315182,58,15.714827,58.0,-24.315662623137918,13.856841373021853,16.119106072864426,-4.114680726528167,-20.65629182457924,-3.504399682392806,-12.85733426244879,-2.2123966427285144,-0.3832160782008974,-0.444530650713041
17.853149,71,15.846676,71.0,-36.945558300028566,22.302373540627745,24.167086812954995,-5.477030224800112,-28.241010475158692,-3.331860041699309,-22.850400154166415,-2.7704521768089987,-0.2605785839069617,-0.3700215891478856
4.436194,62,16.100818,62.0,-43.10829424779124,16.76599992373812,18.638683449953866,-4.567289323806762,-22.435449516773218,-5.001945357002391,-15.838563036660908,-2.016947475892503,-0.2918758704127212,-0.3619260793117743
-8.017993,50,16.200984,50.0,-43.033894144946714,12.370624973471903,14.347808258108653,-3.5215180754661564,-16.98868907690048,-5.609749446376984,-13.919192039887722,-1.6633832396619317,-0.33753088089169214,-0.33753088089169214
112.280325,82,16.348584,82.0,52.0901032371424,26.119929755348444,26.81103966003198,-5.958387095332147,-31.067786240577693,-3.5797645006384804,-31.190716258227468,-2.9440940242996403,0.39325532906217797,0.6449387396619719
11.915267,72,16.476481,72.0,-39.43506296014794,21.97725452473275,24.3514192762408,-5.129132108688354,-25.403429341316222,-3.8680030258368134,-30.131149086538525,-2.446630593055381,-0.1935625293000157,-0.2787300421920226
136.918023,73,16.608017,73.0,70.80803320083118,24.575924689307733,24.73808406160595,-5.032564752101899,-22.976240146160126,-5.663831000145341,-19.683117807252025,-2.848264931401184,0.39497757803844497,0.5766672639361297
90.376212,67,16.727836,67.0,28.91005025558319,21.241379456145804,21.312597196827987,-5.153479461669921,-25.315774476528166,-1.5366965665766306,-13.329103011925877,-2.7527611894860535,0.19171058703115293,0.25689218662174496
93.068788,57,16.83774,57.0,58.000727714130505,17.008074778411586,17.992521316399092,-4.308740432262422,-21.539643514156346,-7.2581152972548715,-21.627485844587856,-2.1985509644986596,0.2322236266739834,0.2647349344083411
57.018674,49,16.930475,49.0,11.151772086337957,14.341488727610152,14.73326108194098,-3.5355834853649153,-15.893753588199615,-0.5986543446847675,-10.640773388362778,-1.5390827515933732,-0.11274382370206965,-0.11048894722802825
51.95715,69,17.056687,69.0,-9.146627387112966,22.232549587581207,21.61768936770193,-5.216844304800035,-24.899557715654375,-0.5629990068909934,-18.5455196569772,-2.521540768607603,-0.2531937541196134,-0.34940738068506655
-35.521012,45,17.139999,45.0,-50.57014424262999,11.731271583306263,13.035949034508283,-3.1702946019172673,-16.565226280689238,-6.395874554879429,-26.795233106661307,-1.7914601963522365,-0.4067584871562886,-0.36608263844065975
119.218667,72,17.274011,72.0,60.374945633162255,22.416901758910715,23.210075654018542,-5.184095764160157,-25.12455421686173,-5.376481869970085,-20.652828432949363,-2.4452955457330083,0.2731175435917498,0.3932892627721197
29.19206,54,17.371602,54.0,-13.241078742001848,14.845884523015076,15.93917827769434,-3.937734208106995,-18.85199428796769,-1.1714495158577825,-16.146565648110368,-2.2441800364688955,-0.381322446129312,-0.411828241819657
94.066941,56,17.476236,56.0,57.869995364773644,16.094683028219983,17.838294634359137,-4.4523120522499084,-20.79525495767593,-8.282596686737211,-17.685791970468987,-2.5200762153977556,0.5059279593598937,0.5666393144830809
136.692369,72,17.609647,72.0,74.81776880359087,23.54257998550331,25.304449582445407,-5.168554055690764,-24.903672337532054,-9.236417325426494,-17.000338331581688,-2.6634469940454566,0.45961946587388425,0.6618520308583933
19.178375,74,17.739121,74.0,-35.04570497723234,21.311099812276485,23.849538868331397,-5.598034462928772,-28.318912363052366,-5.927515078170262,-22.38581767164167,-2.706278762598059,-0.15749213416782154,-0.23308835856837587
96.975486,58,17.84686,58.0,51.648527138933254,17.10858595003073,18.573381029649166,-4.144685523509978,-18.294917607307436,-7.057219283351987,-16.575301391274127,-2.2828839426539425,0.33096625377963856,0.3839208543843807
-33.026664,52,17.940072,52.0,-56.410449946551836,15.962034741257689,17.07902593649835,-4.167789046764374,-18.230970853567122,-7.239915381582332,-29.68351723963234,-2.335082453119199,-0.4094248365461777,-0.4258018300080248
104.531339,59,18.178055,59.0,58.05688048498086,18.921017385936572,18.800429452756,-4.489034308195115,-21.436082899570472,-7.387812055119262,-14.492889640835045,-2.4411697572462856,0.3833493945604689,0.45235228558135326
-7.645706,52,18.272739,52.0,-33.38853001686501,15.681019404254583,17.188052229510365,-3.667594251632691,-16.841690027713774,-4.06580955373594,-32.1411658728882,-2.4099880030008856,-0.2597007436423013,-0.27008877338799336
58.931327,86,18.433648,86.0,-13.782327469669632,27.1483908882705,28.26943662170036,-6.396417064666749,-31.828340446949,-3.088266776605278,-24.132871194695454,-3.2582777123124687,0.014403720045673554,0.024774398478558512
109.454309,66,18.550572,66.0,59.475456460121244,20.277626809710284,22.144680243914728,-4.9599227643013,-23.833108097314835,-6.1996354511857765,-20.59558040055413,-2.8552073443568644,0.41076316680445474,0.5422073801818803
55.195123,64,18.664647,64.0,4.450655223653392,20.4546752641827,20.503520617626645,-5.0333625817298895,-22.238361418247226,-0.6122100757093125,-23.62940970008481,-2.7003841036442586,0.14054274139549103,0.1798947089862285
91.932957,57,18.766418,57.0,51.39969104116859,16.223823691862073,17.69578712638274,-4.042810866832734,-20.753897380828857,-4.318433649074598,-19.304857361881016,-1.966345955523756,0.44202415924210936,0.5039075415360047
130.645122,71,18.898149,71.0,66.71748975005771,23.11910767304923,24.233218290223576,-5.127235667705533,-24.405014979839322,-4.700506967363699,-17.501581776799156,-2.6903547506693783,0.46411027639297003,0.6590365924780174
120.108438,76,19.042245,76.0,62.55050848053442,24.057580669491838,26.42094898713422,-5.543761672973631,-27.45832183361054,-7.905887671808844,-25.17603240606458,-2.836596629103801,0.4110548578667833,0.6248033839575107
72.78247,72,19.176166,72.0,6.091159765937062,22.629291920636646,24.011030662942527,-5.331441478729246,-25.042029154300685,-0.6714110025922926,-18.404864417043562,-2.4992661564337233,-0.26733691477972604,-0.38496515728280545
128.263696,77,19.318768,77.0,67.79090470543707,23.20787929947986,25.114828178888388,-5.73527510404587,-26.836910516023632,-6.439744865046458,-22.57497835740404,-3.263007802923107,0.4015825610445258,0.6184371440085698
-38.933958,48,19.406075,48.0,-66.98149144404151,12.58641692663002,15.361991070056815,-3.434610450267793,-15.71760258078575,-7.55588326315596,-19.31843306629165,-1.8743450185047146,-0.5734819090829212,-0.5505426327196044
-6.954416,60,19.512931,60.0,-47.88313442407395,17.53739397879179,20.303650613285342,-4.1375332450866695,-20.063415038585656,-4.665443596072221,-26.244232197559445,-1.8017023602572053,-0.3416609259562988,-0.40999311114755854
40.379934,65,19.632027,65.0,-11.616679108396044,19.04848583971646,19.772816522133855,-4.891436386108397,-25.51437236070633,-1.2240693227732198,-17.499310351085832,-2.695501081520421,-0.23516447805407065,-0.30571382147029186
54.593166,101,19.814831,101.0,-27.961206624433885,33.59798145059997,34.95797404900951,-7.379230768680574,-34.121913713216784,-3.1086493264097816,-38.51177436947936,-3.880014442317345,0.09480694540289926,0.1915100297138565
127.1295,61,19.924159,61.0,84.4351517228238,18.77629767638196,20.220935740320243,-4.1640789866447445,-19.28138152956962,-10.990886120244436,-20.816473107625306,-2.0500655407657375,0.46049399142133435,0.5618026695340279
88.964148,52,20.146719,52.0,45.17714395268924,14.408669698599855,16.636450139581132,-3.583819839954376,-16.571086204051973,-5.755115200022809,-11.741733880158208,-1.6063607012945043,0.4254051220485795,0.4424213269305227
124.259119,70,20.274885,70.0,71.95068779731001,22.27125392162677,24.929421235112034,-5.3573622584342955,-24.943973386287684,-9.224027947010432,-22.59056525254953,-2.776315157713647,0.46872959900599337,0.6562214386083908
111.759252,64,20.393543,64.0,54.25212171599173,19.056245421399584,21.157239589901423,-4.466115763187409,-21.0407612323761,-5.731005340002152,-12.918291189577683,-2.5501807147931017,0.39405089983698915,0.5043851517913461
115.392195,72,20.523944,72.0,57.58455157723388,22.425425063232886,23.49789843429208,-5.035754311084749,-23.486851179599757,-8.592903316030528,-20.47816590747102,-2.5220049362463395,0.4923991677601234,0.7090548015745777
16.451525,65,20.63956,65.0,-40.38121161389894,19.95711205507764,20.435294681756435,-4.608666872978211,-21.70421546697617,-3.987154598196753,-16.126974915710953,-2.1326577921749683,-0.34801933078608777,-0.45242513002191415
24.389667,68,20.764117,68.0,-24.24350891508864,18.79569814247814,21.67635934375621,-4.907298910617827,-23.182885634899147,-4.45793353810628,-24.479495586137418,-2.8112675811224843,-0.20258939862814024,-0.27552158213427075
79.082921,51,20.859204,51.0,48.82188234385438,14.934374425695278,15.361208358439473,-3.9326658773422243,-18.06821599006653,-6.770632905514715,-20.22088979189911,-2.0421392026068546,0.49239453163931307,0.5022424222720994
129.042195,77,21.001061,77.0,64.28281924801266,24.545153772376302,26.139737099353177,-5.568806264400483,-27.1650960445404,-5.586082105821677,-21.607646865534168,-2.997883876374539,0.39851590718513463,0.6137144970651074
77.039059,92,21.162154,92.0,-9.237343902019456,28.02877957746859,28.088496138332665,-6.591100862026215,-32.73270931243896,-2.6165303568554688,-16.84801221312929,-3.052520248366388,-0.11494953440433699,-0.21150714330398007
102.37273,58,21.267178,58.0,51.459532797401316,19.14852232913475,19.21555751092802,-4.595967831611633,-19.957506978511812,-6.4376252020942255,-11.978909605678341,-2.4808734455302193,0.37670983019501625,0.4369834030262188
129.494151,79,21.408793,79.0,61.05140313403687,25.161497009272523,23.940808970778544,-5.611701151132586,-26.848470050096513,-4.881532941835363,-19.529318955210943,-2.7885355035299506,0.39635984493797816,0.6262485550020055
101.897413,65,21.524391,65.0,54.71663815821049,17.386072285046822,21.6829733363841,-4.598257853984833,-21.815715360641477,-8.32129033499605,-19.321582504603306,-2.8314249332078596,0.3101891924791386,0.40324595022288023
90.314554,49,21.615246,49.0,61.58896990192035,11.940908728413849,15.498086767192495,-3.690950672626495,-17.502320587635037,-8.234628769132629,-16.19679878458475,-2.0887123062606685,0.5623706624360918,0.55112324918737
34.000208,77,21.753453,77.0,-35.569158499972,21.84931016063773,24.282078135658118,-5.296009398698808,-23.76607661247253,-3.8308309844536894,-17.762134385379483,-2.9069705144823645,-0.21963451875978668,-0.3382371588900715
91.985625,94,21.931563,94.0,12.551004198169943,30.191618054530622,31.123044557491355,-7.021775023937225,-33.761354011297236,-0.8896724406593614,-30.899034949866603,-3.308205514762514,-0.11945467205687833,-0.22457478346693127
-4.194671,73,22.188724,73.0,-52.32800331672907,18.653559619861575,23.00394373147137,-5.158547239303589,-25.38104048967362,-6.613806080055585,-26.654810957916638,-2.7159666586683358,-0.2580494522493028,-0.3767522002839821
92.581066,58,22.296363,58.0,58.699995090059936,17.4988463451534,20.041308709422427,-4.106987574100494,-19.19159246683121,-8.2104536864096,-27.72902020959829,-2.4210298842337212,0.3528243555556416,0.40927625244454424
104.692536,62,22.409032,62.0,69.3740487534384,17.724621231061917,19.749086802222312,-4.382771370410918,-19.558749079704274,-9.397475956755146,-28.270997821185297,-2.5452268857331406,0.48802527156356734,0.6051513367388235
115.77706,60,22.514015,60.0,75.63671737426341,18.598334284426524,18.49190539110346,-4.257742292881011,-21.01177262067795,-8.53739499509658,-20.701555254317057,-2.4414315938427333,0.5855987533620591,0.7027185040344709
92.529426,60,22.623543,60.0,51.57666562158202,19.074843487227728,19.89590435236447,-4.88471764087677,-22.551836729049683,-7.296284989550514,-20.774350121407213,-2.5107979250192125,0.27067931826973324,0.32481518192367986
110.408231,65,22.745266,65.0,53.25831213426754,18.45095846481796,20.381260036076622,-4.779944133758547,-24.473947548866274,-3.820956789023158,-11.350699384467159,-2.2567518263558597,0.3001479356604631,0.390192316358602
123.144735,68,22.871843,68.0,66.58114530614635,23.212841796488135,22.699355367996656,-4.744400725364685,-24.363587689399708,-8.458437248502358,-17.590342171277417,-2.191839143691774,0.41622129966493243,0.5660609675443081
137.34624,88,23.036142,88.0,62.884767558583206,28.997502316886287,30.9997724965518,-6.690317631959917,-31.541431885957724,-8.007479436053535,-24.071564222901863,-3.2250096761489377,0.05540816204229539,0.09751836519443989
113.579257,64,23.149536,64.0,76.99132491627094,20.05527287064582,21.889627977135223,-4.914284729957582,-22.520874643325808,-12.642756406776837,-26.762766832567248,-2.516285861191247,0.36385618768267314,0.4657359202338216
144.618063,79,23.291214,79.0,79.56995555633408,25.229354270566326,26.440841319054634,-5.9360483288764945,-27.994854426383966,-8.43577405806938,-20.051087250419506,-3.204323683143391,0.3696010231225684,0.5839696165336581
122.977031,66,23.413047,66.0,72.10550918715145,19.48540699254084,22.635556298802015,-4.817701494693757,-21.99418894648551,-7.680860708194796,-19.86795296980185,-2.888737261117787,0.27418907975807116,0.36192958528065394
75.686037,68,23.535991,68.0,11.808654801258811,23.93313068562261,23.078164152445737,-5.458018341064453,-26.92701356410981,-0.5576408571039173,-15.482077644855995,-2.7091627060800114,0.06110569787136951,0.08310374910506255
100.155923,58,23.643554,58.0,54.79292282804886,17.746320857392732,17.989374536910066,-4.337788918018341,-20.783476990461352,-5.466902860168851,-15.641946585698301,-2.1425802952411606,0.5086030777381875,0.5899795701762974
80.428046,50,23.73559,50.0,35.127577570140545,13.124066149252336,15.80160176735531,-3.8590736865997313,-17.94213900566101,-2.7601350198258277,-7.2571814418005145,-1.8066705907663412,0.2453432577701019,0.2453432577701019
105.39199,65,23.8549,65.0,48.06042368055441,21.098554385932115,21.056433510608986,-4.898167514801026,-23.79934128522873,-3.666247002436311,-15.124526613374778,-2.3351387928471956,0.5467943416936292,0.710832644201718
89.399141,53,24.070802,53.0,53.35991430930093,15.818456054233234,17.438818258979158,-3.8863323545455937,-17.84135692119598,-7.725505416588691,-18.65593322839047,-2.1089196976807694,0.3299638584289538,0.34976168993469103
108.372807,59,24.176442,59.0,67.87719748324292,17.698761613709806,20.15450563291141,-4.258509700298311,-20.59647485017776,-8.893937525545752,-20.182715149348688,-2.4260201637285603,0.47344796890423896,0.558668603307002
93.710873,50,24.26702,50.0,59.445396977321685,14.6172652753384,16.69156662951027,-3.873055746555328,-17.513519799709318,-8.50963261995855,-15.235948178784092,-1.911199892470748,0.5155803997674895,0.5155803997674895
95.557937,77,24.407217,77.0,19.203043178529423,24.82409452944932,25.706359072665453,-5.676795012950899,-26.87803983688354,-0.8956902215304936,-14.645222511224969,-3.0798117347805753,0.08425574994074599,0.12975385490874883
100.96618,57,24.511211,57.0,51.266897272786366,17.946604797790222,17.938105757418164,-4.078884484767915,-19.66568881273269,-4.162367558163967,-13.31198660653139,-1.9665004358169236,0.21369310795396285,0.2436101430675177
84.416622,50,24.601035,50.0,48.24775435829543,13.324456599862609,16.748002708827734,-3.8932193875312797,-17.5960732460022,-4.795941098363079,-15.779490761337097,-1.838867526925502,0.47692474049794553,0.47692474049794553
91.426302,64,24.720307,64.0,40.246909818997246,19.12415405149657,20.784740520533582,-4.929560208320617,-24.635188686847695,-4.2633373963725845,-16.487812995489048,-2.413602767289224,0.4469604869683804,0.572109423319527
25.299254,50,24.813483,50.0,-14.464531264016967,13.478254652797661,15.736858853899896,-3.606937091350555,-16.520374262332915,-1.8551474434029058,-15.65297552923036,-1.8158938083958043,-0.15317190319108775,-0.15317190319108775
143.246311,88,24.97664,88.0,75.12597000548205,29.448621106083205,29.695639154609815,-6.302124817371366,-31.747246599197382,-6.737384919652289,-31.07548078983464,-3.161682027033974,0.2968252341278196,0.5224124120649625
76.712761,85,25.133011,85.0,3.5746467077820077,28.954741125288894,30.008269621072035,-5.946004292964934,-27.431908631324777,-2.018170652060238,-32.170700458210014,-3.2581127830956182,0.1024237734014211,0.17412041478241586
134.234588,71,25.266304,71.0,78.75044992955051,21.939402681879844,23.40612306176384,-5.05686374425888,-22.728273707628247,-9.87637956240772,-20.14101338818771,-3.0588571092744674,0.5036517928079629,0.7151855457873073
103.45515,59,25.379475,59.0,70.89270972852259,17.512381986052564,18.74627673676971,-4.5595662832260135,-21.505292582511895,-8.879043369651429,-24.851342439419646,-2.9009737329108183,0.4633232154165534,0.546721394191533
84.162594,49,25.471367,49.0,44.755388110301254,14.120806624465708,16.49065163193152,-3.485074155330658,-14.940306156873705,-5.179814969377313,-14.624938954493675,-1.974118005661497,0.38019755201969085,0.37259360097929706
109.278661,66,25.593075,66.0,49.85388610483947,20.530111518522776,21.113577057047877,-4.678215653896331,-21.111399185657508,-4.091085997524885,-16.092773869860693,-2.245438710180598,0.38299673336412876,0.50555568804065
108.759127,57,25.695136,57.0,59.11279053071212,17.624136291327194,18.83016196752314,-3.8121988868713386,-17.55910302400589,-7.802371699273269,-12.520683212139135,-2.113604807841428,0.44153313384940723,0.5033477725883243
84.439754,67,25.822075,67.0,22.037300361530285,21.913457748108392,21.86524256824758,-5.11043485760689,-21.80672956705093,-0.9777271893604528,-17.842361182545403,-2.638993440337954,0.09844791708706374,0.13192020889666542
99.883639,62,25.94261,62.0,50.93245155362052,19.88178648486991,20.88713582440096,-4.722704811096193,-25.015954530239107,-4.89459052747342,-16.57644401051699,-2.608041117020869,0.3600650765815758,0.44648069496115406
117.443617,69,26.212085,69.0,63.61210159382177,21.26394939363935,24.093744005534234,-4.983258001804353,-21.998811376094817,-7.236184935262521,-23.43046894864151,-2.8774543885590513,0.38124383678197593,0.5261164947591268
179.461796,102,26.407949,102.0,93.64373877706555,35.56122659781781,36.06681573471891,-7.550610117912294,-37.37052628993988,-9.882191693930233,-29.058580595537016,-3.948076778748043,0.2548371479658532,0.5198677818503405
97.906202,50,26.503508,50.0,58.41707954881386,14.616827615825668,17.3256214918718,-3.889046256542206,-17.401924204826358,-8.45732221662503,-10.830288872976213,-1.8747453958008824,0.4920651796658287,0.4920651796658287
94.94264,52,26.604217,52.0,64.10817468979957,13.786685703580677,16.74504918998425,-3.9134308385848993,-16.74399466216564,-9.177816916172567,-20.2698978831737,-1.5921288207375441,0.6154839175595422,0.6401032742619239
98.429132,52,26.701569,52.0,53.6405712533583,16.48938396868829,17.47303354727736,-3.7869576549530017,-16.447949182987212,-6.458312314436913,-12.645308664633351,-1.8353288461982216,0.4532578309622176,0.47138814420070635
54.948054,69,26.834249,69.0,-5.297104999809593,19.625448804308505,20.80531161692791,-4.946636791229249,-23.330609369277948,-1.844352483353239,-16.837977477144307,-2.226024981325382,-0.17347132556037576,-0.23939042927331858
94.681834,63,26.950677,63.0,47.19876577596338,19.121495258480618,20.119541917828357,-4.463051882982255,-20.448597717285157,-3.4268577921433243,-24.09007988220268,-2.32938135696091,0.3441261471227542,0.4335989453746703
165.869595,86,27.11815,86.0,84.64884054638465,28.967706392502247,30.695823745517657,-6.4361940336227415,-30.35685560703278,-8.991774846775797,-15.170559869645047,-3.4873911953338608,0.35244540849459577,0.6062061026107047
112.667051,59,27.225508,59.0,66.45006343438183,17.390790806738526,19.972267568320728,-4.182556638717652,-19.19606449604034,-8.195223648683527,-16.082319092332263,-2.4899067696771056,0.5389888974130472,0.6360068989473957
111.899162,61,27.332483,61.0,59.05744049209202,18.18107194385947,20.18737576198391,-4.471948120594025,-20.562263441085822,-6.578090636301182,-12.692720468869682,-2.2217033264661574,0.40143451277601605,0.48975010558673954
82.075018,59,27.438407,59.0,45.68118281480199,18.25068810602384,19.5278048919931,-4.412625588178634,-21.024819684028625,-3.5269013370017004,-29.1654853761127,-2.254825760900609,0.5020052186130998,0.5923661579634577
133.931841,73,27.574041,73.0,69.95154143126638,23.018621836744924,25.593180525730162,-5.457590408325196,-23.825843596458437,-8.720394280344907,-16.75361160443944,-2.8740626508054428,0.4303764378447023,0.6283495992532654
148.935386,82,27.724509,82.0,88.17562893120261,25.94494945211351,28.256565871958284,-6.103413443565371,-29.169047677516946,-9.572991798476975,-27.373418165188347,-3.2228872787550085,0.49894149446670694,0.8182640509253994
105.235584,64,27.843969,64.0,58.98822181733339,20.23724998907385,21.05143129139881,-4.448480086326598,-20.331300354003908,-6.60175182078911,-25.230473570452027,-2.4293134968264445,0.4531893659852541,0.5800823884611253
162.522509,87,28.006466,87.0,86.57430692841625,28.976865801638635,28.993112429010647,-6.249230287075042,-29.951033985614767,-11.257262827097101,-18.09777100830254,-3.4664784561220694,0.44023811817112973,0.7660143256177657
100.065692,53,28.220667,53.0,61.571990579699126,16.60323097102171,16.667065857966406,-3.9947951316833494,-18.97791506052017,-8.406507036610908,-13.852174449378738,-2.5452032641557594,0.5494124143632848,0.5823771592250819
74.991615,45,28.301726,45.0,50.85067481227634,13.097019912842544,14.828944130589003,-3.4983101081848145,-18.114070904254916,-7.48569732730322,-17.998902143017293,-1.6880437503776802,0.42718820417043973,0.3844693837533958
113.102405,62,28.412423,62.0,66.01249368042332,20.00411541762902,20.71223438670682,-4.4637679505348205,-21.636842381954196,-9.347740116399718,-17.85145327123862,-2.3266345026712836,0.4717183671512564,0.584930775267558
94.837641,47,28.499729,47.0,57.42114150195957,13.875474234935837,14.676366769575871,-3.4523588776588445,-16.615921437740326,-6.913115308721078,-9.133289637157475,-2.020656417344454,0.5907806957915844,0.5553338540440894
116.540958,57,28.603791,57.0,81.68486256362151,17.113315724676415,18.516372117005062,-4.432407381534576,-19.477658200263978,-11.777613275390163,-20.026742222109085,-2.059171406428377,0.6393255712172883,0.7288311511877087
2.634266,70,28.729845,70.0,-37.18464548999772,19.751060208150466,22.196370790224716,-5.090567593574524,-23.99382041096687,-6.735474620405773,-33.623949259626016,-2.684707577142058,-0.1919097915805905,-0.2686737082128267
93.518691,57,28.830391,57.0,47.31830993391149,17.122926305747562,19.004588399980364,-4.261654789447785,-18.07089389562607,-6.861911595363182,-15.397381623489228,-2.335291675768705,0.3703879775391493,0.42224229439463024
23.514474,57,28.935973,57.0,-20.554272336836874,16.85712322723444,17.57026163677987,-4.184534697532655,-18.984984850883485,-2.7159797600802826,-19.32877043023953,-2.1443684043275577,-0.07878991038463193,-0.08982049783848041
102.437161,61,29.047257,61.0,60.35819608463495,18.44659422150415,19.8355310605216,-4.2904838430881505,-21.343397331237785,-7.863867229332308,-21.531822302788555,-2.1735899917713644,0.4327124298239601,0.5279091643852313
93.269707,52,29.142181,52.0,50.53194209152849,15.179791202474304,16.311255176368128,-3.8798583483695985,-17.271186870336535,-6.322509870153924,-11.042132177956887,-2.237594702163347,-0.09177796801079785,-0.09544908673122977
125.920731,66,29.261734,66.0,64.05214970798755,22.303659018229677,22.51840289257241,-4.61860529780388,-20.886467289924624,-7.960776448141652,-13.132481114657107,-2.3551503828238918,0.41193245824916624,0.5437508448888995
96.976997,53,29.358447,53.0,55.954138473555076,17.067446236219542,17.654439999086442,-3.843044595718383,-18.19822169542313,-5.155003247562594,-17.02090731663585,-2.4818503584198366,0.5554637744127857,0.5887916008775529
118.649666,60,29.467202,60.0,65.70875124109435,19.832622435295015,19.276851360796766,-4.312073554992676,-19.895715689659124,-6.958180558638665,-13.036731533017637,-1.9658581369419157,0.50783912206174,0.6094069464740879
103.525821,53,29.563813,53.0,62.484802653054075,15.139251093833662,17.706792390141562,-3.9584393334388723,-17.63736729025841,-8.96089910653967,-12.225184640595858,-2.0231345149898035,0.54206363880769,0.5745874571361514
129.699615,62,29.681284,62.0,71.748328383273,19.10847901838916,20.90795601974365,-3.9304579138755815,-17.818791097402563,-8.608635181358451,-11.37095628681798,-2.3363082151702605,0.5016255524189396,0.6220156849994851
114.656431,74,29.823671,74.0,48.379977962867116,24.903236419163395,24.8017933244076,-5.453084756135943,-25.11301267743111,-4.746401958589686,-19.419415609858085,-2.696661904997059,0.3677563340444328,0.5442793743857606
133.400341,74,29.966908,74.0,75.56356823447065,22.824219790412663,25.029433844771294,-5.1414605164527885,-25.39993270039558,-9.301262292181594,-21.492006465388776,-2.682219103208856,0.22946527292490257,0.3396086039288558
76.957799,48,30.183775,48.0,36.60636119950311,14.214170387417616,15.408762592366553,-3.4852215766906736,-16.348593723773956,-3.551807715750755,-11.99158736755823,-1.8942844643522905,0.4542586482515326,0.4360883023214713
148.168391,79,30.329073,79.0,78.89137683654143,25.55048732898612,27.479352539105946,-5.924705884456634,-25.783523035049438,-8.164571443924867,-19.809867591512745,-3.0701581086188385,0.4345582504325347,0.6866020356834048
118.875203,75,30.466168,75.0,55.08822599799005,24.87288023499275,24.30414325343779,-5.7220426964759845,-25.159671264886857,-6.14953420955991,-20.383649514341688,-2.975148478999975,0.3109937722427308,0.46649065836409614
134.728976,72,30.60316,72.0,75.12927514300792,22.09254169420461,23.546558108798536,-4.942833921909333,-23.138173329830174,-7.680948304252412,-19.56426020918866,-2.7131829714080893,0.4744549363778765,0.6832151083841421
98.682239,55,30.705267,55.0,69.16831664654792,14.281203184241361,17.67244829852677,-3.8340654134750367,-16.61125422716141,-8.118925767232724,-26.78486890080299,-2.090614669508151,0.6068783617880283,0.6675661979668313
106.640602,52,30.807571,52.0,66.64760023124144,16.000641605215318,16.771262688371557,-3.734713671207428,-17.689762628078455,-8.613319532631879,-12.960468165964784,-1.7806381470311354,0.4334157247719857,0.45075235376286515
141.723054,86,30.963037,86.0,70.76625862463624,26.998665501285554,28.60339090835825,-6.344486485719679,-29.181231904029854,-8.328536639738756,-23.31400617276064,-3.477000016316082,0.3463171842686394,0.5956655569420597
131.716731,63,31.07929,63.0,82.72509206928744,18.517302026483904,20.63489182341283,-4.552951633930206,-21.242336273193356,-9.350461592636833,-15.421658257383058,-2.593147463760856,0.5878305491319676,0.7406664919062792
121.87719,62,31.197675,62.0,71.54022902872566,18.733851042410794,21.11056309863307,-4.7312122797965985,-21.09141529798507,-9.912771553994656,-13.295613924781316,-2.4764400229017975,0.45510242693059677,0.56432700939394
98.657067,46,31.285721,46.0,64.54605890643771,13.688300472267324,14.462790682415905,-3.315854020118713,-15.35588103532791,-9.82002155745947,-9.682073920040947,-1.8662521379212411,0.6571585149447675,0.6045858337491862
109.632367,58,31.395792,58.0,66.59177400468005,17.58876457022934,18.76083041038308,-4.469553115367889,-20.364896595478054,-8.389418438653486,-15.731071089387799,-2.354062311933589,0.5177809389995808,0.6006258892395137
116.177211,59,31.507101,59.0,75.9351521191718,19.488223559042353,18.68630286413288,-4.405170361995696,-19.244110727310176,-9.74879852316225,-20.846951135599504,-2.687436620401681,0.5074476843666035,0.5987882675525921
107.485653,54,31.611176,54.0,69.78696429358291,17.499121773248554,17.979405360426828,-4.015363769531251,-17.892517495155335,-8.136581170952944,-19.90574323263332,-1.829632959832279,0.5647244012237931,0.6099023533216965
121.191662,60,31.723786,60.0,78.31878959890312,16.69342159056048,19.65187987686331,-4.435581395626068,-19.801119273900984,-10.913782334541123,-15.531826758095773,-2.7901192949604825,0.5421839063892144,0.6506206876670573
145.039532,90,31.893901,90.0,76.45561721559088,30.331204321532162,29.96140076179295,-6.692146966457367,-31.937848305702193,-8.806104462176926,-30.91120140393741,-3.3613888206435774,0.40378100499349767,0.7268058089882958
122.225614,64,32.012027,64.0,67.12905663254574,20.252517030670013,20.97809677931372,-4.4585032200813295,-21.32847752571105,-7.133527620727316,-14.786392233097159,-2.4271555388459114,0.4765099148892383,0.609932691058225
130.33125,61,32.241817,61.0,80.90057142923055,20.072605041031892,20.487778372005614,-4.562217016220092,-20.592337489128116,-10.289084209584846,-14.283224742936238,-2.402841692135809,0.5943237388487351,0.7250749613954569
102.829198,56,32.345789,56.0,66.46407040917885,16.792819075160935,18.488210081520283,-3.9211904454231274,-18.311788105964663,-10.332641718528485,-20.14436872026654,-2.2059127246804944,0.5018104539958732,0.5620277084753781
114.457461,64,32.46427,64.0,55.88066953516375,20.612445338296254,21.117344733752113,-4.683062999248504,-21.483845138549807,-3.7766515049441236,-14.539133622452074,-2.670305777956151,0.44298386403740403,0.5670193459678772
118.932897,57,32.569611,57.0,67.45390915924042,18.014854560751303,18.824536809363074,-3.881262619495392,-18.998576855659486,-8.334641668120739,-8.941379974632307,-2.2045426220153317,0.5413987942672503,0.6171946254646654
117.491031,70,32.696515,70.0,55.331014507773354,22.352083051239102,23.25284327355925,-5.4744565844535815,-24.028335940837867,-6.069703331714969,-15.195583631127914,-2.676830334297715,0.27028176784898456,0.3783944749885784
116.689398,60,32.804318,60.0,69.80912949550957,17.175692268241356,19.29849879079571,-4.339871218204498,-18.888112342357637,-7.706305478952722,-16.350624452389663,-2.3090093266062883,0.22134037719978392,0.2656084526397407
107.726909,55,32.906578,55.0,66.00622614274454,17.5948437166604,18.11523375356282,-4.156102039813996,-18.619748035073286,-8.017157296397688,-16.03658033322102,-2.1598072126611556,0.5006467859031006,0.5507114644934107
132.26019,72,33.041288,72.0,71.33516848625665,23.066840073549216,24.25289753081382,-5.431178297996522,-25.422606587409977,-7.9749901972946535,-16.59869592699677,-2.967245348850782,0.4309875148307709,0.6206220213563101
120.132002,61,33.155494,61.0,71.9907192842732,19.18927262421236,20.444209135957877,-4.532551696300507,-21.763976299762728,-9.585130247671636,-14.161384059177543,-2.4491566569208354,0.49760538584665504,0.6070785707329192
115.669655,59,33.269793,59.0,76.72905313429085,18.222743360048483,20.121681508977293,-4.471821973323822,-21.720441102981564,-10.884045030867872,-19.062512470008375,-2.2650020568136573,0.5380059457664904,0.6348470160044587
147.779976,75,33.409524,75.0,81.59068668245148,22.752140303300347,25.94268782964019,-5.573302340507508,-26.87824742794037,-8.923957712629612,-13.191743866911056,-2.9382874122813423,0.3441653410078904,0.5162480115118356
99.843721,63,33.522987,63.0,45.73962940273434,18.61769939413813,20.99068473453499,-4.577634468078613,-20.19369168281554,-4.565061167061195,-16.785782461413365,-2.382122763905044,0.4280756628205006,0.5393753351538307
94.196402,46,33.607979,46.0,56.913179868147274,13.622451921580458,15.345877014137754,-3.2017912411689764,-14.575808572769162,-7.606345545560494,-10.765385901683985,-1.5357752341722422,0.4656847196327015,0.4284299420620854
96.56173,48,33.69358,48.0,64.42111769509353,14.594985959917462,15.233489962834128,-3.4447617435455324,-15.81770345568657,-8.441030733614088,-16.284539037348658,-1.6998282186522082,0.5583168848469817,0.5359842094531024
98.185559,48,33.781594,48.0,64.2794617556978,14.84894703710588,15.772175213537574,-3.6539231634140004,-16.567109555006024,-9.623438270425188,-13.070749335086418,-1.7998043247150068,0.6500643188484101,0.6240617460944736
107.223291,53,33.878706,53.0,66.93999028370601,17.132831620310718,17.65815406099759,-4.079992105960846,-20.18966789245606,-8.34206739590087,-13.174934483476008,-1.7210228650010657,0.5846993014553451,0.6197812595426658
85.650931,44,33.956702,44.0,47.76795822891825,13.880490249269956,13.503634094933771,-3.2136284542083735,-15.098385715484618,-4.222470307599771,-9.517684974733049,-1.4489816986829598,0.4934294158195825,0.4342178859212326
106.474405,52,34.055722,52.0,66.18197576042368,16.688639968422173,16.696601087342906,-3.9382684659957907,-18.381383836269375,-8.265881369354204,-12.854021896802307,-1.6532558423231287,0.52111154813649,0.5419560100619496
126.29632,72,34.309129,72.0,68.41301040103862,22.873166211431247,23.29021562450374,-5.2650795269012445,-25.16724207401275,-8.133135948099419,-19.298105234760357,-2.416509459526403,0.31809310112709327,0.4580540656230143
161.88253,81,34.464444,81.0,91.70789808292622,27.266622814293942,27.029612860395925,-6.157872714996336,-28.01775855422021,-10.474731591178731,-16.91499797111749,-3.5562430144980435,0.3811081494895692,0.6173952021731022
104.847915,52,34.5608,52.0,67.16189265081047,14.21089522779957,15.77150899835801,-3.74356558561325,-17.625045305490495,-9.230916366243571,-11.70383825014312,-1.9930164426179968,0.5085088667477708,0.5288492214176816
90.122056,57,34.667552,57.0,37.71293725793794,17.168821223527306,18.43660039023639,-3.8904674887657174,-18.203882551193228,-1.9569870129473195,-13.997482582229507,-2.1474835403152928,0.6104132527574063,0.6958711081434433
141.71318,72,34.797556,72.0,80.8584367469969,22.6946680767406,25.061853388704336,-5.115466868877411,-22.281346762180334,-10.517040583168253,-18.132705753972328,-2.8552180311958093,0.47658904830911475,0.6862882295651253
131.884831,67,34.920098,67.0,79.1341757876281,22.630396956309202,22.670315364496886,-5.2249975323677065,-23.811998093128203,-11.232747225885538,-16.619151862187564,-2.6611622601294016,0.5004814245695698,0.6706451089232236
130.530082,76,35.05864,76.0,70.95348296611422,24.910677496267176,24.859715925073232,-5.703349652290342,-27.40834074020386,-8.590924610979187,-21.736023095623807,-2.7551558004475303,0.43474489893893586,0.6608122463871825
124.104249,59,35.164642,59.0,74.55107492992366,19.154969086182085,20.048771436369098,-4.267437350749969,-18.329501557350163,-10.378525811504959,-13.564730235573426,-2.110371271222258,0.5528372947462707,0.6523480078005994
90.693917,55,35.262597,55.0,40.86054708421034,17.677916802926195,16.945177003692002,-4.095832208395005,-18.559277987480172,-2.4598344831549794,-12.736604874270347,-1.9381745710213074,0.5487288967210601,0.6036017863931661
124.435463,64,35.380395,64.0,70.4639325378717,21.82498489302113,19.974243638827073,-4.746598007678986,-22.36874454021454,-7.22601040108167,-15.26175536455049,-2.224589528175992,0.5107113565696282,0.653710536409124
120.533641,57,35.484872,57.0,77.51601096839732,17.591033849360482,18.43954310979902,-4.479942152500153,-20.394406455755238,-11.251331445683263,-11.692512979557694,-2.194754102695292,0.5285434136013947,0.6025394915055899
97.341202,48,35.569762,48.0,64.12675524847776,12.299123882988756,15.406765910740104,-3.5524067401886006,-15.418203330039974,-8.573622251315493,-13.000696087675792,-1.9465145853341999,0.5946235389720387,0.5708385974131571
113.447326,59,35.678047,59.0,69.29403425729375,18.123256971537163,19.04359973906366,-4.4380070805549625,-21.965389513969416,-9.935253620161133,-12.968665963793656,-2.706249006543379,0.4857195378851735,0.5731490547045047
96.996575,45,35.768489,45.0,63.80300984597339,13.436236496633041,14.324991349130546,-3.378460710048676,-14.216079580783846,-8.657916035723897,-11.627893577133884,-1.6873129247576573,0.5736607985862108,0.5162947187275897
103.348005,61,35.878767,61.0,54.135823671752114,18.98263431407744,19.698335982839055,-4.5334171557426455,-21.397349381446837,-5.73536635994781,-16.38442291755595,-2.418233108258367,0.3918089614451103,0.47800693296303454
157.079105,90,36.043889,90.0,67.02484668508329,29.781587860088653,30.907392529474016,-6.448705947399137,-28.69669857025146,-4.298728834294726,-17.9241705865974,-3.2664182088106277,0.24923435328976562,0.4486218359215781
112.014611,56,36.266145,56.0,62.7182744366048,17.58095603357485,18.32188641863018,-3.7775792145729064,-17.13533693552017,-8.372087151027985,-11.296541375118679,-2.0249608231771137,0.48922251383084275,0.547929215490544
120.876415,60,36.376361,60.0,73.19651001659406,19.85111567197714,18.881146494226147,-4.490020716190338,-20.78306537866593,-9.896018890579404,-13.68173633383265,-2.2015158989896886,0.5334909572060537,0.6401891486472644
121.318472,64,36.492441,64.0,61.2248218320302,20.578018450518005,21.07461441239927,-4.4743122243881235,-21.380413907766346,-7.691867920515262,-9.892864549658794,-2.119524265610451,0.45358704343470124,0.5805914155964176
136.229301,64,36.607519,64.0,81.52895460671903,20.990377047410078,22.15600528696846,-4.603667225837705,-21.14400391578674,-11.167610346049068,-13.296636765155345,-2.2341180620282706,0.6007211958631413,0.7689231307048209
119.077746,65,36.728787,65.0,71.43911362645512,19.797727527008902,22.50117997608825,-4.948822064399718,-23.606042337417612,-10.027801457702056,-18.574902274783902,-2.5027074777409983,0.48225801292191545,0.6269354167984901
136.338607,68,36.858378,68.0,81.58199837591933,23.29407824677953,22.539395989489798,-4.971973907947542,-23.09000378847122,-10.991429341234035,-17.447977541560814,-2.5754810233655308,0.5372524338228264,0.7306633099990439
108.766951,53,36.953442,53.0,67.95267215641358,17.620454374194658,17.555079154817232,-4.074851796627044,-17.976789247989654,-8.13027829939592,-14.575039798724898,-2.6042955866467934,0.5179032814113547,0.5489774782960359
128.782801,70,37.085528,70.0,66.63484267273539,23.497075239586817,22.786527418977684,-5.087222611904145,-23.782985270023342,-4.696569281414287,-18.084840133867125,-2.4840265694000787,0.49211033384930136,0.688954467389022
114.363811,58,37.190451,58.0,66.43666519861476,17.996261446845978,18.247744602966733,-4.069872825145722,-19.628677529096606,-8.397040960630811,-12.188172668736858,-2.0330961458273724,0.5371417641133129,0.623084446371443
98.479864,47,37.273898,47.0,63.00028436198079,14.000560701869594,15.674606384445118,-3.5781598067283626,-16.898506152629857,-9.233906350030983,-9.580556046306816,-1.9044588478557436,0.5741885203547777,0.5397372091334911
102.988437,51,37.367954,51.0,63.97390328760872,14.380747587011244,16.655977493270512,-3.747542500495911,-17.600543671846392,-8.941947872868834,-10.867959538349089,-1.864197990420984,0.5543685304659972,0.5654559010753172
120.956533,62,37.483924,62.0,67.76420533144407,17.6688681236582,21.273563503478407,-4.426682608127595,-20.175571250915528,-8.646303240716431,-12.339394527653258,-2.162152651034429,0.459023987929547,0.5691897450326383
115.683065,57,37.589801,57.0,75.26005218972037,18.000735949750617,18.595522930115564,-4.013544414043427,-18.689573967456823,-9.224575731119904,-19.2279169998525,-2.017635398543856,0.5736248195869387,0.6539322943291102
106.503925,50,37.69186,50.0,66.05300693631351,15.296283979486791,15.940957207131117,-3.8842162132263183,-17.167827749252325,-9.134492042496424,-8.865942593605556,-1.7338449750891112,0.6140560455952029,0.6140560455952029
117.148625,62,37.805413,62.0,70.58901756152949,19.70908978779901,20.557413287945923,-4.812133522033691,-22.74313441514969,-8.496969802095256,-17.317787256909686,-2.336870739910209,0.501493294154748,0.6218516847518875
124.479723,69,37.929972,69.0,71.7499928319552,22.83960896418528,22.9643202353041,-4.8824882733821875,-24.147478508949284,-9.57677377630304,-21.090100287148303,-2.377357710496668,0.4471417034131842,0.6170555507101942
126.662151,66,38.048348,66.0,73.57842980363387,21.49952420886057,22.049745263843327,-4.660158267021178,-20.648799800872805,-9.557533864702217,-19.32489610322978,-2.2741601222836425,0.5024221329113205,0.6631972154429431
139.471421,73,38.292139,73.0,73.82160157595719,23.756492924102105,26.011409186151933,-5.336152067184448,-24.200471544265746,-7.494085033087809,-17.506626187687438,-2.580748014590109,0.36986391928896906,0.5400013221618948
100.643992,61,38.400402,61.0,44.16345575237861,17.824493462579934,19.735310940959735,-4.431820800304413,-20.78701162338257,-3.3804212398102815,-11.448334152381646,-2.0316801690028226,0.23639935596348835,0.2884072142754558
128.218827,60,38.506291,60.0,75.92844055972908,19.413233123449583,20.39477390447823,-3.9765178561210632,-18.164043194055562,-8.761877368799107,-14.386896528541463,-2.228285349677206,0.49951513091773214,0.5994181571012785
110.997388,54,38.603012,54.0,73.33235443757138,16.369871319455697,17.903533156825656,-4.012973766326904,-20.259200358390807,-11.215035067209486,-13.152403650990191,-1.968757612486948,0.5274763036444098,0.5696744079359626
90.801491,73,38.735628,73.0,26.71949038363866,22.570405039936553,22.213862192233,-5.429005074501038,-24.29985547065735,-1.0589081940246778,-19.40359409597892,-3.5109041870214055,0.4576249310817537,0.6681323993793604
146.533837,73,38.868011,73.0,85.24734629838642,24.401655623576197,25.23294648473882,-5.363343250751495,-24.467950528860086,-10.691377136058652,-18.2022632502757,-2.6231768454511366,0.5034003128569289,0.7349644567711161
118.785524,65,38.986367,65.0,68.04056604912233,21.38604950595554,21.132270302606752,-4.976928617954256,-23.736855685710914,-8.536466132798065,-17.25309518669144,-2.2700166708709557,0.4210370120545697,0.5473481156709407
87.274757,49,39.075468,49.0,52.890498061861756,14.859375700147211,16.155754187871928,-3.9978749012947077,-17.802050375938414,-6.128602773062274,-15.55086707518684,-2.1514762429620404,0.4257587018327261,0.4172435277960716
83.526749,43,39.153118,43.0,51.32673274699589,12.256874142385408,14.078843668925527,-3.230131831169129,-12.877333188056946,-6.821060297857635,-12.348513402032268,-1.8586630443081287,0.5107881777219201,0.43927783284085126
92.116566,51,39.246964,51.0,57.639124687157015,15.591103249253777,16.375605103394676,-3.823881554603577,-17.65857601165771,-8.27480157077285,-17.119688175967934,-1.6123198909067777,0.5084472816105513,0.5186162272427624
144.575773,68,39.36935,68.0,89.24207603431412,21.61413062332965,21.61316944804352,-5.11007014274597,-23.125801086425774,-11.151531451667212,-13.541772607283022,-2.9644274874984107,0.5825438642226078,0.7922596553427467
116.729651,56,39.4681,56.0,72.5014879334096,18.785595642455245,18.593961633883588,-4.178004081249238,-19.788092565536505,-10.064486465297314,-13.140927982466433,-1.9798828479588846,0.5075474424433633,0.568453135536567
115.017218,54,39.564918,54.0,70.15612476298338,17.866225264643685,16.49882921475625,-4.01522233247757,-18.35915849804878,-8.687259980454936,-10.50713494378515,-1.935185792442891,0.4682107211631123,0.5056675788561613
124.820018,60,39.672503,60.0,80.46352976065505,20.087770190129326,18.66999299907923,-4.439795360565185,-20.861550945043568,-9.295675207122466,-17.619526421075825,-2.184726969182793,0.6283215901554764,0.7539859081865716
133.467146,66,39.791865,66.0,77.13216202990927,22.60809032725303,22.081276119922983,-4.648737485408783,-21.84403855800629,-8.021609757960531,-17.56540971245728,-2.274586973866502,0.47288539162550347,0.6242087169456646
110.154481,52,39.883979,52.0,67.18362973601224,15.979172079964043,17.11870974863506,-3.535755729675293,-15.622871530055997,-8.977187558839457,-12.184696696670239,-1.8065187823048807,0.49093597520509435,0.5105734142132982
111.930244,57,39.985186,57.0,65.13462333949678,16.99119861029267,19.29799173055439,-4.262401797771454,-18.194276821613315,-9.596535571197478,-11.941801771055877,-2.49855366311478,0.500829209558881,0.5709452988971244
129.250746,60,40.210674,60.0,82.69189573168629,18.663806682053682,20.423688791507733,-4.395451240539551,-21.138735657930376,-11.305543896703018,-12.848709739770364,-2.840205062527503,0.5981835247505418,0.7178202297006502
128.776386,66,40.325306,66.0,67.5833480356953,22.073579044483452,22.65721500808821,-4.704934298992159,-23.019318884611128,-8.897285229313407,-10.734302484770081,-2.181914918484578,0.36353582203415213,0.47986728508508086
155.740484,71,40.448735,71.0,89.85549620033645,25.35416420531802,23.397857105869534,-5.302436127662658,-23.89942674636842,-9.409850198007272,-12.697312876080954,-2.558007249116561,0.575897203368303,0.8177740287829902
132.301167,69,40.571254,69.0,63.36231967500698,22.7527632605113,23.62358587339727,-4.970341778993608,-23.444908511638655,-6.193836507527859,-9.614045183664416,-2.2143699231394085,0.4146431828516452,0.5722075923352704
121.159729,57,40.672965,57.0,73.97516339430445,17.695858685159394,18.973756718997024,-4.292160766124725,-21.04981112480164,-7.436736274996937,-11.658365088278881,-2.0479762005927533,0.551411286772279,0.6286088669203982
97.533633,50,40.762781,50.0,48.26454870142959,14.845946256568968,16.318495154216805,-3.5725686788558964,-15.626484692096708,-4.162712500918774,-6.665069510179392,-1.8685215945629978,0.5137766713989962,0.5137766713989962
106.278952,54,40.857973,54.0,64.89034805436717,16.423287547269766,18.449028528299653,-4.143409097194672,-20.53197906017303,-8.156075676090754,-12.560892892244228,-2.091355558592402,0.5227890773887917,0.5646122035798951
145.150492,68,40.979717,68.0,86.55801402723122,20.828069974035248,23.761854884378725,-4.7744935929775245,-20.684300279617315,-11.11220789916503,-14.449857347384542,-2.9765878355337465,0.5487194717556413,0.7462584815876723
94.309838,52,41.072228,52.0,56.09967780647005,15.75468622850415,17.612482735745296,-3.685347051620483,-15.980728936195373,-6.962581955000053,-18.62902331649947,-1.899327768300896,0.5031376134913569,0.5232631180310112
119.153728,59,41.203962,59.0,68.50421694417298,18.367204378470085,19.670575117748093,-4.398322081565858,-19.44788196086884,-8.544656716182688,-12.231241298701633,-1.7661668722449277,0.4430792172341702,0.5228334763363208
163.231458,88,41.38397,88.0,84.78066564659062,28.842402041503025,30.20484169933878,-6.426885088682174,-31.336506116390236,-10.763539295595788,-17.39724219302442,-2.6722788968878666,0.4135440704402981,0.7278375639749247
100.426465,50,41.476897,50.0,60.28166919274982,15.556681952490264,15.094052487782402,-3.3480877876281734,-14.89534615278244,-7.529619842210512,-12.84137128948724,-1.891514049897003,0.4796893594546483,0.4796893594546483
126.012209,65,41.597964,65.0,66.79505336729046,20.76653527698041,22.020580553226527,-4.462435555458069,-20.309595715999595,-7.718680205555972,-13.718256217007811,-2.360992986322205,0.4709504091135791,0.6122355318476529
118.774685,56,41.701741,56.0,71.64114797890377,16.37345869186215,19.179439689632858,-3.932590155601501,-18.157979178428647,-9.27931032159324,-11.042831259887373,-2.006650665519851,0.5286405377895939,0.5920774023243451
118.616138,56,41.804249,56.0,78.55307336894154,16.506941939361763,18.774376466614125,-4.167148056030273,-18.83559539318085,-11.53918132811597,-14.490505693185959,-2.18582316257133,0.6349699110759901,0.711166300405109
112.10519,57,41.907358,57.0,67.64917941828483,17.53032970384474,16.327126502445186,-4.312399163246156,-19.570631241798395,-8.219075878422615,-12.201525061536357,-2.097814582871943,0.3889683037662572,0.44342386629353325
133.462009,63,42.023445,63.0,82.80544809941368,20.885406626342313,21.216158679759133,-5.127674460411071,-23.452633607387547,-11.529235971433385,-11.856609354836188,-2.4788512702552477,0.5781751869628017,0.7285007355731301
155.813143,72,42.270623,72.0,94.58948503519343,23.54856139332366,24.778719185996497,-5.1163700628280635,-23.44765528440476,-11.193829732069855,-16.642066399707847,-2.7037008541405707,0.5609606678769179,0.8077833617427617
119.082032,58,42.376466,58.0,71.67826219559868,18.381163856544962,19.589573593011288,-4.393806579113005,-20.243847507238392,-10.643840400020228,-10.983245685513126,-2.3022275373548187,0.5562519092886585,0.6452522147748438
149.046778,74,42.510187,74.0,84.52813440001133,24.93253747785035,24.888469836688866,-5.684995391368868,-25.647114169597625,-9.599805034056155,-15.360309328654232,-3.0101396938915284,0.48294947171981495,0.7147652181453261
111.969838,59,42.616051,59.0,54.90337820708974,20.232329186305215,19.516499668234278,-4.401444890499117,-19.023082458972937,-3.918713531167824,-11.971976281262126,-2.367151822684898,0.48440685329693955,0.5716000868903887
134.770282,68,42.737901,68.0,80.39520013044692,21.306390378205204,22.888703447604293,-4.801017968654631,-23.13359210491181,-10.420245608265855,-16.92899536653152,-2.5361613504212444,0.533832872850814,0.7260127070771072
113.530799,50,43.029613,50.0,70.5097010416264,16.53717361395606,16.65882602134959,-3.75451268196106,-18.104144108295433,-8.467840010075147,-7.775220463899547,-2.0731846685354487,0.6010601067002431,0.6010601067002431
120.518675,80,43.177313,80.0,35.09234076040389,25.137357620100005,27.870864422248353,-6.101344316005704,-25.264031815528877,-1.4987532720190726,-11.980722684290047,-2.7370361494102813,0.3924001004147425,0.627840160663588
127.963628,60,43.280187,60.0,73.77361658581236,19.869513014493563,19.442655798134105,-4.509129168987274,-20.86802475452423,-8.461102332634258,-8.941575090763786,-2.3423258456330025,0.5129379711328421,0.6155255653594105
97.094288,50,43.366571,50.0,60.6401776947162,14.790674505015646,16.11785546894064,-3.641046259403228,-17.15831850767136,-8.191911283631498,-13.44789805677101,-2.0152452891275465,0.3943593945295942,0.3943593945295942
126.724761,61,43.473755,61.0,78.70848729097844,18.932836968266088,19.375614281959155,-4.508778762817383,-20.601540178060542,-9.693830550335793,-13.992460056786706,-2.495567951589485,0.521654198627301,0.6364181223253073
98.720891,46,43.55626,46.0,57.947457292876784,15.443599066690101,15.10707802446495,-3.3120530962944015,-14.301314449310302,-6.944654702328624,-9.57127599474925,-1.647945488830156,0.5167410972699976,0.47540180948839783
101.158813,50,43.644428,50.0,64.11239582023057,15.807790993404135,15.652650131740048,-3.7370403599739066,-17.11324898004532,-8.219716489138882,-13.477516093100995,-1.8665018217219016,0.5238428172629842,0.5238428172629842
119.54352,53,43.737615,53.0,70.13878112098755,18.28141480289242,17.94867314799836,-3.6649619150161743,-16.765326321125027,-9.562600662683561,-7.954037520589098,-1.8784223547171472,0.5726727143071131,0.6070330771655399
92.194807,47,43.821429,47.0,58.18341573314672,13.676188939427432,15.493208761558476,-3.516732575893403,-15.853019225597382,-7.330961490208314,-13.56912310273496,-1.8881704365312026,0.42145038821803693,0.39616336492495474
114.986082,59,43.926194,59.0,71.38792479018218,18.828011131234735,19.27386846752934,-4.458548874855044,-18.96959735155106,-8.744354435738641,-19.08614538331033,-2.2450765842952083,0.33721819153696464,0.39791746601361827
95.12468,51,44.017931,51.0,55.37001273197729,14.738838013676228,16.610323828461922,-3.9901893091201783,-17.482834202051162,-6.724496815414332,-12.479087888346646,-1.9178861382432002,0.535331649127399,0.546038282109947
120.396833,55,44.115458,55.0,74.58881348097003,17.37922138135541,17.776108609922037,-4.157669808864594,-18.939065980911256,-10.937941530122753,-8.161356371233087,-2.1512772740423713,0.553645948817386,0.6090105436991247
93.247598,49,44.321702,49.0,49.31430369879918,14.708785725338128,16.034954911439478,-3.787102677822112,-15.175184094905855,-4.403653276667741,-10.551421796945462,-1.8930842877937923,0.5633617831397394,0.5520945474769446
135.221506,64,44.434343,64.0,80.43766227541002,20.87251244182763,21.2848908110738,-4.822663712501527,-21.886481547355647,-8.094832767536971,-14.165071028367596,-2.404510118053743,0.5776445330933576,0.7393850023594978
133.206961,56,44.531899,56.0,85.10742500489638,18.898317217062168,18.415062161671198,-4.064500846862793,-17.83541143536568,-12.488537862937076,-9.047450205366738,-1.777942867932677,0.7009449268899395,0.7850583181167323
140.099684,68,44.652638,68.0,81.19024910003816,22.357651293971315,22.97520855217961,-5.135629336833952,-23.90345116853713,-9.463865460510322,-13.181260381012326,-2.7392181314166195,0.5135010691552186,0.6983614540510974
148.667674,62,44.764516,62.0,93.55204794429429,21.83841859598071,20.799749009197864,-4.796013376712799,-21.92648540735244,-12.95661293081597,-7.664391414336554,-2.1790381550191134,0.6792119962993363,0.842222875411177
124.826396,62,44.87561,62.0,64.121618623849,20.4535587583293,21.196637678320887,-4.325703225135805,-19.93625402450562,-6.242384164905087,-10.19408957541577,-2.246988565762211,0.5189050565200358,0.6434422700848444
132.95661,61,44.986106,61.0,78.96772214636043,20.328509797202937,20.429850470168358,-4.494606742858886,-20.5137864112854,-10.021331704682373,-10.532037788231573,-2.2077099657743635,0.5451354694824018,0.6650652727685301
151.421245,79,45.126515,79.0,77.69074981655032,26.499414651013836,26.463762132302485,-5.676879267692564,-23.914761281013504,-6.468916471259442,-19.107533460130465,-3.064591323047511,0.4675656744682273,0.7387537656597991
157.192954,76,45.267942,76.0,95.59081426187862,24.580502711212205,24.9774580625946,-5.506522231101991,-26.296458864212024,-10.993876350815507,-18.327713227943196,-2.83125014594089,0.5613877081730825,0.8533093164230854
139.985674,73,45.404612,73.0,70.21064613939464,22.769740125191166,23.81567130211937,-4.84735452890396,-21.145571440458298,-8.117039299615984,-13.03066994097949,-2.6697483020074038,0.4497888920603627,0.6566917824081295
139.016811,66,45.525388,66.0,80.18144806099373,21.149163466620266,22.492162683888367,-4.531629735231396,-21.204664111137387,-10.963112586717411,-11.89282798596538,-2.213728582567185,0.5662590571375616,0.7474619554215814
119.967981,59,45.631781,59.0,63.79313583155371,17.76077390443091,19.207697828352966,-4.482232170104982,-19.586679697036743,-6.615866617806182,-7.00641692913542,-2.102430758844855,0.4235940623767728,0.49984099360459183
103.382077,50,45.722964,50.0,62.14499690538205,15.112644287357917,15.603388342914343,-3.515034761428832,-16.70157316327095,-8.183129554066847,-9.436118246161758,-1.6430969480867452,0.4958395818576647,0.4958395818576647
113.193555,52,45.821731,52.0,69.92100265954451,14.848549692805584,16.709605832903453,-3.403984588384629,-16.000736594200134,-8.61733792191063,-10.571124974169111,-1.692419572679733,0.6269460838472719,0.6520239272011628
106.353774,51,45.915347,51.0,69.36271748647567,16.381453078048185,16.67414213571489,-3.7233588123321537,-16.431534129381177,-9.995422003933083,-14.858908839489462,-2.0553150668872187,0.6021642345346557,0.6142075192253489
165.585516,76,46.064419,76.0,93.64388318272195,24.435462336266344,25.542584331089518,-5.4116373753547675,-25.033330798149102,-10.360626188912134,-10.312505362974864,-2.9183138547176255,0.4716116607423111,0.7168497243283128
115.928059,54,46.161651,54.0,66.34316645710712,17.832787428020623,17.97079875954348,-4.111994998455048,-18.0075993180275,-7.168631201491106,-8.825148860675046,-2.105319640947556,0.5171653984727799,0.5585386303506022
119.484584,59,46.382998,59.0,65.50175145607959,19.475588564619144,19.746442247801216,-4.311360592842102,-18.060640418529502,-8.865665498690207,-10.630943530324275,-2.370587958467064,0.4749168727475202,0.5604019098420738
132.507163,65,46.502586,65.0,78.01799276573524,18.685392392364406,21.780229044388506,-4.893177123069765,-22.85858626365662,-10.678441443825319,-10.352295796727981,-2.193950475538726,0.5359476281873161,0.696731916643511
112.627154,59,46.613821,59.0,61.13700900934893,19.551077561195967,19.132023588102538,-4.594393301010132,-19.14661749601365,-7.8795456232956305,-12.556598593399885,-2.0158010575974115,0.1905864496701795,0.2248920106108118
156.613087,75,46.751031,75.0,87.98018126036533,23.28176109533917,26.199180210280925,-5.732264866828919,-26.14079515933991,-9.646333283617103,-11.19704002087253,-3.1316018214513286,0.49458264541743896,0.7418739681261585
154.838148,70,46.875811,70.0,88.66142911426252,24.173344839301006,23.53240108513748,-5.194872806072234,-21.09979609847069,-8.9314489183261,-13.817689150222332,-2.4852202147004965,0.5297654783269321,0.741671669657705
118.46181,55,46.975847,55.0,73.61219778292728,17.847598541566313,17.76919366510981,-3.680203783512116,-16.585863304138183,-10.060563477725587,-13.613687538807387,-1.8268620715505657,0.5806825701106278,0.6387508271216907
116.721737,59,47.080388,59.0,73.31442013448171,17.36980675885544,18.668600853610034,-4.383093252182007,-20.179326581954953,-8.52771625571087,-16.20755831063759,-2.3333959307975207,0.5900342401736274,0.6962404034048802
127.979161,61,47.188189,61.0,74.2638814019724,19.73610490689041,19.712661672796123,-4.826188802719118,-22.81867763996124,-10.545480369502036,-6.330111245148491,-2.213028652679286,0.37693675781790575,0.45986284453784504
128.606109,57,47.290761,57.0,77.02203335678018,18.25913258478956,19.522820073105517,-3.9008091676235197,-18.52290813922882,-9.628776004110698,-8.731333718789244,-2.4140504240397007,0.5732441662110384,0.6534983494805838
121.807968,62,47.402308,62.0,73.72029475964852,20.746020229540303,20.691099770066522,-4.834667621850969,-19.969311320781703,-7.367100860656052,-21.00977410659775,-2.168593070892187,0.5265979514873241,0.6529814598442819
152.113415,69,47.523765,69.0,88.59926335022675,21.43570026426426,22.99618176866874,-4.827119028568271,-22.312625610828402,-10.398518418535463,-9.863140616023147,-2.516326976994898,0.5406596111636914,0.7461102634058943
119.928192,59,47.636183,59.0,67.46183804517656,17.047164027204573,19.0690744975948,-4.171396226882933,-18.871462243795392,-6.781443458611954,-10.52536678837722,-2.300215987455795,0.4791390102566763,0.565384032102878
114.225245,50,47.729332,50.0,69.30825478966966,17.117470632721066,16.387797223412438,-3.6302915763854995,-16.701456177234647,-8.431186058169896,-7.924809162806356,-1.900534176461115,0.5968650949623846,0.5968650949623846
136.924603,62,47.84339,62.0,86.29479524473358,19.73361304907714,20.14738094612921,-4.359341976642608,-19.196499836444854,-12.388428197384584,-13.15864406090969,-2.1482722721538026,0.6065900437079883,0.7521716541979055
142.140408,63,47.95864,63.0,86.16103759335672,20.74392088720157,21.55402951510772,-4.58539116382599,-20.89163392782211,-11.57713934885793,-9.97137145456379,-2.293044583055204,0.546268519769474,0.6882983349095373
141.503258,72,48.093043,72.0,69.12283017947843,23.78945603986946,24.869845396684145,-4.96801502943039,-22.824284845590594,-7.437974526311962,-10.548575686217028,-2.500023088019999,0.4738770019013684,0.6823828827379704
159.850202,74,48.343075,74.0,100.02406684351602,23.852605119351022,24.555550922249115,-5.717713837623597,-26.805954611301424,-11.215644988798163,-16.017289435110076,-2.8254184197103824,0.500700994897599,0.7410374724484465
124.230024,58,48.449369,58.0,73.05455864187411,17.133969756262644,19.21764535272656,-3.9966097617149354,-18.437267076969153,-8.013631019588775,-10.73438326444845,-1.9942588569361421,0.5671920938695463,0.6579428288886736
119.859845,51,48.542771,51.0,69.02919536508001,16.485093854956794,16.560767130284997,-3.5874711775779717,-16.582095080614096,-6.802565856382538,-4.548840934423574,-1.6942385058144231,0.5926037058623804,0.6044557799796281
125.41211,56,48.648319,56.0,78.30318220244814,18.321871899958257,18.994001870834605,-3.9172312784194947,-17.422441631555564,-10.958800087766722,-11.771320648071892,-2.1371521808195864,0.5554782073699476,0.6221355922543413
170.692509,76,48.791342,76.0,98.83362263334573,24.626364041490767,25.88741903637308,-5.400487554073333,-24.40683580636979,-12.21642255540646,-9.834848854852138,-2.7963020465398194,0.5351766912388806,0.8134685706830985
99.301916,70,48.924242,70.0,24.24968422144532,22.166208901354775,22.141042199545844,-5.200997569561004,-22.772414064407343,-0.8066441660257915,-8.100948103619192,-2.3740159124621423,0.11830024513519712,0.165620343189276
129.021425,60,49.035461,60.0,73.40614209035876,19.260248634060982,20.550921922222642,-4.538346529006958,-20.794825315475457,-6.416175094554984,-10.240997353475365,-2.2055434837338717,0.5973755464421624,0.7168506557305948
119.493656,54,49.133678,54.0,70.42640633157184,17.298692719965068,17.790497201193787,-3.746411335468292,-16.569553458690642,-8.908503599176779,-9.014006677127298,-1.7834649525887716,0.5660710681059414,0.6113567535544168
205.573098,106,49.325552,106.0,99.1420654477877,37.52120799521659,37.46767110242503,-7.783124794960023,-35.99132226705551,-8.630743495212018,-18.493720088341835,-3.658935723532605,0.346794682397728,0.7352047266831834
162.194874,77,49.466857,77.0,90.3002083089918,26.52689650888662,26.69677253105195,-5.820860556364061,-26.5212052345276,-11.704834738781354,-11.233997555919235,-3.048105219416799,0.32545721180346354,0.5012041061773339
139.219523,70,49.592351,70.0,78.54808171237589,22.9013109264467,23.58173372796446,-5.215349287986754,-23.057273113727565,-9.241088587251081,-15.60630000563692,-2.6915924988169295,0.45973367239693136,0.643627141355704
90.367737,46,49.676597,46.0,45.657666471531904,13.79479395964224,14.793974117018294,-3.4940283083915697,-14.261888921260832,-3.5940547674267025,-6.558805514006937,-1.9699203399644523,0.4954928667715436,0.4558534374298201
134.372823,59,49.786057,59.0,81.34016981657764,17.038113897590623,18.56520359582687,-4.170595633983611,-17.866813337802885,-8.410037774129863,-9.180546048570442,-1.9426720100997201,0.4692892592840746,0.553761325955208
130.838705,65,49.90948,65.0,73.15435918032881,22.523416559444623,21.865305029148036,-4.938591489791869,-23.039758741855625,-7.983979795161449,-13.39724566726535,-2.3448004339337256,0.4642872924737323,0.603573480215852
141.972911,67,50.032265,67.0,89.66277746909975,22.44070860850454,21.797126888395265,-4.634635717868807,-22.047638404369362,-14.126433423092093,-16.027963915554324,-2.0910307848318888,0.46316977217903893,0.6206474947199122
105.056474,56,50.134642,56.0,53.31618145251994,17.447155102622204,18.20674943622879,-3.837410566806794,-17.736335062980658,-4.823844332802841,-11.702686273157216,-1.81333540477428,0.4177782280192189,0.4679116153815252
126.721859,67,50.381634,67.0,67.04643391250485,21.578097010615334,21.492372971751397,-4.887133238315583,-21.822694003581994,-8.8800323057022,-12.166858113441744,-2.6383270485993435,0.5224342376333225,0.7000618784286522
130.548604,63,50.495378,63.0,74.49025913943022,21.69847554296044,21.694883736111578,-4.195440113544464,-19.5982849240303,-10.166986188160042,-14.339996199698295,-2.034307350452552,0.4952819221948613,0.6240552219655252
118.573342,55,50.596455,55.0,66.1173943553469,18.18131172072012,18.39462633792346,-3.7849509072303777,-17.747094118595125,-7.990234757499926,-7.5872374843378,-2.010473029075133,0.42458507090967795,0.4670435780006458
140.584319,67,50.717582,67.0,74.91426056372717,24.1292431502227,22.942845054566117,-4.509446681737901,-19.48859189152717,-7.756173566080035,-14.312844217125804,-2.3349734063305925,0.4505690347058298,0.603762506505812
125.860713,65,50.838392,65.0,64.34601161145933,21.845268164140606,20.835113546702125,-4.7912860679626466,-21.437031590938567,-6.321049850270915,-11.222450810897326,-2.3938623248777895,0.48000326162373946,0.6240042401108613
125.637435,58,50.954931,58.0,74.86629107344675,19.171246900185185,19.869092973329,-4.07657336473465,-19.242704403400424,-9.178287032815168,-11.64610492555703,-2.1255265109382644,0.502330977333137,0.5827039337064389
114.904424,53,51.101819,53.0,69.9116644751569,17.907780349968803,16.984156437669114,-3.9410249805450435,-17.83848266601563,-8.681077164164446,-10.762344240227472,-1.6762477913665579,0.6003520363082367,0.6363731584867309
127.867126,59,51.216311,59.0,80.9768894207643,20.03369791313752,19.388708121287635,-4.315168881416319,-20.850218081474306,-10.571316160767443,-13.716650021541891,-2.0788162875366507,0.5842775752997348,0.689447538853687
161.55741,71,51.346971,71.0,96.44678711581265,22.39334376173372,23.726152733090863,-5.303164532184601,-23.786371409893036,-9.394350697949104,-11.08441545716689,-2.440571072256597,0.6565083670156991,0.9322418811622927
216.510752,119,51.566071,119.0,94.82440569408199,40.432163041128696,41.110260935458946,-8.277005343437196,-38.20396988391876,-8.83186630733663,-19.65873227862947,-3.8845038824696063,0.32471543470587094,0.7728227345999729
127.897167,61,51.679061,61.0,73.7567168018965,20.30351995868814,19.676052584707787,-4.452289437055589,-21.025244015455247,-9.178755855502503,-9.87253944778631,-2.3102932954870474,0.4813981229704102,0.5873057100239004
176.864371,86,51.839507,86.0,99.27366054293091,30.140540391112296,28.12954086456754,-6.24598344504833,-28.785484617948526,-13.385845161819594,-15.389860750163683,-2.8721965566358696,0.4298568844143145,0.7393538411926209
146.916837,66,51.95812,66.0,88.20332476105894,22.35178785591682,22.06070477848695,-4.837567956447603,-22.7645009636879,-11.53563076258714,-10.278662997104698,-2.282618073958164,0.5963335167047233,0.7871602420502348
135.133528,67,52.094398,67.0,73.81549932759714,22.492218108452775,23.307699753545453,-4.822723424434661,-22.531056308746344,-8.782315572548208,-12.801215706464632,-2.5445784173025174,0.46949183942995265,0.6291190648361366
119.945934,54,52.19755,54.0,74.35044854954283,16.846913299664344,18.43437514160448,-4.043998272418976,-18.039041411876685,-7.553809025859513,-12.216449416132262,-1.8325051682611462,0.49288344052814903,0.532314115770401
160.463734,72,52.468061,72.0,95.20699268573686,23.631458561518905,23.453076133509438,-5.235609004497527,-22.892076849937443,-9.194677379049274,-13.550358625285066,-2.955071325543682,0.419903728756867,0.6046613694098885
135.048133,60,52.581777,60.0,83.44554837418437,21.908518027529386,18.9525174217834,-4.669558260440827,-21.125851702690124,-11.111228109507545,-10.293810552821787,-2.0580026943432723,0.595121637958422,0.7141459655501063
175.611536,80,52.737309,80.0,97.61828109594657,26.101572974856488,27.630042053907392,-5.561616804599764,-24.424380177259444,-10.066802479113585,-13.068004730193376,-2.617555438946718,0.4362514570664264,0.6980023313062822
137.805315,65,52.86471,65.0,76.7326508930434,21.98199306708125,21.410866565000493,-4.3787185764312735,-20.029087722301472,-8.622789494342081,-11.732487051535541,-2.5571126022436896,0.5215050173652843,0.6779565225748696
165.444341,73,53.002993,73.0,104.68794055990429,24.511997794069437,24.193073557255502,-5.644892191886903,-24.20179595947265,-13.274905326203934,-15.057797836391211,-2.769279305859801,0.6452071704106566,0.9420024687995586
140.658375,67,53.125592,67.0,75.97917424429372,22.21622374995068,22.526505250896168,-4.805587067604066,-21.891950726509098,-10.161154973895158,-7.776537308322987,-2.4282984045308007,0.42607637241222956,0.5709423390323877
129.56354,69,53.252578,69.0,59.03262204210014,22.313192925758308,22.450172136996063,-4.921294140815736,-21.752264761924742,-3.6882884898304713,-10.128738352413865,-2.7418616878531137,0.46568659892934355,0.6426475065224941
128.422949,57,53.367285,57.0,74.4400012952309,19.447983921934828,18.813089030575632,-4.15891445159912,-18.560120284557343,-8.772196644490668,-7.934727634158683,-1.852166378828299,0.5364894740914732,0.6115980004642795
166.579857,77,53.518658,77.0,93.02690223065912,27.33499355315267,25.943978081063268,-5.561289527416227,-25.782318431138997,-10.627904974365972,-12.089624806366112,-2.6648787091556136,0.5441634667383479,0.8380117387770558
137.50275,67,53.679797,67.0,70.77179465561728,20.95139215814774,21.6584580364936,-4.9521835327148445,-21.616086852550517,-4.4916833113831345,-9.339702084148634,-2.47923862249048,0.5270225802006799,0.7062102574689111
125.822185,54,53.833647,54.0,76.62990041020167,18.649185576187786,17.995510570349516,-3.847974972724915,-16.422275257110602,-9.646252287393212,-9.43755368919265,-2.0983551970657617,0.575841427520445,0.6219087417220807
135.419059,67,54.148349,67.0,70.06288409844161,22.097493617153056,22.662136655424085,-4.564593319892883,-22.05634309053421,-7.015547770315936,-10.405984349520596,-2.3609871063779764,0.4875738503149385,0.6533489594220176
139.47137,69,54.434538,69.0,80.36830749656961,23.19947409031223,23.362475173940247,-4.929525988101959,-23.89081474542618,-10.34002989810668,-15.00476348498539,-2.2937531258308668,0.4808286659581258,0.6635435590222136
117.109737,53,54.644073,53.0,73.61246146164953,18.622405136751105,16.896133333454188,-4.0611561274528505,-18.665244758129116,-8.539536313575162,-11.988926035799782,-1.7663998390483877,0.5008856587870651,0.5309387983142891
156.211253,77,54.954112,77.0,83.20217839128259,25.885635428923813,26.731008087028798,-5.414666137695315,-24.378578543663025,-8.905588008080283,-15.18233396818734,-2.7264020300272693,0.42967024898969036,0.6616921834441232
10.001812,73,55.362739,73.0,-53.55290362836639,20.954098808971615,22.75046962222448,-5.774633331298827,-22.3934636592865,-8.931762191130383,-13.329255623993228,-2.7207378028824785,-0.14133898325610905,-0.20635491555391922
170.256624,82,55.523451,82.0,90.14930436735116,27.07942920038439,28.53379410723376,-5.99613054275513,-26.931844580173493,-8.973332183486944,-12.319441185269365,-3.2851547659993154,0.46473067829416415,0.7621583124024293
131.055923,85,55.684132,85.0,39.11357316219785,26.43645470394156,29.73239787534736,-6.346498146057131,-27.89887373447419,-1.1160492062098923,-10.229618311745835,-3.6354637479619236,0.4796011888970208,0.8153220211249353
209.966421,103,55.884341,103.0,105.06704265706004,36.3937317188469,36.19241013748311,-7.358749052286148,-32.1386981010437,-10.590572831418712,-16.30041372004856,-4.298330251126116,0.34367058445642906,0.7079614039802439
118.030561,63,56.006712,63.0,62.005091124717765,18.114657963230837,20.572788418222355,-4.6328240537643435,-19.874355673789974,-5.8948733239615505,-12.986248110188301,-2.273675557602779,0.382303396630253,0.4817022797541187
151.166092,64,56.127495,64.0,88.64598245477274,20.057429790481212,21.86983512842303,-4.663989329338074,-21.000987249612802,-8.579472642856608,-6.989804549285822,-2.1729019162769947,0.635427047171898,0.8133466203800295
170.298079,74,56.273297,74.0,97.70071342945707,25.38771874226643,24.857221143990724,-5.158424047231673,-23.22042095065117,-11.998697581060473,-8.632096570721822,-2.6379353690703025,0.5496225997037077,0.8134414475614875
132.369011,64,56.395798,64.0,80.41191320830899,21.593322885681253,20.789473145264193,-4.638967177867889,-21.647692549228665,-8.189172254818606,-17.62017373955068,-2.3296929173139542,0.5860809281608689,0.7501835880459121
111.847056,52,56.493443,52.0,68.92261990121577,17.139452842545005,16.563065638146824,-3.7719633841514586,-16.070709800720216,-9.296917897802922,-11.773795359628775,-1.8646959808071675,0.5523754396686134,0.574470457255358
143.325574,63,56.610407,63.0,84.09740450881534,20.396470625831192,21.915623484178838,-4.431578743457795,-19.890774857997904,-10.61307134107903,-9.321285533320477,-1.8272136623552855,0.5684001504195724,0.7161841895286613
179.278435,83,56.762894,83.0,102.99469801769413,27.89810017911504,27.178075764975464,-5.655274569988251,-24.546205663681032,-11.930287013183868,-16.809924149168996,-2.8507478908439916,0.5483660933678112,0.9102877149905667
141.753606,69,56.889376,69.0,75.46184620067436,22.850465294322348,23.185478468296647,-4.946484330892562,-21.541648113727568,-8.407174672092653,-11.436005050565276,-2.412871572742467,0.48604409929735004,0.6707408570303431
136.776171,59,56.999525,59.0,84.80260793803673,18.088960229843163,20.31342723119159,-4.285056905746459,-18.989934891462322,-9.654705651691037,-10.136401847227985,-2.362725595025034,0.6648744216468948,0.7845518175433358
151.093926,72,57.127525,72.0,90.00910945022568,24.367481423419196,23.446790821026855,-5.479999327659608,-25.666352975368497,-12.456810230702022,-12.51394506989696,-2.61234766911639,0.3927565495767675,0.5655694313905452
116.026869,64,57.353635,64.0,47.81770261618386,20.20320957352535,20.411288603831817,-4.714901020526886,-21.21141502857208,-2.3010436797922895,-6.008641498758465,-2.169330640046749,0.4391270921027219,0.562082677891484
138.605018,64,57.464159,64.0,79.6664983393703,21.689543045450222,21.524365281843398,-4.6261271214485165,-20.604862499237065,-9.223922944077913,-11.495360547062187,-2.3251157289334206,0.4957433349694491,0.6345514687608949
144.07825,70,57.593149,70.0,81.09703763387023,22.220705883485206,23.400995194856762,-5.044774618148804,-21.77359677553177,-8.103936024634,-15.069176399779858,-2.6490050407208923,0.5019213222518187,0.7026898511525462
140.832417,73,57.724937,73.0,81.76588777657766,24.147830274406186,24.79634542980849,-5.325615229606627,-24.01295229196548,-10.281316796363631,-20.583539984525768,-2.6742219548248207,0.5015403964210133,0.7322489787746794
172.793477,83,57.871655,83.0,87.59027278908427,28.10801812905104,27.88193297530673,-6.006478018760678,-25.31420783996583,-10.856624673493984,-8.088778024906768,-3.5206583398359776,0.47981312370974405,0.7964897853581752
226.567538,114,58.075358,114.0,110.47142872470543,39.37041127267066,40.77736942305864,-7.8468241071701055,-36.49443333148957,-10.804464791000878,-18.964121066900656,-3.9418278984261725,0.4041258515928685,0.9214069416317403
118.045045,62,58.186564,62.0,65.07391498200404,19.591881817760036,20.664363972193723,-4.566986684799193,-21.341925477981572,-7.342808037545815,-13.740396496340034,-2.2929989845165326,0.5491642856436063,0.6809637141980718
132.84047,58,58.289762,58.0,85.35713866515054,19.305271408450142,18.403658144745418,-4.1290524744987485,-18.887942922115332,-10.781066291855655,-12.04063802745264,-2.386898151790275,0.6496167104752826,0.7535553841513277
127.15203,59,58.39243,59.0,76.01731464577789,19.990698857697232,19.191265654313412,-4.273868687152865,-20.648212587833406,-9.730728302331215,-10.530343767183656,-1.8640960217459848,0.5173112975591851,0.6104273311198384
133.408483,57,58.494791,57.0,84.46903565217838,19.916799812587595,18.928038906843398,-4.048857445716858,-18.026203370094294,-12.125252505159956,-10.57390983187795,-2.1311679507763177,0.6570371022702965,0.7490222965881381
173.988123,77,58.636198,77.0,97.50651905287863,27.972476688906163,26.31484612523584,-5.220738043785094,-23.46482496857642,-12.375864228863188,-11.183836714574038,-2.560454715154277,0.5460290589761563,0.8408847508232807
218.910009,102,58.829586,102.0,111.98266676354015,34.984383853203276,36.02721497068013,-7.593359129428866,-35.24059183001519,-7.83785511833031,-11.775142327406275,-3.637307971199171,0.43259039094391794,0.8824843975255926
110.065293,51,58.922992,51.0,70.38293570399283,15.26339588671583,16.318484916874,-3.8502985000610352,-16.069628846645358,-10.297950695697482,-11.049043434824052,-1.6326018895476737,0.6064044801144838,0.6185325697167735
248.655612,119,59.14556,119.0,131.47011665466553,42.77613195784912,42.14730418764455,-8.46000771999359,-38.700375521183,-12.187413704462186,-23.167448590547817,-4.22269557936277,0.3046718412166469,0.7251189820956196
155.38097,72,59.399338,72.0,89.9805789557355,24.708589415182626,24.230353928173827,-5.360451257228852,-24.023729312419885,-10.684090580579431,-13.155360044965933,-2.314921161732334,0.47891078526842723,0.6896315307865352
136.681312,67,59.521653,67.0,66.63949928452428,21.158828945463643,21.79162858010197,-4.6741023683547995,-21.21750140190124,-5.132473035242887,-6.555396168756165,-2.3291720391509774,0.4062562810981561,0.5443834166715292
192.111565,89,59.684694,89.0,106.53155946609613,31.53484970574487,30.385695960077584,-6.61542069196701,-29.423575413227077,-10.091348531556111,-15.556540818959382,-3.653654284572814,0.5071542584600365,0.9027345800588649
141.506742,66,59.803089,66.0,85.54020743491338,21.540729890719884,22.436828780017,-4.604946048259734,-22.046360373497002,-10.928620036861837,-14.160664422224684,-2.2704328874856796,0.5241188402354839,0.6918368691108389
187.720381,94,59.977004,94.0,87.68786759875933,32.191068080953265,32.61352538105716,-6.757522673606873,-30.46703605651856,-8.511215628386852,-9.819404610147982,-3.216901446727913,0.1923328360153901,0.36158573170893343
140.713175,60,60.088895,60.0,86.63595950474668,19.824023218749897,20.317296269856932,-4.1814302182197585,-17.218430638313293,-11.560667787801748,-10.859135814026985,-2.2444399045808954,0.58157385046455,0.69788862055746
136.111408,61,60.197634,61.0,85.2513601567579,19.557278473891262,19.969564450544524,-4.493340556621551,-20.854372143745426,-11.344946139268716,-10.885589453068732,-2.088547212907009,0.5769825710282944,0.7039187366545192
138.342814,64,60.312994,64.0,78.63465184161369,22.3430497758209,20.017302617819094,-4.467724648714065,-20.070254504680626,-10.006261490423281,-9.957166727181072,-2.150782988377568,0.5352624075123614,0.6851358816158226
188.989624,88,60.470076,88.0,102.1211946421791,29.439771388695966,30.44129050628043,-6.188022916316986,-28.227084660530096,-11.946810059005937,-11.399269200853963,-3.2514459938364157,0.4190415682005242,0.7375131600329226
165.108302,73,60.611162,73.0,107.71193928797379,22.90297997034611,24.65893229247436,-5.319695966243744,-23.51383973360061,-12.155532195846945,-19.04473048563987,-3.131751540044538,0.5020147384378151,0.7329415181192099
178.644104,83,60.76623,83.0,97.39316476114776,29.90698528710021,28.45328462606055,-6.015776481628419,-26.796562290191638,-11.417940830817315,-12.494025655101616,-3.385025799036942,0.4237507058246762,0.7034261716689626
216.78335,99,60.953334,99.0,113.56177802693448,33.85976967981971,34.61867137324676,-6.672021009922026,-28.19401902556421,-11.981797515907097,-13.67896101847102,-3.730070865914527,0.45251489164199477,0.8959794854511496
135.499188,59,61.064798,59.0,84.99928844113695,19.614674647920747,19.080027079669144,-4.120305016040801,-18.788166844844827,-10.115528414116948,-12.276278351926836,-1.8945230845682817,0.5653023372262945,0.6670567579270276
139.61462,71,61.199656,71.0,69.09980919695445,23.462718557980512,23.309009330880844,-4.972381236553192,-22.679943466186533,-5.008420662936892,-12.162318083228648,-2.4338538647070553,0.4761338787007231,0.6761101077550268
158.22305,69,61.448933,69.0,97.38190395658464,24.336546983566937,21.902253758635833,-5.162048592567443,-22.243394744396205,-11.889275432991234,-12.855372196602145,-2.247564155559945,0.6334215344636699,0.8741217175598645
128.277577,58,61.558663,58.0,77.56384627402133,18.549324082874737,18.88917223198447,-4.144439582824708,-18.053136599063873,-9.928078848001649,-10.414197642067514,-2.1849128326678837,0.587439653893272,0.6814299985161955
186.550854,88,61.724952,88.0,95.66537976962081,32.21433747187588,30.4539434933889,-6.056183888912198,-25.414327245950695,-11.0592256177746,-13.992133459594127,-3.260936261261132,0.464546571819594,0.8176019664024855
152.554403,67,61.856133,67.0,91.4773065890732,24.29613692172586,21.630350188510484,-4.9404596388340005,-21.160923433303832,-10.465406180215036,-12.694292678258236,-2.588308693558555,0.5608299302071599,0.7515121064775943
134.043465,58,61.96434,58.0,81.05345058876065,19.365624206324,18.399614989365936,-4.321933965682984,-18.73092112541199,-7.926506186906573,-9.45819587512818,-2.3376674347153945,0.46624940322694985,0.5408493077432618
128.974921,58,62.070824,58.0,74.64610587873372,20.05540889306526,19.17325685497979,-4.163942289352418,-18.088161057233815,-10.283849809487785,-8.394779677483019,-1.9691174431596496,0.5537432091063031,0.6423421225633116
131.137925,55,62.172644,55.0,85.50374856576434,17.90140975994626,17.738334421397546,-4.090130813121795,-19.413788139820106,-12.33229922429167,-7.401845240267425,-1.7675047469865,0.6976027730938119,0.7673630504031932
147.47193,66,62.292735,66.0,90.52701187711938,22.235229418607776,21.63111648780355,-4.839886016845703,-19.951595246791843,-12.749464819931028,-12.981691931155888,-2.398790268102205,0.5073239209480729,0.6696675756514562
155.759111,65,62.411319,65.0,94.21182470275477,21.173184748618553,21.35473369841002,-4.769012098312378,-21.46584353446961,-9.609437550511082,-8.071248088535517,-2.0650909794147103,0.6101168806427146,0.793151944835529
169.951293,76,62.550951,76.0,92.92386979878563,25.094935383640234,25.704286101095118,-5.245361554622651,-22.674188625812526,-9.411085202637432,-9.62675573865091,-2.814407166836782,0.4345689569336295,0.6605448145391168
125.400837,57,62.654931,57.0,73.60901426379178,18.94905008829719,18.25773663153304,-4.038686153888703,-18.40140092372894,-10.460561492568266,-7.789879695894835,-1.7244361430372286,0.5808768207462492,0.6621995756507242
176.704118,89,62.817892,89.0,83.44700564300116,32.399878531155366,30.258847274474096,-6.652921199798585,-27.834033310413368,-7.765755273208285,-13.112776779532743,-3.036126774577786,0.3538718294482211,0.6298918564178335
188.969372,86,62.975886,86.0,103.9025766262111,29.427390941553135,29.812781533328614,-6.13575998544693,-25.5060656785965,-12.439234087010284,-12.835799838049919,-3.256517449471637,0.5575836861099592,0.9590439401091299
157.381253,66,63.09819,66.0,98.4445083191347,22.597786503614532,21.347897653714465,-4.8786540532112115,-20.95965387821198,-13.035932453325104,-9.942861244626195,-2.191837353753474,0.5755206007588266,0.7596871930016512
149.051209,67,63.219767,67.0,84.33956779337083,23.16047579884585,22.25260926251895,-4.681973338127137,-20.724236059188836,-10.21424452660078,-9.797535884536916,-2.283453748736081,0.5573877178720188,0.7468995419485053
119.956808,51,63.433704,51.0,72.90693839141379,18.351601743194994,17.022476400853098,-3.46732693195343,-15.243283015489578,-8.705938827286486,-9.774458593601123,-2.13320110481205,0.5976019467500437,0.6095539856850446
153.652839,69,63.561588,69.0,88.97786206283713,21.72137001142117,23.884430479178935,-5.181890683174133,-21.765378630161294,-9.026786379966117,-10.987669389393606,-2.969098017791264,0.5858950891429329,0.8085352230172475
276.278248,142,63.825875,142.0,120.28386985665321,52.15645159122331,51.64683567535877,-10.69244021415711,-44.33201215267181,-11.748983826143586,-17.473766323140527,-5.561706671687042,0.3108950702699107,0.8829419995665464
103.266278,53,63.929586,53.0,54.72262165399085,16.380019598670206,17.080270516931833,-3.648174200057983,-15.44881082773209,-3.8723337855650684,-13.095708689738007,-1.8516058833572193,0.6271560255620884,0.6647853870958137
167.471705,84,64.086708,84.0,87.31209950107895,27.68089235628681,28.090815557650554,-6.304684472084045,-27.469925689697266,-7.915690001222078,-14.926959724204348,-2.994842647433005,0.37870605131181684,0.6362261662038523
126.38988,54,64.189698,54.0,79.86838869886871,19.046458616125598,17.09891604379075,-3.9046696519851687,-15.997028970718384,-10.668893435341099,-11.43172256271011,-1.621569155296169,0.5997030436451843,0.6476792871367991
157.069157,67,64.318298,67.0,91.31429183308687,23.933487138657537,22.478911763182975,-4.533690452575683,-18.71200222969055,-11.374347535811744,-10.676409701198162,-2.361083929769342,0.58102485100207,0.7785733003427739
208.662678,94,64.496351,94.0,117.26300974586303,32.11393900080911,33.47259622694728,-6.875120171308516,-28.314988344907757,-13.1292740121126,-15.764693613074735,-4.1027912091852325,0.5346739040930067,1.0051869396948527
180.682387,80,64.64442,80.0,107.29497029286033,26.948369766791103,27.102300320233027,-5.879247341156008,-26.025530713796616,-14.935628200991587,-10.875414355265953,-2.9474331695999547,0.5471404269227109,0.8754246830763376
178.684179,77,64.793338,77.0,107.57927135085498,26.097512255200243,25.305100124088483,-5.934254357814789,-25.023088240623473,-12.615231950354813,-10.605479899005228,-3.1196504372526297,0.4111916522976018,0.6332351445383068
146.529464,64,64.916159,64.0,88.41776632089349,20.95608771552241,21.926459798231328,-4.555288195610046,-18.793514925241475,-12.412810412872249,-10.786515032312703,-2.2227215406851406,0.612615261083624,0.7841475341870386
146.91874,66,65.043182,66.0,86.27623014526188,20.90869339957565,22.48420158508954,-5.114316561222077,-23.766462051868434,-9.575228368941858,-7.718670743758907,-2.575707099445717,0.5688307670876896,0.7508566125557504
167.255075,69,65.17032,69.0,99.15460962917578,25.676240379012643,23.16998763626763,-5.147169096469878,-22.65556385517121,-11.25260885195901,-8.286474582939327,-2.403946228220314,0.6017995395138734,0.8304833645291454
141.208184,60,65.405929,60.0,92.70794303220995,19.563337281025383,19.71211712082197,-4.268825860023498,-18.679164391756057,-14.301051728980072,-11.263149977623755,-2.2630212335015067,0.7397484072513795,0.8876980887016553
255.366504,112,65.609126,112.0,139.5254087694178,39.52240006447027,41.15295929584905,-8.311185728311541,-35.6889992773533,-11.437593456556856,-16.860709750583332,-4.535776286691075,0.4861745935044421,1.0890310894499504
160.434437,71,65.738801,71.0,97.19427695261959,25.21341275352399,23.44271217473365,-5.542652633190157,-23.317571520805366,-9.868661432844661,-15.036935322000781,-2.6501435423350275,0.5716104893759568,0.8116868949138586
208.483636,94,65.916263,94.0,104.40620027666813,33.931075513882384,33.05199363110464,-6.842035616636277,-28.216779959201823,-7.175097976582949,-11.588074492698402,-3.083645834622602,0.46579324019915186,0.8756912915744055
144.9157,63,66.034583,63.0,82.53623196683125,22.245023364184835,20.516778750277627,-4.729597671031952,-21.03258237838745,-7.5682621636721406,-7.312564181267322,-2.7393279788594134,0.5972825046489316,0.7525759558576539
193.400478,83,66.181706,83.0,113.30584122488206,31.14942598726526,28.758636044729354,-6.1733619332313525,-28.31497493982315,-12.751037002327218,-12.69480319900015,-2.879248414429108,0.5635017376391694,0.9354128844810213
176.174445,79,66.329004,79.0,99.35906606560164,26.264137468649626,27.03980373011441,-5.81184933423996,-25.694031709432597,-10.295114536525608,-11.159081590273466,-2.528485478027486,0.4157009511808276,0.6568075028657077
136.503029,64,66.448124,64.0,76.45465503522037,19.985954325560876,18.589104195293025,-4.702207993268966,-18.598140555620198,-7.7791100776376165,-8.725556573265875,-2.7216694658885903,0.17841926292946528,0.22837665654971556
172.822335,74,66.598839,74.0,98.1234552216302,25.36590688782839,25.10732209179779,-5.099346228837967,-21.644220012426384,-11.32814952129666,-8.674705940217052,-3.0279276439918807,0.5616735358988746,0.8312768331303344
132.160131,64,66.723032,64.0,75.12183716852451,22.450322000989495,21.67061268708452,-4.767808413505554,-22.85798183679581,-9.578372104975683,-11.560443564686542,-2.3180344661512,0.49264009289169564,0.6305793189013704
127.50147,55,66.825298,55.0,83.61310489769232,18.25681333010017,17.367739195798013,-3.914908881187439,-16.6993132352829,-13.63025961870079,-10.396452945343448,-2.095253132940423,0.6580821494801457,0.7238903644281602
169.567097,74,66.959921,74.0,93.01845528502443,25.89759758560549,26.322773195807933,-5.218303806781769,-23.49845787882805,-10.905172010685353,-7.182012020195021,-2.8677833584578645,0.5194979077788973,0.7688569035127679
78.532642,103,67.14383,103.0,-19.888342850801816,33.888959835406204,35.41003431368317,-8.39025608778,-33.39063730239869,-7.228023888775189,-21.486800691979866,-3.3822911079070845,-0.08871407680640778,-0.18275099822120003
198.593018,87,67.302139,87.0,108.47353646002632,30.70512484904743,30.302556623542223,-6.40143429040909,-28.23318194150925,-10.742940093842174,-9.161461862157273,-3.3491819017574325,0.3625619653296809,0.6308578196736447
54.764772,79,67.572282,79.0,-20.960188319668784,25.334032824841834,26.540622150747634,-6.404767082929613,-22.77488799095153,-4.220000806427852,-18.725113251848292,-3.02492573650698,-0.15055004861735105,-0.2378690768154147
225.088347,98,67.750898,98.0,122.7794207917422,34.66470017855096,33.61521615317508,-6.891324387788772,-27.473063880205157,-12.690895202967152,-13.13433123916789,-3.781374921468069,0.5081675999356475,0.9960084958738691
161.816593,80,67.89773,80.0,80.93234668801992,25.53628832959358,26.104011494678772,-5.9580311322212225,-25.77568155527114,-5.091031572416834,-11.094084378901572,-2.837224998353969,0.5097042154029278,0.8155267446446844
149.849052,67,68.017021,67.0,87.63268981570968,24.06154038369382,22.497326386440033,-4.668796484470366,-21.40177664160728,-12.751193263157154,-10.17895966486269,-2.3417782646063876,0.5807704346967276,0.778232382493615
140.876266,65,68.136333,65.0,88.19663196600331,23.02802591391089,21.33458684032442,-5.119925193786621,-23.538957953453064,-11.8734139241025,-13.61273218098556,-2.537949167207213,0.5742474651011973,0.7465217046315564
172.017568,79,68.278079,79.0,91.28151858791148,26.522589356909684,27.651912546165292,-5.5200481212139145,-25.42881187200547,-10.332060845077166,-7.9831637683648955,-3.1743678531318325,0.526906954694484,0.8325129884172847
268.668127,146,68.547723,146.0,106.91918003800662,51.941186867879445,51.649677326868954,-10.649064722061159,-47.26832336187365,-8.756343754441273,-16.20959223681046,-4.958593390248783,0.05185052506995194,0.15140353320425967
201.39979,85,68.700208,85.0,117.37048220244783,28.06614273408217,29.951395742014252,-6.276376655101776,-26.991815805435184,-11.813593773848721,-10.73733236698547,-3.1691117786980794,0.48629099391064995,0.8266946896481049
159.186641,67,68.820948,67.0,92.93056204550552,20.957622288350517,23.08996247553767,-4.652338609695435,-19.688685110211374,-10.871447966245572,-6.751027860049063,-2.8280061578555844,0.6138651513530462,0.822579302813082
109.243634,58,68.926738,58.0,53.0015052297539,16.538507831903615,18.392764819585818,-4.397996766567229,-18.939781343936925,-3.493377895337737,-7.698769967346483,-2.1592181334751133,0.42861187143085744,0.4971897708597946
169.667902,77,69.063912,77.0,90.24366604152146,27.10518060490203,27.131455991754407,-5.4768997073173535,-23.46420350074768,-10.199708992427016,-10.003291706684674,-2.668296634694363,0.4973972665747822,0.7659917905251646
196.417363,81,69.21265,81.0,123.27330821108627,28.27319840288093,27.45005730116175,-5.956578333377838,-24.97650677561761,-15.560843994151375,-13.833685458630564,-3.251586182280064,0.6629640600807422,1.0740017773308024
182.905504,75,69.46327,75.0,114.59765791341366,27.516515209470384,25.760222046579454,-5.509833602905271,-24.80108267664909,-15.71186926812351,-11.07765035263551,-2.868455564615051,0.5703182067768053,0.855477310165208
263.19934,123,69.679963,123.0,131.57036246599844,44.48738611172421,44.72949075523557,-8.98293591499329,-39.168726852536196,-12.687726548327355,-15.117013519591618,-4.631496366523303,0.4364958810236995,1.0737798673183008
189.361733,81,69.821144,81.0,107.38334463514833,28.59480822106927,26.21127142965334,-6.253492453098297,-25.585169005393976,-9.739949085856273,-8.671787890799076,-3.5772929521538557,0.5385798499598746,0.872499356934997
155.357815,66,69.938015,66.0,93.56764230256485,23.012448599345717,22.47838220367159,-4.8141099262237566,-21.0815748333931,-12.19817681857899,-9.287760118501707,-2.3190364292210126,0.481061797429063,0.6350015726063633
141.528782,63,70.049836,63.0,76.27661130710464,22.43645795234387,19.878421622529423,-4.317606410980224,-17.779675066471096,-8.096193774285227,-7.820565961850272,-2.0486674534609786,0.5415143786830282,0.6823081171406156
182.917969,79,70.191393,79.0,109.97776792558777,27.537831827396293,27.11762345028033,-5.969707772731782,-25.38519795835018,-13.579560377681155,-12.618720078074853,-3.162067957303915,0.6210184569401317,0.9812091619654082
193.038197,88,70.346156,88.0,109.11382178125686,28.71184376125047,30.454521620864732,-6.517036781311035,-27.423029136657703,-9.439355365682843,-16.407060803634128,-3.455507824304129,0.3961398635522965,0.6972061598520419
156.109812,68,70.466924,68.0,91.28205303182864,24.29829212519195,22.564063209104457,-4.990089844465256,-21.210736894607546,-11.492391076307205,-9.725131881148576,-2.6162469319242683,0.5556155806640601,0.7556371897031219
164.866483,69,70.591135,69.0,95.83973410333152,24.49960786346824,24.163527502302795,-4.997247478961944,-21.934063565731055,-11.901099298303725,-7.650586581205042,-2.153389059447109,0.6108417525820738,0.842961618563262
161.876048,126,70.817003,126.0,27.08584704523975,40.3694061372403,40.52562189994471,-9.409273128509522,-35.95089893341065,-2.0122668123360747,-19.927726886045587,-4.804661164759227,0.05429772166320885,0.1368302585912863
138.779693,62,70.928779,62.0,83.85724260979002,22.364703433493187,20.74922948130515,-4.9634602284431475,-21.994861710071564,-9.663726018317165,-11.1548695896124,-2.4145648663113404,0.5488062692189146,0.6805197738314541
142.881117,64,71.04027,64.0,84.64626287905521,21.406081956013065,20.05775579155477,-4.688710908889772,-19.629455935955047,-11.568268512936296,-8.94749507911199,-2.395053163865679,0.507894975178933,0.6501055682290342
139.768176,61,71.152957,61.0,79.61346353476725,22.60867270326465,20.321782278010353,-4.332621700763704,-18.29633367061615,-10.090258728596895,-9.448834169576585,-1.6076945907181581,0.5234872002302589,0.6386543842809158
182.605201,77,71.415639,77.0,110.78193162459777,25.838174863628026,26.631591355429407,-5.7098007369041435,-25.70056725144386,-11.74487205989044,-11.314945307265548,-3.1763114641931933,0.6308518952886206,0.9715119187444758
137.681331,58,71.521853,58.0,80.40971142787649,20.954626540714436,18.045473852227484,-4.178961660861969,-18.28711771965027,-9.284100382482954,-6.141366604106896,-1.8369341035733568,0.5963028370998812,0.6917112910358622
160.871558,76,71.657791,76.0,83.48398203645482,24.61119447110279,26.896942480651916,-5.428921828269957,-23.363520193099976,-6.365956090874223,-12.199104044585619,-2.763058851281321,0.4917805830743582,0.7475064862730244
164.387154,70,71.784887,70.0,102.7484325420261,24.072295719064204,22.051248580110517,-5.38426814556122,-22.184128355979922,-14.745330910953648,-9.2628409921402,-2.9082543484534034,0.6914060985462983,0.9679685379648177
177.24355,83,71.936736,83.0,101.55309978385586,27.90913594539228,28.17825505867924,-6.156178543567658,-28.094493353366847,-12.52011578989287,-13.36064859046427,-3.265504465983545,0.44431340311615053,0.7375602491728099
152.512748,68,72.062839,68.0,89.15592199961884,23.645044253166148,22.737977886569507,-4.819122848510744,-20.815861642360684,-11.947084781020395,-11.01631034465777,-2.427816905691538,0.5556895130546976,0.7557377377543888
255.946476,110,72.265084,110.0,145.97816653619384,39.61168323622751,38.12933465317201,-7.725310659408571,-33.262549978494654,-16.124389371468602,-16.154867392382254,-4.505591160423663,0.5794400925127584,1.2747682035280685
185.648393,80,72.409488,80.0,109.22469283419149,27.742441228181978,26.941656020214896,-5.91539950847626,-25.366839385032648,-14.70322777919791,-8.89888382935337,-3.3760464252986537,0.5503797054718038,0.8806075287548861
165.509608,75,72.544354,75.0,90.58631451517235,23.876440226107754,24.382699850360016,-5.469364757537842,-21.822800070047382,-6.629596655151958,-11.641460929343356,-2.7726246201341143,0.5771696929991631,0.8657545394987446
185.648996,78,72.680751,78.0,109.90669234489788,27.766480927878206,27.064741412027622,-5.585353746414187,-24.719254529476167,-14.08928994915138,-9.876355020491227,-2.818665931877546,0.5507169943612311,0.8591185112035206
230.286051,106,72.867931,106.0,116.42448545832065,38.37117639320542,37.7202304713099,-7.752945441007614,-32.789929211139686,-10.023606054609505,-13.270961146464185,-4.392399207945439,0.46709817787120955,0.9902481370869642
172.682608,78,73.009224,78.0,98.36195261176131,27.0939311178722,25.369305253889074,-5.725694155693054,-23.268810522556308,-11.518184322022984,-12.736046397267174,-2.893845929489835,0.480554612420181,0.7496651953754824
187.116812,84,73.162196,84.0,110.23215499802959,27.668738753646544,27.533539739129345,-6.33057192325592,-26.23496335744859,-10.64583432162644,-15.263314818244435,-3.842937271624972,0.6060997835226924,1.0182476363181232
143.141615,59,73.383955,59.0,88.74174605468147,20.077241002777964,19.465530137140977,-4.277007558345795,-17.559994423389437,-9.334399942875221,-10.778809384503244,-2.1926912525167217,0.6689339212005201,0.7893420270166136
138.474973,60,73.493499,60.0,82.40482965400949,19.720502811599758,18.98039729254081,-4.204148712158203,-17.66618787050247,-9.048064543758152,-9.930179534130557,-1.7821764731725882,0.6232436471989564,0.7478923766387476
194.393716,87,73.65058,87.0,109.99342886360529,30.555726778393232,29.71178584966717,-6.284286518096924,-26.354239147901534,-10.598612344934404,-16.353002110079927,-3.2770850200335544,0.34798872805828385,0.6055003868214139
217.793545,91,73.818496,91.0,130.97526887401574,31.06752403445219,32.23159241376317,-6.841955387592319,-29.561851692199703,-15.77150329314074,-11.893325463675275,-3.4122048478010627,0.630123183259139,1.146824193531633
150.065312,70,73.944005,70.0,78.37410530621149,24.16547820633776,24.0750294261673,-5.096293330192565,-21.839264386892317,-7.816056766290168,-9.322376793716744,-2.4753097079525137,0.4912598422446431,0.6877637791425004
163.880066,74,74.077819,74.0,91.45840002671596,24.930666472542907,24.544539933784247,-5.533412759304045,-24.240896272659302,-10.52411081629261,-7.832179034411922,-2.9229414350562037,0.5704640955340071,0.8442868613903306
166.238825,74,74.209932,74.0,96.99549975959702,24.86228708470051,25.20591323517182,-5.681929240226746,-24.165556323528286,-10.094924364508895,-11.851632734261234,-3.030832031131183,0.5838007014734432,0.8640250381806959
165.649381,75,74.345508,75.0,95.1666670220486,26.91552261195839,25.36756427864174,-5.876067132949826,-22.89457921981812,-10.553096868594228,-14.445099115539195,-3.0315305294806416,0.5546573585029541,0.831986037754431
145.720952,66,74.463448,66.0,93.97058525613554,21.80266275671914,21.85333064561878,-5.49042793750763,-22.618916165828715,-13.726799373066273,-13.43239897919706,-2.6370846876665506,0.5908833421735422,0.7799660116690758
187.865595,92,74.632713,92.0,88.97699181982456,32.56756366102366,32.619068489418375,-7.1325037169456476,-30.18522628545761,-8.783111194109386,-8.740419840810913,-3.456767992572195,0.43611457667850834,0.8024508210884553
164.387704,69,74.758929,69.0,102.24566234705279,22.92934554016405,22.989108029446598,-5.240504140853882,-23.146297216415412,-12.557871508164915,-9.297225620275205,-2.534513299732718,0.5830735753357134,0.8046415339632845
102.760228,98,74.938526,98.0,-2.7243400774579785,30.445467937899938,32.03784760252628,-8.007343063354492,-28.895137995481498,-2.840857130733777,-11.857676182981738,-3.3977334651394773,-0.004670444883883752,-0.009154071972412154
141.711766,66,75.057695,66.0,77.1298042897439,22.011269935206123,22.004887822182045,-4.840169906616212,-21.082236278057103,-5.808789199056164,-11.134229585467432,-2.5687712132079508,0.5340998062409584,0.7050117442380652
161.311859,71,75.304904,71.0,98.05482921335177,24.496157291353096,24.064269252192204,-5.381820862293243,-23.095947057008747,-12.596330246825172,-12.66835609272838,-2.5609420249178823,0.31026731294489907,0.44057958438175665
211.922667,86,75.463419,86.0,124.0675595899566,30.3884503269317,30.409140348789453,-6.294171633720399,-26.82175633907318,-13.47517534344708,-9.15564509161967,-3.1957348504287912,0.5921968605053471,1.018578600069197
223.587369,101,75.645899,101.0,119.88278350336203,36.822338305468755,36.35692927202881,-7.385203540325164,-32.80540264844894,-13.233403761576922,-13.321727245315023,-3.7289448805307934,0.41193834050483874,0.8321154478197743
216.260426,94,75.816391,94.0,116.83934208726211,33.3936180485484,33.23681020073409,-6.825595378875729,-29.493414503335956,-12.21272988658869,-9.510894948267385,-3.1667093083065914,0.5226826835406853,0.9826434450564883
207.639748,96,76.002074,96.0,107.74448094313567,34.948622317876186,33.98536267510749,-7.031430618762969,-29.1651687860489,-12.697042871323184,-12.565569201094709,-3.579506847924805,0.42832737637578167,0.8223885626415007
141.362248,59,76.110312,59.0,91.35096027932588,19.883276208087413,18.644299766670056,-4.352870826721193,-17.544186437129976,-13.6470072578457,-9.590360315507338,-2.381863688861483,0.681282208820063,0.8039130064076743
154.134939,65,76.241209,65.0,89.90659116242138,23.29479294691703,22.335091636682446,-4.253284704685211,-18.844693958759308,-10.639141691737098,-10.54595842828757,-2.118457746071668,0.5806490640951677,0.754843783323718
191.889398,78,76.39031,78.0,117.82455868138041,28.64871808519763,26.408873570912867,-5.883951365947723,-23.590527451038362,-15.254801412217335,-10.989829833394996,-3.273642741903197,0.5808759462999252,0.9061664762278834
170.82965,72,76.520008,72.0,104.12628954140823,25.440312208859886,24.69398662581731,-4.959514868259428,-22.297153770923607,-15.589730814947826,-9.903651468990015,-2.6808871697738517,0.6670495429688414,0.9605513418751316
103.457047,73,76.652041,73.0,24.65888134404708,25.20667107886583,25.24390048622715,-5.8086785233020795,-21.846475899219516,-0.9551621392503442,-13.135013364594391,-2.907076355809364,0.33372386411866994,0.48723684161325814
161.299591,67,76.772698,67.0,98.37319946686846,23.71313175869421,22.41532843845887,-4.491585340499879,-19.399994587898263,-13.648055062471494,-10.364446832155247,-2.2979866879236353,0.5865190043198266,0.7859354657885678
191.809659,88,76.92937,88.0,102.64910002909059,31.626541462150193,30.694495142784653,-6.372812137603757,-27.86123690605164,-12.65153779004525,-10.774968150742207,-3.4999225854276323,0.40080338368496615,0.7054139552855404
188.750315,84,77.081833,84.0,97.01230928099943,29.082634047889194,28.589606143008503,-6.151628520488739,-27.001217412948606,-6.790973071772504,-6.71811729171291,-3.2722982769617452,0.3614490159225643,0.607234346749908
246.248751,108,77.385656,108.0,135.14326855809125,40.361804370752395,37.909398346827956,-7.821486234664919,-32.750114786624906,-14.010097228278795,-16.807408761345208,-3.776612829706022,0.4811747545162814,1.0393374697551678
205.048351,93,77.552671,93.0,104.13072165599219,34.17226411239988,33.424400966675506,-6.235705647468567,-27.612106484174728,-11.891331485056817,-10.794700078585276,-3.1451916010389973,0.4786038854284715,0.890203226896957
151.785521,67,77.674648,67.0,93.16173322097346,23.90078430809571,21.814941376790557,-5.2331238245964045,-22.09738881587982,-11.601830796354902,-12.556239742309938,-2.6033551303251965,0.6086310548441461,0.8155656134911559
152.620777,66,77.793901,66.0,91.21173671199008,21.05564317788967,21.950973210940234,-4.790106141567231,-18.683190053701406,-12.579258659859255,-9.117031271747726,-2.427990300471092,0.6461919623554385,0.852973390309179
221.130106,88,77.966046,88.0,131.02582828712374,30.14964505718084,31.833224698523267,-6.291781563758851,-26.435832184553146,-14.696116864062944,-8.561866059581655,-3.8929951447117146,0.6247455814448736,1.0995522233429775
267.594583,118,78.201855,118.0,144.12548372152992,42.65786456402957,42.493681129386154,-8.5072290790081,-36.96446212530136,-14.38728398133764,-15.068897138995892,-4.754574341165468,0.4216608812868995,0.9951196798370827
203.418706,88,78.362559,88.0,111.33560059878599,30.93042239425569,31.213009669440396,-6.410869936943053,-27.25845641493798,-12.230840031576683,-9.049702492464675,-3.1104573183030664,0.5124964826207664,0.9019938094125489
200.814131,86,78.517308,86.0,117.35944339441446,29.60612226576438,29.167195251698608,-6.366766972541812,-27.109929805994042,-15.077248994600204,-9.646658103117758,-3.1180260326868203,0.4080915153668787,0.7019174064310314
180.889408,77,78.656008,77.0,104.94461598700534,27.442246578857656,25.542402733432628,-5.452822313308716,-23.583242988586424,-10.340319983532734,-11.799078252961909,-2.864394253755147,0.44907191887439074,0.6915707550665617
156.939245,71,78.783627,71.0,91.88302364072887,24.367634162546743,23.681222563904246,-5.223495316505432,-22.164695388078687,-12.584913357958639,-11.511182224304221,-2.508348964424519,0.6023995544068889,0.8554073672577822
197.494539,83,78.93598,83.0,114.18649315440545,28.762147351533518,29.026329083475996,-5.901033051013944,-24.243238347768795,-14.503246218357194,-9.726130481791,-3.1067827553868677,0.5580552184457767,0.9263716626199893
148.224822,65,79.054149,65.0,89.30140617264678,22.299317019312028,21.660441407252893,-4.803248322010039,-20.260768604278557,-10.575958223163616,-11.74439307510217,-2.6519744184386274,0.5699272366729197,0.7409054076747956
192.021665,86,79.331288,86.0,111.8599702001041,30.46374318855753,29.441734629607872,-6.74238073348999,-29.818263179063795,-12.20086267731213,-13.928162043321525,-3.0541140498183124,0.5495821222945385,0.9452812503466062
161.034087,69,79.456695,69.0,95.03544241014448,22.779639815939433,22.62526000109466,-5.339860036373139,-21.544798660278317,-11.39667835969789,-7.339973293741922,-2.7849453655105316,0.6225855989166206,0.8591681265049365
116.009016,89,79.613566,89.0,19.37520477854829,29.163109708331305,30.306270736978075,-7.607948856353759,-25.053393489122396,-3.274382480415931,-12.23110038152847,-3.6687435193764437,0.17438656054513832,0.31040807777034624
262.079057,117,79.822861,117.0,135.6097785467288,41.137337520748616,41.54885789575049,-8.67618024110794,-35.17445161938667,-10.55701710571025,-14.273612419183888,-4.535655186835565,0.5549225681010077,1.298518809356358
155.985768,68,79.945176,68.0,91.39004164818688,24.038843732928193,23.735407367047703,-5.523205893039703,-22.15449364185333,-10.949614668036828,-10.00612405677397,-2.54508615129642,0.6119966821758718,0.8323154877591856
258.707945,131,80.185153,131.0,114.56128368749762,41.2656376648187,45.47532130157566,-9.90486885070801,-42.25930576324462,-7.6485370967492,-8.764317091503795,-5.017268956654128,0.018288012703881577,0.047914593284169735
193.782203,83,80.33727,83.0,115.9074370908677,28.303781714561513,28.331035438583548,-5.874514161348343,-26.429993671178828,-14.840230670171728,-11.192579542979077,-3.422732746525951,0.6548650063392517,1.087075910523158
203.398745,87,80.49571,87.0,111.49173786166875,30.60011596942936,31.064812081454676,-6.017580025196074,-26.218564099073397,-8.993367845383423,-12.505734843521884,-3.0226745841240894,0.5345508547941202,0.9301184873417692
233.063733,92,80.662646,92.0,138.32813948330022,33.22423122269163,32.605695815140756,-6.583316230773925,-27.0182248711586,-15.15889106806552,-10.899161420132478,-3.434739874455504,0.6094009329331788,1.121297716597049
162.854038,68,80.785934,68.0,100.16534360718744,24.994160764454,22.400300039925465,-5.093810691833493,-22.896244502067567,-12.92576614824433,-9.26505508402495,-2.5248904270581694,0.6683653149044353,0.9089768282700321
175.046624,79,80.926574,79.0,102.51185486359516,27.207341443328293,27.79392755689416,-5.536270761489868,-24.55157248079777,-12.613197906704643,-16.151487481049376,-2.613970798141376,0.5343107974951555,0.8442110600423458
181.222327,87,81.080961,87.0,103.97273383035062,29.084054087339215,29.580751758805544,-6.714246306419374,-30.019033515453334,-11.735996957677417,-16.376316372309613,-3.569619286875257,0.48847966759926165,0.8499546216227153
139.415424,63,81.322391,63.0,85.9940749508485,21.694347966820608,20.521847580589544,-4.889974086284638,-19.833338105678564,-11.647814359340492,-12.862519629605083,-2.5612006213074765,0.5054230314613813,0.6368330196413405
89.367847,81,81.468721,81.0,4.321542128970045,28.055291429276764,26.538810316249986,-6.897067487239838,-23.30846040248871,-2.7154284945928677,-14.31135346837054,-3.3154870806765,0.04661531465173114,0.07551680973580445
200.615916,92,81.635667,92.0,111.35422054249271,30.741221786410257,32.13836821003322,-6.625773841142653,-29.659794437885285,-12.303370116285546,-13.430248319372367,-3.598707867190037,0.5844530406489086,1.0753935947939919
201.15346,91,81.811604,91.0,102.96213458410125,31.21777386312057,31.529006229388244,-6.421675622463228,-27.66769987344741,-9.346618429879937,-9.248329342241492,-2.87113170696307,0.4410839254131995,0.8027727442520232
192.699375,84,81.971369,84.0,110.0674559875175,30.118433379281107,28.85885560388913,-6.105850591659543,-27.75970106124877,-13.09032623484719,-10.139001670079933,-3.2504905540031803,0.5821162704602769,0.9779553343732652
162.863093,75,82.111052,75.0,92.30722726255065,25.327653462158125,25.42941770688734,-6.110570259094237,-25.98783978223801,-11.507961266838233,-8.499701865519638,-3.0951326018311267,0.5596878253738635,0.8395317380607953
170.372607,73,82.244795,73.0,104.93128398660596,25.017564691944457,24.565585177867092,-5.642193689346315,-23.634088748693472,-14.807825083789897,-10.380016334219713,-2.6777030750960362,0.6190002900649544,0.9037404234948334
195.131238,92,82.408883,92.0,101.32750580668841,33.3694367687137,31.989879224563197,-6.761592190265655,-30.008496564626707,-12.249770940273695,-11.36746703111774,-3.1682573186319796,0.23417963485774848,0.43089052813825723
159.014407,66,82.528308,66.0,95.04972051340056,22.349903007135605,22.049918321390464,-4.923403341770173,-18.47897319197655,-11.14598399731901,-9.287604664092923,-2.599170006858265,0.6332444223491421,0.8358826375008677
134.271364,99,82.708882,99.0,26.398024616671826,34.24635132695083,34.70883203676868,-7.515145547389984,-30.66989194154739,-4.347147843660315,-13.652109337204703,-3.897549232769465,0.4217831467839698,0.8351306306322601
220.676884,99,82.88856,99.0,117.2995337523553,34.74057332292046,35.04437940516925,-6.901162447929384,-28.24092659950257,-11.324819482220827,-14.662845791518324,-4.277848234119677,0.5005358716396998,0.9910610258466057
195.228253,85,83.04121,85.0,109.2288084548565,28.998243811192403,28.552737475452197,-6.097637095451355,-24.843827813863772,-13.116035759523639,-9.645829585801843,-2.8482066843709863,0.5411433314149523,0.9199436634054189
189.815757,87,83.314312,87.0,98.31538590841153,28.95221359754979,30.049268185839594,-6.764198849201204,-25.87557456493378,-10.574744282254303,-8.165291157606406,-3.1213020950907246,0.5510270008023003,0.9587869813960024
216.739696,99,83.494759,99.0,108.60863126601441,34.63245405995872,34.70188290073837,-7.291004443168643,-29.38591451644898,-6.5725825795657915,-13.183770499489004,-3.7700004633070536,0.47459697236302206,0.9397020052787837
174.343572,77,83.634389,77.0,92.64253995659223,27.208157437402697,26.32467679421428,-5.115288729667663,-22.192683273553843,-11.068981036717444,-7.556714170490675,-2.8981346640285746,0.5031039263055999,0.7747800465106238
242.884241,109,83.831484,109.0,122.48522087720595,41.08869413276863,38.63779755407386,-7.986371188163759,-31.230398648977275,-13.284131006070922,-11.092519157569631,-4.73405175019982,0.4935778591901673,1.0759997330345648
293.923597,128,84.064777,128.0,161.15741854929956,46.731664692616135,45.484236209585575,-9.403159679174419,-39.41233296394352,-18.80274649582278,-14.53205553889789,-5.299428156371254,0.5415692935303005,1.3864173914375693
216.516039,97,84.240428,97.0,116.33207938469303,36.10727884512805,34.446733581414044,-7.182340776920318,-31.128383117914197,-12.20909583712316,-13.537920079184905,-3.312312860865896,0.5036333467190285,0.9770486926349153
239.106621,96,84.415409,96.0,146.61291478825854,33.505183261049716,33.27220233117433,-7.258947947025298,-27.61796564459801,-17.421563472217244,-13.73914054499558,-4.246062025837666,0.5683606492666406,1.09125244659195
241.289355,103,84.996238,103.0,137.65430999170695,37.101815796968495,37.15992999746433,-7.565639643669129,-30.95459226965904,-17.210870188131604,-13.688869148021846,-4.206729637946098,0.586907362589873,1.2090291669351383
230.758511,101,85.182873,101.0,128.48913765801365,35.05989817310989,35.65122353863004,-7.506983551979066,-32.525343060493455,-11.803127358691388,-13.604013293076699,-4.002280958225759,0.5692688089812709,1.1499229941421671
271.624004,115,85.39729,115.0,156.25053112978492,42.8909461217136,41.06398801800988,-8.933790743350986,-36.73640854358671,-17.470190996502723,-15.528698272080605,-4.91237314891265,0.5055707539854366,1.1628127341665044
180.446796,76,85.654891,76.0,106.61519253283244,24.862525453579597,26.86772976977579,-5.346404323577882,-22.658131057023997,-13.504779997437996,-9.772837077279679,-2.6164995388116092,0.2552845513913483,0.3880325181148494
169.521709,77,85.797106,77.0,92.57263117461183,28.215482884450044,27.16828172776108,-5.704254803657534,-26.320437216758727,-10.986356907303266,-9.628482338334221,-2.795155781567315,0.5022476828215443,0.7734614315451782
190.221091,85,85.948247,85.0,105.1270556205786,29.885071982466304,29.34840404260877,-6.515360157489776,-25.69151613712311,-11.989594057643185,-11.771444158749597,-3.1715262924596064,0.5329714611720054,0.9060514839924093
204.896444,87,86.104579,87.0,120.58119800199181,30.426360656476106,30.60780388404792,-6.424063346385954,-27.924762511253363,-13.419848559498176,-12.176110158352236,-3.7741335682091783,0.5584423215447254,0.9716896394878223
239.464725,99,86.281947,99.0,138.08718846837706,36.06910223058518,34.15966435598254,-7.228842711448669,-29.970156657695764,-14.952368722465817,-11.74051941502726,-3.9593422002773324,0.6079823083570197,1.203804970546899
218.687283,101,86.462256,101.0,119.60632565086843,36.348154463716455,34.1145713920781,-7.556302907466891,-31.395445537567145,-12.705745737497539,-16.13805872187025,-4.586215247048614,0.2598650715595342,0.5249274445502591
178.941332,80,86.611866,80.0,100.7067009131648,28.979755936684647,26.766566702792844,-6.07613400220871,-24.963690912723543,-13.235305344035368,-10.010272255864738,-3.2262889193790327,0.5326350329319482,0.8522160526911173
203.339876,83,86.764947,83.0,124.13146004236647,29.39983987280839,28.332939917934493,-5.898930530548096,-25.442858493328092,-16.43247614136618,-10.335863415632035,-3.414235251321708,0.6285131331598445,1.0433318010453418
156.151978,77,86.907463,77.0,86.05273341653364,20.267499181059318,25.624367838708924,-6.22040109872818,-23.950470054149626,-9.756828454438846,-9.44219674767739,-3.4227261701244953,-0.19199909382682498,-0.29567860449331046
160.216203,66,87.045102,66.0,100.98187645110005,22.745002597618573,21.95230698254237,-4.9458578395843515,-22.618865591287623,-13.938942172415711,-7.837035955162008,-2.1222815254064633,0.7209646258580149,0.9516733061325797
55.299027,87,87.205207,87.0,-28.81035621708254,31.32088762974015,30.55042160272725,-7.436833248138427,-25.528986477851863,-6.506765562153648,-21.1914327322307,-4.097907908465594,-0.08090643376204612,-0.14077719474596026
264.969406,118,87.421975,118.0,132.3311573776213,42.649538419132455,41.86200637199223,-8.594669065475465,-33.43991609811783,-11.336917876357314,-11.323272913239082,-5.178520181660357,0.4630177625607325,1.0927219196433287
243.510782,110,87.74863,110.0,128.92419937739913,38.93163025943053,39.27960223784816,-8.081550321578982,-32.06895777583123,-12.84476688857198,-16.35297897532047,-4.276396296730815,0.498945706616951,1.0976805545572923
163.762104,78,87.897988,78.0,84.40954226395522,26.91358484451307,26.376385139667534,-5.992705891132357,-22.72352867126466,-8.140820958798288,-12.06246149928668,-3.0178909931470455,0.498326644602807,0.777389565580379
217.337412,95,88.080961,95.0,127.052043431489,32.44121464884342,32.57621717764865,-7.426327080726624,-31.51773798465729,-15.529671578523471,-11.54058538555489,-3.7177414136473352,0.4254774723628764,0.8084071974894652
206.803487,94,88.253109,94.0,109.74199431020041,32.56057991979952,33.485194853721865,-6.690939280986785,-25.938949638605127,-10.51201067025367,-15.374182309333303,-4.46820049988214,0.4987092369795615,0.9375733655215757
149.334344,62,88.364905,62.0,91.94753461944798,21.0412760892668,19.748541000280287,-4.565568833351135,-18.504909896850588,-11.744690664746273,-8.278150978599859,-2.3096877350323077,0.7027663988637497,0.8714303345910496
145.619429,67,88.486799,67.0,71.56248913545232,23.83290737294037,22.475127345310327,-4.901466228961944,-19.871549689769743,-4.949809316110265,-7.09550838103283,-2.432760948881974,0.46220572077556843,0.6193556658392617
165.112156,67,88.613025,67.0,108.47223743004002,22.650024057536836,22.501070986201746,-4.719581960439683,-18.378633612394335,-14.945628949707764,-14.846512860264006,-2.620819320215514,0.7214593854183656,0.96675557646061
151.965143,124,88.837407,124.0,19.46029789342008,42.262230502791155,40.80734156474048,-10.570000826120381,-35.16878747344017,-2.173969933311212,-22.055773239352398,-4.596195399163161,0.07897829113229644,0.19586616200809517
188.544067,88,88.994446,88.0,106.0633816890515,31.19204841692925,29.56504248372121,-6.498271758556364,-26.897879636287694,-15.19034622406088,-14.195559003671269,-3.49434892087795,0.5132912371388455,0.9033925773643681
213.569769,89,89.155394,89.0,119.53637825395155,31.637844704027064,31.17471485966961,-6.393754308223726,-26.585924923419956,-10.712811078209144,-10.60758490096638,-3.479094094754348,0.5330988608555478,0.9489159723228752
213.161654,92,89.327621,92.0,116.00064806071298,32.48739734586413,32.73078326632012,-6.660988700389863,-28.13386286497117,-8.715750443986359,-13.253695210528923,-3.292877045171697,0.5496768262601206,1.011405360318622
205.477949,83,89.483867,83.0,119.58600500987714,30.806408588243098,28.414556129581207,-6.022933356761936,-22.166734588146216,-11.832877922995822,-13.113292249091502,-3.193182861182859,0.3566913867431633,0.5921077019936511
165.978596,68,89.72893,68.0,103.12781526906964,22.81146639175459,22.797131077111985,-5.178273726701737,-21.340943610668177,-12.700782189208807,-8.408896483612097,-3.1289202730121524,0.5714343732354565,0.777150747600221
190.857984,78,89.877042,78.0,116.22104910820838,26.56402673685549,26.84227343784399,-5.736189119815827,-23.53792845606804,-14.274918817350976,-9.881731361836353,-3.3385970844626103,0.6973029058959508,1.0877925331976832
247.493786,163,90.179689,163.0,67.03654493254483,57.42426544951055,59.22682782190143,-13.024302544593805,-48.53844135403632,-5.051947190859369,-25.968660889939017,-6.610500261506316,0.05577557089130638,0.1818283611056588
149.878657,66,90.297181,66.0,83.38078394421866,22.135832073361705,22.17282040246019,-4.3410570013523095,-18.167033028602603,-10.367313099234188,-8.285393152858802,-2.6499834433236376,0.5510694037894487,0.7274116130020722
215.966193,91,90.460291,91.0,132.07103141706762,32.913438078692714,30.751274739801072,-7.089585530757903,-26.40761197805405,-15.958456702023962,-17.632638141425577,-3.681258923633123,0.6433322160687257,1.1708646332450807
132.602328,65,90.573359,65.0,70.63854529661371,20.41745476736733,20.599616414851212,-5.131875123977662,-19.306476187705993,-5.972532524304197,-10.84357571794089,-2.798829247887237,0.3517970798762798,0.45733620383916374
295.428939,133,90.811629,133.0,151.55032306706607,48.466345442013505,47.163434504014695,-9.599042544364933,-36.91199566125871,-13.687995768394792,-19.35257090189847,-5.199558728343881,0.4893406677587657,1.301646176238317
344.075028,156,91.093553,156.0,166.0790070878718,58.22728838887386,57.41721183689828,-11.554132738113408,-47.18228306770324,-13.08810919259141,-15.761903433175872,-6.062051276641795,0.3134538807020381,0.9779761077903589
256.557165,112,91.292774,112.0,138.88416116093555,42.18214873375737,38.970842377213266,-8.172474527359014,-34.520681577920904,-14.13038315475724,-14.630530081809205,-4.025917867246687,0.45757049080683165,1.024957899407303
220.155663,92,91.455948,92.0,121.88015658134714,32.064395817550356,31.158491688001966,-6.602075848579409,-26.526860845088947,-10.406919362997636,-10.324426764989894,-3.0870982694704368,0.4748727668475148,0.8737658909994273
272.98484,109,91.772739,109.0,166.9682370924486,40.30941199934213,38.98952193593825,-8.149173079729085,-30.989749091863644,-19.84608254428788,-18.55144256595691,-4.745883910862912,0.6244267920254395,1.3612504066154583
361.66604,155,92.051422,155.0,197.58971564431758,57.83260919529041,56.224378076542656,-11.482902090549468,-47.068590688705456,-19.080965829174232,-20.77324008763058,-6.5749642783249955,0.49348226409863477,1.5297950187057678
347.212244,147,92.317693,147.0,185.13649326695133,54.80190768156531,53.548011241381516,-11.144479904174805,-45.341230857372295,-17.227225275529296,-13.362191329668875,-6.199040989610668,0.5171237762941873,1.5203439023049106
189.17109,113,92.513875,113.0,65.97048442649452,36.8115078128975,37.779350363216814,-9.337265017032621,-31.977866148948667,-3.1207293120348494,-15.48966512871944,-4.464727012623705,0.1162781356794662,0.2627885866355936
285.57886,121,92.728951,121.0,160.57899010121076,44.855874995471765,42.30510335506017,-9.164391410350804,-35.61002209186556,-18.099522473263654,-15.57990113322691,-4.707271259033661,0.5865101218865268,1.419354494965395
209.514946,88,92.890198,88.0,122.47102008868387,30.15421732061248,29.40670318467306,-6.315643703937533,-25.357022053003313,-14.707139976838572,-10.885980120260523,-3.251208760681174,0.6606413385238624,1.1627287558019979
262.30989,106,93.078718,106.0,161.30253972235533,39.06210848566552,37.6626731128947,-8.150883562564848,-32.11402076482774,-23.269175870826704,-14.501238667824946,-3.682112638236757,0.7230202032274058,1.5328028308421004
284.974181,119,93.286728,119.0,161.20790087594676,43.12642326574435,42.966252997736554,-8.404929029941558,-36.66780626177787,-18.106901347206485,-13.440402378131685,-4.706357573231717,0.6032460285747743,1.4357255480079627
62.850045,65,93.40347,65.0,0.41208999327250506,22.14510564989162,20.63907418545791,-5.750880807638171,-19.049240815639507,-1.912354097693097,-16.14450988915881,-2.4892389378535844,0.0582412918017741,0.07571367934230633
198.412561,81,93.666086,81.0,120.57589831163885,29.754067638382487,27.266884738564876,-5.9602921581268316,-22.45579155683518,-17.386047060394084,-10.76175294439693,-3.6204064603756803,0.6622419164970023,1.0728319047251438
41.424594,74,93.798488,74.0,-38.0689433263102,27.58787900677852,25.987546246002136,-6.5641809844970735,-19.28569620847702,-7.003072043040081,-12.102718266560592,-3.1262204477212596,-0.20951085323653668,-0.31007606279007427
208.294772,86,93.952479,86.0,119.99182881239268,31.33822375872014,29.740956497080766,-5.988803069591521,-24.43149358034134,-14.103487105835478,-10.998863081618822,-3.253589953547067,0.4451325769905531,0.7656280324237513
216.978827,93,94.126925,93.0,117.4441461075573,32.76649807502455,32.700160445489814,-6.301044676303864,-25.99958546757697,-13.1684144579461,-9.838360324280265,-3.6245724402570776,0.49133385517645456,0.9138809706282055
420.763962,179,94.451574,179.0,229.16074763354305,67.60978206944051,64.73587570311601,-13.591724402904505,-54.09735301733016,-21.10035680758457,-23.631551714593304,-7.321457356138471,0.3835889932640213,1.3732485958851963
111.370248,81,94.599288,81.0,21.783186904157034,26.23847601903619,28.721409883212026,-6.963919427394866,-22.952622628211973,-0.7777596085759816,-12.014631497094205,-3.663892045247127,0.13445067621490053,0.21781009546813887
216.741468,100,94.778631,100.0,107.07182949481174,36.3148863711093,35.21444432416968,-7.4281269478797896,-30.923244929313665,-7.4077607724000005,-12.310732331752636,-3.7898271325806516,0.39123185809966715,0.7824637161993343
168.938246,95,94.94142,95.0,57.47701409584439,32.46034986592487,33.010083635225186,-7.432036104202271,-25.651519536972042,-2.230507828649808,-9.695219367103954,-3.9999185565110253,0.38192744544961293,0.7256621463542646
252.25912,121,95.15681,121.0,119.60173004953421,40.56519816445729,41.39587621680276,-8.961373798847198,-35.9043253660202,-9.29858848633613,-11.198364484915121,-4.941032723983902,0.5551308638288244,1.343416690465755
243.078855,102,95.337822,102.0,139.44087100247913,37.41847141715842,36.215382336850624,-7.329855716228482,-31.672587001323695,-16.954462070750903,-12.493558711578235,-3.5454063820913184,0.5888377391385434,1.2012289878426285
171.897762,82,95.596936,82.0,80.96941674686356,28.103567417062994,28.209911172968585,-6.283257105350492,-25.292133021354676,-4.396520695730562,-8.555681952704825,-2.8575409751989276,0.4607584633131404,0.7556438798335503
330.450087,147,95.863475,147.0,164.6080295195777,53.97176022949024,52.927236434991116,-10.827046744823454,-44.18899619579314,-11.23135599130703,-15.846650953120188,-5.962889546877011,0.3567168891584876,1.0487476541259535
239.159135,95,96.031412,95.0,149.42358184475577,34.250839731122845,32.453838091409814,-7.2929251503944394,-30.474226248264316,-16.78515996716861,-13.555674325820274,-3.861139297718282,0.697835892339354,1.3258881954447725
124.929503,78,96.169558,78.0,37.417087739047346,25.55283156083557,26.088840947058937,-6.108721145391463,-21.23832244277001,-0.8493618876466281,-10.862121029822994,-3.070730941072114,0.4046875344441831,0.6313125537329256
232.830908,146,96.428786,146.0,68.95181072839354,49.05715337487725,48.881068596815666,-12.150169215202332,-43.71372973918913,-1.7059115711950181,-17.51707814545446,-4.972236336636832,0.11911446938670466,0.3478142506091776
249.790516,103,96.614728,103.0,135.8021888601033,37.48645553848991,37.32416294187997,-7.707116801738738,-32.90919399261474,-10.10159487660559,-8.706702678674292,-4.397682766604648,0.5422648332396802,1.1170655564737413
252.299431,114,96.820898,114.0,133.29968589544472,41.44480216742192,40.13252250511425,-8.67525593996048,-35.513302850723264,-14.552702082037701,-13.40515502978807,-4.431163802006024,0.4260633870518943,0.971424522478319
244.402773,102,97.004297,102.0,140.0063167768929,36.2695770424516,34.0755123508264,-7.400853092670438,-29.70725808739663,-12.574568364531087,-14.014036244186846,-4.251917329906475,0.587872599256434,1.1992601024831253
236.904383,99,97.180835,99.0,134.86121746390722,34.90869235189431,34.597847534959854,-7.144367598295211,-28.773136621713643,-12.962839674438142,-13.334050999232122,-4.248979303906976,0.571557938817979,1.1316847188595984
157.260107,64,97.344067,64.0,100.17667186884647,21.669985652153546,21.430729697060855,-4.931950335502624,-20.21439274549484,-15.064086882251647,-6.959515590842628,-2.847334800159837,0.7316636862187282,0.9365295183599722
292.433878,123,97.704161,123.0,168.27807226006954,45.31833873817751,43.84612140877259,-9.09830258369446,-36.56235941052436,-20.279141966259306,-17.260001499399465,-4.80884925462567,0.4807607702954646,1.1826714949268429
279.465708,127,97.933002,127.0,141.2152466440386,47.0222369937103,45.38721469730897,-9.123293764591214,-39.56146181821823,-13.897215225747226,-14.467970373426194,-4.109049637880176,0.4596613083654928,1.1675397232483518
222.143218,92,98.095255,92.0,127.49874614365285,33.60923301229315,32.28696178250305,-6.577489051818847,-27.01187064051628,-14.64277200479911,-11.451500347703831,-3.5680912264147593,0.557219326953584,1.0252835615945946
490.26119,239,98.520022,239.0,221.2090224321866,89.21697551497363,87.60219428794849,-18.321224653720854,-73.52576138377187,-17.09069250592468,-28.904774168434106,-8.92454993665095,0.18869098202609053,0.9019428940847127
177.276751,80,98.657277,80.0,96.84932603329216,28.017048830348497,26.818204984835063,-6.059698128700256,-24.06024215817451,-10.30890370528547,-11.092996325668121,-2.8859883910443958,0.5120899301502141,0.8193438882403427
418.384072,178,98.969857,178.0,221.74926725392606,66.97151786167956,64.14341146231125,-13.615098731517794,-53.62959479093551,-17.98769335430281,-20.395188303125227,-6.852549154572252,0.45357639472747335,1.614731965229805
165.57945,71,99.093921,71.0,100.13104671147178,24.100155123083265,23.822282503592618,-5.455240671634675,-23.751773625612234,-14.912296877821964,-6.86176625180878,-2.492957349900371,0.5059845347229399,0.7184980393065746
226.636055,89,99.252365,89.0,139.14099760469003,31.641783120825696,31.79576695840404,-6.75952300310135,-29.37393497228623,-17.27451800657914,-7.894045087016272,-3.640471440805261,0.5966828226198936,1.0620954242634106
203.506114,87,99.52545,87.0,120.85980883438086,29.602625056123937,30.187353769222685,-6.4483039093017585,-25.77019926309586,-16.895680373649466,-11.06379626161418,-3.9656936802174245,0.5087225712946872,0.8851772740527558
277.821057,120,99.743447,120.0,158.31583039410407,44.21350080204648,42.17763257983068,-8.96772034406662,-36.879779076576256,-17.095742389668114,-19.412973694028494,-4.52969121260735,0.3760429618608046,0.902503108465931
251.106986,103,99.937612,103.0,152.17625469660055,37.25182879666436,36.14261542285431,-7.984861309528353,-32.659437441825865,-19.08372563071458,-13.315069637287552,-4.420618542177781,0.6386816943963417,1.3156842904564638
277.706616,111,100.141926,111.0,161.46312837242593,41.22462235472468,40.20080491282036,-7.995209205150602,-34.770601177215575,-18.23178851941806,-11.120648372528594,-4.063692359018038,0.45894388589800883,1.0188554266935796
239.709162,101,100.322335,101.0,128.02364103692105,35.26097617840788,36.036063863096906,-7.054668052196503,-27.307737845182423,-9.87366069621761,-12.468635939199887,-3.9068168279557915,0.5631045323253107,1.1374711552971275
248.20862,132,100.560082,132.0,96.52589210908194,45.85324542338277,47.04716938372537,-10.456519618034363,-40.74043487906458,-3.7618602122042923,-13.544486676339089,-4.714385680885004,0.172884914129599,0.4564161733021414
213.933329,88,100.721184,88.0,129.5609624676536,32.6126951430902,30.24692587499315,-6.429769945144653,-27.584332406520836,-16.87603759625387,-12.263954415130412,-3.333160272046993,0.6575731610872085,1.157328763513487
267.086496,107,100.920462,107.0,153.85717299405903,39.29975035719695,38.4896101434585,-7.613311564922337,-30.724323907494547,-15.25474047985965,-13.455446350140415,-4.51221548658756,0.5792047989863434,1.2394982698307748
337.189366,157,101.216505,157.0,171.30768639807064,55.660850148412194,56.3968592256889,-12.63671141862869,-51.81834898591039,-12.114199252054176,-20.61581203684787,-5.990957887169375,0.18904937619380902,0.5936150412485603
220.22448,94,101.505343,94.0,124.25766661898163,34.03867483505978,32.825798322329426,-6.543287774324416,-26.700259554386143,-16.449547219067966,-11.590933206141779,-3.6136316765556034,0.5280584591961597,0.9927499032887803
190.049106,83,101.647866,83.0,109.93196425049788,25.634560513955222,28.992143426606972,-6.735416166782379,-25.218712085485457,-14.410052021598775,-7.939730606143141,-3.2056511865954604,0.5097359959575144,0.846161753289474
217.317243,96,101.816139,96.0,114.88162036144575,33.50702612111279,32.44898462455827,-7.439430644512175,-28.53361511230468,-11.85324261499338,-8.269920296738741,-3.424179114783808,0.47885490224081223,0.9194014123023595
180.996302,76,101.954635,76.0,103.01274033043723,27.3489647864492,25.62375091036613,-5.955877714157109,-23.48042484223842,-9.491129560121218,-9.036658662760255,-3.0250630415482727,0.5863285585490038,0.8912194089944857
264.244571,115,102.158911,115.0,143.9731709334721,40.633630095075084,40.98354106742559,-8.711026864051819,-33.50075275897979,-17.097303203765275,-12.175224059792027,-4.861464471376838,0.4610685235552112,1.060457604176986
192.528543,81,102.302815,81.0,112.6963715893083,28.357449560423486,27.678269094869922,-6.347624344825743,-23.7867544233799,-15.453386363822741,-8.04123776306159,-3.5745438899081536,0.6252964804091582,1.0129802982628364
94.812042,92,102.467809,92.0,-2.476217516828248,29.892306602335704,31.149381389452774,-8.012927401065827,-26.152717912197108,-1.9877556624855646,-15.95856449986159,-3.641462938105991,-0.19115204558218082,-0.35171976387121273
277.613049,133,102.705442,133.0,131.5954628367937,46.307589048710426,47.594442112351324,-10.414047873020174,-39.96133589148521,-8.104101659509464,-17.12937676508292,-5.275582734475115,0.3534072316838803,0.9400632362791216
227.352801,95,102.876168,95.0,135.04789280648225,34.892272501816315,32.667864084884194,-7.510669035911557,-28.370609056949604,-17.84438589916731,-12.950198444902602,-3.5793656780484175,0.6717446880506327,1.2763149072962021
296.996008,130,103.109586,130.0,158.01816381411402,48.72777809664336,46.949177030545705,-9.63580048084259,-38.92832829952238,-16.995638976043082,-16.111522606813676,-5.027820972061357,0.40422865461668783,1.0509945020033884
191.410464,82,103.261682,82.0,105.7583377487089,26.935815448475676,27.480794352622087,-5.836913502216338,-24.836063033342363,-9.876331510278689,-7.264739687173928,-2.9504359743011905,0.3218256039716824,0.5277939905135592
235.221705,99,103.568821,99.0,133.82480399311214,36.76211857320776,34.14841368633259,-7.610442571640016,-30.252435249090198,-15.525795627440939,-11.104874852076588,-4.020083323498657,0.44732274657563426,0.8856990382197558
302.682266,134,103.807828,134.0,157.2796991588163,48.15428396152193,48.069429735929965,-9.643536417484285,-39.98654197454454,-14.895226807652373,-14.722430649934228,-5.573410777129094,0.5157059283829766,1.3820918880663773
338.950112,145,104.066447,145.0,177.83563430352652,51.63075083285982,52.72759987490408,-11.036141049861907,-43.21576681733132,-13.964041879624629,-14.388299124504625,-5.639623771704592,0.47738087066447554,1.384404524926979
205.587545,103,104.245001,103.0,91.4537048238837,34.63256742843494,36.85922026333959,-7.571531479358672,-28.497701525688168,-5.8326996673924505,-14.271551804651654,-4.18446324866972,0.2744171835826374,0.565299398180233
196.883932,87,104.403283,87.0,107.68417997376108,31.990480543025576,30.927036213521948,-6.146785087585447,-26.152763664722443,-11.727461580790099,-13.632932463453816,-3.0578219034050593,0.5002372122946278,0.8704127493926523
382.316755,171,104.707405,171.0,196.82003905885986,62.59409196297426,61.41455515946212,-13.502479214668277,-48.641733080148704,-18.82521778352948,-20.906836534925493,-7.635664347485258,0.40934657490228354,1.3999652861658096
302.714934,117,104.91974,117.0,188.20624213344144,42.91696137824521,41.637898232504966,-8.758910872936248,-34.158976387977596,-23.369661771575608,-15.574692314600778,-5.18392668995673,0.7372827450223367,1.7252416233522678
191.828378,88,105.079085,88.0,93.15664088300312,31.09754932793602,30.379039309141003,-6.952675979137421,-27.048131781816494,-5.397573399023669,-8.335201152487235,-3.0712691978230455,0.4457382032142166,0.7844992376570212
287.577558,136,105.440418,136.0,140.96527200110307,47.74326680314911,48.38508546915244,-10.338303256034855,-40.238014668226256,-12.647665136183353,-16.777981670048447,-5.514101080323968,0.12204069200981014,0.3319506822666836
326.866,138,105.69222,138.0,179.53216902628913,49.17021358705358,50.17621707450508,-10.205250668525704,-42.733603256940846,-16.745454587677013,-14.651893973151855,-5.6763972179801385,0.33790325166202306,0.9326129745871837
258.209955,105,105.887334,105.0,146.4810734404773,38.65295019248526,36.7743994349993,-7.726991436481475,-29.451620447635634,-13.30473940269696,-13.968381284755683,-4.2467354037989535,0.643465114925953,1.3512767413445015
351.341728,141,106.153784,141.0,198.37143685830122,51.15972835371388,51.338603783709466,-10.630839600563048,-43.575699454546,-16.228589224504844,-14.518176490338856,-5.574735809404548,0.49746254105406795,1.4028443657724716
224.460529,104,106.34135,104.0,111.71515727074971,36.29412263885728,35.29390354548822,-7.771464695930483,-28.73450453877449,-11.434104446720685,-10.720222851656914,-4.182357741421839,0.23058424419394996,0.47961522792341593
279.751586,117,106.553766,117.0,151.92141064570848,43.68108347857745,41.97818952196908,-8.155968472957616,-31.76333984136581,-17.633212374198372,-12.49421854403043,-4.782358289433806,0.5740587985535691,1.3432975886153518
227.984745,97,106.732906,97.0,126.00895577370932,34.6398109458835,33.105551768050276,-6.8886132216453575,-27.341952461004254,-15.79860997096714,-9.043882648082342,-3.696515095927894,0.5867823222680518,1.1383577052000204
236.265788,100,106.905618,100.0,137.95033620395972,35.144287321497956,35.06776727614395,-7.543246436119085,-30.542782598733908,-16.915714842287485,-12.973346016394487,-3.921512822300416,0.5238543970224203,1.0477087940448406
66.414081,99,107.0793,99.0,-40.55187908105492,34.969244061999255,35.48580828655525,-8.472184853553774,-26.258368778228753,-8.396045679350985,-15.970628405340529,-3.3918649676858736,-0.1922772345991306,-0.3807089245062786
258.887959,111,107.389747,111.0,141.63670367655808,40.745652339164124,38.69488717671768,-8.08254575252533,-34.07733328342436,-16.032124692863867,-11.02862450754661,-3.9686560647335236,0.5498879476411853,1.2207512437634316
156.757934,86,107.541821,86.0,64.09836642137932,27.8358124091812,29.42168698525674,-6.5846335673332215,-25.874188399314875,-3.249753950937714,-11.366219251663114,-3.52313661052034,0.47102145444585014,0.8101569016468623
358.462548,147,107.801031,147.0,197.2700109434777,53.46305837986625,53.860587364137864,-10.314142136573793,-39.14407142996789,-19.879964183573115,-17.360269776069902,-6.432661157334396,0.5995940625172033,1.7628065438005776
310.302183,129,108.034075,129.0,166.5567375158514,48.1820695281938,46.85202367138848,-9.333792393207546,-39.08550156354904,-15.650030714396955,-11.245158553388382,-4.974164870564132,0.33706941605642665,0.8696390934255808
246.693287,103,108.217969,103.0,135.60518017239127,38.26837908281844,36.632127885962284,-7.304625794887545,-31.37332067489624,-15.691469532515463,-8.761639001506776,-3.681344791048413,0.5448154006109766,1.1223197252586117
209.41596,85,108.368273,85.0,120.46856758032747,29.53520966093251,29.89439146160781,-6.351045120954513,-22.822679555416105,-13.144521402772094,-9.755640714455176,-3.4083219711210613,0.5679945175157682,0.9655906797768059
494.340776,198,108.713576,198.0,271.95462362641615,73.45445382898241,72.77485978225704,-14.433629889488216,-60.182353109121294,-20.493845391118295,-18.03772450917036,-8.695608058529658,0.43385599234019545,1.7180697296671739
463.557389,207,109.067405,207.0,234.46705589271895,77.13887099522283,73.9413089345711,-15.768868401050575,-60.41320490837096,-18.993421439200247,-25.904307115745183,-7.910044777973943,-0.034310235323067186,-0.14204437423749813
168.457169,82,109.325151,82.0,81.80616465715434,28.730620675738507,28.630585079378264,-6.713552703857422,-24.67561849355698,-9.891242546129424,-8.27311624769749,-3.1566718543165724,0.40601618977327164,0.6658665512281655
215.390873,97,109.491042,97.0,114.16023325559011,35.44720641936421,34.47169955558552,-7.000865174531934,-29.051055300235742,-12.591639934244359,-13.681111041586632,-3.363594853798065,0.528436989384768,1.0251677594064499
128.987631,127,109.708155,127.0,-9.276677591470268,43.519080746962175,45.43025475652162,-10.725356252193448,-34.12746064066886,-8.316476896199978,-19.81771516609045,-4.698017739386386,0.13799895027099737,0.3505173336883333
199.465356,87,109.857871,87.0,107.25081562093467,29.998899326483837,29.111359825271357,-6.691004159450533,-26.798756754398347,-8.203478537239864,-9.221289318496936,-2.9811898015440415,0.5664131555571291,0.9855588906694046
229.12566,93,110.018255,93.0,136.7152905713881,33.90429903619033,31.849923637361847,-6.819845697879794,-27.70540789365769,-19.534468502673445,-9.041871476199486,-3.2422592693167998,0.6825516445895672,1.269546058936595
291.09638,124,110.232132,124.0,156.82095159641955,44.39195046494312,44.34677587122724,-9.397604637146,-36.113575050234786,-14.280484540037268,-13.288950833448455,-5.382683331001919,0.506822943753731,1.256920900509253
383.794868,153,110.49464,153.0,219.37544738709494,53.56948094954991,56.219755427826115,-11.61399663925171,-46.30707257986068,-17.29340572104802,-16.88168960808438,-6.273651612873527,0.6121809582544303,1.8732737322585566
437.583704,197,110.832817,197.0,214.045220345432,73.4563645610706,73.04754039023213,-14.294487795829768,-57.96998266577722,-18.04041886465404,-22.575355545329224,-7.085176492925347,0.3530986175231665,1.391208553041276
459.942871,198,111.288509,198.0,233.72675862233012,74.81908470399136,70.23251834682752,-14.84575975179672,-58.168454617261894,-13.448983512245372,-22.240139555610334,-8.132153565746233,0.4860910517388947,1.924920564886023
306.887716,125,111.503029,125.0,173.55950806153146,46.13768039883519,45.796448734704775,-9.562204458713529,-36.46057027578354,-20.43312638487729,-12.34839602172372,-4.801624019654229,0.6091797393514927,1.5229493483787317
360.091552,141,111.745248,141.0,206.0822197238388,53.16354575528611,51.2894156023148,-10.569555897712705,-39.69042447805405,-21.19228769233412,-13.816220205391655,-6.175140460896849,0.3932942787573049,1.1090898660955997
406.951514,172,112.050617,172.0,217.63400589733016,63.17574415113141,63.17527102374557,-13.145398825407032,-50.09254634380341,-19.808584102795464,-18.91879689394562,-7.068180530120294,0.3173727114926211,1.0917621275346165
572.743295,236,112.485413,236.0,297.53358350802876,89.74376918833396,87.20409616972054,-17.182539563179006,-68.94341078400613,-21.444506716176427,-20.07739364520061,-10.090303213885418,0.5150453637688372,2.4310141169889117
269.972316,116,112.704592,116.0,148.67292216674647,40.239042937979434,41.85239878667631,-8.454548468589783,-32.58394718170166,-16.14741485654953,-14.21859660501583,-5.387540671063415,0.25144388326139505,0.5833498091664365
597.047552,245,113.260945,245.0,320.1191878108313,90.90291353503244,91.70134191334081,-17.690118672847753,-70.45930799841875,-26.23244921196317,-25.609368122548187,-10.684647298930777,0.3428976037148029,1.6801982582025343
372.295776,168,113.550015,168.0,187.6577076337391,62.68198123501688,60.55296312187993,-12.89447611689568,-47.80641781091687,-15.400725555508101,-23.713846128171404,-6.7814099662432294,0.14321234898806487,0.4811934925998979
561.972898,259,114.032048,259.0,271.5040554898676,95.83966837122033,94.7222244920813,-19.980035467147847,-77.7353646337986,-24.385613229810655,-27.195370364978174,-9.796666562703843,0.1652743184997117,0.8561209698285065
274.634299,113,114.238719,113.0,149.8404567548625,42.327842746010056,39.677281732417576,-7.797829899787903,-30.664181631803523,-13.850997538428953,-13.724852360506704,-4.17342099802856,0.395334160203991,0.8934552020610197
321.276834,136,114.489485,136.0,177.91555322983268,50.06388121270007,48.255871649641016,-9.973720023632048,-38.58447408080101,-21.62232201030615,-15.30443496708626,-5.473521484955039,0.5690361024908178,1.5477781987750245
389.192092,165,114.789373,165.0,203.07548695600377,60.85597204901833,60.19376913504366,-12.15955434799194,-47.03333142995833,-16.37015174202511,-17.758980850839595,-6.611117967684123,0.4877822380944954,1.6096813857118348
388.662072,153,115.209243,153.0,219.94585388258068,54.30730635282364,54.053952619292204,-11.55208540797234,-42.662754100561166,-14.84885258482171,-16.338608870001597,-7.242740238131804,0.5285923131003046,1.6174924780869322
305.39953,126,115.437649,126.0,168.76283348889942,45.44709845734475,45.298838501292714,-8.946972520351405,-35.82074950933457,-15.492827127803768,-14.13761242248345,-5.711079237448202,0.5625947372779984,1.417738737940556
486.276227,282,115.994721,282.0,152.17382022665424,104.31382352326175,106.10054833026061,-22.70176208853721,-78.97883166670795,-14.104837180016329,-31.066324203585427,-11.460210313267469,0.16006735112217238,0.9027798603290521
385.79322,162,116.282158,162.0,211.10415303905427,60.44613974936907,58.69875194007352,-12.552424941062931,-50.301965066790544,-20.66659769427243,-16.318019355519695,-6.616817568126869,0.5563134624619066,1.8024556183765776
997.126614,414,117.185771,414.0,524.8167034205576,157.43659403302408,155.03068201314883,-31.157633053064338,-118.35731511712068,-38.12398687225798,-47.82055596804193,-18.69787473178241,0.4252485262918298,3.5210577976963506
383.875927,175,117.510213,175.0,188.64449406423287,65.37876188455975,64.01805726617012,-13.361238758563994,-50.56259427368641,-18.189039723783882,-20.440617054489923,-6.611896603159707,0.39354820620442565,1.3774187217154898
151.308893,108,117.701927,108.0,33.0094064816851,37.22974259410605,37.52912174631654,-9.39395643234253,-28.998009473085396,-4.682343063023218,-16.904240440967072,-4.4808283725963935,0.11828287185669016,0.25549100321045076
376.4756,154,117.982927,154.0,205.98225587947834,56.76603985669433,56.1268942516634,-11.146966999769212,-40.801472133398036,-20.092726009804053,-17.237991239395523,-7.120433236104964,0.5304997948874203,1.6339393682532546
822.628085,337,118.602545,337.0,438.66873518407857,125.87407753997417,126.12952991747761,-24.833463830947878,-97.72420230507849,-34.370273841028514,-34.2058695870885,-13.910448209599057,0.5369386502700141,3.618966502819895
219.499382,151,118.882459,151.0,47.54153963869129,52.209549607308006,53.194909227800416,-12.446682834625246,-42.946724614501,-6.902827321082703,-16.648853366646396,-5.501528832882848,0.1965026610225697,0.5934380362881605
286.598764,125,119.225846,125.0,151.54463796171544,45.88932664087767,44.9426760351775,-9.55048511743546,-37.01741016507149,-15.472837201393906,-14.159590749171535,-4.5775529880105115,0.5448670836893508,1.362167709223377
467.363893,189,119.569016,189.0,260.22876971861,70.43453790895384,70.22816480713718,-14.582693543434146,-55.36733790636065,-26.6793150479472,-17.358491084737903,-8.539741361330002,0.3639569178539161,1.375757149487803
887.68967,377,120.264642,377.0,453.108350028855,144.09759684789992,141.8367780310876,-28.592359192371365,-111.60372309088709,-30.355568553126876,-41.44760909303262,-16.353794584133745,0.3381017512233717,2.549287204224223
287.0188,125,120.495783,125.0,146.75638087914143,43.01482652549885,45.49576773042218,-9.353374614715571,-34.076606252789496,-11.612796864237929,-13.455846327214294,-4.749550789992893,0.34300836346916064,0.8575209086729015
536.416112,215,120.88744,215.0,297.50163580775234,78.87049268379644,80.10575981229822,-16.325233631134036,-62.86003906726838,-24.658297552146706,-21.193839860789648,-10.02436632097404,0.22086874769634812,0.9497356150942969
289.726061,122,121.230467,122.0,154.5620977305764,43.89666367996179,45.29205360442863,-8.993930436372759,-35.24944194555282,-14.30550236296211,-12.723271071289531,-4.752607859980552,0.5058282130987218,1.2342208399608812
387.526113,156,121.510832,156.0,213.45949249094005,57.58815446185148,57.999572828325334,-11.9721661388874,-45.38878534436227,-19.778890040858276,-13.853682647392223,-6.527582429425992,0.5637514771899208,1.758904608832553
500.121421,242,121.947947,242.0,208.07995064784308,87.9196610850838,88.47499636862865,-19.228199975490586,-67.39495039880278,-7.823610091034993,-22.11204038502088,-9.794386031567193,0.28220635718639137,1.365878768782134
270.531793,113,122.159232,113.0,148.9394685376545,41.22868705464362,39.45650134374798,-8.795210206508633,-32.61999764442445,-11.259999116599403,-14.632171122059605,-4.785485995616638,0.3699628831330411,0.836116115880673
352.457151,140,122.419332,140.0,200.7056545105704,51.253193273212965,50.91526917753217,-10.157823626995095,-41.27583953142167,-19.997714248529622,-13.231806398181597,-5.753782347908758,0.40264762900929696,1.1274133612260315
588.544135,243,122.871251,243.0,318.7478576211481,90.77083168924091,90.2713487895462,-17.8996121442318,-70.3553717076779,-29.457602218644794,-26.875464421856353,-9.657852714140363,0.5511924052932141,2.678795089725021
324.613474,136,123.241949,136.0,171.94110955911387,49.37613675905124,49.32802561232889,-10.00539167881012,-38.974878013134,-16.409106070676703,-11.151958527739541,-5.490463946110881,0.5392512886461248,1.4667635051174597
327.099341,138,123.499296,138.0,176.81984498722508,49.66713123197276,49.92063078165295,-10.213239055871957,-36.42404348254204,-20.642395879176014,-14.34333541852707,-5.685252067707045,0.44679878575557314,1.233164648685382
400.423443,169,123.818243,169.0,214.96429604361708,61.48360978852256,60.539567872495596,-12.90374625921249,-45.02946238517761,-22.71304953160401,-17.961188333690853,-6.95658436325438,0.5415403696896208,1.8304064495509182
210.458646,109,124.022875,109.0,84.57746836382508,35.38719540840641,36.43913378760095,-9.244741966724398,-27.738034963607774,-3.2190142957545556,-10.944244131864828,-3.7991158125240805,0.08709284390730972,0.1898623997179352
589.642965,246,124.511966,246.0,317.3059362025079,93.94798430165864,87.96364991264723,-19.245383336544034,-70.7819640874862,-28.720440082545203,-26.538584595824606,-10.288233601479755,0.260974850561524,1.283996264762698
359.844635,225,124.998089,225.0,93.90859913601786,82.64127480930001,83.22605712182414,-17.84796527862548,-60.956297641992585,-10.421861579810429,-26.806846167148514,-8.898325429671122,0.21831099834807224,0.9823994925663251
321.644582,119,125.341784,119.0,190.7391692708267,43.01959228183938,43.871231362460065,-9.200166516304014,-32.11976332664489,-16.26463801796759,-12.519626366308486,-4.881216958649005,0.6161087547611694,1.4663388363315832
185.416001,86,129.01549,86.0,94.48923393255927,27.587548792569777,26.339754830164992,-7.221124858856197,-21.31032267212868,-8.027650442180912,-8.978100615613517,-3.463337735695716,0.20703630432534745,0.3561024434395976
499.858151,205,129.565301,205.0,270.58996261039147,74.20727850876088,74.43603163271356,-15.959764018058776,-55.51526128053664,-21.272680303127224,-22.040192236693642,-9.587224168031316,0.22485780020858268,0.9219169808551889
720.402988,309,130.466781,309.0,355.3167933651047,117.21463834778295,115.06472341707769,-22.764209127426145,-83.5352024555207,-26.506267408189316,-30.714307678896557,-12.673180228192434,0.34510848033661623,2.132770408480288
554.577869,234,131.092594,234.0,288.9173568812289,87.64896421623031,86.99110209526846,-17.43933072328569,-67.30186519622804,-24.89103122915719,-23.25022630522067,-10.097100676226548,0.26881884528453676,1.2580721959316319
1192.489776,565,132.98266,565.0,516.6184167729195,216.1273701908802,212.36673122725665,-43.03013746976854,-156.96587635278695,-30.911125091359555,-62.71425036581381,-24.001352734397575,-0.21290723813599163,-2.4058517909367056
2348.98372,1000,136.25046,1000.0,1131.71796319409,384.15287749278974,385.4105809731885,-75.15843656897545,-287.26172112226453,-53.09656959560251,-95.40031380627319,-41.38066065635189,0.006994680141763798,0.13989360283527597
1647.876424,721,139.400716,721.0,777.8806641921002,272.43590920049627,269.4401352094907,-53.87047755837434,-200.7977594435216,-35.9063274618205,-72.75124747639026,-29.554472275985322,0.306771442952683,4.423644207377689
306.21014,155,140.012046,155.0,117.34873827303142,54.68578835364584,54.77521688881004,-12.73705106258392,-39.0059849858284,-6.240613738668008,-11.410959403087817,-6.204994457882896,0.34866555132918764,1.0808632091204817
310.434039,126,140.448874,126.0,172.36314704175007,45.383184216473566,45.42186152771108,-9.979258885383604,-37.81779885888098,-14.535789917466275,-11.444583015184865,-4.956723361207269,0.5701250327789112,1.4367150826028563
341.647079,143,140.956008,143.0,182.70261929075318,52.21974389494159,52.141569809259416,-10.671380567550658,-38.60616937577726,-17.330642277966888,-15.656955847004925,-6.15170590015987,0.5607240060816591,1.6036706573935449
67.531768,96,141.301455,96.0,-34.154120496648446,34.691340222163454,33.48643500352003,-8.823338010311126,-24.252936241030696,-11.726748451048476,-14.218773571924656,-3.4700901066825867,-0.0044660608530015895,-0.008574836837763052
530.278342,226,142.003112,226.0,279.45700407447725,83.95138229955586,83.5715420181047,-17.286044840812682,-62.77640842199323,-31.465787297265102,-21.235869311358734,-9.937476074844326,0.5221225542785671,2.3599939453391237
294.896712,120,142.335499,120.0,160.22983478274176,40.62517451119739,42.76246696418347,-9.197226405143738,-33.647814577817904,-10.633842112660053,-9.943311171335877,-5.298570070835494,0.2792907396174401,0.6702977750818562
277.752053,130,142.773308,130.0,126.66916920804954,44.84660760418734,45.25001987557087,-10.075953366756439,-34.95312170386315,-5.942767628912383,-12.843154606515656,-5.19874634451394,0.5263769676209639,1.3685801158145061
312.669245,126,143.044277,126.0,178.1363435944439,47.49338578957585,44.934201797322196,-9.035164743661877,-37.185496044158924,-18.153315522532733,-14.503259236108287,-5.017450459819662,0.5394605687780875,1.3594406333207805
446.807865,203,143.511466,203.0,220.7873390167044,72.38409677212411,71.56475449815264,-16.187831869125368,-55.84664323329925,-19.110158030452475,-21.36868292365812,-8.415009689355886,0.058950480281730534,0.23933894994382598
876.990814,364,144.228862,364.0,451.51688798601054,138.57752897199876,136.84292122665514,-27.244072270393378,-105.54675093889237,-30.703322192441266,-36.117126766287406,-14.33525228433632,0.43889957557627235,3.1951889101952626
1024.267825,444,145.183675,444.0,499.36013970434504,168.59259827638422,165.49666594477983,-33.61356964588167,-118.30543864667409,-35.84562014938465,-46.73142068972803,-18.685530078334438,0.3117935994966178,2.768727163529966
2478.253208,1000,147.096754,1000.0,1269.4276863309465,382.41781239084594,384.84180232142285,-74.89955951690676,-284.5501824647183,-68.10289770664559,-84.5313496190332,-46.350103345545584,-0.1618522584318599,-3.237045168637198
740.987426,348,147.721165,348.0,325.9479504163854,128.48887011130523,129.2670686315682,-27.081658227443704,-98.3790610730648,-13.599607967549439,-36.68042018657935,-14.975716125450107,0.17516829461889075,1.2191713305474796
306.109358,132,147.962147,132.0,161.10782695831423,48.12575072136475,46.81827066900066,-10.308630462884901,-37.40093466043472,-17.391486920561665,-11.593922387577713,-5.247516032510011,0.5245266245611782,1.3847502888415104
543.586749,310,148.514195,310.0,172.41972229714975,116.82958652940624,116.87340028515146,-25.130866793394084,-82.57063639163968,-15.444472128215194,-36.564615942332054,-12.825368599233508,0.26255737001777363,1.6278556941101965
2275.95836,1000,150.425766,1000.0,1038.9196409326323,388.07702352044464,382.79741997561865,-74.35634852647777,-279.77645561695084,-45.90993104186153,-91.07533982563885,-42.717649481754194,0.04619521942012998,0.9239043884025996
212.942621,107,150.618838,107.0,85.76414084868935,36.06228120663965,39.289214948152555,-8.180786817073825,-29.148882126808157,-4.156919749153929,-10.123200881016697,-3.5632268288353357,0.19190884216461865,0.4106849222322839
1005.723849,511,151.657004,511.0,404.999657814887,191.16469982740057,190.071827573375,-41.28674176692964,-140.71250797510137,-20.666707669295704,-68.84672211717613,-19.999657113361387,0.004083886209090072,0.041737317056900536
1907.041667,890,153.376588,890.0,817.7157208936404,342.1984399974194,337.8738884695211,-66.69471909880636,-246.81804557442646,-42.88114398400503,-87.85106824810374,-36.501405481555494,0.2950063817678875,5.251113595468398
1606.701542,664,154.67142,664.0,807.4805200748799,254.4455231491371,251.91742390816708,-48.88985136389733,-181.80624832212922,-49.63981441882097,-63.02967334656464,-27.776338138074028,0.060228655402944316,0.7998365437511006
439.691418,203,155.026346,203.0,197.33796561329098,72.41999288631598,73.43359134871926,-15.752350394725793,-53.9490864813328,-11.899942447925733,-17.098036812806733,-7.80071531899048,-0.03137481366721756,-0.1273817434889033
289.406539,145,155.285625,145.0,118.48327105004958,51.470147537008266,53.24242732788408,-11.70929536342621,-40.29107180237769,-4.901978213448187,-16.144671246065553,-5.742290045104338,0.3443804007689222,0.9987031622298742
1361.202457,574,156.33408,574.0,675.2900671758148,219.83704623137913,215.37401206045652,-43.63521358728412,-161.6257182180881,-37.28386047336225,-56.82372093779912,-23.930155298412515,-0.20216023363449007,-2.320799482123946
2122.184329,925,158.187193,925.0,1003.470174084337,352.27188898858316,343.2879205681696,-69.71481535792347,-258.6874056994914,-46.36524577154349,-87.71701048365557,-39.36117697167104,-0.0489634382315557,-0.9058236072837805
806.592564,331,158.975953,331.0,431.0187749236023,123.22469141981055,119.18924023775766,-26.0881727218628,-91.65967148542408,-33.70593150971838,-31.59827430978641,-14.788092899258048,0.4575588437643499,3.0290395457199963
388.97026,172,159.309681,172.0,194.2530183758975,60.09747539872084,58.746748481255366,-13.373554673194892,-46.81564189195631,-12.16437225567385,-17.001665131308336,-6.7717483142325285,0.35472979071402916,1.2202704800562603
727.559453,323,159.890577,323.0,339.3434487133881,122.6733226947108,120.0246169602153,-24.67203169345855,-86.55028525590892,-21.038767912314334,-31.632160410317162,-13.588690521978833,0.15522344403584065,1.0027434484715305
1347.82265,572,161.016109,572.0,661.4202378084469,218.03119688580233,217.55303283090498,-43.61217148065569,-156.2040480434895,-42.09528947641231,-54.490113365471075,-24.78019481261198,0.43013059127805914,4.920693964220996
1313.299456,633,162.151215,633.0,539.0882614898977,242.04797298446732,240.38152887754782,-48.703160086870206,-176.80173196196537,-30.03335841776649,-61.77495099559123,-23.905106281144956,0.3367422351724954,4.263156697283792
1292.31329,605,163.360265,605.0,553.7705263644924,232.8207637059657,228.9901874134469,-46.10124050855635,-163.9843304097654,-34.6277577187949,-59.166282462542846,-24.388576274365,0.316881838822342,3.834270249750338
1922.010043,809,164.946007,809.0,940.5296284375086,313.65285611558426,310.04796510507197,-61.73356256127354,-229.27638746202015,-55.18544141518941,-71.00513396107216,-34.01988092110466,-0.11318752667697325,-1.8313741816334272
287.183938,150,165.216711,150.0,116.25436907907144,47.63398769003721,46.98424902340236,-13.385362493991849,-37.67352797985077,-4.390027989394214,-12.981300833515963,-5.258448060456293,0.28728430567416935,0.8618529170225081
2441.875514,1000,167.147037,1000.0,1220.1617518317264,388.4289794508902,383.8230060116054,-75.64765782833099,-283.45875746607777,-63.31011426350588,-86.212382826291,-41.909310603062416,-0.05176483449441434,-1.0352966898882867
504.818638,206,167.521826,206.0,269.65215616236037,77.48451445315733,76.24345644434007,-16.296059567928307,-59.47734696269032,-21.617752740812712,-18.238173107437643,-8.932156968922257,0.5665312252934062,2.3341086482088333
1051.071517,449,168.321802,449.0,515.4791661563193,166.62967688644522,171.01406831542732,-34.18683955073355,-125.20023149847982,-27.98817171418256,-45.2936115078153,-18.382539758171927,0.4215372431070738,3.785404443101523
2375.801341,1000,170.244674,1000.0,1130.4244725788576,389.36162809849856,388.2586991740694,-72.85126174688347,-278.537932610512,-53.01595632596502,-85.8538330557306,-41.9844751371607,0.3249333654723612,6.498667309447224
1081.302489,460,171.188939,460.0,535.694503629464,175.04994059580025,172.5017648731796,-35.632853209972374,-129.80965663790698,-33.25994339494199,-44.083953607858284,-19.15731312304146,0.17043625166442078,1.5680135153126713
2434.727924,1000,173.100129,1000.0,1202.2224486515515,387.4495920519077,387.56889352148954,-74.25288951635366,-277.20383906960495,-60.962511223171575,-87.54275944663105,-42.55101117215412,0.0757456960413482,1.514913920826964
2381.887219,1000,175.043643,1000.0,1151.318021708947,389.5785954008595,386.1640082479943,-73.6411374843119,-282.2408405423167,-55.4305527226633,-91.32244558359926,-42.538429930128785,0.22864594146103312,4.572918829220662
306.706608,123,179.115693,123.0,174.62235383006745,45.374472277071874,44.340763901886824,-9.82966074347496,-34.0344602227211,-17.392099914232418,-13.839094004362654,-5.535667262178621,0.5968272702268055,1.4681950847579415
2423.111191,1000,181.04328,1000.0,1203.8404896684692,389.13617326685755,386.48585929425064,-75.29025423407553,-285.3226860821247,-60.206434945753244,-91.9635013920021,-43.56845440211321,-0.22497279202680365,-4.499455840536073
255.173912,107,181.235465,107.0,140.88928392292996,38.71059851649861,36.882051870854035,-8.453385732173919,-28.43328356146813,-11.097808972948277,-15.377989553568561,-4.945554144870372,0.5222083905286092,1.1175259557312238
1723.621781,723,182.66518,723.0,852.4485963021992,279.8970552738499,275.7641887119942,-54.4455309975147,-206.9335996091364,-48.59086319471849,-67.10985513434733,-30.408210467062926,0.061805982528895666,0.8937145073678314
787.969025,352,183.314463,352.0,360.8479657144695,132.8954984571763,132.51124787720028,-27.11857441425325,-97.34505593776706,-17.400514728180184,-34.28908107542722,-14.1324605229349,0.3303577399814544,2.325718489469439
414.917954,167,183.621586,167.0,230.7195131355413,63.34912010417097,61.21288765115025,-12.73838376164436,-46.903884232044234,-26.56578828520938,-14.81225059063999,-6.34326051544475,0.48650609002873924,1.624930340695989
2478.987689,1000,185.555702,1000.0,1248.1243907590404,388.19793039862975,386.0239463599949,-73.94691810727116,-272.7713453769686,-64.93839792874196,-88.06427140593108,-43.63764552661865,0.20515011816049594,4.103002363209919
2522.393546,1000,187.507801,1000.0,1308.0615763920719,389.3545108799868,386.4289243797389,-76.0033844327926,-286.9399676084515,-71.48621042331527,-85.16697281134074,-41.85493012217122,-0.0350676070519183,-0.701352141038366
208.319286,83,187.666625,83.0,118.86790735129836,29.440635680382577,28.3405271456786,-6.32131371974945,-21.34525231719017,-11.906933530957803,-8.884180088590599,-2.87210445946922,0.6220536062242863,1.0326089863323153
2421.928793,1000,189.611952,1000.0,1188.758471803235,389.23641416283186,383.73894173852636,-75.66292384624477,-279.4039225995539,-58.989411991683674,-82.80890888973494,-42.939867200743144,-0.12301785666654344,-2.4603571333308687
348.374367,151,189.877368,151.0,176.89721713008612,55.077600972461774,54.68053554440423,-11.769674222469328,-43.22104459404944,-14.728629626766578,-13.729320381618496,-5.8323174604647825,0.5320021128452412,1.6066463807926286
2458.410227,1000,191.796757,1000.0,1228.2985546110488,389.5959076182575,384.3503377569842,-74.70582361698153,-281.6686937689781,-63.02754865305747,-83.31730071835666,-41.11520667470749,0.11955396913865526,2.391079382773105
2466.870087,1000,193.722211,1000.0,1230.1600320879515,388.3307764663365,385.6760412366904,-73.93065438032154,-270.3843087732792,-62.95290352639486,-88.59177779649472,-41.43711853758546,0.05679961606594822,1.1359923213189644
1910.069051,801,195.288067,801.0,937.730143864112,308.57089333600754,307.43178857694795,-62.336906051635744,-217.7780541181566,-57.64427124823577,-70.70101768157467,-36.20352532668584,0.15973759732788947,2.558996309192789
576.278555,227,195.697884,227.0,311.7557229476835,86.52016725078306,83.45942169727284,-16.67270988821984,-60.59358240365979,-26.059664604067358,-20.2345538249862,-8.896246094315519,0.5739090126372606,2.605546917373163
1045.378677,423,196.582232,423.0,550.436943211474,162.44459486761212,157.94646410486104,-33.322358860969565,-115.4361398339272,-38.91190150906512,-43.279490001357765,-17.499435430353326,0.19792525989672097,1.6744476987262595
2586.705782,1000,198.495216,1000.0,1349.846801683053,388.8561227967153,387.18692899638324,-74.14483604192723,-270.76870779693127,-75.37080524095197,-77.59877116625988,-41.300951536238934,0.2700727453016136,5.4014549060322725
2510.427167,1000,200.443421,1000.0,1289.0533297298778,387.3815204807738,384.11950673102166,-74.31368505716323,-277.7032349169261,-69.36584372765945,-85.85146417840498,-42.89296234673555,-0.030549851260864357,-0.6109970252172872
1064.151606,484,201.338162,484.0,480.5757350034207,184.49848932806069,182.90018462751817,-37.350331786870925,-129.89664682447912,-33.04883683369004,-47.16245203623622,-20.36453581133585,0.3589683253063245,3.474813388965221
517.068758,222,201.75299,222.0,252.72966561768038,83.16621552963319,80.6846767866309,-16.750576342344285,-57.16838046908377,-16.77872475706262,-21.548840790547356,-9.26527727485751,0.3873974621941823,1.7200447321421697
478.599391,193,202.230129,193.0,256.6562000542026,74.29025919347939,71.6008738408808,-14.976542334556575,-54.268690586090074,-22.55478781658018,-17.55005309330218,-7.5978682586647714,0.509911047568179,1.9682566436131705
1492.198618,611,203.364081,611.0,752.1562172003992,231.81516798012544,231.11388109957844,-48.949457283020045,-168.2387562215328,-40.104949572582484,-51.733933517723656,-24.8595512461664,0.14961332471780406,1.8282748280515657
2517.785736,1000,205.314881,1000.0,1295.088356762915,388.6072096931692,387.4565906848028,-75.56535238742818,-277.374406862259,-69.10753956175519,-86.05665199013566,-45.26247000386384,0.09253647858185271,1.8507295716370542
2579.262037,1000,207.300054,1000.0,1370.982720009838,387.4202333874254,383.620748907347,-77.03457916021334,-276.9654203116894,-77.2842625590209,-86.73285431152132,-44.74454881546815,-0.05706258190547072,-1.1412516381094144
2553.264087,1000,209.241466,1000.0,1328.9032985418723,388.37440837651815,385.9240421631229,-75.97280600667001,-275.7714695513248,-72.91416048780063,-81.49967310091843,-43.779553273671866,-0.3110860508497984,-6.221721016995968
2561.720394,1000,211.149582,1000.0,1349.3484469486482,384.17965353742596,382.6007099504812,-76.7579816293717,-277.714927521348,-73.77454283902723,-80.0310501481405,-46.12991462591224,0.03471268689439554,0.6942537378879109
2557.453782,1000,213.07922,1000.0,1341.5784281260374,387.8743809844522,385.09059397653596,-75.92807539224619,-276.23674133718004,-73.62582082358675,-86.488571528902,-44.810412226981825,-0.074806365054222,-1.49612730108444
2628.509673,1000,215.015424,1000.0,1419.953726627357,389.21144531986624,384.47083093756896,-76.23136377692215,-271.6109616458417,-83.88450711257559,-86.93980627947951,-46.459690883252584,0.11078564490261048,2.2157128980522094
2592.220055,1000,216.918632,1000.0,1376.5281691314708,389.0059709989601,383.9708845657459,-75.7185763788222,-276.26786148250113,-79.02402260962887,-83.15909398296031,-43.11541479977692,0.0834359207446553,1.668718414893106
2623.663282,1000,218.871753,1000.0,1396.218623262374,389.1534837812916,385.4820198864381,-75.7414022350312,-269.08877457976365,-80.86577199101029,-76.67354201464828,-44.82135390615262,0.040641630803831826,0.8128326160766365
2621.406521,1000,224.620193,1000.0,1389.7054700706592,388.0311916102286,384.56460970477053,-74.5726909935474,-266.0054348021746,-79.6451949165868,-77.40673660359136,-43.26469277642897,-0.21413933577194993,-4.2827867154389985
2636.069582,993,226.541454,993.0,1431.1578238259572,385.18094247228584,381.4866959413338,-75.8134709501266,-261.9514845967296,-88.98724731467023,-82.67120375464661,-45.332474101527,0.11618580247112299,2.3074500370765025
2627.178571,1000,228.601119,1000.0,1419.060307335874,386.5634225588293,385.4153982794316,-76.76559216976163,-274.8122379094359,-82.48494528639166,-85.9290437105101,-43.86873849270179,-0.08283904648739641,-1.6567809297479283
2689.322187,1000,230.571387,1000.0,1459.9305358703439,389.21805936882106,387.25991158770483,-75.57670292258273,-262.65506446659555,-88.2175179585047,-75.50383946675562,-45.13319456878973,0.02208180414145375,0.441636082829075
2662.894188,1000,232.540878,1000.0,1443.7957551906627,389.6366601901745,383.2980775078917,-76.51629476070408,-268.9067699879409,-85.51513560205463,-77.6287240312204,-45.269380101887194,-0.264353603927571,-5.28707207855142
2702.350024,1000,234.796822,1000.0,1489.2927917164327,388.9971148454747,383.23877520792934,-77.7739510273932,-267.86542941927894,-91.00238168853429,-77.3529229054768,-45.18397261407382,-0.07621008099103045,-1.524201619820609
2673.219287,1000,236.851813,1000.0,1459.6402832365134,389.46241004430516,381.2493455417601,-77.28820070743562,-271.384329494834,-87.69791610289404,-77.78304331652546,-42.97926212251242,-0.2882988391114332,-5.765976782228664
2735.355315,1000,238.847611,1000.0,1531.6865514442502,389.29986539370435,385.00584412663005,-78.03656076192863,-268.83508474230774,-96.80097234544259,-79.21543577350326,-47.748892526709454,-0.17719734800995973,-3.5439469601991944
2776.41709,1000,240.908184,1000.0,1573.9065675625577,389.86183893889796,385.01336557081663,-78.00166893482212,-271.52778219282584,-101.52249558304466,-75.99242777023865,-45.32030801977445,0.022691957087559493,0.4538391417511899
2791.429613,1000,243.078022,1000.0,1576.236132404524,389.1733079045939,383.2687846251285,-77.59418870568275,-256.53593044280996,-102.37014218638694,-74.38965902818568,-46.35869123119068,-0.3553967547428746,-7.107935094857491
2828.146042,1000,245.09125,1000.0,1629.9877070678617,390.23680152584706,382.8655539241266,-78.67599447965634,-267.837609678507,-109.81251234174469,-71.44464025059925,-47.17326406483734,0.07618632520807192,1.5237265041614385
1720.913561,659,246.264409,659.0,936.7123915674808,255.53974028075893,253.7274881661278,-52.49783314228061,-172.44058478772632,-69.96848583799303,-59.216519983348945,-29.942635303101166,0.4473768611157262,5.896427029505271
2852.635676,1000,248.25058,1000.0,1660.7132421414046,387.7841722020177,382.4895567111136,-79.09769563078886,-262.2300667285921,-114.77124565342301,-75.86396939189822,-46.388317931325396,0.33293433998684874,6.658686799736975
2872.071023,1000,250.376265,1000.0,1674.605007957151,386.62271932105216,384.7788001953155,-78.96537176966663,-261.3703061908483,-115.54559564118149,-71.026747357587,-47.02748354726065,0.02529648573626897,0.5059297147253794
1761.440861,611,251.727384,611.0,1060.3988319628897,234.58462707513382,231.5591340927341,-49.60439248085029,-156.31294439435004,-86.06865893164353,-54.07502175249475,-30.040714721778105,-0.2759763510854138,-3.3724310102637567
1847.746834,652,253.046963,652.0,1084.9662610816022,251.83257413966686,246.98706215301496,-52.428545219898226,-171.75819602012632,-82.05041084245052,-51.06458517733628,-30.73732577987226,0.4182557014823247,5.454054347329515
2821.354615,1000,254.996833,1000.0,1613.770637037282,389.30218274842235,384.2867112437353,-78.5606566417217,-260.6140685081485,-106.59327586377178,-74.60207848300686,-45.63483686124805,-0.1940808770410793,-3.8816175408215856
1158.630375,402,255.749375,402.0,706.0480886135629,154.33096592132927,152.1899861128029,-32.371137619018555,-101.9066827982664,-67.48602042022323,-35.15939102277259,-19.015433885738858,0.7408822320665512,5.9566931458150725
471.176062,163,256.056531,163.0,293.39749228242295,61.94749272222725,59.569974196097,-13.811169492006307,-41.57403416037558,-32.193738309497746,-11.373278116931221,-7.786676944482913,0.7750264718732051,2.5265862983066487
2915.228657,1000,258.200871,1000.0,1716.388200971326,387.984349038268,388.91127520092095,-79.64525861382478,-258.3715034574271,-120.95839887612006,-71.03565342791808,-48.04435370362124,-0.22475362323899306,-4.495072464779861
2933.656437,1000,260.320756,1000.0,1749.2014792723685,390.0130760159815,388.12799230064365,-78.85810674548146,-260.3500933229925,-125.64016724895833,-79.15802066717876,-49.67972220214519,-0.14969308545091595,-2.993861709018319
2913.969923,1000,262.285573,1000.0,1713.265532488202,389.4199779423601,386.07877825528095,-79.4679844164849,-255.3266198784113,-120.99940449160806,-71.8302037968549,-47.170152893417736,-0.13242598335265077,-2.6485196670530153
2910.107111,1000,264.278459,1000.0,1718.5083658193294,389.3435731462828,385.1565996755578,-79.72034378290171,-257.0931701421735,-121.9863065918749,-75.69260455225137,-48.40900270681407,0.604823952103132,12.09647904206264
2976.112617,1000,270.123719,1000.0,1774.4064424745998,388.46708480761333,387.08483709749504,-80.27934675335894,-248.5681167036291,-128.40214116174573,-68.60124137279966,-47.99490167407828,0.3278629915034531,6.557259830069062
2969.627327,1000,272.046885,1000.0,1771.4502617000512,389.7355245405577,388.7618019822751,-78.1654099035264,-248.3796532124281,-129.3891295666214,-76.4610880164347,-47.924980602208464,-0.1225167105681382,-2.450334211362764
3009.475037,1000,274.014604,1000.0,1804.0454019450362,388.9166083523118,388.7009168736812,-79.79403886437416,-242.64737195372567,-134.1208172701999,-67.76433848722606,-47.861323201912015,-0.042950742380108355,-0.8590148476021671
3029.514002,1000,275.951354,1000.0,1829.9572138074952,388.84774601717,388.89186524667,-79.71374409437168,-243.47472202777882,-137.7712494415344,-68.31631409394636,-48.90679386691135,-0.11957995321544487,-2.3915990643088976
639.616978,262,276.429854,262.0,332.14502622750433,100.0987451552462,100.18266898890992,-22.281982400417338,-62.90070155858993,-30.529133198151293,-27.06057806493706,-12.037067287228826,0.5204175193267044,2.7269878012719313
3038.554037,1000,278.372707,1000.0,1852.7026554479855,389.4948833007768,389.2090178452201,-80.86436022400865,-251.323755884171,-141.38366688876252,-71.5131367083972,-47.76760008902674,-0.06862656250877866,-1.372531250175573
580.122388,206,278.77361,206.0,361.81572730351286,78.816526336954,73.5459239825579,-17.553190367221838,-51.046848618984214,-38.086796542179776,-24.225546279557772,-9.14340763041796,0.7271003842339856,2.9956535830440205
3042.506235,1000,280.640776,1000.0,1862.7316433691412,389.27166510969323,386.95942269031866,-80.88292918324476,-248.77466303110137,-141.81198124597404,-75.1796455568208,-49.80727723198581,-0.04577708327099662,-0.9155416654199323
3138.201482,1000,282.518492,1000.0,1969.5360727052164,389.9699674287992,387.139670385876,-81.78132874250412,-244.80225799977782,-161.62292831865918,-69.61888188554727,-50.618831238078,-0.10155394585234483,-2.0310789170468966
3105.672813,1000,284.359863,1000.0,1929.799218316547,391.0560975831211,388.8507240915193,-80.83109272956844,-241.68255656361583,-153.3295695108982,-77.45780920736253,-50.73219880912305,-0.27803579418825136,-5.5607158837650275
3129.920048,1000,286.302685,1000.0,1952.6108479417737,388.7682637357537,385.1506314135456,-81.68008236289036,-241.90604352951053,-157.15064731954558,-65.4656582193646,-50.40726377725088,0.15792909515088957,3.1585819030177915
3172.41074,1000,288.177209,1000.0,1999.4087280080298,389.78846685296077,389.23862929535034,-80.00823390126226,-243.0516067951918,-166.57964628851366,-66.54338664078742,-49.84221014163118,-0.15921587222321715,-3.184317444464343
3152.432922,1000,290.055506,1000.0,1970.0426468837597,389.9906240835229,389.6051777656598,-80.23396514654162,-240.11242114603516,-160.03884052522852,-67.64761946983478,-49.17268043243812,0.3643115815607628,7.286231631215256
3121.074,1000,291.951695,1000.0,1946.8973916631105,386.9619385685894,389.47082888358165,-82.26656566262241,-242.5615477353336,-156.49934673732358,-71.30863958726317,-49.6200592187973,-0.38416472698771825,-7.683294539754365
3182.932796,1000,293.905425,1000.0,2004.3811919009877,388.9782766524079,391.24018551673635,-80.47321587920176,-237.79636685550224,-165.06548217582855,-67.60188312825663,-50.729910214266376,-0.20295843145748288,-4.059168629149657
3155.998656,1000,295.927676,1000.0,1983.2095480221587,389.0255334609554,389.280965954771,-80.75258013129235,-242.14603399634376,-163.17840034511036,-70.00221313247893,-49.438163907841265,-0.31126549126904685,-6.225309825380937
125.028898,109,296.145625,109.0,-7.430605955050854,39.2188245456199,41.234323685455855,-10.98871567249298,-22.539073923230163,-3.2812530121562458,-16.640044287098117,-3.5445576250150457,-0.08228101534520797,-0.1793726134525534
3206.360771,1000,298.252036,1000.0,2040.9043653742044,387.9711491306313,387.3571172891947,-83.28144052505498,-234.8067929953336,-173.20696641516335,-66.49690258748251,-52.079758535180126,-0.189021892366556,-3.78043784733112
3216.229751,1000,300.345977,1000.0,2049.8507860054415,387.9205937472186,392.4093232491088,-82.23234781503675,-236.5005412131548,-175.48967350703234,-68.30701737627767,-51.42137251891098,0.13288969164292558,2.657793832858512
1975.716057,616,301.565699,616.0,1281.6797950455577,235.47686693947136,232.40481509376792,-51.1023357248306,-141.62710876762878,-119.03847294182461,-46.74959982932145,-31.327902953623244,0.8360355360802006,10.299957804508072
3240.512256,1000,303.452187,1000.0,2081.347357335533,390.2998677303737,389.29588039040675,-82.48660073518755,-240.25172070860864,-180.43774210065754,-66.4281042166992,-50.82668152689212,0.007664923582088197,0.15329847164176394
3263.326799,1000,305.357552,1000.0,2093.1824556112538,389.89183313332757,390.4030892478047,-81.04294608116153,-238.2104350596666,-182.13306644928772,-59.64965521537021,-49.11447599539022,0.08730478716609485,1.746095743321897
3219.712474,1000,307.282045,1000.0,2044.3298132702732,389.9316724770701,393.8390164624272,-80.74428550243398,-234.4855848968028,-173.3000188019796,-69.54985527219802,-50.30828351712001,0.7619710921745326,15.239421843490652
3287.345365,1000,309.232738,1000.0,2146.9153725197257,389.35366754747815,388.71584496580124,-82.58892668843279,-234.87380742728712,-195.33128612281055,-72.15397353138444,-52.6915259121974,-0.013676084535889777,-0.27352169071779553
3335.762336,1000,315.011475,1000.0,2194.155147645376,388.9975039161445,391.9352602682341,-81.9501089501381,-233.29731208682045,-208.86784951678646,-63.189841202448456,-52.02046382578063,0.06497943000458403,1.2995886000916805
382.696923,126,315.244859,126.0,253.0908017555447,48.60375221922078,44.89196871889369,-10.84306309938431,-28.301020225882528,-36.87049303427776,-8.102356986764274,-5.772666082231505,0.9374012952419518,2.3622512640097186
3301.556959,1000,317.195557,1000.0,2154.3503201227263,390.47261108427864,392.0000712909613,-82.32325605511669,-236.71602702140825,-195.75379284538758,-69.21860770378223,-51.254359834604244,0.38805820830876914,7.761164166175383
3317.698811,1000,319.132816,1000.0,2170.4764591788244,391.0629518884294,391.13388385014383,-81.83082639575014,-239.55594542771559,-199.55834103126764,-63.803860730433094,-50.22551042821314,-0.004608989080471649,-0.09217978160943298
3345.85858,1000,321.078721,1000.0,2211.5774054647036,390.7445591408178,391.85001838786553,-82.81513355016708,-233.23899831771868,-213.423852825563,-66.53748677178226,-52.297931552924894,-0.2273187008731293,-4.546374017462586
2265.620804,679,322.311844,679.0,1494.6447857013839,262.645674080385,263.5402122210088,-56.78578354835509,-151.57572593688985,-149.53444894514394,-41.28689153500275,-35.02701769566001,0.540280763110913,7.337012763046198
3136.637959,937,324.106871,937.0,2079.4226438975156,365.0697731760938,365.09413191149406,-77.0388504910469,-215.61873349547392,-203.43403629729968,-66.24230368185451,-47.614666276019584,0.37986942234800886,7.118752974801686
3364.550237,1000,326.001896,1000.0,2223.0831373137885,389.96219453573843,387.2860895955831,-83.16252398014082,-227.03857019841675,-214.41191886565093,-59.60062388432948,-51.56754741354809,0.5352481347171155,10.70496269434231
3361.110442,1000,327.99113,1000.0,2227.9159637116236,389.73543470245056,389.98799698995987,-83.19406976461416,-232.6694115281103,-214.67612721544822,-63.817811462710885,-52.17153315343599,0.4872465992279178,9.744931984558356
3404.135568,1000,329.919931,1000.0,2265.8823818633246,388.4977492612225,389.5927323932252,-83.24911272644992,-226.9447110772133,-221.9364533411722,-56.39430658599142,-51.31271227319459,-0.27528126829901894,-5.505625365980379
3396.546674,1000,331.829318,1000.0,2255.0612976852412,390.9994523148851,392.3874048188305,-82.58825751662253,-227.08391937017436,-221.09594744987157,-60.28784814649669,-50.84550849251674,0.341678133893088,6.83356267786176
3403.648625,1000,333.722142,1000.0,2254.9579003982717,389.991292789963,391.3157119102038,-81.53395169734944,-220.084561049938,-217.53394567190557,-61.70228196977466,-51.761539653742105,0.04535750042494933,0.9071500084989865
3405.176441,1000,335.6832,1000.0,2278.8259696925384,388.7653247803416,391.46667520959534,-84.63110008955003,-222.53419803678972,-229.20028539313586,-62.82699969508746,-54.688945189561764,0.8871451073380789,17.74290214676158
3418.270303,1000,337.652508,1000.0,2300.2995068929818,389.61116817757795,391.3550020193486,-83.57815619945525,-225.72403947114967,-237.01323347700716,-64.2718074159696,-52.40813723906445,0.01954566734591057,0.3909133469182114
3417.542951,1000,339.643802,1000.0,2296.1484388651097,389.2975474528944,392.73126564333904,-84.87163460731526,-233.4218982636928,-232.3623881568621,-59.429913676328205,-50.548465930806,0.08193883799582606,1.6387767599165213
3422.897254,1000,341.590661,1000.0,2295.36548279005,391.51733900632377,393.0711385661902,-84.68949376463891,-226.0468622446061,-230.90687057878563,-62.688984283408274,-52.724495044220504,0.9177334552174343,18.354669104348687
3455.307056,1000,343.542819,1000.0,2330.863798046342,390.91825091029517,394.2549417771211,-83.19014694690696,-216.81818627417067,-244.79404371319364,-60.97788557256394,-54.94967173573891,0.7753197824593314,15.50639564918663
3431.906644,1000,345.489421,1000.0,2306.908507221964,389.87555416818145,390.3493123803606,-85.94255019664752,-221.32443807423124,-235.48341934053357,-59.6520465562367,-52.8242757278315,-0.1875709021971024,-3.751418043942048
3450.021474,1000,347.39358,1000.0,2343.095853888616,390.6831594675713,390.92274045062976,-84.6851929354668,-223.10129979252835,-253.15240317924474,-59.495542379827526,-54.245841520376906,-0.09360345379572918,-1.8720690759145835
3436.395195,1000,349.303907,1000.0,2310.259262549271,389.7875313330604,392.4791762363422,-85.68703268527996,-221.94112733602518,-234.99381957613767,-60.01453988884552,-53.494256068577265,0.7252584335254616,14.505168670509232
3434.988899,1000,351.1634,1000.0,2303.5104715306793,391.1086371936512,391.7637324837512,-83.16649849891668,-215.20202206969245,-239.08298422268385,-59.426674406647244,-54.515762620416105,0.6022772368033041,12.045544736066082
1387.028844,413,351.899335,413.0,932.0172569132684,159.25269686290335,159.6393621607939,-34.89557776927945,-90.79164656698704,-103.72998960129134,-26.99384694884502,-20.469411365672595,0.9466426693391498,7.819268448741377
3461.093424,1000,357.561716,1000.0,2347.9066307077564,390.6228792423149,393.1947771514557,-85.37087717294682,-223.13050085455157,-249.3473532174717,-58.093423437914865,-54.68870867294025,0.9097733379130448,18.195466758260896
3459.618323,1000,359.457447,1000.0,2350.781464613618,389.97548877455097,392.3808235265595,-85.41717774152765,-220.5346019238234,-252.32847488828736,-59.66514169688925,-55.574057261970616,0.06070668373848766,1.214133674769753
3451.600364,1000,361.361907,1000.0,2325.182883115453,391.09464351169595,394.4240246006272,-84.00522805452353,-219.06878623962427,-242.96037875205732,-60.952031895958314,-52.1147625370378,0.8393314410332101,16.786628820664202
3476.395231,1000,363.246209,1000.0,2368.2373303429413,391.11483525270273,395.96639385620114,-83.71443640232091,-220.39410139024272,-257.2198392889845,-64.55292818167331,-53.04202302802738,0.8516863821200769,17.033727642401537
3491.344649,1000,365.237049,1000.0,2396.1505128141507,390.6929352882593,392.996108236327,-85.23399055838581,-216.5948718905451,-276.02956083739025,-56.08194156852194,-54.55454230562005,0.40110130850200704,8.02202617004014
3485.027554,1000,367.240222,1000.0,2381.7636720632004,391.3297870358397,395.30738904412124,-83.31153724431991,-220.20067077279109,-266.48895661974154,-58.36643454907204,-55.005695264244665,0.9764759383108288,19.529518766216576
3483.269618,1000,369.130632,1000.0,2373.5582335784366,393.0338149012696,395.82353071120724,-84.18149658679957,-222.62142463624463,-264.35373681386824,-55.38953487338159,-52.599768687595535,0.944384218184448,18.887684363688958
3480.330821,1000,371.030904,1000.0,2380.6799432807957,390.7242974467852,394.0308916782128,-84.6208533740044,-217.33098258376126,-270.2698926533245,-59.91749131851575,-52.965091402539535,0.566232946987125,11.3246589397425
3477.756149,1000,372.973703,1000.0,2377.155813127801,390.5501928099709,393.45278144929915,-84.38496033430103,-222.05188635885747,-267.1258745609349,-57.20398879015453,-52.635928091948,0.8459544064966105,16.91908812993221
3473.568619,1000,374.892193,1000.0,2366.2966625419654,390.79285005608267,394.24710692501,-84.49704980730988,-220.676513040066,-260.74511246995786,-58.694659677538546,-53.15466558873161,0.5220670207905046,10.441340415810092
3481.824703,1000,376.806736,1000.0,2367.9677643564787,390.5286448219143,395.05787057173677,-84.1792329740526,-217.50437573790543,-262.51253791979275,-56.14307220102801,-51.39035794624159,0.36654755321914295,7.330951064382859
3483.994774,1000,378.780442,1000.0,2367.512645426105,391.7408252868655,394.044745681297,-83.40579296827325,-216.62079720646125,-260.86591674774013,-56.262228198070346,-52.148707304739474,0.730451671598114,14.60903343196228
3517.756327,1000,380.69959,1000.0,2406.45021585706,389.36719531263793,393.58375318826376,-84.07044608116145,-207.97904008924968,-273.2341651343105,-52.61176288601938,-53.749422708255665,0.9403552904508127,18.807105809016253
3515.472175,1000,382.630084,1000.0,2419.8289647707948,390.5739889431182,393.9376716620171,-85.3055598783491,-210.51729780361055,-283.4762425739806,-55.95927857000575,-53.61007172231701,0.8161552834699076,16.323105669398153
3487.143567,1000,384.53505,1000.0,2384.6559183242402,390.7466429272105,393.75502096766036,-83.30242519974725,-217.79195149242895,-271.46555544129893,-56.13262770517104,-53.32145506174021,0.34144682914103036,6.8289365828206074
3503.260118,1000,386.355393,1000.0,2386.969862300499,389.73247379853234,394.0563475723927,-83.62019150972364,-215.1245338395238,-264.0916182566111,-51.02311538881067,-53.63910660751685,0.7673185008439367,15.346370016878733
3525.246965,1000,388.24404,1000.0,2416.2023259104576,390.6411060904601,395.56041296397973,-81.89439547896383,-216.86399698406476,-275.62735156606317,-49.98108340707268,-52.790052494578596,0.6062142032909172,12.124284065818346
3499.626622,1000,390.117103,1000.0,2370.1708938205093,390.6769883869627,393.9959681415439,-82.0413815283777,-213.54445203244686,-255.7662546327623,-50.5038642504912,-53.361276179409366,0.4678274447604281,9.356548895208562
3516.172103,1000,392.001589,1000.0,2409.1148959393677,390.79570267695965,395.3565133787582,-81.79342496275909,-205.35123091042018,-286.2721554062866,-51.87269193505223,-53.80550614463125,0.5195932417510278,10.391864835020558
3514.652309,1000,393.905765,1000.0,2398.688008802814,392.07631066512266,396.21341775886145,-82.99726667165754,-214.38150285482442,-271.17104799622683,-51.16980367813492,-52.60580752555354,0.9764004529789091,19.52800905957818
3524.590294,1000,395.785742,1000.0,2408.07633514628,391.4773161552635,394.7091798696305,-82.7140644013882,-206.741028341651,-277.4240570162577,-49.09758553472318,-53.695802210950916,0.5275287529701858,10.550575059403716
1190.006513,350,396.405412,350.0,815.2768662893578,135.6477843735733,135.21194978262736,-29.34021100521087,-74.87239326834681,-100.81542401102452,-22.778657403700542,-18.32340143845875,0.9743827798285818,6.820679458800073
3527.365955,1000,402.133755,1000.0,2412.186826321728,390.0965970945072,394.99713376054694,-82.26606770753858,-207.9286604255439,-280.01742272956454,-47.49024456568764,-52.21220698947834,0.8236053453216717,16.472106906433435
3508.79205,1000,404.046637,1000.0,2392.292324205884,390.8377387601584,394.14807887254915,-82.07885920524588,-213.96311984658234,-267.59822428546005,-52.54978864125233,-52.296099615097944,0.8384828437541513,16.769656875083026
3533.16432,1000,405.971108,1000.0,2413.0248563087625,391.27644864573426,396.8250744048271,-81.51447386503219,-205.52501849532104,-284.08078633976027,-44.29249997144018,-52.54928063746667,0.9628227956135016,19.25645591227003
3516.356736,1000,407.895446,1000.0,2411.636270854034,392.01299955836697,395.27804665143714,-82.98259120464324,-211.53455272912953,-284.16414563670264,-51.277209247428495,-52.612082254972904,1.0010894519626523,20.021789039253047
3535.0974,1000,409.808551,1000.0,2424.3495865231175,391.6501796449116,396.85985408260467,-82.55918618202212,-202.39661813527346,-293.63805258961486,-46.119230134361054,-53.0491333682248,1.0337694908095414,20.67538981619083
724.165554,218,410.203189,218.0,484.72913903154944,84.6056565077046,82.0760733200881,-18.26875598192214,-47.14610404670239,-56.920807177711055,-12.309685449468578,-10.599961926059734,0.9462119456983648,4.125484083244871
3522.176945,1000,412.132323,1000.0,2400.6937554501114,391.2439316856238,396.198730047669,-81.32312219381322,-204.07891652286068,-275.4005865870491,-52.48379030759667,-52.673056673111944,0.9836060461994667,19.672120923989333
3528.380194,1000,414.103769,1000.0,2420.778063794315,391.63256949977915,396.31950182624644,-81.08327249646183,-199.71486465036858,-294.18641562026477,-50.85312350595269,-54.51226439117379,0.6031558346196818,12.063116692393637
3523.001897,1000,416.063037,1000.0,2398.833565717538,391.6321951078257,395.91772036239746,-81.2267610120774,-204.53767240643518,-270.6203345682955,-54.69968793718248,-52.297128390346266,0.9510466016721193,19.020932033442385
3531.144074,1000,418.024428,1000.0,2419.80774855721,390.0436031334835,396.3122294563452,-81.2575295972824,-202.6717950463294,-289.54873094839843,-48.486635908108205,-53.05481566181069,0.8195131590533731,16.39026318106746
3535.011992,1000,419.916665,1000.0,2424.743609514256,390.25438286821634,395.12540583371214,-82.22841959595677,-205.95354284644128,-284.1725541195696,-46.93322152854823,-55.82366827976201,1.0625140470980317,21.250280941960632
3534.492927,1000,421.79555,1000.0,2414.4358214287367,391.77157441874465,395.50251903374317,-81.24920181036002,-202.008847928047,-284.14063235238575,-45.51831972783301,-54.29998582969004,1.0493666081253665,20.987332162507332
3537.685101,1000,423.615325,1000.0,2420.959460807283,392.4222616864594,396.18956252684,-81.57916520595533,-201.36357336938406,-287.0981829719011,-46.30994673052369,-55.53531577325897,0.7660812548896835,15.32162509779367
3530.8136,1000,425.496759,1000.0,2423.1623942894303,390.79511149845155,394.6026240267424,-82.74665982246384,-199.75641845166695,-291.3597433521926,-50.218410059683066,-53.6652982762947,0.9370206678625556,18.74041335725111
3530.479177,1000,427.356178,1000.0,2431.399910446597,391.4563535944548,396.715305650318,-80.41909795284273,-200.88752610683437,-297.874924556036,-56.30106430134132,-53.60977971569634,0.730557537446058,14.61115074892116
3535.751134,1000,429.205718,1000.0,2409.0842856440318,392.2539324003593,396.3097024329591,-81.74184665918342,-198.751387488842,-280.8267291859321,-46.82460080317401,-53.75222198778563,0.6310511025038411,12.621022050076823
3538.138238,1000,431.128296,1000.0,2416.9439522731777,392.24765885731983,397.0783559330929,-81.63817069053658,-196.29378831982615,-288.7143239557128,-46.54813224572385,-54.93731338598355,-0.04742918175259113,-0.9485836350518226
3531.385829,1000,433.018375,1000.0,2425.1583325024103,391.63443503392523,396.2811343435017,-82.12120558857914,-196.68658680915814,-295.16151719445287,-52.57253642409315,-55.14622665677616,0.9920443935142963,19.840887870285925
3534.092626,1000,434.919303,1000.0,2417.0219444232134,391.14176337622877,394.1573824195947,-81.7386216521263,-198.39213479459247,-283.87170503978194,-50.0862290253386,-54.13977336445816,1.0048263186519042,20.096526373038085
3540.506602,1000,436.798774,1000.0,2414.605372920974,390.4862707860521,395.63694693170413,-80.51653524994848,-198.10706086754803,-283.36036047359886,-45.17182185915314,-53.066210608181706,0.43901906416354713,8.780381283270943
3530.441043,1000,438.655266,1000.0,2408.2767919846788,391.10830214744783,394.52419686623,-82.45935923337932,-195.29523915350424,-281.4285477151005,-51.45714166753491,-52.827960606146334,0.9395728163214209,18.791456326428417
3545.672732,1000,444.280541,1000.0,2415.1402165349646,390.7131751495814,394.7711800005898,-80.34622195959095,-192.22605156004434,-282.5291372707179,-46.312531573943176,-53.53789756449456,1.0306637857407384,20.613275714814765
3538.433543,1000,446.144898,1000.0,2419.233449358457,389.82762508798476,396.2720091885362,-81.58908860206617,-197.05841120779513,-286.4746884144155,-48.694721123759756,-53.08263177648531,1.0022531054230481,20.04506210846096
3559.106243,1000,448.055552,1000.0,2431.6643818350826,391.166415429095,396.45217475984276,-80.1553063464164,-191.41783453524093,-289.6754236442791,-45.948582357247076,-52.97958201162817,0.863771684740251,17.27543369480502
3542.893746,1000,449.923052,1000.0,2410.646885805837,388.9880602951714,393.9622232701052,-81.26179699659345,-195.63513245880594,-273.32844566673384,-47.038096029342555,-53.439951755931126,0.6636750244340698,13.273500488681396
3536.17869,1000,451.789047,1000.0,2403.5299668151124,392.07141355405764,395.56677964590426,-80.05192207336431,-192.85383302271373,-282.5375959413077,-46.52765018649204,-53.01846871799536,0.8434040464026822,16.868080928053644
3540.036272,1000,453.729116,1000.0,2410.1320992576234,390.93921591661876,395.0221372359877,-80.90147606134416,-193.82704892158515,-280.8995520841433,-48.20077752832636,-52.22832584023808,1.0236835950713679,20.473671901427355
3551.136025,1000,455.680981,1000.0,2422.6212115932913,391.92723121644,395.68132053904185,-79.4384348452092,-190.05599442720407,-292.17116332878487,-44.289746781718385,-53.13839859921889,0.8578627246975801,17.1572544939516
3536.747638,1000,457.579258,1000.0,2399.8724847824005,390.93660033259215,395.6110919652862,-80.562049639225,-192.04584923088566,-279.06451406710613,-44.67478061151481,-53.32534507571607,1.011642893434384,20.23285786868768
3538.856688,1000,459.467904,1000.0,2393.1173986519716,389.7562051191329,395.93956542700244,-80.63736742496494,-182.6203636080027,-279.4078870575418,-43.67331797403818,-53.6175454754551,0.7474698041754151,14.9493960835083
3558.223409,1000,461.32444,1000.0,2433.767061651814,389.66036281905934,395.31066603893584,-80.23293928742409,-184.5745895028111,-292.25617982333176,-47.52436417360833,-55.926608843348696,1.0014659896403075,20.02931979280615
3548.169289,1000,463.184149,1000.0,2424.414538850083,389.5923127480412,394.5434719689084,-80.8014737951756,-188.3998785972595,-291.7369024780383,-44.699166014202724,-54.74361338109235,1.0461190119404586,20.922380238809172
3556.697836,1000,465.071438,1000.0,2433.5741785383343,390.13377193752103,397.0882836532433,-79.18001788735391,-183.92794614732261,-300.49361613256923,-46.14620979249465,-54.35060799236983,1.0399249819258913,20.798499638517825
3570.131265,1000,467.04286,1000.0,2430.2348684381654,392.8242531301422,397.71465254088855,-78.42194852352155,-183.74125318974254,-293.53520534181274,-41.283935690727006,-53.66016615656109,0.39795789292568623,7.959157858513724
3575.867838,1000,468.975887,1000.0,2424.258286015458,391.58658892027154,396.4342999828942,-78.71828598260868,-180.70689691603198,-282.4656007213694,-40.423428854845,-54.09712394700129,0.8725419687562216,17.45083937512443
3567.286053,1000,470.872319,1000.0,2424.831321566034,390.5962142201063,396.34858427841164,-77.80917833805094,-182.39226981699446,-290.06274227179256,-40.91279380481291,-53.31308272610469,0.7723118430965075,15.44623686193015
3557.405625,1000,472.760688,1000.0,2413.2543295466858,390.7968444033747,396.09708550711815,-78.53793110370633,-187.36527560055234,-279.9899481056972,-43.32827629910524,-53.521203511729674,0.7668582458935795,15.33716491787159
3558.341337,1000,474.651781,1000.0,2420.061088352034,391.96879919331667,395.96530278342425,-79.8190238249302,-180.17254882007833,-294.67997268819954,-40.722174623628824,-54.26013334228347,0.9329636455635054,18.659272911270108
3568.945974,1000,476.54861,1000.0,2433.244589663794,391.8212814604156,395.6405285941188,-78.5368624711036,-179.7850216835737,-294.2753248364763,-46.55557129636505,-52.60764530824773,1.023395197898686,20.467903957973718
3571.66822,1000,478.415971,1000.0,2415.645400019667,390.7878481483061,395.89052643554015,-80.62782455682748,-174.6029204368592,-281.30635272426815,-40.714424143108445,-53.40403290878199,0.4207430392376774,8.414860784753548
3573.194843,1000,480.302311,1000.0,2428.0959898699307,391.55234012611135,395.65174666343876,-77.96683846235265,-175.01614687144735,-292.4995239721522,-43.02479353432556,-53.597930905598346,0.5762292154763912,11.524584309527823
3569.880208,1000,482.064458,1000.0,2437.589992713644,392.4498227658627,396.58307397878474,-78.55433197498324,-179.30985452830748,-299.4444741108983,-45.89539595590928,-53.538625038616615,0.7683961248378944,15.367922496757888
3574.778059,1000,487.673193,1000.0,2426.3644758929267,391.6387183592076,393.9583701317196,-77.87315167903897,-176.83783332258454,-284.46165637561774,-45.357251433667884,-52.65361286100795,1.0118701175509979,20.23740235101996
3566.878232,1000,489.573494,1000.0,2423.943506712931,392.3204686486389,397.32088700933065,-77.95932945609091,-176.25156812816837,-293.76620884708393,-45.330280496711055,-53.39924341932465,0.9605240920758558,19.210481841517115
3575.936621,1000,491.493872,1000.0,2435.64466654141,391.0586450868177,396.5778518316537,-78.33893450379375,-175.70356059968475,-298.09196237107733,-42.61128900803162,-52.59879618437088,0.796550527521475,15.931010550429502
3600.920411,1000,493.365411,1000.0,2447.4431896397873,392.3313808689163,397.08862281029207,-76.24537053585055,-170.16950055956815,-298.26338232671213,-40.80225672892728,-50.462271770969004,0.5694548180165401,11.389096360330802
3586.032526,1000,495.248776,1000.0,2442.5641538159443,392.15334776979387,398.00030727688846,-77.7789619731903,-170.13021175563333,-308.2872910823733,-37.6243187286888,-52.86449911322324,0.8160467298319383,16.320934596638764
3577.478359,1000,497.141183,1000.0,2425.9842808450326,392.2687502042721,396.6092094090053,-77.89544361472132,-173.69460676312437,-289.2201701755848,-44.5223000720245,-52.05136110032403,0.5777604748093822,11.555209496187643
3594.989277,1000,499.03666,1000.0,2444.0795185690145,392.1590338854958,396.1132024977221,-76.8858954703807,-169.4322875961662,-299.47818233701173,-39.73794949700776,-51.828162593264025,1.0502954012910213,21.005908025820425
3580.853795,1000,500.911119,1000.0,2442.681194415915,391.6505500206149,395.33506423396085,-78.14032210588451,-176.37814108729384,-303.9059881303171,-37.5881276612905,-52.800434307167215,0.761925175453383,15.23850350906766
3575.178622,1000,502.796033,1000.0,2421.4178434076375,392.01243954761725,396.34765869348854,-76.67148978233335,-171.01219640672218,-290.4358868578168,-43.80713658007403,-52.67261002187566,0.3288570170205875,6.57714034041175
3505.725757,981,504.622567,981.0,2384.292888340813,384.2305489112828,383.8910987925558,-76.54958613872529,-158.0620382845402,-300.0660186827396,-42.74649390291778,-50.264641942261186,0.3670840123963036,7.202188323215477
3579.024545,1000,506.491401,1000.0,2435.5830987429,392.4477944167024,395.3074617694316,-78.04416314601899,-167.76696015745398,-302.9507414649992,-43.08157724218538,-52.47036766397305,0.04358672033013432,0.8717344066026863
3592.714273,1000,508.368605,1000.0,2428.37425637488,392.502720976804,396.28834363938074,-75.46914834618579,-169.12836593389508,-292.19339841026994,-36.19398979564933,-51.46614522803905,0.45842878433519607,9.168575686703921
3606.838989,1000,510.256858,1000.0,2441.7740279766776,392.01619948041457,397.39993143852905,-75.73057633876793,-166.02620683610425,-293.92241377858176,-36.5966480747765,-52.075324686872335,0.9295224287137192,18.590448574274383
2833.795381,796,511.77483,796.0,1930.7349510911145,311.66978625121095,311.2444840944945,-62.02375053882593,-135.78870666623095,-240.7447911927667,-37.82553606468722,-39.47105625718244,0.7764125314795044,12.36048750115371
3596.681623,1000,513.677248,1000.0,2420.6152543245134,391.7261082754737,396.5696708055965,-74.78427027821535,-165.36028905510875,-282.22055789669446,-39.06518438407256,-50.79910878261919,0.7284079860593894,14.568159721187788
3597.644372,1000,515.554058,1000.0,2430.771841243991,393.2176395697098,397.720628042689,-76.66071000337605,-168.61404520869254,-288.82032707302704,-36.830297660855486,-53.14035641650808,-0.20166349187197996,-4.033269837439599
3604.228314,1000,517.470006,1000.0,2440.2655107849646,392.7138731420395,397.24256441455907,-75.79670918464647,-165.11294022202506,-294.4177148143011,-37.950096653007535,-52.716173335887675,0.7407788078237021,14.815576156474041
3599.322664,1000,519.351997,1000.0,2437.238488314559,392.9571075901708,397.2287592287389,-75.3229190015793,-169.84572771489607,-295.88821523373247,-35.97188736351499,-51.07294204343867,0.4253564795248258,8.507129590496517
3611.784463,1000,521.232019,1000.0,2436.791603797059,393.2330304471789,398.06968975904454,-74.09857579112048,-164.04177031666066,-291.8643349496921,-35.41601459816713,-50.8891648502999,0.1454438637785474,2.9088772755709478
3600.652088,1000,523.129307,1000.0,2418.2963158605326,393.1565305564582,396.74290614104507,-75.02676649808883,-165.0628815934063,-275.8861832785443,-40.055931686267314,-51.51190145803872,0.26645249232587337,5.329049846517467
3602.835339,1000,525.019118,1000.0,2426.9178510650786,392.66897455355127,396.80597507892554,-74.17900814175596,-169.39372936785213,-282.48250230897054,-36.80032744561234,-50.70189433103303,0.3221572946477285,6.44314589295457
3606.053798,1000,530.637012,1000.0,2428.4997024408967,392.21840368984084,396.7829725479135,-73.69964202404026,-166.46787334978598,-282.05859405659817,-38.56975062027439,-50.65142034865377,0.5743304821669446,11.486609643338891
3607.963383,1000,532.514943,1000.0,2439.371293217987,391.85665155622627,397.1099414520545,-73.12937822461126,-161.79212105125148,-294.730930293489,-39.31736951104427,-51.404703705086746,0.5093448673518226,10.186897347036453
3607.746886,1000,534.405318,1000.0,2431.0216510866835,393.0058935411294,398.040369636468,-73.53206677675234,-164.30139594376064,-285.32299940650165,-38.41501881096253,-52.74954745467119,0.808416853976758,16.16833707953516
3615.09957,1000,536.311459,1000.0,2441.237547747037,393.52260501703927,398.90222834091844,-72.25045810937884,-162.6278993457555,-296.8918480774066,-36.47748644890736,-50.31511937389128,-0.025802037171129853,-0.5160407434225971
3610.356835,1000,538.238329,1000.0,2422.0695382585395,392.85948927265366,398.0082949734197,-74.2247053277493,-159.9388911724089,-280.03802362691385,-38.123796947120695,-50.255070038212104,0.0920354529392744,1.840709058785488
3611.990851,1000,540.202394,1000.0,2440.3659811570324,391.9055958770433,397.5794440979428,-72.58534339427942,-158.76414590328937,-299.17143386973254,-37.635056030180344,-49.704190674448455,0.21230242808835423,4.2460485617670845
3614.229462,1000,542.095968,1000.0,2427.4017797929064,392.5529332207574,396.3582066488507,-73.12767819881437,-156.71153180301184,-282.7771740184437,-39.695883877943764,-49.77119015281108,0.09875107973432619,1.9750215946865237
3616.984982,1000,544.020451,1000.0,2427.208145129962,393.27705323207937,398.55806335755403,-71.67129701733582,-157.23527437448504,-293.5324390975814,-30.00723894252314,-49.61203073844686,0.5550455829867263,11.100911659734527
3613.667931,1000,545.946554,1000.0,2426.5717833695508,391.56864058774465,396.9992329834108,-73.83855819225316,-160.05620497465128,-280.75589663668745,-36.417954501056,-50.403111946387774,0.5593153640387551,11.186307280775102
3607.935575,1000,547.856713,1000.0,2434.4410079615395,392.4567793773625,397.78544464194044,-73.36633308172225,-155.88427999019657,-298.54000903127405,-37.93192887181638,-51.0251062053441,0.5485985668815714,10.971971337631429
3617.334614,1000,549.779475,1000.0,2430.5182107593064,391.4923739875487,397.96031415464324,-73.56037375450131,-154.4036335229872,-286.3135615981827,-36.49980459046732,-51.85891121150981,-0.023059235624939063,-0.46118471249878124
3614.476727,1000,551.60889,1000.0,2439.3156525386566,393.17065652394723,397.3835283114261,-72.85027691602698,-160.21887265443831,-296.6012167555714,-35.240732231410924,-50.4820117339104,-0.3885760918937443,-7.771521837874887
3630.420188,1000,553.566322,1000.0,2443.9080507819967,393.16752905201304,398.19942446483884,-71.35877882719049,-153.68435019552717,-296.5044070625294,-31.405773784836576,-51.901506623856214,0.049684678151261985,0.9936935630252397
3612.844275,1000,555.466274,1000.0,2421.7455408964674,393.7967170881091,397.4865337445725,-72.33556549310674,-153.96700452268135,-289.72946219855584,-33.26298746439982,-50.88949676260409,0.40809400051385786,8.161880010277157
3619.438905,1000,557.387175,1000.0,2429.3952622786605,392.2336454258478,397.9730434140021,-72.84205048799508,-152.16103289127335,-291.06958216847613,-33.79949822464262,-50.29088215060126,-0.17714847345623386,-3.542969469124677
3632.433748,1000,559.296337,1000.0,2443.9932382176967,393.3289943487521,398.1633702453849,-71.18143494606021,-151.64248087108126,-294.3791328068347,-35.87693694545991,-49.97186895388184,-0.2471750655147535,-4.94350131029507
3619.344942,1000,561.214931,1000.0,2431.0512601525666,393.210100644147,398.4692781171331,-70.5148232364654,-157.06683212816694,-290.07415945604544,-36.043640310985325,-49.686241996038426,-0.15053103025538284,-3.0106206051076567
3628.680416,1000,563.134017,1000.0,2421.368940552819,390.97652999251443,396.34001886705744,-70.98751163363457,-150.32005857825297,-277.5972709063534,-31.466993796224248,-49.63323883062556,1.0084250166790432,20.168500333580862
3628.335651,1000,565.105939,1000.0,2422.822344634084,393.06413954091374,398.2438634786197,-69.68437337398525,-150.48488589525215,-277.45110979953773,-38.39015124387411,-49.78417610402813,0.349034818854837,6.9806963770967405
3601.855781,1000,567.014218,1000.0,2404.733186230948,393.48980969704644,397.5652545129354,-71.62994066476821,-150.29594870805724,-285.15161006006434,-35.91617770885964,-50.93879245335329,0.5071367819105962,10.142735638211924
3640.938237,1000,568.880194,1000.0,2436.1935912664344,392.3449152517712,397.5709713448187,-70.51424906253807,-146.22593562901,-285.7310575940432,-34.073296559240795,-48.62670230572397,0.17270011746000086,3.4540023492000174
3634.559559,1000,574.51678,1000.0,2445.169989710887,392.2204891187132,397.1627727108554,-71.43473902583125,-149.3516481116415,-294.9653124344196,-33.65193982692322,-50.590053590769465,0.993020134364687,19.86040268729374
3641.772847,1000,576.40801,1000.0,2443.7866831295764,392.80106685198353,397.95975407645324,-71.60062059879304,-144.83055510520933,-292.8387637454232,-32.80255439452083,-50.70216335924978,0.3775834033704367,7.551668067408734
3639.501674,1000,578.309316,1000.0,2439.0303592159744,392.6497706419206,398.15452208536703,-70.57436851501474,-146.51636273264876,-290.6110528741762,-33.4326867673392,-49.19850699793042,1.0019889888133364,20.03977977626673
3646.746573,1000,580.202395,1000.0,2438.4976654763077,392.94557069953737,397.94473103944773,-70.3400187945365,-144.05208470523374,-285.2597754624341,-34.23370726302681,-48.75580795241221,0.3974192630557935,7.94838526111587
3630.914801,1000,582.108307,1000.0,2428.370998259487,392.2579575849433,397.4880224110822,-71.35920693397517,-146.7442342028021,-285.4603036743366,-34.010086155737255,-49.62834618240628,-0.1815223273720374,-3.6304465474407484
3645.213966,1000,583.999667,1000.0,2439.4601419531878,393.2325587606705,397.5536756815003,-70.69922124385825,-142.7223731338978,-289.6979493990521,-32.791286618336756,-49.12157985203649,-0.2040164253204427,-4.080328506408854
3651.413357,1000,585.852684,1000.0,2447.183865434164,393.43081381277347,398.05330558944075,-69.56968707561492,-145.4420911625028,-290.49018861449656,-32.78023252639712,-48.97242817810525,0.1728920956268911,3.457841912537822
3641.0281,1000,587.72442,1000.0,2437.7216922170333,393.7716514390665,398.48200660627765,-69.23709607839577,-141.50989452153465,-293.30429236484457,-36.23481668207619,-48.661150919117034,-0.016187235240134584,-0.3237447048026917
3651.981284,1000,589.607285,1000.0,2436.204750263534,393.17582741320257,398.2126226715167,-68.54175323605537,-138.6786069795491,-287.65265731563466,-31.05552190412231,-49.68337691356017,0.07402254026614839,1.480450805322968
3647.050894,1000,591.467435,1000.0,2438.5052750808322,392.0249808146817,397.7889754606831,-69.68675718545916,-138.7513843506577,-288.71720717160656,-35.228802979457534,-48.88418591231272,0.09587046169487251,1.9174092338974502
3650.1381,1000,593.397428,1000.0,2446.0593360969165,393.1824262875846,397.7836151255157,-68.21791056275373,-139.89130254089838,-298.15929085316486,-31.390719676861604,-49.228054117127854,0.31271128833307327,6.254225766661466
3657.092157,1000,595.283987,1000.0,2437.4049153531196,392.9225570462524,397.6431033707279,-67.29655980348589,-140.3270976111293,-283.3928509140199,-30.62929201820985,-49.23261824443672,0.2829465097720658,5.658930195441316
3648.361714,1000,597.228055,1000.0,2434.9254672747743,392.80381041674684,398.54854822811615,-69.07538825273518,-140.2340836822987,-288.5182534950758,-31.08972106265911,-48.998664981124485,0.02691781977962891,0.5383563955925782
3659.940427,1000,599.25094,1000.0,2449.7006557140617,393.6353938123463,398.86132207724853,-68.1921629738808,-140.0564316749572,-295.5019221920102,-30.678963388809997,-47.827464820691645,0.47058601250658827,9.411720250131765
3654.890138,1000,601.215325,1000.0,2434.1980369764515,391.62790093940635,398.2459552280391,-68.44935165643696,-135.9378590509296,-286.9583350199302,-30.380560143017437,-47.45564963912264,0.937528718427162,18.75057436854324
3650.310351,1000,603.160087,1000.0,2430.222846809117,391.0196200349213,398.4964514933628,-69.37094480156891,-137.77622337639335,-280.5296609185963,-33.031992117916815,-48.71974600803778,0.03772774771525794,0.7545549543051588
3658.475655,1000,605.134259,1000.0,2442.6610821587783,392.50753038360256,397.9128310205035,-69.1447000086307,-143.32364048361765,-283.4417571368065,-29.28716168878175,-49.408529153721204,-0.04734837424666906,-0.9469674849333812
3663.716408,1000,607.136929,1000.0,2445.0754990840496,393.6711003919619,398.9179265886252,-68.71523475646973,-134.6826395303013,-294.313485205916,-27.334358384990328,-48.90239998801952,-0.2511155582300784,-5.022311164601568
3655.513547,1000,609.181558,1000.0,2437.9987788022236,392.10639694877614,397.5471412169383,-69.45965125918386,-133.36532313078632,-286.94750831666965,-34.11423442605819,-48.25205237742907,-0.04838995021750601,-0.9677990043501201
3655.392287,1000,611.200314,1000.0,2438.9773968925733,392.68279957857914,397.7131748049238,-68.65611996650699,-130.68981496132915,-295.4037677222457,-30.715791255682948,-48.51559047061869,-0.29369577705932853,-5.87391554118657
3662.809055,1000,613.229763,1000.0,2450.2683388954333,393.02684042747853,397.57361742502655,-69.57256281256673,-136.33478493392485,-291.66489689003754,-31.66844551957435,-48.81905173990591,-0.24821125534407756,-4.9642251068815515
3652.646821,1000,619.57717,1000.0,2425.5660586442746,392.9984905328034,398.0643733183866,-68.76782815217975,-134.6227246403694,-282.5535143125067,-30.455504865239497,-47.5825295748999,0.0935625447069363,1.871250894138726
3669.620649,1000,624.34963,1000.0,2436.19748141888,392.6706208229521,398.56445605107615,-68.82553539991382,-130.75266653895386,-278.0835581754122,-32.59665736954449,-47.55349203713688,-0.08640735235249387,-1.7281470470498774
3657.97507,1000,627.364116,1000.0,2429.0900479854436,392.9359537582383,398.02053968953794,-68.91490372657769,-131.02705557942386,-283.2203327073094,-30.697847230823164,-48.211332581267975,-0.11148076377628575,-2.229615275525715
3665.44386,1000,629.437154,1000.0,2431.0198350533024,393.31977761963793,398.5176708347266,-68.5841810941697,-130.13991590142248,-281.00914677338983,-30.54555014467241,-47.134630015331275,-0.0705168597880349,-1.410337195760698
3668.82505,1000,631.325458,1000.0,2440.7359405517195,393.23464283642807,398.67437560109795,-68.48151666641229,-128.0246932297945,-290.2197989336329,-29.91309807981852,-47.18080222702815,-0.4209787486797122,-8.419574973594244
3668.822954,1000,633.200488,1000.0,2434.437668606555,393.8788499023941,399.5950935896693,-67.14714320659647,-130.54499591290946,-285.8453570381392,-28.42532613047027,-47.125836111612,-0.16195577820467552,-3.2391155640935105
3671.755077,1000,635.130621,1000.0,2437.699243987833,392.92990057062707,398.77989392406454,-66.22932908296582,-129.26440379470597,-284.28702814851107,-30.44991723010189,-47.42328283959908,-0.20524205405972337,-4.1048410811944676
3670.658479,1000,637.049872,1000.0,2435.2423215835984,392.1022134767623,399.12995895066666,-67.59314104318632,-128.807998883724,-281.6656099126111,-29.875475897999657,-47.87378878901709,0.018247981065055704,0.3649596213011141
3673.642823,1000,638.928649,1000.0,2437.9421779126424,392.5670381096802,397.96140440250946,-67.30743965148926,-130.26902152299886,-282.8589418252555,-27.201012653388474,-47.19138197531675,-0.16073604482801673,-3.2147208965603347
3669.533577,1000,640.810383,1000.0,2435.9809845400646,393.6689072969115,398.88944474248547,-67.33818528890606,-129.8595282167198,-286.43957974206927,-27.375631217000915,-47.992834809581026,-0.4989778443822945,-9.97955688764589
3667.314178,1000,642.665656,1000.0,2424.2212390463437,391.4494152681497,398.09420395013154,-67.38961755156524,-125.73470980226995,-276.0397721579121,-30.145144383107983,-47.14143672197996,0.28550317777503287,5.710063555500657
3672.397547,1000,644.585565,1000.0,2441.77585572317,392.40316908697173,398.2536081231272,-66.38502286434185,-124.77891015112385,-293.82035655091664,-26.884992012439557,-48.16580434668127,0.17124252338143894,3.424850467628779
3681.048342,1000,646.37799,1000.0,2434.8412368997883,393.41534556334244,398.1971432563594,-66.27786850571643,-122.65119622200731,-279.56287686152723,-30.139089048111668,-46.7743530742102,0.23801728113332463,4.760345622666493
3678.633863,1000,648.290301,1000.0,2437.2036320006846,393.86590431996797,399.52907551943366,-65.37797193527217,-123.22049415856597,-285.9777770687561,-30.104470191955027,-47.2840356562856,-0.28614062282061853,-5.72281245641237
3674.550647,1000,650.209527,1000.0,2425.3437254076766,392.2310440360303,398.760912599626,-65.87956859230995,-124.56446081548913,-275.82524705010957,-29.144057888092377,-46.37170108452575,0.43037863080151534,8.607572616030307
3676.175087,1000,652.087638,1000.0,2429.9791425353624,393.32304728300437,398.2209257442683,-65.7772831201554,-123.61358219832196,-280.3534249841683,-27.97695416623053,-47.626783720338935,-0.06797263197432937,-1.3594526394865876
3688.479041,1000,653.994942,1000.0,2440.562769763676,392.4072784809752,398.79493506618735,-65.68517673134801,-121.87594996690758,-281.9048776983835,-26.792863562513013,-47.027073859976326,0.5087051683730828,10.174103367461656
3692.399567,1000,655.905164,1000.0,2446.953413319198,393.2411901839619,399.5046846393779,-64.06421981215489,-123.45456640422357,-285.2179682436137,-27.815569198258373,-46.74739768364866,-0.1850007247822918,-3.700014495645836
3693.074105,1000,657.775247,1000.0,2446.3887110259766,393.1868164239492,399.24672343876006,-63.85532370209686,-120.89970655888332,-285.6639749368241,-28.345132381569147,-46.98400853768736,0.5329638779937416,10.65927755987483
3691.346126,1000,659.658944,1000.0,2435.1637968451987,393.4580028691102,398.8521150630038,-64.47009301304816,-119.20840099006877,-277.86781686411405,-27.621015869791016,-46.96046195568496,-0.1826710591804986,-3.6534211836099724
3691.018357,1000,661.510812,1000.0,2443.228227104171,392.6929611958772,398.9401182505923,-64.87845698833476,-123.23599615246042,-282.127147152565,-27.614696613910155,-45.98665231644844,-0.008338656680263722,-0.16677313360527443
3688.4791,1000,667.163473,1000.0,2443.1138143488783,393.33078184878667,399.3495754421628,-65.06989209413537,-121.81157772392038,-286.30322412301564,-27.041677738938283,-47.08870024720561,-0.015527780043001588,-0.31055560086003176
3678.654079,1000,669.105886,1000.0,2430.8396474509,392.3330939169597,398.06837825946695,-64.27589935183529,-121.37778198868035,-280.293346128458,-30.441068009496515,-46.198945178587714,0.2041013225011595,4.08202645002319
178.647031,63,669.221563,63.0,118.85379368035409,23.726975253706307,20.958801430237628,-5.899500908851626,-7.376436475664378,-18.815834627239052,-13.618473106156594,-2.1822945496607105,0.8051124519793477,1.014441689493978
3695.831344,1000,671.138529,1000.0,2440.057450655756,392.9644067561214,398.5200001959848,-63.82820654749882,-119.67984420657169,-279.94526220563375,-25.75142475894239,-46.505776323818964,0.3249947363199197,6.499894726398394
3679.804302,1000,673.045386,1000.0,2431.1567265977,392.2952553459647,398.35295188135547,-63.90748939275754,-121.22440244108427,-277.7713172606015,-31.94273350086013,-47.15468926633124,0.6442188323151088,12.884376646302176
3675.094523,1000,674.972111,1000.0,2427.9421490118593,392.9580170620319,397.79901071279255,-65.13860090255736,-122.4527409404517,-276.8810086354511,-33.56708992036923,-45.56521360854938,0.23866006073537158,4.773201214707432
3694.648145,1000,676.846356,1000.0,2434.7774981965485,393.03032765198446,398.419782492665,-64.21232747554785,-119.064125853777,-276.0791838206365,-26.871636623898368,-45.352189239008126,0.44115116219757555,8.82302324395151
3701.532926,1000,678.73559,1000.0,2443.024865777746,394.1114344599205,399.1197768278417,-61.594485555887246,-117.99665353894216,-282.4190509000769,-26.66785133215872,-46.04510960874031,-0.18111008467428985,-3.6222016934857972
3699.061656,1000,680.62039,1000.0,2439.695601829343,392.44946970643934,398.5491502218194,-62.70356097102164,-114.7936014011502,-280.5254626581181,-27.35196299817264,-46.2579776290785,0.42931167574938833,8.586233514987766
3687.779262,1000,682.525494,1000.0,2437.9236102297928,392.4506056663328,399.27980315373935,-62.55360392749311,-119.42609647065402,-285.2408526375725,-28.933635494413295,-45.72056840072046,-0.1360113993682742,-2.720227987365484
3689.076869,1000,684.439348,1000.0,2437.0545767203143,392.7805693771649,398.0265375537407,-63.16473425626751,-122.50079103112203,-279.73677859332327,-28.605281072720686,-44.77722975633941,0.5724284652963255,11.44856930592651
3686.999165,1000,686.293563,1000.0,2425.490878759099,393.0581155877514,398.2932866643531,-63.516066906452195,-119.26073958724726,-274.94031862521604,-26.906750793761802,-45.21924022178632,0.629563048124562,12.591260962491239
3700.518613,1000,688.192399,1000.0,2439.8598069466425,392.8806915117535,398.4903358338963,-61.88206444025042,-118.38588918522004,-279.5452865071565,-25.63472904239583,-45.26425242066336,0.08493576169729482,1.6987152339458964
3693.645608,1000,690.081504,1000.0,2433.376531586573,391.98091477918206,398.67426463846215,-62.364998602867054,-115.12599669843915,-279.11026646619166,-28.676969247974792,-45.107871771419624,1.0093094428409732,20.186188856819467
3699.058639,1000,691.924266,1000.0,2443.381056735589,391.29987196638467,398.6018385821091,-62.66504061937339,-115.53863979429006,-281.9691327811524,-29.303481517584647,-44.74783379789463,0.9442535737275864,18.88507147455173
3700.57131,1000,693.801552,1000.0,2435.16641018111,393.5169735011399,399.32753394111455,-61.70953039586548,-116.20318589955575,-277.84452812768717,-25.825921302966158,-45.85644183728505,-0.2034460009624882,-4.068920019249764
3705.127487,1000,695.656482,1000.0,2439.2271790432155,391.7192279622655,399.15166293475033,-61.02220091104504,-116.1444699153304,-276.20908291221514,-25.45643311966193,-46.138395919362,0.514513783869126,10.290275677382521
3710.521347,1000,697.503958,1000.0,2443.2273540704005,393.08837958615646,399.4717033068785,-61.1819911843539,-116.17004255354405,-277.49281936265675,-25.55064982952,-44.87058696242803,0.18939808714414627,3.7879617428829255
3706.042709,1000,699.378276,1000.0,2447.4670245563766,392.2832756039003,397.3515954258618,-63.00362408399585,-114.30626260936263,-281.6699610380586,-26.200003907131517,-45.87933479323975,0.6390073970790422,12.780147941580845
3698.568067,1000,701.202717,1000.0,2434.404647793306,393.0333915094233,398.5457468289194,-61.6811977314949,-116.36153682768354,-278.3385098376848,-27.31849448320204,-43.71598044158013,0.47789089049397127,9.557817809879426
3703.351202,1000,703.059299,1000.0,2441.9101760594813,393.02101188654296,398.607448140114,-62.55498555421833,-114.03295119553792,-283.40676269224906,-25.347274486724466,-44.84545980422478,0.27364806728303864,5.472961345660773
3696.270207,1000,704.962775,1000.0,2428.76477432441,393.2685007333823,399.5186264285544,-61.0540041697025,-116.2880497679113,-275.45832547250524,-27.850239121993173,-44.63107609976603,-0.4427941888590867,-8.855883777181734
3707.813924,1000,710.573389,1000.0,2447.7292922316246,393.75875269609725,398.34198074447465,-59.89626263618473,-114.34881589859717,-286.10420938921595,-26.307634202816722,-45.3591796575011,0.38169657059755674,7.633931411951135
3712.184663,1000,712.40336,1000.0,2447.1007986753993,393.13156789027306,399.0003565145713,-60.86425293207174,-113.77673745900393,-283.35366532769484,-25.418412185167412,-43.63499172869686,-0.11229499427741171,-2.2458998855482344
3701.612246,1000,714.259715,1000.0,2439.564428302484,393.3647262345196,398.48547022008773,-60.102956265211134,-112.9376518979669,-287.17162257007027,-24.96720066144507,-44.622947523524246,0.28212614447169937,5.642522889433987
3710.244047,1000,716.130942,1000.0,2447.908626334064,393.3199244708805,398.75927763403286,-60.9176592206955,-112.15594122260813,-284.4359377910048,-27.40669686851557,-44.82754606615193,-0.20431979699037178,-4.086395939807436
3719.311814,1000,717.998525,1000.0,2447.0513551694385,394.60603036413966,398.8812374590404,-60.46152995824807,-109.5343928426504,-282.5455428403893,-24.939163097220483,-43.746180507348924,0.05602574364712638,1.1205148729425276
3705.058217,1000,719.880847,1000.0,2439.867019066012,393.61916047942066,398.94482829912465,-61.483537540435805,-113.77900166511549,-281.68248641561365,-26.69762268493938,-43.73014228610806,0.04910040229767179,0.9820080459534358
3712.287053,1000,721.721455,1000.0,2434.7147735142503,394.02029133659624,398.86407965253125,-60.211636068821,-110.66790245771395,-275.7317468783884,-25.44641862484453,-43.25438770932161,0.015730353012912292,0.3146070602582458
3702.837771,1000,723.575132,1000.0,2429.0087808616977,393.20312964964336,397.46384758246455,-61.494708575010286,-109.67822241932156,-272.8633491869287,-27.77583621061877,-45.0258704390109,0.1863624148052338,3.727248296104676
3716.864775,1000,725.428459,1000.0,2441.401054520228,394.3368316273857,398.82298886766426,-59.9834104657174,-110.29373552724714,-276.783058134228,-26.715984867367215,-43.91991055629765,0.07424173898019079,1.4848347796038157
3718.269235,1000,727.448736,1000.0,2447.960783247234,393.55263234851043,398.79621812443764,-60.29209773302074,-108.47691608220323,-284.6549703875533,-24.88135633252128,-43.73505810509339,0.3812881744256029,7.625763488512058
3727.272991,1000,729.321238,1000.0,2446.9188157967383,393.6142523817068,399.5234870411249,-58.966336685419,-107.60161821544162,-280.27276195779785,-23.938579241336665,-42.00426770986047,0.1425751850158747,2.8515037003174943
3716.864669,1000,731.208763,1000.0,2439.618066594673,394.00574422575835,398.63547102275515,-60.23978660583492,-109.07419952899221,-279.4927020342802,-23.650067391278075,-42.937856794516044,-0.03046421079194552,-0.6092842158389105
3734.373786,1000,733.118673,1000.0,2446.183788304529,394.436595384819,399.4178874090558,-59.20760715007788,-103.64905064329523,-276.468352855275,-23.820056099397515,-42.519418483582236,-0.15924804712389062,-3.1849609424778125
3720.651745,1000,734.958735,1000.0,2441.64248066967,394.5205578048671,399.0784753022557,-60.462780683040634,-107.8173357859254,-278.33421428227757,-24.785963633534717,-43.18947429644766,-0.02066320165044988,-0.4132640330089976
3715.476389,1000,736.953025,1000.0,2429.4701562782425,394.3848487595071,399.66012377374784,-59.332329250574155,-105.93426771759984,-273.36633882876566,-25.486111201813635,-43.91969256037563,0.1512156949433105,3.0243138988662097
3725.023305,1000,738.805676,1000.0,2443.929351667263,394.1579475189092,398.80144104904724,-58.959210553169164,-106.75048350989822,-278.1493192760281,-25.168151258863634,-42.83827047612957,0.1397932450043968,2.795864900087936
3719.109494,1000,740.966431,1000.0,2441.8886511079445,394.2684205057376,398.5145391404523,-59.2291052544117,-106.08379141837362,-282.8949915824101,-23.80323236456925,-43.55099659855825,-0.12304277938814523,-2.4608555877629046
3726.668281,1000,742.977481,1000.0,2447.560876347903,394.3416528274913,399.20715806306185,-60.021918956041375,-107.1177523314953,-282.2975846210513,-23.38350751805469,-41.62064251009454,0.11733260115394999,2.346652023079
3725.047321,1000,745.095493,1000.0,2446.101992932178,393.6172197877627,399.3664449122296,-59.64625133752825,-105.49093009084461,-281.55140207765504,-23.87723392430504,-43.47251951986619,0.04654434569697904,0.9308869139395808
3720.378901,1000,746.976895,1000.0,2442.0064536681257,393.59444092679627,399.2652997315782,-60.05849241971974,-106.95432020127767,-277.3666260417954,-26.493656328686274,-43.61419881207065,-0.23989556971243026,-4.797911394248605
3723.808652,1000,753.075992,1000.0,2440.0825208407055,394.3998681362651,399.5330372633697,-59.540619492530794,-106.48094545304772,-276.0739270332184,-25.918231418786725,-42.19305036881277,0.17550796182210684,3.510159236442137
3724.869095,1000,755.181063,1000.0,2443.933274094231,394.78576270926624,399.3151245212449,-59.295155258178745,-106.68858358860027,-280.44172126617497,-23.786196614216287,-42.95340920820991,-0.22440601476991948,-4.48812029539839
3727.641167,1000,757.284426,1000.0,2442.4305136734665,394.86351331770896,399.7411282358277,-58.59415348529816,-104.15938211232427,-276.38387100971994,-26.536995116797225,-43.71958656099336,-0.23490970844361542,-4.698194168872308
3730.243866,1000,759.420749,1000.0,2440.032743365485,394.8813746929615,399.4922256369801,-58.69540590763094,-101.52121907621621,-275.9371778772536,-24.273932745823902,-43.734742309064146,-0.00591504405261164,-0.11830088105223281
3727.421219,1000,761.527225,1000.0,2440.2540778589605,394.2991803920215,399.45594037621385,-57.66783743858332,-101.22001854628323,-278.7360778223045,-25.660324464296483,-43.30372138069064,-0.2656602280081664,-5.313204560163328
3738.768413,1000,763.535207,1000.0,2450.799015800161,393.8249857910497,399.4974082161183,-57.40247593522069,-101.33978772163393,-280.424408328857,-24.225521132440626,-41.96080353360199,-0.18932538448970354,-3.7865076897940706
3731.260388,1000,765.616236,1000.0,2439.754304320354,393.95116093443744,399.09300430181673,-59.61608651876457,-101.22596108913433,-273.6181151589282,-23.446397388874182,-43.63152110321055,-0.1255545908250047,-2.511091816500094
3729.371924,1000,767.590166,1000.0,2439.0569693742464,394.16370561359355,399.5982872826035,-57.933859881162626,-99.41381371766326,-277.6128446109053,-24.78042841564627,-43.706091777353535,-0.016404752521164915,-0.3280950504232983
3727.073605,1000,769.471226,1000.0,2439.8374547480084,394.7910462213026,399.20991017074954,-59.39913550853734,-100.79199199378496,-278.3113440256657,-24.89902693775783,-43.3633076850279,0.26935078022083275,5.387015604416655
3727.997537,1000,771.348432,1000.0,2437.1205342448493,394.394167505914,399.41534320839276,-57.61807734966283,-99.68513170182709,-279.0706064193159,-24.687469794880677,-41.87122266482611,-0.1426687094989554,-2.853374189979108
3739.582906,1000,773.247272,1000.0,2447.9742375770634,394.0333659207623,399.2104837038824,-56.990129544735005,-99.14404461681849,-278.10361542671853,-23.71954648441179,-43.67784513576898,-0.13746314784423735,-2.749262956884747
3733.757247,1000,775.225548,1000.0,2441.221658917815,393.941731907286,399.04709832458525,-57.298506371974895,-99.28490322083238,-278.2788621335962,-23.642081322689123,-41.94888888150664,-0.10711691286624778,-2.1423382573249556
3732.512559,1000,777.21236,1000.0,2443.2327405576434,394.30067256550797,398.10553281374547,-57.42148215532296,-98.1533449158073,-280.9861144491767,-26.210469480481905,-40.35497642067504,-0.19369937343264398,-3.8739874686528797
3740.063181,1000,779.126876,1000.0,2439.0868825375505,394.04526571005385,399.42506272849886,-56.86201795697213,-96.16048451662063,-273.21902771540414,-23.381325246761197,-42.87117476070504,0.07898459861084249,1.5796919722168499
3748.318358,1000,781.053264,1000.0,2447.636760086695,393.42442879727565,399.25730910422334,-56.68758957505223,-95.21947742551579,-275.7056489270047,-22.886489263307336,-41.500935170353806,-0.04634813678602701,-0.9269627357205402
3739.933858,1000,783.062566,1000.0,2437.347651365593,394.1518194545812,399.61922152581394,-56.6571340554952,-96.60725329518314,-272.26203747981054,-24.588281866960614,-41.07012777928268,-0.11502711592749178,-2.3005423185498355
3741.290473,1000,784.998026,1000.0,2437.573222689418,394.2757107705504,399.70323517136137,-56.548611891269694,-95.0842977300285,-275.5705753117869,-21.277617961052368,-41.78059316174932,-0.07319403666903188,-1.4638807333806374
3748.899201,1000,786.978695,1000.0,2455.5151254033863,394.00963622678324,399.1037682078677,-56.39012935042376,-96.59104921519761,-283.2511342679288,-22.265794385964483,-41.23122182477397,0.09646976126532565,1.929395225306513
3743.099191,1000,788.957945,1000.0,2440.4953163252376,394.52986503474926,399.23640443569343,-56.631315165758174,-96.33027125298969,-273.95279952110053,-23.596385615527183,-40.65162369270602,0.01697344793365626,0.33946895867312515
3749.19148,1000,790.877742,1000.0,2442.501553308701,394.46317544358055,399.3307694423735,-55.80879069685934,-92.91713154166932,-275.69550418937155,-22.072164015127335,-40.61042739167084,7.855395251263957e-05,0.0015710790502527913
3741.290317,1000,792.814022,1000.0,2427.681603840452,393.44954324164934,399.20754744500636,-56.426834386587146,-92.72759168893101,-267.23153613895374,-22.9364020669964,-39.726013565439914,-0.18262736868984802,-3.6525473737969603
3744.860215,1000,798.633834,1000.0,2438.6350225471665,393.77224765256256,399.55842519612537,-55.96389293670654,-95.59728709459296,-268.7896069535601,-24.72137621631173,-42.03331767515362,0.11043680593911168,2.2087361187822334
3749.044637,1000,800.636117,1000.0,2443.4302766850747,393.7844527933367,399.16827395908837,-55.24307893037797,-91.16739924401044,-276.13226251047223,-23.684306195305243,-41.11131990980607,-0.06668488251901677,-1.3336976503803355
3759.540373,1000,802.603768,1000.0,2439.3267642591422,394.2592000067408,399.4850775375195,-54.25305387616159,-91.70833989530807,-267.08197217773443,-20.99647925141719,-39.49082328398312,0.15697624612527433,3.139524922505487
3753.445411,1000,804.564756,1000.0,2440.2934283147124,394.2736469575013,399.721846131977,-54.34946166276927,-90.02072666287428,-274.1104354199605,-22.06848968059794,-40.29439745189129,-0.09715096105721618,-1.9430192211443238
3759.785873,1000,806.433987,1000.0,2443.906834902696,394.2527985408915,399.23371171699625,-53.264390859007825,-91.6819366797806,-271.4525099487768,-20.962671197634112,-40.24596340335263,0.024833832807733998,0.49667665615467993
3744.846961,1000,808.389233,1000.0,2431.274011144582,394.1903174772345,399.4292668894547,-55.30314366459844,-94.13841656148438,-268.7851677042845,-22.936345830069175,-38.883560898566174,0.004448138822553728,0.08896277645107456
3753.485922,1000,810.337365,1000.0,2437.918973130376,394.5315117119658,399.36372802080666,-55.573913619518265,-90.98898084908727,-271.02709077904007,-21.93238900100818,-38.805916865419675,0.22996902540509714,4.599380508101943
3743.458008,1000,812.590444,1000.0,2432.457999526464,394.9393500951199,399.45699339226695,-55.28028122425082,-92.83698270320885,-274.6457248701509,-21.187481204366467,-39.44586546961399,-0.15207533580079632,-3.0415067160159266
3740.436401,1000,815.332101,1000.0,2425.2633962758227,393.77831803301336,398.8274626267305,-55.59484334826458,-90.92813697308299,-266.9476836168113,-24.211999287697385,-39.75011235534103,-0.10216006204789196,-2.0432012409578393
3761.586484,1000,818.745215,1000.0,2446.9076127348267,394.65876588542926,399.5676840950889,-54.35349572777746,-89.73158376365906,-274.43296347177215,-21.768002303669128,-39.261533016794125,0.0592107503933015,1.18421500786603
3755.362317,1000,820.911327,1000.0,2437.780313021345,394.95743573178726,399.79208737956486,-54.914802923202494,-89.2557486474513,-270.3077126151976,-22.624929148085286,-40.064325388389214,0.01964000873974548,0.3928001747949096
3760.572639,1000,822.753603,1000.0,2450.309566986019,395.0796484605834,399.607878826191,-54.66123132467274,-90.42213812172405,-279.0831559453612,-20.297585284574108,-39.96034414940084,0.41798225888511925,8.359645177702385
3747.543168,1000,824.617985,1000.0,2437.2789263415266,395.2935235678178,399.6356877203988,-55.032874870300304,-91.67003071159112,-275.1147317968506,-23.078966321228176,-39.7683663475055,-0.00634574291932979,-0.1269148583865958
3749.274612,1000,826.450666,1000.0,2431.8672759648002,395.4000953712586,398.86760234667895,-55.00389645338066,-88.64061754196887,-270.95329179170784,-23.46038541648686,-38.80217030727561,-0.15608688239950103,-3.1217376479900203
3764.858936,1000,828.318396,1000.0,2452.597113277496,395.39185477270024,399.8648974597923,-54.23918888092042,-87.83320525139578,-280.35401097575374,-19.890876310197786,-40.67764830051461,0.07151261293481756,1.430252258696351
3763.751219,1000,830.186296,1000.0,2449.117542773885,394.88640623456695,399.61545677303127,-54.97113712787636,-85.5786968365312,-276.91350728935566,-22.925336334170424,-39.47950936152283,-0.010000454271103998,-0.20000908542207996
3755.572329,1000,832.141676,1000.0,2444.802805900873,395.33191161975276,399.488638289797,-55.33906835317616,-89.32522704303268,-277.3958879283612,-22.29638625801866,-39.694456813022704,0.2857232932903331,5.714465865806662
3756.909796,1000,833.941811,1000.0,2452.025292250585,394.5460999530456,399.44344361325403,-54.852329018116,-90.90569721758372,-280.5452232740441,-23.600843996000652,-39.200945938486356,0.16200232129544695,3.2400464259089388
3755.45734,1000,835.881544,1000.0,2445.423764823732,395.0671850736379,399.9483835295152,-54.84260996460917,-88.11550939381121,-279.78992856101075,-21.923895256185688,-40.31005026711827,0.0018805996382264562,0.037611992764529124
3756.650995,1000,837.753327,1000.0,2444.2867385854775,394.8123615181713,399.52220626720344,-54.14179014921187,-85.83502323329442,-279.5387985615378,-24.265472691932416,-38.18922689116699,0.8406665099785977,16.813330199571954
3759.990028,1000,839.689991,1000.0,2445.8956153382537,395.16482837780654,399.6396537920455,-53.99058380603793,-88.00701584368954,-276.7671785372264,-22.844256083206147,-39.1010353595829,0.10763668476856585,2.152733695371317
3763.608594,1000,845.811135,1000.0,2448.6291481009584,395.24871332078885,399.5410374188377,-53.366995140314074,-87.02640592008835,-276.25860347815734,-24.572657920354324,-38.58564240145192,0.2890329519486603,5.780659038973206
3764.149912,1000,847.941374,1000.0,2446.3651014174648,394.6157357425439,399.62585248832676,-53.58842493772499,-84.21097154617314,-277.5283062609022,-22.163353888218893,-38.96572058871803,0.08561984403180503,1.7123968806361005
3761.750068,1000,849.900966,1000.0,2441.290079757525,394.29803315354354,399.75634682184824,-53.263989858627305,-85.91423579901462,-274.6830863682058,-21.26347178281827,-38.46960836490218,0.461577452830024,9.23154905660048
3766.985467,1000,851.798885,1000.0,2453.388122475236,395.3127074039606,399.76708949911057,-54.063687359094615,-84.76044036597021,-283.9142293024128,-20.611794363045252,-38.132301450781874,0.04204735671326685,0.840947134265337
282.135386,91,851.956261,91.0,173.8266472100861,35.58113157078281,31.759435153636936,-6.940491466522214,-7.235125578939913,-23.722857030066965,-9.773527099678752,-2.359826326291339,0.8222277429775847,1.4964544922192042
3755.9741,1000,853.782581,1000.0,2444.7543638473344,395.11087385538076,399.84449370226133,-53.467107537984816,-87.54189922958611,-282.6031208577298,-21.42726998314589,-38.696233507708705,0.29916130301351856,5.983226060270371
3763.325936,1000,855.610599,1000.0,2450.378872368314,395.3390235938323,399.7842627563192,-53.583932120800036,-83.94129561036823,-285.4952173490209,-21.111496118239646,-38.04428162037414,-0.12454949354261739,-2.490989870852348
3769.642805,1000,857.46139,1000.0,2455.8386784199815,395.30656014968446,399.7803916522712,-52.04195812702177,-85.35896855145702,-284.96052203012033,-21.495956938503046,-37.42541960839295,-0.08474457270942681,-1.6948914541885363
3761.177946,1000,859.383315,1000.0,2440.2540851277604,394.5455219445124,399.66919521060936,-54.177298978567194,-84.99124995693558,-274.0744723771923,-22.213002978365864,-37.83483242139931,-0.16007756506469548,-3.2015513012939096
3763.797359,1000,861.283034,1000.0,2445.6248939149505,394.6364210537371,399.37476260096383,-52.84430962681783,-85.86616327613602,-277.95593591590324,-22.29651756482601,-36.87579205374935,0.07883820302333736,1.576764060466747
3766.713478,1000,863.157128,1000.0,2442.8538344986073,394.87538357265913,399.2867689270964,-52.886526829004254,-85.45027043670424,-272.90441593331514,-21.938140268735793,-37.123155145958684,-0.03278170032914652,-0.6556340065829304
3767.303884,1000,865.224534,1000.0,2448.929554442784,394.13927170359443,399.5996274953073,-52.75070972561838,-83.02335071563708,-281.90243575916986,-20.1653252182544,-37.52274843118114,0.4284104624409875,8.56820924881975
3772.625455,1000,867.212075,1000.0,2454.494410886462,394.8009812530236,399.0238594389005,-51.849890236854556,-81.94553170055141,-282.6056033356779,-21.23129156564564,-38.0614800923197,0.6957997909103202,13.915995818206403
3764.138674,1000,869.233983,1000.0,2444.085257280699,394.70175481106446,399.62022274562617,-52.98184937238689,-84.4376077845694,-277.6879646111325,-21.162890590924192,-37.99824880683148,0.2788869455109525,5.57773891021905
3778.557265,1000,871.14262,1000.0,2450.0605164618883,395.05275484747716,399.3929039735802,-51.293332725763236,-82.67179189920425,-275.09332602213817,-19.782501333424104,-37.1079582698165,0.22505554573722902,4.50111091474458
3772.253831,1000,873.110159,1000.0,2453.498803706681,394.43724991048833,398.91649275450897,-52.86054003119468,-80.78113870397206,-282.02889576746213,-22.734747094609048,-36.19339427000324,0.6363018174642208,12.726036349284415
3765.264005,1000,875.103078,1000.0,2442.6152746708044,394.3951141971951,398.5202570513545,-53.17866764307025,-82.66989804431786,-274.8927300813049,-22.512590901938836,-37.012754131273724,0.7687250007070926,15.374500014141852
3775.055026,1000,877.013026,1000.0,2449.1514167001837,394.8090527097512,399.35389749561483,-52.86560500621798,-82.69350391551859,-275.89600408869006,-18.94037552804545,-37.86385194559829,0.653760485626702,13.07520971253404
3770.13844,1000,878.9124,1000.0,2449.0535116133356,394.5936082424912,399.0633458525713,-52.08686339378356,-82.30504070967433,-279.1961992196875,-21.790814470975658,-37.19310781695935,0.8068544958255842,16.137089916511684
3775.264134,1000,880.7765,1000.0,2451.679535127394,395.02174053989535,399.7171185022016,-51.53025402903565,-79.71613592505446,-280.04409205146897,-22.220950194546653,-37.6428277541454,0.6654532886469283,13.309065772938567
3768.643306,1000,882.652957,1000.0,2436.9936116226727,394.3490471686014,399.61263696335254,-52.33625706195836,-79.94033254534008,-272.3392070114767,-20.773937772607823,-36.92225522926357,0.6677590471774059,13.355180943548117
3771.820675,1000,884.558312,1000.0,2435.802940471161,394.0306846322438,399.4631028936567,-50.6292823839188,-80.61859452426432,-269.2588999849722,-20.311817995540956,-36.65745822587197,0.6781342126967798,13.562684253935595
3783.033655,1000,890.247002,1000.0,2450.284977098259,394.0406788195889,399.76214622076736,-51.152781691551255,-80.38582049310202,-274.7841161692091,-18.61972519325527,-36.11170364300299,0.7927839189900407,15.855678379800816
3774.944498,1000,892.130453,1000.0,2447.1320084520407,393.9623924512066,398.92036178591155,-51.8922814881801,-80.61413324251768,-275.5431478275266,-20.063963906359838,-36.956738340928275,0.7138867611401694,14.277735222803388
3775.031775,1000,893.998435,1000.0,2446.6796788901556,394.6719685221993,399.51263786271045,-50.77504393935203,-79.64918118119245,-278.7867557247359,-20.219693882498095,-36.40183520841661,0.05927170826907576,1.1854341653815152
1492.834687,406,894.71817,406.0,974.9087990942944,159.24764148087814,159.0903506326671,-23.218380405902867,-32.077074992656684,-118.53345327294643,-17.92524416211119,-14.657951769258212,1.0289214716123891,8.3548423494926
3774.415809,1000,896.624554,1000.0,2442.8566649759764,393.9903489724529,399.7430928389278,-50.45429744601255,-78.71958743259303,-274.12642549873044,-21.51575641200405,-37.358231066954104,0.6987263399842533,13.974526799685066
3772.85172,1000,898.48699,1000.0,2441.950152167477,394.47124777717505,399.6655009966882,-51.32510759949689,-78.37524394765497,-275.04182947011236,-21.90765185832096,-36.58534778031782,-0.04050916666024363,-0.8101833332048726
3779.539332,1000,900.376107,1000.0,2445.997069710682,394.2036907997023,399.7091474778621,-49.88769980072981,-78.083739323914,-274.6628210898749,-22.670955835049018,-35.065359883907,0.5081882997735552,10.163765995471104
3769.215672,1000,902.23596,1000.0,2438.067133698903,393.9285002290698,398.9324587607884,-51.73122201085092,-77.34209593385464,-272.650308041787,-23.66532352554899,-36.32347157036638,0.7149436643668519,14.298873287337038
3772.765463,1000,904.115935,1000.0,2435.079140195575,394.6396104233711,399.50014310550705,-49.15503064155583,-78.97898430451754,-272.29591860322995,-19.129407267145808,-36.8940895140497,0.14850491406104036,2.970098281220807
3779.903008,1000,905.984829,1000.0,2442.4588669788527,394.43032274331597,399.8183063737602,-49.93636494517331,-79.57803582549093,-271.0381643168498,-18.929416032920642,-37.322507207792206,0.3141912657730034,6.283825315460068
3788.037302,1000,907.90193,1000.0,2446.119424630664,394.5769496945773,399.7070850906742,-49.71991442799568,-76.83483144640923,-272.19031397520223,-17.756404311883824,-35.86469312799698,0.06388980133252424,1.2777960266504849
3783.051656,1000,909.780722,1000.0,2438.9714753573444,393.94131621830917,399.36669749743703,-48.891161087751414,-77.5414944127202,-267.0182415471921,-20.500402264600968,-35.27653377118283,0.5032065761830579,10.064131523661157
3776.51839,1000,911.679361,1000.0,2436.937483609827,394.09737350414207,399.314080489421,-49.42847521066664,-76.2176234439014,-270.77730214733987,-22.0423846821628,-35.3647618054469,0.09489246420370748,1.8978492840741497
3786.259958,1000,913.606931,1000.0,2444.3179652335407,394.48791034144915,399.22540514673784,-48.2197385096549,-77.76486036702984,-270.99907712389916,-18.668628863728333,-36.11901831988927,0.05001848621217203,1.0003697242434406
3788.805517,1000,915.458235,1000.0,2440.049809929319,394.69045203558767,399.53099238441,-48.42913626193998,-75.89233490079647,-267.6241894337521,-17.322602820383523,-36.19747409387866,-0.26309996912934924,-5.261999382586985
3778.374159,1000,917.338412,1000.0,2433.9416063327462,394.2602015027333,399.39050415795276,-48.527900822162685,-75.32110342532403,-268.74253683110675,-21.160284684752362,-35.46632693089057,-0.2115028331200838,-4.230056662401676
3794.597745,1000,919.21775,1000.0,2446.34313540718,394.59301645934164,399.7961896534148,-48.00124908924106,-74.10259072333582,-268.8994310959712,-18.85810815216988,-36.27321754690792,-0.06456945922194626,-1.2913891844389251
3781.168027,1000,921.107328,1000.0,2440.4416674698423,394.32494078174705,398.9167112138067,-48.32341550946242,-75.64800798892975,-273.58344426113433,-18.93557326180023,-36.02485165029377,0.46140685582740054,9.22813711654801
3790.346068,1000,922.994349,1000.0,2443.6083369261714,394.3278956388849,399.3364656474514,-47.929581686854384,-74.82387075498715,-270.81578262438,-18.342143938143685,-35.01525128711452,0.5694233671468327,11.388467342936655
3786.215831,1000,924.872431,1000.0,2437.2479803473702,393.27686439437605,399.1577359913903,-48.110255414247504,-73.3190508861095,-266.1564433591889,-19.509818513525175,-36.37118163243364,0.8271942057935281,16.54388411587056
3793.492912,1000,926.748626,1000.0,2439.6508134520955,393.79346489543,399.53570207895103,-47.97153852701191,-72.30678831934928,-268.5225777721239,-17.345092753757193,-33.341070701273615,0.6464214636928067,12.928429273856134
3799.797253,1000,932.43336,1000.0,2447.3581912541576,394.88962282676334,399.51105950649696,-47.284870393276194,-73.20198441445832,-268.99890428097603,-17.418199614274133,-35.05766183726541,0.10619545252699232,2.1239090505398464
3792.618307,1000,934.287369,1000.0,2439.702224683203,395.03367534177073,399.70930899098187,-46.77587334632876,-73.17012434899812,-268.3466695730676,-19.499365689158044,-34.03486938795771,-0.2848886275080513,-5.697772550161026
1837.548494,496,935.151259,496.0,1190.6108994682882,194.83051269455973,194.00760549674868,-25.91145185947421,-36.38410748392346,-138.04950619689305,-20.966998142572628,-16.58845983923411,0.66831896698521,6.629724152493283
3806.215371,1000,937.042646,1000.0,2448.714419707253,395.20128931458044,399.6741013736868,-46.542303640842405,-71.81272778138512,-269.5961162396491,-14.694158074359368,-34.7291335642076,-0.16054500027754554,-3.2109000055509105
3797.99929,1000,938.883299,1000.0,2446.8639131667023,394.9827588023461,399.6528403958218,-46.81440179228785,-73.38387094959616,-271.43382729872843,-18.266832671771397,-33.601290132985916,-0.2924129714186055,-5.84825942837211
3799.547307,1000,940.770868,1000.0,2442.0204747556377,395.228251281813,399.7159251018473,-47.1333336687088,-71.05730520412325,-268.2760897094128,-16.432909644270318,-34.51770610576639,0.195403364881029,3.9080672976205797
3790.387078,1000,942.654559,1000.0,2444.8212207766273,395.08850320257704,399.06980106275006,-48.0986588215828,-73.04789296314118,-273.5724172867386,-19.516212549855805,-34.35726540818715,0.10377621053845784,2.075524210769157
3803.138993,1000,944.533957,1000.0,2451.4391967393976,395.55288851754193,399.57427386538717,-47.337328093051916,-71.97488335520022,-271.65786381993286,-17.250026789311733,-35.20726451598258,0.12259668243979124,2.451933648795825
3795.5018,1000,946.409044,1000.0,2443.3730377544866,394.6998522243073,399.44881857421325,-47.720096330642725,-72.47628965824852,-267.72083226703086,-18.893172625219847,-35.20951743010584,0.4852494484069186,9.704988968138371
3809.026743,1000,948.304516,1000.0,2455.9864907374576,395.14487758122334,399.79330145550375,-45.614752830266944,-70.54428468197584,-275.02629108317007,-17.238772865672523,-33.47382555813298,0.4236132735451398,8.472265470902796
3814.656782,1000,950.195904,1000.0,2451.255243299406,395.04092673552907,399.76761236437375,-45.93287268936635,-70.28632060885434,-265.9202565713022,-15.654678251910816,-33.61287276084294,-0.14725504872828524,-2.9451009745657046
3808.186282,1000,952.05964,1000.0,2450.3530930508264,395.704911350143,399.84470376602974,-45.692513527870126,-69.77676769196995,-272.8515329127313,-14.666294162115092,-34.72931776052268,0.12442818134276126,2.488563626855225
3803.474769,1000,953.916503,1000.0,2448.849080168264,395.7534025794987,399.76202137929545,-46.98761764109137,-71.20216787606482,-270.83845892700367,-17.67695705979002,-34.18453372599142,0.2152103793058758,4.304207586117516
3800.766654,1000,955.77944,1000.0,2443.689139004124,395.19257618431925,399.5335657207761,-46.70595234751695,-70.64771669954064,-270.38268280157166,-17.495403420536196,-32.416871463099284,0.5056489494525914,10.112978989051829
3808.334538,1000,957.638345,1000.0,2450.5935837372426,395.1419151258621,399.64170336531896,-46.04618713736532,-69.16771556884058,-271.633654759593,-17.133966361629565,-33.06114028966386,0.15269954323965335,3.053990864793067
3798.711359,1000,959.515779,1000.0,2445.903090898298,394.99679234860116,399.8136467934636,-46.27125123262403,-69.47476325631148,-274.8961753191438,-17.078935615336363,-34.28104551453653,0.022055659444809823,0.44111318889619644
3811.314408,1000,961.394071,1000.0,2453.112018624307,395.56642576868757,399.881655431218,-46.371973438859044,-68.84088229686017,-273.9061912803025,-16.082845002458726,-32.043800152764426,-0.03304277720701853,-0.6608555441403706
3802.397859,1000,963.249501,1000.0,2443.464141357705,395.03294580608053,399.71235045735654,-46.67105973362915,-69.26204233244059,-269.98815564243546,-16.300251844982956,-33.59006868997237,0.04947815570897674,0.9895631141795348
3811.752809,1000,965.100814,1000.0,2449.162227961265,395.15410227676307,399.7174908603807,-45.9770489704609,-69.06564323082563,-269.3383957425498,-15.418497099131715,-32.481426820029036,-0.07403285208611049,-1.4806570417222098
3807.954282,1000,966.95823,1000.0,2446.462017640478,395.04807822804554,399.8440895084055,-45.455100188255315,-69.08634539470076,-267.42218614597067,-17.41468860159408,-34.02158344871047,-0.008449867048042483,-0.16899734096084967
3797.891207,1000,968.844651,1000.0,2435.7113246321483,395.45143030534496,399.83068704519474,-45.84870426654819,-67.20560722723602,-272.62543078578386,-15.664269434942561,-31.758223233993995,-0.05116189647576774,-1.0232379295153549
3815.757093,1000,970.733287,1000.0,2448.755044217079,395.00834463351697,399.7544028745745,-43.81333633780481,-66.86614107489576,-269.841471771527,-15.66410929021342,-31.57564040841704,-0.05177493190555151,-1.0354986381110303
3810.039309,1000,976.366724,1000.0,2446.272831748142,395.40966415164627,399.8289354292071,-45.19380666494375,-67.25019036680457,-269.8302332325051,-16.364249265084283,-32.83364240905691,-0.1409366312779902,-2.8187326255598038
3815.750201,1000,978.209236,1000.0,2448.542905282765,395.3832966310871,399.80339947026994,-44.468867670297605,-65.567089047283,-270.1645466922069,-15.614292582075908,-32.164604529637835,-0.074593654526489,-1.4918730905297801
3802.215282,1000,980.066827,1000.0,2438.1342526930375,395.3226393719099,399.7886001161735,-45.45774945974351,-67.70987668931478,-269.41430469531446,-16.19052462618103,-32.257754225881,0.3694670655930301,7.389341311860602
3819.738921,1000,981.930204,1000.0,2454.0772015670404,395.5860811464582,399.87719656281126,-44.248569076061266,-66.5602731823921,-270.813940167743,-15.8155517157562,-32.36322441730409,0.0983673260132216,1.9673465202644318
3818.033468,1000,983.827455,1000.0,2446.634644777338,394.9652164969493,399.86133535579296,-43.88546097397806,-66.09552679136391,-266.35938627084585,-15.136508934874193,-31.95084614457805,-0.03263210159177128,-0.6526420318354257
3820.47364,1000,985.650041,1000.0,2452.102984214899,395.2790718882221,399.4983826692841,-44.734593535661716,-65.90148125663393,-268.2805425202168,-15.999357120851172,-31.490824182912966,-0.006449443554370863,-0.12898887108741725
3820.37965,1000,987.535709,1000.0,2447.109420340726,395.35158445987395,399.9391820967172,-44.25045257389546,-65.03603969030078,-266.2764089244352,-15.308847197438274,-31.148788158117235,-0.21689367574072324,-4.337873514814465
3816.144245,1000,989.400752,1000.0,2446.8561125002398,394.5380241734418,399.6017519079983,-45.078317641019815,-64.32634367719291,-266.7904541187943,-16.49483366636835,-32.161694677304695,-0.058628813173736874,-1.1725762634747374
3825.921092,1000,991.253608,1000.0,2453.3192979363566,395.3680391079169,399.8898378514747,-43.9498267996311,-63.080648227035944,-271.18901080609305,-13.159423570471962,-31.27717312051144,-0.0256017713192681,-0.512035426385362
3823.691936,1000,993.091387,1000.0,2450.2593777561383,395.4711156728453,399.793484104211,-43.62555180549614,-64.38453722149144,-267.8241057972841,-15.427448262584923,-30.57039875645481,-0.206649932696994,-4.13299865393988
3826.988424,1000,994.958319,1000.0,2456.370322009632,395.4926180922054,399.92434648902986,-43.17420602679255,-64.24739817082879,-272.12429901800516,-14.128707083937284,-31.12425185507386,-0.11423006338474224,-2.284601267694845
3825.86585,1000,996.889883,1000.0,2457.6642300169915,395.1585291926772,399.8611496858443,-44.309284856915475,-63.924082737415965,-271.9115301181721,-16.355159442603895,-30.318002216640608,-0.015008594948237497,-0.30017189896474994
3820.441349,1000,998.774391,1000.0,2453.751345086194,395.8872588053194,399.8764262576993,-44.21750466346742,-63.6650355324149,-276.62467299465266,-14.578278923265998,-29.988189414689383,-0.1828241129196633,-3.656482258393266
3818.66277,1000,1000.651436,1000.0,2440.7965280878643,395.167869327356,399.85352469472883,-43.767849621772726,-62.62246189862488,-265.50655554587263,-14.317443097589065,-30.94084240549102,-0.2082552171162461,-4.165104342324922
3833.200354,1000,1002.533178,1000.0,2455.089317812323,395.3779268982693,399.7501513783991,-43.54073703169819,-61.291545183211554,-268.0803328209013,-14.155029715485691,-29.949397834623074,-0.21924941391088398,-4.38498827821768
3826.594641,1000,1004.440702,1000.0,2447.9281233793213,395.4554051253645,399.83323511228673,-43.73247896730898,-61.41463988348834,-267.586697991518,-13.90784348426018,-29.98046208225196,0.33794651206355064,6.758930241271012
3824.997775,1000,1006.309027,1000.0,2448.5782457758896,395.63591637280604,399.6439562232751,-43.66347886323931,-62.96570301353939,-266.519658719709,-15.972922497987838,-29.738580450335515,0.10682993730902184,2.1365987461804368
3826.860113,1000,1008.18546,1000.0,2446.023692341802,395.1733159452283,399.8421166282373,-43.447162089347756,-62.72524404898283,-264.4638689308985,-13.735708376547935,-29.807028261470954,0.030610074325554577,0.6122014865110915
3828.752545,1000,1009.922483,1000.0,2446.81621913539,394.6831336140164,399.89343031258403,-42.674488810300836,-61.981717440485944,-263.32916454931234,-14.947072217047781,-29.7077947318672,0.17162135436097903,3.4324270872195806
3829.887245,1000,1011.810374,1000.0,2447.262321200455,394.72742451672644,399.82298566737194,-43.21965708136558,-62.299585590139046,-264.06992718433713,-12.60349840465643,-29.732818533832845,0.04513163497372284,0.9026326994744568
3828.493898,1000,1017.496894,1000.0,2449.123331098766,395.0013101176981,399.81477519882503,-43.237739112377184,-62.24799244999884,-266.77302069493084,-14.165562129158232,-29.021204496450178,0.20242034606841872,4.048406921368374
3820.002832,1000,1019.403969,1000.0,2438.521271102556,394.8584930451785,399.75943877584433,-43.8310208451748,-63.00936772748826,-261.1823884995221,-15.302487151160737,-29.81110687338447,0.058623452277219865,1.1724690455443973
3825.349844,1000,1021.289704,1000.0,2439.468644020871,394.8738143554701,399.8551710973564,-43.17864038407802,-60.51661328449844,-261.4442326181339,-14.910239830189749,-28.79805938536336,0.21976373022699094,4.395274604539819
3831.184135,1000,1023.170562,1000.0,2447.030470879634,395.212708195091,399.89894444051305,-42.65699901223181,-60.40293492972848,-266.3109128643888,-13.245180494823112,-28.34196137221005,0.19499907120238932,3.8999814240477866
3831.759927,1000,1024.999309,1000.0,2447.331608428541,394.82566020198544,399.88792567231366,-42.412320598959944,-59.732340507954355,-264.943934974529,-15.08643746381074,-28.110233574918258,0.29971915600788024,5.994383120157605
3830.000458,1000,1026.844049,1000.0,2441.895957321056,395.1224100789964,399.7833914396403,-43.029135650396356,-60.348626519739646,-261.61468876445707,-12.765957209603652,-29.04289252902546,0.005902366256247982,0.11804732512495965
3831.737965,1000,1028.730988,1000.0,2445.3621424795856,394.6776897226459,399.6439357563523,-42.57655358910562,-59.23891652524473,-263.7450336360631,-14.855602112261248,-27.529697466437796,-0.13510149580666625,-2.7020299161333248
3827.469842,1000,1030.607053,1000.0,2440.6274004178968,394.86219148246084,399.9125404983326,-42.383284612595965,-59.20745722278952,-264.8409726709404,-14.321293687607392,-27.179282313041295,-0.11594479777354927,-2.3188959554709854
3828.369573,1000,1032.475787,1000.0,2449.8147130960674,394.55701467517827,399.58004797773606,-43.05776219606401,-61.390604499727424,-266.66464468651884,-14.784401714000134,-29.684790084379824,0.688612012534012,13.772240250680241
3830.650447,1000,1034.358871,1000.0,2441.68130069649,395.1493398051127,399.84984388986385,-41.31932213246826,-60.25341386497025,-262.61785420336855,-13.43960001556127,-28.39984726908533,0.3142687411548044,6.285374823096088
3838.6776,1000,1036.222493,1000.0,2454.4042288313567,394.9850837503703,399.72394203973073,-41.47436663031575,-59.68949651569133,-267.6082191455617,-13.220497957646549,-28.443074646333883,0.1979187227970799,3.958374455941598
3838.64056,1000,1038.089783,1000.0,2450.704811550252,395.13610332245355,399.88944300514106,-42.25325155019755,-60.28555128723387,-262.9915489963324,-13.403366945075831,-28.15607906346056,0.6372195823087728,12.744391646175457
3836.799628,1000,1039.955249,1000.0,2451.108669880806,395.44317323652496,399.8377474980952,-40.977981660962094,-59.38380190655593,-268.0153372680968,-13.507114071791598,-27.70572740720324,0.5304928027391405,10.609856054782808
3833.939179,1000,1041.821769,1000.0,2441.39485988778,395.4621308387441,399.8322001507315,-41.29815792262558,-59.16150829270484,-261.99296041574513,-12.543634536742335,-27.75375043187361,-0.13733053580335225,-2.7466107160670448
3836.564864,1000,1043.676425,1000.0,2445.8996056373044,395.2843700906726,399.8876432092315,-41.75728419184682,-58.21532066687947,-262.8103477397261,-13.368670509182635,-28.355131542766117,0.020722312538216135,0.4144462507643227
3837.584249,1000,1045.564616,1000.0,2447.0694187180084,395.55957104859465,399.6356694202856,-41.78628813028338,-58.04470053538685,-264.5979526135696,-11.5646182312094,-28.686850358316104,0.3132786861383644,6.2655737227672885
3841.831947,1000,1047.457778,1000.0,2448.5141687147097,395.6702297090872,399.8084972331325,-40.777731896042845,-58.57860764116052,-262.6269852580725,-12.631135824524392,-27.54648833414069,0.1276490502459016,2.5529810049180317
3841.619502,1000,1049.357318,1000.0,2453.6115481815846,394.9889900527529,399.6556584653852,-40.77971502840517,-58.8994287073613,-265.59087597890186,-13.282857792024338,-28.083817131931266,0.476629108717888,9.53258217435776
3846.072515,1000,1051.288587,1000.0,2455.472855862255,394.8832650809217,399.73869836659395,-40.51467018425467,-57.473272404074606,-266.3889542061301,-11.951312270037741,-27.694095470913954,0.5231742766405717,10.463485532811434
3839.269309,1000,1053.194081,1000.0,2443.1469903958846,395.2877229004988,399.27548645699716,-40.773478049039866,-56.762398301810045,-261.3901329702327,-12.327958979005423,-27.1869220889589,0.20435973454184958,4.087194690836991
3838.217379,1000,1055.104135,1000.0,2452.4104153817484,395.5073922091405,399.81354589480844,-41.40504190325733,-56.93300983011724,-269.6489038052145,-13.316956796297537,-28.2100622390808,0.03453884624568159,0.6907769249136319
3839.496349,1000,1060.725552,1000.0,2445.61558546895,395.4455207347074,399.9612548918358,-41.19543704032893,-56.07476881891484,-263.2034748120277,-12.906203047973163,-28.1461285885072,-0.09149289269456856,-1.8298578538913712
3844.075652,1000,1062.602888,1000.0,2448.3370958053756,395.4225483006414,399.88386861437056,-40.64629131019116,-56.522419326752456,-263.4741139378136,-11.143308399394465,-27.781727563069143,0.35452677396194215,7.090535479238843
3846.382224,1000,1064.489059,1000.0,2450.828316469606,394.99785809084136,399.888984355171,-40.7473157453537,-55.969067617505736,-263.06174847169814,-11.56496457126368,-27.989838401569706,0.1653207810292141,3.306415620584282
3843.834968,1000,1066.379581,1000.0,2449.6748759771026,395.32233978731864,399.68701122395464,-40.64665484428404,-55.172542256861895,-263.25011722804675,-13.744241001866396,-28.035703898830896,-0.2184573007603708,-4.3691460152074155
3848.481383,1000,1068.251396,1000.0,2449.00468483265,395.3188720692598,399.8663590767019,-40.02491578578949,-54.749785579740966,-262.78919570936097,-10.756727068715527,-27.38790904045569,0.2487329607596303,4.974659215192606
3848.841652,1000,1070.140507,1000.0,2451.547562897993,395.81242857098454,399.74242580712274,-40.286251406669635,-52.45153950899838,-265.5232506129114,-12.546934705984047,-27.452788726535477,-0.12615211428719467,-2.523042285743893
3848.46123,1000,1072.097747,1000.0,2454.7618817634743,395.96027793011694,399.7962133697178,-40.888639798164306,-54.72384646683933,-266.3432400047905,-12.538982726236151,-27.56243402757861,0.06377629821974631,1.2755259643949262
3847.625844,1000,1073.993654,1000.0,2451.1587394166486,396.0759132582305,399.8768244322916,-40.33301112711432,-54.33968772329388,-266.9350684285703,-10.303207325842191,-27.57465843568389,-0.0495661145323558,-0.991322290647116
3846.595816,1000,1075.932227,1000.0,2447.789017047708,395.72513448850907,399.7695636240054,-41.332556612491594,-53.59290325865145,-263.0988614505239,-10.622107013112485,-28.041471120282896,0.012107069729069978,0.24214139458139955
3844.21019,1000,1077.817392,1000.0,2444.244247183185,394.81881857360185,399.6990875945653,-40.676778794527,-52.891968142986265,-261.628411628921,-12.023680223147359,-27.33112409047071,0.2599674617912596,5.199349235825192
3848.067015,1000,1079.753634,1000.0,2447.1841742779966,395.48814710268346,399.79456595876104,-39.70655229806898,-52.32242140024894,-262.89676286848794,-11.428882648712555,-28.045253045778168,0.07228760580586076,1.445752116117215
3851.80535,1000,1081.667856,1000.0,2449.2052518676023,395.5146423659376,399.9605222045763,-39.436703562140465,-51.89402377083899,-263.03556224687,-11.258628897145323,-27.25014839924976,-0.09419401499133018,-1.8838802998266035
3842.546953,1000,1083.548591,1000.0,2442.5765669272014,394.60096098840967,399.91991503462356,-40.410457408428194,-53.6098610080779,-261.07989990873693,-11.945375916571676,-27.504895425468124,0.40418102999332844,8.083620599866569
3856.511959,1000,1085.479729,1000.0,2454.727200596982,395.7268995740953,399.83169157463243,-40.03109060883523,-51.151649843901495,-264.61074861236153,-10.674897394068987,-27.305446043612747,0.17886704621594224,3.5773409243188445
3855.238949,1000,1087.39739,1000.0,2453.2451602363612,395.87651189515003,399.8369481008639,-39.33522476196299,-51.92260329127316,-264.8670217390289,-10.640790132817699,-26.95403179662457,-0.1274574169797641,-2.549148339595282
3848.52787,1000,1089.311563,1000.0,2443.214972913985,395.1804450097419,399.9015888527475,-38.42206605553632,-52.49129388779403,-260.2515953401487,-11.665191460329627,-26.938989845981883,0.13302729720055284,2.660545944011057
3851.799024,1000,1091.187495,1000.0,2448.925688414173,395.6060528080236,399.9551476208492,-38.50217958986759,-50.877765456587035,-265.05978920378965,-11.170197242055618,-27.077932978997904,0.3555169695568273,7.110339391136547
3858.494509,1000,1093.197057,1000.0,2455.184506557383,395.28906591000714,399.89035401136385,-38.907260854840295,-50.356098487973256,-265.75964475337537,-9.980942588269665,-26.865470500112803,0.16652213434070812,3.330442686814162
3854.195644,1000,1095.335567,1000.0,2451.818950291205,394.9047855212259,399.8997817956216,-38.5126725322007,-50.471778547018765,-265.9755517833307,-11.037743818999163,-26.43012694678814,0.4430900087966191,8.861800175932382
3852.541473,1000,1097.385417,1000.0,2446.5683413085394,395.65116881622714,399.5131311394847,-39.478317921161725,-50.582710926979786,-261.1360198059592,-11.302876270515418,-26.69124288313386,0.16170805938378993,3.2341611876757987
3857.675571,1000,1099.544494,1000.0,2453.268033416483,394.9952288370459,399.71448819566865,-39.091098407506955,-50.44558002054684,-264.3124442740479,-9.970693791500707,-26.48236276614546,0.1652342038266899,3.304684076533798
3859.777671,1000,1105.777622,1000.0,2452.6899258565713,395.8002217813707,399.63845133296144,-39.000417617559464,-49.850296570360676,-262.1432333647233,-10.488530788463038,-26.86845001035039,-0.10777027031097533,-2.1554054062195065
3861.873616,1000,1107.915887,1000.0,2457.060419286692,395.27157715517995,399.9453809212129,-38.75184365272515,-50.99364421740167,-264.7925159774852,-10.254159665706764,-25.611597529053515,0.1573252644879798,3.1465052897595958
3859.469144,1000,1110.044433,1000.0,2456.24327599083,395.32889317659016,399.91675407399885,-39.202487631440114,-49.550300482660525,-264.7852086183247,-12.013510433800304,-26.468271690285437,0.07056799091102081,1.4113598182204163
3856.617813,1000,1112.139796,1000.0,2449.8099043457637,395.4997212822092,399.9250277467506,-39.47088591456417,-49.39887632653115,-261.8610880235241,-11.268361444383784,-26.61762902422779,0.07221601884667474,1.4443203769334947
3858.40495,1000,1114.267133,1000.0,2454.931020210583,395.49830735579167,399.68155477379554,-38.964406755566635,-49.50335495993495,-265.8549137228648,-10.476905398465082,-26.906351950107112,0.3545584086010129,7.091168172020258
3863.326277,1000,1116.535967,1000.0,2453.758313120761,395.09704871195987,399.98465312052195,-38.011283681392676,-48.54062016829851,-261.51258403451294,-11.231411908850607,-26.217838397990377,0.3218979372459254,6.437958744918508
3860.358714,1000,1118.674817,1000.0,2454.9271406483263,395.4088138505703,399.70809333066177,-39.31037724971773,-48.98333506286132,-264.105790266973,-10.954409011384048,-26.331422137835737,0.23813520191640328,4.762704038328065
3859.305399,1000,1120.606423,1000.0,2453.019335317685,395.5108060474241,399.8577153363662,-38.98170887053016,-48.96387697160247,-265.62027836206255,-9.658903143171077,-25.857690365353555,0.5947395428885023,11.894790857770046
3859.108503,1000,1122.556232,1000.0,2452.592770135218,394.99132855633445,399.82230736127957,-38.351630538701954,-47.7329824060202,-265.5112548547896,-10.201678131477465,-26.500357332447944,0.8612388179337975,17.22477635867595
3865.512937,1000,1125.309495,1000.0,2458.4084189881196,395.12622272180045,399.72990944971326,-38.802702545523644,-48.21437585428364,-264.46991970708564,-10.771417328028914,-25.49319903500553,0.4727941438636784,9.455882877273568
3865.102087,1000,1127.47873,1000.0,2458.1113830681797,395.8215167032728,399.8634549673361,-38.4226032167673,-47.93212601989513,-266.7066699610493,-9.44099108767605,-26.19187784342103,0.13945153451006917,2.7890306902013835
3867.016109,1000,1129.40173,1000.0,2456.6325814159068,394.6120223353232,399.7111265224233,-38.2530307519436,-47.20154218599189,-262.9492513148437,-10.427120539237652,-25.108676627160833,0.949727581037893,18.99455162075786
3857.197932,1000,1131.375135,1000.0,2451.0670787657486,395.4472270789541,399.4924068053686,-40.28596212744708,-47.77998286932705,-264.0265273344374,-10.483132069149994,-26.233175986934025,0.6172166256796895,12.34433251359379
3864.081169,1000,1133.461302,1000.0,2455.1859624600106,395.1385944744518,399.73388627619335,-38.802125198841104,-46.82228501588109,-263.8040743079504,-10.891341842201452,-25.65744815439864,0.31467657773788327,6.293531554757665
3865.857443,1000,1135.457981,1000.0,2458.4676999827493,395.8596054648402,399.58417607748953,-38.64026869058616,-46.12926297187805,-267.7490423199276,-9.79509553966495,-25.740369446496683,0.6257142921644776,12.514285843289553
3867.181066,1000,1137.45972,1000.0,2459.302689942402,394.8763764527993,399.8470230403336,-38.845794234871875,-46.85122048333291,-266.46838434543344,-9.268086203322438,-25.41153769300229,0.9394550223712536,18.78910044742507
3869.165953,1000,1139.480802,1000.0,2457.1849120306583,395.5403026379186,399.7982883530928,-38.15406067490574,-46.87477613613008,-263.41339648327164,-10.165244657466443,-24.750072007518245,0.09072144500361418,1.8144289000722835
3869.34971,1000,1141.389686,1000.0,2455.7411836323167,395.60375434843746,399.8420037574147,-38.79765305936334,-45.63290001749992,-262.36942295901804,-9.30610117948742,-25.73115458361357,0.318442187289009,6.368843745780181
3866.3429,1000,1143.288221,1000.0,2457.7760002827954,395.7135695581639,399.90293012421625,-38.60170340597629,-45.98642651587723,-266.2568511963601,-9.797185863789187,-26.407433024592304,-0.011367943251119688,-0.22735886502239375
3867.117096,1000,1145.200707,1000.0,2453.242930365624,395.47355691431267,399.862186664109,-38.140958279967315,-46.470193710178165,-262.35367168274036,-8.88783370450246,-25.608920433459815,0.42933452361784985,8.586690472356997
3869.287154,1000,1147.089333,1000.0,2457.8672132498823,395.94162088325913,399.78232635940026,-38.11596268117426,-45.487101351097266,-267.00867853161844,-7.949805870460253,-25.74245810397721,0.8305928183688838,16.611856367377676
3863.428342,1000,1152.773975,1000.0,2452.1616403468497,395.5666262575117,399.8653285556429,-38.32327734947205,-46.374356696009656,-265.455321874353,-9.152643190919855,-24.859654293972806,0.33545943157464364,6.709188631492872
3871.751959,1000,1154.722334,1000.0,2459.8759318694874,395.60590199774094,399.8607996537618,-38.23622696399691,-44.27411827966571,-266.0735667059335,-9.893469242708843,-25.113293456655416,0.23241379500181467,4.648275900036293
3865.431953,1000,1156.603256,1000.0,2454.450083981361,395.07997902133616,399.7996273495829,-37.96440141141418,-46.17422309704128,-264.1046328221566,-10.139016787375757,-25.51546319789782,0.2918066331216741,5.8361326624334815
3867.002856,1000,1158.48212,1000.0,2457.0628939806024,395.3804692789378,399.70516752393,-37.66836716055861,-44.681445645540975,-268.0358721953304,-9.52135789057952,-25.238632168970927,0.4872851772546528,9.745703545093056
3871.875804,1000,1160.369954,1000.0,2462.472411882031,395.59161325542703,399.66608269722866,-38.28633219122888,-45.23789163455374,-267.7307166540879,-9.58215587439103,-25.01720753794832,0.018844481220134553,0.376889624402691
3869.409496,1000,1162.24353,1000.0,2458.7708253557817,395.81639878287,399.99426480864554,-37.66803326547143,-44.868447308614904,-267.53083138600044,-9.519791610926445,-25.584889518026365,0.4391323234430538,8.782646468861076
3876.166433,1000,1164.167024,1000.0,2461.806737052005,395.8288429289584,399.9627086939702,-37.67949069976806,-43.925279907509626,-266.47882549327414,-7.8016582515461295,-25.546601689050682,-0.03119798679482409,-0.6239597358964818
3864.309823,1000,1166.069181,1000.0,2449.4899053049267,394.9620285256507,399.89419408188985,-38.8446395516396,-44.430462291464195,-261.52210591166073,-10.108690099479078,-25.130406750264637,0.4125108565806066,8.250217131612132
3863.918929,1000,1167.978137,1000.0,2455.0244996116003,395.56644346830876,399.903404050447,-39.01512046813958,-44.46235563308008,-266.4185169556382,-10.474683253998942,-26.204742306664837,0.04427851552041858,0.8855703104083716
3874.904859,1000,1169.8583,1000.0,2460.6365305843797,395.3582693625577,399.87393997647877,-36.57502933859822,-42.9781534094364,-267.75050265941775,-9.142267020624226,-24.517928277866467,0.2357063532082996,4.714127064165992
3870.384424,1000,1171.729987,1000.0,2453.4169807471308,395.520475413592,399.96228418192254,-37.68834295749662,-43.42594155855477,-263.4917466303943,-8.778342192567838,-25.130942706516677,0.17112283581800994,3.4224567163601987
3873.096147,1000,1173.612771,1000.0,2459.161605067646,395.35882166725554,399.9538970015337,-36.97458801865575,-43.7002939812839,-266.6882494136499,-8.9026373714842,-25.112408350322738,-0.1573187197420956,-3.1463743948419123
3874.692903,1000,1175.484677,1000.0,2459.0682867535534,395.7204687042575,399.83876284400185,-37.50556184649467,-43.24649454541502,-264.6478825609725,-8.725137153037366,-25.80953939562472,0.02772335742795932,0.5544671485591864
3871.646431,1000,1177.373789,1000.0,2456.2781859947613,395.22997956948245,399.9064739449851,-37.771467840671555,-43.47542149275544,-264.1910131832481,-9.323555308511693,-25.00675045682745,-0.14494011022039288,-2.8988022044078576
3868.121129,1000,1179.25531,1000.0,2446.206964728073,395.31415849090456,399.95166741987384,-37.71213659465313,-41.23350917547936,-261.1619374351117,-8.13307204608499,-25.11100593608154,0.1584740189977303,3.169480379954606
3872.297014,1000,1181.157141,1000.0,2453.562801335522,395.47365708930556,399.9068866762563,-36.88860547244548,-42.37678180560471,-263.54814218652274,-8.913420887101829,-24.919380304547627,0.4113513617730874,8.227027235461748
3877.657227,1000,1183.122279,1000.0,2459.8671349571005,395.3246618665396,399.3937231355441,-36.532892976403275,-42.256223198771465,-264.24431862695104,-9.604801890645332,-24.29005653919125,0.5228052718810798,10.456105437621597
3875.398442,1000,1185.027554,1000.0,2457.2677943044746,395.57426266832374,399.9242180567472,-37.30829372048376,-42.22162087559702,-264.17131017531193,-8.801946326782137,-24.864662412866693,0.38242741452279577,7.648548290455915
3866.085461,1000,1186.899117,1000.0,2445.602747033001,395.37411429562405,399.8569112207839,-37.16864067435263,-42.090568315982814,-260.9052419587991,-9.469105556905209,-25.11475494735501,0.039935275851534724,0.7987055170306945
3876.277682,1000,1188.822375,1000.0,2456.7768952051756,395.48646388988305,399.7850757223836,-36.81299469172953,-41.6440789412707,-263.12741400378815,-9.137277613801691,-25.048987638007002,0.07208460266245967,1.4416920532491933
3874.155384,1000,1190.603554,1000.0,2456.845440543706,395.6750032394712,399.92073505462395,-36.394800984263426,-41.33652808815235,-266.3861203484724,-9.52242982172803,-24.64591542297883,-0.14917696265529143,-2.9835392531058287
3884.526148,1000,1196.317503,1000.0,2463.1437956342106,396.13927038353705,399.9947306616549,-36.5092273533344,-41.226857189834085,-264.77136901965883,-7.9138566113313615,-24.330338550901367,-0.041451585803750766,-0.8290317160750154
3877.669157,1000,1198.217234,1000.0,2459.066655031823,395.4465810003278,399.8946405809569,-37.43933872401713,-40.938954897969985,-263.65834817918744,-10.091670105286697,-24.61040728705073,0.431750437271966,8.63500874543932
3883.417713,1000,1200.184543,1000.0,2460.91329618986,395.8990374439375,399.9036138142272,-36.381554779410386,-41.83236744441089,-262.5985391200193,-7.855748148061818,-24.630024861656736,0.17183247889513215,3.436649577902643
3881.753122,1000,1202.086777,1000.0,2457.4781154102357,395.8617090773002,399.96992874734394,-36.09970253109936,-41.23412708789113,-262.0303221721061,-8.251277644846242,-23.941201510675228,0.12492135233199171,2.498427046639834
3882.934253,1000,1204.004312,1000.0,2461.3269025624904,395.8904315016943,399.92621233206177,-35.713043069839436,-40.90416311509905,-264.09734942768944,-8.99065310107654,-24.504084329501207,0.03438480860538094,0.6876961721076188
3884.347759,1000,1205.874494,1000.0,2463.17038843436,395.831874235722,399.95697640221243,-36.33353720307349,-41.216845640912695,-264.7617694202597,-8.154143281616964,-24.145184721009386,0.09036125369198914,1.8072250738397828
3880.566064,1000,1207.729467,1000.0,2458.1312058663334,395.88942460191714,399.8577974916755,-36.4787209481001,-41.55451944023374,-261.45201016823967,-9.114182557617655,-24.712930828877628,0.5292752399614985,10.58550479922997
3879.924993,1000,1209.602003,1000.0,2460.184435600231,396.2300812722972,399.89957492259106,-36.75149035573006,-41.863240950182146,-264.2499080055796,-8.395817187132321,-25.128641922593367,0.05021659125559604,1.0043318251119209
3876.704737,1000,1211.49339,1000.0,2450.3111685615995,396.02000202005564,399.9287671746523,-36.23378933548921,-41.19279246665543,-258.74295250959733,-9.089499084922641,-24.296167173834473,0.37122221754034324,7.424444350806865
3881.976632,1000,1213.381569,1000.0,2455.30690013026,396.02442880276374,399.92128468329673,-35.75264742314809,-40.03109860159458,-260.2037936481423,-9.094906137257677,-24.1935361876746,0.36407509491971773,7.281501898394355
3890.840094,1000,1215.24113,1000.0,2460.49621885234,396.03982386985945,399.8438511977591,-35.521514623761206,-39.545549242198476,-258.88030868642875,-7.283729223042458,-24.308697680068757,0.4119863611951587,8.239727223903174
3877.852716,1000,1217.107787,1000.0,2455.012368965536,396.07944808537553,399.8865643049925,-36.06700160324572,-41.43823187425735,-261.3919499010594,-9.874368517562576,-24.354113298369604,0.5056617090607866,10.11323418121573
3884.077816,1000,1218.998775,1000.0,2454.9174056661413,396.45410548894813,399.9678445148019,-35.599607284665105,-40.28162758648397,-258.8984335671581,-8.62278549297592,-23.859085795344743,0.22964270269913514,4.592854053982703
3888.396806,1000,1220.863598,1000.0,2460.880721558252,396.43009368992386,399.99576271951435,-35.40030164897445,-39.80544696934523,-260.3918365568395,-8.899943600950014,-24.412243443534106,0.09345887070972231,1.8691774141944462
3889.804692,1000,1222.745686,1000.0,2462.5397117509574,396.28248014697874,399.89552029286006,-35.13423430800446,-39.31479201279585,-262.3638855193554,-8.337141347927904,-23.762966680973733,0.24129287043839392,4.825857408767878
3886.327642,1000,1224.637968,1000.0,2457.5968526743295,396.320292398036,399.93739445957004,-35.04132739663125,-38.95435780398545,-260.3901994443643,-9.187625445701192,-23.953387733428716,0.3866707747010557,7.733415494021114
3890.835745,1000,1226.523559,1000.0,2463.1184056686902,396.4704618254934,399.96577039018223,-35.71745092749596,-40.40136857479813,-261.00921408270887,-7.6977555598807434,-23.893103645822084,0.35230049010098463,7.046009802019692
3884.042933,1000,1228.448144,1000.0,2457.6575395559516,396.5378911386244,399.95691372620564,-35.692000029087076,-39.02187121361493,-263.304636065337,-8.203101033520662,-23.887803335688435,0.2082769667254536,4.165539334509072
3887.430699,1000,1230.374225,1000.0,2457.8406262812905,396.39439591684663,399.9846259037356,-35.32239589512348,-38.37629715502267,-261.66144039275275,-7.986999852539613,-23.441815353637846,0.4255969214886412,8.511938429772824
3884.379123,1000,1232.258482,1000.0,2454.092618701211,396.2943203822844,399.97934645984645,-34.81270340681077,-39.37938631772998,-260.11095804948286,-7.739991417447389,-23.944123843816584,0.3052147447227166,6.104294894454332
3891.167447,1000,1234.110375,1000.0,2459.3650818470223,396.0660012284327,399.76247386729074,-34.3243229418993,-38.54246214404707,-259.8362194126596,-7.547761494466852,-23.77534443285139,0.5685349012180997,11.370698024361994
3892.268391,1000,1239.84638,1000.0,2459.53460832696,396.2275255851359,399.85799656197594,-33.994200980663265,-37.28136354908347,-260.8125132516986,-7.164945316417873,-24.098716845838943,0.3016341809441879,6.032683618883758
3891.690555,1000,1241.751356,1000.0,2460.8777605927817,396.4964895581102,399.9704905021048,-34.014385597109786,-37.66670209169385,-262.4983666010625,-7.832670440451423,-23.642060724338332,0.160054394762472,3.2010878952494397
3892.362408,1000,1243.646382,1000.0,2460.153698434871,395.99092828524005,399.91071086540484,-34.203957203626636,-38.871085076779096,-259.2111211545323,-7.730504216457112,-23.67626180608917,0.7421987267991399,14.843974535982799
3889.041813,1000,1245.55267,1000.0,2452.466744230867,396.2395357340433,399.99358503499815,-33.67701660275465,-37.2214086543769,-257.934826806562,-7.6122748402635425,-23.212525024132773,0.47122913856547477,9.424582771309495
3888.885213,1000,1247.441561,1000.0,2456.800087728214,396.2753248326892,399.9764610519012,-33.62462448596954,-38.02332111820581,-260.677918491258,-8.422336791725357,-23.418459893045757,0.20384641169844647,4.076928233968929
3888.341779,1000,1249.353248,1000.0,2453.221927563305,396.21662863111305,399.9775440618933,-34.286990447640434,-37.589435449987704,-258.0766541441425,-7.546527053496401,-23.574714520355297,0.1673074927978,3.346149855956
3892.105925,1000,1251.24759,1000.0,2454.2595755461743,396.1064627391402,399.96566804927613,-33.20532947897914,-37.09954277649521,-256.89645345086745,-7.417327994444909,-23.607127412615508,0.39757860381873567,7.951572076374713
3889.959638,1000,1253.146813,1000.0,2457.7905235771514,396.09555077950955,399.89895591698615,-34.23521848201758,-38.00490097850564,-259.5670358599069,-8.373278144920754,-23.64495908234122,0.5852697662562532,11.705395325125062
3893.341032,1000,1255.031843,1000.0,2457.2689485862024,396.13620764856273,399.94218204762194,-33.602090459465984,-37.262097103148655,-258.95792435044024,-7.018670224207836,-23.16552449171207,0.4737768715072261,9.475537430144522
3895.856654,1000,1256.978654,1000.0,2459.709104847727,395.95712780318684,399.9011801667549,-32.99192582845688,-36.66257653906943,-259.2564699413652,-7.399261599346083,-23.40052517784734,-0.1515812687681211,-3.031625375362422
3892.805631,1000,1258.881059,1000.0,2456.684965350279,396.1574653046884,399.8261074401934,-33.757119709849356,-36.02777292355892,-260.7378967836394,-7.101071904764507,-22.23904549123963,0.7000746074804123,14.001492149608245
3899.597397,1000,1260.757656,1000.0,2466.613000789121,396.43327453368164,399.9881759444042,-33.64902119338511,-36.516849281638876,-262.8602484317198,-7.251748469627866,-23.159187237319355,-0.0035113734306286776,-0.07022746861257355
3893.38207,1000,1262.700302,1000.0,2456.963961379051,396.1269016972324,399.9329948297842,-33.053381937742245,-35.903735702857375,-260.6291686788846,-7.638929106609682,-22.416572747811106,0.39899719817729756,7.979943963545951
3898.578871,1000,1264.611627,1000.0,2462.2752047292033,396.31260879598966,399.9217069289466,-33.171704813241945,-35.77032054737212,-261.20661892380963,-7.062152258413707,-22.71985312277157,0.37219155469859305,7.443831093971861
3900.519183,1000,1266.503849,1000.0,2463.007130830538,396.3304807840881,399.99366240959796,-33.06423866033555,-35.810205611213995,-260.72950829897934,-6.41076855085605,-22.79736947808233,0.08825134459557715,1.765026891911543
3896.578402,1000,1268.367284,1000.0,2459.792398943689,396.45896918087715,399.99181908546035,-33.11653034687041,-35.483586693927734,-261.7765686407258,-6.236530911323875,-23.051568309993485,0.09169194416401213,1.8338388832802426
3901.450177,1000,1270.222921,1000.0,2467.5627597210973,396.42781352201666,399.92969416145013,-33.01378387749199,-35.43125405460595,-265.02820420688306,-6.686895742531625,-22.309952921069346,0.16722694775119698,3.3445389550239395
3892.762349,1000,1272.084884,1000.0,2455.172476249675,396.2805561969517,399.99679059018075,-33.867599249482105,-35.66913465484979,-259.86033958023773,-7.1560734579561345,-22.134327456630746,0.6748583164914861,13.497166329829723
3894.845123,1000,1273.996852,1000.0,2456.557538637455,396.36140524674585,399.96025989622007,-33.48345961451532,-35.44580052047963,-259.0345867282977,-7.329476045671559,-22.74075782006734,0.36590777692551163,7.318155538510233
3896.615215,1000,1275.885413,1000.0,2455.6414741036833,396.3116380481948,399.9793442784274,-32.367155587077164,-35.25102455019954,-258.67379630142705,-6.713270048910698,-22.31199491862136,0.5567100888598511,11.134201777197022
3901.220241,1000,1281.534734,1000.0,2461.9881113763504,396.1303070418445,399.96991878279533,-32.76414813816551,-35.58313846848907,-259.32505473611496,-6.594676533997111,-22.60107829075293,0.4109381148339831,8.218762296679662
3897.8488,1000,1283.234068,1000.0,2457.839659703675,396.38994487682845,399.97856072593714,-32.842249550819375,-35.96336972862483,-259.1046973066677,-6.331858472104339,-22.11718999403675,0.9382438419999405,18.76487683999881
3894.689185,1000,1285.110279,1000.0,2456.555105330574,396.30475226599964,399.8762715600337,-33.463767449855816,-36.15322182476519,-258.48374506860085,-7.077724110166804,-22.86848593090135,0.7884000926425835,15.76800185285167
3898.47909,1000,1287.082502,1000.0,2457.462593280312,396.2973699408549,399.9357570523431,-33.13023545265198,-34.14911851137878,-258.2515604634719,-7.020973323942523,-22.66474278727558,0.7612673692418362,15.225347384836725
3899.104355,1000,1289.068238,1000.0,2456.288547545101,396.25394507101083,399.93189874701824,-32.316454463005066,-34.2783886179328,-257.50999248356635,-6.903638737796312,-22.36156222610668,0.5364672727355548,10.729345454711098
