#{"t_start": 1783132195.451068, "env_id": "None"}
r,l,t,rc_alive,rc_forward,rc_upright,rc_height,rc_ctrl,rc_action_rate,rc_lateral,rc_yaw_rate,rc_joint_vel,ep_speed,ep_dist
-18.967197,50,1.694904,50.0,-46.349827839128835,13.153528714623441,15.131299130121363,-3.6825370693206785,-19.447942090034484,-6.444166092832818,-19.462506570627802,-1.8650449754485452,-0.34276381918840043,-0.34276381918840043
-20.354586,40,1.771857,40.0,-28.32633816218435,11.633441916857516,13.401102018239301,-3.354273924827576,-15.437355935573574,-3.4826561441144914,-32.96690264889705,-1.821602698623002,-0.26208974933997403,-0.20967179947197923
-15.641771,62,1.881343,62.0,-38.332613298552424,16.541437252392477,20.330912743959793,-4.808188037872315,-24.899031072854992,-5.366874405016102,-38.83736675994994,-2.270047671388168,-0.3116721992102953,-0.3864735270207662
-20.998948,47,1.96886,47.0,-45.716595592098564,12.512005411005028,14.575870141671574,-3.3689078140258797,-16.57036876678466,-5.671202237655446,-21.942213112106128,-1.8175363075439708,-0.40874352151307947,-0.3842189102222947
-9.79975,46,2.0539,46.0,-38.98386269697436,13.194674247178362,14.667363385100657,-3.4326775836944576,-15.367181587219237,-4.8612807352278065,-18.987141757676024,-2.0296432435881973,-0.32875174551832087,-0.3024516058768552
-19.980865,54,2.153061,54.0,-52.132397252247365,16.083031941390846,17.296312183872253,-3.913098595142363,-17.963329762220386,-6.612036467194381,-24.64069665626266,-2.098650889453857,-0.31669244058312523,-0.34202783582977525
13.689746,59,2.270497,59.0,-21.515703195785065,17.789716224960557,18.54824096982383,-4.422051887512207,-21.9147472023964,-3.3715414206140104,-28.327604511478444,-2.096562761753092,-0.164147665292617,-0.19369424504528807
-14.958713,51,2.361854,51.0,-44.68404134937704,12.5232901190817,15.051853290731867,-3.309400730133056,-16.331511187553403,-4.7822315184525515,-22.85739695914343,-1.5692744979801458,-0.3361461830659715,-0.34286910672729093
-9.84004,52,2.456621,52.0,-47.20141403152581,15.495245927538566,17.303078983759637,-3.5750664114952087,-17.17239497303963,-5.196853018782244,-19.38148086696504,-2.1111553380503354,-0.3939930063998522,-0.4097527266558463
-46.777345,47,2.542926,47.0,-58.726771164006344,13.999471500881599,15.221217100138656,-3.4673858284950256,-17.978050875663765,-6.91089247550369,-34.19459353373371,-1.7203396617790225,-0.5148830832406538,-0.48399009824621464
-15.477384,53,2.639237,53.0,-46.07332689257065,14.167803831740184,16.08716091582037,-3.8197869145870205,-18.635639035701757,-7.6106496974786095,-20.445200531703403,-2.1477460900409096,-0.2626719209755692,-0.27843223623410335
-43.721435,46,2.725323,46.0,-55.95021606214959,10.913148021751349,13.08546773357614,-3.5085570526123053,-16.95465159416198,-7.7337266821493404,-27.515049055734494,-2.0578504575871586,-0.4722812097458005,-0.4344987129661365
-30.03717,60,2.840031,60.0,-56.86204548051032,17.15957460020795,19.014081086897757,-4.554697456359864,-23.10278722047806,-7.3260094751421505,-32.23478395104732,-2.1305024408004893,-0.3801437264520931,-0.4561724717425117
-14.387711,58,2.951163,58.0,-50.65921858778624,17.457432939273954,18.654374450472208,-4.168444094657898,-22.165707838535305,-5.483238876629793,-23.67041369332939,-2.352495420689041,-0.40373434262549157,-0.46833183744557016
-20.27112,55,3.054526,55.0,-50.02106626909448,15.410334862560653,17.331920478056063,-3.9621996808052065,-19.874089598655697,-6.817853119731283,-25.131709238639793,-2.2064571573948166,-0.3739545169271152,-0.41134996861982676
19.636283,64,3.17294,64.0,-28.74300645662851,18.918613747004134,20.797674784090038,-4.594407744407656,-23.760953122377412,-5.1226669698912985,-19.66044683330606,-2.1985239185913223,-0.2717735207616313,-0.3478701065748881
-9.743158,61,3.286081,61.0,-54.13622627360105,16.46831075682673,18.754699048929133,-4.18846168756485,-20.582917785644526,-6.404435970520283,-18.55115433013143,-2.1029716671023633,-0.31171701577762384,-0.3802947592487011
-8.336226,41,3.363698,41.0,-29.218985723535017,11.066845821823474,13.232027575560256,-2.9616952276229855,-14.62417316436768,-4.477265648339463,-20.632517255814214,-1.7204626351555679,-0.38655204554661937,-0.3169726773482279
-6.913402,53,3.468691,53.0,-44.30341747870183,13.424763913147313,16.194945903137466,-3.779244530200958,-19.205991274118425,-5.763198799818016,-14.729335254654016,-1.7519241739980471,-0.3215500054072616,-0.3408430057316973
65.024247,68,4.049525,68.0,14.048543585784842,22.884112336951702,22.828783600898937,-4.965177739858627,-24.720382976531987,-0.5018041905768359,-29.685965720310264,-2.863862230075702,-0.05385349175855039,-0.07324074879162853
-26.481664,42,4.128403,42.0,-39.192126632419935,11.561531324895103,12.658913228714471,-3.3272480320930478,-16.021696376800538,-6.325130303457391,-25.946609133315,-1.8892979360374915,-0.37932229164803805,-0.31863072498435197
-31.543539,42,4.204779,42.0,-44.197419421623195,10.312797580334237,12.940534155738343,-3.0874057817459097,-15.977663791179657,-5.6762448202168905,-26.06284884453812,-1.7952880038779309,-0.3513824973780546,-0.29516129779756584
-29.270116,49,4.295249,49.0,-53.68529253978576,12.289566991557455,14.215560772117128,-3.694047203063964,-17.98685293197632,-6.733568759787132,-20.64922768667233,-2.0262541841449275,-0.49375494722477564,-0.48387984828028013
11.761159,53,4.393129,53.0,-18.368898996025145,14.947823173445862,15.477410416868937,-4.066729393005372,-20.66501804590225,-2.7955407996043093,-23.846862203642583,-1.921025323633013,-0.2534587983570454,-0.2686663262584681
-31.077296,50,4.486253,50.0,-58.97438666039954,13.049865861363216,15.554194508662917,-3.8683665060997,-19.392622828483578,-7.807226855780891,-17.510076068997936,-2.1286776946875974,-0.4728529718126733,-0.4728529718126733
-21.374679,49,4.577992,49.0,-50.737625322323424,13.482295998484224,14.569870449361554,-3.4865451216697694,-16.02770273089409,-7.2009375555717305,-18.842261308361554,-2.1317731588428113,-0.27676716828816567,-0.27123182492240233
-33.977863,52,4.673412,52.0,-52.00100138885847,15.641282908202927,17.406035310726352,-3.83653903245926,-19.647735357284546,-5.677341064370774,-35.883317367866994,-1.9792465795564285,-0.393812477773896,-0.40956497688485183
2.214853,46,4.760526,46.0,-26.038988481852435,12.558587959467534,14.303158085181888,-3.2385579383373253,-17.721941983699796,-2.9446079522548847,-19.000193661325728,-1.7026027822568996,-0.3413411205435955,-0.3140338309001079
-22.929399,54,4.858881,54.0,-40.4620729469035,14.421130080291558,16.257649303209707,-4.1226310682296745,-20.04187068939209,-5.67193951843823,-34.93770216760989,-2.371961938150136,-0.30603573839270487,-0.33051859746412127
-21.419607,51,4.95273,51.0,-44.62009112097144,14.150525207581289,16.2978420886111,-3.8309807062149046,-19.803476941585547,-6.028635376436373,-26.685779614251576,-1.8990105304023719,-0.4094871413514062,-0.4176768841784343
-42.047476,46,5.037447,46.0,-46.06321535675443,13.400101706385252,15.118246179494937,-3.5247215580940248,-18.057194244861606,-7.315810870088208,-39.89331349683383,-1.7115685325665868,-0.4092146922753034,-0.37647751689327913
21.289129,64,5.156083,64.0,-32.6820767978641,19.811324446552163,20.472688567909564,-4.809607453346252,-23.359551131725308,-2.48590539410781,-17.03015201273982,-2.627591317099055,-0.12417007022300826,-0.15893768988545057
-15.213438,41,5.23383,41.0,-31.265455866086036,12.610971103668136,12.651515542173259,-3.0184376871585843,-14.74017955064774,-2.808620577515675,-27.97853019719366,-1.6647009715940249,-0.289874275286666,-0.2376969057350661
-4.57911,47,5.322103,47.0,-20.991011871525576,13.812633591837056,15.283239142595146,-3.426225197315216,-17.737975454330446,-2.447746839885233,-34.28119329961954,-1.79083025239945,-0.19388539564076168,-0.182252271902316
20.821422,70,5.450287,70.0,-27.841584638377768,23.130841650055714,22.90634485263157,-5.217431330680847,-25.53962451219559,-2.9896250394390704,-30.534265069904656,-3.0932340410399415,-0.2611333075783942,-0.3655866306097519
-16.14441,58,5.560779,58.0,-32.354598221441414,18.621943900980682,18.630337197740452,-4.2854293560981755,-21.202436566352848,-2.911162849069244,-48.40981245608599,-2.2332516258668735,-0.2190240448687781,-0.2540678920477826
-15.78881,46,5.648458,46.0,-38.50442247356124,12.947509714278377,14.265388028532561,-3.3037557291984556,-15.308844006061552,-5.1681772180794106,-24.95229132576243,-1.7642168651838528,-0.03551365146857681,-0.03267255935109067
137.892263,97,5.829588,97.0,61.90201753763089,32.67048244407255,33.124939967189334,-7.3743016934394845,-35.10161120891571,-8.049838008884523,-32.45384134056932,-3.8255846678921643,0.18725594721576053,0.3632765375985754
-16.331544,50,6.038409,50.0,-43.60883730972431,13.47686104425556,14.986514233050444,-3.702395534515382,-18.22967178821564,-5.360183643872687,-22.01348522255901,-1.880346119631444,-0.40897974752021277,-0.40897974752021277
-13.919371,49,6.125757,49.0,-30.58124886932868,13.807525106099105,16.348304713871972,-3.4458857798576354,-18.015452831983566,-3.8733774846591995,-35.52889217935426,-1.6303437799799358,-0.31203037234505115,-0.30578976489815013
-18.783868,49,6.210416,49.0,-32.54221233654211,13.90949429901574,14.997503771909525,-3.6957880330085753,-18.691068649291992,-4.6219176661027115,-35.43444072910119,-1.7054382119166216,-0.2849353088079711,-0.27923660263181166
-13.645757,42,6.287415,42.0,-27.9323604268548,12.130907451882885,13.745232222170522,-3.1082898521423337,-15.552620446681976,-3.9309550548984222,-29.15780765071097,-1.839863045051285,-0.3100656330047197,-0.2604551317239645
-36.651879,40,6.362176,40.0,-44.89642655994173,10.156144485840883,11.199954595594894,-2.782865161895752,-13.212318277359012,-5.966197185338048,-29.537315537975896,-1.6128553988192715,-0.5012414731518389,-0.4009931785214711
-19.866386,53,6.463278,53.0,-49.39558781615363,14.347241378218131,16.396714933119924,-3.9705938720703133,-19.31593613624573,-5.883790908260456,-23.025907605709023,-2.0185259305052057,-0.3963465683604414,-0.4201273624620679
-15.66241,45,6.551918,45.0,-38.97824471197317,12.008364957045572,13.623855320073211,-3.3752489471435547,-16.154307425022125,-4.56665540616804,-21.380016247456798,-1.8401575372186423,-0.4467092106854321,-0.4020382896168889
-32.845714,58,6.662064,58.0,-65.67549947236455,17.20661581142271,18.57594082195728,-4.034276840686798,-20.49768279790879,-9.134336988434752,-25.305577995320263,-1.980896139104948,-0.47243929976233595,-0.5480295877243097
-25.907431,57,6.772104,57.0,-56.35153243514082,17.251324764304943,18.59532222215746,-4.175125575065615,-20.34114590883256,-7.003411340526041,-28.47535986721007,-2.4075029082708697,-0.4022054772804418,-0.4585142440997037
54.510329,85,6.93041,85.0,-13.346479906341058,27.375048061723685,27.918326071211894,-6.107637512683869,-29.56840499639512,-1.645681584142368,-31.64833698190033,-3.466504177722946,-0.07453823740176695,-0.1267150035830038
-15.880674,51,7.024284,51.0,-40.49463017292887,12.77076506598935,15.859396347234716,-3.3683203363418586,-16.909798598289484,-5.975684687162903,-26.777180587192934,-1.985221331982815,-0.23907074693090405,-0.24385216186952213
3.024334,59,7.131796,59.0,-34.807220435280264,17.262440888573813,18.306393491501414,-4.372875459194183,-23.175104546546937,-5.632187868563021,-21.49267524420157,-2.0644369090707477,-0.22071863996001848,-0.2604479951528218
-24.918981,47,7.218009,47.0,-45.32172725690253,11.625344808630048,13.518099021607135,-3.560008370876312,-18.499962222576137,-5.717952708768312,-22.415685843831064,-1.5470880752320002,-0.4651000542948161,-0.43719405103712716
-14.75838,56,7.322166,56.0,-38.25533587954164,16.10789093277813,17.878152114470552,-4.072596553564073,-20.13769252896309,-5.1437375621243335,-34.81825591502786,-2.3168044538826402,-0.28404540258554356,-0.31813085089580884
6.666156,49,7.411447,49.0,-25.855364405765208,11.623121541029326,14.724983541823574,-3.8500026512146013,-19.457334882020948,-4.542640006908813,-12.90055409332364,-2.0760532460186782,-0.32683958523914775,-0.3203027935343648
-12.903311,45,7.496314,45.0,-31.224438965769295,10.663826253985475,12.584096113567188,-3.4552973198890697,-17.667080152034757,-3.4692841110581334,-23.778798884457924,-1.5563336873002531,-0.34851209465964544,-0.3136608851936809
1.401668,50,7.58618,50.0,-29.251081225235055,13.685418449040602,13.189352436329303,-3.4801132559776313,-17.23143000006676,-3.8291490651435685,-19.97051111133603,-1.7108187139237432,-0.2889362715982437,-0.2889362715982437
-0.323513,65,7.706294,65.0,-40.339806660559475,18.98165681717081,21.229090558818616,-4.969591834545135,-24.507780164480202,-5.814084173017724,-27.659497249301054,-2.24350033086699,-0.09682818476948492,-0.1258766402003304
-5.11454,55,7.810142,55.0,-39.08738133183673,17.06726558973101,18.175342924862854,-3.8718968558311473,-18.962193322181705,-3.158943008339131,-28.270118313839017,-2.006615510976686,-0.2832835809068619,-0.31161193899754813
-33.20891,47,8.009231,47.0,-46.79029692581298,12.213185648053747,13.560542369501704,-3.5767344665527343,-18.2645380616188,-5.758085656096623,-29.890581208414744,-1.7024019764384755,-0.3305344138109512,-0.31070234898229415
27.877683,69,8.137847,69.0,-24.575406035372797,21.146280642489167,22.218418186799507,-5.215790663957596,-24.71160459518433,-3.26565742711897,-23.791999162105128,-2.926557955707897,-0.20772943423313467,-0.2866666192417259
-1.231131,58,8.249102,58.0,-40.54074151301581,18.376823744425405,19.423197196857963,-4.277404561042786,-19.796732270717612,-5.338675491240815,-24.96188608772102,-2.1157118228814418,-0.28188757881014015,-0.3269895914197625
17.374462,58,8.353078,58.0,-26.999227324528743,17.570250932926427,19.260475639093894,-4.055735373497009,-19.4546892464161,-3.734138620244118,-20.915359880032234,-2.297113846683206,-0.12361059643417104,-0.14338829186363838
29.117758,76,8.49013,76.0,-35.0961336633592,23.610953472222274,24.885860824161153,-5.6027853965759284,-27.21469382047654,-4.396679876067659,-20.18356402249142,-2.8852000042922064,-0.10187613299009507,-0.1548517221449445
4.299396,59,8.59476,59.0,-34.718736184895675,18.06426692622861,20.18887292331671,-4.4166650772094735,-21.789700591564188,-3.112142275885668,-26.685959128739427,-2.2305409354334365,-0.21496761784227367,-0.2536617890538829
-9.2439,48,8.679837,48.0,-34.11453339863009,12.775035579897319,14.982829056543126,-3.520811889171601,-18.021249365806582,-3.399428956319107,-24.0438721317833,-1.9018686607040258,-0.28969497223735907,-0.2781071733478647
38.902878,77,8.82143,77.0,-25.144448089671393,25.115461169952187,26.343758849722796,-5.541518905162811,-28.415564465522767,-4.1608336934784145,-23.67665976349468,-2.617317566827433,-0.17984317615926454,-0.2769584912852674
-17.84956,56,8.929173,56.0,-47.68600639772884,14.926795808626979,17.677390950133788,-4.212483053207397,-22.000615990161894,-7.3697718127795575,-23.312531203234443,-1.8723385471456535,-0.28426393058169686,-0.3183756022515005
36.980093,101,9.107858,101.0,-36.608470318512346,34.82401543297436,35.59304528674456,-7.932342975139618,-38.879103410244,-4.860636623041059,-42.03233040785408,-4.124084129061858,-0.15215795386251554,-0.3073590668022814
11.928882,59,9.215905,59.0,-25.901815426659365,17.679757778995867,19.280527306726253,-4.041005271673203,-20.153684431314474,-3.284382751937918,-28.748056423515465,-1.9024590682675067,-0.18733989507074184,-0.22106107618347534
29.336671,79,9.358042,79.0,-33.70146776402738,25.72972344450136,27.632536839939426,-5.726143144369126,-28.43811244964599,-3.7375347758661497,-28.36211487943976,-3.0602164815405644,-0.17197061100420186,-0.27171356538663893
-4.595758,70,9.492113,70.0,-54.975313398530425,20.774813560465972,22.547552376391373,-5.099917340278623,-26.63574631214141,-7.178504090212408,-21.458009292802284,-2.5706337182591152,-0.30643857923702633,-0.42901401093183694
3.666894,48,9.578928,48.0,-19.73112276470929,14.575656211128141,15.832286184302774,-3.6418921947479252,-18.61196458339692,-2.933426190986815,-27.87287708033689,-1.9497657202100465,-0.12452484139725387,-0.1195438477413637
-6.756106,65,9.694018,65.0,-54.148871941697806,18.22752816321267,20.595092840283716,-4.849158934354783,-24.42373595237731,-5.357573432330762,-19.667426490855867,-2.1319602197456855,-0.38525162138044156,-0.5008271077945741
3.708878,50,9.785388,50.0,-21.646188277015295,13.559465624210862,15.678447915553015,-3.476003909111022,-17.778707349300387,-3.3183509005552705,-27.589976102812685,-1.7198092555317115,-0.1774350402291102,-0.1774350402291102
-17.385857,47,9.870747,47.0,-43.566481044417365,12.079059028244883,14.51155258952684,-3.3680223822593693,-16.787847769260406,-4.607301129849286,-21.04756972534175,-1.5992466025641372,-0.3664507457425259,-0.34446370099797435
41.489978,73,10.133453,73.0,-17.838188904794656,22.631819132450687,24.424349845616067,-5.198874137401577,-27.66837419271469,-2.3592198248251317,-22.854742696599388,-2.646791298706196,-0.050630005007892255,-0.07391980731152269
-27.360356,48,10.223504,48.0,-49.372561562473535,12.750785653279259,14.642166976527262,-3.806933012008666,-19.062672662734986,-6.070412282509644,-22.779922384835746,-1.6608068084383636,-0.4291921943645125,-0.412024506589932
26.620064,61,10.334405,61.0,-15.071818634805549,19.372981752998452,20.318852359513595,-4.247927386760711,-20.72588309049607,-2.9781743231982034,-29.004072770568285,-2.043893694174478,-0.10287173398199345,-0.125503515458032
-8.473383,54,10.433901,54.0,-32.79701722852881,16.707468210819563,17.330027641781264,-4.011778628826142,-18.715914243459704,-3.3162230792692857,-35.76065858073212,-1.909287190546765,-0.18630037398715085,-0.20120440390612293
-10.107749,56,10.535497,56.0,-49.78232140842706,14.054846991927963,16.993219550709405,-3.9147518873214726,-18.357687234878544,-5.802949357983285,-17.493499331061813,-1.8046066696320606,-0.3323935276745254,-0.3722807509954685
13.334686,57,10.63752,57.0,-28.62885136437608,16.67563611514438,18.699993526710095,-4.2887207007408135,-21.266713142395023,-3.947248429951696,-18.80626822681124,-2.1031416175584234,-0.18181623146467718,-0.207270503869732
36.195651,97,10.814792,97.0,-41.199869811676734,30.353212381276613,32.65117956924918,-6.956317372322079,-34.41757982373237,-6.843230918446629,-30.723685110679803,-3.668057478728839,-0.19113456379083588,-0.37080105375422157
14.141472,52,10.911367,52.0,-26.204026908562092,14.452722573440619,16.803573177662535,-3.9345683217048646,-19.24855040311813,-2.273717255197605,-15.461172342385598,-1.9927887889346105,-0.26970048694021054,-0.280488506417819
-7.719037,44,10.994499,44.0,-29.67081979047382,13.109739887450925,14.058279224796552,-3.2089225006103512,-15.340700614452361,-3.6194069028319698,-25.586074721067412,-1.4611310937739093,-0.2971669195430692,-0.2615068891979009
-19.724809,57,11.099458,57.0,-47.7631132539057,16.55364372876995,18.17151895621793,-4.277877743244172,-21.682869613170624,-5.162790479844242,-30.357536387361975,-2.205783889707968,-0.3335322460600829,-0.3802267605084946
-14.02769,57,11.203426,57.0,-53.67709104085226,16.501361877551293,17.603545049742806,-3.8519658255577083,-19.895365118980404,-4.730075965148125,-20.96212837011991,-2.015970534838877,-0.40280809266213263,-0.45920122563483123
-18.326583,60,11.318587,60.0,-52.98534772712821,15.745811743252888,18.170233213653642,-4.452263243198396,-22.863704442977905,-5.739666773779686,-24.07089473981098,-2.130750735098666,-0.344646599755755,-0.413575919706906
34.924625,58,11.42661,58.0,-8.256804330961112,16.577179050403586,18.430130323978222,-4.256734206676484,-21.79450337886811,-0.8602589650371856,-20.835042756876092,-2.079340859355752,-0.14456350894475634,-0.16769367037591734
3.81735,65,11.544845,65.0,-41.42724403176371,19.050038399242872,21.227045206679456,-4.7425480508804325,-25.79870396852494,-5.342678456923958,-21.67324923657126,-2.475309428071707,-0.2046313946443374,-0.26602081303763864
134.908452,83,11.694687,83.0,70.27705692861869,24.263067288048035,28.191556664693326,-5.998062539100647,-27.444989573955528,-9.113880467869945,-24.525863267957078,-3.740433414390169,0.37516981108948433,0.622781886408544
41.885356,60,11.804745,60.0,-14.65846662593891,18.407376877057736,19.282581408260768,-4.3482663393020635,-20.93261640071869,-0.8455238648658274,-12.721562721247686,-2.298165885841839,-0.19343731574372175,-0.2321247788924661
-24.968987,54,12.028749,54.0,-51.474723718794074,15.198945159439413,16.33445099234747,-4.09018673658371,-21.852040922641756,-6.691024577288926,-24.32310419306414,-2.0713025985268745,-0.4262412944162068,-0.46034059796950333
63.310894,72,12.162009,72.0,12.090162043925027,21.655948295828544,23.15760729331976,-5.714063866138458,-27.353821301460272,-1.015893515438369,-29.133614611740686,-2.3754304377328306,0.14458235433116043,0.208198590236871
33.350341,69,12.293397,69.0,-21.36481038025508,20.917037567244734,23.623322911055954,-5.466247560977934,-26.278315806388854,-1.5914859892002695,-22.423893997780663,-3.0652662292219266,-0.11693154119280846,-0.1613655268460757
-30.568781,52,12.388016,52.0,-54.23123134135741,13.405283118368427,16.215778861097057,-3.710676400661468,-17.347432029247276,-7.54776660430862,-27.407003468992322,-1.9457327768785673,-0.42774972493752766,-0.44485971393502877
72.333474,74,12.526669,74.0,3.889370605121299,24.703637905398026,24.129522026258545,-5.505267155170442,-27.061217141151417,-0.8525369089549945,-18.545581328450115,-2.4244539080609933,0.19761289408930013,0.2924670832521642
6.093211,55,12.628432,55.0,-34.15629926351223,15.522638245529853,16.606950334282473,-4.259808130264284,-19.1261150598526,-5.585959434239071,-16.081819688556823,-1.8263761867941273,-0.14677440046013795,-0.16145184050615177
-16.169829,44,12.708625,44.0,-38.578034898415396,10.946887640805754,13.393698161789334,-2.954801936149597,-13.923684847354892,-3.9280362316291884,-23.36177832428315,-1.7640782939686017,-0.4410758172381929,-0.38814671916960974
29.798137,77,12.854118,77.0,-32.770502005154825,24.38673271986152,25.391759776354753,-5.41140649795532,-26.215187084674834,-3.1185001520305122,-26.76895325260554,-2.695806569103312,0.00033792769342582644,0.0005204086478757728
70.830777,57,12.957659,57.0,19.77453918895115,17.72123931169847,17.13369058201981,-3.89059279680252,-18.801188111305237,-1.4511544539523669,-14.228701987968375,-2.427054587605064,0.23590717187129456,0.26893417593327584
67.907808,70,13.087504,70.0,-1.0829408281190802,22.74054899187895,24.115944319524505,-4.942644741535187,-23.830559861660007,-0.34512986564022147,-16.209917712928867,-2.537492081929174,-0.04355564721427472,-0.060977906099984616
121.441285,81,13.240458,81.0,48.729841306777786,24.526270314233635,25.426993409641923,-5.864223937988281,-29.65936654806137,-3.2973886855669408,-15.98119400069976,-3.439647302570401,-0.19324732294040434,-0.31306066316345504
102.047721,67,13.363562,67.0,58.893909746522404,20.688764147303825,21.235220879450765,-5.173582748174667,-24.69159591794014,-4.906869521861182,-28.261271705776334,-2.7368537216819613,0.4698163272552129,0.6295538785219853
-18.773546,45,13.447789,45.0,-32.68077351196287,14.113076330097474,15.174210361392298,-3.462032096385956,-16.67384352684021,-3.679030948791984,-34.364540849910824,-2.200612079527717,-0.2813476542893097,-0.25321288886037874
-20.219135,60,13.557648,60.0,-54.41793100914357,15.877234356124735,18.75562883407121,-4.995912370681762,-23.832114696502693,-7.009948645884686,-22.339430983584727,-2.2566604335048424,-0.3644346929603952,-0.4373216315524742
93.236248,58,13.663245,58.0,62.47151640046633,16.95960777824931,19.562450199997638,-4.210532293319702,-19.13134396076202,-8.673320152282686,-29.297317150995152,-2.444813309415633,0.45935291374611886,0.5328493799454979
39.818858,73,13.800485,73.0,-23.09745506474037,23.696920561745593,24.03530141427464,-5.362389214038848,-24.92639935016632,-3.776433402331834,-20.65691579489155,-3.09377090070547,-0.05943079055523319,-0.08676895421064046
138.374726,75,14.055042,75.0,81.87837261058276,23.95820736395193,25.021586426737457,-5.465200001001361,-25.860875654220575,-9.003946092847901,-24.42241690709759,-2.731001525528371,0.13096303024287317,0.19644454536430977
6.878902,62,14.169938,62.0,-25.344256711524004,16.835876643699294,19.574187152055384,-4.700031688213349,-23.268597102165213,-3.681703564664982,-31.97091655772181,-2.565656079486896,-0.2958277734032018,-0.36682643901997025
67.70241,87,14.325325,87.0,-10.6312518440917,27.915613115209915,29.26510200279857,-6.78768740415573,-33.95647362470627,-2.129781323245028,-19.62256254735,-3.350548263434917,0.022824077087079564,0.03971389413151844
143.844682,93,14.489638,93.0,61.32507931013921,31.244793735607566,30.898113185683577,-6.783480563163758,-34.66153042316438,-4.2356965612775905,-23.37498817251004,-3.5676088711923555,0.3679595306218165,0.6844047269565787
-15.181167,65,14.605606,65.0,-58.12463562926251,19.68233221275629,20.972190416912223,-4.863456914424897,-23.76529703140259,-8.354966830669584,-23.22183740387867,-2.5054963061021707,-0.32935942785513006,-0.42816725621166907
-7.524412,55,14.702654,55.0,-37.93738900211355,15.902235959018704,16.844885613203573,-4.021731123924257,-18.119126439094547,-4.496728752099738,-28.670782531551527,-2.025775309696474,-0.23547670814771668,-0.25902437896248837
6.486301,71,14.830527,71.0,-40.42565000959482,21.293670929261328,23.22378392051766,-5.118557353019715,-23.743012100458134,-5.354731645107287,-31.547085712381293,-2.8421167285718467,-0.22283984344971847,-0.3164325776986002
30.355406,82,14.984432,82.0,-37.93215634527504,26.57288071753311,27.400525407789196,-5.795315325260163,-29.563954639434815,-3.718974882200154,-25.72038111198726,-2.887217338985186,-0.20033757841683164,-0.32855362860360393
113.121403,62,15.102617,62.0,65.46856112181337,18.255385358342185,20.698103119922283,-4.432131910324098,-21.10278987884522,-8.337018522037207,-17.25626020050193,-2.1724457755458864,0.4576596293062551,0.5674979403397563
5.453482,57,15.209038,57.0,-35.63218488992518,16.666438685310382,18.78300007607992,-3.99546534538269,-18.764916181564338,-4.252958067092743,-22.217570543092585,-2.1328615125637422,-0.2978809152678857,-0.33958424340538973
-19.653384,65,15.332807,65.0,-56.73625519198711,19.00934809640188,21.358390251930675,-4.594831857681274,-24.122108286619188,-7.798336588137234,-29.352987765947077,-2.4166030899305206,-0.2918579582008839,-0.37941534566114904
-14.098229,60,15.443005,60.0,-47.54330091420976,17.280512425626338,18.814068695467355,-4.257309746742248,-21.166019105911253,-6.931277881045459,-28.3289064945775,-1.965996138389393,-0.28922822377535207,-0.3470738685304225
109.081865,120,15.660331,120.0,3.1403612806340337,40.60268355696275,41.15323424546369,-8.70641446113587,-42.84741981625556,-4.414549705502191,-35.523564605482186,-4.322465002876718,-0.1089699912361711,-0.2615279789668106
28.244515,52,15.753638,52.0,-19.63561238194282,14.633378258480642,16.20531697551514,-3.8084105682373037,-18.010589492321014,-1.5141479899984778,-9.914130614277298,-1.7112889133597873,-0.3857975093732559,-0.40122940974818616
-14.843484,65,15.877238,65.0,-54.3416723458114,20.04032277382992,22.705243203941894,-4.915645263195039,-23.18321415185929,-8.148918129765816,-29.12005340187107,-2.879546279828177,-0.23124114477166882,-0.30061348820316947
-15.580265,70,16.153402,70.0,-60.123837397126884,21.91839341250647,23.86899382883423,-5.258944832086563,-24.68650815486908,-7.403085912310192,-31.323067354894,-2.5722081851085568,-0.2769646769226507,-0.387750547691711
9.673921,73,16.286078,73.0,-45.8186450326527,20.965419861986277,23.438286553117,-5.229363597631455,-24.491624057292942,-5.100711174833432,-24.66463623591078,-2.4248056267340865,-0.24371852157807,-0.3558290415039822
98.019081,67,16.40045,67.0,32.41182864734339,20.020005057084038,22.930618609824197,-4.898779128789902,-22.028027510643003,-1.4311335678172554,-13.253547939886438,-2.731882901079631,0.4480903134072228,0.6004410199656786
112.45154,71,16.530241,71.0,41.3055323369903,23.553895818060617,24.5679496876135,-5.14286262512207,-24.358163857460028,-1.9105282812147086,-13.865774620524112,-2.6985086034378507,0.4487981390101502,0.6372933573944133
0.122256,78,16.672012,78.0,-56.69965687527977,24.461451430065093,25.301625603966517,-5.761534041166308,-29.539693629741677,-6.559757258740123,-26.345238743810345,-2.7349400130423827,-0.1676188438851413,-0.2614853964608205
107.459546,68,16.801031,68.0,59.51028787566856,20.257657327579512,22.505934562764093,-4.745716767311097,-22.85044568777084,-7.953047155146307,-24.611581296240374,-2.653542660389328,0.3780191253904078,0.5141060105309546
117.031704,82,16.952476,82.0,55.980557851131536,27.01877111159195,27.23251017153538,-6.2085775995254515,-29.842560040950772,-5.5782863032506365,-30.300448866432593,-3.270261933666583,0.33245364319997994,0.5452239748479671
-12.455261,57,17.057709,57.0,-48.868054711749934,15.030220318588533,17.72380825833585,-4.256995964050294,-22.523721373081212,-6.307469077399524,-18.05223852900675,-2.2008096140175244,-0.37817687640226166,-0.43112163909857837
-21.975965,57,17.164562,57.0,-53.872597945091215,16.178513396520643,17.610026454352937,-4.388263328075409,-21.358604061603536,-7.261329581787964,-23.60195582209379,-2.2817540543981427,-0.34926180109929367,-0.3981584532531948
15.040553,73,17.296128,73.0,-41.31153395749381,20.344644173875913,23.774291854736244,-5.468642854690554,-25.311759501695633,-5.102127822155138,-21.998225436697922,-2.8860937858827365,-0.22538102834771512,-0.32905630138766406
27.570274,67,17.423401,67.0,-19.691548717764032,19.693399298398706,21.97480209285899,-4.779144952297212,-22.718985599279403,-3.1901762668936815,-28.325396408345334,-2.3926756844354147,-0.13061222791902985,-0.1750203854115
94.145806,50,17.514798,50.0,48.92176216991556,16.750325481891633,16.792258530465116,-3.499948395490646,-15.828052103519443,-5.891736507800247,-11.14788346373069,-1.9509195216724877,0.3872415409284135,0.3872415409284135
7.616603,57,17.618124,57.0,-35.38678377366957,16.91334119028258,18.695095549606275,-4.0241950368881225,-20.359633481502534,-5.269608239697477,-17.877437750201008,-2.074175910780604,-0.23858214641453762,-0.27198364691257293
112.140333,58,17.721612,58.0,64.29275617605742,18.647103551624625,19.750520376761237,-4.313491971492767,-21.196674501895902,-8.28018929625568,-12.586391263835882,-2.1732999844991436,0.5056319896732836,0.5865331080210089
-8.492694,53,17.819294,53.0,-41.28649087542347,14.89783111322498,16.478180056168842,-4.061132748126981,-19.823222529888145,-4.145565146605295,-21.595867993832567,-1.9564260037063954,-0.3340168428896198,-0.354057853462997
-7.323284,49,17.907169,49.0,-32.9410724321587,13.875131325348196,15.667915478598378,-3.580413236618042,-17.07531105875969,-4.262949631007128,-26.254867494514038,-1.7517173941804107,-0.2805427563381231,-0.27493190121136063
4.809661,79,18.180024,79.0,-50.20723223138381,24.38696482968743,26.947893435174517,-5.6513866376876845,-27.81726521253587,-7.011389287170514,-31.514942095747493,-3.32298200925717,-0.17040035000634712,-0.26923255301002846
95.091652,59,18.291131,59.0,50.90740437995868,16.400804680603887,19.233854331165897,-4.471004612445832,-20.3031514286995,-6.279695759114993,-17.131820436806247,-2.2647396099494332,0.2712842669896189,0.32011543504775025
7.703877,55,18.393663,55.0,-25.96122016846036,16.632231330081414,17.537442928625175,-3.9322582554817203,-20.118103611469273,-2.5963109795130928,-26.730792439485977,-2.127111668138436,-0.3459423772782671,-0.38053661500609387
84.574924,81,18.537385,81.0,33.09398372374432,25.086825025354027,26.39441593234197,-6.239292805194856,-28.36667469143868,-2.0590502905237327,-40.72404552610977,-3.611237664910922,0.4028325217500358,0.6525886852350581
15.744913,65,18.652322,65.0,-36.986551186736705,19.61232339528641,21.122592054726038,-4.698288904428481,-22.44410653710366,-3.9137536801138664,-19.630982191996427,-2.3163197689217734,-0.30258293278661064,-0.39335781262259384
18.875174,63,18.766753,63.0,-35.08272780300813,19.758785230298145,20.498626675098585,-4.607111830711366,-22.508436882495875,-2.3854367505396223,-17.84345242126596,-1.9550723444096232,-0.3980037406267952,-0.501484713189762
9.30544,76,18.907021,76.0,-39.78052277651221,23.79660812461183,26.184730954429956,-5.639556007385254,-27.500513565540313,-4.651006820172479,-35.9072594381968,-3.1970404501590823,-0.26625800352840956,-0.40471216536318255
105.054779,60,19.023052,60.0,73.1038255056195,18.28476049680745,18.91953854101786,-4.497950584888458,-20.48384951949119,-7.915192406131141,-29.623216243610383,-2.73313694801531,0.5676761516261464,0.6812113819513756
91.305706,55,19.122853,55.0,45.88420930879248,15.737390264120863,17.24556851087102,-4.0196526956558225,-18.35735120773315,-5.14079729676984,-13.075899015856844,-1.967761755515813,0.3915639190234346,0.4307203109257781
54.786801,68,19.253064,68.0,-4.039300199883543,19.738794658938158,20.565782657229818,-5.199542536735535,-24.8081304192543,-0.7969011985757316,-15.976647009010811,-2.6972548013896485,0.3303116646304916,0.4492238638974686
29.19555,90,19.413644,90.0,-43.71198186520307,27.744949740472897,29.443028701887457,-6.665633269548417,-32.35991368293761,-8.608286702345719,-23.240981121823438,-3.405631675715816,-0.19743227008173392,-0.3553780861471211
99.608134,55,19.512683,55.0,46.93167703916979,19.152542236793067,19.168098066267262,-4.208862233161926,-18.868612098693838,-4.279747051421256,-10.800972006691094,-2.485989561788897,0.24177071303681083,0.26594778434049193
126.210696,74,19.647517,74.0,63.99896783585711,22.010673016967573,25.448805989641144,-5.388881771564486,-25.687038111686718,-7.1872792606198015,-18.21351117459619,-2.7710401819158097,0.3704266299163719,0.5482314122762304
4.687228,66,19.767572,66.0,-41.58097103300673,18.057121586923365,21.04604815988406,-5.120484926700594,-25.374576234817496,-5.680389565808695,-20.030043630971612,-2.6294761015447916,-0.28230218820362935,-0.3726388884287907
112.766172,61,19.875724,61.0,67.88678296662265,19.401989524296507,19.57079155652931,-4.5155817008018495,-21.29105659723282,-9.399123004456696,-17.44726272563876,-2.4403683703281,0.39321592682743595,0.4797234307294718
26.537114,67,20.126772,67.0,-21.354039887417102,19.947463493579516,20.02361959450134,-4.914321833848953,-22.96135390400886,-2.5566383200190765,-25.88007126529991,-2.767544205687738,-0.060871578580708845,-0.08156791529814986
106.489519,58,20.232433,58.0,60.201882464406935,15.236955889892265,19.61678853804465,-4.250649845600129,-19.635151183605196,-7.749340703493351,-12.707427730382168,-2.2235382850428,0.4580315967006691,0.5313166521727761
134.975869,74,20.371001,74.0,65.64588101795754,25.96671877222622,25.845897322516663,-5.350690250396729,-25.4210264146328,-7.717410933770063,-15.5037677784069,-2.4897324202164537,0.3873829816160747,0.5733268127917905
58.205966,54,20.468958,54.0,12.832096981092045,16.293128014600903,16.623584765840416,-3.985699238777161,-19.611201333999638,-0.7657228297828093,-15.113011647823567,-2.0672087207169265,-0.08236976258639303,-0.08895934359330449
118.786625,81,20.611804,81.0,56.41806124315242,26.63158161428688,27.679643960259746,-6.033506993055342,-27.717845040559773,-4.229504086036256,-31.281591084833774,-3.6802147477177245,0.3476853631269589,0.5632502882656735
104.378345,60,20.722277,60.0,65.91587231436084,17.30084331623834,18.848479091727558,-4.117715282440185,-19.217256963253025,-8.567375527171954,-23.427216258101808,-2.357285422106295,0.22244347579399915,0.266932170952799
36.834002,70,20.851235,70.0,-18.657024871020145,22.72871995610569,24.45189205173561,-5.156653714179993,-24.601586914062498,-2.6598290930917203,-26.898036986827265,-2.373478915562192,0.050012261992477124,0.07001716678946798
105.890564,59,20.96078,59.0,71.1919589693521,17.90909893941445,18.99096902451934,-4.483130307197572,-19.776100957393645,-9.977578675989479,-24.685133868411334,-2.2795193870475177,0.5554629677040486,0.6554463018907772
86.473095,101,21.140279,101.0,-5.032841377338177,32.4035514226276,34.235689466171074,-7.4938091301918,-35.132693648338325,-1.512741181567872,-28.583343504361082,-3.410717425240875,-0.2082793458840263,-0.42072427868573314
167.940312,100,21.317383,100.0,81.50511159752834,32.82250484830491,34.44355324782829,-7.090028202533721,-32.37416679263116,-6.293478006251041,-31.20392197677674,-3.8692626415644473,0.3058490289257805,0.611698057851561
108.777969,60,21.425441,60.0,72.10643413078924,19.24602945855652,19.266082408213315,-4.604612545967104,-22.03907831907272,-9.098606644978135,-23.74504960319248,-2.35322999124241,0.49296757623541476,0.5915610914824977
27.710243,52,21.519662,52.0,-14.02519586847981,15.271684719374178,15.741181172631567,-3.8855879950523367,-18.244274842739102,-1.6221783464249702,-15.260703180626061,-2.2646827535485756,-0.18179798789215815,-0.1890699074078445
111.164069,67,21.643251,67.0,74.20104361381642,20.774853283977365,22.538876205819964,-5.25772362470627,-25.923802399635314,-9.218852532148857,-30.171356517881577,-2.7789694537787253,0.4493599591467574,0.602142345256655
132.91944,81,21.789649,81.0,57.265343288164715,26.97945833799984,27.1516564173669,-6.028564019203185,-30.5124703168869,-6.209711127276556,-13.455759421169544,-3.270512993198757,0.2800643170537969,0.45370419362715103
70.639221,55,21.894572,55.0,16.334908590155067,16.101824132629524,18.27837972243373,-4.248498136997224,-18.76803016066551,-0.35245219860997556,-9.667165327600152,-2.0397454743146954,0.07580480977523008,0.0833852907527531
45.662395,86,22.17546,86.0,-28.37079486560715,27.652477426827083,28.238698775134257,-6.588264851570129,-31.18545147180557,-2.9811104000780526,-23.923237350042026,-3.179921932110862,-0.16987920340870813,-0.292192229862978
95.51556,81,22.325051,81.0,17.496842223436463,24.691651938681257,25.635051120356632,-6.082996768951416,-28.2172823548317,-0.7043516795479783,-15.315365396398722,-2.9879895321681547,0.09982946422745566,0.16172373204847817
107.10381,63,22.437258,63.0,57.306584446208156,18.904728262706342,20.90209433255672,-4.375030944347381,-21.491993677616122,-6.41364570756506,-18.40041273823635,-2.328514056785846,0.41682742572412396,0.5252025564123962
79.060886,46,22.519154,46.0,40.47275315445482,13.398281525976756,14.200589954891624,-2.8956066310405735,-13.952339041233065,-4.7913043243853695,-11.69742942779222,-1.6740592963904783,0.2716992792138014,0.24996333687669728
88.629504,70,22.646433,70.0,21.590428483952333,22.714105212478078,23.152908489955124,-5.226130197048187,-24.960795783996574,-2.3119467414987263,-13.70407800382396,-2.624987714153414,0.10105100529755418,0.14147140741657585
97.617181,59,22.759598,59.0,50.49303171493108,17.826060530835345,19.256342163523843,-4.765475800037384,-24.593471992015843,-3.9948472301960742,-13.762066089522976,-1.8423918849133814,0.4486372269867222,0.5293919278443322
13.350491,63,22.876152,63.0,-34.006499173015676,18.678916623199594,20.737730423643416,-5.024292089939117,-22.444415342807773,-3.57480424688607,-21.592244102574707,-2.423901397234749,-0.24606376478838754,-0.3100403436333683
112.83581,62,22.992637,62.0,62.352294951688926,18.73277448729456,20.284718470146025,-4.393696410655976,-20.983366274833678,-4.642927651427496,-18.507482336427653,-2.0065051577541713,0.2549679591269315,0.31616026931739505
25.012823,80,23.134622,80.0,-33.24868083836829,25.12698740043117,27.627089581239492,-5.923692507743839,-28.090113627910615,-4.580092262106855,-33.12507011423281,-2.7736048309563945,-0.15946586673445526,-0.25514538677512844
107.806767,58,23.238599,58.0,63.42450914057142,17.435764295319014,18.798819013671007,-4.373913712501527,-21.0804918885231,-8.202355265730262,-13.967435829397877,-2.228128473826069,0.4862574625747548,0.5640586565867155
24.118417,63,23.354031,63.0,-26.822768476946816,19.105118997549873,20.989456576607594,-5.028024036884309,-24.151823407411566,-2.29064049775781,-18.650282369711935,-2.032620252434758,-0.05144559014479523,-0.06482144358244199
93.493822,53,23.451432,53.0,57.17168262473022,15.065234813848868,18.37162189751782,-4.145629763603211,-19.992959880828863,-8.018912431870694,-15.893059888008258,-2.0641550808077502,0.4351713202207158,0.4612815994339588
54.481524,65,23.568429,65.0,-11.132017319817194,21.060912480778892,20.900829073144376,-4.502462289333342,-20.695345014333732,-0.9096587129228739,-13.058909680898553,-2.1818240800015647,-0.10321057597874547,-0.13417374877236912
125.119533,68,23.694644,68.0,67.70023872828702,21.112141907468754,23.30503630152687,-4.9118577337265,-24.041220045089723,-8.98507135039276,-14.56684093751403,-2.492893852046871,0.3182058118920195,0.4327599041731466
101.128314,70,23.825263,70.0,41.6899017647232,22.36127263665648,23.593926904747974,-5.290605741739272,-27.65429174900054,-3.5668641484056307,-17.240849008751233,-2.76417714059974,0.3586952704588855,0.5021733786424397
37.425612,58,24.049691,58.0,-9.105898241967063,15.94144537623841,17.899861590532463,-4.487474966049193,-21.731522941589358,-2.7220377556406157,-14.105987938989651,-2.2627730416182605,-0.0891605948595807,-0.1034262900371136
103.673759,57,24.150751,57.0,57.1504810383967,16.14261703442602,19.979309186707386,-4.2431352329254155,-19.08181147575378,-6.979085341193674,-14.057131588754759,-2.237485093848067,0.3760079341817307,0.42864904496717304
81.374143,55,24.249807,55.0,43.462060717782364,15.174395956340776,18.13571033371427,-4.07079967737198,-19.599955558776855,-4.402386985851806,-19.88287587879596,-2.4420061524566763,0.42729395415900895,0.4700233495749099
98.227512,54,24.34857,54.0,52.20253104390995,16.436691191880325,18.301669198914006,-3.881537914276124,-18.02007981538772,-5.295122582187635,-13.346531315961439,-2.1701082539524283,0.4472364606716171,0.4830153775253465
87.110977,57,24.453048,57.0,35.93963110824949,16.997545902368504,18.23672572172633,-4.310686371326449,-19.243906462192534,-2.8981405918210608,-12.36211222669594,-2.248079929829519,0.4830587512480463,0.5506869764227729
146.620836,95,24.625209,95.0,68.34152259387591,31.243866662593167,33.0496766854989,-7.041700127124785,-33.90976471900942,-8.065876980991092,-27.91448589588747,-4.082402090571692,0.3310725063110191,0.6290377619909363
76.906618,51,24.720602,51.0,36.88096870236126,15.202171603056494,14.591489427158825,-4.191662724018096,-20.33622997999191,-2.934116032917126,-11.205696192394296,-2.1003065401541274,0.2755605373264732,0.28107174807300267
90.998023,53,24.818798,53.0,58.119851609683295,15.423098432825913,16.382687061600578,-3.9765649819374085,-17.214829719066614,-7.414023130969376,-21.143413271548276,-2.178782972975188,0.4376646189181073,0.4639244960531938
111.451891,59,24.926621,59.0,68.92980027322552,19.25501952158572,19.737818062016185,-4.12716155767441,-19.663649147748952,-9.662332437375234,-19.565700245061766,-2.4519038174720866,0.4982665133416713,0.5879544857431721
107.937299,57,25.0325,57.0,64.36822783116745,16.375556842332212,19.832536258002907,-4.254348044395447,-21.705176615715033,-7.651235267373542,-13.748232638963358,-2.2800291395051913,0.46447693991506794,0.5295037115031775
102.349237,53,25.131619,53.0,62.833654111472306,15.118283142901515,17.03635374507754,-3.9566574883460994,-17.60432176589966,-7.8777930299651935,-14.026318326812328,-2.173963555863913,0.44848437027981924,0.4753934324966084
119.068868,69,25.264436,69.0,61.76030637626751,19.35318488733954,23.664749513303068,-5.008038630485537,-23.84355142116546,-7.310846870812232,-15.951995828184,-2.5949395748597293,0.39811745714556945,0.5494020908608859
118.848267,72,25.400133,72.0,75.9192968797229,21.874259162985428,23.8071410613426,-5.800931379795076,-28.260236132144932,-9.693868295267928,-27.765108689957046,-3.2322851247236897,0.43124042167838816,0.6209862072168789
123.101392,63,25.517195,63.0,68.7219781771132,19.413225120724785,21.269364096184255,-4.597087316513061,-20.872030067443845,-8.544765917912807,-13.060942370036457,-2.228349379923594,0.4902966372156553,0.6177737628917257
105.520128,75,25.651352,75.0,54.07645330423903,21.584106772310005,24.868316842980644,-5.906616966724395,-28.721486616134637,-7.1233948886205365,-25.252818678835332,-3.004432102281495,0.31442246614265484,0.4716336992139823
97.761576,49,25.743873,49.0,63.168660266965354,14.08508016569454,14.96613833649891,-3.529358007907867,-16.982951724529265,-8.256471586957462,-12.879964214669961,-1.8095574380212187,0.5984574163176444,0.5864882679912915
101.555914,57,25.853719,57.0,59.06215690431496,18.605896925092612,18.262402800871754,-4.217573692798613,-20.015003788471212,-8.576574607843527,-16.219344771684725,-2.346045877649205,0.4466872554224622,0.5092234711816069
85.35109,108,26.199172,108.0,-15.834058191725422,34.18844571753159,36.653471337260825,-7.938313500881199,-36.89521770477294,-3.576567904209799,-25.190946167752703,-4.055723646710968,-0.055076505786105776,-0.11896525249798848
103.876221,56,26.306819,56.0,68.21497771474627,17.174371178508732,18.023689768483827,-4.509848446846008,-21.511089932918555,-9.069498954648747,-18.3887398295054,-2.0576406753200978,0.44595006653194763,0.4994640745157814
123.123529,70,26.440177,70.0,71.19821091439097,20.86630538052311,23.52289248317915,-5.038446600437166,-23.9803893685341,-11.03089245730541,-19.730022701214573,-2.6841283570625687,0.38410554854634993,0.53774776796489
100.752024,68,26.571414,68.0,58.467577083472534,19.886082908924926,20.68366440153853,-4.901105728149415,-23.266989040374757,-5.190528675734189,-30.36116896527788,-2.5655079775303666,0.2837466099944825,0.3858953895924962
128.075859,65,26.69395,65.0,69.62476302360454,22.86238278327596,21.962616077924512,-4.735978128910065,-23.470120668411255,-7.702413077512381,-12.78636646431103,-2.6790243453043465,0.455174930119313,0.5917274091551069
97.393649,57,26.803349,57.0,43.631840682581895,17.67384311448935,17.710073071625253,-4.08668984413147,-18.727521067857744,-2.701439249910015,-11.015697362219596,-2.090760104125417,0.5222726326561274,0.5953908012279854
105.838274,58,26.910617,58.0,57.21006606376292,18.44517010544187,19.346281369757385,-4.3908877635002135,-20.310625267028815,-7.693101561433831,-12.470925886750592,-2.297703141386497,0.35719416351285177,0.414345229674908
96.307069,66,27.041754,66.0,45.637462625129736,19.96386117474617,21.22547900336424,-4.749719753265381,-22.912866592407227,-4.708499089084684,-21.536184659102826,-2.6124635553916846,0.4171776847041865,0.5506745438095262
84.422947,44,27.120301,44.0,52.40138039352192,12.983104473099184,13.89040665721161,-3.404699215888976,-16.09953035116196,-7.405458199570701,-10.417398474884395,-1.5248582976917482,0.5395451383978298,0.4747997217900902
133.683699,66,27.239623,66.0,81.70555830579288,21.475301947797472,21.23372426854656,-5.10010959625244,-22.81184366941453,-9.28169666580688,-16.870656719955928,-2.666579218577339,0.5669542968377124,0.7483796718257804
115.130106,71,27.365822,71.0,61.53484556721134,22.42258404650247,24.52951780738199,-5.2051640915870685,-24.01044847369194,-7.77801286671982,-24.68966813307922,-2.673547403914595,0.3712558288641537,0.5271832769870982
92.552628,48,27.452956,48.0,61.97655346542461,11.16327567133424,15.098338834267144,-3.405360059738158,-16.047050750255586,-9.196429386238643,-13.336366899247661,-1.7003324234962267,0.6208604983338665,0.5960260784005118
109.633809,61,27.567738,61.0,58.52689816176166,19.650466981396224,20.721497053242725,-4.566377034187315,-21.29879002571106,-6.9378817666333745,-15.139701670979912,-2.3223022860412614,0.38776320463058933,0.473071109649319
87.205592,54,27.666324,54.0,38.37234870177415,18.053753111357906,17.903719685796005,-4.26569284439087,-20.04632481336594,-2.318088841517925,-12.168214990949656,-2.3259081162487516,0.4692272267209776,0.5067654048586558
97.084713,54,27.767892,54.0,64.83517267497528,16.215698256485982,16.557877357950094,-4.185798563957213,-19.670104610919942,-7.808363345181885,-20.672838696250558,-2.186930417086681,0.497562902468906,0.5373679346664185
148.446872,79,27.913916,79.0,88.7875288821259,25.845003360331,25.98236634743093,-5.524360394477845,-25.010445582866673,-10.214575050404141,-27.65277035502946,-2.7658752495510517,0.458008046991756,0.7236527142469745
91.659058,54,28.132018,54.0,49.93119941920233,16.766276278266197,18.50138661596321,-4.0385909008979795,-18.061721944808955,-7.363880464933246,-15.591054661220001,-2.4845565643415406,0.38456444254243033,0.4153295979458248
77.916241,45,28.213481,45.0,51.36926593581543,12.150091519981205,14.47394199780673,-3.3373299789428716,-14.869656431674956,-7.111918090397104,-17.989012851733243,-1.7691413861859067,0.46579821699458784,0.41921839529512905
109.397813,56,28.314987,56.0,68.47894565157704,15.758833332053843,18.24200550092806,-3.959990513324738,-17.537163710594182,-7.970974650275609,-17.237989708566786,-2.3758525114711606,0.4974943887640367,0.5571937154157212
57.908074,64,28.429569,64.0,-4.7702128168532445,20.67395391261346,21.664805387431624,-5.042248504161836,-23.479069620370865,-0.6776860015304791,-12.272215605420117,-2.189252829606046,0.01159045648711363,0.014835784303505446
111.877475,55,28.531537,55.0,66.94303952981656,17.094926712744602,18.95318206355462,-3.794991245269776,-16.912388825416567,-9.928430783115859,-13.49780661801996,-1.9800562814723301,0.5405014815116336,0.594551629662797
110.652897,63,28.645659,63.0,57.338609390999395,19.40819203615144,20.07610717419978,-4.569035151004792,-21.521417510509497,-5.6810602431666934,-15.36032518046926,-2.0381733375861457,0.36143622746596193,0.45540964660711203
88.95344,75,28.778319,75.0,18.007814499013644,24.53611514630197,24.319231504991556,-5.1566874814033525,-24.844190406799314,-0.8161688742838299,-19.34129216777799,-2.751382032039411,0.13967200117696185,0.2095080017654428
104.248264,56,28.879688,56.0,62.09789230715174,15.012665843024196,17.67280665909368,-4.367163276672363,-19.718427515029905,-5.802720670022987,-14.589758167751857,-2.057031448457046,0.4977491082328085,0.5574790012207456
89.789414,49,28.971898,49.0,56.371674543101996,13.326967767572437,16.106988455810782,-3.587910883426666,-14.96174533367157,-7.992709740508584,-16.385152926880878,-2.0886981644617992,0.49365253213197546,0.48377948148933597
108.735837,59,29.075604,59.0,70.0374491893904,18.72643298955997,18.30008728027429,-4.330112919807434,-19.324505650997168,-8.695489893278125,-22.660123631378454,-2.317900127826989,0.5159029065972482,0.6087654297847529
28.237482,84,29.230471,84.0,-40.90779161047506,27.14294782871873,29.01870489906824,-6.152313623428344,-29.476028627157216,-5.508526497420206,-27.18659952499649,-2.6929111734979077,-0.21174080234938986,-0.35572454794697494
115.974214,69,29.357165,69.0,58.8781167947057,21.468863716213328,21.674804893556317,-5.102153506278992,-25.535774564743043,-3.9820614451607086,-17.78645165816804,-2.641130712292837,0.4697963747369966,0.6483189971370553
89.653974,47,29.441256,47.0,57.49357781584393,14.390459304130673,15.323504294990835,-3.6081366205215466,-15.861223244667048,-8.918544792641766,-14.348510665510787,-1.8171524007491815,0.4974614885820417,0.4676137992671192
109.007959,62,29.555641,62.0,63.61916008124201,19.358407672898487,20.278645885326853,-4.800847632884979,-22.535102200508117,-5.474948549200072,-21.0519317500788,-2.3854248448863395,0.479176736651658,0.5941791534480559
95.902388,59,29.667858,59.0,52.71458513608235,18.112778795669346,19.75922015915042,-4.177833511829377,-17.79677894115448,-7.6075747954538615,-21.687484786756094,-2.4145242947562275,0.3785839709805513,0.4467290857570505
105.961839,59,29.78145,59.0,63.21839035465229,16.857251522937194,19.782988932158222,-4.133313906192779,-19.372220098972313,-7.880656224295889,-19.251800038331893,-2.2588012220422216,0.48815110279356166,0.5760183012964027
118.213565,56,29.888598,56.0,72.69077242368186,18.666446045910718,18.276550066563587,-4.269647705554962,-20.782253789901723,-9.76820205949262,-10.397821514923647,-2.202278693541895,0.5495964244114558,0.6155479953408306
76.199597,49,30.11038,49.0,45.37435340583007,16.16305691216337,16.492624876029293,-3.9744753170013425,-17.97497404813767,-5.8441858719547986,-20.62592556018935,-2.4108769654028426,0.3867740568322528,0.3790385756956077
91.616697,50,30.201338,50.0,53.420932018582526,15.381238453234358,14.8018801624348,-3.821460497379302,-16.57251824140549,-4.641503494448417,-15.118146836614073,-1.8337246973652495,0.5539221348954664,0.5539221348954664
104.678966,72,30.336259,72.0,28.780639543757157,22.75724332841028,22.58945645227737,-5.339288845062254,-22.253098469972606,-0.679539399432148,-10.803386452931646,-2.373060146352453,0.05707639347994917,0.0821900066111268
100.289432,55,30.435251,55.0,72.11447535367849,17.247638094481214,17.6574315438848,-3.8353859364986422,-17.082143056392667,-9.696847730134605,-29.00811901372444,-2.1076170146575146,0.585165834039556,0.6436824174435116
117.04953,64,30.557083,64.0,68.77393459469998,19.426896112735868,20.87845344663991,-5.123137469291689,-24.876633119583133,-5.747656831608108,-17.377284315288797,-2.9050426983904374,0.5501692024554795,0.7042165791430137
117.346837,79,30.703993,79.0,47.722217668075544,25.822637033084764,26.120380303876033,-5.819862968921662,-29.851903688907633,-4.2886296335594505,-18.36497960038948,-2.993021860786299,0.3241486008743345,0.5121547893814485
116.766464,68,30.83338,68.0,72.77708887239045,22.069790096993664,23.04902457074463,-4.555113933086398,-22.395365750789644,-8.428808980452875,-31.09349768751474,-2.656653550375813,0.4610931277505167,0.6270866537407027
93.284755,49,30.922521,49.0,62.12856561029818,14.206804639689658,15.138847467049594,-4.122492835521697,-17.38351837396622,-8.959839960823013,-14.885295245223386,-1.8383161698982038,0.45725036761801224,0.448105360265652
107.609027,58,31.029011,58.0,64.0930033642582,17.451363511738464,18.126397737333356,-4.132259624004363,-18.38407491445541,-7.6709234538385465,-18.017317415537992,-1.8571624475397335,0.5244383714326828,0.608348510861912
106.094748,51,31.125616,51.0,60.44671597203394,15.188099906955529,16.3712101756113,-3.602354884147645,-16.329906874895098,-6.1057582540833,-8.937180972543834,-1.9360771129216248,0.5940350760594029,0.6059157775805909
124.775752,67,31.254803,67.0,72.35587029654731,20.530203163046775,22.88893207399672,-4.709836614131926,-22.123612809181214,-8.657649223799954,-19.994170640230138,-2.5139842870250746,0.4525161710927323,0.6063716692642613
90.33676,54,31.357141,54.0,51.907940990455266,16.71601041116217,18.656692625369946,-4.081823918819426,-18.488110506534575,-7.093274325742275,-19.08982126726213,-2.1908535857746494,0.38441719997089624,0.415170575968568
94.314452,50,31.451516,50.0,54.40480106901265,15.061749214014293,16.508620004539992,-3.4523920500278455,-17.194286549091338,-6.221006490077698,-13.203329686385036,-1.5897038709952307,0.4863662872533859,0.4863662872533859
108.09751,60,31.567062,60.0,58.61177179998157,18.618810878536962,19.598410789252704,-4.616805535554888,-21.75884559601546,-7.196493139212742,-13.016518114349072,-2.1428208974702008,0.4369907224228941,0.5243888669074729
132.662561,70,31.698234,70.0,83.39449660402101,22.912393066473072,23.487793882909102,-5.419163203239439,-25.939547491073608,-10.533328051358046,-22.657730304083227,-2.582353716511884,0.48768041181481775,0.682752576540745
106.182874,53,31.799636,53.0,65.6347100776489,15.198130057735405,17.58171628997498,-4.1811375713348395,-19.46603730916977,-7.234371847568518,-12.370586964589958,-1.9795487782994514,0.5891432606947966,0.6244918563364844
110.401617,59,31.908086,59.0,58.92842838455638,20.573186156651776,20.700349869486534,-4.201565382480621,-19.37563941478729,-7.163623055814667,-15.592740984313421,-2.466778655651228,0.4578362105336446,0.5402467284297006
113.743373,56,32.013582,56.0,72.20130405115154,17.755279412296403,17.712386439345327,-4.394861929416657,-19.414246737957,-10.588604551381525,-13.167036272771753,-2.3608476545659736,0.5642768720344852,0.6319900966786235
121.480775,63,32.248082,63.0,68.9490838235494,18.703496151254107,20.76520237152185,-4.5683933353424075,-21.230238795280453,-6.3373148832807376,-15.337537507680512,-2.463522726043994,0.5532986035020715,0.6971562404126102
104.348228,53,32.345009,53.0,62.72318009781242,15.182439534880585,17.71609663753661,-3.528506231307984,-16.02751997709274,-8.040587772910474,-14.760104632292073,-1.9167693770574035,0.4809261395067416,0.5097817078771462
87.74373,49,32.435262,49.0,46.56461247153727,14.051525497082814,14.111097816777528,-3.454463107585907,-16.0653604388237,-4.238697429141106,-10.393421303661341,-1.8315634681595458,0.20308616884719616,0.19902444547025222
99.592588,63,32.551962,63.0,45.61092875833237,19.559522215370627,21.069416746222505,-4.634119834899901,-23.289268994331362,-3.790312242554628,-15.413049734570482,-2.5205290696598435,0.4177134423988727,0.5263189374225796
218.901333,120,32.767488,120.0,101.9359042218485,41.057713425831295,42.49390484029887,-8.544847946166993,-40.51434303522111,-12.025503452743745,-21.02657733870333,-4.4749173820521415,0.1720313467547687,0.41287523221144484
128.475872,66,32.890931,66.0,70.45121642169613,21.674748014746466,21.99354954749103,-4.77695995092392,-21.737708294391627,-9.086522463048997,-13.656275347501746,-2.386175786841566,0.46435865558826495,0.6129534253765098
106.328303,56,32.994806,56.0,63.66649864502277,15.835554226877557,18.104643304504748,-3.951151626110076,-19.427547490596773,-7.283416492692793,-14.91045992858913,-1.7058176715902422,0.49879500393871723,0.5586504044113634
98.048152,57,33.101753,57.0,57.89002487680009,17.317571017653936,17.52803978165688,-4.5948951220512395,-21.092998433113102,-5.537342049004189,-18.392227610858207,-2.0700204023469064,0.5420765551986348,0.6179672729264438
104.25096,48,33.194854,48.0,67.79103378648219,15.197608909971057,15.187366173150043,-3.5371131205558775,-15.25162732601166,-9.244031084032718,-11.70030636045859,-2.191970792164085,0.6051442606375746,0.5809384902120717
77.658956,43,33.275817,43.0,59.09385134436473,12.968589527329732,13.499361273925341,-3.2101535320281984,-14.773077499866485,-8.625864712551724,-22.71337102616116,-1.5803795980846558,0.5386506672392484,0.4632395738257536
110.083847,54,33.376589,54.0,62.238556807142714,17.539556452194123,18.441916011861107,-4.122565457820892,-19.881250095367434,-6.860634454869054,-9.349546269761415,-1.92218592191895,0.527256548225769,0.5694370720838305
116.618825,57,33.479172,57.0,69.54283943861884,16.967073701744585,19.410401924815634,-4.027612967491149,-17.48919781446457,-10.629551426260816,-11.75722348141559,-2.397904427241561,0.5375901091728816,0.6128527244570852
95.204731,47,33.56591,47.0,62.48312381367345,13.870878348409247,13.725924133707789,-3.5826466608047496,-15.565297067165375,-9.884034743466335,-10.832645770914807,-2.0105711175555765,0.6181875132967937,0.581096262498986
27.173803,64,33.681087,64.0,-34.493827298213795,20.48544072833094,21.17505301950372,-4.59462254047394,-20.731979560852057,-2.4106548244994825,-13.97424023578673,-2.2813660814849164,-0.056194571706545515,-0.07192905178437826
104.808848,48,33.768888,48.0,66.22747833199745,15.759482970512295,14.948939099526184,-3.4594798684120187,-15.847336769103999,-7.8024306086655315,-11.455418424520923,-1.5623865652781304,0.6053346474066874,0.5811212615104199
136.748966,67,33.889885,67.0,80.5077533046502,20.538771901561585,22.714691311725566,-4.747354780435563,-23.565161311626436,-10.054109427735966,-13.156036005203758,-2.4895891720442247,0.534965586477649,0.7168538858800497
116.246306,63,34.006009,63.0,65.54539276146713,20.431409407639876,20.812155589299202,-4.834288506507873,-22.017438405752177,-5.542586143612543,-18.83151550738153,-2.3168227865166875,0.54193806908382,0.6828419670456133
134.071625,69,34.255728,69.0,69.21343544478307,23.54268663461589,23.63173039975045,-4.970268743038179,-25.246937751770027,-8.497102859551962,-10.346517615783572,-2.2554007650800543,0.43824782213012436,0.6047819945395717
88.647625,47,34.342299,47.0,50.08859475526846,15.339896411096976,15.304070578698804,-3.6212091970443723,-16.983629739284513,-4.930392265083684,-11.650223266933805,-1.8994820398041312,0.44065745804629747,0.41421801056351965
118.138579,63,34.465022,63.0,68.08873079332085,21.020847114965555,21.97336642641181,-4.493250033855437,-20.322723227739345,-8.159589656365666,-20.691181318931154,-2.277620610463326,0.3892357595959132,0.49043705709085067
133.130416,69,34.594018,69.0,68.91936546403734,22.658359091575132,23.317435617489224,-4.834552516937256,-22.484278583526603,-6.680215441956388,-13.936046462232055,-2.8296510449684456,0.4297532659419557,0.5930595069998988
119.983494,59,34.701386,59.0,74.1778030805072,17.312563152527044,20.3917215597746,-4.339883522987364,-20.051418808102607,-9.18850380359455,-15.23753077864436,-2.081256504310476,0.5543557490593126,0.6541397838899888
158.582278,87,34.859531,87.0,73.29694491312895,29.535756814907025,30.52462593315643,-6.725676250457767,-31.699954760074615,-5.265605980931817,-14.892853548122911,-3.1909590465343203,0.4151844531241375,0.7224209484359992
111.575655,58,34.965199,58.0,59.31691817995718,18.083112682423664,18.955605372098777,-4.007538379430771,-17.48424473404884,-5.3173355926784875,-13.563632480820145,-2.4072298587448935,0.5087803783807859,0.5901852389217116
113.269036,59,35.071714,59.0,55.342429971962886,16.77254946100936,18.941594242237304,-4.226930952072143,-18.011902207136156,-5.7177341747120884,-6.613805999323956,-2.2171638740190396,0.47247396964078137,0.557519284176122
114.954033,61,35.181139,61.0,71.98207350416773,19.231893412378977,20.447774413431233,-4.42687660932541,-21.301696157455442,-10.458172325315394,-19.199520087611326,-2.3214428553053224,0.47767493437213976,0.5827634199340105
95.294159,47,35.266978,47.0,58.63514692062846,14.555514090535961,15.121556573020229,-3.594821238517761,-16.474006080627436,-6.594733535831033,-11.137207609078276,-2.2172899074967645,0.5829021567861618,0.547928027378992
127.503488,64,35.386,64.0,82.15842057898165,19.15331244868604,21.25006117464044,-4.826284449100496,-22.52709601521492,-10.911686852316649,-18.452762669122944,-2.340476391615005,0.523574003732821,0.6701747247780109
116.093043,57,35.487369,57.0,69.21363047559205,16.953366511217325,18.09660007774186,-3.8003647041320803,-17.301539081335072,-7.409817343636708,-14.597285808087785,-2.0615469150129346,0.581480330615692,0.662887576901889
108.300113,61,35.59851,61.0,51.40381188175447,20.301473396336394,18.260195350711054,-4.338557567596437,-19.23680806159973,-3.574357127054762,-13.249675737176336,-2.265969347368027,0.4451402242000269,0.5430710735240328
117.072875,55,35.69691,55.0,74.74160083868222,16.164805557116196,18.33284178749359,-4.353801261186598,-18.49875259399414,-10.961144288762537,-11.237719114024744,-2.1149563728029652,0.5968830553546947,0.6565713608901642
93.727697,47,35.790906,47.0,66.34175234955765,14.51572681141004,15.358642627826121,-3.558053159713745,-13.781811857223513,-9.232314294461494,-20.77986486678567,-2.1363801830737774,0.6233760474411785,0.5859734845947078
139.799367,68,35.91548,68.0,81.31028521504166,22.508322603405986,23.230771780196257,-4.908680334091187,-23.010214674472813,-10.74471755973175,-14.14851009645913,-2.4378901096079417,0.5744315510336003,0.7812269094056965
102.37183,54,36.014548,54.0,67.03844674101686,16.444222499319253,17.95150956765822,-3.8568971204757694,-17.4503854393959,-9.509329075072667,-19.997854055622295,-2.2478829280252706,0.49415325466138665,0.5336855150342976
134.96754,70,36.263802,70.0,71.62156504828212,22.769040985808346,23.144773570141304,-4.923252024650574,-22.74774977564811,-7.224392214317068,-15.379234051846904,-2.293211523936545,0.4775263996163958,0.6685369594629542
97.765213,49,36.352735,49.0,59.16658723172549,15.697256654248756,15.95682396319305,-3.56549750328064,-17.305455291271212,-7.719078391878411,-11.54653769457861,-1.9188859700834047,0.4962106647047311,0.4862864514106364
117.795354,64,36.468399,64.0,68.70192630208518,19.901250595800676,19.74560219575943,-4.455193467140198,-19.707180953025816,-8.307241711297749,-19.721772277477434,-2.362036321622912,0.5202361278866305,0.6659022436948872
97.223175,53,36.563656,53.0,59.56418975988321,16.029035602793066,17.066668853351995,-3.986148912906646,-19.147361350059512,-7.288596850379116,-16.012628787860127,-2.001982966292185,0.44770506102912705,0.4745673646908747
105.748389,48,36.654526,48.0,70.37363355143688,14.432970945965636,15.119327505675832,-3.5548594617843627,-15.717270696163178,-9.477111578634505,-11.783929628343506,-1.6443717739056196,0.6287925130343405,0.6036408125129669
150.948385,76,36.79643,76.0,89.0150590001096,25.244701731913423,26.078609923243874,-5.329214324951169,-23.660690283775324,-11.493940846776077,-22.071396976582733,-2.83474276170307,0.45168448353453705,0.6865604149724963
134.599409,75,36.936912,75.0,67.08716330728433,25.36158983838972,25.76962884478074,-5.43062539100647,-27.024599635601042,-5.117638599522159,-18.243532499620272,-2.8025765870475308,0.4055352877012439,0.6083029315518659
124.299898,62,37.050613,62.0,74.25030168278255,18.738631909085278,20.31216888027948,-4.567285532951355,-23.024668562412263,-9.692252093623884,-11.49625326330143,-2.22074536649245,0.5308908017468379,0.658304594166079
121.369177,60,37.159486,60.0,66.855081022735,19.52083273924095,19.896941624040025,-4.473002483844758,-20.795673847198486,-7.967138752826763,-9.427766873590882,-2.2400966586404834,0.45092161447997714,0.5411059373759726
94.799704,49,37.246663,49.0,53.53893785728592,17.118699902333134,15.774521713185216,-3.7507735872268677,-17.89109121561051,-6.472005381914228,-10.825947278004298,-1.6926377406625672,0.390638210266735,0.3828254460614003
121.382615,57,37.351346,57.0,74.59728126565716,17.636528144754855,19.355037272214606,-3.867018148899079,-17.791866225004195,-8.634020711630457,-14.801514360646683,-2.1118126798650017,0.5686697283181215,0.6482834902826585
126.065554,70,37.48163,70.0,56.79424203549226,22.08398204667849,23.330337562717432,-5.070605063438415,-21.97518630027771,-7.846747175829887,-8.801380261515591,-2.4490884348028086,0.19543932666738284,0.273615057334336
108.332407,51,37.578654,51.0,65.59391084751653,17.07340351653006,16.437528273968283,-3.9586359262466426,-17.999700248241425,-8.894623161075657,-8.898154408750875,-2.021321923522233,0.5690733925956918,0.5804548604476056
110.620493,58,37.694491,58.0,61.70614668205365,16.549198950327398,17.461044684208975,-4.570607802867889,-20.223184120655066,-6.1671836069594335,-10.23211931275891,-1.9028025425008699,0.4275702170363934,0.4959814517622163
92.072589,50,37.784931,50.0,63.778858571037624,14.607468118625738,16.122520871278322,-3.8226418161392224,-18.18741905689239,-8.17911959907611,-20.138886777911853,-2.1081910351439532,0.5424192394854517,0.5424192394854517
71.517607,68,37.907754,68.0,7.734579077184127,20.945095724402258,21.037153893428282,-4.92679304599762,-24.014282560348505,-0.4563578971153501,-14.334876941982271,-2.4669113383201244,0.19062261463183047,0.25924675589928947
64.212235,60,38.015281,60.0,5.404527789820993,19.048431605563582,18.409523643474255,-4.774874942302704,-20.948768699169158,-0.5630078924548471,-10.254078117564687,-2.1095187879097335,0.029662864451250836,0.035595437341501
108.308182,54,38.225687,54.0,63.728536872550386,16.62430643308951,18.434297484035994,-3.937383012771606,-18.511456501483927,-8.422113066859584,-11.605460327832473,-2.00254634768569,0.4960833224830188,0.5357699882816603
104.918098,55,38.322817,55.0,72.746543253018,17.18455084489649,17.4028429536279,-4.1376947188377375,-18.712770605087282,-10.09435287751105,-22.21973468160813,-2.2512866472846365,0.5767304485406334,0.6344034933946968
124.167345,63,38.434437,63.0,68.06261571708745,19.081321411024074,20.481781663341348,-4.519343993663787,-20.753349506855013,-7.887580613818885,-11.22341170737269,-2.0746879258766495,0.5119383641596051,0.6450423388411025
135.503,78,38.573824,78.0,71.43394777471903,24.997106622760978,26.35350227245266,-5.972002660036088,-29.355351114273073,-9.014205691152323,-18.01443018572715,-2.925567327224566,0.3395233687045585,0.5296564551791113
130.147797,66,38.693523,66.0,71.84203319362621,20.70121263670004,21.70632503372898,-4.624107229709627,-20.958075368404398,-9.03862545018972,-13.27424069839733,-2.206724865033483,0.19271818063691293,0.25438799844072507
116.467932,57,38.797126,57.0,72.12537363728836,18.490178979536463,19.31729773824307,-3.94320739030838,-19.087799429893494,-10.603239152045152,-14.830294552748695,-2.00037801760727,0.5230719668177727,0.5963020421722609
133.662055,58,38.901969,58.0,82.54103027534441,18.76257264540284,18.56295742965876,-3.9730467057228096,-17.1835096180439,-11.000341399856232,-9.641431498978433,-2.4061762860865934,0.6489166506857915,0.7527433147955181
113.514252,54,39.001194,54.0,69.110158003751,17.762935657784336,17.77774082946447,-4.004077289104461,-19.472089827060703,-7.791635582948496,-11.802257665367339,-2.0665218427345544,0.5022719009878511,0.5424536530668792
110.858266,56,39.101961,56.0,62.11006685306852,18.535143292694105,18.89876592307972,-4.375983748435974,-18.69106415212154,-5.462157680946457,-13.92388511939805,-2.2326194986382135,0.5361972184333776,0.600540884645383
115.044434,59,39.210301,59.0,67.43754459540091,20.084415429712973,19.566749401586456,-4.450119981765748,-21.37513674497605,-8.249876938095834,-14.82575166195175,-2.1433902737235497,0.3920003847977696,0.4625604540613681
123.469803,62,39.32198,62.0,69.81951483961959,18.963255457881555,21.17800416696748,-4.532684222459794,-21.633234417438512,-6.76365476186704,-13.06561672453729,-2.4957816005923164,0.5623061196899408,0.6972595884155266
95.320803,47,39.405623,47.0,56.91798679568619,14.40694885267555,15.509141524110857,-3.261060454845428,-13.044150567054743,-6.9612977058175876,-13.215316762900985,-2.031448840626827,0.561256105441515,0.5275807391150242
118.907147,62,39.51581,62.0,68.16242517823623,20.168546163690994,21.20874855122153,-4.590834872722627,-21.88702144622803,-9.223889161123386,-14.426464602712404,-2.504362642552059,0.43454066060548996,0.5388304191508075
135.593661,62,39.626812,62.0,84.97672302317318,20.41852886829897,20.219709899069095,-4.82158457517624,-21.04367048740387,-9.773089926174713,-14.51060932804457,-1.8723468593877524,0.47088748702947925,0.5839004839165542
125.224163,58,39.731473,58.0,81.79919313111945,16.7588552908635,18.990734469386975,-4.252392158508301,-19.786862462759014,-9.623495723479977,-14.558333077387422,-2.1035369499943233,0.5702090170420603,0.6614424597687899
135.720396,67,39.851007,67.0,77.12221489812046,22.754219277494425,22.85662699921036,-5.060801575183869,-23.54380539059639,-8.473703700326167,-14.650278301264382,-2.284076157724827,0.4805991910477232,0.6440029160039491
113.264746,58,39.954135,58.0,64.0924642528563,18.13232761256517,18.1182212445996,-4.415171768665313,-20.164365255832674,-6.0871851431192,-12.314577343801217,-2.096967262830538,0.5355489931089941,0.6212368320064331
149.22765,78,40.210498,78.0,88.00580192146823,24.250880611725307,27.309765501457907,-5.8155293154716485,-27.2729256272316,-9.749838713571926,-22.282725346937212,-3.217778820525198,0.5118181612414496,0.7984363315366614
118.753538,57,40.309987,57.0,68.62807020111146,18.794750435617882,19.290455165719617,-3.9402953994274132,-17.65548743009568,-9.014253952827573,-12.324888718057036,-2.0248123001882394,0.5374616118575334,0.6127062375175881
137.838114,60,40.413949,60.0,89.66917005568726,18.939016937084276,19.688242009070162,-4.3769918847084055,-19.729693925380705,-9.96044627128956,-13.853499452288682,-2.5376837409968687,0.6058166842162015,0.7269800210594417
119.823377,57,40.514907,57.0,70.42184691120492,19.147617351782397,18.55672968466454,-4.002722823619843,-18.391216760873796,-8.68488211270097,-12.17642485762817,-2.047570024381557,0.5209872531087043,0.593925468543923
107.606358,61,40.623859,61.0,48.68024515064585,19.224351330212563,19.053854826070353,-4.402380068302154,-19.415903049707417,-3.4147287569693927,-11.089429437396634,-2.0296515030874285,0.3923586336066355,0.47867753300009525
104.900613,57,40.726307,57.0,69.43664905860362,16.900303877434283,19.175621520773465,-4.203426535129547,-19.50496618747712,-8.119501163521512,-23.47691143444373,-2.3071564853267925,0.49799817053638434,0.5677179144114782
140.846646,67,40.844625,67.0,83.70725646357357,22.26486986649403,22.923364769764078,-4.74615112423897,-22.90286691188812,-11.585158817827427,-13.526644182120092,-2.2880245330281634,0.5500414292788289,0.7370555152336308
111.643633,59,40.950244,59.0,54.45311450494996,19.860672623910606,19.67890289146197,-4.351792380809784,-20.712719297409055,-6.179971759707304,-7.989309448677855,-2.1152644822146387,0.3760078265682723,0.4436892353505613
104.510392,54,41.04635,54.0,56.7553763409809,16.73272444229045,18.03365666157146,-4.146162980794906,-19.620322716236117,-6.64010549539525,-8.440879432805179,-2.1638949771824723,0.38522209603846824,0.4160398637215457
114.086138,54,41.168948,54.0,76.32040897212924,17.733221230796122,17.043420409838575,-4.326190004348756,-19.59368027448654,-10.46726972800842,-14.506683097317582,-2.1170896131777104,0.6322719438009518,0.6828536993050279
172.807935,88,41.349049,88.0,96.31386900056114,29.47428710298505,29.980672476229614,-6.4894576501846295,-30.522450315952295,-12.802625232228657,-18.03374459979615,-3.1126161773442145,0.4717868319080591,0.830344824158184
98.032747,47,41.436523,47.0,65.44225758684318,14.386971424816872,14.861666202949701,-3.674004855155945,-15.568493497371676,-10.087385997870918,-12.36338969194739,-1.9648745973914181,0.39238621597759654,0.3688430430189408
146.640567,81,41.587234,81.0,72.8699503506055,27.321397491983557,28.0633539303141,-5.877221989631653,-28.449308913946158,-9.57006751874763,-15.878329948445739,-2.83920634537878,0.3854816096478096,0.6244802076294516
95.92182,52,41.683653,52.0,61.19945284944571,14.470675220765264,16.91693160238426,-3.6433670854568483,-17.39168906211853,-8.837072096063075,-16.726741023778978,-2.0663707384671293,0.5001725207962618,0.5201794216281124
92.256007,53,41.780139,53.0,55.516328367921496,16.45622994424601,17.007805464232153,-3.8065184259414675,-17.520045197010038,-5.618407594440705,-20.638798509565188,-2.1405868071623937,0.4698979901909379,0.4980918696023942
108.436635,60,41.888949,60.0,56.9369657745505,18.90831354023059,19.160117788134468,-4.316406409740446,-20.890686464309695,-5.769782376185648,-13.817075343340171,-1.7748113873478741,0.48860642272779903,0.5863277072733588
107.899918,55,41.990338,55.0,74.16368187106806,16.074852224445046,16.95588445872682,-4.304564003944398,-20.56073019504547,-10.876183587582128,-16.363779973169894,-2.18924261800369,0.5404218579849894,0.5944640437834884
114.576362,58,42.212027,58.0,62.18506432214727,18.667099361614337,19.781755514683443,-4.255663723945617,-21.785639023780817,-6.496227562395062,-9.31179548014348,-2.208231334276634,0.4657165755201757,0.5402312276034038
128.513161,65,42.330897,65.0,74.61461208219285,21.799174663992634,19.445953691380655,-4.453075230121612,-21.208289581537247,-9.158006108372305,-15.264173889331676,-2.2630347989994952,0.4369995917912329,0.5680994693286028
101.383918,61,42.44116,61.0,37.58867008259616,19.29314947635387,20.08034663527454,-4.336334035396576,-18.29414917230606,-2.0809779605607677,-9.50866083548057,-2.358126051457379,0.40646226840472105,0.4958839674537597
114.425149,56,42.541715,56.0,68.15259385174986,16.954458790836657,18.609972410465602,-4.002075803279878,-18.176436686515803,-7.138676225211194,-13.799224898215572,-2.175462621433464,0.5721678393690632,0.6408279800933508
128.500963,67,42.661595,67.0,62.39042241385195,21.90619124332889,22.38620810008874,-4.824870430231095,-20.799665832519537,-4.373218442136595,-12.696686366439316,-2.4874173877769197,0.5428949393301102,0.7274792187023478
113.518677,51,42.753423,51.0,70.17436184531576,17.234856274595057,15.957009610886253,-3.548464498519898,-16.33939427137375,-8.591223758583524,-10.774253673123479,-1.5942148977144208,0.5887882964867205,0.6005640624164549
94.248649,48,43.044991,48.0,59.26800740693129,14.415839225047197,15.696998087024282,-3.3891161942481998,-17.174580550193784,-8.255526502472245,-12.430061064801857,-1.88291186316702,0.49698836465626256,0.47710883007001204
112.719036,48,43.131626,48.0,77.26766500699459,15.252846770731288,15.20010112644495,-3.533574919700622,-16.009834420680995,-13.058426785592602,-8.705776071710433,-1.6939642700721085,0.7021614742459453,0.6740750152761075
126.489437,56,43.228345,56.0,75.43899499658488,18.27835972555432,18.826324302183703,-3.8275090479850773,-17.410712140798566,-8.149529541063202,-10.747848583086618,-1.9186425672678435,0.6029692259921829,0.675325533111245
114.026136,59,43.329991,59.0,63.784060172659494,17.761185224041263,19.98773672085484,-4.287954411506654,-19.221057391166692,-7.440336095519951,-13.240068126867842,-2.317430140719854,0.4382589620460052,0.5171455752142861
130.609877,60,43.435206,60.0,82.67346919405244,19.91287696339038,20.04962842368188,-4.453714661598205,-20.444690394401547,-10.675442340614566,-14.058266268780287,-2.393983904156933,0.5961461694481778,0.7153754033378132
112.41645,54,43.532171,54.0,73.26249260647543,17.867165642924164,17.947746879010896,-4.11190309524536,-17.722296380996706,-11.15266424219627,-15.67093857257024,-2.0031523944360905,0.5978159808998877,0.6456412593718788
111.310256,51,43.622763,51.0,77.38435294080394,14.587713985616947,15.626712806647555,-3.8017954540252674,-18.769086146354677,-11.905706768786853,-10.931179134018743,-1.8807564904457843,0.6930403554335255,0.706901162542196
108.484803,49,43.70856,49.0,74.58924934338313,15.803455437980155,15.334699095196882,-3.664585537910462,-17.002125751972198,-10.741805663979164,-12.93965690422008,-1.8944271898732012,0.6687460365696906,0.6553711158382968
119.366044,59,43.812949,59.0,69.9841874503148,20.527339849962203,19.772759168394412,-4.348173947334289,-20.870723718404765,-8.289341207334093,-14.219667906605359,-2.190335504608723,0.4757422700260903,0.5613758786307865
131.46975,61,43.921788,61.0,80.88510415614905,19.63697867721666,19.97304040069109,-4.603407046794891,-21.44595249891281,-11.223380303995134,-10.46384631336018,-2.288786683285744,0.5564302275200445,0.6788448775744542
125.572614,69,44.04535,69.0,68.97911849762245,21.339644153348747,22.957796465313614,-5.06804626464844,-22.262218135595322,-8.459443335171512,-18.067549205834357,-2.8466883687014124,0.3561469647620836,0.4914828113716754
100.418181,46,44.128307,46.0,66.95523186453744,14.281975410889729,14.722937107110324,-3.555370879173278,-17.17588479518891,-9.806755049331032,-9.285285095259283,-1.7186678585292385,0.6236361310777155,0.5737452405914983
124.127603,57,44.347351,57.0,68.41301060577308,18.62173547631329,19.233925516355885,-3.766444380283355,-17.322336494922634,-8.540755957392008,-7.296249097560022,-2.2152822054560137,0.5396901482762267,0.6152467690348985
183.606023,91,44.5061,91.0,93.91799745166419,30.952490376068535,31.906370579951428,-6.765743451118474,-31.127999269962313,-8.307699411393417,-14.273650068557718,-3.6957427413161827,0.4563133080828539,0.8304902207107941
100.552474,53,44.599798,53.0,52.31239141082481,17.038371106942922,17.960392920411046,-3.8350034713745114,-17.083045923709864,-6.995174110834107,-9.837881536566737,-2.0075765126369745,0.41631991888906406,0.4412991140224079
128.861278,59,44.705723,59.0,81.11554879074473,20.063294934009704,19.804166529063174,-4.3887723684310895,-19.495784679055213,-10.74340695721132,-13.903677355931917,-2.5900905147603877,0.43956297554502033,0.518684311143124
122.751446,57,44.808565,57.0,68.45405014131782,18.64364326767037,18.318833742557445,-3.9939885210990917,-18.58932291269302,-8.111150189006539,-6.92848390803272,-2.042135535663923,0.546865917878663,0.623427146381676
120.284393,56,44.908456,56.0,69.50724488846399,17.84044470622936,17.988314148727113,-4.192271964550018,-19.274206018447874,-6.4986476529059125,-8.883232950335987,-2.203252102362004,0.5047419335912332,0.5653109656221812
135.839243,75,45.043943,75.0,65.48351705959404,24.86580884868977,24.73504274977661,-5.556463270187377,-25.640637898445128,-5.462407789817753,-14.867841409327674,-2.717774941152463,0.23431102461500372,0.35146653692250557
167.012273,79,45.188339,79.0,87.89240792113787,26.207595152577667,26.705423463493418,-5.946940062046052,-26.167527806758873,-8.397115327281062,-9.383935223514882,-2.897635565078426,0.43335332151301154,0.6846982479905582
115.420074,57,45.294666,57.0,69.3683075603579,18.340146537730206,18.45405751036545,-3.9345102667808547,-16.21522129774094,-8.17680731940894,-17.34443427121349,-2.0714641520273775,0.5091643599895797,0.5804473703881209
118.752448,57,45.401718,57.0,76.46485690213109,18.544775204765305,18.980609574220804,-4.189593009948732,-19.01568516492844,-10.188841333095487,-16.71760990992303,-2.1260643244822583,0.6043446500624936,0.6889529010712427
134.680617,64,45.517414,64.0,81.81453238275525,19.93765495113235,21.444080892860807,-4.776353743076326,-21.405935913324356,-10.898140496244102,-12.711554141559978,-2.7236667468791644,0.566561515068373,0.7251987392875175
145.222803,65,45.634843,65.0,93.67767867228117,21.30425547918582,21.31537034299056,-4.901749134063721,-20.900821578502654,-11.985360745122295,-15.872599861617715,-2.4139699919484787,0.6036394247521529,0.7847312521777988
151.963703,78,45.781446,78.0,67.17335369670053,27.5637658158984,26.83380053726517,-5.438336412906647,-24.370870304107672,-3.982992983330063,-11.222612786528403,-2.5924042050694367,0.45035350818187164,0.7025514727637198
129.432535,58,45.887902,58.0,75.68083391231016,19.342700932802387,19.295024832882373,-4.169241685867309,-18.085266005992892,-9.889370463761887,-8.25404348670843,-2.4881033231865635,0.5707573705730792,0.6620785498647718
98.361931,53,45.995026,53.0,62.92863803030481,15.935762787880378,16.097131739480837,-3.8244191884994514,-18.310153579711915,-9.318460640615013,-16.521607820509775,-1.6249606985332545,0.44153778221444134,0.46803004914730784
121.465025,56,46.096888,56.0,75.01979402779656,18.176442919079793,18.58234984742897,-4.14405970096588,-19.409792506694796,-9.949073681175594,-10.925049287088438,-1.885586200110437,0.6334555049956149,0.7094701655950887
127.108823,56,46.312918,56.0,76.27222360983531,20.20444694574583,18.29067882821425,-4.261777515411377,-18.9285786151886,-8.52275564051747,-10.01628852260651,-1.9291260563029367,0.6150035171468392,0.6888039392044599
141.590687,66,46.429799,66.0,79.71674498123761,21.279218639036277,22.54548637427473,-4.585780639648438,-20.496786975860594,-7.685440760566276,-12.683492721334245,-2.4992622698774163,0.5985517519915399,0.7900883126288327
129.952519,62,46.547776,62.0,81.23025855983516,21.285005030105438,19.96237278791893,-4.524122259616851,-21.280023854970935,-10.259816646092812,-16.513306253168647,-1.947848132288622,0.5777352472382131,0.7163917065753843
178.153613,84,46.703564,84.0,99.90547039366022,29.504961001959874,28.920808087418116,-5.989999256134032,-27.898923993110657,-12.757729294899065,-14.91738057104662,-2.6135935573712583,0.5440787096380133,0.9140522321918623
130.438758,62,46.813601,62.0,74.2288631244111,18.822762450105383,21.044058610906795,-4.484461607933044,-20.130224442481992,-8.037529547024478,-10.559062954824942,-2.445647340597209,0.44260050945521673,0.5488246317244687
138.234449,66,46.934058,66.0,79.33955176280742,20.836658028330817,22.797445919838136,-4.818618263006211,-21.61909325122833,-10.355563170775657,-11.399653523887118,-2.546278077339498,0.47594694268935533,0.6282499643499491
108.666948,49,47.021332,49.0,74.12321733480084,16.390684999358417,14.969035290886561,-3.8211177587509155,-16.769898182153707,-11.326293141270762,-12.18547837622098,-1.713201888332274,0.7039106127584589,0.6898324005032898
152.579293,72,47.148137,72.0,86.07780254010802,24.624607419058155,23.755056974729502,-5.1791125321388245,-22.05730729103088,-10.653723189240408,-13.415495801225612,-2.5725346362802624,0.5188104476372846,0.7470870445976897
122.242691,55,47.246975,55.0,71.87882218231066,18.658698775743275,17.48739041488901,-3.938503682613373,-18.30435764789581,-8.338029189993426,-8.38912551346763,-1.8122040765079648,0.5938354927885113,0.6532190420673625
137.507703,63,47.360125,63.0,75.75570129473218,20.508062271092395,21.096882290331845,-4.658606023788453,-19.33223776221275,-7.934524393269989,-8.599919091598775,-2.327655132533276,0.46510399267965985,0.5860310307763714
159.640959,75,47.492746,75.0,90.78848125117926,25.90029806585451,25.451482240087152,-5.844890093803403,-27.128369462490074,-9.978253791890497,-11.491689036474918,-3.0561002794830254,0.49925427760722285,0.7488814164108343
111.092551,53,47.593661,53.0,63.438978938414884,17.303722023002944,17.226298681325883,-3.806471285820008,-17.51855411529541,-8.867327144310343,-8.01381897810948,-1.6702767571362738,0.5212410905039784,0.5525155559342171
128.500523,64,47.71406,64.0,76.11303254406363,20.872097050090943,21.554586636763577,-5.058843281269074,-23.97431933879852,-9.035295460499444,-13.835480125278897,-2.1352549044463878,0.465137620961494,0.5953761548307124
111.15929,58,47.819586,58.0,61.964087293288515,16.448522337334495,17.96013574700303,-4.0071517395973215,-19.1018696308136,-5.6016032400644225,-12.461628089336866,-2.0412023164649526,0.5205696828086087,0.6038608320579861
134.184525,63,47.934577,63.0,82.53171028207878,21.38769929027328,20.564088944228033,-4.566717474460602,-21.4783650636673,-9.65118383441734,-15.1644332328759,-2.4382743913587372,0.5427694987997592,0.6838895684876967
130.051084,57,48.042212,57.0,78.29026969105274,19.95963422861013,18.671999377006326,-4.079493339061738,-18.080285447835927,-10.686492140835172,-8.907485967161861,-2.1170622017599654,0.6011242540863609,0.6852816496584515
135.508995,59,48.265762,59.0,86.64173269511618,19.50218118001059,19.157467227493903,-4.18389503479004,-19.05756431818008,-12.750364255440779,-10.931718002235527,-1.8688447975637736,0.6506133233324638,0.7677237215323073
116.141523,63,48.381199,63.0,62.55632204997955,19.84030199292709,20.4462667559229,-4.596327109336856,-20.624652612209317,-5.678681872723054,-16.251629721443674,-2.5500768615275735,0.4278627991033114,0.5391071268701724
139.424531,64,48.497107,64.0,88.63859510907821,19.99762121315526,21.63110347807626,-4.846286475658416,-22.598703935742382,-10.471034310180958,-14.498720300496611,-2.4280437634267136,0.6216733034573859,0.795741828425454
150.534245,75,48.637823,75.0,80.90715657445432,25.063329764914926,24.635964975310987,-5.552357194423674,-24.959502011537552,-6.966155783774791,-15.059394214923845,-2.534797231291705,0.35005767954285966,0.5250865193142895
138.561079,108,48.842746,108.0,19.775234939113474,36.79819344346748,37.047201602318765,-8.123348994255066,-33.03244176506997,-0.8375730293364043,-17.20913591636701,-3.8570517797141646,-0.026696577046733668,-0.05766460642094473
157.651059,77,48.986111,77.0,85.53650288578794,26.974439384641364,26.524649036195488,-5.677941908836363,-26.448200422525407,-11.009324754249405,-12.377822006323779,-2.8712436042588996,0.4837538246851014,0.7449808900150562
78.909985,60,49.095266,60.0,23.947567225252676,16.65731832813238,18.20477862007802,-4.639873766899107,-21.098950839042658,-1.197825541366771,-10.773532327783471,-2.189496466672758,0.3312324031445998,0.3974788837735197
139.211663,62,49.208306,62.0,87.82317855770476,20.359303068377667,20.427987194256744,-4.5480964088439935,-21.302434611320486,-10.323952081254955,-12.95457250528544,-2.2697500531476806,0.6351305287090814,0.7875618555992608
113.986655,53,49.303451,53.0,68.13332942707046,16.78360765176353,17.162662035038444,-3.596536517143248,-17.212263417243957,-7.873128999644628,-10.799509722936195,-1.6115050696197597,0.5625659892836352,0.5963199486406534
133.454177,62,49.417732,62.0,74.95738791091082,21.66381294897478,21.22855850828365,-4.423352394104003,-19.619402438402172,-9.237802792293287,-11.070978196574236,-2.0440469011015128,0.469170547886547,0.5817714793793183
189.129305,91,49.582509,91.0,106.70809532250338,31.284118162616295,30.702810877912132,-6.8576942658424365,-31.117942214012153,-11.868512790501896,-17.273158296404365,-3.4484120982992037,0.4240462007311223,0.7717640853306427
146.48343,69,49.70832,69.0,84.9711661222049,22.155740181114226,23.98585430144039,-4.981643195152283,-21.365687364339827,-10.490675751941595,-14.058793397547788,-2.732530481436493,0.5436762590763822,0.7502732375254075
145.485849,67,49.833318,67.0,83.6285723834054,21.851448744452664,22.760452939187562,-4.762895644903183,-23.479725944995884,-10.131911858145536,-9.063208710792646,-2.316882855592069,0.3549140654822915,0.47558484774627063
144.845858,70,49.964591,70.0,79.70154263772986,23.671240314357867,23.28387908213287,-5.2535152864456185,-22.322529482841492,-10.068072086655812,-11.652423597623013,-2.5142639180513986,0.4868344210528903,0.6815681894740465
110.47933,65,50.083201,65.0,61.56017281585757,20.08237529284509,21.033478549850482,-5.097841689586638,-23.717714416980744,-6.31739656551847,-19.598426065059858,-2.4653178857112246,0.47894609795382886,0.6226299273399776
131.81448,58,50.31369,58.0,86.78547517065775,17.99093334505997,18.561798338839107,-4.15480411529541,-19.047129881381995,-11.417474499136082,-12.68291967262534,-2.2213984016304797,0.6434897445067346,0.7464481036278121
104.365683,55,50.413784,55.0,56.681616438157064,18.03076423912065,18.076994532329724,-4.226534476280213,-19.48694204092026,-4.760995651592425,-12.75593328495743,-2.19328678412925,0.43094257167368744,0.47403682884105625
139.550394,64,50.530207,64.0,85.59135689991137,21.591942476653205,21.6277407257809,-4.943063207864762,-23.71460980176925,-11.71571586872557,-10.579999055904231,-2.3072585905114833,0.6081359355457019,0.7784139974984984
117.178573,91,50.695637,91.0,17.03053866291566,30.141138694497513,30.48202762624006,-6.7800125193595875,-30.63625148534775,-0.6746477647871736,-10.116059782108572,-3.2681601599214614,0.25613797180953657,0.4661711086933566
167.189605,75,50.834081,75.0,101.61361218133749,24.83221514048022,25.91992662880556,-5.539751839637754,-25.092930281162264,-10.937294094955531,-15.406008511792614,-3.2001647128912127,0.5658975242697433,0.8488462864046149
144.880225,70,51.017234,70.0,79.07405791964923,24.162958233233933,23.318413965223044,-5.139254961013795,-22.740993225574496,-7.886521948970511,-13.344739272287502,-2.5636959053187467,0.47451012268560316,0.6643141717598445
144.058425,62,51.141458,62.0,85.26370200732882,19.723404990701454,20.058426000066493,-4.202815935611726,-20.22546833157539,-8.47761418658243,-7.948635990313733,-2.1325730910161784,0.6135813424562773,0.7608408646457838
128.679223,60,51.252864,60.0,74.822068579973,20.982174706934284,20.18718958467216,-4.403843866586685,-20.112734246253957,-10.540539478547991,-9.968707263001995,-2.2863854118925238,0.5819951216595913,0.6983941459915095
136.678823,63,51.368376,63.0,79.32694749440537,20.603396281310072,21.19663927376215,-4.394383234977723,-19.847092783451085,-9.661834420473571,-11.269346397206869,-2.2755034834262915,0.5430447619357981,0.6842364000391056
140.621961,69,51.497971,69.0,78.82162085937138,22.013090133253517,23.601948348664596,-5.18605347752571,-23.606996273994444,-7.154006881656507,-14.492354561698612,-2.3752866827893895,0.5259883732658608,0.725863955106888
191.280454,85,51.653425,85.0,114.57969532459555,29.590256201182118,29.335153495196902,-6.403105361461637,-29.340078520774846,-13.842428524254164,-14.634024305453261,-3.0050147517205916,0.6103730695409626,1.0376342182196363
150.146681,69,51.78207,69.0,89.81951894125432,23.221987930250158,23.084846220420363,-5.0713255429267905,-23.79807088375091,-11.840550933687215,-11.669155522460501,-2.6005694584448156,0.5384327186115159,0.743037151683892
120.362494,61,51.892838,61.0,64.42553243783134,19.129948752843955,19.75244078586216,-4.340718286037446,-20.91351417303086,-6.014600620004444,-10.640334132402945,-2.0362603530536023,0.37123387502064437,0.45290532752518614
140.127263,66,52.023186,66.0,80.2871250544729,22.319029008892453,22.634253769660504,-5.236854782104493,-23.590756893157966,-6.788785523057918,-12.905690822853842,-2.5910570128613637,0.5260795019972438,0.6944249426363619
133.300576,67,52.15146,67.0,74.40417096500012,21.204065361911116,21.862082736726475,-5.131752271652221,-22.79844610095024,-7.36128622385056,-13.269314779373575,-2.608943338294543,0.39615565072599696,0.530848571972836
126.716827,58,52.397408,58.0,75.82602608500397,18.481556098500697,19.401418515467178,-4.187332882881164,-19.102690595388413,-10.525253024082572,-9.204197621081379,-1.9726997082792226,0.5855745185632574,0.6792664415333785
149.961553,72,52.532995,72.0,78.82010252668321,23.38505291751639,24.713373467071644,-5.278255393505097,-22.994488948583598,-9.456519384018835,-8.416353840735773,-2.8113586506823425,0.4779181374709029,0.6882021179581002
156.507984,70,52.670035,70.0,95.3577717824289,23.859502583275066,23.661321607386846,-5.061888139247895,-23.436385846138002,-11.85860763182117,-13.424791908381357,-2.5889388293110116,0.5873976529622814,0.822356714147194
140.851434,64,52.795118,64.0,82.17467898659748,22.165106809528858,21.333873175261584,-4.465752232074738,-21.016399800777435,-11.029678840810659,-9.939235395684708,-2.371159068258584,0.49232676085550237,0.630178253895043
125.709437,57,52.902463,57.0,75.30053533165487,17.31887218167725,18.26268068533892,-4.327746462821961,-18.6207138299942,-9.079243741070133,-7.857258675996526,-2.287688319336772,0.5339858891759135,0.6087439136605415
126.13104,61,53.017056,61.0,74.17855493903146,20.323495615059045,19.65877859254243,-4.542489262819289,-21.38569620847702,-10.920855127227618,-9.973902176919774,-2.206846318945493,0.5915709290262696,0.7217165334120489
138.925485,66,53.1369,66.0,76.9774137518727,21.98194964343095,22.766657348695002,-4.890500102043152,-21.685441410541536,-8.024035740368356,-11.758331325878514,-2.4422269015022082,0.5152260762132463,0.6800984206014852
124.925263,61,53.255572,61.0,68.20063387844377,19.940560235179706,20.18789005073083,-4.271749773025513,-18.951294636726377,-8.430631137695428,-10.760944174509747,-1.9892010560004978,0.46926976850772234,0.5725091175794212
131.144594,64,53.383283,64.0,83.73625482287963,21.22148654366433,21.03286155903658,-4.9134885430335995,-22.860661298036565,-11.296124711670444,-17.488980152956252,-2.2867542201983273,0.578506965604767,0.7404889159741017
135.391469,67,53.519334,67.0,74.37252917756327,22.923106679763865,21.78141516471842,-4.953502256870273,-21.73727153539657,-8.640505926313823,-13.026429276744487,-2.3278726374565375,0.43825079175192705,0.5872560609475823
196.802326,85,53.72973,85.0,115.66327062752941,29.449390546926786,29.30530775586106,-6.472756249904633,-27.22823799848557,-14.572371676092304,-10.402307804301715,-3.9399696041539123,0.4885446344819149,0.8305258786192553
146.887385,64,54.013671,64.0,85.72443950155207,20.406821558939722,21.44719036522706,-4.595896062850953,-21.32328652143479,-8.072398030620592,-8.450499524111539,-2.248986153025086,0.6111273095714514,0.7822429562514579
132.526149,60,54.257544,60.0,78.75940736215185,20.229867229152596,20.093457923864374,-4.202019542455674,-18.588836240768433,-9.82576500360154,-11.880374357885227,-2.059588762375707,0.5384749483044778,0.6461699379653734
116.268849,51,54.477664,51.0,71.93025379368655,15.609917211941333,16.89717698846018,-3.635298241376878,-16.293538641929633,-9.5572185650983,-7.977362504919273,-1.7050809942127059,0.5876442341531524,0.5993971188362154
126.174229,55,54.68825,55.0,77.96889816558642,18.36493935605037,17.900992236794306,-3.9546253085136405,-17.35525589585304,-11.151981347025362,-8.340706684880113,-2.2580317788600466,0.584870972754491,0.64335807002994
122.862793,57,54.917027,57.0,77.85560319932164,17.82913893683914,18.565525284347085,-4.043516368865966,-18.860929667949673,-9.518697875502385,-13.895681966386206,-2.0686481300431887,0.5450699249587942,0.6213797144530255
145.204422,75,55.331974,75.0,78.13010838756101,23.380721195440646,25.53480471968881,-5.526708226203916,-25.904409444332117,-10.39632190232239,-12.164856146689992,-2.8489168685029593,0.3804395859459924,0.5706593789189887
144.249749,67,55.464314,67.0,84.83401657332087,20.76505165346971,23.22441787169072,-4.82403682470322,-22.860731357336054,-10.691128459033349,-10.933709467174843,-2.264131132876623,0.4625935004294325,0.6198752905754396
188.748291,87,55.626929,87.0,109.5135147089347,30.21250278552998,30.33070621182323,-6.306322624683381,-28.761294591426843,-10.715004429134943,-19.32215904230598,-3.203651960167204,0.5240748754782564,0.9118902833321662
141.382873,63,55.753531,63.0,89.41970554766948,21.036032592959614,20.162647269195634,-4.526887047290801,-21.167912292480473,-13.369196258629467,-11.036884658760174,-2.1346322973152176,0.634614883533191,0.7996147532518206
142.640485,61,55.868804,61.0,93.41828609068047,20.04913436253594,20.10132281445107,-4.2270787358284,-18.318379712104804,-12.60270175471425,-14.25694914405446,-2.5231487974338878,0.6371930883224111,0.7773755677533415
152.057491,69,56.001556,69.0,91.42246955701769,22.598521473096387,22.815106886809662,-5.031417427062989,-24.900633895397192,-11.599359731200483,-9.96314752672888,-2.284048392429508,0.4504004224024994,0.6215525829154492
146.041262,63,56.121448,63.0,87.96377604689154,22.216923732677888,21.189110737757794,-4.625615842342377,-20.316723358631126,-12.174309769846257,-8.828433153929563,-2.3834667816376385,0.5790453697095438,0.7295971658340251
151.436083,73,56.264882,73.0,76.88428399362128,23.313585705984114,24.47084140819481,-5.260897266864776,-23.55659382343292,-4.436541973838354,-9.970585284844057,-3.0080100267913457,0.36171747536308807,0.5281075140301086
163.39565,79,56.415786,79.0,84.55164567211267,28.524964111300115,26.8009824780349,-5.568400263786316,-24.916333889961244,-9.579819672507009,-12.335694696375628,-3.08169358765136,0.43730968527195135,0.6909493027296831
136.958856,62,56.531469,62.0,81.14773843612997,19.88160514112617,20.599074573237935,-4.449386436939241,-19.80655906200409,-8.990121996323545,-11.106761767013818,-2.3167333212518257,0.5815482442410168,0.7211198228588609
150.687829,65,56.650811,65.0,99.96727938843415,21.454584283656068,21.82251154477527,-4.745334486961365,-20.674577009677886,-12.893336877294903,-17.19517573980954,-2.0481220320946716,0.65308863116979,0.849015220520727
146.496,60,56.762396,60.0,98.56704001518096,19.82154807670088,19.980688092833958,-4.345713036060334,-18.452393090724946,-15.665273010024546,-11.299388098918808,-2.1105088203200846,0.7132061729362321,0.8558474075234785
129.974776,53,56.858361,53.0,88.30786077648456,17.934184555870683,17.00428366440283,-4.161134831905366,-19.117642295360568,-12.779656378634197,-8.277163290339267,-1.9359558285053262,0.7800573223471291,0.8268607616879569
125.929193,57,56.964749,57.0,77.70897012968649,17.81995453029781,19.282876481449563,-4.12358959197998,-18.713877761363985,-11.276003041973798,-9.859933629719334,-1.909203751320391,0.5879337965869849,0.6702445281091628
88.14003,53,57.058746,53.0,30.893725394248506,16.81603876933663,16.395615638113266,-3.962838981151581,-16.649189293384545,-0.9651450543391111,-5.414923913852649,-1.9732527766062808,0.4567798781932395,0.4841866708848339
180.087931,77,57.192794,77.0,107.23145418952691,25.809491442461358,26.24152794424411,-5.31850298881531,-23.17755640149117,-13.5183836677496,-11.342865478611943,-2.8372338112016826,0.588000225069341,0.9055203466067852
129.860319,60,57.410286,60.0,75.14784161546135,21.162770078820742,19.42884088090568,-4.3369782900810225,-19.24069763422012,-8.287781212115814,-12.017893834312131,-1.9957823388877263,0.49493704455861887,0.5939244534703426
145.652311,68,57.537616,68.0,81.49880319840581,21.998556765083826,21.30976568710491,-4.953158414363862,-19.985111701488496,-8.243086665589747,-11.729910229946183,-2.2435472981279494,0.4168448205611881,0.5669089559632159
173.794445,84,57.688441,84.0,91.04078210592857,27.974498957070605,29.093866062855128,-5.932311637401582,-26.451952463388423,-10.420475357403463,-12.490801633561796,-3.019161342259292,0.4760333393000506,0.799736010024085
133.38814,58,57.791419,58.0,82.00912761207147,20.162612299502136,18.305994478498164,-4.032933862209321,-18.56734679341316,-10.66201831042619,-9.849017643089805,-1.9782777199886412,0.6016182861836215,0.6978772119730008
150.953724,66,57.907812,66.0,83.19138104420001,24.520994759342912,22.720095027760966,-4.62118847846985,-20.26448248624802,-9.57075281183739,-8.794064609203486,-2.228257999589315,0.5522028569463622,0.7289077711691981
146.849562,73,58.038797,73.0,81.77127316969084,25.37805833551053,24.184561547785943,-5.313576653003693,-22.764944231510167,-9.874292082882222,-16.87148574124417,-2.6600326707048665,0.4663916961757044,0.6809318764165284
147.506316,68,58.160644,68.0,92.68596082664097,23.130077195051292,22.47761038704461,-5.1506396436691295,-22.244231140613554,-14.099226935407778,-14.800626888078549,-2.492607711936801,0.6181344976154427,0.8406629167570021
106.53734,50,58.249794,50.0,59.98302827025802,16.500799762229665,16.124905919789715,-3.449689240455627,-13.717616635560988,-6.950494773108368,-10.190545647486038,-1.7630478242570575,0.510553774994284,0.510553774994284
132.141236,63,58.359275,63.0,67.18088149250076,20.22688500184427,21.020738667971592,-4.330309264659882,-20.615266001224523,-4.770414476974608,-7.34036699223095,-2.2309127360236904,0.5342474191797901,0.6731517481665356
164.16874,73,58.490712,73.0,97.01733521358818,25.508170030240674,24.87615451240963,-4.958222395181654,-24.794539535045622,-12.51452400230744,-11.59248490503686,-2.3731484816331676,0.5680729142714587,0.8293864548363297
181.668157,92,58.66049,92.0,96.94811718854872,33.164497103723676,30.62241743293195,-6.77936767578125,-30.138954651355746,-12.485296940390043,-18.741346724884597,-2.9219082535571554,0.4538007237581483,0.8349933317149929
138.427422,67,58.789054,67.0,79.73266114303995,21.91685372977038,22.843715088595637,-4.992383502721786,-23.183700132369992,-10.55367485080563,-11.938990889383229,-2.397058455246753,0.4539005940690995,0.6082267960525933
145.089008,60,58.899248,60.0,86.64666161714612,20.246960540481638,20.029396902935666,-4.009385690689086,-17.95574301481247,-8.911250992149178,-9.082239311281308,-1.8753922861677248,0.6066395765700179,0.7279674918840214
122.383897,59,59.009671,59.0,79.51277091350747,19.10868904303436,18.912043204153893,-4.221593012809753,-19.03526656627655,-11.005544085841459,-17.55271852744237,-2.3344835264306782,0.5786454330102563,0.6828016109521023
115.647225,55,59.11255,55.0,68.3602939591115,16.185221882258475,18.72861147189458,-4.116696214675904,-19.793074190616608,-9.18839704355236,-7.659392466177969,-1.8693419475235482,0.5263938382177692,0.5790332220395461
184.846803,85,59.389913,85.0,108.28141002023558,29.973350517171014,29.537724663325207,-6.657603292465208,-30.203069126606003,-14.820898314767822,-13.19494829893676,-3.0691633178675093,0.5058903508573452,0.8600135964574869
137.596784,62,59.503148,62.0,75.29381234905853,20.92201602451329,21.640885464591815,-4.359607253074647,-21.962500989437103,-7.823205342007486,-6.24309565698126,-1.8715203359599268,0.5396814802623,0.669205035525252
168.885583,80,59.649746,80.0,93.49300264822377,27.565255210763915,27.349160242612438,-5.980061779022215,-26.666907459497445,-9.192654637063395,-14.475508507019367,-3.2067031607639436,0.47170115846267585,0.7547218535402814
165.404372,81,59.797056,81.0,89.97015330314971,26.876341167058264,26.708396111360383,-6.020918686389923,-24.897448551654815,-10.669350713048317,-14.558494866392785,-3.004305303357881,0.4953895137807194,0.8025310123247654
144.205742,64,59.913214,64.0,91.79493973127003,22.434174926133768,21.115236241046286,-4.20074363708496,-17.745502191782002,-12.584317353386519,-18.530875668460414,-2.0771699271621458,0.6062834089513792,0.7760427634577655
141.173637,75,60.054203,75.0,58.92304528786747,26.016385116486006,24.696230774784414,-5.28376133322716,-23.888208985328678,-3.1402990013802823,-8.571921291256011,-2.5778333957756083,0.43357931735598637,0.6503689760339796
169.970929,81,60.19786,81.0,93.39533276300386,27.364004026078376,26.274237961895274,-5.8766435050964345,-26.622238266468045,-10.155865317366755,-12.063578808676697,-3.3443194721457714,0.5072212172174361,0.8216983718922465
134.682184,64,60.314962,64.0,75.89148184332468,18.46440979641752,21.382476562754434,-4.296415071487425,-18.27323120832443,-10.143126621100656,-10.116303989371852,-2.227107475249293,0.534468015697599,0.6841190600929268
132.2645,70,60.44036,70.0,60.56250249626917,23.50150018272221,22.359794568831155,-5.240403454303742,-22.892932647466665,-3.509507487010866,-10.120084550060078,-2.396368984631382,0.47478849847876886,0.6647038978702765
52.795943,80,60.592536,80.0,-26.226248333033272,26.341696571732673,26.9773237296446,-6.5664906001091,-24.578152722120297,-4.69075180927441,-15.164602887066302,-3.2968306909694776,-0.00253299862628076,-0.0040527978020492164
136.461142,60,60.704125,60.0,86.11946256128425,21.037245402997144,19.85248900493973,-4.372587238550185,-19.687631022930148,-10.960823736684283,-13.32890468765277,-2.1981079935450225,0.6160635586586036,0.7392762703903243
161.41734,74,60.844682,74.0,94.59269005358038,24.470857557525814,25.3021472465896,-5.384771535396576,-24.09787850379944,-12.38694673927574,-12.442886196245809,-2.635872171298556,0.5758057645832327,0.8521925315831844
172.309547,80,60.995355,80.0,95.73193386953311,27.94535749128113,27.349494227783076,-5.8432864093780505,-26.206370890140526,-10.656295322257598,-12.976846006259276,-3.0344404064081942,0.5305138045873745,0.8488220873397994
171.313995,84,61.15561,84.0,92.6112167480101,28.24227356937902,29.219897312717386,-6.127465429306031,-28.34675698876381,-9.897282045550906,-15.322272387601863,-3.0656153093019265,0.4870494877033118,0.8182431393415638
150.114859,64,61.395406,64.0,93.1229772257582,22.213594586352357,19.99443690524345,-4.771176230907439,-21.04398756623269,-12.287331231492017,-8.669492447439932,-2.44416180588297,0.7010877042756246,0.8973922614727995
207.68553,99,61.582904,99.0,110.22944626706628,37.013011531741725,34.19422750411411,-7.410489797592165,-33.937375223636636,-10.170470103633464,-17.65446885406622,-3.578351194396619,0.07476861903836454,0.14804186569596178
144.402794,66,61.707023,66.0,86.7824860578522,22.78362940256486,22.10603968327737,-4.619595515727996,-21.325205969810494,-12.30713996695789,-12.58055517965851,-2.43686426088853,0.5422535784412676,0.7157747235424733
161.96547,65,61.834017,65.0,94.56619338790543,22.04163835404909,22.316730070006347,-4.446022460460662,-18.472230327129367,-7.681069548899839,-8.800476503626795,-2.5592930929182494,0.4995110221217324,0.6493643287582521
106.508317,50,61.927551,50.0,57.73643104446981,17.12670579521999,16.486251614747367,-3.5815862464904784,-15.401460844278333,-6.303680700137927,-7.7590303539780825,-1.7953134324572206,0.4924142884891704,0.4924142884891704
132.264333,58,62.034073,58.0,82.11660346750267,21.08877188548341,18.2804127208959,-4.294080343246461,-18.756886684894557,-10.556313873626399,-11.671935961771254,-1.9422377281112526,0.6206213844913466,0.719920806009962
141.115381,70,62.16323,70.0,76.2575045011508,25.27641701695868,23.66324584033469,-5.1895445775985705,-23.814750277996062,-9.424433418644643,-13.245979838212179,-2.4070786775651976,0.4761466681478939,0.6666053354070516
113.936856,61,62.27422,61.0,49.466335662876716,18.63476231471193,19.478475762338356,-4.486914715766908,-18.61382421851159,-2.56105168555524,-6.839967195644694,-2.1409595129947943,0.4513042340218157,0.5505911655066151
158.872498,68,62.398304,68.0,95.29948011853561,23.045404929551474,22.603977487058113,-4.5735637199878685,-19.80246139764785,-14.58400569455708,-8.826985443317263,-2.2893484567959135,0.6700777793480943,0.9113057799134083
127.288175,57,62.503427,57.0,75.56098632017138,19.451833886773574,18.070718084509085,-4.010057485103608,-18.684983587265023,-10.265927820994712,-7.7791171505084185,-2.0552774947924135,0.5904310634844278,0.6730914123722477
133.465554,63,62.618227,63.0,72.06531965510746,20.679409972670005,20.85580610944107,-4.506409265995026,-20.75014922618866,-8.320508896739252,-7.3456064922243725,-2.212308170184785,0.5008979753948722,0.631131448997539
165.766139,82,62.768414,82.0,73.52767849867135,28.243742209647227,28.563458266658373,-6.002808587551117,-26.198149836063386,-5.99649207797044,-5.3546424817515605,-3.016646584287127,0.43508453902347416,0.7135386439984976
124.87629,71,62.899598,71.0,57.18209214969475,23.437805126624333,23.729233456086348,-5.490881474018098,-22.649980175495145,-3.6887955218643396,-15.607046943324654,-3.0361363727450144,0.39327341023863044,0.5584482425388552
149.73366,64,63.01838,64.0,97.94442966277448,22.26793918956239,20.874833930663193,-4.914026908874511,-21.156427407264697,-13.184054910534257,-13.844979985012653,-2.254053752292316,0.6697136438016407,0.8572334640661001
176.455467,80,63.163361,80.0,94.26833422653762,28.242920107886064,27.745408842591868,-5.518076097965242,-23.038537710905075,-10.149254969135654,-12.365555234455266,-2.729771775283049,0.5024971967269961,0.8039955147631939
139.837669,64,63.400598,64.0,82.4542480622666,21.267514980960595,21.04286414035307,-4.918567162752151,-21.40697964429855,-9.858388960547629,-10.336366861887054,-2.406655833395404,0.5802008628344306,0.7426571044280712
120.844656,53,63.497356,53.0,75.76503912744853,18.337468649082496,17.56027610942314,-3.789101538658142,-15.682730650901796,-10.600528452612215,-11.814621600287092,-1.9311457954749507,0.6309499774265211,0.6688069760721125
133.677813,57,63.60571,57.0,80.86453755454434,19.741842778199498,19.175660598904187,-4.178075919151307,-17.689511060714718,-10.417727566256005,-8.699150626287876,-2.1197630978968074,0.5052502406713263,0.575985274365312
165.204638,78,63.750769,78.0,95.29456659813279,27.961374174422655,26.473628479166017,-5.990519287586212,-26.383594435453418,-11.540354539068634,-15.482471898051202,-3.1279912795762854,0.4857030858441982,0.7576968139169492
155.58744,71,63.887611,71.0,90.32696589666186,24.063714427514455,23.217741903325855,-5.3390598130226135,-23.70182807445527,-10.762894336434176,-11.118069077410599,-2.0991313981565263,0.564063736147571,0.8009705053295507
134.263778,63,64.00256,63.0,76.67945110912603,19.328069399244804,21.607660307518493,-4.768032273054123,-20.49127748012543,-11.490397149225183,-7.148472593128622,-2.4532234028745994,0.46843673870822133,0.5902302907723589
140.997201,65,64.127001,65.0,84.6464554299778,21.284549067003514,21.220865890839857,-4.3757458853721625,-19.883446580171583,-10.996353848966992,-13.634871428440398,-2.26425202039613,0.5446449986192571,0.7080384982050343
172.169263,76,64.274197,76.0,100.33923137162945,26.787989749841792,25.451012152172503,-5.166415426731109,-24.466863346099856,-12.287396475376699,-11.771857409920296,-2.7164374816371035,0.5584969775330234,0.8489154058501955
129.826539,61,64.390416,61.0,82.31586600591474,19.7793199441002,19.50122110414008,-4.512638597488403,-19.43619866371155,-13.063658869815427,-13.205816637480629,-2.5515554503619002,0.6210492487193636,0.7576800834376236
161.408917,72,64.521828,72.0,96.67456651353051,24.318169627415923,24.714225406642573,-5.047438035011292,-23.178878998756407,-11.845709822321968,-13.377564749755916,-2.8484532607411737,0.486203243380922,0.7001326704685277
124.202512,56,64.62827,56.0,73.50779314173678,18.662716714430058,19.149954504985974,-4.4815817022323605,-20.603988265991212,-10.031489007242277,-6.170356071662239,-1.8305372922029601,0.5305731797890854,0.5942419613637756
137.863639,68,64.760352,68.0,78.10589921635722,24.105955901817758,22.895374694679656,-4.851880431175233,-21.66340813040734,-11.253897138014029,-15.034667555372764,-2.439737582885341,0.49073239059979,0.6673960512157144
155.282829,73,64.899862,73.0,78.85615876216644,24.518505521192086,25.188663231992194,-4.94023976802826,-20.999688589572912,-8.864742993547361,-8.913301795639857,-2.5625257858546457,0.3513934646913507,0.513034458449372
155.816998,71,65.037254,71.0,85.17307541611224,24.650203736302277,24.52281633968408,-4.859523017406464,-21.10043471455574,-9.708044956334138,-11.285469053959378,-2.575625445545695,0.5085572218833875,0.7221512550744101
181.996993,80,65.183651,80.0,109.92393121038408,26.59334642618508,27.561338891858338,-5.627262163162232,-25.107858252525325,-14.721930379984242,-13.763091012254812,-2.8614816424377305,0.6149517855041011,0.9839228568065618
170.589247,82,65.457561,82.0,93.66566866041171,27.053405984300475,28.436921819354815,-5.8802676844596835,-26.383056974411016,-11.13666175606821,-14.338580796312316,-2.8281823796381387,0.22733893766957927,0.37283585777811
150.716365,71,65.587637,71.0,81.57030838127801,23.04272506767962,24.61612381943852,-5.142870142459868,-21.880971235036853,-8.020245171053672,-11.900827279192757,-2.5678784134592085,0.47627332660859534,0.6763081237842054
159.871646,75,65.724726,75.0,87.14474087480798,26.05061331977026,25.60260426785535,-5.317311600446701,-24.2443305015564,-11.168394920853455,-10.43368406091705,-2.762590949087337,0.38553705009996664,0.57830557514995
150.634465,63,65.843418,63.0,91.11423219112463,21.977115425253945,20.80759185613388,-4.185847973823548,-18.194535344839093,-11.338117002458453,-10.093441778496864,-2.452532267936792,0.6277803423981089,0.7910032314216172
129.542252,61,65.957721,61.0,79.79697217248972,18.357218524134815,20.32917512415328,-4.543139145374297,-20.186385083198545,-10.797517987489671,-11.825962625097763,-2.5881086840343506,0.48495798603099055,0.5916487429578084
139.573538,66,66.079061,66.0,79.65643592553272,20.483312230423014,22.444716745256287,-4.989140491485598,-20.882170629501342,-9.860132492556643,-10.832713835000355,-2.446769228284737,0.5549614696673381,0.7325491399608862
170.993412,78,66.217911,78.0,96.66596086174113,27.81843212761727,26.750369122308904,-5.610879597663878,-24.910327661037442,-12.654046724694465,-12.093790705757696,-2.972305438211773,0.5317497685242413,0.8295296388978164
168.751391,80,66.366802,80.0,87.53544336283534,27.070435291895908,27.2107901367217,-5.4226312685012825,-22.890050694346428,-10.275032834082769,-11.660713753976648,-2.816848849413019,0.42633897434639534,0.6821423589542326
171.605738,79,66.519995,79.0,94.45693904355782,27.475725612490933,26.293641891553335,-5.722441887855528,-23.51386028528214,-10.793526752175719,-12.511280057651467,-3.07945963027177,0.5107265261631184,0.8069479113377271
194.014629,91,66.703046,91.0,102.30468302047205,32.375220216307774,31.373725156693734,-6.756903781890869,-28.586803364753724,-10.816572176239454,-13.594693425967465,-3.284026890798323,0.47565164440477264,0.8656859928166862
153.060584,73,66.838362,73.0,88.73095459470339,24.119940383066286,25.115093418007284,-5.862447838783264,-24.335526990890504,-10.099531282880417,-14.627140211846807,-2.980757824861996,0.5552930300513864,0.8107278238750241
137.487669,64,66.956223,64.0,77.99598179047749,21.952040101774568,21.714393445314954,-4.4875017833709725,-20.8898725271225,-9.535218635861641,-10.97468093679105,-2.2874726032898685,0.4924425166322942,0.6303264212893366
245.465975,113,67.154936,113.0,128.77110292909236,41.29237066385411,40.99356722461107,-8.690708613395692,-37.54522787332536,-14.619586236762444,-13.745738394272834,-3.98980483243902,0.469386344372879,1.0608131382827066
143.128264,63,67.396641,63.0,86.97727250340522,21.727456717488977,21.127486783351163,-4.79345918416977,-21.69684835672378,-9.727955918018313,-10.977970352662034,-2.507718174177443,0.6069289396490951,0.7647304639578598
199.595692,87,67.555535,87.0,112.11219876167885,30.660605055261264,30.633862939692097,-6.3988185548782335,-28.42609367370605,-12.043133899820559,-10.244211261316643,-3.698717413285353,0.5513560538987183,0.9593595337837698
188.023422,85,67.709992,85.0,110.94777799648334,29.498202330262657,28.675039466906288,-6.248354725837706,-28.97079170346259,-12.02652851156597,-15.799281042857942,-3.0526414934544768,0.5103134213520218,0.867532816298437
130.668627,119,67.926218,119.0,7.081480817006448,38.78413385281442,42.19376997996871,-9.074896380901333,-34.42856139540673,-6.367458757249229,-21.912306700405203,-4.6075345620049175,0.013579526409558626,0.03231927285474953
95.563598,84,68.080465,84.0,4.009372807043677,27.52079377185425,28.227941638524424,-6.908954873085023,-23.096853476762757,-1.3832936813867118,-13.802000105783558,-3.0034082464090743,0.024092916640557314,0.04047609995613629
189.931447,81,68.226186,81.0,113.19235428664975,29.029375827466936,27.702643612846586,-6.048453075885771,-26.801302552223202,-13.721668831406543,-10.76876072291527,-3.65274119986918,0.5373404032002831,0.8704914531844586
159.906142,74,68.358694,74.0,98.6665234238398,24.750700420492432,24.797929974027873,-5.369776601791382,-23.795257353782663,-11.842843845003104,-18.30701906726936,-2.9941153334389075,0.5726210491480236,0.8474791527390749
141.132076,68,68.484655,68.0,79.57359889996793,21.296026949194342,22.460519105461213,-5.046809487342835,-21.166645407676697,-8.905040817491823,-12.617070644348793,-2.4625025452020117,0.3984180716697848,0.5418485774709074
143.126445,67,68.606142,67.0,80.07078666927131,22.919160386040115,22.581886918250053,-4.86629201889038,-21.513349127769466,-11.294133527184549,-9.146588860586263,-2.62502510161896,0.45796107075396414,0.613667834810312
167.362365,76,68.744698,76.0,85.80579724054196,25.460433869480564,25.721078210704132,-5.1641752457618715,-21.391552597284324,-6.030479180785596,-10.207454386251653,-2.8312825890202205,0.5464742431786526,0.8306408496315519
170.244241,76,68.882454,76.0,100.11472206658237,26.427218203784744,26.276519444635184,-5.7273388195037835,-24.130964970588675,-13.320036024888525,-12.316953575343724,-3.078925432522742,0.6046782166425364,0.9191108892966553
142.636851,61,68.992101,61.0,84.7887943957852,21.371586038745768,20.38768917267384,-4.121707196235658,-17.986475110054023,-12.073037102898343,-8.861263928767563,-1.868734936204023,0.6204370251547673,0.756933170688816
65.935452,66,69.113507,66.0,2.731633326853892,21.709134132572565,21.762796895126574,-5.02443992137909,-19.183881533145897,-2.620075834579893,-17.005227002368922,-2.434487577305159,-0.026922231098359062,-0.03553734504983396
206.776532,92,69.39338,92.0,115.95467384493621,32.33314909026944,31.810614621586353,-6.937773349285127,-29.153848290443424,-14.007334550351565,-11.465084731363032,-3.7578642452771294,0.48694393268537456,0.8959768361410893
137.443566,60,69.500416,60.0,85.04171171281021,20.612619626153776,19.204261679717543,-4.417248764038087,-17.693704819679258,-11.966221375824333,-10.995913018102861,-2.3419388878568053,0.6107592463389421,0.7329110956067305
198.084413,89,69.657469,89.0,110.88706605543733,29.38307877156944,31.31819895209614,-6.288054950237273,-26.043033075332655,-13.87487539323559,-12.387725783465386,-3.910241106849602,0.5081205845766298,0.904454640546401
177.047426,82,69.800783,82.0,104.07915910915654,28.96981728790966,27.708067290591256,-6.1697892618179315,-25.426057001948354,-14.162088355138104,-16.609528390190746,-3.3421544756577295,0.5958622233744573,0.97721404633411
166.922952,73,69.929693,73.0,100.6145558655115,24.9768658087417,24.07060063451381,-5.300258753299714,-23.75490221381187,-11.654223333676075,-12.52592961818496,-2.5037566448792155,0.60334469660691,0.8808832570460886
39.847437,66,70.046182,66.0,-28.434656016939286,21.7477456755965,22.639618444568125,-5.306141340732574,-20.42664487957955,-3.757724596181276,-10.230152919320137,-2.3846070118326566,-0.05503429223106046,-0.07264526574499981
133.203781,60,70.154855,60.0,80.87363320998041,19.866144231675054,18.592182236320234,-4.521706953048706,-17.527214324474336,-10.63243773033967,-10.857992431836925,-2.5888267791885315,0.6121881370515481,0.7346257644618577
172.85325,76,70.287534,76.0,101.47936848824743,24.868890960372088,26.460313331305947,-5.37770191192627,-24.664749562740322,-12.720582261172868,-10.276844828977595,-2.915444141918131,0.5869274215042262,0.8921296806864237
122.905622,58,70.388553,58.0,76.3454104103659,17.132789207871944,19.0876819789581,-4.580821926593781,-18.23059973120689,-9.947287273442075,-12.668449422144004,-2.23310095930028,0.6510937162172884,0.7552687108120545
160.2811,70,70.514764,70.0,89.2942958742948,24.544557881886618,23.700508863929233,-4.778999960422515,-20.904988694190983,-11.837880903301055,-7.178709147987316,-2.557684296923866,0.5755250402868101,0.8057350564015341
147.606438,61,70.624383,61.0,92.8925872292506,19.008188907716665,19.83729114079985,-4.291505223512648,-17.670206487178802,-11.183165251152385,-9.61221717794979,-2.374534907438513,0.6172129952515,0.7529998542068299
174.352818,85,70.778901,85.0,93.27212415400413,28.395310448966722,28.967379333971913,-6.46531100988388,-26.137380743026732,-8.690043836018727,-16.639831301984085,-3.3494287353112004,0.07019890302258777,0.1193381351383992
163.1261,70,70.904589,70.0,98.575334094916,24.93721221030252,22.628142028118713,-4.8884057438373585,-20.978474271297454,-12.2388831118785,-12.348213373443283,-2.560612184814225,0.5993945853225221,0.839152419451531
191.923748,94,71.07018,94.0,99.59899018359685,34.00556902724688,32.368239531954806,-7.110852917432788,-31.895337754487997,-12.160317034405928,-13.10093086919364,-3.7816123521187497,0.40683710089294567,0.7648537496787379
190.900829,84,71.350106,84.0,99.75153769468015,29.661589240937364,28.75069822005811,-6.155440531969073,-26.03288630247117,-8.215163623045857,-7.933596458877285,-2.925909463552303,0.5641384784446098,0.9477526437869445
178.552246,76,71.487074,76.0,108.4083484525427,26.687040610657984,25.76061661307979,-5.548585386276245,-23.905449986457832,-15.288851351144704,-10.45356389264164,-3.107309075480046,0.6525305992180995,0.9918465108115113
162.264525,74,71.619549,74.0,91.95454034208682,25.766029339558482,24.872144161960566,-5.755042991638185,-24.62211740612983,-12.104249479342059,-9.250420785597361,-2.596358194099012,0.5648200722006722,0.8359337068569949
149.07048,70,71.745859,70.0,80.28713723468212,22.804629783969034,22.740883325209072,-4.670101841688156,-21.0847601890564,-8.045285330878276,-10.313496089787993,-2.6485266875883386,0.470813873591262,0.6591394230277668
150.259456,65,71.863428,65.0,87.99117178801723,21.599636632579887,21.065248188882762,-4.524730269908903,-19.936028575897225,-10.16376093339955,-8.509197568067735,-2.2628834017775703,0.5457818197673722,0.7095163656975838
211.494647,97,72.043974,97.0,119.59121168151772,32.7013547878152,33.919358891564855,-7.466574792861935,-31.98191350698472,-15.462032438432182,-13.044105775207656,-3.7626514178021915,0.40725822111924603,0.7900809489713373
124.946039,107,72.241318,107.0,13.007051611230045,37.06956633215804,37.90198278435768,-8.367136702537536,-31.201985913515085,-4.742776626528413,-21.070379790018748,-4.650282554002734,0.024642489250355018,0.05273492699575974
195.001141,88,72.399951,88.0,112.6766053443592,30.791372674033493,30.817978694596082,-6.314295189380644,-29.395099276304258,-12.764913328485392,-15.455801649483163,-3.354706751273686,0.5406676256945231,0.9515750212223607
157.006104,65,72.516692,65.0,90.39818883862111,21.61103987285197,21.957014101672357,-4.516200995445249,-18.209163552522664,-9.893945169418648,-6.80505596534262,-2.535772994093986,0.5996150034554475,0.7794995044920818
162.958805,72,72.642293,72.0,97.54881408035381,22.83965523077373,24.83384679836019,-5.1128797018527985,-23.076995092630384,-12.969615192421317,-10.202687736203622,-2.9013330148914367,0.6285071636670222,0.905050315680512
150.507691,65,72.756903,65.0,89.66455894005784,22.983478793082448,21.682047693564503,-4.825582666397094,-21.42708703875542,-12.08899026368457,-8.139529134818703,-2.3412052943342085,0.5463730234622273,0.7102849305008955
188.23363,82,72.903317,82.0,111.54532081354021,27.989571597290237,28.980443931660542,-5.99687331199646,-25.89403997659683,-13.788455488799672,-13.54162114840141,-3.0607162530813747,0.6157146023658302,1.0097719478799616
155.753212,72,73.034512,72.0,93.90034111214388,25.51419783648075,24.269795050364284,-5.183185936212539,-22.637542223930353,-12.662836135844273,-16.689053121679915,-2.7585042737566035,0.4225688837552583,0.6084991926075719
161.394907,66,73.154304,66.0,95.74023122217169,24.16947853047346,22.66461086935609,-4.529865763187409,-20.684187471866608,-11.254501862324528,-8.451362838161012,-2.2594959872185996,0.6098633512602999,0.8050196236635959
183.662666,91,73.434458,91.0,92.97269402268472,30.861125675827857,32.332878270216476,-6.552714366912842,-30.5419261097908,-9.109356323950145,-13.970891936264499,-3.329143518637546,0.4332301263169435,0.7884788298968373
168.381405,69,73.560651,69.0,97.13356722135761,24.080887050412848,23.00409614772668,-4.914461951255798,-20.918491566181174,-9.046707005963482,-7.478373716166862,-2.4791110337208258,0.5575947290782268,0.7694807261279532
162.12169,71,73.689112,71.0,92.38794088592576,23.775949805598067,24.72718519834789,-5.101133471727372,-22.37984796762466,-11.566035512873823,-7.939495112745107,-2.782873765278634,0.5630678528946866,0.799556351110455
53.969983,70,73.817748,70.0,-19.921389593605475,23.567676007650228,24.628946924398218,-5.661916320323946,-18.6810231924057,-5.696375931540774,-11.170904885890765,-3.0950301238006035,-0.11745266897550959,-0.16443373656571345
209.36783,90,73.979374,90.0,121.16608375902852,31.16274994089765,32.188454310281436,-6.369958165884017,-27.607379645109177,-14.302644614430987,-13.159827858046038,-3.7096477937441388,0.5165984887284825,0.9298772797112685
175.973831,78,74.120314,78.0,96.48488604446051,27.877055561587675,26.73298544964345,-5.693873767852783,-23.588744753599165,-9.57716080064987,-10.97232686245751,-3.288989744128622,0.5205168447021132,0.8120062777352967
162.497837,72,74.249259,72.0,97.36221936342957,24.536757063097625,25.017588482416727,-5.327134115695952,-23.669795626401903,-11.929623883089615,-13.13157628987204,-2.3605980749569895,0.5815551270309567,0.8374393829245776
171.23911,75,74.384291,75.0,97.42143769054125,26.905952214231313,25.315933205368314,-5.398689562082291,-23.15611103773116,-11.569013844968296,-10.997917826798378,-2.2824809664272,0.5737707597799176,0.8606561396698765
156.109367,67,74.506105,67.0,95.35219663757778,23.675593422764145,22.878463393269076,-4.8457742261886585,-20.5861331820488,-13.006588324651815,-11.883993512310441,-2.474397512581959,0.5793775485620056,0.7763659150730876
192.567246,83,74.657328,83.0,103.61229279750205,28.454689850265577,28.737100481499315,-5.951772541999817,-26.452207231521605,-7.999306291846911,-7.751503528860059,-3.0820479444847715,0.5571630450835662,0.9248906548387199
162.233093,72,74.790944,72.0,90.76174315515948,25.186478644714978,23.955707146537563,-5.586760209798812,-21.74361637830734,-11.13881309184282,-7.959780729925844,-3.241865728625491,0.4974311505640215,0.7163008568121909
137.097953,102,74.97629,102.0,24.373153503569856,34.720781890143975,35.16009374812732,-8.008020560741425,-28.973044610023493,-2.517576019938863,-15.912306537521737,-3.745128111451093,0.15808355565670523,0.3224904535396787
168.036179,72,75.103807,72.0,93.56947416547233,23.731867629288292,23.961177855164333,-5.0722863626480095,-21.71677953600884,-7.2087959787868625,-8.733326692761374,-2.495151956898901,0.6067964205583994,0.8737868456040951
185.879934,76,75.365573,76.0,110.5470360711413,26.94724689434426,26.739229525380775,-5.3224520552158365,-21.55973444581032,-15.80999804650604,-8.264895336621812,-3.396498355232141,0.6754589851048944,1.0266976573594395
246.365993,108,75.560326,108.0,133.7863196371121,39.27164469717865,38.67378173476387,-7.754308004379275,-34.0076445221901,-12.71123007824609,-14.399964752302848,-4.492605371929734,0.506210920825392,1.0934155889828467
152.379061,73,75.6915,73.0,83.96350864367801,24.372206126262803,24.587474602203947,-5.651353185176849,-24.782477140426646,-8.903289341149346,-11.596737890616932,-2.610270773484777,0.5251482101113488,0.7667163867625693
152.133397,64,75.810383,64.0,92.37988692122116,22.652927308353974,21.750871046119258,-4.8987206387519855,-20.062512826919566,-13.27943686249378,-7.995649570725749,-2.413968193618844,0.5924298839338717,0.7583102514353558
269.601141,117,76.033737,117.0,150.60809863619122,42.965870283826796,41.256168764387006,-8.410035588741302,-36.51052911281587,-15.932029178285097,-17.020593831210814,-4.355808823267334,0.5386272124683275,1.2603876771758862
89.545571,71,76.170464,71.0,14.103216524666191,21.27510827001194,22.044638347971073,-5.299700938463212,-19.85568352341652,-0.5978378063015781,-10.840043252984458,-2.284126627934485,0.11464544023626169,0.1627965251354916
201.249187,90,76.34354,90.0,107.09936622093274,31.347513358748476,31.170924321240996,-6.302306048870086,-27.279284626245502,-11.204294556478763,-10.036036775415493,-3.546695214969575,0.4488765112904089,0.8079777203227361
158.476069,73,76.477931,73.0,88.50182834588192,23.137324576330375,23.511009174441863,-5.321985361576082,-22.971911519765854,-8.60152224484938,-10.220766840181847,-2.5579073393212397,0.5350992857535722,0.7812449572002155
177.506838,73,76.609903,73.0,107.39924350538008,25.69754803964401,25.813410903226853,-5.096134121418001,-21.61572047472,-14.52247505039512,-10.638931234491164,-2.530103582129683,0.6500927661470707,0.9491354385747232
212.633448,94,76.779211,94.0,116.69129429211581,34.411324330359534,32.16886792316067,-6.942135219573978,-29.297865951061247,-12.913980224172727,-12.059151805043621,-3.4249058181489,0.5147146728799729,0.967663585014349
170.925742,75,76.912543,75.0,99.51765095812864,24.52766365096241,25.616197083890192,-5.471501495838167,-22.600011163949972,-14.333328482591003,-8.481792867800674,-2.84913541166804,0.5966863490358852,0.8950295235538278
163.581018,94,77.082447,94.0,59.21557872933109,30.528998219769985,29.657667835985666,-7.577089970111849,-29.591011989116662,-1.6495574820425096,-7.4708676596736,-3.5326994943431664,-0.007219193592862686,-0.01357208395458185
183.125445,87,77.349189,87.0,97.7612301683227,31.20033747565777,28.72960427298671,-5.943707427978513,-24.467182701826097,-11.54555788415319,-16.131081341219044,-3.478197135483589,0.4501083842991474,0.7831885886805164
169.872634,74,77.482014,74.0,96.40262475502576,26.185263220988677,24.60769461464556,-5.345604410171505,-20.815860837697993,-12.394989551264453,-9.575622926756207,-3.1908712335803764,0.5648609105272957,0.8359941475803976
141.916156,64,77.5987,64.0,79.69084078645231,22.56828482554817,20.99457163402345,-4.651498136520385,-18.720068454742428,-7.121616818520707,-12.556901340152313,-2.2874566855781486,0.543527063318829,0.6957146410481012
187.442014,84,77.750251,84.0,95.36815023485568,26.923854364911396,28.476540498949287,-5.830849213600159,-23.785484468936914,-6.746906411483431,-7.900819176287487,-3.0624714268361015,0.5225589160304717,0.8778989789311924
188.566983,75,77.887275,75.0,118.46535674788733,27.497529732348077,25.94722053260519,-5.511404378414152,-24.067907071113584,-15.635091497103945,-10.400546200949146,-2.7281747732137074,0.6949835517676467,1.04247532765147
139.516441,61,78.023829,61.0,81.09123062072554,20.63080752628636,21.46067570055376,-4.577999699115753,-18.694850283861157,-8.850752703759143,-10.0889079894117,-2.4537622465910487,0.48251687766768264,0.5886705907545728
135.675067,59,78.13585,59.0,80.79169310619956,19.8630213080675,18.98933017156455,-4.329546463489533,-18.80168441534043,-8.701627096232128,-9.05573069408591,-2.080389403936025,0.5856038217718816,0.6910125096908203
192.066791,104,78.327769,104.0,77.08260841741725,36.232011105040016,36.518786242414976,-8.087946341037751,-35.04696085453034,-3.6644136078934166,-11.173692598018095,-3.7936012482328327,0.3210504510487372,0.6677849381813734
136.029123,56,78.430617,56.0,86.00400699499892,20.349360491030044,18.295201493237474,-4.224562218189239,-17.625020396709438,-11.338987297590164,-9.51938194426,-1.9114942349867485,0.6616567527979826,0.7410555631337407
143.249935,63,78.542291,63.0,82.16778298636872,22.597357260495016,21.00455409945098,-4.454123156070709,-17.647708034515382,-11.860407765375863,-9.314990664052008,-2.2425293019287196,0.551820675194418,0.6952940507449668
162.421735,67,78.661512,67.0,100.04557617862585,22.96424540045404,22.21925514341962,-4.769001976251601,-20.245842456817623,-13.341423291433472,-9.004239583396942,-2.4468347164896587,0.6644347197788852,0.8903425245037062
193.619472,81,78.811371,81.0,113.23618693069939,29.318815494539983,28.085821264982076,-5.827184062004091,-26.25868469178677,-13.46965546277653,-9.559502302428218,-2.9063253771403894,0.5662378688126595,0.9173053474765084
174.004929,71,78.941265,71.0,106.48658511610857,23.370005853832627,24.958130320548708,-5.00286009788513,-20.342990535497663,-13.053054155994666,-10.289975449927116,-3.1209120928738128,0.6601593933157184,0.93742633850832
207.122286,99,79.11574,99.0,113.75411490140569,33.93997476351483,32.81823983454561,-7.627282447814941,-31.079770421981813,-13.340559767470632,-16.42373027356169,-3.9187001394588,0.5113016460616923,1.0123772592021507
150.206754,64,79.354937,64.0,87.97789450961355,22.068451638862957,21.915510731866142,-4.571251254081726,-21.32764735221863,-10.934842713902675,-6.754122442783213,-2.167239596326226,0.6888952925368059,0.8817859744471116
159.626763,70,79.48248,70.0,93.493682304062,24.8457642041311,22.944792041222264,-5.13137955188751,-22.030510580539698,-12.31942676614846,-9.675378105069438,-2.500780232581061,0.6031594646515848,0.8444232505122188
278.947627,121,79.69525,121.0,148.65851052161335,44.50071056664476,43.27787142506134,-8.662844977378844,-36.92027337551116,-16.020795805987255,-12.20367342258081,-4.6818778725622625,0.46216059238389556,1.1184286335690272
157.85243,67,79.816571,67.0,87.92621058503961,24.05660691776179,21.538843886202987,-5.149721190929412,-20.70753079652787,-8.841922383716646,-5.559556193270689,-2.4105007690067777,0.5852484827112963,0.784232966833137
177.738799,73,79.949284,73.0,106.99028760641133,24.90374476059047,25.682887239276337,-5.282110412120818,-23.158248841762543,-10.934313373084892,-10.584271673507468,-2.8791758806207666,0.6355769449201646,0.9279423395834403
159.166213,69,80.077643,69.0,92.01553690192631,23.347164486969806,23.52197566981825,-4.861853990554811,-20.459487926959994,-12.165683385589642,-8.646452300480137,-2.584986118550459,0.6016754849173238,0.830312169185907
212.370692,91,80.241438,91.0,121.37363033691204,31.160243633363415,31.081450872135587,-6.653067514896392,-27.419635456800467,-13.410934843641192,-10.954865656184637,-3.8061289128331275,0.5628704984523907,1.024424307183351
34.378625,76,80.381707,76.0,-33.40848293915836,24.30085920178189,25.781303525312847,-6.482753069400787,-22.884365308284764,-5.619618728939083,-20.366616135358107,-2.9417016660445414,-0.1361100950588423,-0.20688734448944032
215.140537,97,80.557006,97.0,119.45103252995612,33.906280128465845,32.662872117040415,-6.691494822502132,-28.8030727148056,-16.239813860112786,-12.712495754841113,-3.432770595893599,0.4224031059616175,0.8194620255655379
204.206201,90,80.720898,90.0,111.00289182956107,31.8687287519946,31.294988106651168,-6.374869816303253,-27.921608161926276,-12.816979167167041,-9.487720513183937,-3.359229676795148,0.4086635579495064,0.7355944043091115
159.516164,79,80.861703,79.0,75.01495349627815,25.14077133996271,27.107337082742696,-6.13794886827469,-25.56402513980865,-3.802780105113359,-8.38236194762876,-2.8597816102488722,0.45112352760401037,0.7127751736143364
189.582967,92,81.025285,92.0,93.98190447958447,32.544513103454655,30.679818736794555,-7.351447758674625,-31.53380976319313,-4.957505347526729,-12.156653587907863,-3.623852732698081,0.4578962650736158,0.8425291277354531
190.559895,83,81.302035,83.0,110.81912953653502,29.068082858534343,28.311128062809352,-6.0309586501121535,-24.849912500381482,-13.07733661147672,-13.89476718738007,-2.785470527153183,0.5076300562388325,0.842665893356462
166.729897,71,81.430087,71.0,91.37813875797562,25.141076793494555,25.021872053482166,-5.000355739593507,-19.972111266851417,-10.235452313474648,-7.74034315936966,-2.8629285257640933,0.48089656087834143,0.6828731164472448
163.17833,90,81.593421,90.0,59.15772394623434,29.518676432701998,29.37692617340852,-6.806228461265566,-25.661392807960503,-1.5540733034000784,-7.434388940855684,-3.418912709001381,0.3803284433382749,0.6845911980088949
183.801081,80,81.746066,80.0,101.15068348557043,26.961757961419945,27.663543316262967,-5.704086635112764,-24.897958499193184,-9.796551448982349,-8.958288986760131,-2.6180178759002426,0.5656845040418196,0.9050952064669113
155.785658,112,81.962007,112.0,33.582739850571336,35.09659143747943,35.741291066398965,-9.079972481727605,-34.085613834857945,-3.0332666684583605,-10.075179755283342,-4.360932003404542,0.26886586595944034,0.6022595397491464
176.614779,76,82.101428,76.0,101.69556104280771,26.927286523867593,26.46186318152049,-5.471907714605331,-24.387685513496404,-13.3726313876428,-8.5286769631042,-2.7090303754350433,0.5988195223046792,0.9102056739031124
199.842201,91,82.267526,91.0,108.70556607055978,32.798430025059425,31.365874742595103,-6.656606690883639,-25.92841411828995,-11.772523260540607,-15.833896736195275,-3.836229447672332,0.4808754835419947,0.8751933800464304
304.788341,134,82.507748,134.0,162.96417419751603,48.030518367906545,49.173329967417914,-9.759923639297483,-39.7132699906826,-17.174910760266048,-17.215572470931622,-5.516004711247951,0.5423606849770568,1.4535266357385124
237.446612,104,82.697213,104.0,131.54721877762762,36.99776950838723,35.56627059493695,-7.632239243984221,-30.539986187219625,-13.961510280756391,-14.305899749395767,-4.225010983573481,0.5566846639870162,1.1579041010929938
149.717928,64,82.812721,64.0,88.17226538507909,22.009335024786093,22.1586245395068,-4.632300589084626,-19.039690202474592,-12.396101849756123,-8.11970736163155,-2.434497260552385,0.6038064632295722,0.7728722729338524
216.66023,92,82.980077,92.0,131.56577084539953,31.23839758504653,30.711701735062782,-7.085921585559844,-28.783667480945585,-17.015550299330872,-11.922733344036915,-4.047767005120207,0.6295876083098579,1.1584411992901387
126.885129,92,83.261843,92.0,21.781324991066843,30.415142754730784,32.34152139772595,-7.133310549259187,-26.561865377426155,-2.1687494197607617,-10.403575629442026,-3.3853596516873905,0.30831679100102694,0.5673028954418896
178.082459,73,83.394264,73.0,106.35285960583663,24.96436763532454,25.610931388407494,-5.3053337097167965,-21.700606751441963,-13.03715192932843,-9.215105298810153,-2.5875015228458276,0.5971437297158613,0.8718298453851575
217.755152,91,83.561007,91.0,126.25644313970369,31.307991760236007,32.036424616927206,-6.46426686167717,-27.566664540767654,-14.8068785378188,-9.76144501019454,-4.246452575128456,0.585895256306013,1.0663293664769438
171.962119,71,83.689231,71.0,102.18262927708223,24.85595147171495,24.03170983608484,-5.330237531661985,-22.078134703636163,-12.39523639813772,-7.313139467740976,-2.99142394505473,0.5256853313167534,0.7464731704697899
200.934567,83,83.837794,83.0,118.61071718659939,30.084056442934735,28.878022085939854,-5.945522730350493,-24.71543235182763,-14.706198642325187,-10.870313780559247,-3.4007616246503463,0.6267816535628556,1.0404575449143405
205.834424,85,83.992825,85.0,122.38808935968417,30.43498541880193,29.488238532309374,-6.465326430797578,-26.00401798188686,-13.016133848226024,-12.131469920837326,-3.8599408157371986,0.5721529588145656,0.9726600299847615
208.524137,86,84.150198,86.0,120.28104695562037,30.700178087524684,29.551920611162835,-6.1010330390930205,-23.72869365215301,-12.82446752182504,-12.079822736809303,-3.2749914096532438,0.6093368029770438,1.0480593011205155
164.990632,70,84.276728,70.0,95.92760542437907,24.67823130989665,24.338893850944313,-5.267702167034149,-22.2821539580822,-12.637932225027718,-6.946108515333191,-2.8202015051039755,0.560555541821684,0.7847777585503577
239.229939,103,84.464583,103.0,134.47852538913233,36.23897887349476,35.94371079575943,-7.45324062347412,-32.2228840827942,-13.274216633286011,-13.370994928918517,-4.109939998242869,0.5444680179907466,1.121604117060938
207.65955,90,85.022083,90.0,122.84906886062136,29.935009471384582,30.885121520105276,-6.827876055240629,-28.496770513057726,-14.476231341311353,-12.307728254983852,-3.9010438564173024,0.4201868192453962,0.7563362746417132
252.285653,110,85.225912,110.0,139.78008569602173,40.13457312026157,39.08644603652389,-7.79328348398209,-34.060576325655,-14.447401880106343,-16.26973668487934,-4.144453270319848,0.531697120459079,1.1697336650099739
188.014605,88,85.390643,88.0,97.54248486385504,29.22925532166186,29.29502774819355,-6.636553786993026,-27.376553076505644,-7.16667182700692,-11.446999759509467,-3.425384041370962,0.5138323655782635,0.9043449634177437
199.815387,89,85.673135,89.0,110.59612310333185,32.584540694319884,29.812723646173925,-6.226821186542509,-27.779260134696962,-11.864991869596755,-13.200959212380226,-3.105968259172112,0.4572753954039576,0.8139502038190446
177.489036,74,85.806843,74.0,102.64131838904227,26.270352644749043,25.36193084300932,-5.28341756105423,-20.362895774841302,-13.33279367711372,-8.930646426005909,-2.874812132999833,0.6236856136437114,0.923054708192693
225.245822,97,85.978953,97.0,127.10038797698296,34.66906782503778,34.051025350157616,-7.317613124847414,-30.234601378440864,-11.731153564224343,-14.766411853545097,-3.52487883880966,0.5169961596787547,1.002972549776784
166.030678,72,86.110379,72.0,92.97075159668859,25.09356993107623,24.044708515677858,-5.129900369644167,-21.993570184707643,-10.269025197337115,-8.322749813510976,-2.3631066133966887,0.46546918884176186,0.670275631932137
283.337583,122,86.327558,122.0,156.40663557764236,44.385115892086,43.80023984815479,-9.051353039741512,-36.00799823403361,-15.409441037776757,-17.646483479884083,-5.139132820489424,0.5083802189305653,1.2404477341905793
363.676985,153,86.608226,153.0,198.43650800107926,56.84070157284074,55.61817827252864,-11.390693694353104,-46.997078686952605,-16.54304125641535,-18.98531158662422,-6.302277913037628,0.330120140256805,1.0101676291858233
145.85744,66,86.730047,66.0,79.61235849043514,22.677624542926473,22.853650885074178,-4.7597354888916,-19.91251283884048,-8.923616738203487,-8.89933373353075,-2.7909951781465003,0.46648165871455793,0.6157557895032165
125.262288,71,86.860737,71.0,44.41470018596752,23.283794737469677,24.43067512698687,-5.0891320252418515,-21.677880012989032,-1.6469321239969912,-6.805966515967344,-2.6469712969510457,0.25323562510743386,0.3595945876525561
210.832694,93,87.048945,93.0,116.71642225247878,34.221564703231415,31.49515064434188,-6.926010541915894,-27.0663058757782,-13.077925875284537,-13.228751427011984,-4.3014497672131595,0.32345256451047355,0.6016217699894808
230.112862,102,87.235772,102.0,128.5220162174889,37.15106825576995,36.469395055716625,-7.666258985996245,-31.78473340272903,-13.172173335207184,-17.30835245183228,-4.098098982463334,0.5283974749570903,1.0779308489124644
200.462306,81,87.385276,81.0,112.75463603029448,29.337292617468588,28.44484127028157,-5.652284717559815,-23.697542941570283,-11.066462413496405,-7.732391619673304,-2.925782011184792,0.6129251566323786,0.9929387537444534
171.355229,72,87.639777,72.0,102.43087210244043,25.301756960437334,24.858190230564688,-5.044145996570588,-21.346015369892125,-13.889770804749595,-10.153684011896365,-2.8019745340206312,0.6281526147415458,0.904539765227826
199.128605,89,87.81005,89.0,103.43530967701345,30.031530559679126,30.284546935888365,-6.729181160926821,-25.24316715598107,-8.827632351881443,-9.038093544562848,-3.7847084294391613,0.47893806999096794,0.8525097645839229
169.428983,77,87.95754,77.0,97.35585273419827,24.91832843699475,24.521320067456198,-5.798794986009596,-23.378709441423414,-11.759467067307813,-10.282324420816067,-3.1472220235621786,0.5183270320106438,0.7982236292963915
164.951112,74,88.097816,74.0,93.59641346645076,24.19118288789512,25.31020065025418,-5.286722190380096,-23.16249693632126,-11.725373690834779,-9.074965030417225,-2.8971270718709206,0.5603654441427397,0.8293408573312547
310.201326,144,88.361244,144.0,148.20950768346438,53.798760585707186,51.79617481443378,-10.890567653179172,-43.66875698566434,-12.811690156124026,-14.879932392388984,-5.352169548322668,0.3925682618477199,1.1305965941214333
167.567228,69,88.486308,69.0,102.40812989642663,23.225007162777928,23.957440539019156,-4.671624009609222,-18.62815870642662,-14.072493754387043,-10.900050545839465,-2.7510225959208,0.6614684190341602,0.9128264182671412
186.332396,76,88.625952,76.0,107.07129163589236,27.91034037040061,25.967003142720102,-5.4263665795326235,-22.661299479007717,-10.695801905407922,-9.14518797443609,-2.6875833037301957,0.5633442929697,0.856283325313944
230.935558,105,88.817123,105.0,126.35089294466954,35.33833453921938,35.98096064253101,-8.590578773021695,-35.1462363600731,-11.091235383363292,-13.04850437436885,-3.8580756600500337,0.5362659840800751,1.1261585665681577
233.352793,95,88.986423,95.0,140.61223801397267,34.3491486840074,33.214899924878644,-7.306866643428802,-29.71126565337181,-16.28455556096899,-12.529678403888068,-3.991127510939924,0.578592966543785,1.0993266364331915
169.662492,73,89.116915,73.0,96.29892341673,24.781381805672158,23.793291932908254,-5.231659638881684,-20.50226448774337,-10.227551367901983,-9.426267309158742,-2.823362438750135,0.5860603300351737,0.8556480818513535
269.38173,130,89.364907,130.0,135.84121332014996,45.087830928449186,44.880014606562945,-10.187631984949109,-41.1795083761215,-12.256260376485493,-17.41877945402708,-5.38514899765805,0.21663515898717087,0.5632514133666443
228.089115,95,89.6585,95.0,134.5283465579688,33.125089031308605,33.90876519734907,-7.120841300487519,-28.604417216777808,-18.33176541507903,-10.86597517136463,-3.550086269621633,0.5991699096703839,1.1384228283737294
227.347033,96,89.840196,96.0,132.09279333808823,33.255903629541024,33.66727829516136,-6.810893280506136,-31.493055117130293,-16.010210977409592,-9.564479611598625,-3.790303536428338,0.5994927540104276,1.151026087700021
581.946567,252,90.302228,252.0,303.8591033596335,93.47709786375125,93.47286186934437,-19.03917376995086,-78.3960218071937,-21.611789638447494,-30.849542106106707,-10.965968367818705,-0.1289972285900065,-0.6501460320936328
211.189532,106,90.488922,106.0,89.7733162846682,37.23495730363061,35.34844666941124,-8.149260759353641,-30.348041892051707,-4.506154852519105,-9.733351607325522,-4.430379335503994,0.26028920938750444,0.5518131239015094
227.121822,98,90.662312,98.0,135.62946147391608,34.50316951402748,34.13390317344213,-7.271791658401491,-30.48142213225365,-16.341514621920183,-17.179428923702716,-3.870554616593243,0.6322242729573521,1.23915957499641
307.743193,135,90.907227,135.0,159.0026742859892,49.04061283623567,49.56917114849018,-9.677560279369354,-39.07618226408959,-14.12485367358991,-16.098573917650416,-5.892095022983329,0.5100981879806367,1.3772651075477191
190.176551,81,91.0535,81.0,111.04116582333087,29.231871224542264,28.104623707176774,-6.274456770420076,-25.423732733726496,-13.202296077388118,-11.143041262451568,-3.1575829539940785,0.5581406433100701,0.9041878421623135
249.053793,125,91.276225,125.0,106.21254539593463,41.68381986680999,44.46140680920671,-8.961695294380192,-33.79607135057449,-5.200759545446682,-15.709266410485613,-4.636186725331196,0.35789549932294995,0.8947387483073749
198.899323,90,91.435407,90.0,108.09038633855718,31.21829638625928,30.58057591283027,-6.552927811145782,-27.148205852508536,-11.93480895706865,-11.926990048771511,-3.427002702472993,0.5445069080133532,0.9801124344240357
309.985113,152,91.83101,152.0,139.52424877906026,54.903779844824925,54.25918479390308,-11.871379331350319,-47.67162727713586,-9.706902774700863,-16.42718680835806,-5.025004620771003,0.2371456509579212,0.7209227789120805
188.130346,88,91.987881,88.0,104.9051725509571,29.87779523449368,30.569912095290103,-6.914166798591612,-30.49021240472794,-12.091781425928637,-12.127469971098405,-3.5989030353666203,0.4452689746544267,0.783673395391791
240.124377,106,92.18142,106.0,123.3528101804595,38.12610146211941,38.124088669455524,-7.8706605792045625,-34.090013587474814,-7.93899108645214,-12.051857553100508,-3.5271003230291824,0.4465456276007725,0.9466767305136378
307.206499,139,92.425026,139.0,164.28836142252226,50.97627746771219,50.0754750121954,-10.69699600458144,-44.35881472229957,-16.812877563257576,-19.589274869193513,-5.675652085047174,0.48396742467074505,1.3454294405846714
238.035211,102,92.605636,102.0,132.44487861196552,34.19484461716471,35.991111306730616,-7.965750844478607,-31.874845302104948,-11.340749661603075,-11.500443550516556,-3.9138340920499664,0.11475110070546501,0.23409224543914864
159.840347,116,92.815794,116.0,35.764215695600186,40.438713132475364,41.268615675681055,-9.557717334032056,-32.10018013417723,-5.75230739898277,-21.65145676547902,-4.56953570012477,0.1380431476380814,0.3202601025203488
295.17369,115,93.0209,115.0,178.0487105913043,41.61420583851006,41.721973712270305,-8.560815889835357,-32.652407491207114,-16.914775012180677,-17.858433394224356,-5.224768127277649,0.6915714922189257,1.5906144321035292
181.102496,79,93.161424,79.0,102.92642648583634,26.466875789734218,26.856172102920908,-5.93104254245758,-24.152199208736413,-11.633329166968783,-9.140619924986868,-3.2897879900459444,0.5674547733512677,0.896578541895003
266.06532,119,93.370343,119.0,140.10531857045225,43.232538863135076,42.15843399909116,-8.70977016210556,-34.96541091203689,-15.877110636596397,-14.595675736260004,-4.283003770028942,0.3578594951855209,0.8517055985415397
338.394174,153,93.761909,153.0,173.7648035288083,57.06207357533296,55.46011088030411,-11.656928992271428,-47.44480979144571,-13.554928377617806,-22.12931192191806,-6.106834435738793,0.42918326741367435,1.3133007982858436
244.168676,107,93.957042,107.0,132.9914240470617,38.247202826379805,37.491938118384184,-7.59883209466934,-30.775161695480353,-15.268417544719608,-13.941094578479005,-3.9783828593784984,0.5519395327384307,1.1811506000602416
251.362127,101,94.143834,101.0,146.98042850998695,36.36675512105798,35.50772941777198,-7.861391470432283,-29.18596598505974,-15.525080884571215,-11.563695016763303,-4.356653011161734,0.48106467022729715,0.9717506338591403
217.418492,88,94.303381,88.0,123.76066551989186,30.68895809488133,30.698727797675666,-6.596350722312926,-27.62649641036987,-10.179855603910612,-7.872373839213397,-3.4547830615765793,0.6312526557388415,1.111004674100361
408.747299,168,94.609462,168.0,227.15574615265504,62.15623140207688,62.060925142244415,-12.677702684402464,-52.00828054547309,-19.45354294475083,-19.96608120209828,-6.51999605621348,0.26393911087820776,0.886835412550778
204.50993,89,94.766044,89.0,113.05196749520468,32.0076427065122,30.749515545958875,-6.439253175258638,-26.97033297419548,-12.16119974761109,-10.69517316114067,-4.033236608927701,0.5342512662548126,0.9509672539335664
56.519891,72,94.889617,72.0,-15.000554192779092,23.538397531259633,24.6289690289372,-6.233001906871798,-22.187512785196297,-2.217600035866843,-15.277150481960652,-2.7316560819568108,0.06534325347608975,0.09409428500556924
246.836724,115,95.093558,115.0,123.63289938661646,42.359936093754506,39.66367370755353,-9.27622806787491,-36.17998930811881,-11.701337083289266,-12.04842817344636,-4.613802498203939,0.32935777205032024,0.7575228757157366
178.422352,78,95.23288,78.0,98.74175241844164,27.403805356109427,26.956495949829296,-5.58322296142578,-24.106326663494105,-12.988996635383483,-7.4479173738796085,-2.553238420318742,0.5682581291922714,0.8864826815399434
272.3741,130,95.576623,130.0,119.5283841130932,44.88637564427429,47.46344846856473,-9.704477627277369,-37.37070643901824,-5.218233542132651,-11.908195395798622,-5.302495091477448,0.4319374500579381,1.123037370150639
231.530393,101,95.758744,101.0,134.40162000665165,36.033857472938585,35.5333554596336,-7.796440753936767,-32.71951161623001,-16.114467960506822,-14.736709573268104,-4.071310334577241,0.5048724699371451,1.019842389273033
347.204121,148,96.023534,148.0,185.78429192657558,54.54620602688533,53.58674431871468,-11.320666699409482,-46.75245906114577,-13.244457660254161,-17.41726428018592,-5.978273320440026,0.4312310185765245,1.2764438149865125
157.869579,89,96.181474,89.0,55.66807310310321,28.594855275173025,30.820674660486205,-7.028198866844176,-25.77562457323074,-1.7212935242289977,-8.351597886955004,-3.3373089503399513,0.2467703187849061,0.4392511674371329
312.63312,131,96.415047,131.0,176.18093299762302,47.55197267427433,47.91907631254345,-9.72490919828415,-41.91236283183097,-18.06552414211616,-15.493747090226332,-4.82231919479616,0.27117965271815714,0.7104906901215717
201.90212,90,96.576318,90.0,114.59391025098093,31.40725706574644,31.314361063316436,-6.767863483428954,-29.164123213291163,-14.549059597974031,-11.447897346188661,-3.4844646597040088,0.574596936079025,1.034274484942245
279.284327,120,96.793338,120.0,157.32041576514598,44.79614462532415,41.86139038122553,-8.853232560157776,-37.37006891369818,-16.141634888066154,-17.61993301243235,-4.708754616460948,0.5643534253409989,1.3544482208183972
208.572506,84,96.944443,84.0,123.1273314715362,30.070335772820105,30.01654889432088,-6.000218152999878,-24.16640195846557,-16.307522926543733,-8.6941320703028,-3.473435147973976,0.663184507904118,1.1141499732789182
309.101219,145,97.228089,145.0,148.17799529482423,53.0212765892985,51.86530645254793,-10.850862605571749,-45.94788875579833,-10.84805922478113,-15.189866494312536,-6.126682579898875,0.36883425245496604,1.0696193321194014
400.434065,176,97.706818,176.0,208.4197878896809,65.51699769065179,64.10771920758972,-12.70530660510063,-54.62770244479178,-18.614613750778126,-20.363242742460876,-7.299574114817649,0.47979735415229874,1.6888866866160916
232.2933,95,97.87922,95.0,142.2251103504007,31.09173633479164,32.44509898414128,-7.348675417900087,-30.643454289436345,-17.44529173742646,-8.882195418583922,-4.149029302454623,0.7124230127214176,1.3536037241706935
276.464876,111,98.07445,111.0,164.32394783703757,40.64523481493391,39.648119419402526,-8.318826758861546,-34.47517116069793,-18.06006308167475,-14.0180564487629,-4.280308468325549,0.5534201993070045,1.22859284246155
278.081474,109,98.26993,109.0,165.4108449095903,39.269215397805404,39.63247990274608,-8.10835386991501,-34.069111406803124,-18.43711310510177,-10.838029299477027,-3.7784582105188034,0.5866983339196431,1.2790023679448221
150.171563,68,98.389565,68.0,87.08001746372035,24.37402113766424,22.72462278826087,-5.310407819747925,-21.543266260623934,-9.960000895570822,-12.425347662825759,-2.768076141969167,0.557172168968023,0.7577541497965113
236.237198,102,98.569139,102.0,129.07329592222425,36.93901191639487,36.329830907686116,-7.494329082965848,-32.30610822439195,-12.903150795247601,-11.656156492251924,-3.745196000564123,0.5214493283471943,1.0637566298282763
237.097536,97,98.734593,97.0,137.46695999868024,35.583417112139585,34.27703981908084,-7.181477520465855,-27.592516475915914,-15.730155854928562,-12.718195984089714,-4.0075354483555685,0.6199382506011466,1.2026802061662243
195.079163,80,98.878562,80.0,116.76233257390575,27.871565228089878,27.435920664055747,-6.266089901924134,-23.089854156970986,-14.127757938282539,-10.059024147043008,-3.447928842535293,0.5539531160300746,0.8863249856481195
290.621551,126,99.099581,126.0,151.69292056288634,43.42448533885139,45.08012509874985,-9.6808353638649,-36.44681619405747,-10.958618420773648,-13.235736207514362,-5.2539739590446874,0.4720067684297217,1.1894570564428988
180.572405,87,99.253418,87.0,84.78422493330447,29.2603833283135,30.679819447482267,-6.641260790824892,-25.34871248006821,-4.791872858502366,-10.546094907644717,-3.8240819530638546,0.5434130691860138,0.945538740383664
226.478673,89,99.531645,89.0,136.48347397423558,32.125055156998016,31.60269531191865,-6.59860531568527,-26.79343013763429,-18.270825947108822,-7.981364087443271,-3.088326392563984,0.6859140813661821,1.2209270648318042
260.795839,110,99.732047,110.0,142.80645022719227,41.07503545543579,39.52833430486921,-7.9213717055320725,-31.93792709112166,-15.710284636217642,-12.93341416608371,-4.110982928980222,0.4911306714740014,1.0804874772428033
278.606574,122,99.95782,122.0,160.29528772174956,44.61305103725058,43.38702729428705,-9.719578325748442,-41.264978659152995,-17.97509008943478,-18.08494912752551,-4.644195540748449,0.5657943509573821,1.3805382163360123
324.601676,131,100.198246,131.0,183.28479698495596,48.87500710785647,46.75282588170951,-9.706321313381194,-37.20836920738219,-19.75425731421668,-13.019669959225517,-5.622336585878201,0.4975759133084195,1.3036488928680592
274.460837,111,100.39484,111.0,164.24627916690525,40.56217517085525,38.535413030817736,-7.8652728772163405,-31.54851198792457,-19.482388541309845,-16.54008790960362,-4.446768913910673,0.6288890955255281,1.3961337920666725
209.283566,87,100.555495,87.0,118.05094378527573,31.74830420177388,30.125883870638937,-6.111034653186797,-24.229083889722812,-12.116331197518178,-11.699165258549876,-3.485951161915209,0.363762498946133,0.6329467481662714
292.337715,135,100.803445,135.0,143.37028455431482,50.12837625684051,48.18557661054935,-9.855517351627348,-39.789693862199805,-13.318942299642533,-16.161421443782913,-5.220947166976419,0.4480572903564852,1.2097546839625102
252.663334,110,101.010278,110.0,142.322871377049,40.21118146027451,39.7780821975908,-8.054499275684355,-34.61176884770394,-17.03777121213115,-15.659528871684728,-4.285232975296421,0.5766974087439114,1.268734299236605
249.514808,103,101.204313,103.0,142.9060929562267,36.958958210847385,35.575070429264414,-7.640585912466048,-28.658942013978965,-16.368685790773352,-12.015263029443306,-4.241836365262117,0.582492607265496,1.199934770966922
162.074741,68,101.330865,68.0,97.67275377538058,23.825682689369305,23.667727420470484,-4.830416691303254,-19.14003409147263,-12.85769592925914,-11.541001845659034,-2.7222747368044065,0.6292642985930468,0.8557994460865437
208.995639,90,101.601212,90.0,112.78983181113058,31.98103352230185,30.43879521308613,-6.621536005735399,-25.23231339454652,-8.135808281538292,-12.098952272264524,-4.125411093465964,0.6481256208655904,1.1666261175580628
295.966018,114,101.801313,114.0,178.16738331692193,41.08736614280329,41.789223127005506,-8.239855079650876,-32.08864002823829,-22.3920664621319,-11.23397553054202,-5.123417317793066,0.49606365465202173,1.1310251326066096
323.013969,123,102.0226,123.0,199.39306060146592,44.29225993532251,43.268953899458026,-8.928814854621882,-32.48813652396203,-23.722224480635624,-16.68884467005622,-5.112284772065066,0.7491846262565117,1.8429941805910188
186.647868,80,102.164406,80.0,109.0429116196718,27.78755918431778,28.2310343153949,-6.123192553520203,-24.910255324840556,-13.574061784757461,-10.783808489498686,-3.022319082653488,0.5469372860713417,0.8750996577141468
328.389037,130,102.3973,130.0,183.95464690162447,46.49411392858534,47.6300106067496,-9.620385322570803,-36.28296170830726,-13.938322193403046,-14.340396683481687,-5.507668996345196,0.39659974808392434,1.0311593450182033
174.7969,69,102.520414,69.0,101.74820303308502,24.415141625611557,22.49103207889601,-5.037855083942412,-19.935103410482412,-8.825249964294164,-6.948352286315785,-2.11091606531027,0.6731052147723278,0.9288851963858124
398.756829,172,102.828634,172.0,204.41488589416684,64.38299223695626,62.67373347059833,-12.3409222984314,-48.92859513163565,-16.153854807576113,-21.032627531966874,-6.258783302847108,0.3812558551667408,1.3115201417735884
99.762919,96,103.000627,96.0,-9.02265629748078,34.61463407348756,34.50986304083832,-8.223063354492188,-25.645937734842303,-6.121332531616303,-12.82145619094637,-3.5271321628294117,0.03933276165015905,0.07551890236830537
174.122741,79,103.147855,79.0,94.4069305663305,27.11485064658793,26.964517262994235,-5.992759833335879,-24.42639168500901,-8.965253504420314,-10.934190388844973,-3.044961825685466,0.48223113736571793,0.7619251970378343
637.762942,275,103.769547,275.0,328.0675211444645,103.64847650124466,102.4478891020312,-20.821611413955686,-81.39444517493253,-25.82538471680255,-30.462416294575128,-12.89708747063744,0.06733390373521843,0.37033647054370133
137.41001,92,103.93505,92.0,36.016817433244306,29.20091735914769,28.980736910270053,-7.748747024536133,-26.689260423183434,-1.1175478733173678,-9.96043420409036,-3.272471972843135,0.23175053726276237,0.42642098856348276
360.793917,161,104.215556,161.0,183.66477718580742,58.75273222067538,55.48007881859699,-12.191649401187899,-46.411083865165686,-14.246728076341295,-18.244298251567947,-7.009911412054758,0.3788693660422433,1.2199593586560236
230.92365,91,104.380852,91.0,137.18834173432745,32.25199999568338,31.905253414838224,-6.88930982351303,-28.09867106676101,-15.099792484792324,-7.469593555382404,-3.8645784435763377,0.6726605466045976,1.2242421948203677
387.408687,168,104.679761,168.0,202.95906879731533,62.14368356234394,61.32227195435137,-12.472406096458432,-49.882084417343144,-17.59773272004909,-20.21306099512212,-6.851052735087699,0.5285206270836587,1.7758293070010929
241.636681,95,104.850964,95.0,150.4768835725235,34.669784882165615,31.407125721448498,-7.147881164550779,-28.714723539352416,-19.116284551846604,-10.980891715461162,-3.957332700045048,0.7420623743467658,1.409918511258855
239.050819,103,105.038963,103.0,126.91438082829345,36.6750330097271,35.98679032993278,-7.242180829048157,-28.19953489303588,-11.760198122621302,-12.121150982081,-4.202320114369689,0.4936581415552186,1.0169357716037504
210.782815,90,105.198224,90.0,113.63436662811205,32.798289413397725,30.90119269735181,-6.629546914100646,-28.145358449220648,-9.973235676652486,-8.042655891158452,-3.760236455542826,0.5561132315224858,1.0010038167404745
341.096651,136,105.561499,136.0,196.8032911320446,49.95020873958421,50.140687595611865,-10.16600824475288,-42.84830743670463,-19.552855508855234,-13.633193661362162,-5.597171880450477,0.6176021330159365,1.6798778018033473
185.192826,79,105.710285,79.0,91.36105676156454,28.455848083938523,27.9464282552513,-5.713335213661196,-21.132788020372395,-5.263448431084836,-6.7130563539520915,-2.74787860302725,0.5876164682239332,0.9284340197938146
322.650598,135,105.966855,135.0,179.8653970933341,49.67812480656375,48.746290118351595,-10.083339657783503,-40.02974269986153,-18.11173735755718,-16.928017089008517,-5.486377110048746,0.5728546759533021,1.5467076250739158
377.943514,155,106.24819,155.0,209.8846736323665,56.476457632035164,55.50215451076292,-11.588616838455208,-48.6196667253971,-18.29561514526804,-14.340788531909785,-6.075084388844947,0.36562818989136503,1.1334473886632317
226.107665,101,106.431353,101.0,120.87970441673649,34.76014887121363,35.41834665835312,-7.579024991989137,-30.683015090227123,-11.93429606100575,-11.490874530708371,-4.263324557023116,0.4327118765956323,0.8740779907231773
260.28952,112,106.639349,112.0,136.45842408079972,41.26112602465648,40.05485130240002,-8.160581107139585,-33.34388048648835,-12.636164502664672,-11.177892804068996,-4.166362361909183,0.4802591219218386,1.0757804331049186
116.680391,103,106.819271,103.0,2.4036565994101475,34.14740150447444,36.842372443937926,-8.040707540512086,-28.111804503202443,-5.094143370552266,-14.555976714575142,-3.9104071282700077,-0.09083599031101769,-0.18712214004069644
252.816836,123,107.033936,123.0,119.17286548699646,44.11099329338026,42.310218717561554,-9.802436468601224,-36.868263018131245,-11.096310111060953,-12.87883231967023,-5.131399250188549,0.2939592537034616,0.7231397641105155
200.716177,86,107.184903,86.0,117.59510128398742,29.72879994421795,28.606090795217018,-6.841743915081026,-26.535006928443906,-14.848045606825062,-9.310011467797175,-3.6790067395740342,0.48845708051799425,0.8401461784909501
230.082176,99,107.475328,99.0,125.67174993535502,33.590511199724915,36.1064714863681,-7.544431560039518,-27.866972768306734,-14.147635246100005,-11.294951691044359,-3.432565141451647,0.5726584218852726,1.1338636753328397
230.758792,93,107.638444,93.0,146.06788753842434,32.96055843644441,32.45784819156999,-6.995456862449649,-29.706409215927128,-16.38084405084326,-17.24672928085726,-3.398063113363124,0.5734603706975016,1.066636289497353
423.739136,184,107.969508,184.0,219.3987018677507,65.99979071712671,69.04096813715134,-14.040583267211913,-55.44187530577181,-18.383695572256187,-19.0292961493888,-7.804874864296643,0.18335663851916706,0.6747524297505348
299.17556,135,108.209985,135.0,145.12405741714915,48.024880756290194,48.996433036962976,-10.046313350200656,-38.36266570091249,-9.616666739062003,-14.140392598555831,-5.803772384950543,0.0484605855462555,0.13084358097488985
212.367957,90,108.369548,90.0,114.30765266885388,32.63117245197435,31.873205018307907,-6.76081783294678,-26.436021584272382,-11.843715609305601,-8.125005531134985,-3.278512418594019,0.4446749533047729,0.8004149159485913
200.014687,81,108.511279,81.0,119.08265405801284,28.534566317098356,28.301972910013767,-6.346938254833223,-22.51702039837837,-13.031450740926914,-11.307372387104158,-3.7017246219905107,0.6132896769797898,0.9935292767072595
408.078836,179,108.819172,179.0,209.00436798423425,67.07882920838738,64.8414612201344,-14.068019130229949,-52.59537504315374,-19.88863857032993,-18.155301752240728,-7.13848774372047,0.4115062054209961,1.473192215407166
301.77307,129,109.039965,129.0,159.63204305649612,45.824932697266505,44.69954565068624,-9.748574800491324,-37.5194884121418,-13.514090202881333,-10.935090517926412,-5.6662073928813586,0.5259912578527041,1.3570574452599766
357.823794,150,109.413244,150.0,194.95964230416283,54.74999257500686,55.242209600867916,-10.811582126617436,-44.20263478457926,-18.29281139935257,-17.674811048614217,-6.14621158426734,0.4663285182243713,1.398985554673114
324.371595,138,109.649507,138.0,175.0149693616281,48.867540354002166,48.7761445807298,-10.289209856986998,-39.25540732741356,-19.41255224309203,-11.728982051154365,-5.600907473562026,0.38784790028812044,1.0704602047952125
327.758396,137,109.88489,137.0,177.84611733099345,50.88229795576368,48.89642943184672,-10.387252159118654,-39.479880875349025,-16.660595211388642,-13.948861116804181,-6.3898592235769085,0.45485282508708685,1.246296740738618
93.369685,100,110.058031,100.0,-14.440193253474924,34.14235095804247,35.6837072423348,-8.713535091876983,-25.95426822304727,-9.667365148491763,-13.782492453244654,-3.898518814264426,0.13502177021053885,0.2700435404210777
338.075972,146,110.309111,146.0,185.27954576083357,53.12785993047778,51.72881919865684,-11.078567340373992,-45.058819204568856,-19.342706123469206,-16.87015726237804,-5.710003343699283,0.5586158208534444,1.6311581968920577
213.869653,87,110.458115,87.0,125.52280227791091,30.486630456559695,28.401537817333896,-6.38829511642456,-25.13072385191918,-14.168020569010237,-8.438924353413865,-3.4153532479312223,0.6311272893972175,1.0981614835511584
367.89429,145,110.706072,145.0,209.92820887737108,52.816060379065135,54.28057173415648,-10.999354393482209,-44.56341975331306,-18.431676942541987,-13.307904583166964,-6.828195628136224,0.5542667800141037,1.6073736620409005
561.69764,241,111.23666,241.0,296.6966676687088,89.87035425143979,89.05672643689111,-18.61819235086442,-73.32387113571166,-23.1608901790651,-29.450237832437367,-10.372916696927373,-0.0927529012649659,-0.44706898409713564
263.218887,115,111.434078,115.0,139.406213846698,40.797057220136224,41.76974575590109,-8.768286101818084,-30.42981094717979,-12.222086106663928,-16.757568817097926,-5.576378065665654,0.4621195382235546,1.0628749379141758
213.291698,82,111.574895,82.0,127.73656824648175,27.352882165320278,28.509565253544626,-6.467468488216398,-23.73430241346359,-11.595313548256897,-6.867302396653962,-3.642930715005383,0.4190743355215794,0.6872819102553903
356.756052,144,111.823858,144.0,202.24729083940414,53.19485387561005,52.35813676652839,-10.664966597557067,-42.93046393990519,-21.77537549887612,-13.430292457926509,-6.243130599331372,0.574159612219591,1.6535796831924219
269.090923,113,112.026876,113.0,156.68810680525712,39.146066701251144,40.436762398054874,-7.9979116106033326,-33.25485896468164,-18.67780164423861,-16.101064466748333,-4.148375799460768,0.5967348791687022,1.348620826921267
446.239654,193,112.38166,193.0,230.06503527943175,71.33076212005037,70.25581435618491,-15.209517333507542,-58.83402534127235,-16.438323851715673,-19.56919012885823,-8.360900972871832,-0.16807186273893518,-0.6487573901722897
380.071219,156,112.675276,156.0,214.59616188895856,57.98691091244312,57.31930709935208,-11.874940935373306,-45.091694965958624,-23.144510488609793,-19.46041163807573,-6.259602963417482,0.573938539993487,1.7906882447796795
365.066689,156,112.962168,156.0,190.58396201305862,58.350806741890054,55.857778088294516,-11.711124856472024,-44.3168813765049,-16.816948715632737,-16.991464375919662,-5.889438154961669,0.3571076904987301,1.1141759943560379
140.83223,107,113.262791,107.0,26.44094645000556,35.45753948843786,37.20177625644189,-9.544239349365233,-28.1015844643116,-6.988473700328484,-16.6201772854254,-4.013556973317047,0.21011811585946308,0.449652767939251
360.110263,211,113.625638,211.0,118.61296131979587,80.29054509039487,79.55192686950119,-15.86794014930724,-59.517175865173314,-11.181981308286149,-33.9719081060777,-8.80616508408223,0.3419961245519022,1.4432236456090273
478.119965,183,113.969214,183.0,280.88517342045424,66.76903719284262,67.54447335993086,-14.282028670310977,-53.93502140641212,-27.96987484303988,-15.327799495033029,-8.563994936466804,0.6250911375162023,2.2878335633093005
259.941656,108,114.171777,108.0,138.85943963915093,39.670715295620084,38.849314504392495,-7.852870008945469,-29.193728297948848,-14.701135173141775,-8.73691896515427,-4.953161102676659,0.488793573486571,1.0557941187309934
433.548879,178,114.500916,178.0,241.77135216628596,65.6676148843813,64.92813549284877,-13.125107107162478,-52.407877969741826,-24.124530445458227,-19.644698687696277,-7.5160090635386885,0.5172866389047593,1.8415404345009432
291.544569,129,114.734353,129.0,144.73747471910966,47.48835256330339,45.20850627672285,-9.781963695287704,-35.088320297002795,-13.659322405899317,-11.053113526342432,-5.3070448332512585,0.4994734912812815,1.2886416075057063
249.111973,115,115.083659,115.0,119.43614292939176,40.578675493368614,41.47384257965896,-8.780457969903944,-33.125379103422176,-9.245901653025218,-11.381323093034089,-4.8436262292091925,0.4237907935871971,0.9747188252505535
663.752561,265,115.568088,265.0,357.2763506468482,100.26454771451256,98.71719417322912,-18.937974002361305,-75.38282634019849,-29.365137835036013,-23.192285154203184,-10.62730845614534,0.22321692045338806,1.1830496784029567
45.736026,81,115.736167,81.0,-40.132446285938975,28.295448306931906,29.029183795187,-7.269437613487244,-21.2544364631176,-8.328302650934754,-12.316068008253659,-3.287915157310574,-0.15427903495200718,-0.24993203662225164
102.294788,86,115.916485,86.0,10.070053863211948,29.30348322540278,31.039971922023213,-6.836259238719943,-21.753135591745377,-3.836484967625428,-18.221402726935906,-3.4714383755224416,0.03330905396633138,0.05729157282208998
315.289183,126,116.142181,126.0,184.13779944086346,43.83168391729185,43.887075259523705,-9.89028816461563,-33.63409037590027,-18.0708532304203,-15.00819855784354,-5.9639451739181855,0.04433813321171735,0.11173209569352771
269.040562,107,116.326613,107.0,154.82698294035654,40.386279388827916,38.63123703405119,-8.291195428371429,-30.16914020776748,-16.543045767703074,-12.1381977844259,-4.662358183762366,0.6181367961558906,1.322812743773606
95.364299,93,116.495241,93.0,-4.008263645462707,31.752670895373445,31.716097134146118,-8.066056802272797,-23.38091725111008,-5.300500696821729,-17.089496441718595,-3.259233720066069,0.27181890316054264,0.5055831598786094
509.878965,210,116.893595,210.0,275.0184421136404,78.70619897940813,77.0925773687417,-16.348362345695488,-62.83840858340265,-24.3449730243324,-17.577007595907855,-9.829501813570923,0.5266635744102354,2.2119870125229886
819.471664,344,117.659855,344.0,424.98404381532384,130.64158477109666,129.09048249398526,-25.41553685665131,-99.0231862604618,-31.834880629761706,-37.507643053961964,-15.463200203096429,0.09566642176545995,0.6581849817463644
286.100451,154,117.941116,154.0,104.19759059635177,53.20093771592212,51.39731749115405,-12.167388619184493,-41.31241957247258,-3.169973308335132,-14.407352863759606,-5.6382604240597445,0.18879668182963533,0.5814937800352769
385.60287,163,118.233592,163.0,206.94847295334557,60.23888489112262,58.812931471802536,-12.331860207319254,-45.33496245145798,-21.603603283728884,-17.27969428039182,-6.847299044909755,0.5047619032700269,1.6455238046602878
274.514402,115,118.448174,115.0,158.1992985361429,40.882335109220804,41.249516035589934,-8.481405611038204,-32.87456864714623,-19.241376167769708,-15.428049695274154,-4.79134776898501,0.617771790385713,1.42087511788714
296.845315,145,118.719865,145.0,135.11694523626358,50.02736424610316,49.85025881851993,-11.344835339784622,-40.032629668712616,-5.74394131143766,-19.57198298991626,-6.455863752958501,0.413384705883241,1.1988156470613989
305.321762,136,118.967592,136.0,161.60766574092003,51.31931918163427,48.45552409476907,-10.695750420093537,-42.27801622748376,-17.97557421161623,-15.525973690094274,-5.585432393294978,0.5180456793923621,1.409084247947225
212.842916,91,119.252456,91.0,130.4737484228512,33.44097955861389,30.18646166623991,-6.889317746162414,-29.737792390584957,-17.242713719081195,-14.474870074320382,-3.9135796459078467,0.6552201437583742,1.1925006616402412
753.621825,308,119.813917,308.0,405.5134166831906,116.77906516202655,113.99233333708086,-23.749487423896767,-92.50289780497548,-34.732867404856876,-26.83388968971279,-12.843848345059161,0.48527510238480187,2.9892946306903796
151.675015,87,119.980354,87.0,53.46427149127805,27.651330464298002,27.723378103081398,-7.285838921070098,-22.437088572978983,-2.3235477436617336,-8.962179131780621,-3.155310560187376,0.05016623922555905,0.08728925625247275
944.660719,409,120.727968,409.0,462.50856819544333,156.48041752852004,152.7181711950507,-30.844514985084537,-120.3978325605392,-30.33907330679968,-38.529527688561124,-15.935489226461836,0.38855795059588405,3.1784040358743315
826.299892,341,121.465333,341.0,433.3937830737071,126.39838193377946,126.6869286647081,-25.7203053677082,-93.96703960299487,-30.030841680093683,-36.202263281385356,-15.258751263448074,-0.2606887843843993,-1.7778975095016032
551.964692,229,121.87834,229.0,293.39679774742524,86.00378988327371,86.28060490602057,-17.445960080623628,-62.77816089987749,-24.181858501837123,-28.51167790848804,-9.798842905947682,0.546679920659209,2.503794036619177
1109.393113,477,122.769773,477.0,543.1059468562626,180.50266544951424,181.50626588211293,-35.521482750177384,-134.26667518615704,-33.74315760859774,-48.61804907558214,-20.572400396139884,-0.17036779022134244,-1.625308718711607
337.815532,144,123.150224,144.0,177.17365271732444,51.99546284102997,52.946664623371895,-10.788968949317935,-39.97891359925271,-16.93150653412649,-14.311617817900233,-6.289241210358434,0.43529235018010737,1.2536419685187092
940.579873,408,123.916092,408.0,447.5557452203701,150.96362733230438,154.08287232311883,-31.209025131464003,-114.93448894619942,-21.331447024720223,-35.03531119973652,-17.512099129206888,0.3914853966695487,3.1945208368235174
610.033864,320,124.564294,320.0,229.50604953780578,120.38407446390767,118.40540512219918,-24.900846571922276,-87.40503184795375,-15.22464745828408,-37.6706302190053,-13.060508805065574,0.18109435667759152,1.1590038827365858
1240.38398,538,129.316001,538.0,608.0073067884639,203.18713173233542,203.72231096391718,-40.252090648412654,-155.26670802831666,-33.89953118446445,-61.00179268370177,-22.112647124647438,0.031192484540998974,0.33563113366114894
446.171389,207,130.034974,207.0,210.00288365793514,71.24490885848951,71.83785252725916,-16.321514941453934,-57.1238019287586,-12.726568756583218,-19.27652873116806,-8.465841790973496,0.08406833269367309,0.34804289735180655
924.785215,389,131.034562,389.0,468.60496400113516,149.09036646590894,147.04046641020255,-29.374174797534934,-109.95775106549266,-32.50375832381303,-40.21496110568344,-16.89993628768446,0.47647978819594744,3.7070127521644713
391.915761,157,131.412463,157.0,222.8861624732348,59.05882163137121,56.92059986475655,-11.748654623031612,-44.52780191302299,-21.93478322476656,-19.46366399278296,-6.274918896694271,0.2777908528925676,0.8722632780826622
1152.952246,492,133.236283,492.0,567.1024140916311,182.63419943590162,182.53905283713183,-38.234377514123906,-131.49572918415078,-28.544464746420662,-50.91766447427665,-22.131184261173264,-0.13373021681316824,-1.3159053334415756
836.184964,376,134.238308,376.0,387.91765967590305,141.41715047962282,137.6665386487967,-28.54179263830185,-103.34318103194232,-22.292326443560018,-36.99161628671232,-15.647468255032264,0.03154109169793146,0.23718900956844463
862.432929,377,135.630263,377.0,428.77536027751927,144.1995860999783,141.95993032589487,-28.136503560543076,-110.33940159082411,-28.983821516535386,-47.43144643755036,-14.610774351013465,0.29928476164173307,2.256607102778667
368.227733,226,136.371664,226.0,98.49835831629196,84.62978367067528,84.67866943944752,-18.303752756118786,-60.59282982349396,-11.85710006749863,-25.735937271155034,-9.089458378988967,0.2068819715689801,0.9351065114917901
311.899991,159,136.955251,159.0,131.65416187986963,57.32155905338345,58.34452610288474,-12.722715120315552,-41.01303282380103,-9.254448446155285,-24.419033239642097,-7.01102644223082,0.3106233348525016,0.9877822048309551
2224.130144,973,141.075907,973.0,1038.9190875013603,372.04528226382894,369.5357829704955,-73.01571046352373,-277.53889884054695,-47.94112598704574,-88.90921593877863,-41.96505782211144,-0.29662851170762505,-5.772390837830384
451.085622,223,141.813031,223.0,187.60446462353198,83.89000592518738,82.47256920524852,-17.576410257816306,-64.17499815225602,-8.553075228137567,-26.66715801435539,-8.909775674326628,0.2569199622516999,1.1458630316425815
1635.977877,728,143.656018,728.0,755.5264081869857,277.71526646012927,271.7130551942277,-54.835570931434596,-203.8347385287285,-42.355123825940176,-66.35877196825201,-29.592647961352387,0.10854598312186796,1.5804295142543976
274.054278,115,143.885553,115.0,147.8324495742061,42.34211822634714,42.44115972061376,-8.520195894241331,-32.075010919570914,-14.896375996271644,-13.51191783620607,-4.557949197215732,0.5003891943838816,1.1508951470829278
645.103078,271,144.419231,271.0,338.68136152550034,103.09449173968217,99.49335316669493,-21.420274574756622,-77.95996743440625,-24.130460300353384,-32.47392349148256,-11.181502243104534,0.44560169689237755,2.4151611971566864
1087.848375,472,145.400523,472.0,526.549875224488,173.406497791218,177.33250233675395,-36.90432052850722,-126.02018745243542,-30.4890914325324,-46.96515906462691,-21.061741535819007,0.25400140309732383,2.397773245238737
486.134547,215,145.786449,215.0,235.82080764189672,79.23269366458379,78.86574116344919,-16.126153066158295,-61.64166020154952,-16.67489796288318,-19.518484000062205,-8.823500484891268,0.4375762984390537,1.881578083287931
323.770679,131,146.019331,131.0,185.37259051631554,45.723418401002675,44.89945669995449,-11.069736402034756,-34.852635365724566,-19.109260155798772,-12.388757726126064,-5.804397166869085,0.5397469777294016,1.4141370816510321
1213.061355,516,147.069481,516.0,598.6220096411228,194.9289011198889,192.80786312055335,-38.12588599324225,-141.5247312188148,-35.27852078437371,-52.82167218408229,-21.546608432942055,0.40177855662674244,4.146354704387982
231.428295,157,147.350045,157.0,48.621344976476486,55.312183483931776,56.12051620231608,-12.73498458862304,-40.84217638969419,-9.13517394864436,-16.89423569077057,-6.019179380660584,0.17449468154975942,0.5479133000662446
718.571956,306,147.902445,306.0,375.37360109992574,111.55761024105894,107.45660491461014,-24.785023217201225,-82.41102262139324,-24.831103058061785,-36.691145237649145,-13.097566200996893,0.4515043391586791,2.763206555651116
1461.701852,657,149.188899,657.0,667.1076913886836,249.38919829097583,246.57481436148572,-50.21820499777797,-181.02258442342273,-34.16834650782937,-65.32941428698233,-27.6313020505222,-0.10079124728129397,-1.3243969892762029
927.722823,406,149.927955,406.0,453.2703786769132,150.04859142477687,148.0226613439177,-31.778115251064314,-116.88093946576126,-27.302356677062594,-37.51516572551693,-16.142231306872482,0.43867352456179937,3.562029019441811
1022.415205,441,150.840715,441.0,501.0246503109037,168.67559618881788,164.69822903641074,-33.37887584209444,-126.78548130989077,-32.96877438710517,-41.1561330098253,-18.694006412293003,-0.00224568242190826,-0.019806918961230855
502.340317,229,151.252838,229.0,233.44768411935635,81.4883507752388,82.39246734087685,-17.455027172565472,-58.54925814867022,-13.228218921822476,-25.278179651970394,-9.477501033681085,0.3226398294772651,1.4776904190058742
296.068605,122,151.469958,122.0,167.2012221440559,43.17077270633919,43.33288991598188,-9.223433768749233,-34.80411169528962,-19.772976558419316,-11.229627419307027,-4.606130282191027,0.5563968041432445,1.3576082021095166
192.317447,82,151.614757,82.0,98.93451866844741,28.95911794565813,29.13316724435655,-6.293294184207915,-22.368378734588624,-7.00337107266506,-8.217940568662858,-2.8263719950479773,0.374445767232084,0.6140910582606178
366.286098,148,151.880111,148.0,200.24646586109063,52.711564684960955,54.24143525102748,-11.308480541706084,-43.463064825534815,-15.22896212454915,-12.671236052843533,-6.2416246828429784,0.4784313523383567,1.416156802921536
853.122848,429,152.778874,429.0,345.7283033232225,161.86201335900995,160.04647040444164,-34.25479439020152,-121.30758278369895,-24.579530138640944,-45.3870860758351,-17.984945359562715,0.2134414491854176,1.831327634010883
816.895439,345,153.390645,345.0,417.4784694266068,123.40874296079771,128.99584319827503,-27.368852832317355,-95.1439291656017,-25.692705808386915,-34.58215303878642,-15.199975724261657,0.09837041487208496,0.6787558626173863
476.900796,182,153.710265,182.0,285.5952160969048,68.01155248039446,67.2271314077056,-13.934692702293392,-50.72593466639516,-29.94280338157018,-23.554127813753567,-7.775545170395578,0.5893184451462217,2.145119140332247
411.593253,225,154.105737,225.0,135.8940043913955,85.28371512760906,85.80499476331049,-17.72241023778915,-60.71977277398108,-13.320255208375395,-19.779351971482033,-8.84767082996331,0.2710632958267682,1.2197848312204569
2349.926678,1000,156.003487,1000.0,1132.0848971595026,385.8260071780181,383.4679170973774,-75.97103177905092,-280.587822133303,-53.79768576422436,-98.08926438289228,-43.00633902338289,-0.005293795287005847,-0.10587590574011693
131.229075,97,156.191899,97.0,33.192100995433826,28.31175171920733,24.475435017885406,-9.109601469039916,-23.506991949677474,-1.4147692823894786,-14.603188455401495,-3.115661639177779,-0.016536778194299412,-0.03208134969694086
1666.635188,718,157.688023,718.0,805.3434103870616,275.9795574748984,269.9781762442104,-53.6615952229499,-201.1408722579479,-43.97297515360693,-73.50874843451848,-30.381765377194224,-0.04112874183178767,-0.5906087327044709
1728.24661,762,159.268758,762.0,791.3806192017951,292.2824132886716,288.9979554985992,-56.314661839008316,-211.072508198023,-40.902174515194766,-68.58606642617441,-29.538966745399982,0.2598275907018665,3.959772482296446
659.142432,323,159.852338,323.0,265.84252392695595,123.61418429816294,123.76898871687857,-24.578955402374266,-86.14060415029532,-17.92964208792356,-34.819204643020356,-13.614858860614383,0.3041818246968943,1.9650145875419371
2289.113997,1000,161.732895,1000.0,1058.1517883572992,386.78054934052585,380.1090704202166,-76.69560561656952,-275.2405715107915,-48.90671929570941,-91.6179597558002,-43.46655540583956,0.08400481443602147,1.6800962887204294
1918.155364,813,163.327403,813.0,946.6409159871858,314.8793202875413,308.6721813495019,-60.92337391734119,-232.16134501695646,-54.833859077416555,-83.03946295828007,-34.07901236924984,-0.0831188013905101,-1.3515117106096943
2245.424673,945,165.156805,945.0,1116.1383664358543,363.6238260440087,361.0248983935298,-71.35128625631332,-268.3078933775423,-66.92361020604888,-94.03457985929005,-39.7450483985638,0.021668414085339097,0.409533026212909
265.951429,103,165.342612,103.0,157.43789432445274,39.06285710966618,35.79885546341389,-7.7201737093925455,-27.57431381940842,-18.91241351575799,-11.107052641166668,-4.03422374596454,0.5962821348804156,1.2283411978536563
1315.534122,561,166.359496,561.0,647.9356087119768,213.09737847921357,209.19654163197907,-43.26457793712616,-158.08774954676633,-39.956773604248134,-51.407951629199886,-22.978353783912084,-0.13524851533773388,-1.517488342089374
1207.658466,507,167.398538,507.0,599.9692113318229,195.20607503790166,189.97797319000526,-38.242496662139885,-138.13760514259337,-37.27695299521687,-50.13545032901088,-20.702288687523684,0.2456036846022501,2.490421361866816
1780.013422,775,168.91267,775.0,852.5434301025297,297.04817338112707,294.7274577196968,-58.80982807755472,-216.55899817347503,-47.676311409696275,-84.71067782044673,-31.549824060551888,-0.10721159801698833,-1.6617797692633192
1220.705507,514,169.846973,514.0,601.7470759947706,196.36695405206706,195.85226509634612,-39.63894291400913,-144.19145322740079,-35.94402381678987,-45.4647337567011,-22.021634162795944,-0.14521253156602298,-1.492784824498716
2410.079882,1000,171.739154,1000.0,1174.6128875085944,389.84490379431224,385.5244870457887,-74.51349149584769,-278.92483427524525,-58.63025258896511,-85.25259946721671,-42.58121835205954,0.30713644492316183,6.142728898463237
2097.712446,882,173.454837,882.0,1034.822847802423,341.9644442448896,332.35980247217793,-65.93405891060839,-248.32955562472327,-61.52540443453763,-81.51131277224526,-36.134316363481155,-0.1876804042961168,-3.3106823317835
581.286646,226,173.869135,226.0,333.22313238437226,85.74359835946643,84.36476953826559,-17.927434618473054,-64.9419174551964,-29.378186635108847,-25.7726577182057,-10.024657912735693,0.43789343729798513,1.979278336586893
2421.032748,1000,179.665179,1000.0,1183.082974382943,389.85199670147483,386.64090750117805,-73.92222664594657,-282.3739659249782,-58.12973114253916,-81.6496692701551,-42.46753743198924,0.19950676562761038,3.9901353125522077
2408.128675,1000,181.576552,1000.0,1169.6823231370834,390.752798824627,389.39459381891436,-73.54289397597316,-280.61079131364795,-57.13464949646373,-87.21095054481465,-43.2017558917088,0.00403910031117308,0.0807820062234616
2424.510232,1000,183.528457,1000.0,1203.576483339344,389.47025591385886,385.3180395151635,-74.97260783433912,-279.435295909643,-60.51580379364679,-96.82741764858335,-42.10342148947728,-0.09869800551613173,-1.9739601103226345
748.811171,316,184.222675,316.0,379.71498507996375,118.97691578612871,118.46217658092444,-24.354521224498747,-87.12117478847506,-26.141207326146297,-33.875463991601876,-12.850538711409538,0.47079494162481267,2.9754240310688163
2383.076142,1000,186.031389,1000.0,1134.587337099088,391.3411394450298,387.8920588065804,-73.2978317964077,-276.7401151418687,-54.1643963782817,-86.05493974639907,-40.48711069685719,0.4134435783813027,8.268871567626054
2424.79423,1000,188.009204,1000.0,1192.5716258226912,389.02494921807374,384.61969756269707,-74.0899021029473,-283.9366940438746,-59.53937758325405,-82.33016895668497,-41.52589983352334,0.1559115814409432,3.118231628818864
1628.27352,667,189.340637,667.0,820.2688685311257,256.59073424715757,255.51949326400862,-50.80945296168328,-190.38797607719897,-42.15385771738428,-59.69453151275174,-28.059757910496323,-0.030347544106437585,-0.40483623837987737
2512.537854,1000,191.247664,1000.0,1282.8533118600626,388.41232572448735,388.7998767038995,-74.53774907827375,-271.0283388793467,-68.88673972660862,-86.93156991103997,-46.14326300244153,0.09337414509695673,1.8674829019391346
2021.250759,819,192.856664,819.0,1017.619030012455,315.9664000781532,314.24372830032286,-61.460021305084204,-224.55451206564922,-55.750780332852,-69.17933041483954,-34.63375477296486,0.21635652261456986,3.5439198404266543
2395.070347,938,194.647691,938.0,1262.4662312969876,362.4598748900105,356.61338923012164,-70.93363883137708,-261.33397381305707,-77.3821108186966,-75.19984154564537,-39.619583079745624,-0.008541745351985016,-0.1602431428032389
201.959924,80,194.789373,80.0,122.32416747754014,28.614037533424348,25.462628163613374,-6.917246387004853,-20.030986779928206,-15.433818939681032,-8.89647370404109,-3.162382975604642,0.6465293341308742,1.0344469346093987
2490.74469,1000,196.733035,1000.0,1258.4760574394625,388.9435141613846,386.17987230253124,-74.46663102746012,-271.38578284084826,-65.69441681224406,-88.72305338657407,-42.58486945725538,0.23039920107385442,4.607984021477089
2540.681594,1000,198.646062,1000.0,1323.3930396396895,387.7454301684478,385.61045064104707,-76.01083591818822,-277.3657933771612,-72.31399622987404,-86.13299158809468,-44.24370907987446,-0.04258717214688506,-0.8517434429377012
218.550694,88,198.804045,88.0,129.0358846466931,33.045176644045405,30.22365021457193,-6.662088189125064,-24.444213855266565,-17.76477707568743,-9.940757318470746,-2.942181139297262,0.6936115088982838,1.2207562556609795
1189.173542,478,199.686727,478.0,610.9834495627642,185.45020903358315,182.89477061629373,-36.174812436103835,-129.69326659441,-38.82799827294945,-43.3152902460661,-20.143519398431874,0.4360087018999612,4.168243190163629
612.740183,247,200.255119,247.0,319.7872704829942,93.26297412134834,92.72098541942708,-18.895264565944657,-68.8311116456985,-22.20880088771414,-20.39569903975365,-9.700171140198632,0.5204769695579632,2.5711562296163386
1305.434203,514,201.204171,514.0,693.2009333541847,197.832721272172,193.85410794789547,-39.63886721611018,-141.03587460517886,-46.78197207425259,-43.76806648677514,-22.228779188801855,0.4875302547731995,5.011811019068491
1790.271528,688,202.600765,688.0,972.9591589361492,262.33683827508327,260.38479701098765,-53.44087629675872,-184.53532240390803,-62.702711043796356,-61.495274306658494,-31.23508205698376,-0.03391161804389226,-0.4666238642839575
2545.609772,1000,204.552857,1000.0,1334.5216938925284,386.25707361764023,384.05738541623174,-76.20292789816854,-273.1084624528883,-73.47038375069747,-91.16826897173172,-45.276337562623205,0.006639670956220202,0.13279341912440404
2391.919103,990,206.490215,990.0,1205.2188457968275,376.1865607958704,376.9266517829108,-77.0836015510559,-264.4089137524364,-70.71072053795339,-100.25945877039867,-43.950261000860976,0.14354837103908982,2.8422577465739787
2582.192255,1000,208.473599,1000.0,1368.2956939072424,389.88765735234205,385.835831629431,-76.61898152589781,-278.104187950492,-77.39362657483677,-85.30766239958898,-44.40246983452691,-0.07454956918440363,-1.4909913836880726
2576.358873,1000,210.391016,1000.0,1344.9036499821168,389.4186421010929,383.50413003296933,-74.45832042694093,-276.15149377584476,-74.31341127782193,-74.38881368174145,-42.155510220030976,0.05813448044810713,1.1626896089621426
2571.43637,1000,212.310287,1000.0,1349.0754699233182,390.55187750085486,384.253857579659,-75.84612264394745,-273.375934654474,-75.471429458867,-83.01027035128946,-44.7410774497281,-0.1439543817145424,-2.879087634290848
2657.947406,1000,214.256027,1000.0,1443.0222651641125,387.0209574052016,384.9974716483797,-75.72071730852142,-269.32906518578545,-85.79982536722389,-81.81171489240106,-44.431965791211,0.08323389287959779,1.6646778575919556
2546.734129,1000,216.163747,1000.0,1325.481486216683,389.7269218845295,383.9902556291936,-76.29260577678684,-275.79491539001475,-72.71110856846362,-84.75768179630967,-42.90822363651812,0.09559786288388304,1.911957257677661
2571.649039,1000,218.099121,1000.0,1336.718460239153,388.82634915775964,388.40914140773293,-75.92966363668435,-271.5250127971171,-72.8233044485868,-77.73413775953642,-44.292793205024054,0.011049259882683004,0.22098519765366006
2614.068308,1000,223.848559,1000.0,1393.1734368491893,388.07841557146685,386.5758124771077,-76.65811004996304,-269.91381492018695,-79.79340369257477,-81.32793341296579,-46.06609459474786,-0.05019830388476372,-1.0039660776952744
2679.589483,1000,225.78509,1000.0,1467.6375624656207,389.6557486820159,386.5383487814288,-75.49908866405477,-273.92578167021276,-88.33485569221526,-83.87915993291298,-42.60329145741427,-0.01525291791201431,-0.3050583582402862
2647.898508,1000,227.81859,1000.0,1426.7624072473857,389.62880255366326,385.12316081641194,-75.72240301489826,-273.05343810319897,-84.15989977387459,-76.10232847580579,-44.57779305156468,0.1398420319321545,2.79684063864309
2685.324281,1000,229.803385,1000.0,1469.7783640471612,390.23409348073676,384.66421377951116,-76.60073176145552,-271.9710745394231,-89.38586854866539,-76.01743924578889,-45.37727624320329,-0.057160287340376495,-1.1432057468075298
2121.912439,792,231.283391,792.0,1177.0541567536359,305.4890759711765,299.5992279348542,-61.0331892991066,-213.54470871984987,-78.25733234777364,-65.71878133356866,-33.67600960841097,0.5030525082680242,7.9683517309655025
2637.569793,1000,233.41689,1000.0,1407.9137040176684,388.6391365384848,385.2895237897564,-76.55427297949797,-267.86132088005553,-80.68751114125725,-73.72000848077647,-45.44945775365394,0.07931634915333753,1.5863269830667506
1568.205496,646,234.83905,646.0,776.2134267302382,246.69065951396337,242.54913290159837,-50.97150580048561,-167.09687557220468,-48.400694254549826,-50.05302861945859,-26.725618612449672,0.44465885026138313,5.74499234537707
2738.50154,1000,236.901927,1000.0,1512.8363287316376,388.50701510806874,384.3996027407855,-75.95275443792346,-260.6100830316542,-93.79187864646866,-71.04660819766626,-45.84008273942356,0.054484363590763786,1.0896872718152757
2704.046071,1000,238.893835,1000.0,1480.6819274487968,390.69779181029526,387.0510457073869,-75.9107513403891,-266.20275720953873,-89.73419658787546,-77.90401432969956,-44.63297434573887,-0.12973236778448877,-2.5946473556897756
2810.003478,1000,240.976202,1000.0,1602.3987317473418,391.1844733184439,385.411384498935,-76.78969006538387,-265.6066641509535,-105.44113192170279,-75.36494332997319,-45.788681733985236,0.12551968339187375,2.510393667837475
2756.447032,1000,243.12393,1000.0,1564.2189618138718,387.3246508312402,383.35113945165045,-78.99111343145384,-266.644720500708,-102.44488877790651,-83.83801769234557,-46.528979964738916,-0.2322969436455465,-4.64593887291093
2772.120472,1000,245.129563,1000.0,1549.828623851505,391.24325792342194,388.8327166389586,-77.10044427990917,-265.641659271717,-98.00213686719977,-71.74236616612207,-45.29752021313473,0.3037321010064723,6.074642020129446
2760.238863,1000,247.043915,1000.0,1542.8979394875948,388.2835007547359,385.98257672006525,-77.56127155661586,-262.44563513994206,-98.07742847546538,-73.43624255326534,-45.40457588544474,-0.0696910134385914,-1.393820268771828
1540.266193,549,248.074201,549.0,896.2992796587861,212.53305514251304,209.2445120194426,-43.734324635267306,-144.21837955117212,-67.23255409496753,-46.75133906005926,-24.874056295926817,0.49867204607921384,5.475419065949768
2813.583154,1000,250.185878,1000.0,1598.9804431483515,388.6279790356443,384.12578600036016,-78.5127535915374,-257.66680694222447,-105.34819444347107,-70.79696181219774,-45.82633762280843,0.03569216534497552,0.7138433068995104
2844.286612,1000,252.284055,1000.0,1641.1819976629577,389.114117923305,384.6350757258118,-79.31517325997346,-263.07663506865515,-110.26772743010622,-72.25159059495353,-45.73345291095274,0.18321938241425947,3.6643876482851896
2813.320223,1000,254.235075,1000.0,1602.4839203036886,390.1657300076536,384.429214592091,-77.84937162756911,-263.3067079454661,-105.29695949983684,-72.9131687055092,-44.39243418173925,0.0538981830583544,1.077963661167088
2901.659047,1000,256.209574,1000.0,1697.5911991807304,388.8883624498417,386.88258559295946,-78.27720349788663,-255.2434654176234,-117.38475167251316,-73.62539895400602,-47.17228029899922,-0.10300901331088552,-2.0601802662177104
2931.586538,1000,258.385059,1000.0,1727.9899657480835,389.9953176943258,387.74016923443696,-79.78087969779975,-258.5857211738822,-121.72919563282605,-68.37541726773725,-45.66770101739671,0.17479758080377514,3.495951616075503
2894.33335,1000,260.485368,1000.0,1687.4927550687194,389.985226922712,387.10418969733996,-79.01011655569066,-256.62437990605827,-116.97812263610894,-70.03205375042512,-47.60414866926391,0.17393989815472205,3.4787979630944412
3003.139663,1000,262.439551,1000.0,1810.6612081545918,389.5805523201364,388.8301960446656,-79.64870273351666,-252.37842412889032,-134.37839987416848,-70.71225287134793,-48.81451363035853,0.3967473982581064,7.934947965162128
2947.73914,1000,264.43569,1000.0,1743.5297175447558,389.4346264428198,389.2503793697449,-77.96878734469405,-258.69702450633025,-124.91653932303477,-66.56013689175191,-46.33309510649055,-0.08611906477656214,-1.7223812955312428
3007.75441,1000,270.27843,1000.0,1807.2855887650562,390.6860235877163,388.0574069116911,-79.29245227575285,-251.28842806220055,-133.79437710583443,-67.06555776104742,-46.83379438387475,0.6642316424637504,13.28463284927501
3024.936226,1000,272.206624,1000.0,1829.8363618136484,389.9838536566118,389.3432532730384,-79.4874307656289,-248.3469081103799,-137.89498106547444,-70.28642287561087,-48.21149959719973,0.02948673312715641,0.5897346625431282
3001.529247,1000,274.172685,1000.0,1823.9148939250317,388.780836210427,386.09845021843165,-78.28678514361371,-251.16603620052314,-136.02558821493474,-83.17623183081452,-48.61029166769417,-0.16731368229051757,-3.3462736458103515
3005.941334,1000,276.112763,1000.0,1825.5306563648805,389.45794689718446,386.0805794060299,-81.15404940485948,-249.3905025810001,-137.79974069063573,-76.11121567413822,-50.67234074208172,0.1548842057941981,3.0976841158839616
2753.467874,917,277.881158,917.0,1674.5411660273644,356.632665007373,350.7959524166243,-73.23329943656921,-230.44270035028438,-138.63571746435758,-61.36237296282794,-41.82781896590803,-0.09595543098986005,-1.7598226043540333
3021.011866,1000,279.818597,1000.0,1818.3115494970734,390.58578606883174,387.6904424937087,-79.07793962001804,-248.74094633162005,-135.85265616587031,-63.646705188746544,-48.25766470712345,0.06373153640433384,1.2746307280866767
3100.083051,1000,281.696271,1000.0,1912.8777739607128,390.1710139569023,389.4303321377583,-81.08413723945607,-246.05695657730098,-149.68262322757167,-66.94532814191233,-48.62702356490351,0.4294885933788022,8.589771867576044
2529.9229,811,283.236868,811.0,1600.025449701913,316.16045349744445,311.3753428108767,-65.89173347711562,-199.72519316375275,-140.30501859194976,-62.07831120671666,-40.638089281639104,0.16338292382430025,2.65007102443015
3097.688831,1000,285.14597,1000.0,1911.6096908371164,389.29378053779493,387.9691911174578,-80.20795618534095,-247.12326850891122,-150.30284605429884,-64.2187496195876,-49.331011271325444,0.012681583995910994,0.2536316799182199
3151.14224,1000,287.026788,1000.0,1960.548676437258,387.39831959218907,391.6109468618213,-78.40674962282192,-233.1324782550333,-157.4392905070992,-70.84049917741132,-48.596685049915735,-0.0907585550525141,-1.8151711010502818
3150.002559,1000,288.901586,1000.0,1968.7602689815394,389.2496806234267,393.2124168928399,-81.35056717395771,-244.3435442358254,-160.72542263106678,-66.19576681470357,-48.60450650184462,-0.05965603166842633,-1.1931206333685267
3151.312657,1000,290.777543,1000.0,1974.4070367591148,389.94750892192815,390.62824469371816,-81.54959896683691,-240.16492875218404,-161.72325836287217,-70.96033364926807,-49.27201342408228,0.011710495277861166,0.23420990555722332
3197.054703,1000,292.700261,1000.0,2028.6856007889396,391.3956518425476,389.13216637661475,-80.44599613547327,-244.51005280613913,-169.34608784592425,-66.56992510971388,-51.28665440461025,-0.1519558035606263,-3.039116071212526
1501.915714,473,293.57726,473.0,980.3750433744697,182.94663775440262,177.55771746502447,-39.702614400386814,-107.1343643784522,-103.33917798067405,-38.00620233257405,-23.781325232933128,-0.3126354171354788,-2.95753104610163
3113.25259,1000,295.566892,1000.0,1950.3079387089258,382.83163793411404,382.23989131146476,-82.78153297305107,-233.67032029032725,-161.01353433264012,-74.66562580066592,-49.995864924927595,-0.08353475130500954,-1.6706950261001907
3200.818611,1000,297.674085,1000.0,2025.790290070674,388.3516080048464,389.94894689913707,-81.52861602663994,-237.43399633765225,-169.17176524670583,-65.24997112911105,-49.887884758000745,0.07138599535747162,1.4277199071494322
3232.747668,1000,299.823272,1000.0,2071.271959979779,390.47371229690424,388.3596019070376,-82.22505277633667,-238.2791973918676,-178.61181981679172,-67.18023631859194,-51.06129995716619,-0.10640763131570267,-2.1281526263140536
3174.291578,1000,301.739428,1000.0,2003.020734731573,388.85363244533704,389.4276099767838,-81.48546830058088,-245.58434444367876,-166.66207166394514,-64.90464968875794,-48.373865014352226,-0.027916429730849856,-0.5583285946169971
3235.564514,1000,303.623663,1000.0,2067.4712958944992,389.10276312390573,391.29308820279374,-81.53648541212075,-235.77876886427424,-177.75718606888643,-66.58126337476904,-50.64892929277183,0.32145407810652393,6.429081562130478
3227.486349,1000,305.537683,1000.0,2064.9385738817828,389.8548336685735,389.8370908366402,-83.17718302249914,-239.49837327599522,-178.12288162936815,-66.8098249694487,-49.535886204641585,0.5171893180229796,10.343786360459593
3317.948005,1000,307.45209,1000.0,2161.6974916688127,389.82288229877093,391.0691257737457,-81.9424508023261,-230.1426791191096,-197.4385158225017,-61.30488507173302,-53.81296348320204,0.005110890358523952,0.10221780717047904
3302.280054,1000,309.408999,1000.0,2143.648508447927,390.7452321965093,387.7486564647969,-82.92731431961059,-229.4170474439859,-192.13293791205712,-62.644791918396514,-52.74025141521757,0.1876381614099747,3.752763228199494
3254.357784,1000,315.18659,1000.0,2083.3107068213967,390.34535697635573,388.7645194444182,-81.807299220562,-231.81416544616226,-180.3281565204411,-64.64485968251594,-49.46831865324055,0.25960293043551746,5.192058608710349
3324.376153,1000,317.135562,1000.0,2175.6674155315973,389.60876029574393,389.9284313946267,-82.61423932552334,-234.18379226922946,-200.28583035641051,-61.83214637484039,-51.91244615391324,-0.06314937835242648,-1.2629875670485295
3328.264729,1000,319.074419,1000.0,2190.5735038200914,390.13048967136933,387.19911065869263,-82.57686380386362,-234.09984603822215,-203.69482577788546,-67.23781150256114,-52.02902852076035,-0.10275667547714232,-2.0551335095428462
1142.79691,356,319.722333,356.0,750.2548030232755,138.2444715501377,134.3273778376053,-30.568105728626254,-82.18713613748552,-82.18372620322208,-23.635879198191912,-17.45489488313222,0.12692471461473642,0.9037039680569233
3376.811482,1000,321.662341,1000.0,2235.6899564083683,389.4982463129022,390.20501027658554,-82.03499624490743,-231.6804490357637,-215.10708844078025,-58.64284060696937,-51.1163571481672,0.458683903965733,9.17367807931466
3339.599431,1000,323.573963,1000.0,2193.5283252975105,389.5600689008541,391.4524494206885,-82.98944390773762,-233.6320525705815,-210.24312660550493,-57.94144623483326,-50.1353433511339,0.5384739193188373,10.769478386376745
363.230444,125,323.79744,125.0,232.17563788444025,48.34298230009132,44.66052168969079,-11.041714897155757,-29.463151949644082,-27.40309935151295,-13.692694705722218,-5.34803695914922,0.810532477666577,2.0263311941664424
3357.841556,1000,325.705674,1000.0,2228.1092687192745,388.9174441168454,391.2472249251609,-84.1583864045143,-231.23718917369825,-212.4549812966537,-71.35886787838956,-51.22295732208316,-0.2485684241732836,-4.971368483465672
3369.27677,1000,327.696712,1000.0,2230.1532598610434,391.50111869050977,390.82696921803506,-82.41290717840201,-231.84404246807125,-215.6403487115234,-61.769606400615835,-51.537672882733396,-0.26692480927209283,-5.338496185441857
1041.333448,319,328.260615,319.0,694.1355274665748,123.55227767298963,120.33721677242757,-27.55984709501264,-71.55277682840823,-75.51745854961247,-25.243152451103434,-15.818339031355485,0.9332584801117377,5.954189103112887
3412.314107,1000,330.188678,1000.0,2271.969037365829,389.4438809031271,392.19320862579076,-83.95815326213837,-227.42848006188885,-222.6619776012156,-56.03941815312551,-51.20399040127496,-0.011608071459739754,-0.23216142919479507
3410.310699,1000,332.100454,1000.0,2274.3493179905695,390.2838862832275,392.9040516387256,-83.8186707150935,-229.7033812850712,-225.8364634456145,-57.26721513211346,-50.60082624630379,0.7285617193744361,14.571234387488722
3444.834575,1000,334.026882,1000.0,2329.4183019235275,389.2312072267356,392.6435091992922,-83.86105933785439,-224.98360499143615,-239.97852894664527,-65.90285944457631,-51.7323910523055,-0.22805475235621117,-4.5610950471242235
3418.416118,1000,335.960523,1000.0,2290.7448733600445,389.73264134116295,393.89912259673207,-83.33876859426509,-228.36434296965618,-228.59008316892982,-63.02306379474974,-52.644260664779516,-0.3407715808926821,-6.815431617853642
3429.434359,1000,337.941854,1000.0,2282.259317523178,388.3308306981691,393.5055187769783,-81.70024802207939,-220.00196012258536,-225.2213827767982,-54.31439408239397,-53.42332314263962,-0.3473157747102121,-6.946315494204241
3424.826274,1000,339.914602,1000.0,2307.47120931747,389.2141305572944,391.1117532562303,-84.93589242219927,-225.1501316517591,-234.04816520378225,-65.21483229773588,-53.62179802769069,0.48312130005822107,9.662426001164421
3406.398577,1000,341.86694,1000.0,2281.48238936977,389.0453609348143,391.5138780450412,-85.78887938976293,-223.93557405471776,-228.04233137709542,-64.46595845441466,-53.41030814073129,0.557303181514841,11.14606363029682
3434.057754,1000,343.81828,1000.0,2319.0115475890084,390.1038197642658,392.44911317588026,-84.14317185401922,-221.84954822063446,-242.71404224715894,-64.10233507305901,-54.697629528944574,0.8304316065211991,16.60863213042398
1277.50168,384,344.642046,384.0,869.7047489726757,149.5397125018597,145.76130090097445,-34.109676036834685,-84.48770093619822,-104.79454544172853,-28.112285020820636,-19.99987535750363,0.8307696908817139,6.380311225971563
2300.918062,668,345.845718,668.0,1562.1768777411007,259.996879223343,259.7209544962152,-56.402490017414145,-144.35730021894,-172.1056921284335,-41.82688441910599,-34.28428252693109,0.19813744802316138,2.647116305589436
3450.112757,1000,347.762041,1000.0,2322.661142205535,390.53836447440545,394.22391284106226,-84.07607616901413,-218.29735025614488,-242.22099178595093,-59.58495010572503,-53.131293723483,0.9234582155628035,18.46916431125607
3449.267322,1000,349.667233,1000.0,2335.943776998727,390.14152575977823,393.4595491657183,-85.78846384763722,-221.7202060908078,-246.59008776960053,-61.17484673650157,-55.00392529291975,0.6579634722377536,13.159269444755072
3463.456224,1000,351.518847,1000.0,2359.641666326008,390.60627012382844,394.54923272942256,-84.7111732673646,-222.44376593530203,-253.16794384874106,-66.22967871111778,-54.788383565693756,0.34772589822109995,6.954517964421999
3436.715144,1000,353.423347,1000.0,2312.741351046429,389.7375259297095,392.2513184740917,-82.87689745664589,-215.55704062581069,-240.41691565315548,-67.54474352561559,-51.61945423593253,0.004333962822140702,0.08667925644281405
3448.593207,1000,359.084604,1000.0,2358.6131729062026,390.73391126696856,394.6575988869085,-85.6106929183007,-225.78219701051725,-262.77664596142137,-66.8988887373407,-54.34305188379888,0.9215847441363934,18.431694882727868
3464.968527,1000,360.992918,1000.0,2344.7101651843673,390.79385684702413,395.0401314989185,-85.156920311451,-218.79674957245584,-249.80843667737443,-58.50485093487486,-53.30866918178548,0.9048405060894185,18.09681012178837
3436.111067,1000,362.877795,1000.0,2327.0132563206657,387.83747429403326,389.88447569798115,-85.99647059559815,-218.1382917851211,-246.24738324930988,-66.2721247318491,-51.96986895533147,0.009754479071437212,0.19508958142874425
3488.227525,1000,364.844769,1000.0,2377.8196543695835,391.04632256871395,393.1791199662514,-85.7403668689727,-216.92057571709142,-261.9188528226611,-56.20852017799358,-53.029256704780245,0.9895818124220452,19.791636248440906
3472.586771,1000,366.877635,1000.0,2371.0506820664455,391.4351821012659,393.0225089023908,-86.86016115665434,-219.69200675189504,-260.89830062276957,-60.95169825630464,-54.51943519384253,0.9538021548241492,19.076043096482984
3467.467773,1000,368.746434,1000.0,2353.616078301937,390.31984171850576,392.5816105835073,-84.45436894178393,-214.29580363482225,-254.7912995388495,-62.85567163250963,-52.652613896562436,0.8818260210263865,17.63652042052773
3486.324334,1000,370.659237,1000.0,2382.959651007468,391.89949878636145,393.9320152381784,-84.80982285499557,-217.76107166409483,-266.30053703899773,-61.11994536067119,-52.47545455057716,0.9607382694033454,19.21476538806691
3492.256513,1000,372.583176,1000.0,2388.392884875531,390.7395073494776,393.0358701569773,-85.4348438644411,-218.9963937520981,-266.3685671334902,-55.11885513164198,-53.99308996701385,0.6220742792141996,12.44148558428399
3502.694796,1000,374.517247,1000.0,2390.2138664020827,391.8129222677061,395.73100388590944,-83.56388075828559,-220.19232788383957,-268.09543986309865,-50.03879431080792,-53.17255380036833,0.6895174314263914,13.790348628527829
3495.849641,1000,376.433514,1000.0,2388.931574785051,390.9248428126926,395.23618951457576,-83.47706611633309,-212.87562354505056,-274.01466193015085,-55.64030775070794,-53.23530654595397,0.25548040686981244,5.109608137396249
3481.927097,1000,378.388879,1000.0,2376.6011718361756,390.4044898099197,394.43110486072163,-84.35741967439645,-217.8801195740697,-267.2222796338831,-56.33037155209064,-53.71947921721248,0.7384756709729552,14.769513419459104
3493.287942,1000,380.328032,1000.0,2393.3835935909033,390.3957985813223,392.9514448022773,-83.42707753181458,-212.30636393725874,-276.21860974166543,-57.2795386469005,-54.211305394551076,0.6761966613923369,13.523933227846738
3500.516493,1000,382.249542,1000.0,2397.2454040943812,391.308268648689,395.2496569941169,-83.97870260953907,-215.5882224380971,-274.2902172166102,-56.39478332139091,-53.03491140196358,0.9238497103290548,18.476994206581097
3505.166309,1000,384.164038,1000.0,2406.8800409963587,391.23947754032594,394.3479309864393,-83.38298498153696,-215.96174544990066,-281.54269915493865,-51.96071327307432,-54.45299717880225,0.24833594184766494,4.966718836953299
2202.769403,633,385.257717,633.0,1499.250145287562,246.0718496740088,245.4291487377301,-52.45815186738974,-129.70715123713015,-174.962825629884,-30.72489114385199,-33.12872106736142,0.9776387300145597,12.376906321984325
3508.941337,1000,387.111105,1000.0,2398.870378666959,390.3361729266117,393.4415647973001,-83.31490134239195,-214.95244568586318,-269.4560875790945,-52.33526549534196,-53.64807923963416,0.74845388436859,14.969077687371799
3510.222322,1000,388.994708,1000.0,2411.311123091482,389.3711470239891,394.37395202449716,-83.19524309635156,-213.54617674350746,-278.46868584079306,-56.10299999575614,-53.52079424502631,0.7952486056166934,15.90497211233387
3516.80468,1000,390.863162,1000.0,2397.19202430752,391.3418392119708,395.07503804206374,-82.56926892876625,-210.2686671286821,-273.0077336030074,-48.467300744143046,-52.49125144033127,0.9741752484237602,19.483504968475206
3525.696047,1000,392.767173,1000.0,2401.271953366815,391.0007532265396,396.45880697356847,-81.30617910623545,-211.31380395889263,-269.6907239124229,-49.06335724059352,-51.661402266770274,0.8836112828911611,17.672225657823223
3518.321504,1000,394.657398,1000.0,2406.6596844732358,390.7835814410398,394.52455605683394,-82.20874382257456,-211.34017821252368,-274.934573283975,-52.60640515157535,-52.55641754935445,0.1879808219266417,3.759616438532834
3518.92202,1000,396.533305,1000.0,2415.545664812502,390.7971686191763,396.37275356535787,-81.67220065832123,-213.5089111477135,-282.9258773139223,-51.216812911482386,-54.46976457094009,0.5077452665152802,10.154905330305604
3508.904564,1000,402.269214,1000.0,2412.4804176556368,390.7023254579291,395.88083080392937,-83.74390482187287,-213.86923370957382,-290.1204477107132,-49.37990609895387,-53.04551788960934,0.9887807543609981,19.77561508721996
3516.909136,1000,404.179973,1000.0,2413.360922506276,390.49377305339516,394.8118230523128,-82.43842717885975,-210.544911149144,-284.5404396006884,-51.55036028003255,-52.6832448852136,0.7784373189716747,15.568746379433493
3525.874586,1000,406.100323,1000.0,2414.0756968739665,391.7466684227422,394.7815576992877,-80.89250221967697,-208.98438057601462,-283.09817995568454,-48.946621824091466,-52.807651998930886,0.15252747673789685,3.050549534757937
3501.943993,1000,408.030332,1000.0,2402.0196328335696,390.0208928299966,395.50804141601606,-83.94598902463896,-207.058389005065,-285.6038193195141,-55.963785635469975,-53.03259116306335,1.0346376299664457,20.692752599328912
3529.079423,1000,409.94269,1000.0,2412.8746387533815,392.04139039107673,396.2163530739403,-80.69302570104588,-207.23898240327833,-282.95860311316835,-48.12600651267169,-53.03634197915199,0.7065596111795623,14.131192223591247
3529.357917,1000,411.879196,1000.0,2419.7431622363924,392.046476877787,395.88559157387374,-81.85235238075244,-207.19084800779783,-287.9807561056893,-48.95134728299441,-52.34201003335288,0.9864293682945411,19.72858736589082
3528.413333,1000,413.834856,1000.0,2420.7284354638928,391.83482495012066,396.35869411908055,-83.1303042125701,-204.22131358981142,-288.02370566551946,-51.40516072938127,-53.728137041441684,0.7545361966307684,15.090723932615369
3520.127883,1000,415.803744,1000.0,2405.613070618954,390.84925351307663,395.08180481077744,-82.78821296215064,-210.8392182558775,-275.8115654683274,-50.37178680828997,-51.60546229225436,0.4444255434608798,8.888510869217596
3514.214499,1000,417.769158,1000.0,2390.594629104689,391.76527187633167,396.11744715177304,-81.29343732833873,-205.20259954482313,-272.9354385994967,-52.284979045689944,-52.546394332603356,1.0158619920859626,20.317239841719253
3526.814229,1000,419.662408,1000.0,2410.1109876555456,391.8597691202646,395.9924126579752,-81.83947939157486,-204.39529143571832,-284.18893554267765,-46.412039179291924,-54.313194668048496,0.9467070258833887,18.934140517667775
3532.098703,1000,421.533978,1000.0,2418.928276220386,392.0652289545522,396.04820426361925,-82.2790518808366,-203.86308894753455,-287.1833183102629,-47.43413923054431,-54.18340848642455,0.9844047121034691,19.688094242069383
3528.853231,1000,423.370198,1000.0,2402.974418255717,391.12241568663796,396.22989109043925,-81.38206125974669,-199.67464059293292,-276.8354431515651,-49.42806704620101,-54.15328153134886,0.9343766528189568,18.687533056379134
3519.01676,1000,425.239328,1000.0,2408.5094071542,389.8962207906354,395.3847296935452,-84.15845517396936,-199.7653913944961,-286.6361240403047,-48.33908573681653,-55.87454136363782,0.6006635369589775,12.01327073917955
3524.129529,1000,427.106943,1000.0,2410.445899192168,391.00334481412193,397.41572933530676,-81.22019954681389,-198.07211099714038,-291.64646596197304,-51.2829269448823,-52.5137404160665,0.1044975554784467,2.089951109568934
3532.007508,1000,428.951768,1000.0,2431.0419194661818,389.8172737753665,395.4961762615809,-81.34008423686014,-198.78401171490566,-298.42147748999065,-50.80049032026664,-55.00179773923259,0.4570149816621506,9.140299633243012
3544.663812,1000,430.865791,1000.0,2416.117441865006,391.1727383261151,395.62292993678443,-79.88644683599479,-198.72084667980658,-279.0113944835601,-47.08339543827145,-53.54721489501157,0.8448286331506827,16.896572663013654
3539.156557,1000,432.760641,1000.0,2398.107125169087,391.50179557035597,395.90293636295263,-79.50608738422393,-194.85409789681458,-270.70074167619146,-47.95299002419023,-53.341383262303175,0.9148468486395058,18.296936972790117
3517.201858,1000,434.658405,1000.0,2392.3501593239,389.9903685617049,395.12773779708897,-82.30720335006724,-198.45083059668542,-276.5906050849958,-48.89067952314074,-54.02708895306886,0.9331830787758744,18.663661575517487
1155.611408,344,435.273733,344.0,783.5085547150377,132.7432586731274,131.87083687583137,-29.1385398244858,-64.11171965003017,-98.6907185892334,-27.89956835167361,-16.670695711304237,1.0018732626273468,6.892888046876146
3545.588159,1000,437.150117,1000.0,2422.3270436041466,390.613033179597,395.34581049637217,-82.15084802627584,-194.75107446610926,-288.3775307582224,-45.21733066942953,-52.20094445541103,0.892027363631158,17.84054727262316
3549.742392,1000,439.010274,1000.0,2430.0779968094052,391.39219064526435,394.8467653152769,-80.91285634398467,-190.88297212123868,-292.3528839397473,-47.40606212398974,-55.019786619486574,0.8152751101111081,16.30550220222216
3546.10993,1000,444.627278,1000.0,2425.326367101592,389.59301378085996,395.399247039947,-81.26855555415125,-190.72552151978013,-291.5033895019744,-47.856942079991384,-52.85428877805493,0.9955532264509911,19.91106452901982
3549.540284,1000,446.490748,1000.0,2419.0145883659247,390.3883507791377,396.2455288762333,-79.84544110536581,-190.95561679303623,-285.6431269643431,-46.140219185206135,-53.52377972979125,0.9243601210811615,18.48720242162323
3562.459944,1000,448.395139,1000.0,2418.7293053053286,391.54354408159026,396.2765179899384,-79.47994945526132,-190.37794988155386,-279.73744448204184,-42.5320436280385,-51.962036350266814,1.0237746990164245,20.47549398032849
3546.603479,1000,450.268716,1000.0,2423.192981039898,390.76054336204356,395.49115045409883,-80.62212214589123,-193.71411257684224,-285.68200754841786,-48.710449091235056,-54.11250414143204,0.657274172015946,13.14548344031892
3547.248396,1000,452.143571,1000.0,2426.86670783034,391.59651518777815,396.1012094699608,-81.00181486964225,-188.35409947335708,-297.1408844657806,-47.39731331580662,-53.4219240300167,0.9975044804760161,19.950089609520322
3561.745348,1000,454.112683,1000.0,2424.3923288725273,390.4646055580633,395.8126745543703,-79.70549668431286,-188.8259809970857,-285.1151378210093,-44.091167946408504,-51.186477056507655,0.9395488129100092,18.790976258200185
3544.212891,1000,456.026565,1000.0,2409.896948832738,391.01647658372985,396.6259045898473,-80.60666960954678,-185.16204784214497,-286.3254007515803,-46.858789880052264,-54.37353099962672,0.7844503483100524,15.689006966201049
3559.17234,1000,457.932467,1000.0,2433.8219694712184,392.3355148459145,397.2819795120719,-80.34194986820218,-192.04931492805486,-290.0624875704802,-47.99103372397325,-53.822337929124835,0.9995330495013676,19.99066099002735
3563.429779,1000,459.815552,1000.0,2421.0370956871598,391.91596749492476,397.3197399255653,-80.41755887746804,-189.1081194296479,-281.6925326905401,-43.612637093676035,-52.01217584408145,0.7713242509672057,15.426485019344113
3538.642564,1000,461.668296,1000.0,2406.7122525580266,391.41769201883466,395.541800409424,-79.4626468491554,-186.1472202330826,-286.65955583163066,-48.69624129606374,-54.06351640975492,0.8479216973074275,16.95843394614855
3559.435242,1000,463.533686,1000.0,2424.222722712364,390.83141311348487,396.2306421011211,-79.85847850441945,-182.19362197220335,-293.9469376907787,-41.17811918967751,-54.67237824190211,0.24964859035432033,4.992971807086406
3559.513512,1000,465.434314,1000.0,2417.8495050060837,391.7610143338775,396.1963012883119,-78.74873914122574,-187.21324940025826,-282.6253112930354,-44.22229277106085,-53.483715556861554,0.956810688845018,19.13621377690036
3559.293405,1000,467.417171,1000.0,2427.470969244453,391.2594615180602,395.86189788578577,-79.80930807828912,-184.9244343400002,-287.9163485207666,-48.22140358221425,-54.42742932971589,0.9372895955188352,18.745791910376703
3570.342933,1000,469.319778,1000.0,2436.8975562945725,391.48485062047354,396.3760390054277,-78.33674609661095,-180.29384596049772,-299.2911960676978,-42.00146811655295,-54.49225714821992,0.7397668498786374,14.795336997572747
3573.623166,1000,471.223918,1000.0,2431.5606184637113,392.05582721905535,396.99713088976176,-77.85476350545888,-177.26917386502035,-297.8308069359794,-41.457848291453104,-52.57781783058143,0.5632217517328358,11.264435034656717
3567.672018,1000,473.107235,1000.0,2433.6665923771943,391.8636832117725,396.9687622863059,-78.61016694784158,-181.69480590522286,-295.89818072330644,-45.08779529861558,-53.536070754947026,0.8026605145520451,16.0532102910409
3570.748109,1000,475.010636,1000.0,2441.5559267695444,391.802534455203,397.5649690733047,-77.6185276198388,-183.37002551853664,-301.1222794141244,-43.9761395300096,-54.08834953231542,0.6609489493148024,13.218978986296047
3577.190548,1000,476.901762,1000.0,2425.5990030604244,393.41586575343405,397.73934979070197,-78.15592548251158,-182.76163639724248,-286.3062919931825,-40.51581487870205,-51.824001622151016,0.6607583581860259,13.215167163720519
3559.333701,1000,478.773901,1000.0,2410.9106618712062,390.6207923873783,394.0591186153631,-79.6686466538905,-182.98808629810827,-274.47721503221516,-46.53624971036372,-52.586674665440505,0.6290037183165493,12.580074366330987
3571.915225,1000,480.655118,1000.0,2436.3285904747936,391.85873765595977,396.7718598729304,-77.88281970977779,-178.36618120372265,-302.51818689847147,-41.28126066898866,-52.995514671014824,1.0661625359114615,21.32325071822923
3564.890093,1000,482.536947,1000.0,2432.0264223852732,392.0952428491581,397.3019300925923,-78.32998732447635,-179.01525573432417,-301.58729150152146,-44.13778218601639,-53.46318544667768,0.4913122088066834,9.826244176133669
3583.41792,1000,488.14196,1000.0,2446.6290105624516,392.69735271305666,397.28825495986683,-76.33593129396434,-178.0282433748244,-307.25147338672036,-38.88162883706076,-52.699421270047175,1.0965289823571391,21.930579647142782
3577.659579,1000,490.046265,1000.0,2423.6972981557496,392.4826736780108,396.7633513111866,-77.91948064088821,-178.10943873226645,-282.46024460841534,-45.743569978376414,-51.051009795041836,0.07626370800655856,1.5252741601311712
3573.054544,1000,491.966191,1000.0,2428.6696054307235,392.01430393064305,396.3670631406874,-77.22271767139434,-177.60885063707823,-293.2603152760555,-43.9037993901432,-52.00074600990738,1.0685972710957026,21.371945421914052
3584.751453,1000,493.834307,1000.0,2429.5179846149736,391.46275970626766,396.9534291607431,-77.08559344053278,-173.1773838564754,-291.40087501381197,-39.79525140630738,-51.72361703427189,0.04239062962417891,0.8478125924835782
3579.572004,1000,495.714645,1000.0,2432.4360324477393,391.5072591492452,395.53899664973284,-79.00139489412305,-171.05901534855352,-295.5521754222268,-41.837265554060906,-52.46043349404125,0.5720572104516751,11.441144209033503
3586.577971,1000,497.611249,1000.0,2435.0566059041844,392.29576398644633,397.85648857136664,-77.26128813982015,-175.33316941261302,-294.4646122762574,-39.81842131985253,-51.75339679286942,0.6452091223076633,12.904182446153266
3589.098546,1000,499.497578,1000.0,2434.902529025245,392.7698741092335,397.3133896068756,-77.18055272340774,-168.8898469924929,-295.30137290259194,-42.881914005488525,-51.633560483434486,0.7124888893576684,14.249777787153368
3590.946291,1000,501.38539,1000.0,2435.0930450275487,392.43531140798325,396.461275654688,-76.31314265966415,-173.3699783861635,-291.5131233580158,-40.2186097402389,-51.62848712436075,0.6741157039623525,13.48231407924705
3579.007178,1000,503.149169,1000.0,2432.3360981718743,391.47249815542096,395.80004129110864,-76.75650292396543,-173.85998317003268,-294.9773207945936,-43.90577998148629,-51.10187245935496,0.9781448831247239,19.56289766249448
3593.661734,1000,505.001565,1000.0,2443.916000458128,392.2645216052967,396.9217603076112,-76.1165034973621,-166.30858764797466,-302.87730306415335,-41.41554833067266,-52.72260577000245,0.522579535572011,10.45159071144022
3591.274705,1000,506.869875,1000.0,2428.904486657697,392.3642370307679,397.46974292892986,-75.09952298045157,-168.96193738579754,-294.0969845424651,-37.53726657262062,-51.76805054445519,0.3561229804744279,7.122459609488558
3590.303545,1000,508.759461,1000.0,2435.9642181624263,392.3197012393544,397.0378022610962,-77.33354301810272,-169.87524234205483,-295.71299285992677,-39.99429469003258,-52.10210381745244,0.035588664482645645,0.7117732896529129
3603.964377,1000,510.636316,1000.0,2426.3478105359413,392.86826913963125,396.5610191850063,-74.49859373569488,-164.9485754728318,-283.0713775175688,-38.715014233644084,-50.579160499516924,0.7189819770925637,14.379639541851274
3592.4459,1000,512.526631,1000.0,2419.271614472388,392.5827643388712,397.5188882522591,-75.04781203269968,-165.5965652525425,-284.8117954756114,-39.85302751478915,-51.61816718385511,-0.4008853110417362,-8.017706220834723
3591.470094,1000,514.421938,1000.0,2430.354781534934,392.8400174938844,396.69200419486657,-74.88875842332841,-166.63685519695272,-299.24574018417354,-36.45629306631538,-51.18906253583201,0.06838124134738897,1.3676248269477795
3550.693242,989,516.273443,989.0,2406.676311987366,387.71907255815285,386.8575817627953,-75.75941931486126,-160.03892608582962,-292.1254546671402,-42.095061454950155,-49.540862737828824,0.31946298493328096,6.318977841980298
3605.557111,1000,518.200028,1000.0,2441.1782497749437,393.7685496408256,397.7476207109178,-75.35669099092486,-168.7380540460345,-296.7018487359961,-36.27486678307518,-50.065848961818396,-0.0452594336506862,-0.9051886730137241
3609.504434,1000,520.074367,1000.0,2423.2773200315655,392.78993718049304,398.22737052875453,-73.50646697044364,-161.8802376300095,-282.2187769858344,-36.4051826686598,-50.77952998417314,0.10795657121726816,2.159131424345363
3599.237315,1000,521.970661,1000.0,2417.788451686832,393.25213846788455,397.1463068823478,-74.77153215885163,-167.11186969578264,-279.325686076865,-36.39954323543084,-51.34095118415841,0.4520886740703144,9.041773481406288
3606.606528,1000,523.853195,1000.0,2442.5374905985714,393.62073047098374,398.4232973490598,-73.93260720610613,-164.8585104733706,-300.4818868383111,-37.543103722524805,-51.15888256137021,-0.19609756234273462,-3.9219512468546927
3606.126335,1000,525.74136,1000.0,2436.28201564255,392.9456471611884,397.01502496584885,-74.14117496371256,-166.81766337454337,-293.8121870515461,-35.17389400100104,-50.17143385999945,0.368565785283665,7.3713157056733
3613.2861,1000,531.379011,1000.0,2441.996711306314,393.73630536524206,398.6225164099541,-73.05213922500596,-162.00473544299595,-298.9982886938388,-34.88191384481862,-52.13235611371357,-0.005625705042127573,-0.11251410084255146
3617.618391,1000,533.248293,1000.0,2441.6383680795248,393.0510549283611,397.6319431228766,-73.1250497341155,-161.87319949865335,-293.63170753440505,-34.738507591910405,-51.3345103965757,0.3088287605129537,6.176575210259075
3610.099571,1000,535.143024,1000.0,2433.8161423451065,392.66278906140826,397.7687488878829,-73.70406751155855,-164.67369300723095,-286.0717759249144,-38.14076366237282,-51.55780894400253,0.773179023748498,15.46358047496996
3616.658292,1000,537.044825,1000.0,2430.035272484297,393.00751790455996,397.8398494809049,-73.81770431399359,-161.30557914674304,-281.3284162431977,-36.639857389656036,-51.13279078763926,0.11982653745528886,2.3965307491057772
3624.812331,1000,539.009489,1000.0,2433.8530104652264,392.4984796783668,397.4659430044257,-72.30229525804512,-159.94195671081567,-282.1253956124009,-33.7427028319254,-50.89275148561117,-0.15912844198538995,-3.182568839707799
3619.274462,1000,540.918873,1000.0,2427.073077857879,394.0103502963819,397.8714358406055,-73.91268965005887,-158.94998251050706,-281.08944885693734,-36.07111059055256,-49.65717082783357,-0.2775876609931527,-5.551753219863054
3611.876211,1000,542.845956,1000.0,2434.110145669465,392.3302277483494,396.2792941199025,-73.60019426822662,-156.87684296369554,-291.98607873547644,-38.11813859799763,-50.262202171566265,-0.32383241255694795,-6.476648251138959
3623.452515,1000,544.761273,1000.0,2438.5815629216495,393.0449185414074,397.4299169044067,-71.27877378225314,-156.13138594329376,-292.671188275787,-34.44354817297303,-51.078986840432435,0.6932813289562143,13.865626579124285
3611.465629,1000,546.689622,1000.0,2427.7346221701864,393.5762719810594,398.0916495663819,-71.49757316350937,-162.2929377630355,-287.9353827525969,-35.69356231600444,-50.51745860029549,0.1816819834405162,3.633639668810324
3623.099784,1000,548.590927,1000.0,2435.392049905361,392.7620488057462,397.98650688241247,-74.61947388648974,-154.1182122886182,-287.281144294748,-35.69372759795979,-51.32826322686913,-0.0758598135002275,-1.5171962700045498
3624.192399,1000,550.544314,1000.0,2436.7024519240963,393.5378137762009,397.8461698726476,-71.92460851669313,-153.23875575065597,-292.71882971370786,-35.32312131245494,-50.68872153599234,0.20680577512744752,4.13611550254895
3630.244147,1000,552.4925,1000.0,2444.4932402433224,393.1790666214947,397.90519754331183,-72.75212122559552,-155.91569633483877,-292.9202425867059,-33.61378479855609,-50.131512144779656,0.3744900438634998,7.489800877269996
3621.06197,1000,554.424044,1000.0,2427.858343955736,393.4503177676421,399.0149340310201,-72.38379649519914,-155.93000873774292,-283.7456565446782,-37.02908507562901,-50.17307899786564,0.03254575589997542,0.6509151179995084
3615.417793,1000,556.34643,1000.0,2427.702786558456,393.1484354202408,397.62135299230806,-72.48360468864442,-156.0962094664575,-283.16701145456096,-39.64724959533088,-51.66070696798878,0.20567318120841022,4.1134636241682045
3638.695791,1000,558.255479,1000.0,2437.5633160184198,393.2199814990732,398.3398617625714,-70.80966398119924,-150.25894724130654,-289.32344778031523,-30.87112589347183,-49.16418366381094,0.2045038819429644,4.090077638859288
3635.842465,1000,560.170563,1000.0,2442.708676013801,393.458436150347,397.9117251347549,-70.95088045954695,-149.6426826298239,-291.455306978652,-35.96969643647812,-50.21780625065922,-0.36567417964640003,-7.313483592928001
3636.788903,1000,562.07288,1000.0,2438.091798821798,392.550240304697,395.88579584130366,-70.61120293140412,-149.62990733683077,-287.997734783197,-31.309028366985512,-50.19105823477573,0.1704244698896728,3.4084893977934563
3623.775037,1000,564.037327,1000.0,2435.71670722728,392.84041351972814,398.66168144801105,-71.60492432355886,-154.64099980890757,-292.019993938201,-34.52973028420094,-50.64811660841914,-0.32884662712512064,-6.576932542502413
3639.718271,1000,565.955111,1000.0,2445.232461320114,393.1643740740915,398.059858293525,-70.25557404994962,-150.7345877200363,-290.6994280692602,-34.33497788613504,-50.713854929876064,-0.15744136103063627,-3.1488272206127252
3638.317293,1000,567.863637,1000.0,2444.265896974263,393.0308687628434,397.7661489272015,-71.20623229146,-146.71105139106518,-293.4974363041898,-34.715426130398995,-50.615475387558504,0.5737012592525441,11.474025185050882
3636.787819,1000,569.727914,1000.0,2429.5978637865373,392.4663716482175,398.1263299577344,-71.39475529432305,-147.29977091252795,-284.7259194544887,-29.97027943169882,-50.01202135574449,-0.15768189740147354,-3.1536379480294707
3637.833037,1000,575.35789,1000.0,2435.60207585635,392.06455905321167,397.80009236210253,-71.81424615025509,-145.16076274961242,-287.6097186442358,-34.397654054891156,-48.6513082571871,0.3735609064098051,7.471218128196102
3632.280104,1000,577.252357,1000.0,2433.4832964920083,392.8006378397132,397.18865763032807,-71.12166786670683,-147.0181684374809,-286.88423250275787,-36.285197219373174,-49.88322179772878,0.6485083750550908,12.970167501101818
3637.416012,1000,579.166387,1000.0,2435.3261136732067,392.54793537451076,398.7969901147134,-70.64912202715871,-146.44186916351305,-288.21832788733667,-34.45136792775465,-49.49434038381895,0.36114757284012866,7.222951456802574
3639.382608,1000,581.049446,1000.0,2432.039828408503,392.9556747609612,397.9376475416554,-71.48024619817723,-142.80901010930512,-286.4792767474304,-33.219802558021364,-49.56220746940517,0.07837358201249708,1.5674716402499418
3641.997495,1000,582.977719,1000.0,2435.933131170667,393.62250677147284,397.603938707397,-70.37953845024106,-143.60758731216205,-286.91600318842353,-34.386209410224495,-49.87274346306645,0.3309490609511404,6.618981219022809
3645.204056,1000,584.822616,1000.0,2424.8294900661476,392.572486888054,398.08418333188354,-70.11403885722164,-139.80728946924242,-278.0256177126764,-33.90468023237564,-48.43047849714702,0.45487468675009746,9.09749373500195
3645.785208,1000,586.714803,1000.0,2428.744378718046,392.82006719285266,397.4180684831735,-68.94501565098747,-142.75643197596085,-280.95945604053765,-32.43713448174319,-48.099268583533764,0.4756234360958098,9.512468721916196
3649.003723,1000,588.576433,1000.0,2430.9974790909496,392.76752657665446,398.18097275764353,-69.62763778448105,-145.01440365165473,-279.3685943096082,-30.090886023724554,-48.84073370518985,-0.15735192790547398,-3.1470385581094797
3651.405346,1000,590.327412,1000.0,2439.0761665727364,392.66770213392675,398.7852426986591,-69.05503638267517,-137.59931007772687,-289.12794836048437,-33.09169122890271,-50.2497794523913,0.02428101236313364,0.4856202472626728
3651.215522,1000,592.186223,1000.0,2435.9503940494287,392.1961331442492,398.47124938495705,-68.97822755098348,-137.24814818799481,-288.1952054355292,-32.267239236380284,-48.71343400899377,0.23678018113676083,4.7356036227352165
3653.497068,1000,594.126068,1000.0,2436.69141111644,392.5676377348357,397.77508025410197,-69.2182438731193,-137.3813116952777,-285.0348315717622,-33.57232065089621,-48.33035314778448,-0.19920162993630874,-3.984032598726175
3652.137674,1000,596.055892,1000.0,2437.3980568351903,393.71529024823747,398.090146451725,-69.41203317165376,-138.8715702354909,-288.55885142563443,-31.471887884296986,-48.75147663929025,-0.3290966486875189,-6.581932973750378
3654.2294,1000,598.010697,1000.0,2446.7721219456525,392.47133864191,397.80883733920905,-68.12898414254181,-141.46942875683305,-294.62150441009635,-30.04022662958326,-48.56275363690372,0.36237166553988104,7.2474333107976205
3645.668337,1000,600.027928,1000.0,2432.970908445283,393.6378783860529,398.0305113029209,-68.918579571247,-140.3131140112877,-289.8024973096824,-32.11737205542711,-47.819398108034214,0.10685131152412304,2.1370262304824608
3650.084267,1000,601.970596,1000.0,2434.2987883209034,392.36715641177597,397.9838668883421,-68.32129189491263,-138.66283104717738,-287.6173935355595,-32.40457082328417,-47.55945723424805,-0.5352598582769917,-10.705197165539834
3663.615978,1000,603.904283,1000.0,2443.6911004909484,392.3602343135324,398.4003360505307,-68.52244280099868,-134.77965428680196,-288.7619504199888,-30.945120470713178,-47.82652457417336,-0.020157417672931645,-0.4031483534586329
3651.773907,1000,605.92414,1000.0,2430.119299266449,393.0402144186909,398.58653727006504,-69.43941003561021,-134.43217947185053,-284.9577383765701,-32.719186590303366,-48.423629373979395,0.09821254819185926,1.9642509638371852
3650.014867,1000,607.897677,1000.0,2441.3900416728306,393.31376069049963,398.560945732229,-69.73852191686639,-135.53296616077427,-297.5190145871428,-32.38796249698927,-48.07141590146426,0.09313717954250524,1.8627435908501047
3666.591238,1000,609.987588,1000.0,2440.5110915320674,393.2671449385901,398.03361851427456,-68.64348669528954,-132.97936640530853,-287.1733427786621,-29.07712375208005,-47.34729751645911,-0.0026628709534381265,-0.05325741906876253
3660.531074,1000,612.01991,1000.0,2440.0510776759784,392.610535320065,397.73767719792943,-68.58753148436544,-129.47202389538276,-294.8060799328742,-28.48751788800878,-48.5150629378997,0.24148262854429703,4.829652570885941
3657.753739,1000,613.976644,1000.0,2433.0403420465113,392.8399599917058,397.6078385082894,-68.35343426465978,-133.7074225008485,-286.02882899260993,-30.380428078295353,-47.26428807019548,0.11738046785971672,2.3476093571943344
3662.81643,1000,622.013675,1000.0,2443.315120160238,394.1526470049338,398.50114167712877,-69.20466909289358,-133.23197166323678,-294.02710476780356,-30.467948970213524,-46.22078404239659,-0.002447313609218669,-0.048946272184373384
3661.237503,1000,625.754415,1000.0,2433.993056413046,393.2492945025016,398.0849105141812,-69.19232145786282,-132.81891118586066,-280.7097096138406,-33.60091085004518,-47.767905364191854,0.13253363657816117,2.6506727315632235
3660.377881,1000,628.185575,1000.0,2431.1839492322406,393.75068433010733,398.0600862493689,-68.17873466134073,-131.92261749058963,-282.8391599396477,-32.11348265957832,-47.56284442398027,0.20489234606916887,4.097846921383377
3661.572896,1000,630.169967,1000.0,2424.316217301405,392.3217926422236,398.484768933762,-66.94964297175399,-131.7829534292221,-276.6739832449022,-30.231077019735594,-47.912226259532304,0.2793100233174914,5.586200466349828
3664.418457,1000,632.049283,1000.0,2431.1754462670892,393.2548903364404,397.92724193451124,-68.59879893541327,-132.38405300378798,-278.72157359639806,-30.917133598299507,-47.31756222849987,0.5667590905278829,11.335181810557657
3658.05213,1000,633.934926,1000.0,2420.5198621575287,392.32063537610344,398.51270278150554,-68.0538509392738,-131.20489926040185,-275.6663781409814,-31.07599040817081,-47.29995202443038,-0.24687337705381593,-4.937467541076319
3669.131698,1000,635.902061,1000.0,2440.955180800472,392.82160199917087,398.6311687889509,-67.8820113956928,-127.35765741020428,-290.7678807222078,-29.908679127227323,-47.36002462477173,-0.4149460317476089,-8.298920634952179
3674.795329,1000,637.779015,1000.0,2443.4619523287993,393.0976552094751,398.8857197502866,-67.33198723554611,-130.0973293304443,-287.9983743478239,-27.761808344306797,-47.460499114246204,-0.24912709821023576,-4.9825419642047155
3678.723579,1000,639.661446,1000.0,2439.30101214231,392.7754598986474,398.95310966476075,-67.3666386795043,-125.9517729014157,-283.09579496364194,-28.814534022837776,-47.07726178413884,0.06628698430285515,1.3257396860571031
3676.754368,1000,641.52438,1000.0,2439.3617109848706,392.34223339933925,398.81944734176216,-66.07711724102495,-123.80949854552746,-289.1286125393728,-27.30786838301305,-47.44592690688977,-0.048720838334055105,-0.9744167666811021
3679.080997,1000,643.405881,1000.0,2439.180386445842,392.73477408015555,398.8051493064987,-66.6160686182976,-125.18620078265667,-282.06672918152515,-29.69542869400137,-48.07488603502285,0.11889453218699844,2.3778906437399687
3675.157109,1000,645.324491,1000.0,2429.4368071690133,393.3416184730389,399.05126543291675,-67.31860200405116,-121.83858804851774,-280.8831713247451,-28.888218981239856,-47.74400126000277,-0.12134002377411306,-2.426800475482261
3677.895475,1000,647.225257,1000.0,2437.7226301370065,393.0702618763591,399.23799943604206,-66.15748262882244,-124.55554020926363,-285.0419859901968,-29.04082878537364,-47.33957875309424,-0.42261567350452467,-8.452313470090493
3686.75002,1000,649.170119,1000.0,2440.4071163075246,393.03651358982154,398.532491519064,-66.3987263715267,-122.90412342697383,-282.28492737853225,-26.356106794697475,-47.28221792765036,0.17036051819977263,3.4072103639954525
3678.406877,1000,651.067655,1000.0,2432.201387763314,393.1792323991998,399.31377279741537,-65.3696631479264,-123.74174474924796,-281.30616668120354,-29.521233150830003,-46.34870857896883,-0.29507891912648165,-5.901578382529633
3683.113511,1000,652.93224,1000.0,2442.244139780004,393.24919731009425,399.3255067588135,-64.47051425576207,-124.72308121472612,-289.1620209100166,-26.945310550727783,-46.404405956203085,-0.0157092686380714,-0.314185372761428
3683.36713,1000,654.838915,1000.0,2434.9447911870398,392.7898667334045,399.1969285221959,-65.74920093297949,-126.36294890940191,-279.0470592874227,-25.965923369572707,-46.43932438164995,-0.27176249151161913,-5.435249830232383
3683.586188,1000,656.761927,1000.0,2437.9095708557866,393.4922907318968,399.208156211083,-66.10655978441241,-121.7255908712746,-283.41418250470997,-29.005682707818487,-46.771813454093156,0.013924031371592479,0.2784806274318496
3690.959518,1000,658.605985,1000.0,2443.920379672044,393.32026147301974,399.1255948505759,-65.18756607770919,-123.0168116122483,-285.41947892118736,-26.313631959222008,-45.46922954332337,-0.25781081850259946,-5.156216370051989
3697.944449,1000,660.489136,1000.0,2447.918940564383,393.2454566888614,398.0878176088025,-64.7722286617756,-116.82604527622465,-289.0056023427844,-24.298183472529516,-46.405706455556405,0.020241500319715756,0.4048300063943151
3692.482429,1000,666.127934,1000.0,2437.06424220785,392.98021262973816,399.0731365143091,-64.77962459564212,-117.85660805553198,-279.92665341746897,-27.237970586620392,-46.8343054427838,0.06169042436774169,1.2338084873548338
3695.199194,1000,668.004705,1000.0,2447.984871996426,393.5925210326954,398.8076509617312,-63.32490305304528,-119.88120701909041,-287.1689716980774,-28.138825346581815,-46.67194331265901,-0.1320315727455676,-2.640631454911352
3693.241996,1000,669.96889,1000.0,2444.3793954686957,393.5163169091588,399.1319845088128,-63.874031829238014,-119.87904808670284,-287.6429732732084,-26.218480383974715,-46.17116723135655,-0.17583487352496902,-3.51669747049938
3687.658079,1000,671.882867,1000.0,2435.3919934126234,392.5814074522229,398.49213205298867,-63.93985909938809,-117.75629222989089,-281.41228482931103,-27.823872589192458,-47.875144870798756,0.7522855714484525,15.045711428969051
3694.71272,1000,673.794726,1000.0,2442.3338322550762,393.1494260279324,398.9184158107101,-61.911631193161,-119.85965800285334,-283.69202433558286,-27.533902857937,-46.691738082527955,0.37623813234418835,7.524762646883767
3690.494574,1000,675.696404,1000.0,2441.1521012373883,393.0682712203361,399.25716303505425,-63.9181106698513,-121.0151115715503,-282.6647294991322,-28.01604212182547,-47.36896771153849,0.04457671595217301,0.8915343190434603
3692.797155,1000,677.580526,1000.0,2434.53700136842,393.4356509522679,399.15700915419427,-63.266341863870565,-118.3255031570792,-280.07428526977395,-26.807303370323226,-45.859073016968416,-0.15638664575779918,-3.1277329151559834
3687.179931,1000,679.474478,1000.0,2439.660659174411,393.0781120018838,397.7918543795408,-64.53219750761987,-119.52801899760968,-287.0940914861743,-27.291505166347328,-44.90488139866763,0.5242435456148318,10.484870912296635
3698.833156,1000,681.36404,1000.0,2436.850291805856,392.39073236226704,398.6052399316221,-62.725996916294164,-114.89691162854442,-277.42721646620845,-28.973686360332632,-44.98929656841351,0.037513577527118716,0.7502715505423743
3686.224217,1000,683.260388,1000.0,2420.5534284174782,393.2832516565052,397.96966698736,-62.75985984086988,-117.6140327841043,-276.6961343091658,-25.293025657864213,-43.2190776436927,0.0013525390837143437,0.027050781674286872
3687.695175,1000,685.039414,1000.0,2437.6278549683434,392.42577259165455,398.44644420751047,-62.52873822569849,-119.06373009681695,-287.40785622321465,-26.564687427285364,-45.239884328503976,0.25876867791123304,5.175373558224661
3690.918056,1000,686.912008,1000.0,2436.107761809793,392.3365755703958,398.78816797415277,-63.86473456025122,-120.2116798773407,-278.1588603208429,-27.56853122917559,-46.51064323591235,-0.2578777756807903,-5.157555513615805
3705.267003,1000,688.8297,1000.0,2441.726036590337,392.9638794054399,398.92141459623474,-63.22008931517602,-117.23939329609269,-276.4790816120008,-26.486494482264618,-44.91926887166969,-0.14284642641442816,-2.856928528288563
3700.992833,1000,690.682824,1000.0,2435.698086699912,393.2083407070302,398.82576257288036,-60.91780811190607,-113.71312641501423,-278.70930038321774,-27.752859426662692,-45.64626294891973,-0.0016268985475761124,-0.03253797095152225
3695.853761,1000,692.541118,1000.0,2430.4160041485306,393.28962595194497,398.9178616564304,-62.0129081773757,-116.4415201082825,-276.9437569756368,-25.707178909628837,-45.66436617930662,0.5741967490981199,11.483934981962399
3692.888553,1000,694.412791,1000.0,2436.5260637674583,393.0309009060265,397.3683926915444,-62.81783810853964,-117.37761966288096,-281.82382142019856,-27.331691758338863,-44.68583386136551,0.7839312433154444,15.678624866308889
3696.93093,1000,696.261422,1000.0,2435.5122461020032,392.0053417529106,397.941610684569,-62.18607717514038,-115.5646206781267,-277.46837740551666,-27.61218880283422,-45.69700439763214,0.6913925317926685,13.82785063585337
3697.799359,1000,698.127359,1000.0,2424.342286179217,392.2565217326606,398.38412684907183,-61.041667481660916,-114.65177705287927,-270.185929993918,-27.28591279588116,-44.018288477311465,0.385678964505632,7.71357929011264
3703.993247,1000,699.977775,1000.0,2438.9085812711605,392.6804817179704,398.48732133456485,-61.84883625149725,-113.69624587148431,-278.6815049333403,-27.17716459432984,-44.6793857236545,0.4079380034058907,8.158760068117815
3706.067425,1000,701.802161,1000.0,2440.7734005446764,392.06388878698783,398.62055540901497,-61.14960471868517,-113.93865230381496,-279.8832994189943,-25.54467519989289,-44.874188574992466,0.06546168571643654,1.309233714328731
3702.190369,1000,703.671732,1000.0,2439.5949332010678,392.19197739447714,399.09240122970175,-61.954809962511014,-114.94771593511122,-279.3262783584272,-27.664143824544986,-44.79599475239678,-0.016722189866692015,-0.3344437973338403
3699.993965,1000,709.325494,1000.0,2437.384500692951,392.56111238709053,398.05365866068854,-61.83416987538341,-114.49452114254248,-279.9950424557923,-26.230624142889116,-45.4509490562933,-0.13181094440176794,-2.6362188880353585
3707.604159,1000,711.16487,1000.0,2443.136732037935,393.2515375654692,399.17313910259503,-61.209107904434184,-113.62826862186192,-283.9596940099761,-24.982798595456234,-44.177380557882195,0.9101723652409129,18.20344730481826
3695.2395,1000,713.007961,1000.0,2435.5075890018024,393.38048490310257,398.56659703151365,-61.346489354372004,-115.20893338471647,-281.16018728287185,-29.61059233375925,-44.88896817395151,-0.0030699332344236727,-0.06139866468847345
3715.239186,1000,714.884819,1000.0,2440.643486366236,393.5641657867689,398.81427931415806,-59.4000677502155,-110.55492102354779,-278.2052362902242,-25.41004330662845,-44.21247746475842,0.24337466619110765,4.867493323822153
3706.25196,1000,716.73608,1000.0,2435.5261358960356,393.4113792784439,398.04786705455103,-61.79246014475812,-112.35513357520111,-277.98825502611527,-24.770205680462386,-43.82736785949094,0.04999374383456189,0.9998748766912379
3713.518524,1000,718.630821,1000.0,2441.4334383796654,393.92223791977364,398.7744964303955,-61.017565859556186,-110.40030251741413,-277.6228351620968,-27.084146251612083,-44.48679913430464,-0.2197365041054266,-4.394730082108532
3701.685432,1000,720.48243,1000.0,2432.074015201345,392.9379927188849,399.40549941921347,-61.35532497167579,-112.87965061366562,-275.9528681952441,-27.573965526038652,-44.970266365001756,-0.08536843542390134,-1.7073687084780267
3707.782571,1000,722.334322,1000.0,2436.6621260765482,394.0437914124597,398.53485893535253,-61.93282483935353,-109.05158211290842,-280.82794960133594,-26.517723909212595,-43.1281254286325,0.4930597122309586,9.861194244619172
3700.961558,1000,724.17023,1000.0,2424.8666836780785,394.452747238251,399.28095615449894,-61.574360291957774,-109.05567342489958,-276.51426108071826,-26.53881244719336,-43.95572218892661,-0.1516606733428206,-3.033213466856412
3718.120049,1000,726.067846,1000.0,2445.937068371482,394.1576326036489,399.42851812181954,-60.743593817949304,-109.06240700334313,-281.0469525992996,-26.19787317480498,-44.35234356535361,-0.1738928474310795,-3.47785694862159
3710.408942,1000,728.070192,1000.0,2433.066308430583,392.9597945767835,399.23549305117996,-61.654803686142,-111.01820004582402,-272.2738850637781,-25.20615814838398,-44.6996066631971,0.017469913117816063,0.34939826235632127
3712.614122,1000,729.933689,1000.0,2435.424407338616,393.601888336984,398.7627680534897,-59.08295737385752,-109.61727515161024,-278.0792466729174,-25.4996334503853,-42.89582859978131,0.5540210815584993,11.080421631169985
3713.660498,1000,731.842122,1000.0,2437.4019225734633,394.50190787754786,399.4529356442189,-60.779230540990866,-109.13835159242153,-278.32617713748823,-26.54269269625134,-42.90981594587229,-0.12363134600834366,-2.4726269201668734
3712.944644,1000,733.707397,1000.0,2436.0290637861012,394.20456514951223,399.5489848044197,-60.228260742425974,-106.88108559399844,-280.74496983482874,-25.922592210611498,-43.06106178442493,0.2914708036729673,5.829416073459346
3712.442182,1000,735.583056,1000.0,2437.8125426840243,393.38585843369503,399.2150359332908,-60.631360605955145,-106.41554798036805,-280.69275413856803,-26.403248313542477,-43.828344246877734,-0.002983607008218641,-0.05967214016437282
3722.939225,1000,737.629251,1000.0,2437.1215461742145,394.398164584201,399.4629465214978,-60.69982079029082,-105.96949386596677,-271.3767348136924,-26.31900962702777,-43.67837286854311,-0.061034444951303744,-1.220688899026075
3710.323173,1000,739.749229,1000.0,2428.4953109687317,394.0867495650127,399.2888011074119,-60.51601469635967,-106.992532223463,-272.495561434075,-28.305685541133116,-43.237894931230116,-0.18712353093237605,-3.7424706186475207
3712.459681,1000,741.727629,1000.0,2432.0833520949714,393.5609998358425,399.2511522273448,-58.885321335792526,-108.51034725159411,-277.2137706239198,-25.04407936345436,-42.782304330459986,-0.1496911873030477,-2.993823746060954
3713.672895,1000,743.803996,1000.0,2440.402184976674,393.3403609432513,399.462429935909,-59.593815888166404,-105.42153437733657,-282.3936440094967,-28.35070485335879,-43.772381513869966,-0.17375562607992817,-3.4751125215985637
3724.3371,1000,745.82609,1000.0,2439.7871871118396,393.3183643348321,398.9136698226942,-59.705540941953615,-103.20069780349735,-277.0127872425967,-24.527242421376755,-43.235852948301286,-0.13751087998082517,-2.7502175996165037
3713.593022,1000,747.828634,1000.0,2429.793670692627,394.2426718394602,399.2101087136278,-60.911296493411044,-107.11414141654971,-273.77029659602465,-23.780618029961563,-44.0770771487454,0.15067684486166924,3.0135368972333847
3730.140778,1000,753.909292,1000.0,2446.3791663469697,394.16350852628693,399.0532471764241,-58.290168687105194,-102.86673710495228,-281.24611693968416,-23.362762235914253,-43.68935912273035,-0.13137138197901488,-2.6274276395802976
3729.749286,1000,756.013079,1000.0,2448.0627583382566,394.9155395502671,399.29484682969604,-58.14771016836167,-103.30047168731704,-284.91642338617686,-23.271121065941042,-42.88813275466456,-0.17882877402836067,-3.576575480567213
3719.035303,1000,758.116606,1000.0,2434.9751183716967,394.1926513569188,398.70460405114073,-58.90731251239772,-102.33998397737743,-280.0105073272912,-25.486686308372832,-42.0925810244091,0.004111739432664162,0.08223478865328324
3729.015761,1000,760.245782,1000.0,2446.25878255394,394.71139928484035,399.5110840109015,-59.33341058254241,-102.92974560111776,-282.10992036011953,-24.31679079069071,-42.77563733370289,0.050087373197535964,1.0017474639507193
3722.935389,1000,762.346081,1000.0,2438.3173242233374,395.2433202868252,399.3050725619598,-59.17331976413724,-99.82181680649518,-282.5079419047556,-26.01820065393281,-42.40904883887004,-0.1273919001968899,-2.547838003937798
3737.110069,1000,764.323184,1000.0,2451.419320667357,394.0992626903811,399.5281649566485,-56.772310818433745,-101.00714011043316,-281.5283264202987,-25.80792116126001,-42.82098125986026,-0.23795793291266598,-4.75915865825332
3730.728661,1000,766.442162,1000.0,2433.1103614778835,394.02115855474284,399.4689655716298,-56.96968272328377,-99.82878275290123,-272.25638604707046,-25.117485583701622,-41.69948721729615,-0.2268515473853056,-4.537030947706112
3735.922866,1000,768.305166,1000.0,2443.692003804298,394.0948840143877,399.22700045535765,-56.79871360063556,-98.87599193751814,-279.60776110207723,-23.448566434597726,-42.3599891704686,0.023421129663638122,0.4684225932727625
3733.036029,1000,770.203276,1000.0,2446.0570378428383,393.9898819413106,399.3729336523443,-57.48022076249117,-99.04274275302878,-281.74025401014995,-25.129862144618134,-42.99074457223714,0.23947617939494403,4.789523587898881
3732.146034,1000,772.082576,1000.0,2438.027225976101,394.0464918609203,398.9268327552683,-58.041786729097424,-97.88971455246204,-275.0345587147736,-25.01536690702729,-42.87308952343533,0.053968852513431274,1.0793770502686255
3742.48798,1000,773.886497,1000.0,2444.837087744108,394.4471817251562,399.21257593717166,-56.347807465791696,-96.79525792822255,-277.9986159204815,-22.507795778580686,-42.35938794917729,-0.13958202082883628,-2.7916404165767257
3739.515908,1000,775.872804,1000.0,2446.7276701813544,394.44563946030826,399.6002566111804,-57.00223850965499,-99.18780286759146,-278.99448747529465,-23.1761890624416,-42.89694044636045,-0.3793795571267844,-7.587591142535688
3739.553162,1000,777.824049,1000.0,2446.205781553291,394.6227854535262,398.95392085529966,-57.184802747964866,-95.78155519515272,-281.7268126098551,-23.24184016605968,-42.29431502108266,-0.025198976296507497,-0.5039795259301499
3732.68463,1000,779.766188,1000.0,2439.4293954058126,393.5020091077242,399.6500038919791,-57.14777873158447,-97.07365970462554,-276.4870762265027,-25.935106173407092,-43.253158021195816,-0.260019359742956,-5.200387194859119
3734.293089,1000,781.724747,1000.0,2438.492927831368,393.546694159879,399.3844581404133,-57.10165798902516,-99.87064931392678,-271.57207561089285,-24.872190617480392,-43.71441742835704,0.04014288457376739,0.8028576914753478
3733.193662,1000,783.716458,1000.0,2428.0657668456556,393.373024713289,399.71102274537844,-56.98286917924879,-94.16452627331017,-268.57700805575274,-26.288582398750183,-41.94316621041813,-0.05988033214559625,-1.197606642911925
3748.991285,1000,785.635666,1000.0,2449.5075984946984,394.29742901908327,399.56488096709325,-56.08141675949088,-95.00239969268446,-279.18799401120066,-23.119505833185464,-40.98730674137608,-0.17226779419996585,-3.445355883999317
3754.165304,1000,787.63471,1000.0,2445.9853894078697,394.675397685233,399.7273586881313,-55.52452050209042,-94.81342849135393,-274.70708554077163,-21.478574203180322,-39.699233514832514,-0.281451083672828,-5.629021673456561
3746.305759,1000,789.579728,1000.0,2442.4871972988785,394.39859319589243,398.77332595648306,-56.12441689252854,-95.22805950343603,-275.1625253583055,-22.83774533627082,-40.00061069616177,0.036379722795684646,0.7275944559136929
3748.455386,1000,791.50175,1000.0,2447.1011776240257,394.6948495605388,399.64872789430547,-56.001955199241685,-93.94475301057093,-279.5897721325251,-22.96953698859904,-40.48335161386626,0.0272782476548447,0.545564953096894
3749.569704,1000,793.530473,1000.0,2445.1685767224285,393.58102154753965,399.20844743851677,-55.89971334338187,-95.4503265351058,-271.22377756318997,-24.72803174875013,-41.08649216741445,0.39936728647960806,7.987345729592161
3736.01748,1000,799.262582,1000.0,2431.34706607116,393.6612155173004,399.4007877566562,-56.77545159816742,-97.12042530924086,-268.87645493996854,-24.557233852961566,-41.06202349615229,-0.21610462356577806,-4.322092471315561
3749.004444,1000,801.262041,1000.0,2443.4027396064253,393.7663903251067,399.4228479369472,-54.90828350543974,-92.93756849169729,-276.73744453082253,-23.38656517970007,-39.61767220145841,0.04796790818299717,0.9593581636599434
3742.309087,1000,803.267637,1000.0,2434.0052872365504,392.5892472867638,399.20109824324305,-56.706080482006016,-94.30386557877078,-267.96333866100696,-24.416401527036687,-40.0968597644445,0.2463823289019375,4.92764657803875
3752.640065,1000,805.172024,1000.0,2442.251605403046,393.8405347109766,399.02019884563833,-54.660473097562786,-93.85240130126483,-272.3729273349318,-22.568360544847994,-39.018111892307935,-0.24607520443994552,-4.92150408879891
3750.595513,1000,807.079782,1000.0,2436.482289786904,394.02780149751226,399.8838371879199,-54.05440597295767,-92.2751281380654,-273.21611188338596,-21.425875457946002,-38.826893942894564,0.07276793473965462,1.4553586947930925
3756.730362,1000,809.054415,1000.0,2444.6043252996064,394.1038735939578,398.82407954960274,-54.17908758997921,-91.15626935213798,-273.0867355142158,-23.488311751855004,-38.89151210384941,0.4700488872344019,9.400977744688038
3745.456916,1000,810.960793,1000.0,2435.04937111777,394.25523820128547,398.61850582638834,-55.30050787687297,-93.0219864867629,-270.69288406843594,-24.319610022886653,-39.13121023028227,-0.2812028444906733,-5.624056889813466
3747.78809,1000,813.436787,1000.0,2436.5430118681293,393.99493651074016,399.154116633359,-54.99878834605222,-90.7502918332816,-272.127352447221,-24.43516682513194,-39.59237560657828,0.14576873770920645,2.915374754184129
3757.228208,1000,816.625262,1000.0,2444.095770763533,394.5952932146242,399.2809042149566,-54.9277240467071,-89.74187517464169,-274.9319192581892,-20.545394381126638,-40.5968469882442,0.14148891855797302,2.82977837115946
3750.572459,1000,819.618887,1000.0,2437.138639418409,394.1728125922421,399.2216733318702,-54.13459452986722,-91.5037416070701,-275.30454600057016,-20.84163175511099,-38.176152693499304,0.27887539536854644,5.577507907370929
3753.811318,1000,821.50367,1000.0,2452.426922236414,394.54852598447263,399.09442944124305,-56.2620501995086,-92.5828591644764,-278.0750021385066,-23.58101343061733,-41.75763460633092,-0.08176613085108997,-1.6353226170217994
3759.946585,1000,823.371604,1000.0,2443.973536640661,395.20644873138104,399.63555979293125,-54.00344683051111,-87.64708769992002,-276.6830915327413,-21.533520195704664,-39.00181341265403,-0.01776669617815149,-0.3553339235630298
3757.677579,1000,825.211145,1000.0,2447.015516893059,395.2155626970634,399.48818529372954,-56.24924047708506,-90.75996486768126,-275.19282961017143,-22.00725613044552,-39.83239436862645,-0.0071805581941257095,-0.1436111638825142
3756.433066,1000,827.057811,1000.0,2446.3522631263977,395.3601057508202,399.6347682515494,-55.08709448933608,-90.6785990014671,-277.6305189862535,-22.402886658554323,-39.11497235049649,0.5808667872839639,11.617335745679279
3758.938044,1000,828.935164,1000.0,2446.1038769031043,394.8463963850037,399.68355879610266,-54.55973744511602,-88.49881753176459,-275.111077328931,-22.861710645488024,-40.664444829853636,0.17730707656688172,3.5461415313376343
3760.438284,1000,830.793282,1000.0,2449.642484801702,394.5020756823428,399.5001464683655,-54.61628281831747,-88.04941259995113,-280.0344441561307,-21.871798954716958,-38.634484006643696,0.02973107149441309,0.5946214298882618
3756.656788,1000,832.784733,1000.0,2445.971667350795,395.3345645156618,399.631935524733,-55.239777846336324,-89.99060709327463,-278.53564458664084,-21.38348442788338,-39.13186584838484,0.12851931787644744,2.5703863575289487
3755.183977,1000,834.688716,1000.0,2440.1600780713866,394.516757546084,399.7947305707693,-54.45984927058224,-87.72308104336248,-275.7154324317826,-22.363581068990378,-39.02564521241783,0.07495219781527493,1.4990439563054987
3757.609811,1000,836.614718,1000.0,2443.126431861743,395.0635755490065,399.59838833586434,-54.47474959373482,-87.90423006564384,-276.24402489328804,-21.928739273539485,-39.62684067296518,0.18147759035572567,3.629551807114513
3761.76709,1000,838.498264,1000.0,2445.468914561512,394.77364897140427,399.42670538267066,-54.01920579195016,-85.74428316205744,-277.12725647127525,-22.84594496388925,-38.16548876426954,0.6948333772203954,13.896667544407908
3764.736935,1000,840.437643,1000.0,2450.9687963499596,394.2839894269818,399.5455146756957,-53.63689738631248,-88.09054462164643,-278.0148045944366,-22.19249475894781,-38.12662427008152,0.8082878292928177,16.165756585856354
3764.435338,1000,846.624824,1000.0,2447.1211743254958,394.7310153132161,399.3599998039431,-53.26365288496017,-85.44211024045953,-277.3225085635957,-22.966426778265372,-37.782153030425526,-0.008753228090133267,-0.17506456180266533
3767.951688,1000,848.723702,1000.0,2446.31542801452,393.83726497088276,399.7512563849222,-53.35114190936082,-86.50518780872221,-274.69849565380287,-19.561026697484017,-37.83640936621552,0.4058717158772742,8.117434317545484
3764.48226,1000,850.65385,1000.0,2436.716916154501,394.3847362810516,399.5399554561398,-54.56982636690136,-85.78418800458309,-265.67455245819434,-22.604777462093157,-37.52600354094398,-0.08493489977131594,-1.6986979954263186
3767.974935,1000,852.51707,1000.0,2444.8199949922655,394.51182956199284,399.631916236757,-53.69213386535648,-86.89647508859645,-270.1803543013884,-22.214114651820235,-38.00572763218111,0.19243695126848054,3.848739025369611
3763.017364,1000,854.335621,1000.0,2445.839394230456,394.884487164942,399.36851243896024,-52.63721895217896,-83.61967789381751,-281.53371228410487,-21.460533566744008,-37.8238870281423,0.15522218481111924,3.104443696222385
3755.531708,1000,856.173708,1000.0,2440.7441282826103,394.8365523473255,399.1463441389983,-54.049073570966684,-86.28174182921649,-276.5959252656431,-22.829460207727845,-39.43911599344507,-0.13199480635212546,-2.639896127042509
3760.795384,1000,858.038959,1000.0,2443.6086449719237,394.92001989211053,399.4189979787262,-53.66926911711693,-85.23722601979966,-277.2862555790715,-22.786778814966397,-38.172748961527226,0.2559946733874603,5.119893467749206
3761.298387,1000,859.982517,1000.0,2441.161849201815,394.92316897039296,399.33700083732856,-53.34077692866325,-84.77785424962632,-275.7242956738167,-21.04178850624382,-39.23891622318391,0.16372906458130404,3.2745812916260806
3761.986759,1000,861.852353,1000.0,2444.5887683921424,395.0302159816014,399.3639694598511,-53.04581204175954,-86.42027051448821,-279.6154780876319,-19.276186842298284,-38.638447660167685,0.6168902660880714,12.337805321761428
3770.393227,1000,863.84225,1000.0,2451.417359657923,395.4254562236384,399.7135393082301,-52.88911234498034,-83.74007007628663,-279.79690321710416,-21.478215726736362,-38.25882684559831,0.10312761114451625,2.062552222890325
3772.846943,1000,865.809648,1000.0,2445.329079198099,394.52983726771646,399.0699929139355,-51.99214720129969,-80.29401890337449,-276.13615961538335,-20.371518458221818,-37.28812233614264,0.2725569630628786,5.4511392612575715
3762.084459,1000,867.686147,1000.0,2439.035519443108,394.6354714868678,399.07330045516505,-53.85385069847118,-84.11578971296557,-274.5774660635361,-20.52292482593435,-37.58980131566849,0.8120610863937747,16.241221727875494
3765.555366,1000,869.691123,1000.0,2439.063468701925,394.99956862676976,399.6281743143027,-52.86700093388557,-83.0580647036433,-274.413731365555,-18.968021774372954,-38.82902718718486,-0.14939573108533571,-2.9879146217067145
3766.711595,1000,871.620102,1000.0,2436.954823367393,394.59355590968903,399.71956960455464,-51.277917772531445,-82.2135309547186,-271.7447034205272,-21.07046637905737,-38.24973520088378,0.39690511035998577,7.938102207199716
3761.686774,1000,873.568625,1000.0,2438.243069261431,394.29401762367763,399.1012009616048,-53.65353293418879,-82.43087045922877,-273.89873402778136,-23.721507321769867,-36.24686951649619,0.5879679222791088,11.759358445582176
3770.591247,1000,875.597357,1000.0,2444.8740389878535,394.3156728938625,399.30329353045795,-51.91996822237973,-81.17127281054846,-277.54476803746303,-20.310533030886347,-36.95521656361822,0.8540247063821444,17.08049412764289
3776.651015,1000,877.466586,1000.0,2446.145262944651,394.4648095790911,399.5653578453701,-51.14905718326567,-81.93653990626336,-272.7456921933641,-21.27473615253555,-36.4183896537225,0.6446332981842361,12.892665963684722
3771.338509,1000,879.364827,1000.0,2445.3740995354815,394.72198059429223,399.7051705065815,-52.0873817145825,-82.39159902632235,-274.7444760821238,-21.79113397414861,-37.448150654943234,0.6443091272930309,12.886182545860619
3769.720374,1000,881.23424,1000.0,2440.9604132696186,394.7942525674981,399.35944544144206,-51.026362127065674,-80.37317770272493,-274.9404290095719,-22.016580250299008,-37.03718791023472,0.769518800879322,15.39037601758644
3780.958118,1000,883.121683,1000.0,2449.9833132336894,394.28314973058156,399.2511305426286,-51.34526268959048,-79.54222966879603,-275.2041664542101,-18.65000995291562,-37.817807038673145,0.80110533096857,16.0221066193714
3776.828567,1000,885.009413,1000.0,2445.134288155267,394.4604800614319,399.4942845273622,-52.40477807998657,-78.46343680247665,-274.05776394636723,-20.587771350714505,-36.74673541776401,-0.0842531144944853,-1.685062289889706
3771.658987,1000,890.706462,1000.0,2443.879677726049,394.3177257831074,399.43403460755445,-51.37178520321851,-80.90803135484448,-273.5851426360727,-23.118731148854195,-36.988761223336795,0.9612795056518738,19.225590113037477
3779.078129,1000,892.579259,1000.0,2451.0834912136474,394.69028549284,399.73002901250226,-51.01171853184697,-79.29461413547405,-277.7639434969877,-20.74111178125976,-37.61428874098696,0.5540088359710041,11.080176719420082
3777.126909,1000,894.459016,1000.0,2445.35000361654,394.2990114560919,399.62838149207016,-51.01036738276486,-78.78406498059623,-274.55480906491056,-20.301766941234245,-37.49947961168731,0.022202626017833592,0.44405252035667186
3778.539583,1000,896.358754,1000.0,2443.8092577025495,394.11901853265664,399.513970935308,-49.54338621854781,-79.50106214806432,-272.48481042997355,-20.591979311250704,-36.7814261532092,0.31007144729214986,6.201428945842998
3777.784449,1000,898.222553,1000.0,2439.498019250799,394.2851314387793,399.33269229982886,-51.12912160754197,-78.07877606302499,-269.62073431679875,-20.405279544732704,-36.09748258434229,0.3231819669615105,6.463639339230211
3780.032689,1000,900.120174,1000.0,2441.9241323225215,394.23168300780725,399.3722287486524,-51.718054722547585,-79.41125707328318,-267.3523720381229,-19.96487635120272,-37.04879508744995,0.630108665035888,12.60217330071776
3775.188219,1000,901.980226,1000.0,2434.36492757998,394.62453093943924,399.0716525531736,-50.33413870930669,-77.4421202912927,-269.8258041762655,-18.623185071575396,-36.647644323600936,0.0903389033743512,1.806778067487024
3787.131772,1000,903.851755,1000.0,2446.800592140006,394.22023380853,399.80712612005027,-50.15865084767353,-78.34693785160783,-270.3430913517871,-19.150832877604493,-35.696666798381656,0.20937478036964827,4.1874956073929654
3777.706708,1000,905.726104,1000.0,2443.8173935195205,394.0690111474322,399.1053214513697,-50.16316227674482,-79.45562191605559,-271.87357180711956,-21.779385450165652,-36.01327636116911,0.639706315537358,12.79412631074716
3784.61584,1000,907.641009,1000.0,2449.3983873685224,394.2706443411591,399.65686569659914,-49.745135821700025,-79.5756054840983,-274.42135809016065,-18.91410589809123,-36.053852513036134,0.15462966638766823,3.092593327753365
3778.25687,1000,909.520891,1000.0,2442.410472989789,394.06433879559626,399.6654551750374,-49.2786614084244,-78.93794961497191,-272.15903761633984,-20.81765708648723,-36.690091717139836,0.5812911738642056,11.625823477284111
3780.84041,1000,911.40878,1000.0,2436.599901701556,394.1643280654788,399.828920985215,-49.95864670276644,-76.18051964789638,-267.9284366634824,-20.493148521710022,-35.191988942167725,0.10799357755424069,2.1598715510848137
3784.242892,1000,913.346178,1000.0,2440.8026870098065,394.41093242693864,399.4108601332367,-49.25667440772056,-77.39794883728025,-268.97852029158594,-18.463609129454152,-36.28483524187507,0.05424531488665903,1.0849062977331805
3788.066308,1000,915.194412,1000.0,2448.6366688130024,394.55532333325704,399.6966550702578,-47.87172142267225,-76.59834793359045,-275.5884376120257,-20.02756360539601,-34.736269029066506,0.39595014199820333,7.919002839964067
3792.01294,1000,917.062364,1000.0,2445.1900605603814,394.39541110212735,399.82511173787356,-47.958276484608696,-74.67214680686591,-270.4974135300022,-18.629876725220306,-35.639930333270556,-0.03480210670472243,-0.6960421340944486
3786.089949,1000,918.954349,1000.0,2433.84054732671,394.6625983370906,399.6439342914261,-48.13224525213237,-76.20202842354786,-264.49052778480467,-18.606900740835062,-34.62542844878474,0.3973042552485152,7.9460851049703045
3785.476025,1000,920.840145,1000.0,2434.8916789375357,394.63859321846024,399.3332101252888,-47.95971948921678,-76.18392463475465,-265.96215213600215,-18.67269584157596,-34.60896491436702,0.5674061424001543,11.348122848003086
3796.937315,1000,922.728053,1000.0,2448.7579106264648,394.27314558236355,399.7741777534423,-47.200061317682305,-76.1081429123878,-271.03624517638593,-16.522827828713975,-35.00064159360292,0.07960554709455206,1.592110941891041
3799.26605,1000,924.613815,1000.0,2445.048325605968,395.10555224370864,399.30123411780875,-47.9148860788345,-74.04477315396059,-267.5711979684132,-16.86543340550498,-33.79277153802029,0.11065400538193995,2.213080107638799
3797.002694,1000,926.487164,1000.0,2441.0003534363195,395.06337605698855,399.54178744808644,-47.00522691011425,-72.85157388523228,-267.2172154333058,-17.099931461225545,-34.428875034558935,0.41996329955106654,8.39926599102133
3790.769803,1000,932.183649,1000.0,2441.482399519512,395.12228731338513,399.7456230174534,-47.79108345747001,-73.42327207177884,-270.78924230584823,-17.958539403000646,-35.618369892535924,0.5157646753806489,10.315293507612978
3793.856936,1000,934.028896,1000.0,2442.0777213695205,394.26297439455743,399.74146868404716,-46.54400658249851,-73.04021549299358,-271.8841404292008,-17.426302805014327,-33.33056323981712,0.3135595299039161,6.271190598078322
3798.09509,1000,935.914503,1000.0,2445.1953973378063,394.4598671264276,399.55880301725773,-47.75734706401813,-71.7981579869986,-268.5041061226028,-18.264274478946398,-34.7950920991554,0.6103460290154279,12.206920580308559
3791.393307,1000,937.764475,1000.0,2437.6607825237966,394.7567934624801,399.656722770399,-47.595467467308005,-72.5574712917209,-267.68818139864413,-18.449654956800774,-34.39021646708271,0.1325055113508363,2.650110227016726
3800.981985,1000,939.627272,1000.0,2445.6011050547013,394.919474003834,399.56048524830555,-47.08333947777753,-71.18629863411172,-269.8901606023756,-16.570294139474942,-34.368986278638666,-0.0718525045931103,-1.4370500918622058
3800.980903,1000,941.514556,1000.0,2443.9783770012727,394.715106919953,399.6370476597762,-47.42860489606854,-71.57694372832775,-265.737006817699,-17.632988597964967,-34.974084087814255,0.3919913888647516,7.8398277772950316
3797.908355,1000,943.395019,1000.0,2439.6184194269713,394.8718225392891,399.7164655188438,-47.2406049537659,-70.64522218927743,-266.282649215463,-17.983406566191107,-34.14646989925272,-0.07919447440558285,-1.583889488111657
3796.990974,1000,945.274652,1000.0,2440.071949399508,394.94771781713195,399.7666292192146,-46.603582997322086,-71.73896298408502,-265.817728541637,-18.977956326508746,-34.65709111592018,0.3677802254351525,7.35560450870305
3800.407393,1000,947.167754,1000.0,2445.5327474210917,395.0830727747403,399.784876242837,-45.60154506087304,-71.97928596884003,-270.780787525653,-17.577360767688063,-34.05432432892153,-0.170247136312894,-3.40494272625788
3800.562293,1000,949.06672,1000.0,2448.4497147240827,395.3009881642126,399.821330463618,-46.10940391182895,-72.43149131461979,-272.0911754499134,-18.545647570599677,-33.83202219975156,-0.26194582914873693,-5.238916582974738
3794.712601,1000,950.924203,1000.0,2437.539826639541,394.61002213296337,399.64022647143264,-47.00867939651009,-73.52071698009988,-264.5397706995834,-17.973884760598835,-34.03442268082861,-0.08979359376785176,-1.795871875357035
3809.182036,1000,952.786588,1000.0,2449.3300196088926,395.82081624978065,399.78310727690524,-46.05440640747553,-69.47710783630608,-271.0030477184791,-15.78750588835384,-33.42983971161579,-0.2974833747821362,-5.949667495642724
3809.18148,1000,954.645982,1000.0,2448.743548397825,395.0816099144733,399.8737528293726,-46.37430041790011,-70.40650721490371,-267.25505743117895,-16.63370871282407,-33.84785686933675,0.09739075036155483,1.9478150072310965
3797.787054,1000,956.401937,1000.0,2444.9276266181837,395.1118339522497,399.6679257566427,-47.221786350011875,-70.9356910154224,-270.87056123812806,-19.263841008693007,-33.628452230495114,-0.04995685418118998,-0.9991370836237996
3808.342181,1000,958.258381,1000.0,2450.708338469806,395.97809913658466,399.65969878591335,-45.97090810060504,-67.90960027649997,-273.76686726361197,-16.44815861012444,-33.908420949663125,-0.05177333288312199,-1.0354666576624398
3806.787693,1000,960.137165,1000.0,2447.581399138114,395.5575259511386,399.944121390958,-46.03694654643529,-69.92536094561213,-270.8371102565649,-16.63720796704759,-32.85872728237275,-0.13893848660783217,-2.7787697321566434
3812.967146,1000,962.013762,1000.0,2451.020098170334,395.1908819026325,399.59413257178613,-45.921055626869155,-69.76504527330405,-268.914879801608,-16.44138516017398,-31.795600741784934,-0.009219113516614367,-0.18438227033228735
3810.180445,1000,963.866392,1000.0,2445.6067854666594,395.33557816355574,399.92231846337774,-46.04789400219915,-67.8232233941555,-268.53779271864533,-15.447417850998438,-32.827909044159476,0.01628392642425999,0.3256785284851998
3797.4134,1000,965.720353,1000.0,2443.523870707593,394.7022929982139,399.8555740965575,-47.31171191215518,-69.20021854788068,-274.81861524863547,-16.116069715243167,-33.221722615331316,-0.3300856121445809,-6.601712242891617
3811.660073,1000,967.583904,1000.0,2450.501065967246,394.8621908923394,399.78594089181786,-45.30395116925241,-67.16349457055333,-274.5814286768822,-15.499122670923635,-30.941127963665945,-0.0883688027060137,-1.767376054120274
3812.963025,1000,969.48705,1000.0,2452.393298369796,395.7177563050062,399.6436210552845,-45.93522555351258,-67.43561400845655,-273.583427786324,-15.722790340489013,-32.114593424931044,-0.06227271471862329,-1.2454542943724658
3811.162267,1000,975.133123,1000.0,2447.3975283547456,394.9517839020867,399.9135547505172,-45.10742646098136,-67.70879814028736,-269.9732316113207,-15.506329974606746,-32.80481364266772,0.02290680314201791,0.45813606284035824
3811.502628,1000,976.974151,1000.0,2440.999636875495,395.30691328390697,399.86481179877234,-44.63815510213381,-64.95305139273408,-268.16212412394833,-14.96865289091968,-31.946750402246252,0.01854771773546054,0.37095435470921084
3818.266407,1000,978.824745,1000.0,2451.7826047499157,395.7792334333268,399.8347838934104,-44.39744578957554,-66.77307266667488,-270.8162514890653,-15.893281209209023,-31.250164164032295,0.046441524717516114,0.9288304943503223
3815.33303,1000,980.683676,1000.0,2448.4411317079703,395.21124733594206,399.78586005508845,-44.2581496119499,-66.99793269261717,-267.8930434687473,-16.35168695501651,-32.604396665132896,-0.249487696626788,-4.98975393253576
3815.452563,1000,982.572684,1000.0,2449.5192671162927,395.4133802474218,399.78039400531907,-44.61922036528585,-65.79275938570493,-271.74046987019796,-15.410772879548494,-31.697255906524912,0.40453505579677673,8.090701115935534
3817.337665,1000,984.424279,1000.0,2449.054592568097,395.4122335474546,399.5655606672314,-44.77759778559203,-66.42168785557149,-267.236045773644,-15.665260601135117,-32.594129377788825,-0.13641960948258963,-2.7283921896517924
3813.193208,1000,986.258046,1000.0,2441.7334710060913,395.52390626705653,399.42256065092175,-44.276728925705015,-63.86238580346107,-266.63038466180427,-16.914746517903364,-31.80248370398006,0.059561156560061265,1.1912231312012254
3813.190819,1000,988.151361,1000.0,2442.26886066097,395.25773419811117,399.744276813475,-44.63097329616548,-65.34946689903738,-266.9413330518973,-15.30095701634596,-31.857322631226605,-0.10249187794861045,-2.049837558972209
3821.158913,1000,990.017893,1000.0,2451.744798475427,395.29952440804414,399.5266850491411,-44.822160615921064,-64.65449364930393,-269.57297104918683,-14.372174953181977,-31.99029455115923,-0.07134801492103726,-1.4269602984207452
3827.272196,1000,991.86587,1000.0,2450.8073433648833,394.88652190526363,399.79289415963484,-44.2709836220741,-64.04094797521827,-265.13687536454563,-14.166082590091232,-30.599674151741414,-0.11621262328820552,-2.3242524657641104
3814.641624,1000,993.716165,1000.0,2442.9527144738704,394.85041897579663,399.75205824325207,-45.17217376053337,-64.66328273713586,-265.82391766787316,-16.201359907173718,-31.05283324935805,-0.0338180759719606,-0.676361519439212
3819.048617,1000,995.584693,1000.0,2452.101157471163,395.39819375957967,399.83845861512475,-44.848414086103425,-63.770396742224676,-271.7952176388847,-15.731391832142924,-32.14377297757299,0.08601578156393844,1.7203156312787689
3819.578741,1000,997.532213,1000.0,2446.680439438109,395.35484056730087,399.8349671157548,-44.75322726726533,-63.18701974377038,-268.98267425831637,-15.051682091473285,-30.31690287549709,-0.0390619471189795,-0.78123894237959
3819.811133,1000,999.385845,1000.0,2454.075256425175,395.3517023225045,399.7048880583144,-44.31682056128984,-64.4333544135094,-275.0801986639387,-14.587808455373105,-30.902531733401197,-0.2765050089165152,-5.530100178330303
3820.669031,1000,1001.269307,1000.0,2445.869161408152,395.04682467534474,399.8766643391793,-44.42142598032958,-62.72001432478432,-267.6066885921716,-15.44068421142357,-29.93480588733177,0.09249907850007116,1.8499815700014233
3829.126783,1000,1003.148809,1000.0,2454.635578996918,395.6793369291147,399.92375264750666,-44.35273045361044,-63.3670900948345,-268.85862843129973,-14.532717062550601,-30.000719759392926,0.016379249786657685,0.3275849957331537
3827.635305,1000,1005.06786,1000.0,2452.1214436279115,395.51903785192997,399.8378531508576,-44.51750045776372,-61.8743221230805,-269.2900545076333,-14.43638927297725,-29.724763441072895,-0.08646530594422423,-1.7293061188844847
3833.408988,1000,1006.932118,1000.0,2450.5954675315415,395.3204001564614,399.76347516459174,-42.84450889706611,-61.82555006667968,-265.38955350470553,-13.279237219878544,-28.931505562680364,-0.07031969839814564,-1.406393967962913
3827.627624,1000,1008.805173,1000.0,2448.095363600773,395.3002389538583,399.68841407076127,-43.45508579254148,-63.5280453763902,-263.06668248480605,-16.038619206009614,-29.367959934845057,0.29810144263916694,5.962028852783339
3812.450939,1000,1010.666017,1000.0,2429.7887963160333,394.6727168398321,399.85773402210214,-43.36080445468426,-62.48892785087231,-260.3922677727278,-15.75557188448218,-29.870735858648437,-0.13881041547994605,-2.776208309598921
3825.76838,1000,1012.560901,1000.0,2446.350604385653,395.82707421688883,399.8235208855593,-43.124522018432664,-61.348335829004604,-268.29500058656265,-14.752151510380973,-28.71280980229518,-0.1490878818213708,-2.981757636427416
3829.866103,1000,1018.276407,1000.0,2447.3024419729436,395.6469163659113,399.8323983739748,-43.65218701004984,-61.724383551627355,-264.52114035128375,-13.881687534701578,-29.136255716269886,-0.04363795056762587,-0.8727590113525174
3827.727349,1000,1020.148294,1000.0,2441.9224959050234,395.2237297102601,399.71521732765086,-43.647025696635225,-61.90999027490618,-260.72193475542116,-14.28173530456187,-28.573408129571195,-0.03191449385902665,-0.638289877180533
3831.551433,1000,1022.043422,1000.0,2444.1217936213015,395.266148300669,399.77327945098256,-43.31861999928956,-60.6201054856181,-262.5358249036054,-12.484562651296551,-28.65067557565809,0.42182467759891235,8.436493551978247
3827.336723,1000,1023.905051,1000.0,2446.868941471588,394.7323954124923,399.47715393238155,-42.8492557877302,-61.04629396572715,-266.3030492841119,-14.700172056030674,-28.842997127646314,0.10974549667455791,2.194909933491158
3825.417504,1000,1025.72459,1000.0,2441.7354336289304,394.48223721996214,399.6325056220235,-42.64817879796027,-62.02789637967946,-262.351071879592,-15.202182665280482,-28.20334229772986,0.2597479566947567,5.194959133895134
3826.998532,1000,1027.592992,1000.0,2444.589399508476,395.24506916536984,399.82295928434434,-43.721825499534596,-61.06210939213643,-263.4702467444857,-15.054330238784278,-29.35038384326426,0.13955824678205558,2.7911649356411115
3827.660058,1000,1029.490958,1000.0,2447.974853559494,394.81610253836374,399.922965348125,-43.42029626488687,-61.699071919173,-267.35410293809394,-13.780546373173353,-28.799845699219738,0.4236154254322434,8.472308508644868
3835.32928,1000,1031.351365,1000.0,2445.082888824561,395.1943584968543,399.77709029111656,-42.98850322604174,-58.67400508373981,-261.8496971435538,-13.298485572756043,-27.9143669422618,0.06610988900513712,1.3221977801027425
3840.224612,1000,1033.214741,1000.0,2448.366197312388,395.3686889496453,399.8953399180697,-41.833332937061776,-59.82629077136523,-261.163358429786,-12.512101896786813,-28.07052969049164,0.11705897899391844,2.3411795798783688
3826.022631,1000,1035.11372,1000.0,2440.71998731438,395.3686633554113,399.8115716100141,-41.92119598448277,-59.80265201628207,-266.17162854921986,-13.701897678261187,-28.280217182492567,0.24259056997899414,4.851811399579883
3829.423946,1000,1036.958841,1000.0,2443.010210221726,394.4806601678903,399.8354621388549,-41.80029141008855,-61.08173496872187,-261.0564533302822,-15.567171148454989,-28.396735839525494,0.8229814711561014,16.459629423122028
3838.848929,1000,1038.829825,1000.0,2449.851705036766,394.9428220764854,399.7815792366824,-40.684210599660815,-58.67671204954387,-264.92989674836883,-13.245803851989644,-28.190554555210365,0.32186920807654296,6.437384161530859
3842.662398,1000,1040.699178,1000.0,2455.2090802374582,395.7638114941141,399.7871162023653,-41.59597280263898,-59.67772551029922,-266.6512430107756,-13.599995828844902,-26.57267304047764,0.22006297693142604,4.401259538628521
3834.558408,1000,1042.432415,1000.0,2444.686979147667,395.53189795524196,399.7878969492181,-41.950802267193815,-58.33941518515351,-262.580867766987,-13.837163105461125,-28.740118097441357,-0.21626722243718044,-4.325344448743609
3837.034335,1000,1044.305181,1000.0,2449.1578093595945,394.9882420586416,399.79517365189747,-41.54229314088827,-59.63720350116495,-264.1000426447496,-12.67533179139907,-28.95201935845553,-0.043491303707649906,-0.8698260741529982
3838.485441,1000,1046.182779,1000.0,2446.1831564429067,394.8388383030478,399.8693859713975,-41.15009146928789,-57.7317017287016,-261.65605752287155,-14.057738696231953,-27.81034986544594,0.20504931151547395,4.100986230309479
3838.778326,1000,1048.090907,1000.0,2445.249940356718,395.7659294636473,399.8446505116286,-40.80676732659342,-56.8082627393305,-264.1594913291171,-12.22588131850177,-28.081792034146556,0.15635144906885326,3.127028981377065
3830.505326,1000,1049.984064,1000.0,2434.163506675512,395.532028435105,399.7511622489915,-41.051910847425404,-58.01721703857185,-259.36058632975215,-13.72577711878974,-26.785880207378376,0.06431784587317776,1.2863569174635552
3840.451928,1000,1051.924358,1000.0,2443.237749070432,395.3796716392052,399.76200322015916,-41.07667777895931,-57.39810241758821,-259.84407772325164,-11.70977762378894,-27.898859988907986,0.11843568950576724,2.3687137901153448
3839.450308,1000,1053.833209,1000.0,2444.544855952721,395.5364194692043,399.88703128913863,-40.787985494136834,-57.12397245839232,-261.60082470400584,-12.465221763545655,-28.53999427467688,-0.004494208118529222,-0.08988416237058446
3841.127981,1000,1055.715397,1000.0,2443.949664841402,395.0637359592283,399.92196257757035,-40.201328364014586,-55.90108927115797,-261.9718785404518,-11.491010053766358,-28.24207598391677,-0.12717782752641618,-2.5435565505283235
3835.091002,1000,1061.351647,1000.0,2442.0309937211773,395.16207071879296,399.89000026356894,-41.109793982505856,-56.06301114484666,-264.3290097251071,-12.78437830193579,-27.705869868577206,0.12830390969562502,2.5660781939125004
3841.727151,1000,1063.23968,1000.0,2445.9162466385305,394.8885144277306,399.50260864245655,-40.858616843223594,-56.75951784327625,-260.929484216454,-12.13972994246882,-27.89287007693396,-0.04845540032649396,-0.9691080065298792
3837.686158,1000,1065.127476,1000.0,2444.067576808118,395.33387723551385,399.75682371640477,-41.51641237735747,-56.104364324361065,-263.09745314897475,-12.720023726019893,-28.033865726687036,0.007793213976638562,0.15586427953277124
3844.587287,1000,1067.007738,1000.0,2449.3964411068023,395.74034489150216,399.90474731036704,-40.146445201635395,-54.74955121427771,-267.67636351468917,-10.714652248408546,-27.16723421520106,-0.22406081029173724,-4.481216205834745
3847.028086,1000,1068.876316,1000.0,2451.4536452463494,395.3126989871982,399.23522460555114,-41.26678759276871,-55.672223946452206,-262.5891921624754,-11.371129036607659,-28.074150197766276,-0.07194217539561801,-1.4388435079123603
3843.511824,1000,1070.826485,1000.0,2446.87353851883,395.2339037886593,399.7992659631158,-41.086933932304454,-53.73518064245581,-264.4264932499509,-11.968059913405773,-27.17821682768408,0.16628776997481537,3.3257553994963076
3843.469086,1000,1072.733312,1000.0,2448.6764087573156,395.3097483464048,399.51770330235803,-41.07614302933214,-54.89490461349489,-264.7395023368568,-11.292387401478306,-28.031836596749613,0.31538960024813834,6.307792004962766
3850.534854,1000,1074.670775,1000.0,2454.06360005416,395.6402669515236,399.882959273559,-41.026725274920445,-53.07787626348429,-265.6892294607064,-11.6426928140517,-27.615448548631733,0.1097418624675562,2.194837249351124
3851.676852,1000,1076.5643,1000.0,2453.9630316242524,395.1099722688488,399.9003356736452,-40.11477163434023,-53.5268206045031,-265.3491196011398,-11.130463345052133,-27.175312417699192,0.22733773122325215,4.546754624465043
3854.189939,1000,1078.447519,1000.0,2456.577962922372,395.7730248606688,399.83239786961485,-39.93268986165525,-53.01487774476402,-266.2888030943862,-11.147492075878082,-27.609583399770028,-0.11173221792995558,-2.2346443585991116
3850.084912,1000,1080.380452,1000.0,2452.8502432462815,394.91357753870915,399.86639049012825,-39.982379652857816,-51.918309982865985,-265.3713117602774,-13.080310204199845,-27.192987825770768,0.15274405728878032,3.054881145775606
3852.13259,1000,1082.299277,1000.0,2455.4646546073354,395.3474610987229,399.717456074431,-39.67983079969881,-53.671259003877715,-266.7122542705627,-11.35686166859668,-26.97677607991894,0.06112341392259311,1.2224682784518621
3857.709874,1000,1084.195578,1000.0,2455.601662914846,395.68847223225987,399.7883637825363,-39.614494981765795,-51.09332049340008,-264.3107920457383,-11.329946551491336,-27.02007081840322,0.06301072499970135,1.260214499994027
3845.066403,1000,1086.118042,1000.0,2441.7660476148003,395.707373539489,399.8644982993047,-40.04771094560627,-52.61022062078116,-260.6363209465462,-12.272647075674513,-26.704617264100616,-0.01576247690225986,-0.31524953804519723
3859.2092,1000,1088.008326,1000.0,2455.7552435069238,395.7444340989775,399.8290409100793,-39.414670583009695,-51.68945210501561,-264.4699828274034,-9.829632421625748,-26.715781070709152,0.10254641752401646,2.050928350480329
3854.702393,1000,1089.930277,1000.0,2450.279116586638,395.2933265246904,399.7491648801931,-39.103027700185756,-50.83750028088687,-262.72413537435193,-11.412112028618214,-26.542439773230907,0.34596920951841603,6.91938419036832
3863.688275,1000,1091.820757,1000.0,2459.494167753594,395.3832510349425,399.8641897752353,-38.629470815658564,-49.539888225495766,-266.09952318221553,-10.605896845211934,-26.178554015468123,0.3961040596969879,7.922081193939759
3857.111879,1000,1093.924431,1000.0,2454.098592398518,395.46053462737297,399.85384266328646,-39.337554064989114,-51.365352615714094,-264.699589639303,-9.340652362877949,-27.557942058864683,0.22007155467173142,4.401431093434629
3857.713826,1000,1096.025561,1000.0,2453.3203348874877,395.38016060043503,399.63663674878154,-39.29134644925597,-50.167000666260726,-263.2764149711039,-11.588466865313656,-26.30007774365738,0.004048272682543668,0.08096545365087335
3854.754797,1000,1098.236981,1000.0,2448.1429054339033,395.51046138872726,399.84199528981,-39.315085193514825,-50.550583130121225,-261.7408713145286,-10.852343514644806,-26.281682152072346,-0.07837051593958173,-1.5674103187916346
3854.99462,1000,1100.426174,1000.0,2449.755852635107,395.3998436809272,399.87949321553117,-39.29160696089269,-49.50993170142178,-263.23216663366475,-11.284260627108333,-26.722603947253244,-0.08675868303971171,-1.7351736607942343
3855.001534,1000,1106.593639,1000.0,2444.7549088627657,395.3518201185223,399.88992679435535,-38.22031633973123,-50.16713011935359,-260.00011614102056,-10.50499056473054,-26.102568554368652,0.04300507239059129,0.8601014478118257
3855.234477,1000,1108.742033,1000.0,2448.9467387212994,395.34692262051243,399.8192233114968,-39.18684012651446,-50.15924976542596,-263.4064128261827,-9.563037024352106,-26.562867732522975,0.21884223182261392,4.376844636452279
3855.715822,1000,1110.889628,1000.0,2454.5486472858574,395.76506337628126,399.3810051180718,-40.278130928278,-50.894413771480295,-264.7500968761878,-11.414567267027062,-26.64168475266468,0.3820342520860496,7.6406850417209915
3863.12789,1000,1113.009786,1000.0,2454.972492327185,394.76011495730995,399.8087959066861,-39.047873407006314,-49.017436837404944,-261.7818502177825,-9.84638009515626,-26.719972359018225,0.16348182882155285,3.269636576431057
3852.377843,1000,1115.206662,1000.0,2446.572228198178,395.3603071821897,399.85601930962304,-39.921951483488115,-48.75931129753589,-262.662389617928,-11.413262119498222,-26.653796933068143,0.4281301498865281,8.562602997730561
3863.278745,1000,1117.403089,1000.0,2457.8508200966526,395.67724684960524,399.8096509983833,-38.95310671448714,-49.323135337233495,-264.7519438907366,-9.755286203071151,-27.275501037473532,0.03015127818967018,0.6030255637934036
3859.716077,1000,1119.446987,1000.0,2451.0936416493055,394.996897296358,399.6885250997054,-39.952934880852695,-49.06137367188932,-260.51610953240606,-10.490061832434627,-26.042507217695505,0.3188608997243608,6.377217994487217
3858.338361,1000,1121.399157,1000.0,2452.983615993566,395.01445579564177,399.8739943661777,-38.60218451559544,-48.7185388401151,-265.5984083318486,-10.860135007635613,-25.754438093088257,0.34237268728466713,6.847453745693342
3860.502733,1000,1123.331891,1000.0,2451.4276306655443,395.129047509177,399.9456065014847,-38.029842135310155,-47.69939073473209,-265.09909071277195,-9.469731493394184,-25.701496502202886,0.5513481292565345,11.026962585130692
3864.807587,1000,1126.278598,1000.0,2456.7519384959173,395.1804841977127,399.8681043364155,-38.44469400227076,-47.465174216032004,-266.1700587235089,-9.802424114085463,-25.11058853447823,0.751570803553802,15.03141607107604
3856.23788,1000,1128.240625,1000.0,2450.138991538468,395.22451783691884,399.5220351646135,-39.19763027191154,-47.450480899587234,-265.07053276200867,-10.904088233406284,-26.02493257886131,0.6998333471701547,13.996666943403094
3865.224321,1000,1130.170377,1000.0,2452.449834932134,395.2135774579714,399.64771230211454,-38.916085612177866,-47.18279587849976,-261.0658185925544,-9.709483627923701,-25.212619749437646,0.3542210169416255,7.08442033883251
3866.306485,1000,1132.188971,1000.0,2454.3493101997065,394.8918997703014,399.54111313583326,-38.705912547111495,-47.672407250106325,-261.3976406225031,-9.974846868413273,-24.725030852611244,0.80586978122907,16.117395624581402
3861.97074,1000,1134.283136,1000.0,2449.654083612578,395.16613213624197,399.6960442708874,-38.3107733166218,-46.506355582922716,-262.5727293023204,-10.04299356230467,-25.11266777447129,0.4269660594410172,8.539321188820344
3869.744084,1000,1136.117932,1000.0,2458.7284521472434,395.4255715048267,399.80088109615457,-37.87832271873946,-45.7194091618061,-266.2610049073841,-9.106848938653371,-25.245235509549932,0.8421871297666133,16.843742595332266
3868.325955,1000,1138.126304,1000.0,2455.974589430053,395.4322376648341,399.9186646282885,-37.885879021883014,-46.75196506194768,-263.929467517147,-9.198913237635322,-25.233312151721446,0.8528815685023405,17.05763137004681
3869.488722,1000,1140.124471,1000.0,2462.3561573290553,395.8360977879671,399.5638923978371,-38.70968825399875,-46.9681218214333,-266.47013725846796,-10.361267193270702,-25.758210633828117,0.31428441034780036,6.285688206956007
3870.16242,1000,1142.020955,1000.0,2460.049134848449,395.47428699668126,399.90006533264744,-37.891013297438626,-47.21500700972978,-265.18426816696024,-9.62981014395547,-25.340968389914273,0.6896604963084927,13.793209926169853
3867.636797,1000,1143.921322,1000.0,2454.654630501576,394.9453869030225,399.8018101137299,-38.43924368321899,-46.09094760417938,-262.7830286008037,-9.704638454532686,-24.74717216106007,0.7318061152567896,14.636122305135792
3869.132053,1000,1145.828616,1000.0,2460.67691049906,395.59673522986134,399.20448320673876,-38.50184699952604,-45.978180244937484,-266.55922931344475,-9.819038550652659,-25.48778122449631,0.7112189780133115,14.224379560266229
3867.021635,1000,1147.727427,1000.0,2455.230666096085,395.38419813301,399.9144252972268,-37.597128118872625,-45.8284548390657,-265.0647969501229,-9.643602768808176,-25.37367227872168,0.6195512411916024,12.391024823832048
3868.258233,1000,1153.412259,1000.0,2456.407857331575,395.51535504798267,399.85148812050915,-38.2240526139736,-45.64634849280119,-264.4174115344032,-9.094466202022192,-26.134188418261328,0.10294350494391398,2.0588700988782795
3863.109777,1000,1155.345589,1000.0,2451.829067509358,395.5543797701992,399.7350862083042,-38.99991221427913,-45.497575261071304,-264.13950830311614,-9.317791690622155,-26.053969106342322,0.3177255653058384,6.354511306116768
3870.646669,1000,1157.230799,1000.0,2460.0673647905683,395.6388699247287,399.8946040357783,-37.305929718017595,-45.24282602444292,-267.03702746616904,-10.089043433554783,-25.279343211024326,0.5104019509396688,10.208039018793375
3869.695624,1000,1159.113789,1000.0,2457.3028807674177,395.03674101384917,399.61105118674175,-38.111135268807395,-45.30125858262184,-263.0712034888977,-10.226069620137338,-25.545382431575412,0.4428162156460921,8.856324312921842
3866.625857,1000,1160.994208,1000.0,2457.45071925689,395.6599886810258,399.941659260483,-37.827545850276955,-45.578187847882376,-267.1688601132888,-10.382010358167244,-25.469905545661522,0.22300907661210018,4.460181532242004
3870.831479,1000,1162.871566,1000.0,2460.0608277073575,395.3588326127403,399.65648523674474,-37.841708049178095,-44.366707693785415,-267.00386445503835,-9.793209914737032,-25.2391765081638,0.1282175087710974,2.5643501754219478
3870.939657,1000,1164.804408,1000.0,2458.021091790748,395.42399435875217,399.9120328314854,-37.2128505849838,-44.077824172377554,-265.89322520552236,-9.392500065160363,-25.841062099590403,-0.07649008079657818,-1.5298016159315637
3871.996294,1000,1166.702907,1000.0,2459.2177515578533,395.44706687924287,399.9475589743413,-38.01408841848373,-44.385984355211285,-265.5119599894607,-9.097414943479858,-25.60663541946842,0.09090515072362361,1.8181030144724721
3865.686431,1000,1168.620708,1000.0,2451.9410497393696,395.4931216804591,399.95428051327855,-37.810527587533024,-43.32624692730604,-265.1053484118638,-9.751703055134335,-25.708194840266383,0.41074795393447044,8.214959078689409
3876.839637,1000,1170.487312,1000.0,2462.8238266639255,395.67362969534094,399.9638991656928,-37.33793487489221,-44.54184692129494,-266.20460677354885,-8.71092569822533,-24.8264038535299,0.13065700130868554,2.6131400261737108
3871.059544,1000,1172.35835,1000.0,2456.154713724752,395.697062972804,399.97471535154745,-37.47952036857602,-43.40181062594054,-265.4822838713677,-8.997257319951254,-25.406076084452785,0.16438018267135313,3.2876036534270625
3876.488125,1000,1174.233951,1000.0,2466.202475362263,395.86916953569727,399.88643709061057,-38.111197975873964,-43.60729782134293,-268.5383081258255,-9.737555793687259,-25.475597251400405,-0.03356341695809071,-0.6712683391618142
3873.653641,1000,1176.112267,1000.0,2459.440417327107,395.0742135419834,399.83840323332225,-37.46896744012831,-42.88933895304797,-265.8791117526494,-9.57530356376724,-24.886671012408915,0.4196119842838555,8.39223968567711
3875.595585,1000,1178.002761,1000.0,2457.5748730736996,395.5720725901935,399.8478330511244,-36.880282445549945,-42.427136890590205,-263.37077362289205,-9.522414190091213,-25.19858639582804,0.31442277953557174,6.288455590711435
3874.904098,1000,1179.890411,1000.0,2455.9655228131355,395.21356264080254,399.94631893819064,-36.76842891633514,-41.59828849732867,-262.7712076528468,-9.919922278107704,-25.163458742066645,-0.022982882754337217,-0.45965765508674433
3873.548436,1000,1181.781566,1000.0,2455.1049134529094,395.1670034780262,399.86056480639525,-37.25965956628319,-42.7647661544383,-262.6612358347236,-9.329012799315972,-24.569371424291603,0.34441749372820607,6.888349874564121
3879.075347,1000,1183.756876,1000.0,2463.554734320455,395.7816858321281,399.9459052211886,-36.78632918596269,-42.213051855936655,-267.7327324687856,-8.893877110224931,-24.58098814508393,-0.007301255464791312,-0.14602510929582624
3881.226176,1000,1185.655732,1000.0,2462.843251914084,395.5388447933512,399.9956857653773,-36.41429833054547,-41.64793919995425,-265.2734682517404,-9.02268394816699,-24.793216459499114,0.10950554922143751,2.1901109844287503
3880.136828,1000,1187.542417,1000.0,2463.5417555522604,395.6424804598729,399.9802770562445,-36.616389426588995,-41.463891759142214,-267.11448316819815,-9.364048182577658,-24.46887226678132,0.1340628825094381,2.681257650188762
3879.286281,1000,1189.463134,1000.0,2461.3170371640376,395.22398983548925,399.9288263482884,-36.31472931444646,-41.67788599506023,-265.2306478157738,-9.293552895272084,-24.66675651485148,0.26336408140211404,5.267281628042281
3873.729762,1000,1195.162782,1000.0,2455.930432226804,395.5619525346199,399.9253436069579,-36.66969117045396,-41.751042073220006,-264.36477178213977,-10.345783872402675,-24.556677157854494,-0.054399132596455804,-1.087982651929116
3882.688082,1000,1197.073748,1000.0,2461.4431914307256,395.8913526084909,399.9272919905865,-36.91287686109542,-41.416370711475636,-262.55680277058474,-9.324901424305423,-24.36280253090334,0.07902032947100379,1.5804065894200758
3878.455262,1000,1199.020972,1000.0,2460.5236647994916,395.83351157996856,399.97563207305126,-37.307437844872574,-42.234405437484384,-264.4856382850942,-9.0406515340303,-24.809413089538094,-0.009808498524204807,-0.19616997048409615
3873.030855,1000,1200.954555,1000.0,2450.6086548477656,395.8114484100065,399.92083273435304,-35.9072147732973,-40.995534017682125,-263.5433725890214,-9.074035581234693,-23.78992408812311,0.42421933843367227,8.484386768673446
3880.765153,1000,1202.841042,1000.0,2461.1972107701117,395.8834428907035,399.90946163015116,-36.579302006959914,-41.074211250990686,-265.44757134040805,-8.667722454725498,-24.456155270678458,0.260751405078681,5.21502810157362
3879.169605,1000,1204.742626,1000.0,2458.754429125177,395.9965504591134,399.8577211143021,-36.08823935151102,-41.204515979439016,-264.8414131799822,-8.846849582300411,-24.45807746373641,0.7197190248163886,14.394380496327772
3881.273222,1000,1206.61074,1000.0,2459.0560353906717,395.9436314179831,399.85750934444536,-36.22823998928069,-40.49644553549589,-264.6920606658549,-7.959835557009793,-24.20737281267657,0.16157156345751184,3.231431269150237
3881.454288,1000,1208.463752,1000.0,2454.721205635011,396.1132157235724,399.92752473741314,-35.48763134241105,-40.27711179628968,-262.1066788997736,-7.216845752068943,-24.21938989561748,0.5958093532061833,11.916187064123667
3883.677637,1000,1210.344268,1000.0,2459.010040895085,396.2852331281242,399.91337920045663,-36.239652317166346,-40.41269664466378,-262.047880722269,-8.26978934689937,-24.56099761750642,0.14195283059879793,2.8390566119759586
3884.982275,1000,1212.238143,1000.0,2459.0171168119296,396.2376241899831,399.88479066496484,-35.80149755239489,-40.88673046231263,-260.7649237991588,-8.509412929750388,-24.19469241837507,0.0572087147385647,1.144174294771294
3878.152265,1000,1214.121343,1000.0,2455.38573219187,396.4765671682535,399.8676816715771,-36.04260436117647,-40.66258681453762,-262.87284118643583,-9.259987741779062,-24.7396956430893,0.3767252990887473,7.534505981774946
3880.963813,1000,1215.986855,1000.0,2454.0279421257387,396.31633987195494,399.8483256904196,-35.7263177853823,-40.942886629700695,-259.8438093909918,-8.394310787903262,-24.32147051593368,0.43374953446815423,8.674990689363085
3885.463961,1000,1217.848337,1000.0,2456.3311305014827,395.89367073802424,399.8743510658903,-35.043939021229725,-40.14050739035016,-259.26984741947336,-8.409399213051667,-23.77149802159254,0.5302206530125549,10.6044130602511
3877.317811,1000,1219.73846,1000.0,2448.1265025439748,396.2170236365972,399.4642612700338,-35.61006812632086,-39.29863755293187,-259.21434811847075,-8.26569098806723,-24.101231887607113,0.31558674049608837,6.311734809921767
3889.858162,1000,1221.603989,1000.0,2462.8704932539163,396.3805707543105,399.84613714654785,-34.89140522480012,-39.52937026247386,-262.0859483701214,-8.29294361010672,-24.439371851730453,0.4042448272678893,8.084896545357786
3884.065037,1000,1223.50263,1000.0,2456.2035601657944,396.3077543808561,399.93127033877727,-35.65678587138657,-40.085532114282245,-260.55053481718625,-7.472236265839518,-24.61245918309607,0.4950545820562688,9.901091641125376
3885.347598,1000,1225.266638,1000.0,2458.6881887941304,396.6774838287846,399.95227339525576,-34.87578660845755,-39.066867840662546,-263.45684340942984,-8.176553464042927,-24.394296740791717,0.13632435727423375,2.726487145484675
3890.7142,1000,1227.168627,1000.0,2461.148712097305,396.6259171386998,399.92970154071185,-34.153459342718065,-38.82507251165808,-263.0837668857186,-7.50679204111858,-23.421039989944266,-0.008145543389263541,-0.16291086778527084
3892.74331,1000,1229.089355,1000.0,2465.845410503627,396.3418827019504,399.8652059634645,-35.512876537442224,-39.387577411532426,-262.97726008995926,-8.025961221262625,-23.40551380822677,0.02197110785692655,0.439422157138531
3885.876217,1000,1231.004288,1000.0,2455.746021867743,396.41566794879503,399.98514543492473,-34.55028955221179,-38.48635462410744,-260.6997443626755,-8.222636447868284,-24.311593661480043,0.237566988625663,4.75133977251326
3892.281385,1000,1232.866503,1000.0,2460.8368505511316,396.18282738716096,399.907840433876,-34.99346604347233,-38.13567210920152,-260.3082870344614,-7.830097225032323,-23.378611360832096,0.14155794507139335,2.831158901427867
3889.605721,1000,1238.549059,1000.0,2459.0053389719146,396.50427037798437,399.8758770548297,-35.158850815296205,-38.732942943274956,-259.89547460905715,-8.19988464044742,-23.79261197754192,0.047950664533827146,0.959013290676543
3884.26782,1000,1240.483376,1000.0,2451.573363061997,396.35736995113035,399.9534487796847,-34.48011167824272,-38.26376568824055,-258.99563320034474,-7.654541810226863,-24.222309787520018,0.03273876415119353,0.6547752830238707
3890.715628,1000,1242.389514,1000.0,2457.073099580671,396.424462614958,399.9743866374806,-34.1491257596016,-36.91859364844857,-260.46775511758256,-7.709633251195521,-23.51121315746163,0.21656125846166946,4.331225169233389
3892.494332,1000,1244.293975,1000.0,2461.727244459625,396.2996643868302,399.9801097307839,-34.860873570442244,-37.818947925418634,-260.5744371163757,-8.244598030043822,-24.01382959184085,0.12063266635226363,2.412653327045273
3891.599027,1000,1246.183771,1000.0,2460.465514646409,396.2312665837105,399.9621581610371,-33.55658428847791,-38.21830640360715,-261.5800561108441,-7.993799974154795,-23.711165671654694,0.21337496755159222,4.267499351031844
3893.303884,1000,1248.081124,1000.0,2458.2599556907944,396.2849152845161,399.99196732398826,-33.44690610170369,-37.47269049286837,-258.94517276176015,-7.605964583502953,-23.76222052922699,0.18683029811155133,3.7366059622310264
3890.566863,1000,1249.980751,1000.0,2454.200823634304,395.8926900602404,399.91144586258247,-33.7153727930784,-37.073912777751694,-258.1591215078718,-7.187255662396078,-23.30243430242781,0.9224392324158345,18.44878464831669
3893.838447,1000,1251.874842,1000.0,2458.7651035855583,396.15136314726305,399.95098335666296,-33.375148746967284,-37.12883604429663,-259.7300487131958,-7.609510836265584,-23.185459198493078,0.7480426895965814,14.960853791931628
3892.734429,1000,1253.782085,1000.0,2457.829931862391,396.0034615430217,399.79340709380983,-33.721819909811074,-37.711281555891034,-257.97740020398214,-7.638450163433646,-23.8434192772815,0.6060860338390247,12.121720676780495
3892.673127,1000,1255.692368,1000.0,2457.5298139084807,396.0722884045575,399.91642685105415,-33.25812666654589,-36.548855240643036,-261.2445623545871,-6.344399672822329,-23.44945793964989,0.9624313054497986,19.24862610899597
3899.487949,1000,1257.608439,1000.0,2464.5000595159086,395.99702496685825,399.96950948207063,-33.13278185248379,-37.24330221973359,-261.02418530251754,-6.726005872918469,-22.852369661300823,0.3258749597990742,6.517499195981484
3891.338742,1000,1259.518861,1000.0,2454.7562180337018,395.96630054931046,399.5853870213308,-33.411875223517434,-35.87706501930952,-258.769489904389,-7.578989449698401,-23.331744015654245,0.628256984683597,12.56513969367194
3890.558577,1000,1261.413452,1000.0,2455.1264173077625,396.00222930170173,399.9447505567176,-33.57863772749902,-36.54465349614614,-259.04417844813884,-8.081433340632122,-23.26591704387304,0.09750379805758454,1.9500759611516907
3894.479625,1000,1263.340618,1000.0,2456.7487659324383,395.9267238274431,399.8290600818657,-33.23707971632474,-35.465109658613805,-260.32956167040754,-6.0726510856352,-22.92052302271683,0.4268565427639245,8.53713085527849
3893.486645,1000,1265.257074,1000.0,2457.266395330835,396.39157543115164,399.975856423154,-33.381993526220306,-35.694182652607566,-261.454360816506,-6.890817882104267,-22.72582738757269,0.021243197726993797,0.4248639545398759
3895.336472,1000,1267.125632,1000.0,2459.5171260353864,396.0450273081722,399.9753358183357,-33.06423162758353,-35.37333861105146,-261.4464162065807,-7.205544834331506,-23.111485675378525,0.5264699243597988,10.529398487195975
3898.677108,1000,1268.987275,1000.0,2463.1879708057118,396.62510799120594,399.93032897401133,-33.1616234362126,-36.272324628755456,-262.1576115412504,-6.537488079711451,-22.937251805058608,0.5446515778817396,10.89303155763479
3902.215358,1000,1270.8454,1000.0,2466.524696407885,396.5031686739472,399.96736347584834,-33.3441762971878,-35.684325171634526,-262.53233735955274,-6.144921131108398,-23.074111032464383,0.33145084602537533,6.629016920507507
3898.770867,1000,1272.714906,1000.0,2460.489962964554,396.28893074837447,399.97873691435905,-32.66308361291887,-35.545177916809905,-260.5555536062431,-7.094365935066582,-22.128582698869216,0.4425874479661244,8.851748959322489
3893.205739,1000,1274.623705,1000.0,2456.1908367798587,396.40653985240476,399.91378637721243,-32.953609234094635,-36.32123976051805,-259.7285645181968,-7.682274307225106,-22.61973627137017,0.2698129353665344,5.396258707330688
3895.193795,1000,1276.514334,1000.0,2455.1562027413565,396.0877970989062,399.960441449882,-32.98411464691166,-35.161173227801946,-258.460178555428,-6.651610387405574,-22.753569507739165,0.4904610197239137,9.809220394478274
3897.366251,1000,1282.146341,1000.0,2459.2608018802266,396.23775499056035,399.93345710387075,-33.13021411418916,-35.21436533927912,-260.02736074996426,-6.411844602632818,-23.281977954664477,0.7040922719783145,14.081845439566289
3898.775555,1000,1284.006285,1000.0,2457.6598057856763,396.2420708803418,399.88746696055273,-32.76007787406445,-35.03989094831047,-258.40677151116955,-6.272448092649962,-22.53460061147132,0.5899498586059109,11.798997172118218
3904.510687,1000,1285.853357,1000.0,2463.329416212369,396.2925303485936,399.9683942133973,-32.79121853888037,-35.073203819245094,-258.5742663816245,-6.391512418320574,-22.249452913883598,0.7878269403064425,15.75653880612885
3902.669113,1000,1287.823713,1000.0,2462.825059021659,396.44288073921587,399.98798809044655,-32.482249564528495,-34.07049867063767,-261.2489436793841,-6.430332254954581,-22.35479112100074,0.664460066573462,13.28920133146924
