#{"t_start": 1783132195.4826233, "env_id": "None"}
r,l,t,rc_alive,rc_forward,rc_upright,rc_height,rc_ctrl,rc_action_rate,rc_lateral,rc_yaw_rate,rc_joint_vel,ep_speed,ep_dist
-11.105297,48,1.65804,48.0,-37.452175869572685,12.706660447213448,14.57074867757681,-3.5281540918350216,-17.496571111679078,-5.041165193822138,-21.27351128202237,-1.5911281341882832,-0.3781721892462111,-0.3630453016763626
-6.099001,56,1.764684,56.0,-38.23833977499629,15.029030865696871,17.278618159525177,-4.0450776886940005,-20.302921414375298,-5.686329038375125,-24.133382926392844,-2.0005994231653736,-0.30145652430302433,-0.3376313072193873
33.883466,71,1.889763,71.0,-18.30369682415448,23.616582157542567,25.061005285834003,-5.30966537952423,-24.74194790124893,-1.8208632840884957,-32.989541984549746,-2.6284056210759403,-0.06485858259333528,-0.09209918728253609
-46.532043,49,1.985843,49.0,-55.63577206503642,13.073690628245089,15.6132050806036,-3.768169481754303,-18.853806811571125,-7.671436123669908,-36.12274257762735,-2.1670118209585048,-0.35662545392926526,-0.34949294485067994
-28.748422,41,2.058553,41.0,-34.28786515414998,11.898149814095856,12.946477122736216,-2.9943460321426385,-14.753751301765442,-3.040820945538373,-37.87007179696786,-1.6461936622333013,-0.2602968612954556,-0.21344342626227358
-13.892922,53,2.160708,53.0,-44.499283435991046,14.512963573516123,16.770362264036113,-3.9827159357070934,-19.67511074543,-4.299259461795328,-23.658210023061407,-2.061667958607227,-0.3320285396656226,-0.35195025204556
-20.767403,45,2.248065,45.0,-33.55301600861882,13.618974777368352,14.453615373683775,-3.2611160421371466,-15.0170281291008,-3.924865555555799,-36.33933460101105,-1.7446327834024367,-0.2781111953910758,-0.25030007585196823
-30.611481,44,2.326758,44.0,-37.53452928137708,11.47311970746932,13.01217021119141,-3.1916824722290045,-15.874211239814763,-5.286829668005528,-35.43920969106899,-1.7703086450898657,-0.3437346685481454,-0.30248650832236795
-30.402392,51,2.419679,51.0,-52.85138306113729,12.982726751518696,15.45649177065109,-3.693602328300475,-18.139478230476378,-6.2308532796700336,-27.161477953108925,-1.7648156994351432,-0.4090537843493122,-0.41723486003629845
-10.12167,54,2.519603,54.0,-33.95915828196751,16.715148874294165,18.144213317986242,-3.9548843562602998,-19.0726995229721,-3.845885896959145,-35.92087454408163,-2.227529194589597,-0.24127158802365736,-0.26057331506555
-23.011643,53,2.615462,53.0,-42.49031741114741,15.374601323754364,16.727023450678377,-3.872349939346312,-19.01128177642822,-4.316953837901245,-36.58536387246125,-1.8370006019722473,-0.3382633071599287,-0.3585591055895244
-28.108413,47,2.702851,47.0,-49.80277470307432,11.165755503989857,14.046574550484905,-3.351978044509887,-16.899532985687262,-6.5942474774900575,-21.832722691090197,-1.8394873556195526,-0.4421936535570648,-0.41566203434364096
-11.331724,52,2.802913,52.0,-28.251264782435914,14.841037245671714,16.449484232984776,-4.30198700904846,-21.599072587490088,-3.5079295367698538,-34.776187902746635,-2.185803722994851,-0.24909901167535256,-0.2590629721423667
-20.862279,50,2.899415,50.0,-40.463498228989124,13.328742375204232,15.488528115424913,-3.839233946800232,-17.566801369190216,-5.963350992304299,-29.582176859934233,-2.2644880385077313,-0.3970567569019913,-0.3970567569019913
-20.399105,56,3.005062,56.0,-45.60574837350423,16.172499767152594,17.991884503136973,-4.509811177253724,-22.021904695034028,-6.30091727743981,-29.886757514005467,-2.2383506815888947,-0.3111671749586611,-0.3485072359537004
-28.887174,53,3.103368,53.0,-52.6227694347632,15.269525495521115,16.58379264952086,-4.105750732421875,-20.299960207939147,-6.612124660184893,-28.119628239321287,-1.9802591905074798,-0.3942994275804296,-0.4179573932352554
-42.019326,58,3.211039,58.0,-75.70697096047849,16.87340501313991,18.611902509743825,-4.325395765304566,-20.458068978786475,-8.654159648986516,-24.02940053159587,-2.3306373888721112,-0.5004802931747551,-0.5805571400827159
-25.103194,49,3.302115,49.0,-46.51011159735265,12.006068635286486,13.973081654968409,-3.6789186286926268,-18.888807642459867,-5.63126610925334,-23.375297036855162,-1.9979428922758435,-0.427199727703728,-0.41865573314965343
-3.642507,50,3.399829,50.0,-37.010083665605684,13.266513445413068,15.913391346798173,-3.520360724925995,-17.120922714471817,-5.401506971059183,-18.0102555309949,-1.7592825100258538,-0.4039607281880695,-0.4039607281880695
-39.118158,42,3.481303,42.0,-48.18116821521242,11.878909222102092,13.784690959938267,-3.13493186712265,-15.350101983547212,-6.076433871156074,-32.11270956130176,-1.9264129025979935,-0.41780257442676855,-0.35095416251848555
-14.792298,45,4.017993,45.0,-25.383040868488102,14.02635157061246,15.313569885365753,-3.2286662983894345,-16.669670283794403,-2.5007553171253827,-39.64734098311556,-1.7027459321105258,-0.22109833286448521,-0.1989884995780367
-9.10994,52,4.114888,52.0,-33.38496641238248,14.112848462837196,16.31538565221718,-3.9994494199752806,-18.118586903810503,-5.009424147172378,-28.7758148599155,-2.2499319647336273,-0.28371153878941435,-0.29506000034099095
16.700829,69,4.242324,69.0,-31.68589028063495,19.935447741055857,22.841752234107183,-4.793866965770722,-24.111650228500366,-4.867408360868846,-26.856498999810274,-2.761055819596299,-0.1684000500153076,-0.23239206902112453
-16.142619,51,4.336768,51.0,-46.77449281609523,12.883656842750849,15.157403897514678,-3.7621004748344418,-18.340333771705627,-6.730226548497176,-17.280610153964652,-2.2959164742666935,-0.3378295979076645,-0.3445861898658178
-14.054578,59,4.445719,59.0,-47.61003064907887,16.462928322240295,18.10456709763665,-4.438089206218718,-21.45474685430527,-4.508226540944034,-27.81198501022338,-1.7989950463166697,-0.2934083198255937,-0.3462218173942005
-1.437742,40,4.518579,40.0,-6.7349302968827445,10.028237427446015,12.249273931592562,-3.070960664749146,-15.029317057132724,-1.635194812446376,-35.69201902546236,-1.5528313920628292,-0.24990371638309147,-0.1999229731064732
6.553942,63,4.636482,63.0,-35.02472079408319,19.184006893663675,20.243226692587406,-4.356649262905121,-21.06666182279587,-2.0577507646931146,-30.780685406954667,-2.5868239795135977,-0.4070769840332796,-0.5129169998819323
-15.69379,55,4.73991,55.0,-50.55076837459222,13.382197413424791,16.33136690271459,-3.931805405616761,-20.282353550195694,-5.9804732413667985,-17.634514635349213,-2.0274394480452806,-0.37730062266941955,-0.4150306849363615
-0.283877,55,4.839991,55.0,-31.595109293274707,16.16453778943533,18.050557722599738,-4.177984073162079,-19.835759484767923,-4.681095939466546,-26.98059057917127,-2.228433110516639,-0.23483939250148123,-0.25832333175162936
-26.875669,45,4.923267,45.0,-50.720881456643745,10.934362744457047,12.686290858037145,-3.057972724437714,-15.964340275526048,-6.290696523376934,-17.868600364910826,-1.5938310577371722,-0.4326045700162161,-0.3893441130145945
15.9714,69,5.049479,69.0,-27.242824661161357,20.554032338913554,21.886169069597056,-4.944399302005767,-23.878425467014317,-3.479924405357434,-33.22841605065971,-2.6948117060917114,-0.316135539662123,-0.43626704473372974
-30.697036,40,5.124704,40.0,-36.5730829134595,10.124240782449306,11.607189756553328,-3.069802198410034,-14.494327831268313,-5.087067939552968,-31.474515159850476,-1.7296700679496502,-0.49507147923159,-0.396057183385272
-7.199884,83,5.281483,83.0,-50.8190930116758,26.842670684654326,29.109594265654184,-6.243341794013976,-29.11994150877,-7.26736967813867,-49.25343649070768,-3.4489665649132,-0.0587332705249167,-0.09749722907136173
-7.14354,55,5.382998,55.0,-38.75025826744029,17.04481143366234,17.79695460786676,-3.843304872512817,-19.165582287311555,-4.057729853418044,-29.38581316354976,-1.7826176682389596,-0.2310084016205388,-0.2541092417825927
-13.112739,50,5.47499,50.0,-37.5161985792162,13.843339155662143,16.42444949232324,-3.5333729362487802,-16.08435295820236,-4.49026771690748,-30.043735408022677,-1.7126004023474106,-0.36359636715706384,-0.36359636715706384
-8.792556,56,5.58385,56.0,-40.326744830366835,15.964953909912223,18.12412595162352,-4.154225986003877,-20.945343184471128,-4.862746367452249,-26.28692433608056,-2.3056512918040557,-0.34356960004832754,-0.38479795205412687
-54.260844,47,5.67218,47.0,-69.1870457745389,11.541016301423584,14.126968035616953,-3.180500600337981,-15.914196902513506,-9.393968591718501,-27.418908034614166,-1.8342087484197684,-0.568038747517424,-0.5339564226663785
24.857074,68,5.798247,68.0,-22.543059243214877,20.20558033356195,21.675324514426805,-4.3969239592552185,-23.090792363882066,-3.641764916299846,-28.925706057981667,-2.425583840200722,-0.21701497684520726,-0.2951403685094819
-41.157362,44,5.995656,44.0,-44.00403953278472,11.093869978885138,12.888721802994802,-3.0412916755676265,-16.082226753234863,-5.14202443916053,-39.035758192856,-1.8346134663703675,-0.42102216125513997,-0.3704995019045232
-38.19122,57,6.097759,57.0,-57.823415079988514,14.504717685356523,17.338079321582704,-4.154131381511687,-20.732864785194394,-7.217873497468595,-34.91404391449554,-2.1916888162375185,-0.42969752306207315,-0.4898551762907634
7.377135,52,6.187842,52.0,-26.377636858437455,16.02752570358146,17.270604646496658,-3.9056035375595095,-19.164491772651672,-2.7340659945283563,-23.762901407312086,-1.9762961338845115,-0.26088226031822664,-0.2713175507309557
-11.49804,49,6.27721,49.0,-37.85633690705327,13.452777698378155,15.874204370438045,-3.65464836359024,-17.749030065536495,-4.780825432120713,-23.841600423256313,-1.9425803905538963,-0.28781070952049304,-0.28205449533008314
-33.081982,48,6.366545,48.0,-55.31085485763134,12.135192693151762,13.5134092777641,-3.6055352425575258,-16.796895450353624,-6.699455405456379,-22.631566790832483,-1.6862757933698493,-0.4895514886676297,-0.4699694291209245
-39.139769,43,6.45061,43.0,-50.98986620025734,11.4116845977763,12.725782299156826,-3.335061066150665,-18.32480537891388,-7.438507626838719,-24.596273274608222,-1.592722448762505,-0.47231897337810885,-0.4061943171051736
51.39955,56,6.560475,56.0,-2.6596467065432927,17.19742377054765,17.606414595763233,-4.147487943172455,-19.961999809741975,-0.370254892503588,-10.109409260875758,-2.1554894167147887,-0.2664398158021636,-0.2984125936984232
-11.808814,55,6.666796,55.0,-41.12572928775012,14.977259473088202,17.08454320205585,-4.06640352010727,-21.317051613330843,-6.586963546887157,-23.953372878358586,-1.8210961142649627,-0.2948104279349585,-0.3242914707284544
1.623376,65,6.790012,65.0,-43.026827346965135,19.47281949520638,21.214509927023887,-4.61665580034256,-21.780634671449665,-4.930408839869091,-27.454917529519843,-2.2545090505707055,-0.2437330137737853,-0.3168529179059209
13.447677,65,6.910059,65.0,-34.46492151468824,19.59542189861273,21.850204748337287,-4.933853936195374,-23.366798746585843,-4.3235778262018965,-23.26780816362497,-2.6409897865847203,-0.26990837592387723,-0.3508808887010404
-15.371794,48,6.998525,48.0,-33.114888183736866,13.35608189334898,15.545790411785951,-3.7834377598762505,-18.831511557102203,-3.1976712462373977,-31.35742155811912,-1.9887359243226475,-0.39369367409118156,-0.3779459271275343
-32.114093,46,7.082253,46.0,-51.68698134948645,12.655324590353272,14.654364202878881,-3.4227100050449373,-16.132885944843295,-7.224355223584477,-25.083082405563196,-1.8737671504446571,-0.45196073722944147,-0.41580387825108617
-34.508279,59,7.190314,59.0,-57.67000133591236,16.79149763609129,19.68774938847457,-4.278597333431243,-20.82777701616288,-7.044281133957519,-37.882113652998655,-2.2847560015710893,-0.3023015093610052,-0.3567157810459861
-27.018378,45,7.274578,45.0,-44.05150500559177,11.875299683703803,13.970828559002873,-3.3415027403831488,-17.608523488044742,-3.976122503722855,-27.311823883499894,-1.5750290493458639,-0.31136658791011834,-0.2802299291191065
2.448143,53,7.371234,53.0,-30.26253083963979,14.13121822496138,15.580286444458858,-3.7474084734916695,-19.711810743808744,-2.993132901847193,-21.574506451112505,-1.9739724273821746,-0.39277660756162663,-0.41634320401532426
-23.981424,49,7.46315,49.0,-49.72757846967192,14.128383790060678,15.714650502987592,-3.4544104838371283,-16.10556980371475,-5.596431414634616,-25.999318411050538,-1.941149593613151,-0.34450274292228833,-0.33761268806384254
-2.599859,55,7.562058,55.0,-37.53639468623955,14.3272920779106,16.451913446207765,-3.9527823436260237,-18.55312556028366,-5.718819440179116,-20.40208197846812,-2.2158608110916687,-0.13433778850981004,-0.14777156736079106
9.061076,61,7.674946,61.0,-21.718347629101295,17.284290955977784,19.189520096261877,-4.616574233770369,-23.907288789749146,-3.1598266921465323,-32.6408213762642,-2.3698759418121336,0.11835970290759266,0.14439883754726304
1.935794,61,7.789391,61.0,-35.44161554169309,17.527840600486385,18.625858484709777,-4.4398294115066514,-21.489742076396947,-3.893377865517762,-27.533509358883336,-2.419831132297272,-0.2309522883887285,-0.28176179183424876
10.929777,58,8.009676,58.0,-34.900810310766396,17.831735213011978,19.37817113650671,-4.328701245784759,-22.272734084725382,-2.567307002100308,-17.890705288338598,-2.319871706529585,-0.2291883093501266,-0.26585843884614685
-7.52313,56,8.115956,56.0,-40.42509155329826,16.14223401366949,18.305968759780587,-3.9610517573356625,-21.408982545137413,-5.213317021518898,-25.04792618135701,-1.914964151638605,-0.2344062438591027,-0.262534993122195
12.311105,56,8.222108,56.0,-34.54546444254767,17.184441317575388,18.96689792411464,-4.073746452331544,-20.76031203269958,-3.2635508371642428,-15.091052373824024,-2.1061079835406615,-0.18538915574570772,-0.20763585443519267
-21.752561,51,8.312968,51.0,-34.73149421366657,15.264148398192548,16.56704502258394,-3.89829026222229,-18.714260900020598,-3.508868080588205,-41.460171270737774,-2.270670135932404,-0.25232902439448734,-0.2573756048823771
103.652519,75,8.447227,75.0,33.30213522306735,24.538354815284293,26.098983824413672,-5.404548842906951,-24.899733370542524,-1.886137859328833,-19.960119340135652,-3.1364150657641217,0.1902465722261516,0.2853698583392274
-20.508398,52,8.539181,52.0,-44.13310244315936,15.766630727791451,17.44219910635943,-3.797394275665284,-19.023725616931912,-4.993399821009588,-31.493843121162037,-2.2757630218444085,-0.3541995367702251,-0.3683675182410341
1.038034,44,8.617785,44.0,-22.27048528863377,13.474009186595813,15.03924714781028,-3.0302770590782164,-14.31796708106995,-2.259391418781906,-27.896976408986827,-1.7001252609748239,-0.16867632984318245,-0.14843517026200057
-20.225753,51,8.71173,51.0,-43.51989199712278,13.009556672492558,15.652010992506833,-3.663128216266632,-16.818653440475465,-6.021353375989982,-27.84338327383626,-2.0209106934569236,-0.32243785444506906,-0.3288866115339705
-3.043435,49,8.801186,49.0,-31.11190737269533,14.57079848045491,16.4469183243796,-3.407410328388214,-15.980873751640322,-2.9228223949084318,-27.86316605149379,-1.7749717237220357,-0.2253054116394066,-0.22079930340661846
10.02686,71,8.936318,71.0,-28.676094125593316,22.500202687460924,23.67438621504688,-5.6019700670242285,-27.60132535696029,-3.1474438897240846,-38.79663058149413,-3.3242651498390283,-0.12647793245774142,-0.17959866408999278
-24.660015,47,9.018604,47.0,-40.16986673163639,12.30059285121896,14.69191188979133,-3.5125493222475046,-15.274604022502903,-5.882077114212245,-31.800150772377744,-2.013272180374147,-0.29082589198164466,-0.273376338462746
-5.04467,57,9.122597,57.0,-41.820718670847576,16.609408162697445,18.08359802433303,-4.192175004482269,-19.262891066074367,-5.299783913654792,-23.803989545664745,-2.358117694433626,-0.29157733556615384,-0.33239816254541543
-39.724497,43,9.198533,43.0,-42.350099095054816,10.791616074052918,13.200339875778948,-3.3683259534835814,-17.33067932128906,-5.61898186206215,-36.25921690024054,-1.789150308236597,-0.39119940092063027,-0.336431484791742
-17.953017,60,9.307094,60.0,-56.09215734991946,16.855049178256202,18.971624873046274,-4.083736789226532,-20.095555651187897,-6.1799403329629765,-24.97681370245278,-2.3514873102209064,-0.3381029194117417,-0.40572350329409
-14.386651,46,9.394035,46.0,-41.3906698195133,10.657790152226431,13.389149882241309,-3.395186371803285,-16.5735750079155,-5.070039123288449,-16.493298509465838,-1.5108221851376173,-0.4167554265888502,-0.38341499246174215
-23.860823,50,9.489313,50.0,-39.93068824694969,13.7389664160589,16.03286012726568,-3.8030803751945497,-17.33246511220932,-4.3679787353260515,-35.97251082248596,-2.2259266562438076,-0.35231228843806983,-0.35231228843806983
4.853205,60,9.596071,60.0,-35.41060264565653,18.070893959721893,18.43774778629558,-4.432692469358443,-21.789744710922236,-4.106060038907557,-23.752793782187197,-2.1635431057637455,-0.2911493267033474,-0.3493791920440169
2.819423,48,9.683249,48.0,-28.1401348608289,12.949189654648341,14.783191018188898,-3.3834149312973016,-15.886586689949036,-5.030528878203157,-18.677736904526927,-1.794555813196506,-0.2475890569174487,-0.23768549464075076
-16.145903,57,9.784609,57.0,-50.259282591622096,16.28716083117696,18.892314455143627,-4.150614585876466,-20.49498372077942,-6.2790376820710865,-25.085025719600534,-2.0564338202490084,-0.32189441107594996,-0.366959628626583
-12.074807,49,9.998912,49.0,-39.987036234128055,12.80253623468245,14.963818546643736,-3.5071514689922325,-16.530807983875278,-4.946534383826285,-21.895732448160445,-1.9738993209241276,-0.44057228545446575,-0.43176083974537643
48.886133,69,10.13053,69.0,-3.8529445666351787,20.818338934536282,21.331627524033472,-4.963881821632385,-25.45586988925934,-0.6421624327005877,-24.653996653936456,-2.6949782348886364,-0.3038219347364395,-0.4192742699362865
1.953816,62,10.244899,62.0,-39.55279128365882,16.982426476710458,19.21784364611832,-4.69174013376236,-22.751074111461648,-5.934284734061666,-20.990338575753228,-2.326225200639993,-0.30072900033828903,-0.3729039604194784
-6.634966,60,10.356187,60.0,-34.86980870378779,17.687691623598283,19.451574949726442,-4.454711033105849,-23.416555297374718,-4.084135078515498,-35.07545078478323,-1.8735714920403457,-0.23859131343764084,-0.286309576125169
77.797149,93,10.523452,93.0,-9.997384064271204,31.567353828600016,31.316764288334113,-6.514575068950654,-31.839031970500958,-0.8550338073297103,-25.70896124604514,-3.1719831781117644,-0.24010439206487516,-0.4465941692406678
-6.76548,58,10.627415,58.0,-45.1844486274531,15.62243613181404,18.454917792336627,-4.177870726585387,-18.956158119440076,-6.774784273915772,-21.717331010276023,-2.0322410637354476,-0.29921660617465146,-0.34709126316259564
31.63224,87,10.787222,87.0,-30.825084777626653,27.33020153586262,29.49403569146504,-6.174245208501817,-31.952087342739112,-3.835237326426544,-35.850476048750835,-3.5548663583838405,-0.3284739038107081,-0.5715445926306322
-26.209314,53,10.885658,53.0,-41.80224688072264,13.897203958655611,15.913503217297555,-4.018759200572968,-19.709414005279545,-5.065461492940146,-36.29783492798712,-2.126304758011797,-0.31717995600818993,-0.33621075336868134
-4.079827,55,10.988254,55.0,-36.50492423782522,17.436730234625806,18.674921930896367,-4.215831294059754,-20.478450620174414,-4.752190673029287,-26.969673060221922,-2.2704088607197677,-0.16718978563544165,-0.18390876419898583
13.822344,60,11.098519,60.0,-20.85506382370517,18.523982880708935,19.85472499129111,-4.510646464824677,-22.013781225681303,-3.575108961930709,-31.544597265047845,-2.057166585225129,-0.08842621134341729,-0.10611145361210074
-2.779623,68,11.224933,68.0,-37.26781938531879,19.147950198767422,22.049011919262682,-4.837660028934478,-22.208802902698526,-4.307949152736909,-40.66758854703592,-2.6867653731237007,-0.22023454566815734,-0.299518982108694
21.670479,72,11.361704,72.0,-19.767149512765275,23.185718045403846,25.336986623082737,-5.377420444488526,-25.74730740785599,-4.714465804087228,-39.90811017061264,-3.3377722034960033,-0.13894944143797455,-0.20008719567068334
0.582901,63,11.477142,63.0,-44.3023930043892,16.83135843872311,18.901675644210503,-4.750970525741576,-23.688513922691342,-5.190221464359249,-17.912237386108945,-2.30579675964117,-0.3278315690526487,-0.41306777700633734
105.55873,71,11.605826,71.0,53.623240726039036,21.707897203151173,22.73577679899506,-5.366300935745241,-26.04553843736649,-4.423308092701471,-25.22364665502564,-2.4493903744993606,0.45098919619705247,0.6404046585998144
96.6613,53,11.703018,53.0,54.10985774756357,15.019114478279928,16.56594705186876,-3.6414524126052847,-18.255486083030707,-6.358762496839676,-11.937676015033837,-1.840242164692152,0.14419775367281942,0.1528496188931886
-6.799541,56,11.804883,56.0,-46.266004046623294,16.40188688808079,17.744080658171725,-3.9947082495689386,-21.014030706882476,-5.45488040046906,-18.225017757454143,-1.9908671810861254,-0.3697071220501396,-0.4140719766961564
8.476835,51,12.022724,51.0,-27.798550700423426,13.653213689184565,15.46398957890463,-3.7612178611755374,-18.82029693126679,-3.0630490992129142,-16.22606749036535,-1.9711863193751609,-0.29074343967524685,-0.2965583084687518
-2.591221,62,12.13816,62.0,-40.64971428596369,18.163667128102343,21.21689634546118,-4.458862216472626,-21.74664927124977,-3.9364864961838197,-31.062953505842504,-2.1171190489409484,-0.18391209025567207,-0.22805099191703337
14.139297,53,12.236568,53.0,-23.219498575156404,15.821626711013032,17.020900703425298,-3.5394937062263483,-17.21439816951752,-4.464895844818891,-21.220010699096402,-2.0449334556524925,-0.165056092185285,-0.17495945771640212
67.482321,95,12.414523,95.0,-22.087109849152654,31.07882629516425,32.35265839604419,-6.902313747406003,-32.249901342391965,-2.859025748948495,-23.35279796957624,-3.4980153875665,-0.2077469720265027,-0.39471924685035514
-6.413228,58,12.522883,58.0,-45.35860265531463,17.382044968499386,19.08637706151679,-4.508212397098541,-21.637028062343596,-5.692725053287389,-21.24963539302514,-2.435446800792441,-0.2711584216132093,-0.31454376907132275
15.801989,63,12.638955,63.0,-39.03972972355597,19.145518798158513,20.58879838601371,-4.219516389369966,-20.615201455354697,-4.829008673564053,-16.254141069531943,-1.9747308594141977,-0.21758500961065874,-0.27415711210943
-9.626239,47,12.727194,47.0,-32.62540728839006,14.065288786630273,15.619858267870136,-3.263123931884765,-15.573425996303559,-4.205681833758284,-28.798612588397685,-1.8451341800003862,-0.10979047837933588,-0.10320304967657573
72.137224,102,12.915093,102.0,-17.037085068137603,35.549445148470404,34.38411500458491,-7.648661777973175,-37.83380391597748,-0.995455365191411,-32.727886596275695,-3.5534429381261607,-0.2531557081718029,-0.5164376446704779
92.140157,60,13.025021,60.0,60.9771765601192,17.683271961213364,19.922530404431736,-4.472593097686766,-22.064456266164775,-7.947291785921032,-29.636621949864647,-2.321858996541408,0.2742868250849685,0.32914419010196216
-5.913659,60,13.1392,60.0,-40.7083077222446,18.057299018990726,19.91253005587666,-4.176973950862884,-22.721724462509155,-5.820365382712078,-28.50723057550992,-1.9488854990441717,-0.26110869853970425,-0.31333043824764506
57.773772,77,13.283728,77.0,-13.579979138383411,26.63832878874163,25.806876978155348,-5.663130481243134,-27.017219913005825,-0.8784797766829934,-21.81072419782206,-2.721899960919679,-0.024568395820524058,-0.03783532956360705
-15.6238,55,13.385201,55.0,-42.36144081055919,15.87283696207454,18.057993554135805,-4.0222358226776125,-19.991255271434788,-4.183029051734299,-32.0037764823137,-1.9928926128036348,-0.3109519031647622,-0.3420470934812384
85.207243,66,13.506691,66.0,30.16576294721625,19.307683326414114,20.136970175124755,-5.08063615322113,-23.26189219355584,-1.589030469467989,-17.92867034675338,-2.542944124956293,0.034263983093127656,0.04522845768292851
13.773846,63,13.620705,63.0,-31.71363468357807,18.398678493607235,19.939310692573,-4.464531538486479,-21.32758386731148,-4.268450686315398,-23.13673433660399,-2.653208253398467,-0.245834696191315,-0.30975171720105693
-4.989245,53,13.721502,53.0,-31.760013904247334,15.18421852980776,17.46283308314162,-3.599269289970399,-16.30496442317963,-4.3147865771174665,-32.646157041686486,-2.0111058359845178,-0.2088542240744523,-0.22138547751891946
43.896424,86,13.996387,86.0,-35.615328710210974,28.08323912325753,28.992861476043508,-6.198134865760802,-29.994915068149563,-5.045935356974578,-19.23202741639427,-3.093335511187636,-0.2226288311525519,-0.38292158958238925
123.340337,68,14.121849,68.0,65.55293156184209,21.642155940979773,23.589743285094002,-4.987486071586608,-24.23296375274658,-7.886637814256234,-15.851409458007417,-2.4859962061355376,0.41366957946907906,0.5625906280779476
2.141773,67,14.241491,67.0,-33.26391807286772,18.357601698505835,21.60356642033582,-4.861777706146238,-23.7212550163269,-3.9316368665079744,-36.597744505478964,-2.4430626312009034,-0.2604919093501003,-0.34905915852913444
-19.629193,42,14.317776,42.0,-32.79634321481203,11.273159624652891,13.122797204892287,-3.0174144816398623,-14.461784851551059,-3.5130747999394423,-30.650616157239522,-1.5859159570152395,-0.2934670573342193,-0.2465123281607442
119.971701,73,14.445936,73.0,57.334076525718935,23.585136715549584,24.40607126558118,-5.47424565076828,-28.866794633865368,-5.276171283560744,-16.055501574065644,-2.680870034742537,0.33079715863172954,0.4829638516023251
-14.828575,56,14.546873,56.0,-50.75571391766106,16.428749257015212,18.98348054990504,-3.913526970148086,-19.582701116800305,-5.840174640358475,-24.18340598105224,-1.965281682618178,-0.36934139691955714,-0.413662364549904
-2.574986,57,14.647134,57.0,-28.307320059822604,14.449015410443918,17.16560601920814,-4.2162023305892955,-19.631515932083136,-4.580897440527384,-32.131734013717114,-2.3219376634206577,-0.16443408306501928,-0.187454854694122
16.848804,48,14.733484,48.0,-18.28977993744278,13.176606600552894,15.287058514857712,-3.7276957178115855,-17.980407810211183,-2.736391963220091,-15.104987008482158,-1.7755988920644312,-0.2635587324150191,-0.25301638311841834
84.10035,89,14.89382,89.0,-0.7270392819078862,29.192694714844322,29.017481013682755,-6.528408496379851,-31.734799790382382,-1.3859981136706465,-19.709819544230424,-3.023760887437615,-0.2532174914256509,-0.45072713473765863
72.372679,82,15.050353,82.0,-5.5256210167766895,26.457285214053588,27.082636211465324,-5.958100566864013,-28.90491695404052,-1.915865346136926,-17.80743124910746,-3.0553076383263984,0.16674526318771016,0.27346223162784467
9.090856,84,15.210546,84.0,-53.24220352969186,26.334246627252863,28.81855717564576,-6.141099039316178,-29.40891723632813,-6.982361231377867,-30.73208777972539,-3.555278598199629,-0.2995922030082165,-0.5033149010538037
135.484581,86,15.370604,86.0,74.826437282995,30.037542426298533,29.730830214721877,-6.5031613540649404,-30.742278277873986,-9.934297785713063,-34.614762891238094,-3.3157286938307617,0.3735235918409559,0.6424605779664442
61.509753,99,15.551,99.0,-29.327941301504847,33.34788484192216,35.20886158872186,-7.107386779785156,-34.69800770282745,-2.5645059661730722,-28.60568347537892,-3.7434677341951237,-0.0528581792050227,-0.10465919482594495
101.67416,76,15.688265,76.0,49.89721477768265,26.116048286855722,24.595296122714817,-5.781292126178741,-26.840808320045475,-5.677268220210293,-33.34514107011239,-3.289889762078119,0.3247136699998257,0.49356477839973506
98.663236,60,15.800831,60.0,51.75110916323711,20.51361691705145,19.19600660337221,-4.5002980875968905,-20.757913225889205,-5.329485261530604,-19.72285474979522,-2.4869455997506615,0.3742877928000843,0.44914535136010114
8.239416,67,16.068571,67.0,-33.79597470390484,20.938474310100137,23.425326087676424,-5.362522816658021,-26.003250932693483,-4.535105430932242,-30.580871375751457,-2.846658883944154,-0.18958962518689296,-0.2540500977504366
103.12891,89,16.235778,89.0,12.237288670242085,29.323927004120705,30.699200482108584,-6.141547431945798,-30.376720237731938,-0.6760521432483761,-17.715184499688093,-3.222002266679711,0.053695900044964606,0.095578702080037
80.327885,57,16.333644,57.0,31.717449363638966,17.336738600507022,19.16507951371645,-4.065653921365737,-19.68423949480057,-2.343575299550996,-16.82634411027087,-1.9715692970075291,0.19879446897973085,0.2266256946368932
9.469864,60,16.443529,60.0,-28.4722069104321,18.18186415899059,18.906137305779446,-4.363732485771179,-20.211805278062815,-4.426834412955823,-27.703635187682714,-2.439923206618765,-0.16305082175268368,-0.1956609861032204
46.080815,78,16.582556,78.0,-26.148506830950645,23.696542060064058,25.44668278005198,-5.489734215736389,-25.76363387703895,-3.7546117560625536,-17.068812612762827,-2.837110271782828,-0.11859407354534744,-0.18500675473074202
16.982192,49,16.670658,49.0,-15.245229703920293,13.71944867804441,14.97800574867713,-3.671779830455779,-17.752264940738684,-1.621358187611204,-20.408976671272285,-2.015653192835524,-0.1798439917129709,-0.1762471118787115
123.890688,80,16.824674,80.0,51.92954145865535,26.054053287567,27.23245969397937,-5.877139420509339,-29.85843390226364,-4.59745336398322,-18.06140283490462,-2.9309371787712153,0.23299846536800972,0.3727975445888156
100.895057,62,16.937597,62.0,61.44851550111047,18.59980640085573,20.047240378597973,-4.443509397506714,-22.209754317998893,-5.824720104824832,-26.48133013057265,-2.241191093069622,0.49619426083840334,0.6152808834396202
128.534564,62,17.053754,62.0,71.89558997355405,19.401491903013266,20.847799310930917,-4.483537214994429,-20.862756454944616,-6.641294474299263,-11.183164834949347,-2.4395642579950656,0.5167036520485019,0.6407125285401423
149.48334,88,17.21688,88.0,74.60437639008286,29.676293993797977,29.157053423854652,-6.567390539646148,-31.70454553961755,-6.78446551856271,-23.529401161337614,-3.368581239796075,0.3843202966019948,0.6764037220195108
14.266891,65,17.338567,65.0,-38.13803605936989,18.873915275382217,20.940352819617328,-4.585920944213868,-23.643506145477293,-4.264960119256319,-17.593877951701838,-2.321075851519092,-0.24600473235447357,-0.31980615206081564
74.505192,55,17.439475,55.0,23.955361963765416,18.221119786739546,17.660589531535667,-3.8365896606445307,-18.55842473506927,-1.4968291413457755,-14.241477613276265,-2.1985580208134983,0.33188239143616954,0.3650706305797865
69.041233,70,17.566009,70.0,9.484984167663708,21.047407357741886,21.828879040665285,-5.183773379325868,-26.4172054052353,-0.6711011758015689,-18.78162086042985,-2.266336394813445,-0.11957996382047742,-0.1674119493486684
99.875329,113,17.769691,113.0,-4.100895476830919,38.0152281831424,37.95360725819275,-8.520666062831879,-39.9344751954079,-2.193651814257412,-29.896322649609083,-4.447495030564099,-0.13774404607526008,-0.3113015441300878
103.668233,66,18.016543,66.0,53.014237495687155,20.881259954129256,21.953912336284827,-4.667628509998321,-21.802867889404297,-5.363254829314612,-23.868205640871334,-2.479220344005083,0.4630869690586195,0.6112747991573778
55.799815,68,18.141704,68.0,-5.193632490488087,21.53180478281969,23.367316966080175,-5.084965970516203,-24.119481414556503,-0.9656940773217761,-19.12877079125589,-2.6067620451242672,-0.0812461021987235,-0.11049469899026397
80.516827,43,18.221879,43.0,47.3842562100768,14.247143659890822,13.427508136590365,-3.2680921769142146,-14.264582586288455,-4.346673156490366,-13.763854236604658,-1.8988789944943663,0.5583768788720447,0.4802041158299584
115.94419,63,18.341288,63.0,60.34132940311291,18.60820374083098,21.277645808894444,-4.470416476726531,-20.469913530349732,-4.848123726534459,-15.26974470886753,-2.2247909496408376,0.42130132791382374,0.5308396731714179
97.70123,91,18.502227,91.0,19.659025130972417,30.482136415402636,31.015765871312365,-6.801496739387512,-32.65833200812339,-0.9706149314046016,-30.205294853806258,-3.819959084970989,0.1010293706148496,0.18387345451902626
125.770601,72,18.630116,72.0,76.32117539181912,24.012390309720224,24.129471102253873,-5.6722495579719565,-27.017132556438447,-8.407481507261457,-26.70933176255966,-2.8862403962848244,0.45834904005770966,0.6600226176831019
33.306375,59,18.737333,59.0,-14.646939851879178,17.887455431657727,18.508149821908013,-4.355280361175537,-20.775558137893675,-2.459385921216586,-17.763696922809256,-2.088369176662532,0.05690835156595809,0.06715185484783054
58.902343,68,18.86272,68.0,-1.284059571107014,20.02708159918887,19.75620712157495,-4.919241964817047,-24.081149089336403,-0.4422811963118959,-15.794258035578538,-2.3599560623519054,0.1039316170670351,0.14134699921116775
57.57042,51,18.95886,51.0,11.490490833418443,15.63315207500181,16.83813762054946,-3.9547391176223754,-18.976318192481994,-0.43850628552185844,-12.250535046420211,-1.77126209334559,0.1273349411653301,0.1298816399886367
103.661146,70,19.089494,70.0,54.75397440036835,21.695998567188415,23.022128565243666,-5.3818850278854375,-26.44286732673645,-7.53925962037863,-23.73203780653677,-2.7149060954552056,0.24210290036726786,0.338944060514175
35.403552,63,19.211036,63.0,-16.243660312996006,19.87071159817596,21.76403574821529,-4.334306266307832,-20.99450592398644,-1.2642165320058494,-24.249771225632564,-2.1447346519969233,-0.0828264200064258,-0.10436128920809651
105.755152,56,19.308598,56.0,69.22052740204852,16.492365569767703,17.88438902716626,-4.062694156169892,-20.676172709465032,-9.473944489310222,-17.36331901123876,-2.265999765633739,0.5290720353657171,0.5925606796096032
-12.268616,47,19.394929,47.0,-32.38405439240217,12.883556517364532,15.456415631078688,-3.277030212879182,-15.945219624042508,-3.653734229551488,-30.600432838871036,-1.74811685277061,-0.2459580597135504,-0.23120057613073738
107.370458,77,19.534408,77.0,31.843228418694956,26.606319139493902,26.19188217278376,-5.874232127666474,-28.111744558811196,-1.3020576118986793,-15.608330147838005,-3.3746074008848925,0.2556428046585792,0.393689919174212
-5.620273,61,19.644593,61.0,-44.668332113283405,17.40340636193853,19.2395286101263,-4.17200889825821,-20.308247637748718,-4.932375662232021,-27.14071224724667,-2.0415310994218316,-0.2822396118844486,-0.34433232649902734
83.752055,56,19.746643,56.0,37.93421303339879,16.929902876422595,17.15216259102278,-4.3294828462600705,-20.041299891471866,-2.420268071194871,-15.197214493951824,-2.275957790129355,0.17786832260803384,0.19921252132099793
89.283741,81,20.023112,81.0,12.720490983797239,27.944865938962415,28.08567065947262,-6.212064716815949,-29.503300493955606,-0.7804035085709247,-21.075931155650977,-2.8955863051597284,0.13557344155746204,0.2196289753230885
103.646332,55,20.122911,55.0,57.35357620655043,15.809852871354808,17.74911146248192,-3.97636931180954,-18.210776340961456,-6.995898673717439,-11.383395214643361,-1.699769118667766,0.4012718950474364,0.4413990845521801
134.473232,75,20.259053,75.0,78.65933255489118,23.100234216951268,24.77149163699544,-5.576195528507234,-25.643652999401098,-7.995519021312459,-25.022834693354124,-2.819623894077428,0.42778237442842,0.64167356164263
35.430318,92,20.428901,92.0,-43.30201362909905,30.216248197907824,32.196684526051435,-6.61146860599518,-30.43927338719367,-4.4152063238189045,-30.85803408083122,-3.356618417675158,-0.19717438832445947,-0.36280087451700543
45.26228,73,20.557307,73.0,-16.207224315190953,22.484894638917485,24.036403484583776,-5.2529303801059735,-25.03053314089775,-2.7236969458841904,-22.41825225891701,-2.6263811371320576,-0.08162147351280995,-0.11916735132870251
84.756174,58,20.664513,58.0,58.46237194624535,16.518642448029077,17.96663591660445,-4.352942759990692,-21.196047970652582,-6.314376521722506,-31.878300856274826,-2.449808467323114,0.460507638850562,0.5341888610666519
116.513161,70,20.792499,70.0,68.11271548415162,20.43705732139577,23.487756319021695,-5.4514921689033535,-25.73186790943146,-8.509292918675369,-22.828928126972322,-3.002786981301259,0.4231461842296711,0.5924046579215396
110.722955,66,20.915434,66.0,59.57254519514723,20.974350370057724,22.254434249073924,-4.826198554039001,-23.270003664493565,-8.877492828958644,-18.783496570052197,-2.321183533649807,0.14590136986386726,0.19258980822030478
134.944004,80,21.056133,80.0,78.17149295589074,24.894990600055234,27.36282623405507,-6.439819617271424,-32.15180932283401,-8.367762560099978,-25.45888176009205,-3.067033017517938,0.45149161292987394,0.7223865806877984
129.597434,78,21.195684,78.0,57.64300733824497,24.594514449377662,25.644714685580972,-5.633389227390289,-27.835840737819673,-3.934408421749717,-16.040983349096845,-2.8401807928766583,0.2602221023351818,0.4059464796428836
98.069353,69,21.318387,69.0,46.955331208437464,19.98672893882365,22.88669352816391,-5.295574777126315,-26.20058883428573,-7.583581644751652,-19.17528216326272,-2.504373378266201,0.2767617446243353,0.3819312075815827
84.087179,55,21.41725,55.0,30.831717007610028,17.01047999488354,17.942875689412173,-4.273327357769012,-20.502483355998994,-2.6777231122040246,-7.188659166715325,-2.0557005424728114,0.41057926814629864,0.4516371949609285
100.669841,58,21.522268,58.0,64.10117444884668,16.575605985915924,18.508834138432906,-4.524289765357971,-21.625256788730624,-9.123743031785255,-18.624516301414165,-2.6179678740414616,0.5025696181122137,0.5829807570101678
24.137496,71,21.651899,71.0,-34.51974207160892,21.02535340002593,23.85140892733593,-5.469781944751738,-24.64104816913605,-3.363235724788903,-21.387367650962744,-2.358090759677075,-0.2018136768860322,-0.2865754211781657
70.186346,89,21.818,89.0,-10.658901405502963,26.779539668826413,27.784884195897945,-6.617112314701081,-31.966492462158207,-2.8248648063088635,-18.49977399301791,-2.810932623078414,-0.2659635891155646,-0.473415188625705
114.81926,66,22.062434,66.0,62.478933654896665,19.87756034304265,22.2279607029599,-5.096696522235869,-24.27989373207092,-6.924239174479072,-16.83931210783088,-2.625053332250664,0.3916113097745075,0.5169269289023499
75.303495,63,22.178319,63.0,18.698479416504366,19.875886522176568,20.40662729944231,-4.382544226646422,-20.02317732572556,-0.8793423424700594,-18.93046074163542,-2.4619733876430563,0.12421021200273415,0.15650486712344502
30.638468,58,22.285659,58.0,-6.745607025508152,17.526986375845492,21.100610247373826,-4.326938078403473,-19.12991454601288,-1.8245908668233768,-31.627613313078626,-2.3344651964885226,-0.09704015862780603,-0.11256658400825499
82.316001,47,22.371276,47.0,61.229655214113244,12.48902664661048,15.14508594692575,-3.7312874269485468,-17.565735983848565,-9.078358160875135,-21.564968573330223,-1.6074164351531708,0.5853187096661241,0.5501995870861567
167.844449,90,22.531253,90.0,78.91233275623006,32.3327345946357,31.801241500313164,-6.542497928142545,-34.502036881446834,-5.1055575663310595,-16.115595752820596,-2.9361717883920897,0.4096876256417259,0.7374377261551066
127.986553,86,22.693288,86.0,62.05260986512138,29.31799180062797,29.952499970235674,-6.151151951551438,-29.04776948690414,-4.646603104323443,-36.74355962212011,-2.747464485086513,0.34987574906319674,0.6017862883886984
116.32088,76,22.833423,76.0,53.19593136169632,23.2777175149605,25.93393199391551,-5.817187561988829,-27.596588778495786,-3.434599967435851,-22.122264773679042,-3.116059405374634,0.41897891899535455,0.6368479568729389
89.256503,50,22.928946,50.0,53.78952926605985,15.763974327366347,15.152611296185242,-3.6466760635375977,-15.878617495298384,-5.143472292343824,-18.578298272363345,-2.2025473688084793,0.5206171847399848,0.5206171847399848
53.677045,96,23.099465,96.0,-31.27954407099042,30.33874097450832,33.408446516385524,-7.195270352363587,-34.39217839837075,-3.8452732505118195,-25.787623431974428,-3.570252920621458,-0.16478183115978506,-0.3163811158267873
140.060912,76,23.237977,76.0,77.73641445253989,23.966170474241814,26.224565163132926,-5.389855589866638,-26.4326134800911,-8.615528848987168,-20.710889387944462,-2.7173505179249893,0.4046129986894365,0.6150117580079435
14.677438,62,23.350824,62.0,-29.4035059303158,17.818263039672395,20.457711834540724,-4.760876096487045,-22.850313907861707,-3.4646665656642357,-22.914691225185102,-2.2044832042021287,-0.15725725229344337,-0.1949989928438698
4.70536,64,23.466079,64.0,-40.69078264730763,17.54128255116486,19.75841325647006,-4.792757167816163,-24.617932343482973,-6.157684118707589,-18.24417981656164,-2.09099979232944,-0.12997576790280166,-0.16636898291558613
60.548535,53,23.562925,53.0,15.545934415169715,16.018205225607396,16.87474399597876,-3.794937571287155,-17.894365954399102,-0.4837060300745121,-16.428895321128692,-2.288444120784249,0.1903896508977082,0.20181302995157072
90.351093,55,23.665308,55.0,55.17731075191336,12.158884611699694,18.125312125007053,-3.9855237114429496,-19.01072396039962,-7.568308222389856,-17.54930006145346,-1.9965582635164276,0.47823904767207875,0.5260629524392867
169.215846,111,23.868806,111.0,65.5455263367364,37.84392369296427,39.374248348719725,-8.137937731742861,-37.95238618850709,-7.327251279556902,-26.676184236233624,-4.4540932876060255,0.28698979542502623,0.6371173458435583
105.986977,68,24.110162,68.0,50.239020479165376,20.82948504329019,21.14806687540163,-5.263353450298309,-24.974459457397458,-3.119760593261776,-18.224451946265596,-2.6475694614731657,0.4532228076983759,0.6163830184697913
126.050793,68,24.232988,68.0,74.82959051655618,20.92583639886315,22.930388957628,-5.101931695938111,-24.646148818731312,-8.446887410697972,-19.613743157462693,-2.8263117654219867,0.5055906775147497,0.6876033214200596
141.136237,90,24.397898,90.0,47.6122902221465,32.84200123119666,31.362064210645237,-6.843947534561159,-30.32831053733826,-1.529142882828242,-18.780721444147204,-3.1979964874597298,-0.022848336978440974,-0.04112700656119375
87.776374,51,24.490623,51.0,56.56798187785938,15.111659979027074,16.445332409542075,-3.6753132486343385,-18.024624776840206,-8.551502075291113,-19.244607716069922,-1.8525525938543972,0.42974055264114813,0.4383353636939711
91.55086,54,24.588227,54.0,51.690836434620735,15.924510117601018,16.327157564209358,-3.9950986313819894,-17.766796374320986,-5.524344599499103,-16.92375070754418,-2.1816537462975027,0.4612147070771156,0.49811188364328485
78.480827,63,24.707139,63.0,19.108437893412848,18.681399400937337,19.300108046596332,-4.386282625198362,-20.0304816365242,-0.5549897876852683,-14.1058308219736,-2.531533030870865,0.12358180956947964,0.15571308005754436
107.417012,56,24.810607,56.0,73.0065300037084,16.673118900368507,18.559301686572915,-4.109202558994293,-19.073552620410922,-9.863143031890214,-21.374223522587695,-2.4018163981694665,0.5643481001757192,0.6320698721968057
95.660495,54,24.908521,54.0,46.61813645535818,16.162869976009354,17.103778517449864,-3.9047605419158926,-17.52091084718704,-3.894158839109883,-11.108987331690022,-1.795471926981798,0.34119560814776556,0.36849125679958683
72.541818,46,24.993834,46.0,43.57817353620519,12.29339413574035,14.625212641746977,-3.586430108547211,-16.07883195877075,-4.873056446498249,-17.39343197525534,-2.02321186755982,0.424948826877855,0.3909529207276266
118.812085,65,25.115108,65.0,72.46085714300415,19.543380480546833,21.919447396144424,-4.477184031009675,-22.806100964546204,-9.997973972176032,-20.78045472789792,-2.0498864870276883,0.4912901862984368,0.6386772421879678
103.540098,57,25.222991,57.0,58.43048263846957,17.570572695672308,19.83205924546205,-4.229032757282257,-18.5980120420456,-6.864613731946339,-17.300920417631808,-2.30043741518776,0.41725987411298443,0.4756762564888023
93.119331,48,25.315265,48.0,58.07969041506385,13.466249711477213,15.30476959474188,-3.5049958372116086,-15.001604640483857,-8.438538913564743,-13.050414273042417,-1.7358251952581283,0.5417457116957726,0.5200758832279416
111.369301,63,25.4321,63.0,71.21558491031178,20.224712378706165,21.565217171435588,-4.531167879104614,-21.88709759712219,-9.033869213713729,-26.50787924230391,-2.676199885242794,0.39268439540321864,0.4947823382080555
136.881442,69,25.559148,69.0,83.740275847013,21.671134014996394,23.000327975476033,-5.221135330200197,-23.208057379722597,-11.316513509915723,-17.44706332744422,-3.337526376073326,0.46846146498750546,0.6464768216827576
97.774295,54,25.655646,54.0,60.31503297758231,14.663595566070514,17.191082539955534,-4.370593810081483,-19.641454017162324,-7.3142977333735555,-15.281586151011535,-1.7874842054414728,0.48336551149587764,0.5220347524155479
98.729691,54,25.759697,54.0,70.30426355762638,17.59562714821566,17.718352840956637,-4.169536557197572,-18.9490223646164,-8.564997064810296,-26.94378847249571,-2.2612081871582097,0.549056279457471,0.5929807818140688
90.035349,44,25.846706,44.0,61.019198469695795,12.481536591495965,13.889698115730404,-3.3112537598609926,-16.25747144222259,-8.885308877388342,-11.356651719281572,-1.5443981373356437,0.5839440194884242,0.5138707371498134
117.803555,65,26.100595,65.0,60.194123643653356,19.084928949392822,21.97299936104114,-4.657593715190889,-20.981235057115562,-9.348822567581681,-10.988424719360237,-2.472421344655959,0.3890543708204542,0.5057706820665905
112.885249,57,26.216959,57.0,68.2359533635838,17.799683502236213,18.67782329625357,-4.226968679428101,-19.375859534740446,-8.618527579193323,-14.591075349151783,-2.015780369526706,0.5112335790392525,0.5828062801047479
121.647493,66,26.343643,66.0,70.88884768682605,21.427628162576305,22.5643153510778,-4.658244173526763,-22.73157886266709,-9.492708008518758,-19.899621234804005,-2.451145687957278,0.45096171868652213,0.5952694686662092
111.711294,65,26.469119,65.0,68.10984866146588,18.924296995948104,20.533936413102555,-4.827603311538696,-22.602129280567162,-9.150432431990053,-21.820276790985865,-2.4563462088716057,0.4983466096001451,0.6478505924801886
105.782291,52,26.567985,52.0,70.35856916374914,15.518340697209304,16.783470090500952,-3.8610278677940375,-17.906012326478958,-9.16891003729393,-16.17354217789786,-1.7685965434392372,0.551348483063826,0.5734024223863791
111.987429,61,26.68308,61.0,69.81189577356649,17.98179267976494,20.889736522653582,-4.495240218639374,-22.550080859661104,-9.038672234846723,-19.484696934598205,-2.1273055049053697,0.5048987499135846,0.6159764748945732
115.352431,65,26.80793,65.0,59.57902159731261,20.883777255797273,20.724252228532826,-5.123383982181549,-23.15832477807999,-5.4735850679252795,-14.26633443831695,-2.812991895117172,0.44928404149632084,0.5840692539452171
94.659843,51,26.909807,51.0,62.07200839730539,15.20140681369909,16.306368821357406,-3.747107453346252,-17.325291049480438,-8.290681121394197,-18.73050554476504,-1.8263556169768613,0.5577031292281739,0.5688571918127374
115.859547,69,27.036559,69.0,60.55512787841894,22.17493367195406,22.3450435512903,-4.795372581481932,-22.85472960472107,-4.161290205778065,-23.776829222853515,-2.627336823205374,0.497973812127461,0.6872038607358962
114.095848,75,27.173503,75.0,45.164155105382775,25.028574516731812,25.391354257930406,-5.660489201545715,-26.756811875104912,-3.24598823420759,-17.516134575214213,-3.3088119053170306,0.3201398662274413,0.4802097993411619
121.38178,66,27.290955,66.0,64.42996447393242,20.81219641672315,22.53841263619974,-4.927130711078643,-22.437179189920432,-7.411140170372281,-14.753954602265559,-2.8693888992022187,0.39082731554808914,0.5158920565234777
150.840207,89,27.450371,89.0,72.0737955250185,29.01298956830459,30.532602321266246,-6.071230304241181,-28.596203154325476,-8.605656443415606,-23.2389380883744,-3.2671524001428693,0.35124165563174964,0.6252101470245144
123.710059,64,27.570175,64.0,73.95414036120566,20.72574117006641,22.085894909214137,-4.5719185638427735,-22.184998679161062,-9.791506367517789,-18.30975870830275,-2.1975346415734465,0.48382325507336527,0.6192937664939075
105.09445,51,27.663929,51.0,67.70145766138818,15.960309456138518,16.272153880394246,-3.7314465022087098,-18.186602735519415,-9.480988887066045,-12.669331091489706,-1.7711020017709804,0.5042218751206787,0.5143063126230923
108.946403,70,27.794456,70.0,56.64497698888187,21.25483899381352,23.338105548282467,-5.260924558639527,-25.082366251945494,-6.698993398982435,-22.41720053680816,-2.8320337956438464,0.3596672683441137,0.5035341756817593
104.880648,61,27.908968,61.0,61.33080754493076,18.69633028818577,19.84422735051759,-4.865044097900389,-23.15116354823113,-7.428533634532778,-18.126571438001363,-2.419404774557314,0.37310828632435566,0.4551921093157139
97.204416,56,28.128887,56.0,55.381376357973146,16.73461082831025,19.30078739636913,-3.990181231498719,-17.85225259065628,-7.762157538593007,-18.38815008836055,-2.2196170195505482,0.4452040545016829,0.49862854104188487
121.40332,65,28.246255,65.0,70.33012806395274,20.370480149973865,21.38684225480287,-4.89037828683853,-23.58760894536972,-7.880979801892653,-16.666228473419483,-2.6589353646766916,0.49856531898108003,0.6481349146754041
134.882553,71,28.372262,71.0,71.21449547914874,21.72076906535412,24.014560944103085,-5.566129229068759,-24.720943665504453,-7.353683149798384,-12.692420436173041,-2.734096419701671,0.37683119201032944,0.5351002926546677
95.776246,57,28.477269,57.0,53.80122991661493,16.512807745045965,18.655737490354827,-4.0755536246299755,-18.416011846065523,-7.549244177251158,-18.10532505175741,-2.0473948568384746,0.322700932334628,0.3678790628614759
91.41177,53,28.575053,53.0,54.14374878116435,14.990402675353144,17.286034702956076,-3.8605867457389826,-17.958010494709015,-8.002757502111626,-16.101930061667417,-2.085131705749222,0.4579496824421779,0.48542666338870855
103.399373,59,28.681406,59.0,58.70217834325895,18.550434894747326,20.06360433062731,-4.613255634307862,-20.87383215427399,-4.988261769653214,-20.265893825342317,-2.1756007715045618,0.5508091739963317,0.6499548253156713
91.943074,57,28.781935,57.0,47.42809577608446,18.208629362563066,18.00326001197745,-4.104254145622253,-17.96168520450592,-3.233896417045366,-21.04623254113877,-2.350842401818684,0.4951296296132896,0.5644477777591502
96.594302,49,28.873516,49.0,66.3320452113935,12.654387079431961,16.204911535864266,-3.5360055088996893,-15.965258336067205,-9.801185696478104,-16.227800771444755,-2.0667912230164527,0.5952291982875356,0.583324614321785
106.001353,52,28.968827,52.0,64.63660980495226,16.29712049471605,17.26409561843308,-3.9830613160133375,-19.511700189113622,-8.81582224903118,-10.113873552654415,-1.7720152001734004,0.5204183925720406,0.5412351282749223
113.634212,62,29.082629,62.0,69.72296569908787,18.202674652256896,19.884035920975474,-4.708670234680177,-23.50755949020386,-8.392431117286698,-17.199852289353505,-2.3669515161472128,0.3796541386114582,0.4707711318782081
128.673264,69,29.206319,69.0,70.0203185509122,21.027902922378633,23.10363298439858,-4.698127057552338,-22.482997846603396,-9.838066845721038,-14.74671606483083,-2.7126825251829594,0.39895898820217585,0.5505634037190027
96.374218,79,29.349969,79.0,20.287358300875866,26.73953137679399,27.128217836044584,-6.026897306442263,-29.386854302883147,-0.453901819354603,-17.711560851430853,-3.201675041103557,-0.029067055017378007,-0.04592594692745725
80.689468,42,29.425325,42.0,51.03269247039509,11.840518931250562,13.670294456295734,-3.2160477709770214,-14.273131561279298,-7.245725353467404,-11.439316076287657,-1.6798170775612111,0.5240958135116559,0.44024048334979093
102.635739,55,29.529161,55.0,59.88021435230149,16.150596450382928,17.949368027019535,-4.078442647457124,-19.702079248428344,-7.335004352362524,-13.259180126923498,-1.9697336146769764,0.5180192514805537,0.5698211766286091
113.791716,62,29.646193,62.0,68.34249594689965,20.46130500106861,20.217005020291946,-4.47812378168106,-20.34506217241287,-7.0972239823193,-22.81341377857415,-2.4952666935664847,0.4792212892687997,0.5942343986933116
111.965891,60,29.761201,60.0,60.26460176364485,18.3057203221079,19.812464140178378,-4.480457925796509,-21.8184845328331,-7.447783950784759,-10.166678808671692,-2.5034900238496767,0.4264710189718376,0.5117652227662051
96.973233,54,29.86541,54.0,63.22580655143999,16.601534138094674,17.45744574256823,-4.229670133590698,-18.615352278947828,-7.121688257490656,-22.12290149327501,-2.2219409944276123,0.45496357703804197,0.49136066320108535
123.873983,61,30.108107,61.0,85.43628144263714,17.36097800796656,20.61075408829679,-4.4968370878696415,-19.789419472217563,-11.564777232316473,-22.606087287930194,-2.076909754489866,0.5999618723965071,0.7319534843237386
170.899865,105,30.302898,105.0,74.10445063014993,34.03650048212901,36.756717269329776,-7.287968096733094,-36.720863246917716,-7.728636558473216,-23.557722506270142,-3.7026132164215766,0.1903569604269049,0.3997496168965003
125.143608,74,30.438469,74.0,66.2819317746838,24.132452521776123,25.413377572866167,-5.525542256832123,-25.37901955842972,-8.383166065052079,-22.21729588025263,-3.1791305356355166,0.38101422204338065,0.5639010486242033
133.624446,69,30.568084,69.0,78.46912549768838,22.074745309113094,23.190720471782246,-4.853134859800337,-19.86286858916283,-9.448706733234072,-22.602314708207707,-2.343120585907557,0.488460567210596,0.6740755827506225
100.362452,52,30.665299,52.0,65.15646115657357,15.786814668471274,17.397947003790474,-3.7795651888847357,-17.87656698226929,-8.158997482156748,-18.40717523573036,-1.7564655198187167,0.5963984319990979,0.6202543692790619
103.747595,55,30.771696,55.0,57.0904683108552,17.19341899158889,18.49148669214769,-3.9834667038917533,-17.200431275367738,-8.325158095306504,-12.532231872335055,-1.9864911482106444,0.4565522111363969,0.5022074322500366
98.254985,51,30.863762,51.0,64.87877568164669,14.807545631574396,16.988920449532323,-3.5097879004478463,-16.267236149311067,-8.351822076797193,-19.542640873121666,-1.7487701872118924,0.5381017630468807,0.5488637983078184
129.773537,58,30.969886,58.0,78.79228066278483,18.696752921759998,19.411491498257057,-4.341024763584137,-18.189959526062008,-10.543087482207401,-10.021680600383036,-2.031235325903808,0.5935449729442857,0.6885121686153713
94.369664,52,31.066587,52.0,57.676795240641624,14.773012425270467,17.121936333934393,-3.9015332293510445,-17.89206187725068,-8.568022839338184,-14.896561108263002,-1.9439008875636148,0.4574330570245759,0.47573037930555895
75.696488,49,31.161871,49.0,34.14059699921499,13.94659530034123,14.7979436875327,-3.903866099119186,-18.18520698547363,-1.918980844329611,-10.295105627529948,-1.885488053961979,0.24326398100075317,0.2383987013807381
146.482814,73,31.30091,73.0,81.88025360398878,25.507526008879303,25.051064659920957,-5.423984088897705,-25.629981750249854,-8.127587729365285,-17.196492478439534,-2.577984034483639,0.49500384288934274,0.7227056106184404
90.535114,67,31.427467,67.0,21.594086922883154,20.645605624435376,22.232585755391554,-4.747559790611267,-22.510724788904195,-2.1517431872166046,-9.210149874504442,-2.3169861714193667,0.3098306217712027,0.41517303317341164
146.173198,77,31.574502,77.0,75.04390540332034,25.331044202361,26.889836852394414,-6.134456486701963,-27.638017284870138,-6.20713483371592,-15.279916355602397,-2.8320635641064467,0.43345088657085373,0.6675143653191148
106.124531,49,31.666641,49.0,71.57511936672074,15.123926498746433,16.09439741040286,-3.6883165717124937,-17.355628323554992,-10.076924281801183,-12.500131039643513,-2.0479118550390583,0.6039723697388517,0.5918929223440746
109.698315,63,31.786684,63.0,57.307800040747516,19.099021163179962,21.67704485178204,-4.46301408290863,-20.631660151481626,-4.3752191990712666,-19.564565547121944,-2.3510917241938776,0.5054037136023223,0.6368086791389261
102.420802,56,31.889195,56.0,71.79828037835077,15.99030175201236,17.941993434430056,-4.054887549877167,-19.90027039647103,-9.40317127303863,-23.859115225968058,-2.092329310001766,0.6218324405525092,0.6964523334188103
128.737402,66,32.130769,66.0,74.29286353257567,19.98627438869393,21.93127033440698,-4.885645213127135,-23.45873215198517,-8.873849300283437,-13.869749695608393,-2.3850296570241003,0.3033930798387659,0.400478865387171
183.389003,97,32.309843,97.0,90.30641489598983,33.03990859569013,32.22278574731191,-7.568525340557099,-32.062961846590056,-7.791609076264345,-18.010832613824597,-3.7461770100717118,0.43902469648587805,0.8517079111826034
114.288704,61,32.423581,61.0,70.66276340099604,19.740932915179968,20.5556272222682,-4.749619841575625,-22.762790822982794,-8.98880684439502,-18.560973762690303,-2.608428209937075,0.5315553307612687,0.6484975035287478
85.483534,52,32.518452,52.0,34.92158773000421,16.63198683785328,18.016921769681133,-3.940172052383423,-18.442398452758784,-2.978452951370662,-8.534747538458491,-2.1911914842375646,0.3149011643200886,0.32749721089289213
147.263096,80,32.662169,80.0,78.75028850469113,25.59429210866495,26.679417876172337,-5.8553363943099965,-25.771543604135516,-6.637809953825292,-22.53356101248099,-2.9626516206623994,0.3430238599814987,0.548838175970398
112.753576,55,32.763201,55.0,76.15380527901247,16.89837994914778,18.039374034651456,-3.9446120452880873,-18.550860935449606,-11.777100312134948,-17.285728068406588,-1.7796815749927406,0.5801278521873725,0.6381406374061098
108.750973,58,32.871202,58.0,68.9633865271295,17.627607915372238,19.341725996330524,-4.2845112276077275,-19.806234830617907,-11.15537504931333,-17.895754328858374,-2.039872023209693,0.4479483644982779,0.5196201028180023
136.936696,93,33.045061,93.0,58.440600607199976,31.59350020361904,31.734897611734716,-7.0230165219306935,-33.00587174892425,-6.010504613171574,-28.556603490579963,-3.23630572015432,0.3409274589519554,0.6341250736506371
112.129949,59,33.157826,59.0,72.42805462688798,17.640567599500994,19.324473903177953,-4.30003523826599,-20.08519387245179,-9.351431614201784,-19.90452956820087,-2.621956747823187,0.5450709235201124,0.6431836897537326
118.819486,57,33.264734,57.0,72.1590794918782,17.029866970464212,18.713889154516668,-3.937596542835237,-17.74766192436218,-9.590182167496817,-12.555026144852103,-2.2528825717870906,0.6203482965618045,0.7071970580804572
123.10139,69,33.39235,69.0,67.16273511192006,22.000513609329527,23.691997769884093,-5.0874457263946535,-22.693851065635688,-7.745177576337121,-20.376311758294438,-2.8510705631642446,0.2949601111901103,0.4070449534423522
90.730957,55,33.491143,55.0,39.61670479027524,16.328379619679367,17.506196477672127,-4.05672832965851,-18.301250731945036,-2.058868831332412,-11.497595281873512,-1.805880431210893,0.5681588705604624,0.6249747576165088
95.365927,51,33.584342,51.0,58.57518309851733,15.521732028648191,16.213443942680634,-3.680401668548584,-18.00701315402985,-8.086519964753718,-14.328321582360386,-1.8421753216648058,0.49351980679731217,0.5033902029332584
101.777333,53,33.680705,53.0,65.73778018505543,14.684716299830663,16.755191509578083,-4.109932532310486,-17.887246865034108,-7.884499266099399,-16.503224282914992,-2.015452380177922,0.6312466396192324,0.6691214379963865
98.052763,49,33.771559,49.0,59.56599470078526,14.501261476466452,15.804638499849979,-3.427599768638611,-14.80382753610611,-7.3818646205193525,-13.301284027671821,-1.904555913910295,0.49635988381865465,0.4864326861422815
97.38625,55,33.869018,55.0,55.39025856398932,16.825409359158463,17.894835597815206,-3.931512048244475,-17.60654433965683,-6.3099929601225675,-17.774066431608386,-2.102137394578655,0.4169653090313291,0.4586618399344621
116.069867,65,33.991313,65.0,62.49427406883952,18.72336950100655,21.674963773579105,-4.562664451599119,-22.14652423858642,-6.405512712007137,-16.516959668874954,-2.1910788882879704,0.41000080248011445,0.5330010432241488
108.295186,57,34.216663,57.0,69.6471888918405,18.118882984477178,17.929471944030634,-4.176565508842469,-19.835713076591496,-10.232789767470079,-18.24504002859436,-1.9102493288030715,0.5462293603988915,0.6227014708547364
120.54136,55,34.318458,55.0,77.0769531195245,18.31491860162271,18.616203024025438,-3.9961783075332646,-18.917044866085053,-10.292259354664905,-13.37587787727287,-1.8853545039674777,0.6126278686972856,0.6738906555670142
113.220942,57,34.429556,57.0,67.40205526857986,15.842517117433532,16.915172594485885,-4.304504685401917,-19.148834466934204,-8.32268743681734,-9.977165733898682,-2.18561079141526,0.5411296894130518,0.6168878459308792
105.7537,55,34.531564,55.0,64.87128547165729,16.920144826128197,17.333807989209298,-3.9520101213455194,-17.098001563549047,-7.920356879333044,-17.157401741722545,-2.243768188768587,0.49264500333988764,0.5419095036738765
145.606033,71,34.662932,71.0,88.3403993263192,22.80987603199713,24.41222161641078,-5.249331159591674,-23.227743148803707,-11.837970029568337,-17.96708259004001,-2.6743372976303013,0.5907939626728763,0.8389274269954844
129.762946,68,34.785802,68.0,76.21122643801144,21.678373945778077,22.444889997308632,-4.959895358085632,-23.37903847694397,-9.743197994816747,-17.676797445421155,-2.8126155647080444,0.5282675349619397,0.718443847548238
108.554302,53,34.884403,53.0,68.41114316367995,15.860742159100495,16.738218860594767,-4.059496548175812,-19.151694118976593,-8.852882000763913,-11.355081895625338,-2.036647163268944,0.5541495222847294,0.5873984936218132
104.842515,50,34.974106,50.0,70.41918906110374,16.05245593266998,16.176453758674135,-3.446618964672089,-16.118335103988645,-10.014280219536142,-16.23289212747735,-1.9934570735985546,0.5856130463291002,0.5856130463291002
103.406264,56,35.073793,56.0,58.81174921185413,16.077462151941774,18.364635338267288,-4.488884162902832,-20.71151640415191,-7.124664474357657,-11.417250622396395,-2.1052670695647593,0.617912097211538,0.6920615488769225
104.624226,53,35.168816,53.0,65.01324685749164,15.737453828243792,17.049818010114166,-3.870629105567932,-18.91867862343788,-9.421501730621577,-11.909610563258337,-2.0558725301407654,0.5502151868578634,0.5832280980693353
99.514863,52,35.264529,52.0,59.56288734708913,15.056544565838085,16.693856144622757,-4.080700731277467,-18.261097729206085,-7.432453051946108,-11.960522704857267,-2.0636507341196024,0.5166394217849722,0.5373049986563712
101.982357,50,35.358353,50.0,59.78782625381038,16.29091742354486,16.77252831944438,-3.900646493434906,-17.231921041011812,-7.322146423340616,-10.293136237371654,-2.1210643095116803,0.4944477773650451,0.4944477773650451
116.505892,60,35.464809,60.0,67.3028145869719,17.473572252848832,19.753736032775087,-4.575705976486205,-19.734938669204713,-8.90858489930676,-12.314353859354057,-2.4906473355231906,0.53043880152345,0.6365265618281399
143.697131,75,35.601228,75.0,79.22337704430879,23.90446021635746,26.037048605173386,-6.012299687862397,-28.301994156837463,-9.292453905610314,-14.205187310380266,-2.655820023510829,0.48413464416733715,0.7262019662510057
102.510963,50,35.699253,50.0,68.27544331365519,14.792377678901637,16.280976143350813,-3.9352200722694395,-17.69933717250824,-10.255132469475825,-13.250113864507096,-1.6980305979679036,0.59584645464714,0.59584645464714
97.057006,49,35.789495,49.0,58.49549719987117,13.772243138129571,16.00021311923893,-3.5162064862251294,-16.39462163448334,-8.99971542538181,-9.4572411621134,-1.843162294647022,0.4647967804863135,0.4555008448765872
108.62805,55,35.889754,55.0,58.32527227662569,17.26992865261066,17.726179065467026,-3.835095582008361,-17.65856553316117,-4.454366514413297,-12.047382695890764,-1.6979198599278318,0.553712205670885,0.6090834262379735
101.662428,58,35.996007,58.0,50.127576788418175,16.680191610567718,18.639697581047155,-4.209185941219329,-18.67125424146652,-3.000351661677283,-13.914157102372615,-1.9900888042905178,0.5442189975536442,0.6312940371622273
132.829949,72,36.248346,72.0,72.97911215395098,21.73412995818478,23.90517001691782,-5.448501112461092,-24.324597215652467,-7.265588923849869,-18.015682829457763,-2.7340932088971313,0.49022372764234207,0.7059221678049725
103.450226,58,36.355293,58.0,59.27651427555813,16.386875539875692,18.72701094528404,-4.497006430625915,-20.177522504329684,-7.743600237818887,-14.098926409326378,-2.4231193826737956,0.4566378739790631,0.5296999338157131
134.474004,64,36.469362,64.0,74.33332870750915,20.899898807079012,20.90594530906544,-4.479409828186035,-20.039787101745606,-6.775128745254101,-11.99701094663506,-2.3738324822869137,0.548673050394119,0.7023015045044723
104.024524,50,36.560007,50.0,66.2604211510382,14.769367469736407,16.132307578323786,-3.725954654216766,-17.005131888389585,-10.06012438146022,-10.38681506879695,-1.959545917781022,0.6193434198924763,0.6193434198924763
64.425008,78,36.708747,78.0,-10.449324891987544,24.264985004028933,25.444575738900806,-5.4791012430191035,-26.466185140609742,-1.6207274070036777,-16.649022988232737,-2.6201912068044666,0.1348317966674571,0.2103376028012331
121.218949,54,36.808641,54.0,77.00083785573787,17.4660497292078,17.65756933427216,-4.192080240249635,-19.573036968708035,-7.500012689548221,-11.350938969765789,-2.289439239356295,0.5352515862055701,0.5780717131020158
104.049675,49,36.899194,49.0,69.35968070060491,14.73835509194737,16.31064889264902,-3.711235904693604,-16.39208774566651,-10.140686398048496,-13.398393945733245,-1.716606048615478,0.5715057973797047,0.5600756814321106
114.690217,65,37.019061,65.0,52.09777244570448,21.347773326673984,21.980693089177375,-4.740751490592956,-21.708405709266664,-3.163505409316376,-13.787074064783848,-2.3362850258062795,0.48633228721302285,0.6322319733769297
96.188823,51,37.110918,51.0,60.367209069549666,14.756770069489681,16.71057808780467,-3.5917824387550357,-17.0120555639267,-8.428242712004536,-15.828609490472347,-1.7850439153837518,0.472450921047995,0.48189993946895493
129.045824,76,37.24948,76.0,58.26433247543223,23.50862927160293,25.037762447210707,-5.522625677585601,-24.68451582193375,-4.632589000663487,-16.005633930344306,-2.919535598961355,0.4703540627497924,0.7149381753796845
93.053796,59,37.35809,59.0,35.08246614281263,19.148305521842374,19.202370946824843,-4.168526329994201,-18.653692603111264,-2.6648274702588925,-11.863046733462026,-2.0292533053055326,0.41188738483601706,0.48602711410650007
104.311033,54,37.457479,54.0,63.104901481807445,16.520899898299998,17.296338084582224,-4.120136451721192,-19.029776644706725,-7.6454363674013,-13.768210397612048,-2.0475466889460563,0.5376087875727579,0.5806174905785786
112.587169,52,37.558035,52.0,71.75843426885811,17.4531335259698,17.306847050149646,-4.024344387054444,-18.606405830383302,-9.899431062005075,-11.478083374904607,-1.9229810072230131,0.5794449784409371,0.6026227775785746
130.27299,65,37.684846,65.0,77.00738269392512,20.80596697544494,21.344988551037616,-4.7251214444637295,-23.418153941631324,-8.109204630814503,-15.406171677082797,-2.2266968310146185,0.5231240607842861,0.6800612790195719
105.437476,53,37.780779,53.0,61.45990793396619,17.366761772141537,16.983211187618988,-3.6535296511650084,-17.07629873752594,-7.783813947842384,-13.000373149011665,-1.858389161753312,0.5033065581871136,0.5335049516783404
110.760444,54,37.878213,54.0,73.9891208292785,15.413471336397432,17.421805714561078,-3.8276135754585274,-17.800074928998946,-8.095166060629017,-18.61904257509658,-1.7220566147486933,0.6354595382651931,0.6862963013264086
125.753035,56,37.978501,56.0,70.73206923737479,18.32727866152514,19.160331650630475,-4.042192647457123,-17.125098669528967,-6.979559584064518,-8.392690373795158,-1.9271028920329143,0.6242610154301927,0.6991723372818159
117.7314,59,38.197843,59.0,73.86238220287728,17.700259702820833,19.63015457196347,-4.494047365188598,-21.30172656774521,-9.728758896687285,-14.86266268714152,-2.0742012978488655,0.5460895343280596,0.6443856505071104
120.830254,58,38.30059,58.0,71.53536645451094,19.137346186717775,19.75830113163385,-4.225181097984315,-18.239360499382016,-8.95508376063027,-13.907862838239488,-2.273271978343956,0.518029384249805,0.6009140857297738
102.033469,54,38.395893,54.0,63.31468075319362,15.636467260778616,17.321898434439756,-4.062122602462768,-18.765905439853665,-7.8242708364562885,-15.534627482114278,-2.0526512695209904,0.4892317457037564,0.5283702853600569
106.381682,51,38.486317,51.0,62.144251091605746,16.204835095193904,16.510858951913324,-3.650738065242768,-17.706598210334775,-8.02653183914751,-8.615138224115578,-1.479257100646926,0.5077537210742947,0.5179087954957806
121.984462,76,38.624599,76.0,46.508849398891435,24.99697018637098,25.31653913625789,-5.29395844697952,-23.598344099521636,-4.431443842668008,-14.743258359610461,-2.7708917147459324,0.34582734106130747,0.5256575584131874
166.071784,89,38.785804,89.0,77.07707080208722,32.41590379223553,31.53936662663915,-6.546759130954745,-27.174136036634458,-9.42395130173973,-17.34285765457303,-3.4728526296493363,0.3710549549911714,0.6604778198842851
120.96875,60,38.893506,60.0,66.5538237840513,20.317368511311518,21.258730786555496,-4.419934859275818,-19.354991292953493,-8.546455283883798,-12.584495473879366,-2.255296462770984,0.41466490937098643,0.4975978912451837
115.924777,68,39.018529,68.0,62.77737595199267,21.825250321657226,22.171232767348265,-4.923879693746567,-22.451276171207425,-7.43241045449758,-21.609759031298974,-2.4317571385102097,0.37621684117878906,0.5116549040031532
115.906455,73,39.151715,73.0,44.20578323332301,23.694480249938067,23.249429403673258,-5.480440711975099,-23.96932010650635,-3.971052045077861,-12.271570803008844,-2.5508539586887724,0.14203073191079685,0.20736486858976338
130.221875,64,39.267094,64.0,79.5701368938428,18.915168053239963,21.80047306669882,-4.523082258701326,-21.950150048732763,-10.489923386482642,-14.737474610888105,-2.363272992629238,0.573917999556007,0.7346150394316889
158.362365,84,39.416281,84.0,91.76031286524454,29.288587690113705,27.639162975482833,-6.099164993762969,-28.654728484153733,-10.799626083853251,-25.586974369337735,-3.1852044639253245,0.4963789760210536,0.83391667971537
119.723177,55,39.514838,55.0,74.65795655423848,16.241883448631953,18.601130838116436,-3.9550967764854414,-17.602845549583435,-8.770388380452122,-12.476106612533961,-1.9733563560115224,0.603700414905202,0.6640704563957223
108.766116,51,39.606246,51.0,67.25587010327291,16.023892580802702,16.548834079024726,-3.451341030597686,-16.19633508920669,-10.51318876817585,-10.092037430278697,-1.80957854759695,0.6127813809424594,0.6250370085613086
124.109265,65,39.723779,65.0,69.85920375907689,21.265331598046007,20.687885558691185,-4.672015795707703,-22.17048777341843,-7.43091887630946,-16.016528323865355,-2.4132048845607335,0.49759110976238974,0.6468684426911067
131.336874,66,39.841163,66.0,79.17135585388894,22.037632810630928,21.18034838875361,-4.8886032485961906,-23.422922611236583,-9.564933972649452,-16.231871166519518,-2.944131930875552,0.5106752443012744,0.6740913224776822
115.352061,55,39.938367,55.0,72.2630321832346,16.199905108393526,18.274430005452693,-3.974567689895631,-18.704614388942716,-9.390221037567613,-12.582567630856639,-1.7333357536623986,0.5582933898836242,0.6141227288719867
91.860508,48,40.142671,48.0,56.605063727544945,14.665404804420811,16.46131565754905,-3.4240286827087396,-15.886404609680174,-7.2019067013808495,-15.58565470656595,-1.7732817486333892,0.4763543379631855,0.45730016444465804
131.251952,71,40.266292,71.0,65.06294933298625,22.310138771187148,23.517001497802422,-5.064737210273743,-23.410886263847356,-4.683363954491744,-15.047438350212351,-2.4317117432936297,0.444114780995605,0.630642989013759
113.274444,53,40.358489,53.0,63.181931588688705,16.403901475784902,17.27323356636267,-3.80419548034668,-17.333024245500564,-5.206708667513894,-8.301000866037738,-1.9396933566862216,0.5875587862301803,0.6228123134039911
92.548021,44,40.435478,44.0,61.73339273410714,14.216728857329066,13.888882271710774,-3.2951186370849617,-14.788439130783082,-8.785568102588101,-12.553095042555281,-1.8687622259358214,0.5882444166477117,0.5176550866499863
120.727826,62,40.545878,62.0,71.00486419655738,20.473758312493125,19.907366672506292,-4.854103314876555,-21.29284826517105,-7.687492410640948,-16.51461337296239,-2.3091056082157753,0.3849673584556368,0.4773595244849896
99.680788,48,40.631514,48.0,55.77550905853563,14.923370639071145,16.05583689337993,-3.2909338688850385,-14.117387294769287,-8.092757999385544,-7.99908956939153,-1.573759659163979,0.4498948938342621,0.4318990980808916
121.996002,70,40.756511,70.0,60.46708578612551,22.175178433073192,23.06523984810754,-5.140890554189683,-23.905691790580754,-4.594357664135145,-17.636729029332553,-2.4338327786633553,0.2581992789749656,0.36147899056495186
139.554407,69,40.879272,69.0,79.9158419202842,22.52420495792488,23.084182711828152,-4.84106066942215,-22.91725263595581,-10.811276211176075,-13.820151897453139,-2.580081440692646,0.42564225431060093,0.5873863109486294
136.567555,70,41.004156,70.0,72.55350587197339,21.693888130506767,22.772374341367225,-4.518658952713012,-20.4500708937645,-9.409623277356644,-13.406328080377097,-2.6675320572703796,0.4705862709811501,0.6588207793736102
129.925873,61,41.139827,61.0,73.40085875230962,17.28152169008949,19.9960644448916,-4.736801228523255,-19.497722077369698,-5.512261247195945,-9.667850497318847,-2.3379368323585767,0.6106184443356351,0.7449545020894748
124.910939,66,41.27753,66.0,63.08798016462547,22.57491916327604,22.192621661551176,-4.782750172615054,-21.836260187625882,-6.591850501926066,-13.351130566337773,-2.382590763077568,0.40906212308987844,0.5399620024786396
105.11165,49,41.369971,49.0,71.86727915208128,15.516948266720087,15.00198501916489,-3.6925164270401,-16.50844670534134,-9.741421062225546,-14.558688618519318,-1.7734898437503872,0.6321179800525522,0.6194756204515011
117.353539,59,41.479593,59.0,67.69246646729869,17.930343262291007,19.266488531622738,-4.302003614902497,-20.319168496131894,-7.423222903039032,-12.262173977829908,-2.229190391716156,0.5154612057807946,0.6082442228213376
141.49337,65,41.600206,65.0,85.36728966473609,22.48541692991332,22.038947311965977,-4.602772707939149,-22.64812995195388,-10.522872032938812,-13.701991415613366,-1.9225179664133025,0.4500352627218663,0.5850458415384262
110.042741,56,41.70408,56.0,60.416311314206524,17.86228142466378,17.91699792328734,-4.2432966661453255,-19.825533890724184,-4.41337217915084,-11.405843215285904,-2.2648035554490873,0.5538302305842039,0.6202898582543084
120.27748,58,41.808503,58.0,70.9924095212385,18.383999275078843,18.794154179385377,-4.210450984239578,-20.25498039722442,-8.141847850691024,-11.26165005871964,-2.024154159720689,0.5993344325917491,0.695227941806429
135.492877,67,41.931663,67.0,72.76324672835229,21.60316494635079,22.241919369306046,-4.661337487697602,-20.928319859504704,-7.946271866255808,-11.672831104382398,-2.9066936656909923,0.4818005672278836,0.6456127600853641
122.763664,60,42.157328,60.0,71.31960561223018,18.743028897987422,19.560761792147964,-4.348346638679505,-21.18112753629684,-8.642303946367377,-10.592584169386184,-2.0953701539559613,0.5550974658271284,0.666116958992554
123.748213,59,42.263846,59.0,76.70070202235144,20.30259751082258,19.084486549945428,-4.2947441005706795,-19.9394786477089,-9.770020232633954,-15.079104030556076,-2.256226005957104,0.529067788155609,0.6242999900236185
101.962203,55,42.36452,55.0,63.764024752018095,16.523148537022887,18.3832110042797,-4.040136978626252,-19.41374261975288,-7.801268129217592,-18.337482430559213,-2.115550765640612,0.5062043803555222,0.5568248183910744
135.02619,73,42.49609,73.0,67.34468919025447,22.706196203574542,24.7676059282127,-5.529541304111481,-25.64187898635864,-4.252041895935562,-14.523219560439117,-2.8456194583410555,0.478563021938026,0.698702012029518
107.944645,56,42.596126,56.0,53.77839480520474,18.141690380527802,18.29782795837591,-4.0205988407135,-18.498510861396788,-5.852095093560185,-7.7481773503650695,-2.153885839678958,0.39292429145101165,0.4400752064251331
120.803667,65,42.712937,65.0,58.880725093373925,21.888342169953027,22.36584875287947,-4.554540264606476,-21.79865787029266,-4.3436717781487175,-14.296995516511572,-2.3373831357530004,0.3979020659548578,0.5172726857413151
125.073331,58,43.022812,58.0,79.09047754013645,16.749606903859473,19.22837944393641,-3.9531955635547638,-18.17398146986961,-11.155709371024479,-12.539084500123229,-2.17316167296543,0.591186315673374,0.6857761261811137
124.744821,59,43.128456,59.0,70.79855940447425,20.675595327331724,19.720783411534985,-4.228863549232481,-19.729720842838287,-8.602829266500928,-10.789701885790418,-2.099001701977543,0.4903203244736994,0.5785779828789652
139.344008,61,43.232742,61.0,94.52366495265329,19.333463631850428,20.37543105189976,-4.635747702121735,-22.276370078325275,-14.176524809251644,-12.306968733164288,-2.4929399526017857,0.7211268133978824,0.8797747123454166
126.077554,59,43.33438,59.0,74.39523245310905,17.947191633863493,19.239980507598624,-4.498843331336975,-21.136377817392347,-6.396714963222091,-10.261855972808371,-2.2110586849954537,0.5707913076234906,0.6735337429957189
122.669577,54,43.430433,54.0,74.99482286359358,18.93507836240601,18.482501349666375,-3.951432173252105,-17.46194486021996,-10.360198163694495,-10.274814674733477,-1.6944356529395546,0.5908966108142936,0.6381683396794371
114.215312,50,43.520001,50.0,74.27185862636051,15.621265645342014,16.49854250521874,-3.7172737574577335,-18.048268294334413,-10.570224416813375,-7.894368487851481,-1.946219465783444,0.5747662998949419,0.5747662998949419
111.674024,59,43.6245,59.0,64.76463717540054,18.568703419044567,17.46655233432238,-4.05566032886505,-19.12685127854347,-6.069103922359372,-16.542183830395032,-2.332070030343409,0.4852287135078323,0.5725698819392421
120.354807,59,43.728722,59.0,65.76602144839934,18.363971947147213,19.256582502845916,-4.220182119607925,-19.065619671344756,-5.7593652231430905,-10.901168809111926,-2.085433430753363,0.4396369681898055,0.5187716224639705
131.421183,60,43.83524,60.0,80.12680998323559,19.824970631847222,19.694850704409582,-4.323132498264313,-19.427808618545534,-10.006579384884686,-12.35988712195217,-2.108040327012258,0.574209373286155,0.6890512479433859
119.731053,65,43.950711,65.0,62.27709550919,19.513958730827138,21.50249630747124,-4.877462984323502,-22.036919993162158,-6.113047769779383,-12.826964184073532,-2.708102132224546,0.4496725594885719,0.5845743273351435
110.013267,55,44.049266,55.0,66.85499056055232,17.870739203463554,18.08500379824845,-4.2050407624244714,-20.22085433006287,-8.278674784727777,-12.932437982077401,-2.160459011616192,0.48552443767696,0.534076881444656
113.054006,49,44.255464,49.0,68.87488604497405,15.813204389686998,16.16445128300688,-3.517153000831604,-15.442407763004299,-9.509801722590943,-6.6460623233001686,-1.6831108943497017,0.5721068465168416,0.5606647095865048
114.073729,55,44.352706,55.0,74.41485750754843,16.005176726648862,17.762455176594138,-3.954706537723542,-17.93496414422989,-10.590696261183862,-14.659046484758278,-1.9693466306883918,0.5953551288331128,0.6548906417164242
171.089397,84,44.49906,84.0,102.06494616422495,28.91738605884279,27.888402819485236,-5.937023618221281,-26.110286653041836,-12.166908306721542,-24.377580222954244,-3.189538780842942,0.5792280451188025,0.9731031157995883
120.601128,58,44.602563,58.0,73.63012003198288,18.564487677143276,20.00855828521812,-4.333994975090025,-19.981515854597088,-9.224073038971909,-14.059816627332149,-2.0026370656444885,0.5765298700828507,0.6687746492961069
129.002476,58,44.707567,58.0,75.94371415619618,20.308677900890938,19.175256008368155,-4.324972162246704,-18.77469297647476,-10.574909997733867,-8.405524373991463,-2.3450725333183833,0.5756760278148599,0.6677841922652374
151.784811,69,44.830869,69.0,87.74783290269424,22.011897477028842,23.63840739067773,-4.972293307781219,-23.02920792102814,-10.57529472961197,-9.517390662560448,-2.519139757143308,0.5605896737163014,0.7736137497284961
132.767321,64,44.946424,64.0,75.041822397602,20.949467808412685,21.868132075783002,-4.584843366146088,-19.966843497753146,-8.641528260545572,-13.657714184907396,-2.2411723416810836,0.4787471042606047,0.612796293453574
151.827035,74,45.079036,74.0,83.59289874697578,23.633075575112603,25.044136400105454,-5.2645271372795115,-24.282501125335685,-9.491768199919473,-12.909422719905029,-2.4948565097804773,0.507572549119585,0.7512073726969858
115.245052,68,45.205596,68.0,47.19577013374891,21.038507530660137,22.563813556925865,-4.868465189933775,-22.032464987039567,-3.4420432262103486,-10.317841804714936,-2.8922236583173793,0.4739676367673828,0.6445959860036407
129.735122,61,45.319747,61.0,79.37653149377176,19.002210074753087,20.557970789614835,-4.6839527297019945,-21.718535089492804,-8.598923458709109,-12.770893813883434,-2.4292852161845713,0.5754040800801655,0.7019929776978019
78.912551,54,45.420197,54.0,24.649210537982736,16.544023379640418,17.181605980658183,-4.081356039047241,-17.489952206611633,-0.9509495163176265,-8.960289134767565,-1.9797419004219479,0.3701010045637977,0.3997090849289015
139.798013,72,45.549439,72.0,78.86221279208054,23.105861673771948,24.42293519437969,-5.4663594913482685,-25.7047798216343,-9.468096988263683,-15.131787597973801,-2.8219722701092294,0.43739216052615615,0.6298447111576648
147.640859,76,45.689027,76.0,79.62714118109002,24.926230360682958,25.402658813311472,-5.354394989013672,-25.12454061508179,-8.834307360472275,-16.327307825841864,-2.674620931319566,0.436468530690468,0.6634321666495113
117.556101,56,45.794069,56.0,73.21122866703945,17.867365043747228,17.955822223138796,-4.1773449778556815,-18.005614519119266,-10.698205273169947,-12.402286168688574,-2.1948640848150376,0.5809748256495609,0.6506918047275083
148.05212,71,45.933774,71.0,78.99681035948488,24.209111570824703,24.099482439130394,-5.1573903799057,-23.476324015855795,-7.690303081904368,-11.21918553397536,-2.7100810391473327,0.4578902482410214,0.6502041525022504
231.2914,126,46.277847,126.0,107.98508710184046,46.0232864999219,44.284424541440366,-9.549410140514375,-40.63816813230515,-12.863039653252493,-24.71297705143905,-5.237803420197762,0.38477971688185514,0.969644886542275
113.140689,48,46.362808,48.0,74.09257404269587,13.500815783635908,15.733193427758428,-3.368648915290832,-15.43010932803154,-9.453330913036563,-8.61286508916698,-1.3209398357807243,0.6153922026591252,0.5907765145527601
125.201361,67,46.489008,67.0,68.96494578472621,23.11179831497585,22.258116874425625,-5.050546689033507,-24.231091129779816,-9.735705369522016,-14.797172898517152,-2.3189837741910053,0.4583581573114533,0.6141999307973475
146.688068,68,46.61597,68.0,82.80107475944337,23.300947290633765,22.654946147658887,-4.681535176038743,-21.06031801700592,-9.121260660400704,-12.902634821778948,-2.303151456812206,0.4385406334259104,0.5964152614592382
130.344768,59,46.72171,59.0,80.1020303310904,20.477687824381736,19.229143073070183,-4.371443314552307,-20.442839658260347,-11.713538357146128,-9.879051806567363,-2.0572204899359186,0.6012419333627705,0.7094654813680692
107.304495,48,46.807748,48.0,73.38079212009089,16.384462337473465,14.933012420773585,-3.830995438098908,-16.620069420337675,-12.898905696866313,-10.284395758185621,-1.7594054294790324,0.7269561942199176,0.6978779464511209
97.665917,54,46.90605,54.0,51.45867153343523,16.879629482449864,16.693717053693923,-3.69234433889389,-18.029199063777924,-6.677253356119802,-10.813275996972411,-2.154028198535872,0.41356457200517505,0.4466497377655891
140.195967,65,47.021287,65.0,83.40637907151844,20.163361666096435,21.321291686273536,-5.074282774925234,-22.54862343668938,-9.949216203626527,-9.867335174828913,-2.255607545029964,0.5398068283190464,0.7017488768147603
125.767968,61,47.129023,61.0,70.3402877235654,20.37398812850221,20.784987248048516,-4.436155500411987,-21.714396870136255,-8.328151103351416,-9.96782816049632,-2.2847634552662655,0.48688103306365377,0.5939948603376576
104.965937,50,47.21921,50.0,62.45269104426323,14.46748999605773,16.453357996155283,-3.3660415399074557,-16.115101039409637,-7.2569997211913355,-9.755351285054704,-1.914108279436666,0.569546833255811,0.569546833255811
111.127277,63,47.332338,63.0,60.88313992800562,18.57323033067058,20.33465268917181,-4.904985213279724,-21.665534877777098,-5.759259083934164,-16.82807388164119,-2.505892579220796,0.48476786411857575,0.6108075087894055
135.266378,67,47.450238,67.0,79.39810797878809,20.50285080160228,21.33397152239537,-5.08036650657654,-22.6791985809803,-9.130310766986824,-13.469965042321888,-2.6087113704026996,0.5525018330463568,0.7403524562821181
105.393287,53,47.551354,53.0,64.97742151138848,16.24641992765861,16.88065220188633,-4.036001598834991,-18.579383158683775,-10.05609302298668,-11.205759434943133,-1.8339690570180256,0.590318202433526,0.6257372945795375
126.031987,62,47.666824,62.0,70.9142913640445,20.122326009869255,20.38787101321822,-4.735628244876861,-21.053630161285394,-7.8057540616986145,-11.182189559350128,-2.6152991235972975,0.5062449667776817,0.6277437588043253
136.893975,67,47.790114,67.0,78.3456723985918,21.825180882988555,22.146565742506667,-4.678326566219329,-21.881477367877963,-9.303314964647395,-13.939601555012352,-2.620723293025165,0.4901378049657121,0.6567846586540542
133.566512,62,47.903194,62.0,80.08285623966765,20.288439100201384,20.572297729365605,-4.365757067203523,-20.749907743930823,-10.502290175275231,-11.825109714449212,-1.9340163479015124,0.44982260086935344,0.5577800250779983
119.931651,54,48.003527,54.0,77.87773333801823,15.76988785418308,17.571577366863732,-3.9472047090530404,-17.812518799304968,-10.686003061036656,-10.90348082033926,-1.93834033749284,0.6389676594235384,0.6900850721774215
137.358438,70,48.248293,70.0,69.54878143937034,24.48287278255801,24.149281675742152,-4.996451792716981,-24.152206230163575,-7.5677234169131,-11.35264738476851,-2.753469272625323,0.3902470342706069,0.5463458479788498
126.959782,54,48.347844,54.0,78.32369509363178,17.103536902905635,18.007681495358465,-3.6767282843589784,-16.576666641235352,-9.796566402745034,-8.526680968852983,-1.8984894246940898,0.6148957695155309,0.6640874310767735
122.365538,63,48.461812,63.0,65.56821342186021,20.61409880315026,21.019796245962315,-4.812714133262634,-21.91059128046036,-7.273862031157964,-11.19609908245614,-2.643303596852513,0.3649952185605992,0.459893975386355
131.282603,98,48.645277,98.0,24.351258472143392,31.767252409784227,32.46281751794142,-7.280754942893981,-31.236093962192534,-1.4815273173458514,-11.477206948225938,-3.823141818650137,0.333601524333325,0.6538589876933171
126.75161,61,48.760809,61.0,68.23798547301419,18.783883057949158,20.550282713162844,-4.1337778842449175,-20.050719094276424,-6.097679582776691,-9.55842253665239,-1.9799421197528362,0.44942179507730484,0.5482945899943119
149.961642,73,48.900324,73.0,82.37935618486874,23.846906786226658,24.811656600567332,-5.274670162200928,-24.476704025268553,-9.323755903600679,-12.360513994887356,-2.640633039833395,0.5103000163556465,0.7450380238792438
129.540085,61,49.012678,61.0,79.04684532188219,19.126778339273805,20.485115915798925,-4.360000195503233,-19.319806444644925,-11.089270618913675,-13.161053634760108,-2.1885233658328884,0.5611940480431886,0.6846567386126902
116.362826,57,49.115946,57.0,69.321994856613,18.604111434493838,18.804752941700066,-4.171588444709778,-18.24883248806,-9.101699354900754,-14.067182012122196,-1.778730964485657,0.5063474123484625,0.5772360500772473
146.090745,67,49.236206,67.0,87.12349594155754,21.48532992096309,23.156674157776447,-4.9048171949386585,-23.40763258934021,-9.969874714067268,-12.172362065501874,-2.2200685704543592,0.49063360426435265,0.6574490297142326
136.194761,64,49.354299,64.0,78.02443369478004,22.74823775820929,21.421088705610224,-4.705636531114578,-21.960120844841,-7.859301263409929,-13.484233143579065,-1.9897072948887262,0.5647999555059741,0.7229439430476468
151.376856,71,49.481206,71.0,84.41172187398551,24.55461423078483,24.142695905264215,-5.143195436000823,-24.024172055721287,-10.43092174846458,-10.544590346107713,-2.5892959999931904,0.5330749864090825,0.7569664807008971
162.233516,77,49.621196,77.0,92.36960750015123,24.42348205871744,26.267352151838363,-5.252332215309146,-25.404991680383677,-10.861063139835236,-13.841035137239485,-2.4675034245462766,0.5270156889900603,0.811604161044693
129.045988,60,49.732849,60.0,73.75688972574962,20.108413441769837,20.860532339018565,-4.235376033782959,-20.114692127704622,-9.984820422102157,-8.980138726325745,-2.364820608648366,0.5458265096154007,0.6549918115384807
112.900925,55,49.836756,55.0,74.17245814080417,17.80494405284974,17.925016122701255,-4.131615986824035,-19.188517034053802,-9.72751043711443,-17.02508993216846,-1.9287602951869935,0.5808324428688315,0.6389156871557147
117.992118,62,49.951481,62.0,66.36858845965136,19.052954785207742,20.081128820622496,-4.495768666267394,-20.1737946152687,-8.692166759121593,-13.624198541359815,-2.5246250451152807,0.44388783642705154,0.5504209171695439
127.288566,59,50.059344,59.0,76.93220751464101,19.499907510375944,18.748154203676524,-4.12090206861496,-19.269686371088028,-10.014959223727567,-11.483644073574471,-2.0025113178399465,0.5657131595924261,0.6675415283190628
123.584577,54,50.282313,54.0,79.18748543591202,17.606907608020673,18.489848419700415,-4.115977108478546,-18.355175888538362,-9.994010573394581,-11.263927852437735,-1.9705735016594017,0.5857442003841191,0.6326037364148487
149.660213,70,50.409671,70.0,84.78671523099845,22.669392975819516,24.24226972631219,-4.806681199073792,-22.21109396219254,-10.67551422133814,-11.42980216569135,-2.9150737088156955,0.3350186824661632,0.4690261554526285
120.107714,60,50.518869,60.0,69.37119182197199,20.370246352889467,19.279311741590533,-4.532702577114106,-20.494646394252783,-8.881704362100244,-13.185200114483578,-1.818782824699235,0.3937497282741163,0.47249967392893955
113.421693,55,50.619398,55.0,63.48565732211225,18.11379445846492,17.53548105013992,-4.263089505434037,-19.047519361972814,-5.4748738958927685,-10.034073376675751,-1.8936833191445002,0.5192462491614135,0.5711708740775548
162.084343,67,50.741576,67.0,98.94239696143568,23.300077328675552,22.34579557770059,-4.682917697429656,-22.44769033193588,-12.046046574362407,-8.111605947309682,-2.2156659075673226,0.6530606314669843,0.8751012461657591
153.337766,71,50.881743,71.0,87.59854039873913,23.735588746326783,23.634462572715194,-5.305082795619965,-24.047361397743227,-8.688682125076665,-12.338932633807723,-2.250766456151521,0.553107860484624,0.7854131618881661
135.778868,67,51.059373,67.0,76.71564359649119,22.472332038943453,22.28174984309597,-4.593105599880218,-21.82693519592285,-10.14678357985899,-13.88190053304148,-2.2421328942000636,0.4562695939814222,0.6114012559351057
121.569612,56,51.165088,56.0,78.03055604019916,17.385621037305846,17.81262307010903,-4.032717497348785,-19.06143996715546,-11.56726155565232,-11.006876621541842,-1.9908924882858623,0.577716938389692,0.647042970996455
133.959622,54,51.264728,54.0,85.13425672430776,18.67744934047037,17.416646998742987,-3.8433361601829525,-16.95341149568558,-10.696316399619553,-7.749815040334347,-2.0258520709892576,0.61275899364413,0.6617797131356604
134.46244,64,51.3845,64.0,74.80084334982449,20.46192472114557,21.27430650247217,-4.570261719226837,-19.78673424720763,-8.926860734930406,-10.296658244653878,-2.4941193887838353,0.48043372283484265,0.6149551652285986
100.94432,52,51.479091,52.0,55.21555548712642,15.647573243435891,17.149591604127707,-3.7439506065845487,-17.9356503367424,-5.954092191350606,-9.69727080797922,-1.73743668008747,0.5315474733583827,0.552809372292718
119.757985,53,51.576183,53.0,72.73834407096011,17.985006554421645,17.369501104671215,-4.058601853847504,-17.773777508735655,-11.232032557223611,-6.195748351424961,-2.0747061812849212,0.574239010908495,0.6086933515630047
171.641932,72,51.710049,72.0,106.13203730094284,23.033146179660026,24.43437043072678,-5.069940690994266,-21.95836780071259,-14.584548145124835,-9.581456377451245,-2.7633091196172574,0.6471426193727697,0.9318853718967883
147.771891,70,51.838478,70.0,86.83717235055187,23.634134904755562,22.932805073952935,-5.084402964115142,-22.610596215724943,-12.01876411610845,-13.597003928199134,-2.3214544596944457,0.5577494912916904,0.7808492878083666
106.67774,48,51.92901,48.0,68.3343572608104,16.501403111935087,15.859160309579758,-3.420235488414765,-15.870854389667514,-8.467707799176306,-12.469653856095572,-1.7887288436183986,0.5981263191725352,0.5742012664056338
120.976385,63,52.056357,63.0,58.63763698503366,20.81154980160658,21.31432577412602,-4.573874864578248,-22.288449347019192,-5.8287041571435525,-7.97252200093832,-2.123577435371822,0.48051259506680777,0.6054458697841778
112.211377,52,52.155023,52.0,63.27964957979667,15.35432932945141,16.724316423983076,-3.7376536297798157,-16.0529642701149,-5.998981594053079,-7.32819292729157,-2.0291258446208134,0.5057843283428018,0.526015701476514
141.641592,65,52.411214,65.0,85.15921740984132,19.30262095206742,20.8177587717398,-4.594642794132232,-21.314437413215643,-7.669859296555283,-12.73016600912403,-2.3288993790793397,0.635614687909425,0.8262990942822525
137.631464,65,52.535276,65.0,80.1135066241435,21.96586227561432,21.23316221205271,-4.816698542833327,-22.443311548233027,-11.40302913434129,-9.817868543100193,-2.2001597644931903,0.47405227758199237,0.6162679608565901
115.324441,52,52.635587,52.0,68.06924774893896,18.703799345419156,17.191658861916245,-3.7368340158462536,-16.654801678657527,-8.178460776472573,-10.401421189130245,-1.6687468506346859,0.5353557286388311,0.5567699577843843
122.661084,59,52.750464,59.0,69.15737930431183,19.139688458477284,19.822246811676035,-4.229582698345185,-18.933838933706284,-8.63265660336551,-10.79265830564128,-1.869493858070086,0.44837996299765326,0.5290883563372308
176.954773,84,52.912711,84.0,98.63557761921672,28.92961190830101,28.83199158886311,-6.208918194770813,-25.546274709701528,-14.265942493853116,-13.878148810170767,-3.543123732491534,0.5305795452039016,0.8913736359425547
131.604459,64,53.0306,64.0,76.42012815976364,20.36955559130693,20.943361882833365,-5.027088801860809,-22.602526581287385,-6.830046822148158,-13.592725353265786,-2.076199033442352,0.5471742664858978,0.7003830611019493
134.34632,63,53.145322,63.0,81.26357241776229,21.24163487440865,21.508387251688852,-5.002970557212828,-22.929501771926876,-10.700212200537116,-11.39476226683098,-2.6398275790789043,0.5474452150274783,0.6897809709346227
122.108576,57,53.259617,57.0,78.34523328442556,15.937151511867905,18.37656470685388,-4.116837759017945,-18.821003437042236,-9.734974088619575,-12.942409144863468,-1.9351492263110615,0.6058425633985917,0.6906605222743946
172.485219,90,53.43342,90.0,82.33966841035158,29.941570807105187,31.007623014702045,-6.303298640251157,-27.087702512741103,-8.539974272917876,-15.685387614081147,-3.187279839159206,0.33843231725089173,0.6091781710516051
111.07121,53,53.556073,53.0,71.91578495665897,15.774699058159289,16.964810392972414,-4.023387439250947,-20.320793378353123,-9.732596917655984,-10.880479054227273,-1.6268278395061477,0.6060188319848618,0.6423799619039536
136.888187,64,53.722117,64.0,79.96087181571204,20.637343766147247,21.47782159707776,-4.566042169332506,-20.42926983833313,-10.388802895359248,-11.341387410936317,-2.4623476304581935,0.5419305432850156,0.6936710954048199
133.271149,65,54.014938,65.0,69.69651126795733,21.423955326291033,22.150923872604423,-4.722706143856049,-21.23681954145432,-4.605612466035303,-12.082885962300265,-2.35221747777148,0.6192605717814943,0.8050387433159426
120.896446,57,54.249213,57.0,76.18050939725433,17.53638812606115,18.31030242364952,-4.09856070280075,-21.203230965137482,-10.463979341447502,-10.581748382215249,-1.7832344799285078,0.6481760605587179,0.7389207090369385
131.032275,61,54.507478,61.0,74.67547680603909,18.876169794264495,19.94813907640851,-4.116987283229829,-19.841957670450206,-7.58518856611118,-9.777453000752322,-2.14592455585517,0.575204044042013,0.7017489337312558
132.98477,68,54.771478,68.0,66.82303162911583,21.78283411002278,22.856095319277376,-4.857329350709915,-22.497685146331794,-4.928156801063508,-12.365797473818636,-1.8282218837478776,0.5303249089575547,0.7212418761822744
133.51882,64,55.023174,64.0,71.309085695692,22.538774239770994,21.250673582178617,-4.618923330307008,-20.94647563695908,-7.95253917782412,-9.508630623248898,-2.5531443042139332,0.513595658257361,0.657402442569422
122.053236,59,55.343929,59.0,69.30876183763479,19.739331039107594,19.076983797726665,-4.369068467617034,-21.00683256387711,-7.324658031793831,-10.165056038867618,-2.2062260063182784,0.5112709235283872,0.6032996897634969
131.07245,62,55.461066,62.0,73.05497592132285,18.448657668045605,20.41257238102794,-4.524160020351411,-20.004429203271858,-5.772243410009209,-10.299346341316543,-2.243577306524837,0.585070594627397,0.7254875373379722
115.203311,51,55.557532,51.0,76.30466906197375,15.490114508567192,17.022901022868343,-3.9779068589210524,-17.84251247644424,-12.226312688597435,-8.84090906498675,-1.726732700766792,0.6771888874301631,0.6907326651787664
169.137093,77,55.708175,77.0,100.1567083162532,26.836354433901754,25.004673482564016,-5.435851831436156,-25.18864237070083,-13.479833198833289,-12.867902306941604,-2.888413655325988,0.3434827052090357,0.528963366021915
129.718265,57,55.813951,57.0,83.53001612054422,19.34079684214672,19.27709823149951,-4.429952800273895,-19.339204496145253,-10.44519096517369,-13.410408147094094,-1.804889941956551,0.6045920816105308,0.6892349730360052
157.525362,74,55.959174,74.0,94.48903623418347,25.95108736199253,24.86473755113898,-5.517153871059419,-24.023060446977617,-12.080949118835832,-17.63768473316274,-2.52065114422869,0.5577396180463727,0.8254546347086317
140.883102,62,56.076202,62.0,82.6904382859544,21.104137526710506,19.7142278040968,-4.078133829832077,-17.22225906848907,-8.941422678165205,-11.869221606423938,-2.5146647236887945,0.5422432183682921,0.6723815907766822
176.80012,80,56.233504,80.0,100.0427282864494,27.23085246853176,27.738594548403082,-6.031059573888778,-24.74943306446076,-10.288881615183566,-13.913360970323016,-3.229319596178256,0.5127988534741553,0.8204781655586486
163.752121,75,56.376877,75.0,92.52304479628117,27.26561251963221,24.479858432071993,-5.3050258123874645,-24.13141181468963,-10.227541598586033,-12.895276391302797,-2.957139179327996,0.5100470881900405,0.7650706322850608
122.423015,59,56.485915,59.0,71.90890097972104,17.951526151470667,19.275765579375836,-4.517342386245728,-20.191239368915557,-7.79242259157961,-11.186613452467434,-2.0255598988287136,0.553221375938193,0.6528012236070677
152.593155,66,56.607651,66.0,92.09718766922565,21.578437010876463,21.866392934247628,-4.68159536123276,-20.69792821407319,-12.068349189654068,-9.032079097330383,-2.46891037388673,0.5850146218740502,0.7722193008737462
129.14192,60,56.718678,60.0,72.72532495522925,19.85774170671171,19.95381946354001,-4.112231779098511,-18.856002104282382,-8.581312693836152,-9.968378509255816,-1.877041276362374,0.5443283513121487,0.6531940215745784
128.62388,61,56.830737,61.0,68.50229815883947,19.406241076576485,21.461956966935876,-4.308365324735641,-19.541596090793604,-8.634209940169745,-7.193529238712449,-2.068915949489695,0.4698333865874892,0.5731967316367368
143.071193,65,56.952445,65.0,81.4164828785596,20.726436020859616,21.03389162999355,-4.86010129213333,-20.76156437397003,-5.865700413698197,-11.380631840951493,-2.2376192641471904,0.6876087431412045,0.8938913660835658
177.3851,82,57.0962,82.0,105.02099966714859,28.744121055801585,28.09293834434393,-5.6846445596218125,-27.391104280948646,-12.320281133882435,-18.185739587519894,-2.89118934975115,0.49941881803728744,0.8190468615811515
146.806056,66,57.325033,66.0,94.3587795057289,22.67727762016537,22.801986283836566,-5.024532492160797,-23.992095494270323,-13.07885206976672,-14.684547754286843,-2.2519595478298036,0.5973958753442676,0.7885625554544333
132.290052,87,57.482999,87.0,40.682935972116425,27.897161749957814,28.323851435231134,-6.5911853253841395,-27.10258626937866,-1.6433124023475971,-12.913366611976214,-3.363446995480257,0.19385867056060724,0.3373140867754566
143.760344,68,57.604887,68.0,80.85092826159848,24.189947929661226,23.0797858931997,-5.319224371910095,-22.934883105754857,-10.015324277085297,-11.482394045013823,-2.608492307933869,0.44434276167319425,0.6043061558755443
142.584988,66,57.721884,66.0,78.21843531107234,22.38906597807807,21.801520309498528,-4.272827622890473,-20.234007269144055,-9.760938378417318,-9.252418219792874,-2.303842117050933,0.5205223301334664,0.6870894757761756
133.168234,64,57.834929,64.0,77.98020802897983,20.276182536088196,20.678360257906995,-4.559875004291532,-21.57023041248322,-10.022784782837622,-11.335552706984867,-2.2780740408671187,0.5067156701074206,0.6485960577374984
128.035486,64,57.949785,64.0,71.94248310811683,21.603481448890808,20.514442996343973,-4.696942231655121,-22.136501336097712,-7.815489905994129,-12.979330855740256,-2.39665763203443,0.47934897598335396,0.6135666892586931
154.63428,73,58.081343,73.0,89.71755033947917,24.098470157792665,23.9983785960658,-5.5410643720626815,-23.893132936954498,-11.498535512365986,-12.72849102674304,-2.5188954946716184,0.525346679582364,0.7670061521902515
204.612686,94,58.247595,94.0,114.6154094141192,33.129551579317194,32.68713970928621,-6.871069824695587,-30.814347124099722,-13.952363709824066,-14.462331240538148,-3.719302521702416,0.5585879366243257,1.0501453208537324
145.479231,64,58.359225,64.0,90.30634757855469,21.729607207590103,21.02852794029388,-4.5758389806747415,-18.84542635679245,-10.797625800366562,-15.245720704764153,-2.120639657036172,0.6350120086536061,0.8128153710766157
135.877249,66,58.479212,66.0,73.81043313959178,21.02437247702075,22.848791394641907,-4.741956176757813,-21.685263931751255,-5.63915183026032,-13.285908763130697,-2.4540675378985686,0.4887890490896477,0.645201544798335
153.028453,77,58.621735,77.0,80.00888690598019,26.880621318143536,26.23375276391815,-5.9504455876350395,-26.484296655654916,-8.554882282651318,-13.065274355673631,-3.039908926625228,0.29703358112757317,0.4574317149364627
135.092622,62,58.7404,62.0,83.3585129270486,20.319783517296557,20.189345257961396,-4.549815580844879,-20.486309152841564,-12.28458332889013,-11.35831589478406,-2.0959957127110447,0.5993728915379472,0.7432223855070544
192.764225,84,58.894576,84.0,115.2853116301113,30.378886639873592,28.91840410301238,-6.198713953495024,-27.884149658679956,-15.542085044087326,-12.931397746344677,-3.26203104877151,0.6044081760854543,1.015405735823563
131.80992,70,59.026378,70.0,69.02402751794577,23.084052870224415,22.99501470039401,-4.669680075645446,-21.346777236461648,-6.751705041689896,-18.084684198348924,-2.4403283301591503,0.4722871366765163,0.6612019913471229
146.30264,66,59.26747,66.0,85.30665264931972,21.993212847734434,22.874076976333704,-4.977103416919708,-21.186332237720485,-10.87021909235316,-10.444917200517907,-2.3927307491353993,0.5222754190091737,0.6894035530921093
161.113775,76,59.410555,76.0,80.52975935456875,25.49762464886526,26.103760557263787,-5.132040190696714,-22.09487220048905,-6.020889841889532,-11.107103391532386,-2.662463826615315,0.4559652224863012,0.6930671381791779
109.452679,57,59.513946,57.0,55.35128617742491,16.778100428581872,18.122317235910177,-4.036348745822907,-18.56555781066418,-4.696245504698862,-8.567528387651299,-1.9333440762654797,0.5115393771396763,0.5831548899392311
149.997776,65,59.633889,65.0,93.30568884751895,22.157399216677863,22.171774233246776,-4.943904118537906,-22.83488552570343,-11.69438540278024,-11.111831463763956,-2.0520798458475555,0.611359197894652,0.7947669572630476
140.930843,61,59.743994,61.0,87.75660590869472,21.297666460797863,20.030960424167958,-4.524818584918975,-20.82666863203049,-10.876290034550602,-10.595358294668845,-2.3312541108322566,0.6176477277263257,0.7535302278261173
160.646698,78,59.88537,78.0,84.6399341899607,27.191652479488386,27.162089910290806,-5.676933026313781,-25.62467034459115,-9.182101965312764,-12.866325434800677,-2.9969482773855547,0.5489321305356486,0.8563341236356118
261.632756,111,60.091988,111.0,154.5813141103356,39.16468045641945,38.97618744828169,-8.091664907932287,-36.0055017232895,-18.95638984953584,-14.615877455791047,-4.419992556634033,0.6244575658399589,1.3862957961647089
108.722646,74,60.223632,74.0,33.2907898884301,22.232406040253558,23.29094229919128,-5.690630483627321,-25.348842799663544,-0.7157219071170264,-9.972819158899213,-2.363477708251044,0.23000585515575483,0.34040866563051714
91.913433,58,60.329325,58.0,37.71716394618609,16.105815847473604,18.377854172098697,-4.71781834602356,-20.052658772468575,-2.0099402475442107,-9.263122552803804,-2.2438611758004625,0.3254802368006612,0.3775570746887669
154.076666,72,60.459061,72.0,89.13082130739183,22.72845309172137,25.142468304147904,-5.134444081783294,-23.2181617975235,-10.746118196591489,-13.35297093062457,-2.4733820312918855,0.5181819473515482,0.7461820041862294
183.09973,86,60.62105,86.0,98.06681324574518,30.623540968270824,29.339523015412638,-6.529321568012237,-30.193779402971263,-8.886216934801503,-12.298011645734546,-3.022817957749946,0.41672084187894487,0.7167598480317852
126.59141,72,60.758571,72.0,64.42860305416653,20.014423588742222,25.039041948141808,-5.478571891784667,-24.46932398080825,-8.324870230787493,-14.258095432091197,-2.359797210905001,0.3634151231303763,0.5233177773077419
133.023157,64,60.879657,64.0,80.04835060256863,21.64313350269392,21.586069499469268,-5.031813700199128,-22.33674996495247,-11.526621395460305,-12.426554712217676,-2.932656975369405,0.5608818754527038,0.717928800579461
160.775515,69,61.009482,69.0,92.26537623251438,24.043048741989864,23.589519158336028,-4.489814798831941,-20.28856844305992,-9.792043024540682,-10.865369210585866,-2.6866340516966996,0.5403162901126665,0.7456364803554798
131.26888,58,61.120485,58.0,77.80414382779311,20.10541007695707,19.378645016409475,-4.118569375276565,-17.72173748612405,-10.851122808864693,-9.18263806756294,-2.1452513776738975,0.5981899769736133,0.6939003732893914
156.307503,68,61.367793,68.0,88.62867189204069,24.730294637250772,22.963603164547738,-4.655186587572097,-20.27476805448531,-12.615549448121342,-8.049265822025104,-2.4202965308876827,0.5844426117446389,0.7948419519727089
170.286367,78,61.514641,78.0,93.70747513324463,27.596812471973372,27.17516875595946,-5.50314330816269,-24.79043775498867,-9.057978714917201,-14.536156858716867,-2.3053727106981885,0.48508906280112857,0.7567389379697606
118.637472,56,61.620569,56.0,71.01959962805489,18.430330776101957,17.562814314074366,-4.124981207847595,-18.138964551687238,-8.374992827525475,-11.873131501686856,-1.863202571199853,0.5577933518089211,0.6247285540259917
139.38939,63,61.743686,63.0,80.84811172543877,21.19473047640965,21.212004521499725,-4.615523223876952,-21.46062846779824,-10.6150578072937,-7.784359674894223,-2.3898872810634817,0.44711196398549463,0.5633610746217232
129.859392,63,61.861495,63.0,70.58208226709911,20.88601646484394,20.959540184334077,-4.966219370365141,-21.88658175468444,-7.428304015564632,-9.074074917819868,-2.2130670466970663,0.4906912951089448,0.6182710318372705
189.804678,85,62.019312,85.0,103.51712338044258,30.637449284007996,29.627189232701795,-5.884841306209564,-26.866104876995088,-11.535028831085475,-11.439386325824534,-3.25172303900366,0.25824307814650127,0.4390132328490522
193.185647,83,62.170828,83.0,110.00301637064996,29.893324690299156,29.194589903081756,-5.8243461632728595,-26.44164951443673,-13.64252627156307,-10.0210580141622,-2.975704024780864,0.5395889132156598,0.8957175959379954
141.544453,63,62.286678,63.0,87.19430414168917,20.905857055278002,20.420428319034908,-4.846403408050537,-19.91488419771194,-11.046488641317364,-11.66640339247197,-2.501957184365904,0.520859894069818,0.6562834665279708
157.854632,75,62.422398,75.0,85.75872007683519,27.09247126705308,25.820641619458545,-5.606444170475005,-23.911790710687644,-9.605076822297352,-13.954541864457958,-2.739347468273232,0.4340852055366559,0.6511278083049838
126.583615,57,62.527718,57.0,75.68259955156883,18.96502459640292,18.90591956360053,-4.0841245543956735,-17.389706218242644,-10.30832041079293,-10.260244722250484,-1.9275327987543214,0.5882602059677231,0.6706166348032044
174.757117,84,62.682731,84.0,98.78909960719204,29.602977619627087,28.448705365800574,-6.242506957054136,-28.34688538312912,-10.552190859363032,-17.48473284539679,-3.457349509166453,0.4870256513658923,0.8182030942946991
153.874472,67,62.8061,67.0,92.55389769684095,23.465072402788685,22.46322687310434,-4.802604625225068,-21.108574324846277,-11.181909271720794,-12.04367550149944,-2.4709615488311822,0.5825039155254923,0.7805552468041598
140.257855,65,62.92628,65.0,82.40698559354152,23.089701691616316,21.281376095080503,-4.826927094459533,-21.442241895198816,-10.418400681994386,-12.123185229583752,-2.7094531919843794,0.5603480922419042,0.7284525199144755
131.66336,59,63.03375,59.0,77.7133990868472,20.05263208299524,19.585842513217766,-3.943050445318223,-18.492836868762964,-10.038180909912452,-10.168800209853261,-2.045645002323005,0.5485660231838717,0.6473079073569686
153.398661,67,63.155371,67.0,93.91859654015677,22.925136125201664,22.345440881702668,-4.973510046005252,-21.73500279188156,-12.516685017721297,-11.14747772399213,-2.4178367936840344,0.602189412302869,0.8069338124858446
184.772158,90,63.440859,90.0,91.82038394099825,30.674993490207388,31.047966303536683,-6.3322260737419125,-28.995802080631254,-10.686970338011756,-9.288661711426245,-3.467525473689896,0.3983024873973217,0.7169444773151791
137.878704,66,63.564954,66.0,74.83513279637515,23.344429417073087,21.622916844109913,-4.745896003246307,-22.10394632816315,-9.424454924933112,-9.428891807072114,-2.2205855568207027,0.4739801751288466,0.6256538311700776
142.15364,73,63.701045,73.0,68.60477864609862,23.793903623290145,25.68611776218206,-5.348855299949644,-23.23855220079422,-6.1930024646323645,-11.594667155851834,-2.5560830367326965,0.39344681960374017,0.5744323566214606
147.792018,72,63.840227,72.0,79.49015679440531,25.657926360431688,23.38164149913972,-5.189719238281251,-22.488484245538707,-9.782281364225113,-12.55395128831549,-2.723271016206057,0.4821998406473087,0.6943677705321245
157.037159,74,63.974977,74.0,89.98061594124222,24.54785233120871,24.98489072644835,-5.214141159057616,-24.22435410022737,-12.703610656455346,-11.602783587575578,-2.7313103902266618,0.5115991486458094,0.7571667399957978
178.888678,80,64.129218,80.0,100.2533699286033,29.674788390344084,26.440245517388952,-6.0502888417244,-25.784801781177524,-10.50762132980203,-12.272180933777028,-2.8648329940245323,0.555901434727187,0.8894422955634992
182.739976,82,64.285954,82.0,105.7228651640977,29.46823391497694,27.749237184929665,-6.0336645579338075,-27.674674063920975,-12.224908194729919,-12.786098790797793,-3.4810148821951654,0.5092941153143588,0.8352423491155484
145.136532,63,64.40636,63.0,88.72022508891604,20.725838442816183,20.878238764151117,-4.3115189433097845,-19.996863937377924,-11.804979825970175,-9.899455998621631,-2.1749519505710295,0.5379871738932878,0.6778638391055426
119.365631,56,64.506603,56.0,68.17113917775387,16.89264637834954,17.73483215085297,-4.3219734263420095,-18.218446063995366,-7.568812436076309,-7.351589639811702,-1.9721651500702357,0.4245249221301434,0.47546791278576067
166.454746,74,64.649603,74.0,98.56902785511744,24.93091264734672,24.869210070635223,-5.21944718837738,-22.566799253225327,-13.07491734303255,-12.247130098359078,-2.8061110005988494,0.551449490784741,0.8161452463614167
142.103752,65,64.776461,65.0,80.69670876234876,22.50566513127956,21.21349614390773,-4.342472374439239,-20.917083847522733,-9.319921355735195,-10.691045972457317,-2.0415942095688595,0.40013500329683666,0.5201755042858877
162.99119,70,64.909433,70.0,102.42981959725805,23.069758614663733,23.122226691668477,-5.095056715011598,-22.245457524061194,-15.448767656786533,-10.218755007908019,-2.6225782507527016,0.48083289086199205,0.673166047206789
219.185812,101,65.09863,101.0,119.34224329020695,35.77377247025705,36.14093480355119,-7.4900923395156855,-32.80214843153955,-12.892960986587621,-15.655617447161703,-4.230319236161771,0.3174661885533466,0.64128170087776
154.161751,71,65.356272,71.0,88.28486385646708,25.040712026276875,23.045869795108864,-5.093952927589416,-22.026977956295017,-10.111541971999037,-13.162033056125505,-2.815189180053108,0.28737159638020343,0.4080676668598889
154.689433,68,65.475849,68.0,93.49114432941083,23.48632655912485,22.812545845194997,-4.977880656719208,-21.545100712776186,-11.761109586148121,-12.649174790274671,-2.1673180637049563,0.6007355523417168,0.8170003511847349
190.720671,96,65.653032,96.0,89.26410145657401,33.257767446844056,33.28498342270468,-6.910518796443941,-32.16564911603927,-7.318975112654435,-11.77400030008155,-2.9170384726890664,0.44514667627794374,0.854681618453652
163.133317,84,65.81005,84.0,74.60412177465578,28.02892359330575,29.53711783026621,-5.9431760764122,-26.074384307861322,-5.31922990731642,-12.934515299652164,-2.7655403149009405,0.40784598149148266,0.6851812489056909
170.020966,79,65.95746,79.0,90.1384239407171,26.31638094887204,27.102340755242086,-5.706675993204118,-24.438132244348516,-9.553055544392981,-9.880221588612118,-2.9580942973920097,0.3677395095179231,0.5810284250383185
153.956186,75,66.092787,75.0,84.1329406301665,23.526142498082464,25.245399251608756,-5.912724606990815,-25.450629615783697,-6.921244189173688,-12.740792250601219,-2.922905636836212,0.4873429841721712,0.7310144762582568
123.978347,63,66.206318,63.0,69.50650140535375,17.37062306526391,20.44929059254024,-4.790123066902159,-20.976057028770455,-6.651503309885534,-11.368440429378781,-2.561944633954198,0.5557173418509164,0.7002038507321546
188.965222,78,66.354304,78.0,110.27046844427935,26.73762077398002,27.228359183250564,-5.516111373901369,-22.545227199792862,-12.497996749464997,-9.857676022668112,-2.8542150095301158,0.6440398097947154,1.004702103279756
114.064661,59,66.462761,59.0,56.72139784593387,18.79946968189251,20.408079333682927,-4.495740106105804,-19.14037156105042,-4.63956400848051,-10.178300407929228,-2.410309568993312,0.44128999183577566,0.5207221903662153
135.867494,60,66.593601,60.0,79.51099222350729,19.358255162327396,20.081804497010328,-4.262384855747223,-19.995430362224575,-8.664683132382871,-8.18876737410099,-1.9722916858538924,0.5191490139966854,0.6229788167960225
152.967633,68,66.721097,68.0,91.70366383446496,23.378844464466397,23.205743344160325,-5.175213701725004,-24.198098576068872,-10.819058561872316,-10.707630581868496,-2.420617261142678,0.5831971621790657,0.7931481405635294
135.247125,62,66.833754,62.0,80.623071859579,19.816373069295864,20.061930289191736,-4.469130289554598,-21.437890458106995,-9.205059161310547,-10.046665033290905,-2.095505172310384,0.624172962154836,0.7739744730719966
154.198201,66,66.954703,66.0,90.08872381563795,22.095556538656194,22.14580480502299,-4.85151242017746,-21.33991023302078,-9.083786040826427,-8.172975727442376,-2.6836992703317226,0.49595552479641114,0.6546612927312627
165.508388,82,67.09873,82.0,87.7494388027953,28.242552542385702,27.891534365848063,-6.148965582847595,-27.536481702327727,-10.676284638112937,-12.421392834138349,-3.592013354825407,0.4637762405064554,0.7605930344305869
120.425763,59,67.206173,59.0,58.27807437161952,17.527509263289033,19.130028813137738,-3.9280707764625555,-15.69820957183838,-3.97976379902892,-7.9029747642670065,-2.0008301908978097,0.522744098847922,0.6168380366405478
168.559559,79,67.477497,79.0,87.18693831314276,26.528487016661405,25.86079170867511,-5.70236497044563,-23.988006484508517,-6.358231522865264,-10.939980337893948,-3.028075062165091,0.4914529814380654,0.7764957106721433
149.253969,72,67.608894,72.0,84.46110626983717,23.359908866375445,23.693625509641073,-5.120058634281157,-22.420206719636916,-10.946545847947199,-12.770298946334835,-3.0035610848270897,0.3630029727825674,0.522724280806897
177.800933,74,67.743657,74.0,106.63227424622572,26.83403742624412,24.42374540457205,-5.196536223888397,-19.927322846651073,-11.876773334783167,-14.312147899248382,-2.7763437647005293,0.6003663156512792,0.8885421471638932
172.827904,76,67.880421,76.0,97.81819376554076,25.261170656206897,26.122640154128096,-5.170483791828157,-22.224172568321226,-12.053989309099558,-10.215869108897364,-2.7095858402913335,0.5775608815518959,0.8778925399588817
147.178168,77,68.019136,77.0,65.39215033534649,23.607102062927314,24.417264893375318,-5.818870332241057,-22.734406405687338,-3.0893111248410903,-8.462931573130835,-3.1328295572512306,0.35837681747761263,0.5519002989155235
135.54673,63,68.13573,63.0,81.29038038872798,18.851566544267193,20.828300207525523,-4.780431628227234,-21.34195868968964,-9.812163404505174,-10.217323340805827,-2.2716399742807436,0.5621378860608673,0.7082937364366928
179.81549,82,68.284291,82.0,99.21792425658974,27.90678956493653,28.02558006039291,-5.619176676273347,-26.814964753389358,-11.56499826884809,-10.654656378767799,-2.681008146186824,0.5017352390883912,0.8228457921049618
179.042548,81,68.431796,81.0,103.85480052830088,28.557810143852382,27.827181423911814,-5.768557640314102,-26.139361286163332,-12.27244718901753,-14.776417361543876,-3.2404606497256117,0.55836568131512,0.9045524037304945
159.173233,72,68.562427,72.0,89.4740725624633,24.978739527797906,24.153917198492877,-5.047135877609251,-21.567091071605685,-9.299572526498,-12.52886863011009,-2.990828019904155,0.43338797258396067,0.6240786805209033
151.803274,68,68.684778,68.0,88.79679718372736,23.220631126844893,22.137387576742917,-5.42284439086914,-22.60991833209992,-10.808771479509229,-8.917814048998135,-2.592193813640156,0.5750515411406507,0.7820700959512851
188.250013,79,68.829294,79.0,106.08404471488033,28.805088169884357,27.826060282194266,-5.508174962997435,-23.277369219064724,-11.338237886681052,-10.445125914114463,-2.8962725648776204,0.3447708891046379,0.5447380047853279
146.295198,64,68.944859,64.0,84.49195258324741,19.943415479742395,21.30453586688168,-4.46371637582779,-20.440070188045503,-8.840589123087474,-7.4833023636585745,-2.2170277854225886,0.6310996614340522,0.8078075666355868
144.752421,67,69.068333,67.0,93.07776438232614,22.64634623234132,20.905831997302357,-5.232107975482942,-21.85842316150665,-11.712185786613519,-17.215502141724503,-2.859302838274291,0.6264060699328577,0.8393841337100294
129.849096,61,69.178887,61.0,72.78187616294075,19.80784312811811,21.094023919191784,-4.470281286239623,-19.629073727130894,-6.968639638594937,-11.304098427648645,-2.4625544151819483,0.5314400483690799,0.6483568590102774
236.341179,104,69.477944,104.0,130.24054065603656,38.24584207121537,36.45514561693424,-7.831744105815887,-33.142650771141064,-15.375080737856573,-12.417729637992382,-3.8331443460114567,0.5057632027182155,1.0519874616538882
168.956451,73,69.606548,73.0,93.29492397733841,26.281729371951933,25.21857157457034,-5.144531784057619,-23.587597221136097,-9.808654325891615,-8.198792182564896,-2.099198426711103,0.5471875712726165,0.79889385405802
164.878803,73,69.7352,73.0,97.10823097896142,26.28446569831862,24.51482376040505,-5.656173760890961,-24.375408864021317,-12.859053166370604,-10.262303626660769,-2.875777809915941,0.5042834897901856,0.7362538950936709
200.950529,88,69.88948,88.0,111.00100649426356,32.28582429917014,30.328837697069662,-6.294937860965727,-28.32780683636666,-10.925605216715379,-11.888870360759086,-3.2279195933394145,0.5290163071967025,0.9310687006661963
186.718824,86,70.041804,86.0,102.48539376826746,30.34317249444031,28.652376463642174,-6.565301878452302,-27.54784479439259,-11.540520059625297,-11.879619383583934,-3.228832581619305,0.49733366745827856,0.8554139080282391
193.360758,87,70.194838,87.0,106.11998784478517,30.200016065381124,30.816065649843555,-6.649691596031188,-27.496507436037074,-11.566053376003245,-11.605902285578017,-3.457157229586235,0.542651338957119,0.9442133297853871
161.682123,90,70.35342,90.0,68.09462760123058,28.51763091889244,30.486607824787416,-6.896546094417572,-28.35991395115853,-3.717704763960738,-13.243562468399388,-3.1990156330634694,0.11262475436212725,0.20272455785182905
152.475016,65,70.471155,65.0,91.0255383728117,23.376501500189633,21.858503040531932,-4.8029773449897775,-22.020510125160214,-12.140586483575062,-7.53049228503885,-2.290960506677675,0.5022310622794268,0.6529003809632549
147.305646,67,70.591084,67.0,84.254222328841,22.095540506319654,22.09584508333088,-4.798019790649413,-19.820522832870488,-8.52235420956253,-12.575161663309359,-2.4239031929158914,0.5756497267928725,0.7713706339024492
178.525435,84,70.743835,84.0,99.86217675049137,28.66782309459558,29.817457271313604,-6.144111731052399,-27.820036530494693,-13.750079994285377,-13.268402369477794,-2.8393911623439263,0.5704164561048588,0.9582996462561628
99.571994,61,70.853617,61.0,39.476963823184214,18.063181578575687,18.862036855874024,-4.825330636501312,-21.001163583993907,-1.3912753801626958,-8.58753791657184,-2.024880820235468,0.20792952568101317,0.25367402133083605
187.918782,88,71.007604,88.0,103.105353307582,31.37872811180558,30.021287284735674,-6.440288846492767,-29.4878013908863,-10.977065768822792,-14.51311008771926,-3.1683202989991086,0.49777052828999707,0.8760761297903948
92.91768,106,71.327174,106.0,-18.718710473397284,37.3106542838701,36.92241880474337,-8.114422008991239,-32.14750066399576,-4.603113965804043,-20.039008542183723,-3.692637431084977,-0.055977369704278655,-0.11867202377307075
184.50317,78,71.467907,78.0,111.76309892501389,26.548062733512953,27.333619717708117,-5.48628613471985,-23.932591831684114,-12.380085362066602,-14.0921425600346,-3.250505103934987,0.4590279687953496,0.7160836313207454
239.692968,110,71.666442,110.0,128.7304449395541,39.30982007339034,39.12123672626137,-8.04723918437958,-35.57727171182632,-13.233647316925895,-16.558366377689563,-4.052009547874133,0.35072652700592755,0.7715983594130407
159.307506,68,71.789909,68.0,98.0182307705592,24.419920499625636,22.697653847581012,-4.704778854846953,-20.76294909715653,-12.650955497752216,-13.131779218494964,-2.577836205089741,0.6336640761998328,0.8617831436317727
186.525927,91,71.956012,91.0,99.62012976302819,29.69455570228657,31.288062341511143,-6.6208698904514325,-31.177641773223883,-11.171693591465242,-13.088513600003353,-3.0181014661220917,0.2643245374530862,0.4810706581646169
143.129719,65,72.07974,65.0,81.65912373416788,21.528974967549487,22.431981161814686,-4.5186045813560485,-19.319054889678952,-9.807457433164132,-11.076021972960675,-2.769222093336704,0.5544554296235487,0.7207920585106133
177.02455,76,72.216975,76.0,102.598465811307,25.760227045612563,25.513065588780808,-5.479936751127243,-21.68726686239242,-13.315971637354604,-9.083594125525469,-3.2804389282286586,0.3509353414243402,0.5334217189649971
134.896452,62,72.328753,62.0,73.82316631830459,21.160939094854164,21.153323803856235,-4.39896850347519,-17.551262736320492,-8.28358044066989,-10.48114424633201,-2.526020888605163,0.5239869886843184,0.6497438659685548
172.538872,79,72.471115,79.0,90.62253334487849,27.2884753769672,27.025454567003997,-5.611882741451262,-22.321678179502484,-11.312565717543801,-8.791511082115383,-3.359953756902305,0.49665999614276396,0.7847227939055671
207.213595,87,72.623155,87.0,119.94998662585392,31.770656062299153,30.37749475366015,-6.460052381753921,-28.86304854154588,-14.638479479229133,-8.644830385622575,-3.2781315079038706,0.5893087540354712,1.02539723202172
145.711663,85,72.774274,85.0,50.67620683890164,28.6171052839921,28.912590317045215,-6.2763227534294135,-25.332120114564898,-2.0113523243518308,-10.73120867231553,-3.143235751694475,0.40361144318783015,0.6861394534193113
195.247497,85,72.925192,85.0,108.68158048925203,30.49126536043089,28.754440564262975,-5.9648180460929865,-24.632966268062596,-10.827552354216069,-13.166934428662382,-3.0875181051642047,0.5140380400543164,0.8738646680923379
165.878178,70,73.052977,70.0,104.27493688757275,24.384534168251072,23.417291821552826,-4.854542925357819,-20.869210696220396,-12.00228008853294,-16.027347323304312,-2.4452043013737605,0.4546502154140516,0.6365103015796723
183.125931,78,73.310281,78.0,107.27941681996079,26.89912958784591,27.20908203436314,-5.6380432295799245,-23.891312319040296,-11.996137812264895,-11.685244138219677,-3.0509596938397734,0.6248731024438013,0.97480203981233
219.737171,98,73.487789,98.0,117.11684812740609,34.073386382015705,34.337676421095374,-7.2343515372276315,-31.12278475165368,-10.39579787380133,-11.458859553203467,-3.578945888436153,0.5157698191262099,1.0109088454873714
222.517867,95,73.662218,95.0,118.81894238470069,32.97819263441797,33.147815366739756,-7.01285044193268,-30.420182216167436,-8.239790375772438,-8.301709463188185,-3.4525510345052974,0.443944742833723,0.8434950113840737
159.24757,69,73.787987,69.0,92.21889396253006,23.561093893464992,23.812740213471113,-4.743978056907654,-20.167507815361024,-12.12860720310942,-9.20512612390716,-3.099938726761336,0.5229544474971022,0.721677137546001
189.467343,78,73.928209,78.0,113.51966632757153,27.89337428034998,26.848744681255923,-5.814208621978759,-24.573784685134893,-12.70975848221272,-10.804219454155474,-2.8924707178600264,0.5428142432479011,0.8467902194667257
73.960052,89,74.088935,89.0,-11.579943743290373,28.15091360514175,29.837153027793274,-7.096976120471954,-25.860112226009367,-5.427048608838256,-19.69397800852877,-3.3699561099866937,-0.07973730706046248,-0.1419324065676232
160.640836,75,74.223269,75.0,84.99464891679035,25.913786051441335,26.397526352997037,-5.071929340362551,-23.74593772888185,-10.417528699645374,-9.75760515034599,-2.672124134379387,0.37195901780675683,0.5579385267101352
164.039414,77,74.362236,77.0,92.04216154681272,24.122568308547798,27.033832298273456,-5.745769112110139,-25.293931579589835,-11.433105642349304,-10.59969526306295,-3.0866464158316713,0.5512577442882394,0.8489369262038886
168.856728,75,74.498171,75.0,98.57260757731358,26.86025397770098,25.685171657614536,-5.293344902992247,-22.60792381167412,-11.875627962486915,-14.657286162558368,-2.827122754649785,0.4660579711227541,0.6990869566841311
196.07563,82,74.64956,82.0,110.15327272494115,29.755005747786917,28.870812941636316,-5.750590695142747,-26.380603325366973,-12.09141686205694,-7.813497384872439,-2.6673533443431205,0.5737217743108126,0.9409037098697327
166.485117,72,74.782762,72.0,93.44603180987322,24.921488159341276,24.46761174214161,-4.926034216880799,-21.436659377813335,-10.750668988198381,-8.826214262324338,-2.410437797963908,0.5501598401373534,0.7922301697977889
161.80394,73,74.915003,73.0,93.32841844263825,26.324959908989005,25.08429033526808,-5.395893748998639,-22.825024771690373,-12.42537596398941,-12.679045426161967,-2.6083886718199674,0.5738391183620167,0.8378051128085444
177.735621,76,75.048931,76.0,103.84160436073832,26.845180454409515,25.789790975659614,-5.463343927860262,-21.752056980133062,-12.617504485656717,-12.010643844597881,-2.8974058081854244,0.5842495238193894,0.888059276205472
171.996472,88,75.332288,88.0,86.1145980177003,29.24729763951527,29.882451288358748,-6.82492333650589,-28.247369438409805,-9.708438919785964,-13.180971453359856,-3.286171335006002,0.4227477309569031,0.7440360064841495
210.62949,108,75.525926,108.0,92.81760274797563,35.9565959362531,36.74538969179289,-7.985068039894104,-32.71280828118324,-4.855080386941136,-13.287359325075707,-4.0497819674795394,0.26763452351010314,0.5780905707818228
193.863592,85,75.679961,85.0,109.04814805430787,29.120974751157167,29.48745928642303,-6.197987599372863,-29.40033997297287,-10.132732487128493,-10.198779097075295,-2.8631514130388935,0.5524762301340628,0.9392095912279067
168.409089,70,75.810353,70.0,96.26268328412016,24.723212601611444,24.222198394905973,-4.994993410110473,-19.777923178672797,-11.620032045802736,-7.369848673846207,-3.0362080821278727,0.5299660588513563,0.7419524823918989
171.677147,71,75.948621,71.0,98.52799906457113,24.607732690957235,23.97404203337372,-5.386231970787049,-22.01273792982102,-8.33224581093372,-7.782103941225735,-2.919307407986539,0.6330865911627468,0.8989829594511004
147.055672,63,76.06459,63.0,87.14549413374287,20.280232919299937,20.651978308595297,-4.478643724918364,-18.616414332389834,-10.814577086546644,-7.766006365106252,-2.3463920330227963,0.6184475193596403,0.7792438743931468
168.933202,68,76.201397,68.0,98.77438785301496,23.84911041755715,23.270053677590965,-4.883782510757447,-20.765425741672516,-10.338583415330028,-6.751289743329023,-2.221268655065117,0.6202636224345527,0.8435585265109917
173.423199,80,76.354148,80.0,90.70066308601149,27.95842575418147,27.19579806865848,-5.5530790090560895,-23.370695018768313,-10.45314183128298,-10.269190897185316,-2.7855816066056107,0.4903561074299323,0.7845697718878917
238.791534,113,76.557229,113.0,112.29203776051196,41.51374721328631,39.75700334025006,-8.35929997444153,-33.88783478736876,-9.600199787511372,-11.560593720749278,-4.363326101665932,0.3772714666838802,0.8526335147055693
150.612879,75,76.69236,75.0,70.03486434469711,25.61920809643715,24.74425330042712,-5.247512593269347,-22.215699565410624,-4.059574763628916,-10.434095246282636,-2.8285646428911453,0.4703127531916953,0.705469129787543
154.913478,72,76.82074,72.0,89.37728113600826,22.147633830256943,25.243568303130342,-5.2179170942306525,-22.389789640903473,-11.169436867407796,-12.329360535261161,-2.7485015529762884,0.5534605547261652,0.7969831988056778
162.813892,72,76.951334,72.0,93.1192851990181,25.682402102907457,24.79574431917424,-5.683603665828704,-24.257412183284764,-11.443819492888757,-8.9088830728295,-2.489820890337171,0.5531971080812174,0.796603835636953
137.141367,61,77.059953,61.0,76.47489236774578,18.9523024080776,20.135367268648444,-4.736836383342743,-19.920643818378455,-5.256552275726589,-7.2831065827060995,-2.2240563318078164,0.6391525404715069,0.7797660993752384
268.604571,124,77.392976,124.0,133.0646230917795,45.07678138059177,45.209602628055286,-8.915023710727692,-36.434833925962444,-14.133879231663549,-14.615199379554975,-4.647499375888066,0.4057232995817741,1.0061937829627998
336.233804,149,77.661861,149.0,178.90677242191725,56.10759362448955,53.1616461408991,-10.966732448339462,-45.51916397809981,-17.379882175733442,-21.42617552870218,-5.6502544615171395,0.3523316308164226,1.0499482598329393
157.455075,66,77.781604,66.0,95.31396800780412,23.283378233708845,21.812536857822604,-4.5764888334274305,-20.35492916107178,-11.686694787182425,-9.875265959619066,-2.4614292910118594,0.6286066811806547,0.8297608191584642
125.299774,63,77.911859,63.0,59.38426056798045,19.38938501268527,21.228144142423012,-4.668474576473237,-18.844243538379665,-3.8119476358573157,-7.821048652595557,-2.556301457799517,0.5074345734805296,0.6393675625854672
225.556455,108,78.126352,108.0,105.85573909231519,35.74345120034393,37.08647326848846,-7.953983902931213,-30.800447940826423,-6.3404977283118695,-11.36837048821341,-4.665908984992338,0.16213454783573988,0.35021062332519814
153.574284,69,78.253566,69.0,88.97015937938443,24.363952669552273,23.010933732518843,-5.179093935489655,-21.396223616600025,-11.367702887850317,-11.458284500845435,-2.369457125833595,0.5765722865736101,0.795669755471582
173.94781,81,78.401143,81.0,97.54621992830656,28.488197541632836,28.45345459967266,-5.644111912250519,-25.696363586187363,-10.397300663600443,-16.55942640439103,-3.2428592541445767,0.49788265842812224,0.8065699066535581
149.993282,61,78.509015,61.0,91.28301549591366,21.838190755525805,20.117278503775413,-4.480978291034699,-18.863155281543733,-10.994121596970993,-7.348237935317026,-2.558709921269832,0.5669080202908197,0.6916277847548
187.876755,87,78.663919,87.0,98.96134771321466,30.320080769129426,30.531290575086842,-6.254023170471192,-27.202884340286253,-10.970284121012588,-11.512602506037314,-2.9961695420700574,0.4465802317412628,0.7770496032297973
217.957866,99,78.846434,99.0,117.07067904964521,35.90444925027793,34.46796258555361,-7.065501322746277,-30.53367556333543,-11.999335222674038,-15.323520968902857,-3.563191650049973,0.48842584184484306,0.9670831668527893
172.235308,76,78.984032,76.0,96.29281816533681,26.079053349356208,26.815671732734355,-5.5131067824363695,-24.05254975557328,-10.831321052098552,-9.719665627966798,-2.8355922655147867,0.6228809629487774,0.9467790636821416
188.950628,91,79.270739,91.0,84.82678184208508,32.26633128491421,33.09206549254725,-6.453045122623442,-28.199345988035194,-4.362510174511608,-9.629863896316797,-3.589785083246491,0.17898578976223142,0.3257541373672612
200.009243,99,79.449195,99.0,93.51475223950568,34.7202622956997,34.98233266097782,-7.2618472766876225,-29.094618231058128,-7.85533560316679,-14.14511428407233,-3.8511883960434066,0.44206022271519013,0.8752792409760765
209.155686,88,79.605247,88.0,119.9598505067797,32.1574158315077,30.76716046024343,-6.244829509258272,-26.644223761558543,-14.269974720692906,-11.31952070658329,-3.2501918365482725,0.606431992138335,1.0673203061634695
226.916424,96,79.776118,96.0,134.4235860493609,33.423918912983346,33.37379221878982,-7.208601727485658,-29.653464329242702,-17.217577657891177,-12.348556044355032,-3.876673149419558,0.18736886837568179,0.359748227281309
259.361864,124,80.00215,124.0,126.55025459724878,44.25505228284759,44.35291734896516,-8.998220002651209,-38.49795051813127,-12.11184675515215,-15.452603571412853,-4.735738899106859,0.4485185770019489,1.1123260709648333
158.246492,68,80.127717,68.0,90.04068762454867,23.679578495506856,22.47682821636,-4.801556537151338,-18.986230528354643,-12.00274844194375,-7.76125050372351,-2.3988159454991838,0.5663883908809659,0.7702882115981137
154.091574,74,80.262151,74.0,84.80112793230036,23.697008557898666,24.512863823870102,-5.681183187961578,-21.382688170671464,-9.499565813169843,-13.004816131532273,-3.351173236674001,0.5055518876042205,0.7482167936542464
173.111514,78,80.404686,78.0,96.33235315647937,26.53383759402535,26.79628402173001,-5.398787571191787,-23.027705001831052,-13.937783700746522,-9.85895759125411,-2.327727038240214,0.5971850396862102,0.931608661910488
253.981382,108,80.60025,108.0,145.12917306206492,39.26348564906587,39.0692148641483,-8.063717703819275,-36.37132259607314,-16.32313758181728,-11.850246055090865,-4.872067989950771,0.597607010733753,1.2908311431849067
159.572383,67,80.721536,67.0,98.31545088955895,23.766017146869007,22.29723318032939,-4.862019239664077,-21.397149550914754,-14.467584166661378,-8.747307153963545,-2.33225824843662,0.664832034062904,0.8908749256442914
172.813807,78,80.860223,78.0,92.55191028451935,27.88603945316578,26.725881544059916,-5.615865883827207,-23.828298372030254,-10.585759739853142,-9.242470886051533,-3.0776295372842157,0.4997166656210979,0.7795579983689127
161.059407,65,80.975971,65.0,100.39714719760002,22.83668048167388,21.695086322464427,-5.162376658916473,-21.947445046901702,-13.074019918731121,-6.190003195685245,-2.495662220357607,0.6908333534703598,0.8980833595114678
192.109603,83,81.252445,83.0,111.66796169939586,28.719832896122576,27.909091911581456,-6.252975879907607,-27.17082860469818,-15.032303806556623,-7.947386622304369,-2.7837888198583456,0.5966166872415289,0.9903837008209381
172.316734,76,81.389937,76.0,103.49931123735223,26.238095849999787,24.41779140429388,-5.869491920471189,-25.228106236457823,-13.24063954312106,-10.980892763304274,-2.51933449327237,0.509332824627159,0.7741858934332817
206.765595,96,81.563917,96.0,114.2216623166787,35.500001253949904,33.3087073450968,-7.356644768714906,-31.101535582542418,-12.215056978183595,-17.84712273295904,-3.744415509774068,0.4801273044507059,0.9218444245453553
211.059379,94,81.745133,94.0,117.38783351581054,33.4487430072958,33.233759650477275,-7.222399506568909,-30.0170611321926,-13.37709677703739,-12.811686062042526,-3.582713404136016,0.47066794209393875,0.8848557311366049
240.98082,107,81.949276,107.0,128.0264665685433,39.659906851198485,37.04286400039725,-7.966447622776031,-35.07811094522477,-12.306036517722175,-11.167628381593,-4.2301938103952805,0.5160892030350762,1.1044308944950632
202.383605,87,82.108182,87.0,117.92823316043891,31.060137276845417,30.602083418538605,-6.393957030773162,-26.68029425144195,-14.446673272490392,-13.096462016249156,-3.589462220721836,0.5699011560682576,0.9916280115587683
167.704133,72,82.239822,72.0,101.49959458439925,25.796985273029023,24.435068986947922,-5.522211534976958,-22.611288976669304,-14.535525061225918,-10.420330106958534,-2.938159745415529,0.6472179547384248,0.9319938548233317
164.191989,74,82.372702,74.0,96.3750280831961,23.915490998301348,23.986806891826475,-5.460911364555355,-24.237536263465874,-11.829915380028181,-9.885780065262258,-2.671194008219198,0.5707973966508824,0.844780147043306
138.623943,62,82.483609,62.0,84.58946510312258,20.75017273957856,19.40545843150785,-4.941908452510835,-21.978350591659552,-7.457249317384654,-10.864332747519168,-2.879312277234866,0.6062757747237569,0.7517819606574586
163.871726,66,82.604944,66.0,104.22633243213357,23.774844099870013,21.674878768486714,-4.662717955112457,-21.14127942323685,-13.74114288726911,-9.633429672379773,-2.625759210604324,0.6365052522080317,0.8401869329146019
215.580192,91,82.768816,91.0,124.36580526385767,33.678334048263864,31.285385889610566,-6.500838315486908,-27.262416046857837,-14.754505653299832,-12.784569937717347,-3.447003233033157,0.42049779187956854,0.7653059812208147
31.872063,61,82.879118,61.0,-28.157920723394863,20.513428448429867,20.707474987897818,-5.39099399805069,-16.431572765111923,-4.174495613379531,-13.809257020778087,-2.384600752210921,-0.1629035451886197,-0.19874232513011603
216.68914,96,83.053772,96.0,118.2679953047072,33.26587340993279,33.984066905665514,-7.056697697639469,-30.271740162372605,-11.666580284769418,-12.142621158053377,-3.6911566437219996,0.5279700504130678,1.01370249679309
190.569505,83,83.320022,83.0,100.63020303398932,29.979824581202987,29.0598512598757,-6.0592526125907895,-24.763543343544004,-11.347008224162362,-6.452745655627996,-3.477823658307336,0.47678964408858204,0.7914708091870463
162.170352,67,83.441035,67.0,100.16804316317014,21.125718847036357,23.013586082022705,-4.604342999458314,-18.74256732463836,-10.87314691776715,-12.574611607791141,-2.342327542912421,0.6974078544649058,0.9345265249829738
227.427584,98,83.619678,98.0,130.98303574199662,33.69359594659969,33.12420888111226,-7.394022915363312,-31.56980463266374,-14.31692340746838,-11.409858943768365,-3.6826470736818817,0.5599310097140805,1.0974647790395977
232.537531,100,83.799004,100.0,128.92430487895388,36.23432071437736,35.46720956548137,-7.414588060379028,-31.936529344320288,-13.03694224037275,-11.774341748394539,-3.9259028222550354,0.39111762454748267,0.7822352490949653
162.854315,81,83.946806,81.0,76.58812927215982,28.90866859487583,27.97976722282783,-5.809986371994016,-24.729980444908147,-7.51886622726865,-10.586364264087097,-2.9770526819368475,0.2823768801820516,0.45745054589492357
222.925295,101,84.131364,101.0,118.24938735299287,35.72898520880484,35.062421452682415,-7.418934677839279,-32.08034960627556,-12.74986855838384,-11.003612249874648,-3.8627337467999716,0.4541794487985984,0.9174424865731687
271.05314,112,84.334705,112.0,158.04294092300333,38.36504944026088,40.03999776452481,-8.27415548324585,-34.17955977916717,-18.42001040427604,-11.663990900721759,-4.857131385511535,0.4702360135314205,1.0533286703103821
262.799754,104,84.916959,104.0,157.38163381308695,37.88271047693703,37.44481890873307,-7.568369439840322,-31.917087054252626,-17.40816744541018,-12.73349040085702,-4.282294997129022,0.6391491766573638,1.3294302874473167
224.437902,92,85.086698,92.0,135.2985062998193,32.81008778190136,32.583095696264046,-7.064389697313312,-29.30702867507935,-14.924188527281077,-13.411723582196108,-3.5464577733570826,0.5647061528560476,1.0390593212551278
178.936041,77,85.229851,77.0,101.56827206560027,25.441066844016817,26.12525336668296,-5.422629940509795,-22.100325530767435,-8.697107807356923,-11.919024160921001,-3.0594640268862685,0.486361596733062,0.7489968589689155
201.019292,96,85.410265,96.0,98.99293439009605,34.51952870841777,34.10497890859562,-7.086518998146055,-27.986996591091145,-9.873411456723435,-13.770242503187216,-3.880980809211059,0.47347293813136376,0.9090680412122184
202.95979,93,85.698211,93.0,112.65233707073648,30.58411365743778,32.356266613666676,-6.856005818843841,-29.817804139852523,-11.558646946459668,-13.553896315775114,-3.8465736280652516,0.5135256555234423,0.9551577192736028
215.961584,92,85.862768,92.0,122.90712794717999,31.702065911825716,32.315341256097106,-6.6547998571395865,-28.616877686977404,-13.102029817645999,-11.438176343904383,-3.151067907353244,0.5469373031492075,1.0063646377945419
95.3053,83,86.010258,83.0,6.058531554252283,27.733045611252905,28.50098191456198,-7.0663803863525425,-25.801055246591577,-0.8531488460434848,-12.996937763471575,-3.2697368162813567,0.025262372176903043,0.04193553781365905
202.217519,123,86.231571,123.0,57.828652745990205,42.980975875143756,42.82486266238043,-9.240555005073547,-37.13111937046054,-1.7815421699568226,-11.904868602275926,-4.3588871332947425,0.3813356256856295,0.9380856391866486
304.112409,134,86.474453,134.0,169.59342941271686,47.20742794588946,48.56902824363259,-10.515329496860508,-41.53277724981307,-16.343647912505606,-20.53822248933708,-6.327499616092575,0.27616766589981645,0.7401293446115081
228.403712,98,86.657186,98.0,119.11320570723336,35.67388658635873,35.16669605440631,-7.0916796422004715,-27.770786464214314,-10.223184652941187,-10.870150783366746,-3.5942750298712958,0.43827438521981893,0.8590177950308451
187.664817,81,86.805816,81.0,115.62423953468267,29.360300902174348,26.988025663108036,-6.25437288761139,-25.277762186527248,-13.814004357394307,-17.064563344547707,-2.897046758942915,0.6430048811336188,1.0416679074364625
324.517509,146,87.092382,146.0,157.99952821012022,52.37059445286299,53.516623407729604,-10.623073434829717,-44.079022908210725,-12.658179011758042,-12.361009252973513,-5.647952583496788,0.42623779869708994,1.2446143721955025
187.102559,78,87.23242,78.0,111.42545496637432,27.00210588557522,26.665172198689124,-5.852117967605589,-24.65593748092651,-10.962118488359753,-11.36934736409702,-3.150652467933329,0.5737619163004293,0.8950685894286697
230.261832,97,87.413933,97.0,131.72759624253135,35.48938408880063,33.98726237303793,-7.208385334014895,-31.388818562030792,-14.913351768701734,-10.900229416249731,-3.531625931265967,0.5911331776204218,1.1467983645836184
214.07935,94,87.710796,94.0,117.4208952375484,31.329913536535187,32.24837107466399,-6.7684881138801565,-27.04295731782913,-12.247239238275128,-11.132583002144433,-3.7285621935626176,0.5312981408351645,0.9988405047701092
105.444735,80,87.866575,80.0,15.455843948663,27.623149895182852,27.824777844548805,-6.713952236175538,-23.488618123531342,-1.3767266647319079,-10.717673464100272,-3.1620659596078613,0.16146731296629904,0.2583477007460785
178.251394,73,88.005178,73.0,111.79495250303349,26.046771484707598,23.820884064623584,-5.246795202493668,-23.09763791561127,-13.852958372110356,-11.479183532965699,-2.7346393629105656,0.5856835699194306,0.8550980120823687
186.097324,78,88.149426,78.0,113.26375061900299,28.321284674343367,26.262793813256117,-5.850446419715883,-26.70692782402038,-12.840144344569014,-11.53813611542888,-2.8148507746968163,0.5957104912368234,0.9293083663294445
189.52791,81,88.294835,81.0,109.93966599317255,27.72215701370062,26.164346612053464,-5.904691991806026,-23.50296217203141,-12.289779106497168,-10.073117722738363,-3.5277087190109278,0.35691070250333307,0.5781953380553996
193.988636,83,88.447645,83.0,110.7087826017383,28.400575390857323,28.023522382417656,-6.11769501209259,-25.103883737325678,-11.553870856137523,-9.706473534506905,-3.662321475343163,0.25002906438581324,0.41504824688045006
194.479414,78,88.590925,78.0,116.06101163600633,27.037551483646695,27.860940106658873,-5.588395407199862,-23.95836678743362,-13.955590799142735,-8.165575023571954,-2.8121608060020518,0.593732894219585,0.9262233149825525
92.031429,93,88.759421,93.0,-6.306156505471726,32.728023242759264,33.130775815203926,-7.705574045181274,-25.357878953218446,-7.783213260535354,-15.058247682202547,-4.616299835460442,-0.03578257546866886,-0.06655559037172408
173.383691,83,88.908775,83.0,82.0171330769774,27.431574713783935,29.154402385367188,-6.274110152721406,-25.579307866096503,-3.958461399630615,-9.203395966822349,-3.204143759833562,0.46910845532795464,0.7787200358444047
283.006083,135,89.153898,135.0,136.24852577875492,49.72467029503797,49.17829295193759,-10.549747195243837,-40.59995563030242,-13.065237499188628,-17.55842479811977,-5.372040741818278,0.4246435448033809,1.1465375709691286
233.019939,101,89.346689,101.0,132.79890700476352,35.73518186711406,36.23643846282899,-8.063027205467224,-33.24113366603852,-13.706229226767299,-13.824568707317415,-3.915629908425368,0.4877354237022006,0.9852255558784452
184.575624,74,89.482118,74.0,115.45605316546403,27.193718897895682,26.020152204520308,-5.558802647590639,-24.35927020907402,-15.871060223287351,-9.984868456404875,-2.320299207449901,0.6937935340852635,1.02681443044619
164.826312,76,89.744186,76.0,92.36951078431292,25.496797690880125,24.896945907422875,-5.778020277023317,-22.829336285591122,-10.775710070326598,-11.42673875396736,-3.127137080902989,0.4748231333924149,0.7217311627564706
174.837873,70,89.878356,70.0,103.11375407239406,24.85612271646495,23.49145613042004,-4.988272144794465,-20.337932670116423,-11.387938020012891,-7.664581021674187,-2.244735744222725,0.5973869363747683,0.8363417109246757
225.285973,97,90.058414,97.0,123.86846415848774,34.821000578634575,34.0810962271978,-6.837758715152739,-28.040678787231446,-12.271506100308928,-13.329098337113084,-4.005546209321578,0.5243664652361887,1.017270942558206
245.906656,107,90.249138,107.0,128.10786207474808,39.47399147263103,38.40990636788303,-7.886836061477661,-32.0619118988514,-14.469862632321156,-8.445038866632384,-4.221454633449762,0.5120204365673169,1.0957237342540582
270.120638,117,90.455549,117.0,154.43901680512027,41.94431275470965,42.08280128891607,-9.026829392910004,-38.4123555600643,-14.180212915857535,-18.707569005885016,-5.018525767762093,0.3648495745400567,0.8537480044237326
191.797583,82,90.600821,82.0,113.57005035219926,28.128797355647144,28.081087907011543,-6.126348271369937,-24.718158936500547,-14.740391645765907,-11.17986750664941,-3.217586397149373,0.6090623074239588,0.9988621841752926
91.304923,73,90.73276,73.0,11.126594002759287,24.411670083262546,24.889214780384147,-5.992349236011507,-19.105356216430668,-1.2311102883671612,-13.010566714991619,-2.7831734345192394,0.09376226887917946,0.136892912563602
161.177265,71,90.861041,71.0,92.35492213378885,26.27491022808977,24.773890713924555,-5.346494195461272,-22.780940532684326,-11.26169851881642,-11.245748962102617,-2.5915755150790227,0.4067747631000051,0.5776201636020072
163.011597,72,90.991601,72.0,98.57154594125691,24.553539486478268,24.268708260036185,-5.168781870603563,-20.20238891243935,-13.761358518738026,-14.22334211306562,-3.0263249355935122,0.5761486221820408,0.8296540159421386
329.957432,135,91.232097,135.0,178.8027960468339,49.88779182998452,48.98027301293878,-9.933498172760007,-38.87805728316308,-15.446630591699202,-13.020836384179525,-5.434405975182837,0.5475693098741843,1.4784371366602977
185.583688,88,91.387791,88.0,100.41591249717506,29.544272451560882,29.826166771971028,-6.598722159862521,-27.734130740165718,-13.412531344186814,-10.853182071178816,-3.604097447169052,0.5178588762464812,0.9114316221938069
199.056625,81,91.654073,81.0,118.57174241967626,28.64896119278433,27.983690433203105,-5.90220034122467,-23.86425545215606,-15.72048811671395,-8.693388274767129,-2.967436830484348,0.6481561636495355,1.0500129851122477
233.024312,100,91.834994,100.0,132.149813900328,34.78953075915349,34.665477333858426,-7.8177469944953915,-30.882183843851085,-13.118637935098326,-13.057156523339497,-3.7047851934768428,0.5443222835056054,1.0886445670112108
176.997003,78,91.974446,78.0,105.50634837826492,26.31413176311973,26.923008195567398,-5.784606394767762,-22.914206308126452,-14.180460590589236,-13.77942410746769,-3.0877874685523437,0.6239348610771588,0.9733383832803677
407.307533,177,92.294128,177.0,209.75524088575355,66.66921433474813,64.83637220036587,-13.081061580181121,-55.860145843029045,-16.49940121845715,-18.618722649601462,-6.893963336985492,0.35130895365330844,1.243633695932712
357.814411,158,92.570426,158.0,183.57321675029573,58.32378172201303,56.463587061945084,-11.973090316057199,-48.088594257831566,-16.05506464073158,-16.110596218954218,-6.318829361791127,0.46656242395728764,1.474337259705029
77.466089,64,92.684228,64.0,7.545789318935352,21.65245335612719,22.021700479028862,-5.235548861026763,-16.372553253173827,-1.4700506659148165,-12.281690990204146,-2.3940100358545036,0.01042085249588444,0.013338691194732084
273.440811,112,92.887867,112.0,154.77139003471171,40.521556255410125,40.08971811806587,-8.134444949626921,-32.42481721639632,-17.954578923244092,-10.704270260414749,-4.723742011624249,0.47401269061064427,1.0617884269678433
196.380482,88,93.045099,88.0,106.05304848543545,30.85022054677578,30.6714949652516,-6.3037586915493,-26.638788688182828,-9.96834046713967,-12.732966297180848,-3.5504276492187046,0.5278256377570139,0.9289731224523444
162.758587,73,93.172258,73.0,91.0524743182127,24.468125148421475,24.64974734181691,-5.638971891403196,-24.034185439348224,-11.225986605466051,-6.804479850442399,-2.7081357130194545,0.5753495041028203,0.8400102759901176
279.046302,126,93.395101,126.0,150.59416265314468,46.72729262209407,44.85238322932225,-9.078556669950485,-38.22220592498778,-18.308591323655982,-18.267683990133786,-5.250498102098348,0.5782592498257748,1.4572133095609525
219.143534,92,93.678228,92.0,134.55645120518955,32.655417499910705,32.163661819136344,-7.301835062503814,-30.887524151802065,-16.880765616074342,-13.797868628135648,-3.3640030131007883,0.6220713348937227,1.1446112562044497
254.973316,109,93.873671,109.0,144.98328528773726,39.54860944795919,38.081515710539755,-8.439781224727627,-34.43058313131332,-16.218719399358335,-13.200208804805369,-4.350802024398741,0.5811941898012992,1.2670033337668325
131.926294,82,94.027472,82.0,41.0946527833294,26.383214742732488,27.570463008238903,-6.773829803466797,-24.946409273147573,-1.5534727734677567,-8.908384428800447,-2.9399402547504585,0.13995466961405803,0.2295256581670552
165.120706,69,94.154099,69.0,96.85531529092869,24.798006468908984,23.681752605696,-5.0016079246997815,-21.998398327827452,-12.418803765484856,-7.478018354097803,-2.317539700747242,0.5037484341918592,0.6951728391847658
255.585926,97,94.329152,97.0,155.98933465987866,34.10038258039679,33.90312276380773,-7.025036246776584,-28.324683272838584,-16.451901912497497,-9.613718367113693,-3.9915741836867347,0.7139034162670109,1.3849726275580012
517.447633,211,94.710669,211.0,279.15387218899116,79.75632609825111,78.49835536443425,-15.490592665672303,-64.6772380232811,-22.094170223493304,-19.32547121282649,-9.373448527055812,0.5474956445254884,2.3104316198975607
228.540726,99,94.880444,99.0,129.06427290419361,36.45939748867472,33.975943095022274,-7.315810296535491,-30.43889349102975,-14.118869093655434,-14.492937055719901,-3.5923775265108717,0.5897466750854647,1.1676984166692201
195.033819,77,95.01789,77.0,124.34987377282388,27.74138834535867,26.58869970493138,-5.752251977920534,-23.77216737270355,-17.47095313961098,-10.779635549961583,-2.871134709635059,0.7373007905777191,1.1354432174896876
208.331603,88,95.174957,88.0,116.22682553157931,32.7147768242114,31.34518883517981,-6.6936919653415705,-27.820580840110775,-9.61522411723849,-12.411138706288437,-3.414552379845265,0.4779603573194272,0.8412102288821919
236.084386,111,95.484843,111.0,119.43961899276611,37.155566474526125,39.279620031190646,-8.587882952690128,-33.87963023185732,-10.99651111294922,-12.514615834527154,-4.811779797095314,0.11876520298315316,0.2636587506226
192.680849,101,95.665825,101.0,85.63512588516754,32.217961239623286,34.20399081056643,-7.942473256587984,-30.01554117798805,-4.62218850281218,-13.795593400399936,-4.000432394105072,0.2221827894612787,0.44880923471178297
193.21634,89,95.827196,89.0,105.6569046176425,33.28545559840414,30.071285144699512,-7.025313928127288,-27.389580994844437,-11.423044596126925,-15.90143693503574,-3.0579286672316432,0.49045914143491753,0.8730172717541532
199.393357,86,95.979572,86.0,109.37280856896487,28.519221951417798,29.48544117506244,-6.243471782207488,-27.738487398624414,-9.023353497289024,-7.488361968802727,-3.490440025530726,0.5182628786496601,0.8914121512774154
208.676622,93,96.144447,93.0,116.11953523260631,32.73948779777366,32.30241748673649,-6.921344394683836,-30.530266040563586,-11.759138244043829,-12.891605989910824,-3.382464270771376,0.5659941859691886,1.052749185902691
233.858515,102,96.324713,102.0,127.34755571408576,36.27432896392694,35.91943773518107,-7.378038222789764,-29.875853729248053,-13.509380515135918,-12.755411757101697,-4.164122890597147,0.2109962427921036,0.43043233529589137
280.623371,129,96.557845,129.0,147.09427912129473,48.64623568001481,46.22433289008501,-10.304930937290194,-42.004881894588465,-16.463141801388403,-16.286814305054186,-5.281707419746529,0.47212599929477267,1.2180850781805135
293.444026,135,96.801803,135.0,146.1019625815403,50.74488421674876,47.464357989323915,-10.101507109403617,-41.49938999414442,-14.471256468963555,-15.052216200992765,-4.7428087941125545,0.2597317393720233,0.7012756963044631
267.002012,119,97.015626,119.0,148.86267880809274,42.89986344877823,41.63581372669847,-8.764554667472838,-35.686046493053425,-13.398711515153195,-22.683178938582703,-4.86385254254466,0.531626679878452,1.2652714981107158
238.262802,93,97.212903,93.0,149.0349350589305,32.68120032343379,32.62687523843216,-7.117009799480439,-27.58572211265565,-17.674960810238492,-12.623890125122044,-4.078625945011502,0.6974455578396658,1.2972487375817785
255.416007,100,97.544934,100.0,157.04026775275344,36.59002335503725,35.47023196099557,-7.734647724628448,-31.179976034164422,-20.26770674225054,-10.250203756148112,-4.2519819415784905,0.6371931522145285,1.274386304429057
208.069677,113,97.752859,113.0,77.57776383784062,39.32023039747609,38.073272099336805,-8.913865046501162,-34.71936846375467,-3.268517799128495,-8.991626351856173,-4.008211737656104,0.29044465406736986,0.656404918192256
190.236321,77,97.889625,77.0,113.73175945128435,28.237991430420962,26.992409981431337,-5.7562853646278365,-23.031705266237246,-13.965620559116722,-10.345540031439425,-2.6266888122827394,0.5904903494217941,0.9093551381095629
115.808089,100,98.067751,100.0,0.5770658413914016,34.69054091551503,36.51002120802817,-8.156655769348143,-29.720348107814782,-2.7405882587382977,-11.616092342595275,-3.735854841825775,-0.07112408854366367,-0.14224817708732734
262.984287,116,98.273897,116.0,148.74197796523225,40.85301093475306,41.32757040186491,-9.009118590354921,-37.974123919010154,-17.598763377288638,-15.182985107311447,-4.173281286510233,0.5461321432616635,1.267026572367059
265.7967,119,98.483123,119.0,142.31643098010227,41.89037522535098,42.65742446379707,-8.621766057014467,-34.24397394061088,-19.123390036902194,-13.510135276945144,-4.568265273367006,0.5466290708317176,1.3009771885794879
300.960173,132,98.710277,132.0,163.8689224885792,48.17292386615155,47.63447454297464,-10.05538136601448,-40.34765075445174,-19.164147249474148,-15.8912287623972,-5.2577393278261555,0.5519795422197002,1.4572259914600088
348.430981,159,98.992356,159.0,177.52628403415713,56.94604831194214,55.53128447628678,-11.485565792918205,-45.66215176582337,-17.406841978335827,-19.868814799167094,-6.149261473247794,0.5004124404258009,1.5913115605540469
195.712728,85,99.141387,85.0,113.2459887953096,30.87821509334958,28.994132900136208,-6.829110137224198,-27.12553540468216,-12.667956851650597,-12.353622180112813,-3.4293845936541323,0.5501265044871662,0.9352150576281824
201.068763,86,99.296586,86.0,118.09116881824077,30.39315878344267,30.121336359309343,-6.453986625671388,-28.088027137517926,-14.27014122094204,-11.275206186572989,-3.4495400414292736,0.5969504624074958,1.0267547953408929
178.306264,76,99.550721,76.0,105.99196935326434,26.43518132366232,25.373549220885785,-5.565070281028749,-21.887814509868615,-16.896986252986434,-8.428184882060606,-2.716380199659201,0.6294740785092989,0.9568005993341343
237.657455,110,99.755418,110.0,121.35771575722886,40.46438071239943,39.38898560982077,-8.129121127128602,-34.37444688081741,-13.803767445668504,-12.708650959139442,-4.537640541644863,0.11507836299673428,0.25317239859281543
222.958078,93,99.924343,93.0,121.74567408942664,34.12811838121399,33.13447544144612,-6.965847375392916,-29.079881489276897,-10.848590339789435,-8.51488422557462,-3.640986227500988,0.48132765166504105,0.8952694320969764
212.589098,94,100.099416,94.0,116.82103502293307,32.91341959967504,33.03613096279906,-6.76062394976616,-27.16993366479874,-15.540197646591796,-11.064058554140567,-3.6466736544811904,0.5368557628640692,1.0092888341844501
234.080178,106,100.287987,106.0,123.00090340050455,37.20157680263733,36.937626249819125,-8.285676035881043,-30.328921371698378,-13.539098449643392,-13.235503495746817,-3.670729219923882,0.5094489114818631,1.0800316923415498
144.620534,85,100.443048,85.0,50.35635202890898,26.325242866598867,27.43705669017498,-6.697712819576265,-23.49041244983673,-1.7895853366845964,-9.15591816271217,-3.3644885551996877,0.2387058615595754,0.40579996465127816
286.924146,139,100.694678,139.0,132.89873872771997,48.541304424380655,50.67863426329955,-10.046507110595705,-41.04321232438085,-10.82786326028864,-16.783809333961898,-5.493139163625078,0.2756168792959194,0.7662149244426559
212.01466,92,100.867666,92.0,119.13167589794472,31.947868305334104,30.915102050396545,-6.551451489925384,-27.5836862206459,-12.144566289108438,-12.300570959491807,-3.3997108901457924,0.5597402810381891,1.029922117110268
515.981536,231,101.301296,231.0,249.1220022930153,84.73842604366914,84.33344511509733,-16.767093157768258,-66.01571942865853,-17.91892384854366,-22.94084990314113,-9.569751520063342,0.30351000127380345,1.402216205884972
267.548285,114,101.612536,114.0,149.1187517960165,41.7298422907787,40.83281914224811,-8.715827484130859,-36.90246094465256,-15.08941259925251,-12.965986508088802,-4.45944058232814,0.518619220349144,1.1824518223960485
226.350367,102,101.792878,102.0,119.9733029180183,36.92073353162021,35.76180439390534,-7.407006380558012,-28.42870162725448,-15.015968490088138,-13.015628302803341,-4.438168733519166,0.4520172051534532,0.9221150985130446
131.829871,111,101.993074,111.0,6.974372515258846,40.46848647539482,38.88746097299633,-9.493470799922948,-30.658805370330807,-7.776082463047623,-13.197114237208952,-4.374975808562816,0.10524752920092441,0.2336495148260522
340.974436,144,102.248846,144.0,178.96064413216473,52.14328061194904,52.21705393353337,-10.054943571090693,-41.211589384079,-16.73974237386656,-13.290221131285094,-5.050046063214591,0.5103976277221566,1.4699451678398108
242.654199,96,102.420805,96.0,149.34047940212605,32.79555353563815,34.14993647104241,-7.135923767089848,-27.115006232261667,-20.700386628016066,-10.705140516320773,-3.975313347371093,0.6861517294609365,1.317411320564998
257.962139,118,102.631998,118.0,141.25489254200755,42.91798330335371,41.675131634159484,-9.131815834045405,-36.4042116999626,-16.307656740086074,-19.705176211064668,-4.337007651651903,0.3920498290671794,0.9252375965985433
223.124063,100,102.811664,100.0,123.438032891089,36.55000480892272,34.15515733624598,-7.171749923229219,-30.469402647018438,-15.366375711998716,-13.91573895475703,-4.0958644071096035,0.5275524113713668,1.0551048227427335
256.705198,116,103.020452,116.0,132.67760552121683,40.093408701788256,40.15390595393082,-8.835154750347137,-34.33282929062843,-12.160213695977282,-12.095599390826992,-4.795925276827645,0.34729861620841035,0.8057327896035119
153.792675,85,103.177386,85.0,56.140081792031566,26.91581569503721,30.91217347346843,-6.904765198230741,-24.877036786079405,-2.090182288943706,-7.766628188902304,-3.5367835458631185,0.3918242368976934,0.6661012027260788
237.146674,99,103.484681,99.0,133.40152856562915,36.65944914424339,34.62876667699493,-7.529496526718141,-30.3268538236618,-15.310488594170977,-9.445625155748845,-3.9306063424111426,0.35717966575997123,0.707215738204743
386.442828,160,103.771029,160.0,212.21520869381965,58.23690000313514,58.06431715367778,-11.604704737663269,-45.15406793355941,-21.06159305992553,-17.362987044448094,-6.890245299824275,0.5511976690565465,1.7638325409809492
225.249152,98,103.944341,98.0,120.31863279574314,34.54970916054825,35.55179495063421,-7.159050753116607,-30.122258573770527,-12.594695504290375,-9.527964732853423,-3.7670150296059646,0.5233370051249937,1.0257405300449876
288.713344,122,104.158215,122.0,156.91171812617483,45.38032452736473,43.37575405723427,-9.090005564689637,-37.27083920240403,-14.812300316100321,-12.87686062338102,-4.904446819980666,0.5286840355197185,1.2899890466681132
347.603481,151,104.429828,151.0,171.50321323374237,56.39984802149689,54.364316768025965,-11.40937393903732,-45.88517513275148,-9.74407185166675,-12.404429418769052,-6.220846282413461,0.4268186998861806,1.2889924736562655
252.250569,99,104.607261,99.0,154.60052696749418,34.69434992504987,34.22255232196549,-7.0034538936615,-27.7000864326954,-15.317557573956607,-16.190992859521444,-4.054769361787109,0.6989309699859125,1.3838833205721068
341.322573,150,104.878638,150.0,178.55274634304234,55.20871700565873,54.53056518788298,-11.093572559356693,-46.344410127401375,-17.061334207489022,-16.642202206647084,-5.827936766686429,0.3468961937046137,1.040688581113841
238.649028,99,105.055164,99.0,135.09714033303698,35.50212553276969,35.07215266318172,-7.429323754310604,-28.348619937896725,-14.392577053643697,-11.807543426458391,-4.044326399546722,0.546134115122876,1.0813455479432945
310.31651,130,105.405706,130.0,170.73206046661184,48.56070623391552,46.71901896118223,-9.539360315799708,-38.89184421300885,-16.195100611808574,-15.65549860549138,-5.41347219993808,0.5435490880390825,1.4132276289016146
179.166757,78,105.545847,78.0,100.30934448157619,28.781798954998344,26.41729329355134,-6.172186887264251,-24.375052922964098,-11.073848305344049,-9.917567337783137,-2.8030242676754087,0.5502687190639147,0.858419201739707
255.244445,105,105.740596,105.0,150.5030352774325,36.72494183984332,37.43213353968211,-8.31566065788269,-32.80862574577333,-16.260447981107262,-12.821746407106101,-4.209184452441204,0.6263162591542762,1.31526414422398
270.901855,116,105.9642,116.0,145.82571141508515,43.45273687405432,42.01435161246606,-8.557524917125704,-35.44440888762473,-14.821519335280517,-13.659539107795018,-3.9079531324706114,0.5197201133042304,1.2057506628658146
216.049717,93,106.136327,93.0,115.1051557683972,33.918723890855716,33.45953384829508,-6.809790906906125,-26.210214793682088,-10.590846134704398,-12.61200048212083,-3.210844059563754,0.4811401421061229,0.8949206643173886
237.329136,93,106.301905,93.0,140.90491371393546,34.08147398246947,33.318088315776386,-6.4835462832450865,-26.075819325447082,-18.662100377697172,-9.327021764061833,-3.4268518678459468,0.6416297454713935,1.193431326576792
280.611981,116,106.512843,116.0,159.52612099604733,43.54492564448875,40.642411428774984,-8.480089632272723,-35.12476435899735,-17.72263282216126,-13.5239016759899,-4.25008824335507,0.6083678687214222,1.4114134554336994
241.626515,98,106.693492,98.0,140.0303314220588,36.00098423315066,33.69312349090878,-6.808353403806689,-29.834618002176278,-16.129746659219183,-10.150148586199188,-3.175057194699532,0.6308301157032694,1.236427026778408
272.703193,116,106.893736,116.0,143.89404151743472,42.18807609199841,42.44558881332231,-8.22412164211273,-35.31454715728759,-13.28837859005758,-10.607008966832003,-4.3904567301817155,0.481353085172907,1.116739157601144
365.301495,155,107.166081,155.0,195.12874460628345,57.95460357563308,56.314865508564075,-11.815446937084197,-47.81100131869315,-17.854905938436048,-15.385641958112894,-6.2297230061969735,0.47381942941434196,1.4688402311844602
345.559249,137,107.523511,137.0,195.68399180862903,49.242988727928925,49.67933602247697,-10.05958088159561,-38.327968335151674,-18.93174463094478,-12.614230210703152,-6.1135431423476785,0.6302442396764328,1.726869216713426
201.933684,94,107.688703,94.0,98.4500397729129,29.391385205583262,32.34251830538693,-7.512552630901335,-25.29961149096489,-8.792598410432722,-7.166130983648452,-3.4793660256318715,0.05173138806890961,0.09725500956955008
207.123816,83,107.838047,83.0,123.63719461925801,29.061339090374737,29.148682699689747,-6.22633951187134,-23.25967283844946,-15.178964962321306,-9.501395809293962,-3.557027378069132,0.482047015979677,0.8001980465262638
203.21201,86,107.993448,86.0,109.66413179295462,29.75488902255254,29.954200035659674,-6.076581125259398,-26.189286303520205,-8.184629972823055,-8.355543846688727,-3.355169518781425,0.5526148676884267,0.9504975724240939
224.259884,92,108.157385,92.0,129.12935768680666,33.170957364906485,31.27966573666323,-7.01943460702896,-26.683104872703563,-14.493506890734182,-9.16188085929798,-3.962169367417238,0.6057706872186815,1.114618064482374
370.248938,156,108.433283,156.0,197.7845095318037,55.97464959376777,55.536547513328166,-11.735546437501911,-46.4349567592144,-12.917259452795575,-16.76688126508,-7.192124449100303,0.5469156283865292,1.7063767605659712
262.575411,109,108.62159,109.0,143.0061460339018,38.98352867772769,36.761227103168274,-8.327509288787843,-31.15593768954277,-13.93588683451526,-7.561580030287533,-4.194577036047378,0.10904825238805217,0.23772519020595376
268.749053,111,108.811769,111.0,151.94647016975904,40.70084318853219,38.883805624612776,-8.312426245212556,-32.64083374738695,-15.95851774632693,-12.394536282872568,-4.475752096929078,0.4029152850651725,0.894471932844683
234.799825,92,108.968741,92.0,140.78388788280756,34.41643596588669,32.46219650822708,-6.876886057853699,-27.498614346981054,-16.80113484061421,-10.412596653789485,-3.2734632030740936,0.4329425542013851,0.7966142997305486
725.072336,323,109.638535,323.0,351.27052871966947,119.93415039295876,118.81537271936244,-23.87773449301719,-93.11057235002518,-21.586118722007456,-35.94949820213397,-13.423791682218612,-0.12774603322064343,-0.8252393746053566
305.669113,134,109.869233,134.0,167.36749259704632,49.17766130816304,48.71630495451112,-10.197985656261439,-41.146543431282026,-16.697067269028135,-20.169827948138142,-5.380921922128117,0.5131233557396406,1.375170593382237
251.162321,105,110.050581,105.0,138.663384965745,38.09494923200047,36.90657184930548,-7.300550765991211,-30.44442218542099,-17.093675628445475,-9.019865999993323,-3.644070677544751,0.5914154151155314,1.241972371742616
219.216167,90,110.205463,90.0,128.1379285924093,32.67360759154188,30.609419863794137,-6.539396934509278,-25.284405216574676,-13.737234121132351,-13.039134200841923,-3.6046182118347687,0.44765292173238835,0.8057752591182991
211.356998,89,110.358269,89.0,122.71998262326042,30.60102595814967,31.564437436055226,-6.501829795837402,-25.926515096426,-14.754494088168967,-11.96541006941313,-3.380198758795237,0.5889756821803813,1.0483767142810787
298.478691,124,110.570988,124.0,172.67776274675677,45.576454355759836,43.09436880894022,-9.417197558879852,-34.28838837742805,-19.4612147267873,-17.637243626045745,-6.065850558876205,0.46506385159439956,1.1533583519541108
396.524323,161,110.847024,161.0,219.9499604248301,58.6687670356793,59.091408106308606,-11.737351889610284,-46.94424517750738,-18.974822848896828,-17.170027816414695,-7.359364929434826,0.5453941639340434,1.7561692078676197
204.060423,85,111.109547,85.0,121.43964843167502,30.5909763529771,29.477871057421314,-6.1891024851799,-24.665150690078736,-17.099290390017714,-11.351599108998995,-3.1429302586810093,0.6337853098313887,1.0774350267133608
134.197477,75,111.237957,75.0,57.30561387079513,23.90542850228933,21.52342626246224,-6.4265838146209715,-22.471781092882154,-1.6135142376537521,-10.016124154340103,-3.008988226681484,0.3120105482438688,0.4680158223658032
200.114391,80,111.375284,80.0,118.40969511496182,28.355616967511633,27.14319572684596,-6.127722251415254,-23.210716229677196,-9.921738171617202,-10.839748106662613,-3.6941921872308185,0.6943982797653543,1.111037247624567
495.05105,230,111.770806,230.0,229.5528046926361,84.27528297560313,82.77055710257324,-17.523532979488376,-64.80135506391527,-16.301996072512228,-23.91111110381085,-9.009600027044264,0.3312998476058803,1.5239792989870498
498.363875,230,112.186384,230.0,234.92037307684018,86.44639990996677,84.50604099171073,-17.535119669437414,-70.15405652523044,-18.286432631217004,-22.662542401126156,-8.87078732076322,0.4416167503358769,2.031437051545034
367.689981,158,112.480422,158.0,191.20140461003086,58.097601137624636,58.559314301727326,-11.675751307010644,-47.06468827724458,-16.078779017098874,-16.705279185116595,-6.643841758979672,0.38564575066906337,1.2186405721142404
678.21838,331,113.20017,331.0,289.40298308726176,120.63243146450888,120.05977911640308,-25.50480279386045,-97.49623510241501,-15.357451117511618,-32.751425578935645,-11.766898853250034,0.33454671918532775,2.2146992810068697
347.979457,145,113.449648,145.0,179.1945884588997,53.67443460654556,53.10377079977488,-10.408696036338807,-40.12367789149285,-13.827203160820122,-13.13695837512681,-5.496801554714542,0.42644506699426404,1.2366906942833658
332.710571,132,113.677179,132.0,189.6901020281454,48.87005052930732,47.75589874405556,-10.236321694850924,-36.43070067167283,-20.87280673724388,-12.64600712573983,-5.419644298592506,0.5665375291299152,1.495659076902976
515.825961,219,114.097222,219.0,269.564376795022,81.29407523809977,81.8615104406367,-16.633837807178494,-66.43201674222946,-20.532250585981057,-23.2981578180851,-8.997738637494743,0.4830955054675404,2.115958313947827
163.488216,69,114.223752,69.0,93.6112455015796,24.117753730002928,23.31333977119387,-5.308709523677828,-18.9122860789299,-12.14920680342214,-7.484877680223392,-2.699043380106787,0.5486153999435134,0.7570892519220485
264.326902,107,114.421162,107.0,158.7156141120401,40.157719677415855,37.33783185894298,-7.9217074322700505,-32.30705091953278,-21.13801442981419,-13.678657935671952,-3.838833027780977,0.6497627564622813,1.390492298829282
789.719978,331,115.164664,331.0,402.0871988748754,125.47210866013734,123.42387373102906,-24.435698652267458,-90.15527289509778,-28.72298501857985,-34.87523254103533,-14.07401414373069,0.4779076635374664,3.1637487326180276
510.888823,231,115.58512,231.0,241.51374111446796,84.7233282034351,84.47679439052374,-17.182437416315082,-63.45405392646789,-17.54321458053926,-22.78930711881373,-9.856027467847246,0.43645585886420935,2.016426067952647
148.557826,100,115.807481,100.0,34.07602210755253,32.34439584103783,32.76768261476911,-8.28240966558457,-24.659021949768064,-2.0220446114069652,-12.005701789487796,-3.661096420006845,0.2579714954830319,0.5159429909660638
194.253121,114,116.019037,114.0,63.653581943539294,40.13824848555546,41.32610369521539,-9.292923825979233,-33.13000463843345,-4.051759417901673,-13.78082599462449,-4.6092990038902135,0.33544889706842757,0.764823485316015
264.104296,115,116.219634,115.0,140.20838547544872,41.2624695279603,40.77671300842748,-7.99326160669327,-32.197413140535346,-15.807435866052883,-12.362810050761311,-4.782351183200929,0.35513613987733067,0.8168131217178607
247.704353,102,116.400646,102.0,142.43187363714054,37.954478958199715,36.29546387720376,-7.233967425823212,-30.818882298469546,-16.350472305293767,-12.904409376436904,-3.669732447305298,0.5839062647012734,1.1911687799905977
239.953817,97,116.575508,97.0,138.53889635301556,35.83103713314028,33.31921156186934,-7.052779834270477,-26.653867381811143,-15.84829015218211,-11.628345982566113,-3.552044641279895,0.47520790652236466,0.9219033386533875
297.041496,147,116.859452,147.0,131.59350977520376,49.13996523108155,50.91163403812847,-11.726950457096102,-43.370899021625526,-7.641257211389723,-13.296865535675265,-5.567640904891458,0.17154301038255476,0.504336450524711
334.650034,136,117.247829,136.0,193.14036297450917,50.15698966542067,48.73106979309619,-10.091503403186797,-39.87133925557135,-20.65517052501482,-17.243316309158004,-5.517058844056417,0.5772586359460822,1.5701434897733435
452.054663,188,117.591454,188.0,234.4923368236866,70.59504975849542,69.29000642522315,-13.290428512096398,-52.920518434047665,-20.023778558368775,-16.807779721180584,-7.28022440056517,0.46265421471458695,1.7395798473268471
349.142303,150,117.861909,150.0,184.6823108623459,53.63535895297293,51.22655956199823,-11.057050244808197,-41.995510423183426,-14.515781063778343,-16.004383008447544,-6.829201844925921,0.4309628565593519,1.2928885696780557
375.850813,163,118.157805,163.0,195.43043726453232,61.39578997411683,59.05976787049518,-11.450673311948774,-46.963821899890874,-20.255810909188156,-18.21481634543467,-6.150060023894573,0.3918912476017529,1.2775654671817147
373.657141,162,118.460206,162.0,191.4253005490679,61.64289153736993,58.24305043740299,-12.18887129187584,-47.303543835878365,-15.005500418461672,-19.33269363682372,-5.823492070054731,0.44320880717852285,1.435996535258414
425.220918,172,118.778853,172.0,234.37570953847344,61.74358099851155,62.50002453322307,-12.946170228719712,-47.49395652413368,-16.26462016615159,-21.446260817213908,-7.247389070104229,0.45269543638165016,1.5572723011528766
404.292492,167,119.198888,167.0,223.38468822635838,60.79698921740514,61.28528131797045,-12.012913765907287,-45.55799768567084,-27.596048723638386,-15.8475399115356,-7.159966263804993,0.4006450247667894,1.3381543827210767
519.782996,215,119.59214,215.0,276.64693339782684,79.2299133629171,79.89034523083345,-16.079653663635252,-58.86898294091223,-22.765661936892194,-24.341343003475373,-8.928554183594304,0.39031361507405204,1.6783485448184237
248.577849,103,119.78048,103.0,134.95270193567762,37.412155250505634,35.73572841708159,-7.543357491493228,-29.7832540988922,-10.771227672053932,-10.3511069720269,-4.073790092571837,0.5305867472997233,1.0930086994374302
237.870155,97,119.965629,97.0,142.95435141738164,34.72308125675081,33.12920922606376,-7.813184499740601,-26.807991808652872,-18.964273920705605,-12.387478566548118,-3.9635585495702794,0.6851275671617433,1.329147480293782
263.540582,120,120.18243,120.0,139.67460854866704,40.503639822003706,41.97343845978462,-10.062800922393802,-36.13014289736747,-12.410184845018179,-14.837303500668341,-5.170673120291969,0.2999264517482095,0.7198234841957027
601.636419,254,120.64761,254.0,320.3630625644095,95.77557431258751,91.9944037321772,-20.11999627590179,-72.3305415034294,-28.52123469840057,-28.361930512647707,-11.162918467957384,0.4440313905067714,2.2556794637743987
229.397627,94,120.819344,94.0,134.42607180143386,34.619654557528186,31.345813788952412,-7.033704421520236,-25.635054808855063,-17.501761128848905,-10.693152863015854,-4.130240187085666,0.6371480585987872,1.19783835016572
413.191278,189,121.283702,189.0,201.10991039633834,65.29508371560111,62.61682686822324,-15.264679887294774,-52.1440791487694,-9.838201482283573,-20.148271210250705,-7.435310762910097,0.42170271930592373,1.5940362789763918
631.417503,246,121.720529,246.0,363.48098191720936,91.61490608679357,91.2623700997403,-18.78119096457958,-69.57170524001118,-33.74134447330174,-27.587009484331116,-11.25950511617639,0.32247898367213906,1.5865965996669242
470.915957,201,122.096795,201.0,243.91467735081164,76.40413151598189,73.42348744523356,-15.310363394021977,-61.339558392763145,-18.36294660975919,-20.725800047226077,-8.087671070313299,0.48298242126449525,1.9415893334832712
371.599495,178,122.431576,178.0,156.93068668154984,66.55427024472849,65.14385556951201,-13.774597208499902,-49.49433494210245,-8.320939244466556,-16.944004872960257,-6.495441136154506,0.3795421314334341,1.3511699879030254
334.396922,130,122.672358,130.0,206.3684251453494,49.51134729299067,45.74376131137603,-10.234954071044918,-36.61838855743409,-28.593511850436297,-16.17068994581808,-5.609066938824587,0.6596308969273668,1.7150403320111536
497.771978,197,123.153261,197.0,281.52504181591894,72.9698899452618,71.92385630724245,-14.75480335474015,-55.278424620628336,-25.539617114684866,-21.015152919947422,-9.058811589081262,0.4258311432917096,1.6777747045693359
339.53141,150,123.433077,150.0,168.27734697586627,56.92595820437246,54.30579277405152,-11.403108330965043,-42.088114154338825,-15.045543141030981,-15.97145705033667,-5.469465704170017,0.45301341894535563,1.3590402568360669
621.452991,283,123.966128,283.0,293.9142438430813,102.25549442132669,103.88955578397072,-22.535344215631465,-82.33197336792944,-16.24502538752215,-28.648585016855346,-11.84537509624852,0.11560203540257434,0.6543075203785708
974.300755,403,124.812953,403.0,513.3068189421808,150.10859609078014,149.95859642027682,-31.186562582254425,-111.81849696040159,-33.762581938604995,-45.09875804169254,-20.206856853914758,0.027692881859954208,0.22320462779123093
295.286057,127,125.055202,127.0,157.2291954760821,46.503380659831144,45.29313327097787,-9.659547886848447,-36.524610215425504,-14.864995851982325,-14.288077873469915,-5.402420598705133,0.5175205729328786,1.3145022552495116
333.047676,131,128.926853,131.0,197.58763713080052,47.8292201051942,47.26397077298449,-10.03585478544235,-36.39130448102952,-21.107849353580818,-17.637073921232105,-5.461069410833515,0.6663616236341524,1.7458674539214794
397.773987,159,129.306462,159.0,222.3761149553265,59.02048990688447,58.67055406307762,-11.70236092805862,-45.40127624869345,-17.47821213145894,-19.644897575933374,-7.066425044831442,0.5355271450282386,1.7029763211897988
927.400389,413,130.539391,413.0,425.353336660294,155.41473245587204,155.51513009647493,-31.84979535698889,-116.38539098501214,-17.91495927122338,-38.77161918612562,-16.96104515111087,-0.22965054719897846,-1.896913519863562
755.559737,326,131.36174,326.0,368.2070540119631,125.7693877681205,120.57543149485466,-24.426567885875706,-88.84561544060706,-27.717955129702663,-31.01008552148842,-12.991912289088122,0.40848307878071916,2.6633096736502893
133.992918,108,131.733407,108.0,7.397229011204175,40.15292679190965,39.549582479903286,-9.479842169284824,-29.10219081044197,-5.294162603813987,-12.513590667749414,-4.717034179646244,0.026666213263608986,0.05759902064939541
414.120354,153,132.21847,153.0,260.49624814197506,57.432520642288274,55.50070425398646,-12.199566681385042,-44.17110911011694,-29.76369119403811,-19.60700591322916,-6.567746026222272,0.4446753860516117,1.3607066813179318
332.806278,142,132.832089,142.0,175.1064464952885,52.424688720054704,50.494485484475135,-10.886703778505321,-38.92479296326637,-17.898947287603033,-13.946861188528601,-5.562037149279161,0.4575147579729367,1.2993419126431403
604.751918,246,133.591341,246.0,332.34605996884244,93.9576403849511,91.56337342229129,-18.603642363548268,-71.0342245280743,-29.83521032196748,-29.082920386731168,-10.559158194300272,0.4358428224247158,2.1443466863296017
356.940798,154,133.998919,154.0,191.9035637221723,57.736436466674036,55.08510974293272,-11.658630449771884,-42.152287417650214,-19.406408825422652,-22.70024176648053,-5.866743146538366,0.5362768274507622,1.6517326285483478
228.884865,120,134.422604,120.0,85.76098563561158,39.519967731759564,40.852410906069714,-9.221463787555694,-29.443871599435802,-3.3983078601001724,-10.649889805131856,-4.53496605035517,0.2979005003913496,0.714961200939239
250.477177,100,134.716827,100.0,148.98813242137055,36.73797691374657,34.46109293561749,-8.50037887096405,-30.82806729078293,-18.11775698338075,-7.999349135265055,-4.264473338605165,0.5415526862091556,1.0831053724183113
1026.215276,413,136.210314,413.0,546.5610174869098,154.63491234410503,153.97722095641876,-31.643248085975635,-117.8318589150906,-36.74769889092186,-38.11284566534117,-17.62222280719544,0.4406587519399528,3.63984129102401
305.771403,120,136.638721,120.0,174.34550188837338,44.55323097173463,42.70118356587186,-8.917148389816285,-32.85286107063294,-19.16252425368078,-10.23359030179006,-4.66238901234277,0.6292209795827307,1.5101303509985537
1741.27781,723,139.873655,723.0,895.1006495568724,272.9226133853733,270.72379912652656,-55.46326312303544,-203.31165150105952,-54.160110983443545,-75.48449072075988,-32.049735699759324,0.27379298305081246,3.9590465349147483
849.358764,340,141.070803,340.0,456.8906522876101,128.6518632928762,129.03607293016182,-25.761530226469027,-97.8433037221432,-34.397124251912985,-32.251499948452704,-14.966366486981961,0.3451714560723875,2.3471659012922346
484.740586,209,141.762552,209.0,249.46067373902918,79.25612656994957,77.5136419314397,-15.992495989799508,-62.57112101316452,-19.243310897316487,-23.80402275111178,-8.878905523709198,-0.11686137163444041,-0.48848053343196085
782.983525,314,142.706546,314.0,430.94253922657674,118.1538512047853,115.36532531516784,-24.162266776561722,-90.35307605266568,-37.584872801790006,-29.147146640759,-14.230828118355573,0.13789952257644275,0.8660090017800606
199.090925,101,142.929591,101.0,80.94002500035414,33.116068891563735,33.92290168424635,-8.064388024806977,-24.70734474658967,-3.197299628503228,-9.601609536130914,-4.317428152274671,0.29074925363339077,0.5873134923394494
898.573754,372,143.731287,372.0,475.91475360507127,140.13069278342792,139.14349381758942,-28.764800689220436,-104.82335366010666,-40.433294375552144,-38.96343592597828,-15.630301549002395,0.4716823700620031,3.509316833261303
202.128633,82,143.893701,82.0,115.95131896956634,29.330903903230684,27.855775267956265,-6.16177988052368,-22.75748143792153,-11.766482673452844,-8.83034984745491,-3.493271153726191,0.6211068732906905,1.0186152721967325
649.101465,291,144.46636,291.0,322.52918641259976,107.81501875058595,106.320366435469,-23.413528192043284,-81.78765299916266,-32.578020550985194,-28.79022735413029,-11.993677711857169,0.022223014387795635,0.1293379437369706
54.543147,68,144.59514,68.0,-15.665395967262183,23.818100572572664,23.833638641357684,-6.32306770801544,-17.421831524372102,-5.743088625848532,-12.92441793885669,-3.030790672695271,-0.09759982137824803,-0.13273575707441734
526.916584,226,145.122863,226.0,267.78584371983345,85.61225810677585,83.23205899640554,-17.198831973075876,-63.96614277362821,-24.443377666315143,-21.2994253736322,-8.80579873149085,0.4303168731917671,1.9450322668267874
2145.881562,938,146.926412,938.0,1011.1936872937952,352.9972605342845,351.8436434885236,-71.07210786581037,-262.44118343591657,-48.04441915369171,-87.0772350540314,-39.51808346172483,-0.0706669322597689,-1.3257116491932648
492.009603,242,147.358316,242.0,209.89595559647864,85.61448727856683,83.86112718056847,-19.679411892890943,-67.3960634231567,-8.14290720442809,-24.596893255124755,-9.546691486859846,0.3338275402854304,1.615725294981483
82.418136,87,147.514267,87.0,-15.136051710105848,30.483650031256545,31.28267369132737,-7.803861861228944,-21.943534821271907,-4.990817102058212,-13.55644862733426,-2.917474013552519,-0.06460212385526432,-0.1124076955081599
603.994581,255,147.97576,255.0,316.228027750903,95.78464039196537,94.01770581655407,-19.44255945444108,-72.23799445331099,-25.517368902071826,-28.642016007870602,-11.195854639946637,0.4485370874203556,2.2875391458438137
170.304381,77,148.112746,77.0,90.36843969096948,25.573702788388385,26.221644224704246,-6.1666111207008365,-23.286884784698493,-8.325891883603486,-8.286180906246395,-2.793836833114648,0.5087016254204756,0.7834005031475324
698.211438,291,148.749892,291.0,363.00560711279724,109.44928947964084,110.06459601408132,-22.776504352092747,-82.37669449448586,-28.016730096604768,-29.223091296508716,-12.915034155206468,0.5182624933196667,3.01628771112046
890.401387,395,149.451869,395.0,423.0582264733786,144.45436027627133,143.7111503798694,-29.968081161975825,-106.89237762689586,-27.652470029134417,-34.4667142385888,-16.842706902078245,-0.04529024131574924,-0.357792906394419
1034.794544,418,150.211452,418.0,547.4087699676525,158.70705860519436,157.3206285722339,-31.645314220190066,-118.28686157464985,-38.86191776764727,-40.35270796111814,-17.495111207848854,0.06790269064831211,0.5676664938198892
853.051147,354,150.971362,354.0,440.5994981372739,135.75511394279889,131.50326163799517,-26.051456209421165,-98.59585785865787,-37.41039924633666,-32.83720616768485,-13.911807429103161,0.44420816994142415,3.144993843185283
323.910642,190,151.31227,190.0,98.1388971297371,71.14649095889011,70.26652189310336,-15.679266521930694,-51.89830577969551,-11.15408835130191,-18.919741382767693,-7.989865973976785,0.21188585403208662,0.8051662453219293
247.817912,116,151.515972,116.0,119.07458758518457,38.36096032873635,41.222406050816055,-9.214485449790955,-31.28395712971689,-11.411755673917579,-10.489255189017134,-4.4405883697908335,0.30598629879908945,0.7098882132138875
877.852569,378,152.198602,378.0,432.677839159187,144.86460244256486,141.35758740543287,-28.76170914888383,-108.93531304597855,-29.605046985399795,-36.087731637976525,-15.657658830306296,-0.026028894935021887,-0.1967784457087655
359.937981,158,152.488377,158.0,183.87804487903495,58.80022202559079,58.28739274824772,-11.996171000003818,-46.55967372655869,-18.013198257151572,-15.880672346660813,-6.5779637903009265,0.3312233824672456,1.0466658885964961
705.712692,315,153.164562,315.0,341.2388669921735,115.23735768465463,113.25891737199231,-24.830496788024906,-84.35956103801728,-21.118459460687767,-35.319244951765235,-13.394688017211097,0.3713445564161888,2.339470705421989
1199.748162,484,154.016923,484.0,646.2873562578673,181.58454384556765,184.09117011232067,-37.785222973823544,-139.15542548298853,-49.6741721515976,-47.0156110108499,-22.584476732001807,-0.16016266122270612,-1.550374560635795
1029.073899,424,154.891001,424.0,523.3918068741339,159.60764576419075,158.74800530825104,-31.669419536590585,-114.27146368026736,-29.464117100734637,-42.92819809210826,-18.34036022468027,0.0474781073703152,0.40261435050027294
766.381669,329,155.47786,329.0,376.37441789258725,122.78521160994278,124.39582934338844,-25.221866970062255,-93.71586338877674,-24.411130899189427,-29.102362548039864,-13.722565694398797,0.3360136494417751,2.21096981332688
557.140993,231,155.88732,231.0,295.3291635940218,86.59765332189554,85.91973925818195,-17.98333946228027,-63.041880357265484,-25.277186545458637,-24.998961181441114,-10.404195185883143,0.24451412826527458,1.1296552725855686
700.630697,287,156.441772,287.0,371.4326180766842,104.62571647705614,106.35054438104409,-23.160232710838326,-78.02830621004107,-26.141772151552093,-28.191588523237463,-13.256282113916722,-0.08435434190141053,-0.4841939225140965
283.604228,116,156.788661,116.0,155.48571265769567,40.318300933179934,40.46322872002438,-9.033935768604278,-29.186247706413265,-15.68992038148047,-9.6475633838865,-5.105346834178835,0.28069244054253517,0.6512064620586815
832.689395,352,157.4611,352.0,419.80556488567765,134.59889412822642,131.3771046952269,-26.75937506318093,-99.3714907407761,-28.550141883844752,-35.04767431370477,-15.363486275157802,-0.19480280482606757,-1.3714117459755157
2375.38438,1000,159.476409,1000.0,1146.8863000592992,383.90950831779577,383.89921606974804,-75.2435525345802,-275.34416669011097,-54.23892906559517,-89.29344263257398,-45.19055384749081,0.14812557108192972,2.9625114216385944
2285.957206,1000,161.353266,1000.0,1062.7697506610164,387.24777568403437,384.6150546353957,-75.32970852613452,-289.2960310757161,-47.75292610771068,-95.29998848960015,-40.99672047527942,-0.05040985157879173,-1.0081970315758346
2311.463954,1000,163.28557,1000.0,1072.5122146147246,389.99893514677524,384.8405292980911,-75.33314959526056,-285.57646920680986,-49.40702754804955,-85.02925711170774,-40.541821952330764,-0.1552100656990782,-3.1042013139815636
1484.032283,687,164.634484,687.0,645.7359529008424,262.1926332872257,264.45094016744196,-52.36284189224245,-190.4021951049563,-37.26563599289166,-67.56235987003764,-27.75421026078288,0.22470887959518251,3.087500005637808
931.864572,387,165.346683,387.0,470.1900443911792,149.77146138185665,145.07248471413897,-28.9597419846058,-110.53033918738359,-31.959395803938015,-33.26345343289538,-15.45648766994916,0.45052093095294493,3.4870320055757937
566.147412,261,165.817924,261.0,253.20602447672542,94.86389025829773,98.88108698848254,-21.10253030657768,-73.70698805749419,-11.207698073048645,-25.127095770468042,-10.659277189107359,0.3283218021225541,1.713839807079732
98.391192,79,165.961146,79.0,7.727960717367678,25.824289688132946,28.149627384883352,-7.424389066696171,-19.3027383595705,-0.9065618974120061,-11.807918502375388,-2.8690779383056024,0.16486280210971704,0.26048322733335294
1912.434657,803,167.543603,803.0,949.9237838107613,306.6692835513811,308.07078169602676,-61.10912330627437,-227.6176724702119,-55.196670582504645,-77.45383310414236,-33.85189275637073,0.04797900692644942,0.7705428512387776
2337.141011,1000,169.46515,1000.0,1093.8527141153388,389.78651057801824,387.3092280218064,-73.35650289177889,-284.5249904125928,-50.574401641446,-84.09030063140767,-41.26124654308139,0.09143380060270402,1.8286760120540804
1126.922675,474,170.302705,474.0,553.0752288916574,183.5395502642189,178.5719254720565,-34.54429951548578,-129.991228568554,-33.72922181473673,-43.78087837963445,-20.21840113892505,0.10619050861031519,1.006686021625788
994.432434,450,171.236691,450.0,458.63492887727483,171.8995110775264,168.84876222152727,-34.67953448534014,-122.22326949238773,-29.326431931264587,-49.31066093206151,-19.410871307507826,0.10045882839686393,0.9041294555717754
326.661013,185,171.557972,185.0,105.12202637017116,70.98415705851139,70.49810030807693,-14.911232516765596,-50.05759357810019,-13.956379368121025,-18.7979054595072,-7.220160107041769,0.27342380917775694,1.0116680939577007
2439.193504,1000,173.48225,1000.0,1209.1389562862203,388.41011805761747,387.97785058540876,-74.47228866219515,-283.1093699544667,-60.85552444851915,-83.73899893131053,-44.15723869359608,-0.27403818297701704,-5.480763659540341
1400.629862,596,174.697823,596.0,680.8500263328931,229.8847994318923,227.1028106684418,-44.962958528995486,-167.97705489397046,-37.81280807275252,-58.29561805281511,-24.159334946593198,0.3602268026700845,4.293903487827407
2402.267494,1000,180.47033,1000.0,1157.0392903405152,390.110925974908,386.24040128279313,-73.96830389678479,-275.76834089457986,-55.712821660062815,-84.73252942050867,-40.94112764555567,-0.15481297626694557,-3.0962595253389114
2354.528093,1000,182.390745,1000.0,1128.46408471183,387.0441167546058,383.84339285625936,-74.61183495759963,-282.0248709023,-53.0997706637219,-93.86968104416992,-41.217343880905766,0.06338773804367188,1.2677547608734376
1665.332555,693,183.670278,693.0,843.5142908150348,267.264685183567,262.2048633113491,-53.3907226705551,-198.5810626864434,-49.12442595495154,-70.124016664828,-29.431056214006723,0.46655446573279896,6.466444895056593
2417.351935,1000,185.604987,1000.0,1206.9931596248216,387.1438158806041,382.07380685591545,-75.83068960905082,-286.7671819746496,-60.578777763618675,-92.13078459513854,-43.55141389516631,0.004759285560389721,0.09518571120779443
2374.304867,973,187.510767,973.0,1174.0057986412078,374.1353445421045,367.93860385593564,-72.64740817546851,-261.59878151416785,-60.91486328962524,-78.50362701150975,-41.110200207216,-0.03004627108662971,-0.5847004353458142
1498.701511,602,188.741215,602.0,774.9206920373202,231.55804044079704,229.82406520341357,-45.29790361166003,-165.10111867189394,-51.270665520701776,-52.600827551572614,-25.330771665752724,-0.041770301937737675,-0.5029144353303616
2462.899671,1000,190.658366,1000.0,1224.6475322264341,386.61214961750886,383.08176941441104,-74.30136302232737,-271.23185287117997,-61.508217129471724,-81.09920808457602,-43.30113925112475,0.1784972533764894,3.5699450675297877
2124.859588,880,192.375336,880.0,1072.8740815731342,336.7269821356159,334.5532236572325,-69.92478839874263,-240.32631226778003,-68.16841882934776,-83.24365170695495,-37.63152817629447,-0.22215099249841133,-3.90985746797204
2471.151835,1000,194.279984,1000.0,1249.0970997897873,386.1316396885194,388.9865659751177,-75.87361342191689,-287.26604292988793,-63.909136466719055,-82.72818689986738,-43.28649104231158,0.16051390119018136,3.2102780238036273
2512.1422,1000,196.215204,1000.0,1281.0335487535908,389.5194799084484,385.970437182077,-76.15102961897848,-278.90636370182,-67.82496147082439,-79.3297342762793,-42.16917649541175,0.10718835567721688,2.1437671135443375
2468.973408,1000,198.132645,1000.0,1233.689603840492,386.6929240543112,384.7072449081688,-75.10420277833944,-269.7158258557322,-63.244943402937416,-85.97068209930285,-42.080711040115204,0.3421304891269096,6.842609782538191
2474.145357,1000,200.073695,1000.0,1245.8125438909785,386.65259918406093,383.19777455500986,-76.22723054647447,-275.84293997883793,-64.87659364628445,-83.10275577055026,-41.46804114315788,-0.25649924467486496,-5.129984893497299
2501.876845,1000,202.042104,1000.0,1270.644181190595,389.8136007323154,383.8750101506152,-75.52992862462997,-273.58707475662237,-67.03092221633695,-83.60392746540104,-42.704094052622814,-0.08429804474068657,-1.6859608948137315
818.137571,307,202.610054,307.0,451.86628937354345,114.73251241125007,113.80696775965143,-24.2010256421566,-77.35563164353371,-32.33087764234668,-21.31937665585583,-14.06128698012208,0.40820430656092077,2.506374442284054
1669.783256,666,203.834918,666.0,869.393851449195,255.95746979239524,250.2004582967607,-51.21693824887276,-179.62626132369064,-54.66408197773905,-58.48085356453194,-27.780388029903587,0.08529230929569584,1.1360935598186686
2521.936773,1000,205.790411,1000.0,1294.0979091113138,388.3784063447324,386.98139859731805,-75.63668123006826,-276.31413289904606,-69.17264511634487,-82.81300210220037,-43.58447938080899,0.2640902073896446,5.281804147792893
2571.755953,1000,207.778703,1000.0,1367.0331362005234,386.5736096506755,381.53225627215625,-78.14277453422564,-276.5403993129732,-77.56298408247446,-86.42303209767161,-44.71385944944751,0.08286384042567116,1.657276808513423
2534.480382,1000,209.703984,1000.0,1311.4728931868462,388.2528028337785,385.891487031826,-76.40345172643669,-276.33291886746883,-71.16413935963175,-83.76687605499517,-43.469414556392124,-0.24966868098069694,-4.993373619613939
572.362237,217,210.210703,217.0,319.9554036698014,80.54526045445355,81.31174951528983,-17.450364766120902,-62.88497229814525,-21.120080568761903,-15.651250706364664,-9.34350855110759,0.17549780922477398,0.761660492035519
2549.333907,1000,212.120187,1000.0,1340.1316320080161,388.3078135669698,383.11315839142355,-77.45241807103149,-279.2709453403947,-74.15099361213353,-87.70334903117308,-43.64099129783895,-0.010794520441844303,-0.21589040883688604
2580.261556,1000,214.070458,1000.0,1358.6602547357872,388.3742073679955,381.7133434227438,-76.67506605744371,-274.5229224234821,-76.25971042638555,-76.87648951037417,-44.152061371666576,0.06932893279291016,1.3865786558582032
2579.889164,1000,215.980564,1000.0,1362.3540203413957,387.9256675752152,385.05891061178727,-76.57434865832325,-273.2187126100063,-76.25887363136266,-84.990778410076,-44.40672109858444,-0.08129680300069521,-1.6259360600139041
2626.825923,1000,217.915304,1000.0,1411.975200880596,389.35270139552483,383.481997491104,-76.4784296917914,-270.96767718791995,-82.62686837863838,-83.89529464977994,-44.01570655863008,0.09850060594610285,1.970012118922057
2655.650807,1000,223.668398,1000.0,1434.8137929521727,388.2441876243603,385.60317170810976,-77.33043832182888,-269.9292229771615,-84.33204325754048,-76.77829445743065,-44.64034664213187,0.062186365101012074,1.2437273020202415
2615.728785,1000,225.474403,1000.0,1382.2583916698375,388.84009937820804,383.0287479228607,-76.70423573732366,-269.0649390518665,-78.63811146583497,-69.72916566409285,-44.262001736532525,0.023617701191324565,0.47235402382649133
2626.26141,1000,227.502585,1000.0,1403.3689049543793,387.50975291399516,383.0876865343824,-75.88059092044821,-266.82460912764014,-80.79792838542308,-80.39886677310731,-43.80293944734627,-0.003789936735109768,-0.07579873470219536
2686.447466,1000,229.495429,1000.0,1482.2395651397082,391.3318971602019,384.438022193668,-78.59557798624041,-280.13708705306055,-90.7305226838792,-75.71684866897935,-46.381982214561695,0.09132525968233234,1.8265051936466468
2723.555728,1000,231.482018,1000.0,1505.4983290337234,387.79609838478325,385.8068083145816,-76.18002478480335,-268.91446240246285,-92.95064711030169,-73.02634829059001,-44.47402507806476,-0.00011013491371962431,-0.002202698274392486
2695.277376,1000,233.651908,1000.0,1496.09180372892,388.5643121094039,383.48211931548593,-78.38974153518677,-271.376442477107,-92.24014871219994,-85.21482664554294,-45.63969988456229,-0.24076832240590113,-4.815366448118023
1119.160335,414,234.607039,414.0,624.6039558531021,158.15694196915535,152.69735580096824,-31.721374019384413,-105.64492599666121,-40.57207440970923,-34.07209809392006,-18.287445667254985,0.3474708526481311,2.8770586599265253
2662.934137,1000,236.658807,1000.0,1453.3763217264293,384.3337970194246,379.6307962703277,-79.38304427862167,-266.92763875424845,-89.1702893966476,-74.10535450247579,-44.820450595355744,-0.18303856615790515,-3.660771323158103
2802.566039,1000,238.664345,1000.0,1588.7214416429536,389.81059018088376,387.6312009037042,-77.72955520391459,-262.96321432590497,-103.53158730837514,-73.941837072313,-45.431000044382614,0.3289859542279726,6.579719084559452
2763.689219,1000,240.717628,1000.0,1553.068982275452,388.68100835297537,385.83532481269066,-78.12828953027716,-262.06653357744227,-98.91473889604511,-79.66839593800488,-45.11813810879691,-0.2454154603996011,-4.908309207992022
2814.619241,1000,242.893111,1000.0,1616.2137381822242,388.287849949658,384.94935390449547,-78.95647087335598,-265.95713574886315,-107.40863134126464,-77.40006731700043,-45.1093956131533,-0.28742243182236343,-5.748448636447269
2863.519592,1000,244.91333,1000.0,1664.6587923675002,389.2902214699454,384.485876368316,-78.26678620815278,-263.9258031725889,-114.03263437658238,-72.15133456331812,-46.53873958095222,-0.1468746377670546,-2.9374927553410917
1243.500086,506,245.807018,506.0,630.6502897269268,193.82524859709363,192.94227352515753,-41.26035358428956,-130.39238463640203,-45.40233070876186,-41.45290646718441,-21.40975045161562,-0.004902537989868568,-0.04961368445746992
962.448956,339,246.415219,339.0,577.9015320845814,129.70018008978897,125.11158657858198,-26.911753587722746,-89.81119613647452,-46.30151467021906,-30.625946152295533,-15.613932261959501,0.6082143803188429,4.123693498561755
2825.782413,1000,248.437679,1000.0,1633.7522345602392,389.0279374580635,384.48695883341156,-79.50787140846259,-272.58017422258854,-109.90979311193543,-72.46213892509088,-47.02474045751823,-0.09853222067312972,-1.9706444134625944
2832.93262,1000,250.554355,1000.0,1619.953241793189,389.34759273290507,386.8266360753346,-78.1406330513955,-258.5869761973619,-107.56018457149801,-71.97043025275406,-46.93662634408634,0.18694510947030318,3.7389021894060637
818.14683,278,251.256522,278.0,512.1746722051658,104.45764175205383,103.14189226952801,-23.10565630197525,-70.85506693720815,-49.92369632709419,-22.83949564483112,-12.903460769159942,0.47304048431016577,2.6301050927645218
288.743109,155,251.558655,155.0,100.42720999477635,58.47921000348743,57.53531995112444,-13.85275913476944,-35.67547484338284,-12.584153717026123,-14.455754681012696,-6.130488774588902,0.2811529849416606,0.8715742533191477
2871.995959,1000,253.513608,1000.0,1671.4683955357261,389.3528765405857,387.753951422647,-79.07578667402265,-261.10813391208643,-115.79102400529837,-73.78772176839304,-46.81659835110214,0.024488017344021815,0.4897603468804363
2916.611523,1000,255.487275,1000.0,1739.810175037446,387.8098329519336,384.93557612037876,-81.0108267486095,-262.9562088966368,-124.75229716892672,-77.79017071937096,-49.434557347774195,0.025686748328456566,0.5137349665691313
2890.949525,1000,257.561439,1000.0,1694.504513860835,391.36351302507006,386.1597095160113,-78.47310686826718,-266.30908444523834,-117.96224483075439,-72.9283070863896,-45.40546831396215,0.14995146216927077,2.9990292433854155
1661.533188,587,258.771299,587.0,975.82212467527,226.29254170394896,222.74591250345435,-47.1129230213165,-147.11352358162398,-73.55478890275867,-54.01753807226876,-28.528616937103635,0.33684560689281756,3.9545674249216782
2883.459149,1000,260.844332,1000.0,1679.2648705332526,390.05413582779556,386.1964168132252,-79.41105247855181,-256.8484809875489,-116.49765068429669,-73.50349350002635,-45.79559610824028,0.059772298404212464,1.1954459680842493
2938.61314,1000,262.7948,1000.0,1734.0157767790447,390.7256969671317,390.23822479641814,-78.99992433547975,-261.2725075513127,-122.71650919903128,-66.2191068622432,-47.15851083987721,0.3302862239566733,6.605724479133466
2994.981676,1000,264.813946,1000.0,1808.3389813547633,388.8357784200102,387.19397021053766,-80.19461044311524,-256.0589391857386,-134.49333989634357,-70.18514900656248,-48.455015150696894,0.2902335508421082,5.804671016842164
2975.561711,1000,270.619009,1000.0,1784.2825295575233,387.07891489296355,384.85062867487284,-79.27412794947625,-252.01752713322628,-131.0634399864525,-70.58460883996626,-47.710658309406575,0.10206158357882907,2.0412316715765813
2968.87993,1000,272.582185,1000.0,1766.6481111214582,387.68800434302256,387.4622745602811,-79.63741208791726,-253.45394507646566,-127.66732072604178,-65.06181065549298,-47.097971978000665,0.20939989381419477,4.187997876283895
2965.538049,1000,274.509311,1000.0,1762.566980287955,390.0915238461224,387.20392631716516,-79.13667661428448,-249.9198112249378,-127.61347347682829,-69.93639233738801,-47.71802753165291,0.044359959492634105,0.8871991898526821
3004.982054,1000,276.451529,1000.0,1807.5469075131032,388.51895616323657,388.83445039583745,-79.81782096266754,-246.43514502048507,-134.8166927619049,-70.43184249955412,-48.416759201128926,-0.08583445661614827,-1.7166891323229656
3064.346066,1000,278.409203,1000.0,1883.6968495858503,388.07505784838577,386.8166048025558,-80.49252116918566,-245.75551309287545,-146.75874121087222,-71.38842612995155,-49.84724483879976,0.17721679424082584,3.5443358848165167
3076.460374,1000,280.296431,1000.0,1886.3899945034384,389.89824073134,389.8249245505997,-80.05927911519993,-245.02756114602084,-147.39957539527012,-68.46212374580371,-48.704246793599204,0.009837503604803522,0.19675007209607046
1831.528359,588,281.456753,588.0,1148.2325227297297,227.01648021155378,224.7159536066448,-47.78672708272934,-138.73735898137107,-95.02305830996346,-45.663065312704006,-29.22638834415417,0.759101151011471,8.9270295358949
2854.239313,918,283.181594,918.0,1765.306370382384,358.234676104107,355.3774065417155,-72.18221738576884,-216.21503811776634,-147.52797012089894,-61.542231369421096,-45.211683475009956,-0.34232251120246604,-6.285041305677276
653.286642,218,283.555286,218.0,405.90266172637894,83.18763588785477,80.90622495293728,-18.6280509185791,-51.42906746864321,-37.46005756282414,-16.212133909096693,-10.980570957138626,0.2615429151820194,1.1403271101936046
3084.403942,1000,285.471466,1000.0,1906.7778046173573,390.52883087782345,388.3792696437594,-80.3573042058943,-248.0600749313832,-151.67646158334935,-71.11873412182283,-50.069388311899495,0.32985422988891566,6.597084597778314
3069.009739,1000,287.355168,1000.0,1868.834320496676,390.22747016244386,389.4886328267565,-80.213461432457,-242.6370147764682,-143.92350113021524,-63.82707887252947,-48.939627828075984,0.2568731745191592,5.137463490383184
2984.343426,943,289.122856,943.0,1898.0814513927169,368.5051221375265,363.9203725213598,-76.59514896392832,-231.7474975049495,-166.763734199156,-67.71701342060105,-46.34012615305611,0.5253581256650774,9.90825425004336
3169.601957,1000,291.008341,1000.0,1994.616412571989,388.80100548168,390.4099378677797,-81.77333454132093,-236.75895916819564,-165.03152200374717,-69.1135664335768,-51.54801676675997,-0.22615673498738484,-4.523134699747697
3171.063275,1000,292.947017,1000.0,2002.3991569068191,389.3221279208931,389.5537875357606,-81.31862812995921,-245.64210258424285,-166.9459294223117,-66.77904764172536,-49.52608948091203,0.5183721751163437,10.367443502326873
3204.295467,1000,294.854095,1000.0,2061.442129528364,388.32442837854984,386.7262838041674,-84.09851139426233,-239.7531041920185,-179.06343935598574,-74.89544574713496,-54.386874076426174,0.3250880928968822,6.501761857937644
3135.263965,1000,296.998857,1000.0,1949.3687761322149,389.98294062086666,390.6927254104477,-80.36009870886797,-239.36531060040008,-157.3529011014514,-67.3233637005858,-50.3788032003811,0.24972970869014163,4.994594173802833
3237.191633,1000,299.131851,1000.0,2070.29562234401,389.31237365743624,390.7652893633953,-80.5766108131408,-237.5854102909564,-177.62059998485532,-64.98071917926039,-52.41831198519027,0.22910580265340083,4.582116053068017
3264.631997,1000,301.116734,1000.0,2104.4048123430957,388.93026928005156,387.1063699233492,-82.14071601748462,-233.66922830045215,-187.09675778838846,-60.59153508694083,-52.311217025462724,0.2193344713286421,4.3866894265728416
3239.208446,1000,303.001079,1000.0,2073.8289273516334,389.6283880978496,390.48359703042075,-82.86870286583898,-235.44906444251566,-179.92899142420166,-64.18718447795958,-52.29852364399196,-0.08181437188976984,-1.6362874377953966
3297.084742,1000,304.909688,1000.0,2153.544084949512,388.53339152213704,389.6050281484576,-83.82713861942288,-239.81177188158057,-195.57181068092382,-62.40568508695077,-52.98135643599492,0.05267286686236552,1.0534573372473104
1829.639097,569,305.947437,569.0,1182.7447184520108,216.41778590791895,221.86560050553544,-48.217001018524186,-127.40022431314001,-110.14905437888454,-46.649616743080735,-27.973111706413363,0.2155008006829471,2.452399111771938
3255.554199,1000,307.875845,1000.0,2090.140458531646,390.2773266812718,391.4472084128195,-79.69961912274358,-232.9927996128797,-181.458622057592,-72.42911057774917,-49.730642970843135,0.1259604670865587,2.519209341731174
3184.147133,1000,313.627033,1000.0,2014.8471923582165,388.23769128457803,391.2210228014681,-82.84507552146916,-231.5405424296852,-177.75956487321253,-67.12486566088717,-50.88872474151274,-0.13110751853005445,-2.622150370601089
3312.394952,1000,315.598844,1000.0,2163.5322332230194,390.77302390734945,391.30371086210823,-82.29252308368699,-232.41918319463738,-198.5343812803101,-66.43927476746306,-53.52865407305552,-0.12542721361879056,-2.5085442723758113
3341.615187,1000,317.543839,1000.0,2200.3860125758065,389.9050208028836,392.32825524955507,-82.46156789183605,-232.82662966847394,-205.19259049746478,-67.47780524733605,-53.045508205720886,0.2915783927980033,5.831567855960066
3057.955489,923,319.34445,923.0,2008.057692864452,357.1548540788553,357.2592136251642,-76.02213292717934,-209.92064625620867,-187.40597601528003,-68.0045356978916,-46.1629802806642,-0.00941057592611502,-0.1737192315960833
685.205194,215,319.737066,215.0,451.1195136989595,83.58255362715042,80.5592613845794,-18.28544209003449,-49.12409356236459,-47.85719573434869,-18.641672953736954,-11.147729904660265,0.6434066311947946,2.7666485141376165
3330.092474,1000,321.675354,1000.0,2188.428452631816,388.6249851773576,390.38819817659817,-82.76159314632412,-236.80466609001178,-203.30266964654902,-63.81292156390487,-50.66731168346029,-0.09152968110980998,-1.8305936221961996
3371.211503,1000,323.586535,1000.0,2234.45136883186,391.9504611987806,390.91239242289265,-82.83722262501718,-230.75100816488268,-216.12936423576178,-65.00113109816454,-51.383993383785324,0.7605642313299283,15.211284626598568
3420.171636,1000,325.49643,1000.0,2293.336422688095,388.417030455899,391.7736684550678,-83.23766272068025,-229.66947345733658,-227.86120833043017,-62.136877564935645,-50.450263556178086,0.5019213712503411,10.038427425006821
3364.538657,1000,327.482038,1000.0,2212.2116687173034,390.4242112701935,391.5978269947556,-81.64134390115744,-230.25068535506716,-210.2711254925333,-59.11738063232661,-48.41451459825354,-0.1904685981613065,-3.8093719632261305
3417.464914,1000,329.411299,1000.0,2287.4275897450493,388.1064624545611,389.3781135158943,-82.115774078369,-222.98152882158766,-231.07571969067,-60.872725614612165,-50.401503525794645,-0.01176047469875594,-0.2352094939751188
3384.861106,1000,331.31592,1000.0,2256.9304153918342,391.62512126624034,391.6056874638339,-84.56139584064475,-223.5191033750769,-222.70818294478778,-71.67525483606079,-52.83618124066476,0.5038715106022487,10.077430212044973
3400.782253,1000,333.226972,1000.0,2266.2493585597813,389.2762998943884,391.5227017387165,-83.5299689364433,-225.12571943998353,-222.65252996971532,-62.012370783046464,-52.94551848341908,-0.07685263217826446,-1.5370526435652891
3421.179538,1000,335.168831,1000.0,2291.4789158949566,389.346431127886,391.64840681570746,-83.64181158065799,-221.56815847009437,-232.47226273863137,-60.07324490585364,-53.5387378022464,0.301368938931471,6.02737877862942
3433.045306,1000,337.120084,1000.0,2291.412327476805,390.0485627031716,391.9984562363423,-82.33480037212371,-222.66253024935727,-228.02138025880262,-56.20694331055672,-51.18838642460362,0.033896547797448044,0.6779309559489609
3403.542256,1000,339.131101,1000.0,2278.402529724147,390.58533960265623,391.4589867209542,-83.9280855584146,-227.24626311957863,-227.3259041619604,-65.45603619063054,-52.9483106061225,-0.21433061931164882,-4.286612386232976
3450.515363,1000,341.072166,1000.0,2334.078663666697,388.56918940105584,389.62292530903824,-85.58948252201088,-217.67853976786162,-247.26563855516514,-57.78484698071262,-53.43690723173463,-0.048533718898610335,-0.9706743779722067
848.277817,261,341.552063,261.0,557.9334651126396,100.94452287401869,97.84441663513766,-21.733670482635482,-55.018395224213585,-63.780239721586284,-16.715394921334266,-12.196887517268715,0.9082442010427386,4.741034729443095
3408.131572,1000,343.500545,1000.0,2289.866508268879,389.05042787848913,393.2021492413014,-83.86372741103183,-227.90984076857615,-232.37905457236613,-66.71802681572414,-53.116863353372885,0.7280702077964812,14.561404155929624
3421.901478,1000,345.446692,1000.0,2285.732646729404,389.2335614990045,390.8322466228181,-84.09306291699419,-219.9024220585823,-227.92464445659206,-59.311513472265865,-52.66533378536553,-0.08150192136309442,-1.6300384272618884
3450.136815,1000,347.350966,1000.0,2331.32696188594,390.73818578425625,392.0299109224695,-84.87944149732581,-222.91310972869383,-241.5970897143828,-60.85356786953077,-53.71503508343387,-0.182627188408007,-3.6525437681601405
2707.587572,796,348.897708,796.0,1813.198006249665,310.7288588406497,310.23370726303966,-67.7213677215576,-177.31286676526065,-187.37583553461963,-48.05014821059872,-42.112782589174124,0.9383995363192624,14.939320618202657
994.944376,299,349.431469,299.0,667.4684275788164,115.38782475744199,114.40808138320033,-25.57705068111419,-61.653144609928134,-76.8853898893433,-21.264899614490375,-15.93947296799522,0.9012879390969858,5.389701875799975
946.901975,285,349.932587,285.0,648.3949960018325,109.74108284976931,107.86239047880943,-25.865775640010824,-58.45882806181905,-83.2686544781668,-21.83781769094301,-14.665418831511078,0.6297642136068472,3.589656017559029
3457.331246,1000,351.79765,1000.0,2342.5431569783273,391.65992359723276,394.3425487172976,-84.12701590418824,-224.7194879263638,-247.63088455961844,-62.29907634906651,-52.43791878977801,0.7318492524875744,14.636985049751488
1064.474437,322,352.484089,322.0,709.8734622494327,125.27719411053653,122.26562791556844,-26.952233545780185,-70.87439374923707,-77.69306639295115,-24.15953631317493,-15.262617670657521,0.7281827120520872,4.689496665615442
1804.938857,527,353.425682,527.0,1225.5061180345053,201.97330302634512,203.11560654460328,-45.67880300045009,-113.11323090791696,-130.96601473131946,-35.142045348201385,-27.75607661509074,0.9181536046224453,9.677338992720575
3460.301066,1000,359.087487,1000.0,2345.1760667646727,390.3149444290997,394.061060649273,-85.23132130026822,-215.09194508492934,-251.37587823120774,-62.39748324281851,-55.15437801775026,-0.38004185359976006,-7.600837071995201
3453.895048,1000,360.995465,1000.0,2333.215398999843,392.18457886912546,393.99611352102875,-84.46506343603137,-222.24700504243364,-243.10946819256085,-61.33250511891761,-54.34700143520299,0.4339227297435283,8.678454594870566
3466.015837,1000,362.880128,1000.0,2357.209613766403,391.31107161057486,394.15840243958974,-83.76359412431717,-221.63808959722536,-257.1536669562519,-61.61563263831312,-52.492267795396764,0.6049566565958071,12.099133131916142
3486.580248,1000,364.850626,1000.0,2374.609162289267,390.5317506455096,394.62056586343624,-84.73081236124038,-216.35324517488505,-258.7623954495875,-61.28644692467203,-52.04833106922023,0.8884111185874423,17.768222371748845
3464.172975,1000,366.878396,1000.0,2347.2850398917967,391.2145306073741,394.3027081542909,-83.81927022159097,-219.7214157313109,-250.56285755930153,-60.25218522464793,-54.27357515147279,0.5974063474471312,11.948126948942623
3461.061436,1000,368.751831,1000.0,2353.2188092130673,391.84909390105804,393.95146042069945,-84.60036247015,-224.19011269509807,-257.4961280773782,-58.555209472426135,-53.11611433255639,0.9007339350480148,18.014678700960296
3460.564954,1000,370.661999,1000.0,2356.6615355912554,389.17084778531347,392.3477480635583,-85.31083459377284,-217.79419640302618,-261.1284154749852,-59.97544100850951,-53.40629013201394,0.4317065914747856,8.634131829495711
3466.274497,1000,372.589715,1000.0,2345.96182230351,391.31236359413276,394.776585968019,-84.12843247413628,-217.75367909967895,-250.14446219440993,-60.18013918600907,-53.569561724478106,0.19953777122997388,3.9907554245994774
1107.341866,330,373.186821,330.0,749.6257615139226,128.90224313638018,127.31993099432894,-28.209572777748097,-70.24322829246522,-89.23994039664827,-24.16173899174529,-16.65158928801968,0.5865963926464698,3.871536191466701
3415.811069,980,375.069648,980.0,2344.524859639365,382.6902123433478,383.75609617710654,-82.98874045014387,-212.29950562417505,-271.50252255770926,-55.85939164169763,-52.50993892338383,1.0124252234893416,19.843534380391098
3492.67455,1000,376.99337,1000.0,2391.3934122509363,391.39352258246464,394.5620525996058,-84.76291180968288,-215.2549051642423,-271.532960533708,-59.43153204945678,-53.692127721883395,1.0107656605000943,20.215313210001884
3495.071907,1000,378.961073,1000.0,2400.708492312054,391.2971456662614,395.25036854686067,-84.77542972564697,-221.18333062231548,-277.388458713749,-54.72277756877624,-54.11410312996218,1.0334921297458155,20.66984259491631
3480.27161,1000,380.877553,1000.0,2369.51817403772,390.75351501176794,393.65250055082356,-83.79470423698429,-218.18863879442225,-266.59001281686153,-52.174653664361244,-52.904570313894105,-0.46007219908803754,-9.20144398176075
3486.973573,1000,382.811878,1000.0,2372.5823975211306,390.3016454108012,394.58451708068475,-83.27353712201108,-216.35684623718245,-263.3386638629388,-55.66335794118863,-51.862581395102275,0.7906289699464804,15.812579398929607
3501.951055,1000,384.710002,1000.0,2395.9474367196294,390.40727574255857,394.73112321837016,-83.21183619022372,-214.07923831939675,-274.32413147554485,-55.50982256304572,-52.00975261606644,0.17501305995368605,3.500261199073721
3517.47628,1000,386.533931,1000.0,2401.7044566904724,391.6567002650856,394.4290716471905,-82.21968852281564,-214.66642362773422,-271.8426464730311,-49.76075700429653,-51.82443306125301,0.6781638967979957,13.563277935959915
3523.232382,1000,388.424577,1000.0,2419.156238559802,392.2291656216398,394.8734811856869,-82.54912772893908,-211.72382753640414,-283.9068535988105,-52.21307721921085,-52.63361724783427,1.0070642078755472,20.141284157510945
3499.691297,1000,390.295194,1000.0,2397.114543581138,389.72260276944,392.9570954654957,-84.6460529875756,-216.49441380202757,-269.9410792330423,-55.646768523507355,-53.37463018934003,0.354653291801819,7.09306583603638
1717.860229,501,391.297461,501.0,1169.3696488064145,194.56604907841208,192.97754432036962,-42.687323330640815,-106.51738988161084,-136.03248337866648,-28.340561874469312,-26.47525432832106,0.9666806304411336,9.686139917020158
3488.775159,1000,393.201752,1000.0,2369.4835390489498,391.1250808869415,393.48676281473627,-82.14138073682784,-215.0353926330806,-264.98971441522855,-52.63120076362113,-50.52253500011921,-0.2378858927316685,-4.75771785463337
3521.741859,1000,395.085706,1000.0,2412.3663146999124,390.4157606564093,393.64555280955943,-82.69895922899246,-205.61187211871143,-280.5738376947033,-52.97205912832346,-52.829041010519056,0.9768863955684933,19.537727911369867
3511.869026,1000,396.965379,1000.0,2421.948469079791,389.2508147202295,393.2163698964004,-83.50836545825001,-206.62217965871096,-291.92908282156446,-56.21634556642334,-54.27065459081204,0.052434610225718714,1.0486922045143743
3495.015938,1000,402.600482,1000.0,2387.4445397887152,391.9125350927667,395.4598842746163,-82.63586286425601,-210.7158427983521,-275.84699132977073,-56.79953452795307,-53.80278942881773,0.8654423624654992,17.308847249309984
3510.081471,1000,404.494915,1000.0,2399.2575670429082,390.6665775851597,393.6634535153359,-83.53243586063381,-214.1166421756146,-273.6313236398841,-49.720344676299796,-52.50538081151927,-0.5049945035227946,-10.099890070455892
3510.916266,1000,406.41685,1000.0,2394.558318263272,391.3940163580629,394.4770830944089,-82.71526805162424,-210.0648900508882,-274.8233984594801,-49.62443192659921,-52.285163494448895,0.8040860932188106,16.081721864376213
3510.678197,1000,408.349081,1000.0,2397.3213540087236,390.0967963642501,395.75386556435444,-83.74673662543302,-211.67183377742768,-273.26349650032574,-51.55366202025243,-52.25808990777259,0.7279331618620924,14.558663237241849
3537.025344,1000,410.270037,1000.0,2414.1404274005217,392.47599005695423,396.72935397510713,-80.98741792321209,-209.08177463114262,-278.15493244711035,-47.666615024420786,-50.42968753798786,1.0440529994898147,20.88105998979629
3524.453305,1000,412.196903,1000.0,2406.1183280286336,391.3539038287688,396.0879768517415,-81.98731289386753,-206.99811906218542,-277.1579397774714,-50.80450200644175,-52.15902999207922,0.9252751920652106,18.50550384130421
3510.491796,1000,414.172621,1000.0,2398.7371489919533,392.4734716169722,396.9114267942168,-82.08494563817972,-208.48572894632807,-283.05266015352674,-50.78883044505327,-53.21808627825318,0.48408163230690215,9.681632646138043
3527.904385,1000,416.122606,1000.0,2401.241466424159,392.52338634144,396.69662844496264,-81.30234927177428,-203.56092906594273,-276.50783993559077,-47.27274429467714,-53.913233431615474,0.9388645477661269,18.77729095532254
3543.104233,1000,418.082577,1000.0,2417.0842105332417,391.07935648583765,396.46530340187223,-80.39681938409817,-198.70361751616,-282.8479936484927,-45.33287050956803,-54.24333592229203,0.509492388391801,10.189847767836019
3516.165145,1000,419.974997,1000.0,2372.1344203206086,393.3983859396995,396.27652978872754,-80.64009526729589,-204.38998669385904,-258.83877092914645,-49.86149685066941,-51.91384161453938,0.752519630940984,15.050392618819679
3538.59209,1000,421.861792,1000.0,2413.946932007977,392.42095141570167,396.62210364097604,-80.42903503417962,-196.92475811541095,-284.35126892525756,-49.24993675309667,-53.44289840071123,0.9197043692659941,18.39408738531988
2253.655576,647,423.074048,647.0,1543.933484835006,251.6658625971173,251.30402103365861,-53.88163848400123,-126.85788025558,-187.24907917913546,-38.11798631546023,-34.141208728320684,0.9024843771598338,11.678147840448249
3540.046535,1000,424.92851,1000.0,2399.536826535448,392.09699882699374,396.53388825590804,-80.47846171140682,-196.93450826108437,-272.2779843217543,-43.83985833339081,-54.59036610554182,0.1776627761375417,3.553255522750834
3527.457028,1000,426.808106,1000.0,2394.443321398371,391.64358381932396,394.76799127802525,-81.62387193441391,-198.65604586303243,-270.2353625380204,-48.53927011710532,-54.3433184851485,0.9400760367058647,18.801520734117293
3521.778625,1000,428.639794,1000.0,2398.1741700658404,391.1575148691247,394.1333727980482,-81.91986193895353,-202.24283604472868,-272.46351965027793,-51.96027672770484,-53.099938535253216,0.13055104054818314,2.611020810963663
3522.610633,1000,430.552226,1000.0,2402.367082012715,390.4423837628367,395.3352288302436,-83.13796512603753,-201.80453406721372,-273.25365857534894,-54.582102564022556,-52.755801529408444,0.0419698928485177,0.8393978569703541
3546.569018,1000,432.451494,1000.0,2429.471969740053,390.8772994798603,395.4595450093647,-81.56505150079725,-194.5247784584761,-294.7926396407804,-44.0078996078233,-54.34942690922683,0.8216460804849162,16.432921609698322
3546.848842,1000,434.349874,1000.0,2416.6139389272566,391.14220779111093,395.65708877509877,-80.712860507965,-192.64258867800226,-282.23815310131545,-47.31244087226018,-53.65834992076109,0.8141034849360225,16.28206969872045
3548.155132,1000,436.241642,1000.0,2414.9628840794207,391.60039018471315,395.55190463266865,-80.78023869276046,-196.58204798698435,-277.714833088967,-46.199959128004735,-52.68296848054312,0.9977074957825932,19.954149915651865
3545.884755,1000,438.10368,1000.0,2424.8819107773875,390.7172717136218,396.02061540966724,-79.98909325122825,-192.76988352239127,-292.87120737186615,-47.17008166216878,-52.93477660216057,0.5823510411297673,11.647020822595346
3544.005945,1000,439.974158,1000.0,2414.5161316028884,390.3436617390109,395.36300603848866,-81.73609431982044,-194.62687540650356,-280.6551523957109,-44.68548746084813,-54.51324440567083,0.1633193263615599,3.266386527231198
3541.856848,1000,445.582596,1000.0,2406.0434713605277,390.58457825245597,395.716985737764,-81.82003535270688,-191.64668122082972,-276.5435152740526,-47.9790248636168,-52.49893021608812,0.6711722705262791,13.423445410525582
3544.225215,1000,447.497208,1000.0,2419.949969027061,391.3074968285402,396.4242536666448,-81.64037843465815,-197.0306704252958,-283.15516828393,-48.522416451225816,-53.10787078535701,0.6066918178394936,12.133836356789871
3543.967057,1000,449.361536,1000.0,2413.7323024788943,391.7872247225522,395.0388081207889,-80.40821674227723,-194.34620509445668,-279.3354401879808,-49.56142853856814,-52.93998808802562,0.9816465897333508,19.632931794667016
3552.951276,1000,451.226915,1000.0,2416.5022438721508,391.4996770975299,396.57326340711165,-80.78425169110291,-188.5285978138447,-279.5794388919755,-49.10732738134926,-53.62429218762838,1.0344666538860339,20.68933307772068
3565.238772,1000,453.12194,1000.0,2416.8750699868488,391.97994091474374,396.3425124858393,-78.89607111454006,-182.81143437325954,-283.2687328331278,-44.027906762805635,-50.954606223279264,-0.2694491589161792,-5.388983178323584
3554.90726,1000,455.115412,1000.0,2430.6902102306435,390.9121292009346,396.1752705176451,-79.24841279745104,-185.93542735576648,-292.7395667227982,-50.85125918433771,-54.09568429357497,0.8731930353859896,17.463860707719792
3544.429444,1000,457.00669,1000.0,2418.2001437845843,391.0929834598516,396.2861106886178,-81.10922132968906,-191.25333990752705,-288.01030703064845,-45.83927334887163,-54.937651924264436,1.0566795263272832,21.133590526545664
3568.37454,1000,458.781424,1000.0,2442.782429178158,391.42491335415207,397.5648688110854,-80.27234798908236,-180.81682529747505,-301.2168971341569,-46.891879223347466,-54.19972214037805,0.6020273770318795,12.04054754063759
3561.397266,1000,460.649971,1000.0,2432.9038067567985,391.3494586044286,397.039085487547,-78.4214302706719,-184.42003310918807,-296.2515256880184,-46.05009784074018,-54.751998406049225,1.0236343233837886,20.47268646767577
3567.856862,1000,462.503953,1000.0,2427.3659909170847,392.15544826845024,396.7884860896401,-79.46384924173351,-182.34195320904234,-288.56253816696034,-44.47903392797746,-53.60568865018376,0.9534008284134645,19.06801656826929
3551.310595,1000,464.386137,1000.0,2425.477239643823,390.93438789113316,395.0053367771353,-81.30532324790954,-181.76707771122452,-294.23852078716055,-47.62896893858008,-55.16647842192044,0.03986093876663756,0.7972187753327511
3563.284486,1000,466.332953,1000.0,2420.468221157344,391.6877591511967,396.29164298416754,-78.69414133667951,-181.66809366941445,-286.606068151487,-45.49740132149446,-52.69743246572643,0.4072856873700875,8.14571374740175
3568.916566,1000,468.281088,1000.0,2430.25164952265,392.1037931271737,395.2116456670906,-77.24348997950565,-183.02049201726888,-288.674998829701,-45.54912447355563,-54.16241741828881,0.7226571514201298,14.453143028402595
3570.089928,1000,470.186256,1000.0,2437.933150610252,392.0011723707903,396.1334122347254,-79.5466477274895,-183.0926467388868,-296.1727047966902,-43.15700905822693,-54.00879867651715,0.838102092568518,16.76204185137036
3547.695694,1000,472.083127,1000.0,2420.387422143046,390.3643341981586,396.6151541688056,-79.98817328453066,-183.45383216738685,-293.2522011914647,-47.9424813834798,-55.03452860493032,1.0012870217758307,20.025740435516614
3556.422161,1000,473.964976,1000.0,2413.087588620061,390.0938622427145,395.86865425682856,-79.05443442940711,-175.6751666277648,-292.22788556356045,-42.84878946382342,-52.821667725341065,0.9082847795440377,18.165695590880755
3563.521467,1000,475.862874,1000.0,2417.545015935808,391.2253954111611,397.0189942570426,-79.01916969537722,-180.46696279942987,-287.6681835640367,-42.969983916914394,-52.14363857433115,1.062094758985529,21.24189517971058
3575.493656,1000,477.73414,1000.0,2429.489698089681,393.11961719975267,396.84294389708464,-77.76606370925909,-179.1778434246778,-291.70279927392687,-42.58117991323872,-52.73071675114776,0.18620818512612958,3.7241637025225915
3574.202251,1000,479.624952,1000.0,2431.911115827322,392.12225984884554,396.7420744245443,-78.7099976539612,-178.03369196057326,-293.74731129093544,-43.023772706507216,-53.058425677391575,0.6295191917293018,12.590383834586037
3581.468628,1000,481.50341,1000.0,2427.5900916057335,391.49462590897815,396.84201131683466,-78.41070338726044,-171.38686098158345,-289.1851474577639,-42.49096098160025,-52.98442804272734,-0.08848760659360952,-1.7697521318721905
3589.356701,1000,483.395111,1000.0,2444.289939892436,392.2009991253107,396.6481042389177,-76.88999956607829,-176.08244989514355,-299.0931996471291,-39.25093810127955,-52.46575465781545,1.0120433887952383,20.240867775904764
3573.819398,1000,489.010667,1000.0,2432.930967916243,391.2429613700372,396.6795463298117,-78.62216159582132,-175.39873424172393,-299.26796199804795,-41.26678576675736,-52.478434197518176,0.7718316281137202,15.436632562274404
3582.296623,1000,490.890306,1000.0,2447.83916952498,391.39424296037265,397.27505167353667,-78.77836225748072,-174.87680892944329,-307.22570287035376,-41.154048800698796,-52.176918366101575,0.09510565573111504,1.9021131146223007
3578.751978,1000,492.795971,1000.0,2429.6230059016393,391.6836111514864,395.81808267783936,-77.46526222705852,-175.5962126255033,-290.94019620701573,-42.03333584590997,-52.337714740223866,0.9384784879288622,18.769569758577244
3592.858932,1000,494.688947,1000.0,2445.7438113515377,392.920155540617,397.9119455005424,-78.07214162588134,-169.76073564141973,-300.3944882012016,-42.12522260111103,-53.364391845319254,-0.16407629016156125,-3.281525803231225
3591.054689,1000,496.570099,1000.0,2432.910875286861,392.6978411619599,397.59777538227326,-78.23800513505938,-170.90179150700564,-287.98639497036856,-41.73716912307426,-53.28844168637677,0.9050672250879919,18.101344501759836
3573.806939,1000,498.474285,1000.0,2424.7661375134494,392.41629542396987,397.2266641724756,-78.20350044012078,-175.4097149088978,-290.91372403287124,-42.91314766115443,-53.16207101143493,0.6345816086842602,12.691632173685203
3583.597924,1000,500.346841,1000.0,2431.179930586309,392.30255775121407,396.0385448746892,-76.1147511398793,-173.22075408846126,-294.51668570507104,-40.14886322267339,-51.92205512566803,0.8814618484772447,17.629236969544895
3586.173755,1000,502.242743,1000.0,2436.457367836483,392.52307373077946,397.9226132413851,-76.3904722380639,-171.11801328361025,-299.93134518517473,-41.47200108656736,-51.817468401118276,0.5983753787817687,11.967507575635373
3583.469998,1000,504.108094,1000.0,2435.406004437812,391.2698753202707,395.8092213549422,-77.36093825817099,-167.47903245687485,-302.23835084981243,-39.32747585033415,-52.6093058542673,0.5005286228630895,10.010572457261791
3590.228319,1000,505.959707,1000.0,2439.7474735327214,392.44469531784404,396.5457615147487,-77.2119397175311,-167.62274869382398,-300.1671451483593,-40.51748836752835,-52.99028912081187,0.2968357705403586,5.936715410807172
3593.73341,1000,507.844056,1000.0,2438.4793617849064,391.9127954326815,395.80936403018467,-76.22298675060271,-165.9385901153088,-299.07609731219924,-38.89929497303483,-52.33114251819163,0.5334334650478801,10.668669300957603
3593.35345,1000,509.724481,1000.0,2426.0397182715183,392.9639349519375,396.90069104756725,-74.25827709913251,-168.83147550076254,-288.22173694887334,-40.593507933021286,-50.645896866887746,0.7754676180065798,15.509352360131595
3588.133866,1000,511.605976,1000.0,2426.0119640105627,392.78571534283833,397.66791231083226,-75.35480969309796,-167.9435253322124,-294.0626261451377,-38.804340131764754,-52.16642386772571,1.0061914744518183,20.123829489036368
3593.372797,1000,513.507243,1000.0,2427.142056605815,392.8483682709522,396.46506145356057,-75.37520010471353,-166.8676068842409,-287.9958053523389,-42.04536861847786,-50.79870814149572,0.6627371995010586,13.254743990021172
3595.573552,1000,515.38613,1000.0,2428.4832128822572,393.4770022966638,396.6432893018272,-76.07919507265092,-170.34675241261726,-290.7784858661199,-34.79156733405878,-51.03395175593222,-0.08624322894407918,-1.7248645788815835
3603.010097,1000,517.300009,1000.0,2427.3885012542405,393.12609193493336,395.95035699805715,-74.39693918943414,-169.06373707950135,-283.6232763718339,-34.42653005405121,-51.944370280536766,0.016302710460614166,0.32605420921228334
3607.489289,1000,519.18393,1000.0,2446.2306915069526,392.553680853459,397.7542875670788,-74.47682824134831,-166.45843847095966,-301.4872974158008,-36.30100451917103,-50.32580220573796,-0.5583444518280347,-11.166889036560695
231.216731,78,519.321868,78.0,150.35978025177945,29.898957455526908,26.404174886823874,-7.386730842590331,-11.829788222908977,-21.41256087763704,-9.665709962067286,-3.1513915522936577,0.8893369706557889,1.3873656742230307
3598.258892,1000,521.203237,1000.0,2420.350405403872,392.66542087262803,397.38345683336985,-75.2754483127594,-165.51653821468352,-281.4936695552091,-39.14997318249187,-50.70476177512139,-0.23321071181919847,-4.66421423638397
3603.741273,1000,523.100312,1000.0,2427.6002409157823,392.2828925679132,397.95356389985403,-73.10960707545289,-171.26481500864037,-285.59360596492354,-35.13383453855016,-48.99356198693263,0.3468611565015403,6.937223130030806
1422.046429,402,523.805821,402.0,949.8095572396426,157.11667167915334,155.28194626944932,-30.39399544119836,-65.05154962539669,-110.44126565548444,-17.04798905931162,-19.22694671962571,0.970117631904874,7.799745760515187
3611.843892,1000,525.693765,1000.0,2443.2196371867835,393.13248519865994,396.96635088225895,-73.60279532432565,-166.5017898559573,-292.7834622751913,-37.569101993712984,-51.01743215556602,0.003192086363673171,0.06384172727346342
3605.410623,1000,531.332032,1000.0,2438.545841021098,392.3432136613223,396.99209698061514,-73.84270612716672,-165.00363475233308,-293.5913603761419,-37.771752434331404,-52.261075410262634,0.6000008022296756,12.000016044593512
3614.776315,1000,533.200845,1000.0,2440.940568532836,392.7206767621204,397.1711555379261,-73.55015773653979,-161.37748942077164,-292.0871979090781,-38.33099116202915,-50.71024952922794,0.3326710595731341,6.653421191462682
3607.096249,1000,535.095183,1000.0,2427.831747225233,393.54389789190157,397.84457852631914,-73.36331157207488,-164.7132874533533,-284.9563255304042,-37.87213702475308,-51.218912683540005,-0.06342689619745462,-1.2685379239490924
3610.06676,1000,536.995014,1000.0,2430.170336470959,393.3413337324375,397.5902212245392,-74.44914335727697,-164.91502274870868,-287.81574393185053,-34.2613236917097,-49.593897974870266,-0.08666822430810445,-1.733364486162089
3623.66643,1000,538.961682,1000.0,2431.583824140882,393.3882396904687,397.7361222070196,-72.6108286952974,-161.42676308155052,-280.0556678567652,-35.281785399178055,-49.666710574648775,0.5715368909857048,11.430737819714096
3614.306374,1000,540.871321,1000.0,2432.882069727268,393.0807140964627,397.7071086117629,-73.04010879755025,-162.5560197502373,-291.62393589767976,-32.69995507828971,-49.44349912379752,0.2965614301481735,5.931228602963469
3618.375691,1000,542.797986,1000.0,2434.6428307572323,392.44976226367515,396.2935243489767,-73.35082454085347,-159.37996313273916,-287.79454017092695,-34.016773444420274,-50.46832465621878,0.21193068834158976,4.238613766831795
3617.920148,1000,544.712909,1000.0,2424.401418926413,392.69989831175,397.3588634039124,-71.49883713245389,-157.44387193918234,-281.09248272697414,-37.36400185212335,-49.140838807039756,-0.08716615645138896,-1.7433231290277793
3627.316822,1000,546.642057,1000.0,2447.0412162817856,393.17409913672026,398.41069043474846,-71.44993910074237,-154.3763230979442,-303.0440954344786,-31.09655799717028,-51.34226864534738,0.8520107992315047,17.040215984630095
3618.386529,1000,548.543044,1000.0,2430.265976834047,393.57271541813265,396.84403987242297,-73.48075940847397,-159.6737826764586,-283.17316744965996,-36.40185384906152,-49.56663953437782,0.14648009194788852,2.9296018389577703
3619.909048,1000,550.496434,1000.0,2435.895818691981,392.36012015214595,397.9390865648495,-72.49939353704464,-161.08653459846963,-288.5869238542333,-33.2940548457801,-50.81907033996184,0.29794989960799173,5.958997992159834
3614.443616,1000,552.443805,1000.0,2440.2095742267243,392.90088110829157,397.5494701197936,-72.27320501089095,-157.30479867756355,-296.5395279069691,-37.89152639183027,-52.207251470359445,-0.24999691375655594,-4.999938275131119
3624.498083,1000,554.376384,1000.0,2439.304956387948,393.0470249920391,398.33599983761417,-71.95272189497945,-156.05132806599153,-294.8581692671754,-33.04988738967915,-50.27779149246999,-0.2806998905409358,-5.613997810818716
3630.15488,1000,556.298645,1000.0,2443.0667254874306,391.7265460102341,398.0563967509347,-73.04902007341387,-155.09255975708373,-288.61535799000575,-33.79822570439822,-52.13962516641059,0.1717164386451148,3.4343287729022958
3609.845728,1000,558.208023,1000.0,2422.0409890853407,392.4635588124176,397.81540803435456,-72.67449633836759,-154.1066507756712,-289.37576680647567,-35.41817838039959,-50.89913561212697,-0.23255991531395628,-4.651198306279126
3627.038056,1000,560.121953,1000.0,2427.7737978942787,393.2524659791717,397.89498790798933,-70.3826154148577,-150.2522886112332,-287.38320059860655,-32.461429512472826,-51.40366114936347,0.03977578451189844,0.7955156902379689
3635.927266,1000,562.025043,1000.0,2437.2274053011674,393.9998879268551,398.5854048456576,-71.60201166987423,-150.91018432676802,-289.6532487409181,-32.145116822718634,-49.57487045844809,0.2002929492387513,4.005858984775026
3626.376967,1000,563.989128,1000.0,2425.0365697769453,391.6361157810271,396.5621043474776,-71.65251695752151,-146.1754912003875,-283.31815484296027,-35.79531682798612,-49.916343217577136,-0.4447259313983654,-8.894518627967308
3635.307139,1000,565.907452,1000.0,2432.886409096489,392.87569679801766,396.7996781180714,-71.95741149425508,-149.5697187907995,-280.32760780409575,-34.815489326329605,-50.58441773935412,0.5265932390813883,10.531864781627768
3628.38382,1000,567.815989,1000.0,2427.218361431729,392.70692533953684,397.12380750432357,-71.13128965377807,-151.33056464642303,-284.18493107733053,-32.69061456245584,-49.32787418586842,-0.08144282562975932,-1.6288565125951866
3634.979605,1000,569.68026,1000.0,2434.3030411192394,392.2030739991004,398.40041692133997,-70.99212435960777,-146.3695350319146,-289.43025430024954,-32.97003690214007,-50.1649769086665,0.14101206266570393,2.820241253314079
3628.576404,1000,575.310881,1000.0,2416.0273382866335,392.40627409042395,396.3225980317716,-70.7736336493493,-145.47808475941443,-277.96510105210257,-34.082586981231906,-47.88040014864649,-0.16215824113527985,-3.243164822705597
3636.901488,1000,577.204526,1000.0,2438.5281472418724,391.33997231802863,396.72543214244394,-70.68559382438663,-147.42373331040147,-290.1082611504642,-31.90691252431186,-49.567563226635656,0.6067465133130663,12.134930266261327
3648.954935,1000,579.117904,1000.0,2440.9297026328863,393.3876187106499,397.9600059383155,-70.21500069022186,-146.85395219475024,-286.15612022918305,-31.601587565239754,-48.49573147158241,0.15764425535206594,3.152885107041319
3634.691574,1000,581.001709,1000.0,2440.5941015206463,393.69853190760637,398.01217101791053,-72.27825242161762,-145.7971851453184,-293.8104609951603,-35.67982046370375,-50.04751139178363,0.1852754972771728,3.705509945543456
3646.750766,1000,582.929734,1000.0,2439.567155683481,392.86515073308243,398.0921608996346,-70.51167874813078,-145.4571486264468,-285.7321112972547,-32.40254666034323,-49.67021636838827,-0.09443813142311397,-1.8887626284622794
3633.302811,1000,584.775658,1000.0,2426.11979945158,392.3130167159352,397.7083558445765,-70.15335080862035,-143.03578804135304,-286.86553932279605,-33.927907591266006,-48.85577545570738,0.64928544483085,12.985708896617
3648.005555,1000,586.666945,1000.0,2436.2188961704096,392.8357347428973,397.77462580946167,-68.19529609680173,-141.15297900587314,-286.8960323125441,-33.65900553786879,-48.920388398636774,0.32232244072532146,6.44644881450643
3639.864435,1000,588.528269,1000.0,2415.11098617138,393.164237659966,397.59388578280414,-69.56387986660003,-140.89880869686598,-274.2978286829146,-32.89890339225571,-48.34525376355132,-0.012744035184001301,-0.254880703680026
3631.4229,1000,590.279196,1000.0,2422.73729406445,390.5879881734131,396.69466188367,-71.3182748275996,-144.08829301893738,-276.9663569571814,-36.36608576508071,-49.85803385925362,0.3869880831624779,7.739761663249558
3649.384043,1000,592.138207,1000.0,2431.8942430895795,393.37013557569435,398.32759377454187,-69.16562704920764,-140.61999715715658,-283.72672595525955,-32.37553021085242,-48.32004900489957,0.18545828904267597,3.7091657808535197
3644.687248,1000,594.077971,1000.0,2437.868060492476,392.17057133074536,397.7067580936126,-69.68225787162788,-142.1190209925179,-289.3395660743065,-33.30625169609052,-48.61104482645213,0.2141265633707387,4.282531267414774
3646.4471,1000,596.006749,1000.0,2431.6206925852275,392.0247040966412,397.4396966853347,-68.88767726421356,-137.40939573049522,-289.21880563776887,-30.235809984731816,-48.88630449984422,0.28149640842196433,5.629928168439287
3650.205435,1000,597.9603,1000.0,2441.535251282362,393.15658789218077,397.75792354641766,-69.90475152134901,-139.76505195945523,-289.7282371096962,-33.50324270182259,-49.34304451659219,0.0627928191089614,1.255856382179228
3645.444005,1000,599.978964,1000.0,2428.3422004380272,392.60123751981763,398.8999151619055,-69.43976248025898,-138.08641965985305,-286.54001355537116,-31.366089102415874,-48.96706325750784,-0.3144160640767339,-6.288321281534678
3651.937439,1000,601.921424,1000.0,2440.271445085577,392.5965232940693,398.6352694549627,-68.99195228934293,-136.00476907640694,-292.5036129053362,-31.886250931503515,-50.179213187831046,0.08598114690490065,1.719622938098013
3664.547112,1000,603.856287,1000.0,2439.8090507874763,392.290892836192,397.95327464073836,-68.8584076714515,-135.48161968886848,-283.3965058501296,-29.293053581835586,-48.47651936672688,-0.24754429725651259,-4.950885945130252
3657.008544,1000,605.873593,1000.0,2447.315113925214,393.63090598057545,398.8619946810594,-68.87506278991707,-136.87882698625324,-294.3082052953665,-34.88298157643282,-47.85439355263944,0.19659678344066292,3.9319356688132583
3654.632571,1000,607.849232,1000.0,2439.4027095197985,392.2582729715957,397.37824720086456,-68.9717798423768,-135.45839915424565,-290.2740571410464,-32.54583920881409,-47.15658313564374,0.4770398064824778,9.540796129649555
3656.807759,1000,609.93824,1000.0,2434.3743212934482,392.84231108283063,398.6840209642759,-68.362112518549,-132.95307030528767,-290.1234176662656,-29.194066388775997,-48.46022781778279,-0.09452368773668489,-1.8904737547336978
3658.140923,1000,611.971472,1000.0,2438.7279930986565,392.72386407408476,397.6105143013905,-69.10048162102701,-134.61696984618905,-287.8797074557292,-31.0307046372006,-48.29358499943751,0.1428110751565489,2.856221503130978
3655.995365,1000,613.927909,1000.0,2433.160280605244,393.25938239907913,397.5216388119163,-68.46166547775267,-133.48667135536678,-286.6698183756224,-31.79546034661294,-47.532320938855996,0.7137503768444253,14.275007536888506
3660.006942,1000,621.929109,1000.0,2435.0897974352774,392.4621303586578,398.9365731843597,-67.55331507086754,-135.55969406068323,-286.595444887366,-29.55548085435367,-47.217623801886106,0.5928536060549565,11.857072121099131
3664.521356,1000,625.687915,1000.0,2435.155458778062,393.2081205142793,398.7489893598641,-68.09399332046503,-131.95279194414618,-285.58306942489247,-29.29496815565506,-47.6663898465372,0.4128916373345032,8.257832746690063
3662.471607,1000,628.135594,1000.0,2439.443605460898,392.979575475046,399.0708052883187,-68.23709888696672,-134.96767704039814,-285.09600823725106,-32.99191279792295,-47.72968185000449,0.31753506901714856,6.350701380342971
3647.025682,1000,630.122093,1000.0,2422.0334573668765,392.21681968934115,398.0581081432345,-68.50598307371142,-134.0776177316904,-282.17385746705645,-33.3890007862458,-47.136244534454335,0.2499241946920346,4.998483893840692
3674.074517,1000,632.00132,1000.0,2437.550578399272,393.2675100757074,398.0423668255755,-66.35981205224985,-129.2778488159179,-283.9076107343429,-28.177255672208506,-47.063411265318884,-0.021812550316765378,-0.43625100633530756
3671.365954,1000,633.886246,1000.0,2437.6310385280544,392.28472966515454,398.13185844762785,-66.6727507829666,-129.75100861489767,-281.53235706590164,-30.366313167791418,-48.359242545787254,0.6160494246412214,12.320988492824426
3672.094394,1000,635.852871,1000.0,2440.690612523212,392.5099738252899,398.4890926371128,-68.1436737251282,-128.6389720290899,-284.6315890835259,-30.345561752956748,-47.835488313106666,-0.19033943877258105,-3.806788775451621
3661.938982,1000,637.731113,1000.0,2425.353700592157,392.56532648918915,398.1040426432019,-67.82985665559774,-130.35962557047594,-279.7198861611855,-30.516269144819603,-45.65845043857707,0.12745795398937387,2.5491590797874775
3675.748574,1000,639.613468,1000.0,2435.8526405094276,392.4421485927551,398.5827219272498,-66.85486088752748,-128.37128499001255,-280.9607446572567,-28.083189506026205,-46.8588567575547,0.3634896655955979,7.269793311911958
3667.692237,1000,641.476807,1000.0,2433.709805605367,392.14086945825113,398.94631209547384,-66.97704660534855,-129.16158559322358,-282.1485657941595,-30.169063479400794,-48.64848866940186,0.3584666149346365,7.16933229869273
3672.423033,1000,643.354609,1000.0,2431.7336646383383,392.9448664199291,398.92646040860996,-67.55571479916571,-127.04572991430757,-279.3972798954116,-29.1557038591932,-48.02752977884139,-0.008654575733919699,-0.17309151467839398
3677.729701,1000,645.276345,1000.0,2439.5026997559353,393.1400112293895,398.71186049547384,-65.60447778820999,-125.76105890274049,-288.3892571151138,-27.677658059026292,-46.1924185822661,-0.16790166034897785,-3.3580332069795573
3686.760724,1000,647.175147,1000.0,2436.6805092145164,392.9622723855389,399.15865405937467,-66.4128590071201,-122.3403576463461,-278.18150308386373,-27.56695966344927,-47.539032373285785,0.0929694438965364,1.859388877930728
3688.83425,1000,649.122139,1000.0,2438.7360628835822,393.55157123751036,398.39201327533976,-66.06127692818636,-121.90759104490289,-277.8690121849771,-29.743792674236953,-46.263724790772,-0.05856600154065422,-1.1713200308130844
3674.345873,1000,651.019046,1000.0,2428.486740045617,393.25043633909405,398.67129942441187,-67.39554182648658,-126.42007820308213,-278.3544181277306,-27.873550729509248,-46.019014084468765,-0.24415414187242387,-4.883082837448478
3681.698144,1000,652.882194,1000.0,2442.7908527333225,393.9730489841864,398.11543830091216,-65.78759630322457,-123.38543506264696,-290.6077312320474,-27.158486021874186,-46.24194702273259,0.14413778774478483,2.8827557548956966
3679.930739,1000,654.791099,1000.0,2433.737618814528,393.703534349405,398.99632276218443,-65.70514365196227,-122.73971624672414,-283.06665520890857,-28.51685800563202,-46.47836374556426,0.6943948576166317,13.887897152332632
3689.693954,1000,656.7127,1000.0,2439.1453533062004,393.1044450317715,398.3177666970728,-65.1141696596146,-123.66094289869066,-277.57828673567764,-28.947185939484964,-45.573025817510654,-0.023676146380567396,-0.4735229276113479
3685.089521,1000,658.557907,1000.0,2446.5931528266706,392.9044695604949,398.99423495214705,-64.40286501407627,-122.18796056658013,-289.93982063222785,-30.706294008360217,-46.16539609103393,-0.23919660077110566,-4.783932015422113
3686.167609,1000,660.441911,1000.0,2435.3377006995916,393.29375963546585,398.3810722289785,-65.39570912361145,-118.32150409370654,-279.68832947854656,-30.91540440143522,-46.523976788385625,-0.24789898471915742,-4.957979694383148
3689.9225,1000,666.077929,1000.0,2442.6569808380577,392.93613491220026,398.59959347336917,-64.61719710707665,-119.9144547939301,-286.31283392206154,-27.005534140178213,-46.42018880086418,0.03647840741311964,0.7295681482623928
3691.249195,1000,667.955103,1000.0,2438.724300210022,393.3422147428717,398.9123074195904,-64.03779706239698,-121.0534594103695,-280.5623697435703,-28.213821240843988,-45.862180148658645,0.39376485104970305,7.875297020994061
3693.656239,1000,669.920843,1000.0,2443.000679336738,392.9502121766327,399.1805612086387,-63.64822481751437,-117.2014724686742,-286.10297927863195,-27.164138059205214,-47.35839908997719,0.31324171831385794,6.264834366277159
3683.231974,1000,671.834921,1000.0,2438.8836372254455,393.95005593470114,399.12900586637693,-64.39722048044202,-121.90386895239372,-285.6105875915914,-29.631364026249166,-47.18768387521625,-0.04749806153579876,-0.9499612307159752
3687.999627,1000,673.745139,1000.0,2436.944442228355,392.78092441958466,398.4686874129401,-64.88151409626002,-116.51974995136258,-284.348398634157,-26.805692837855695,-47.639071169717496,-0.14961333426970375,-2.992266685394075
3697.203014,1000,675.648896,1000.0,2436.4109753027533,394.3746364449732,398.9224152351871,-62.91459614992138,-117.4678758591412,-279.2566213005735,-27.131890383850436,-45.73402923007138,-0.17157346696109382,-3.4314693392218762
3693.160321,1000,677.531606,1000.0,2437.3909529633283,393.5534736678298,398.33982100482393,-62.83154307603834,-117.50532575398698,-282.038000059631,-27.892740457163917,-45.85631751667103,-0.17349547998845596,-3.469909599769119
3696.414347,1000,679.425435,1000.0,2440.198554090748,393.5046322625443,398.70033876869894,-62.77042705297472,-121.52397096604108,-278.4162128145399,-26.951046191270787,-46.32752154609595,0.8102540847149762,16.205081694299523
3695.275349,1000,681.316489,1000.0,2436.7247392265804,393.2967004157329,399.27837514795306,-62.135864632129646,-117.46599228680125,-280.6297726888057,-27.21501084558175,-46.577825567863144,-0.06370515266672555,-1.274103053334511
3688.9738,1000,683.093489,1000.0,2433.516983095613,392.5541953651098,398.7384486205555,-62.598690772056564,-122.40079366117722,-277.65872530909627,-28.739112430085697,-44.43850448304755,0.07002197363353199,1.4004394726706397
3689.799741,1000,684.992455,1000.0,2432.8745617993036,393.39165249373343,397.22092485904795,-63.83614324450493,-120.1028750017285,-274.9264098956546,-29.641948463952687,-45.18002184748724,-0.11949093742289874,-2.3898187484579747
3690.145583,1000,686.863677,1000.0,2428.890611945591,393.9808179116669,398.83120411287325,-63.37373201966287,-119.61073209047316,-277.0431560080437,-26.58014976193215,-44.94928107477454,-0.3381417488588455,-6.762834977176911
3689.972596,1000,688.782158,1000.0,2436.9473030831837,392.828964016481,398.16120068287177,-62.77203984260558,-120.03187498599277,-280.3985180485978,-29.07795749978255,-45.68448105123367,0.03423439627834606,0.6846879255669213
3694.038903,1000,690.6359,1000.0,2430.763120873085,391.9126345201763,398.37677265071704,-61.971312510967344,-117.35358889400956,-274.82623420013743,-26.68101679642107,-46.181472354236924,0.06190416718098603,1.2380833436197205
3697.494818,1000,692.49322,1000.0,2438.54173305702,392.57948971056686,398.5364677901874,-62.25834480643269,-118.13564956188195,-279.11485508258886,-27.53322329564743,-45.12079977552787,0.5391153611993936,10.782307223987873
3699.127021,1000,694.365448,1000.0,2436.6300873296173,392.3073200294157,398.50776915015854,-61.14864235162738,-118.5876052647829,-276.51544816262356,-26.80508191401111,-45.26137799326158,0.8902586692024205,17.80517338404841
3699.003057,1000,696.214115,1000.0,2431.221660646997,392.7210425205101,398.2517596145328,-61.02800839543342,-115.30044990628964,-275.04789669140234,-26.63846971168439,-45.176581042149294,0.6261246083117595,12.52249216623519
3704.570861,1000,698.078852,1000.0,2440.7838017153595,393.5994670596309,398.91151850779835,-62.313208450078946,-116.28245976716285,-277.0625339707631,-28.11466842604038,-44.95105608457104,-0.09748163625072566,-1.9496327250145131
3706.761346,1000,699.930488,1000.0,2442.8575622105654,392.46242176383174,398.12841397131155,-61.38778293609619,-114.94859989434484,-280.21996811730537,-26.100087258630698,-44.03061394106185,0.7022938983832812,14.045877967665623
3697.683063,1000,701.754796,1000.0,2436.825547601085,392.882870402413,398.52370332538595,-62.192317649125975,-117.09367234706876,-277.9435151229468,-28.44292994206835,-44.876623150125106,0.5343929571990298,10.687859143980596
3697.407001,1000,703.62419,1000.0,2437.7837760160146,393.09274365699224,399.0753640546056,-61.89028322815899,-118.12185314744715,-281.25558082851455,-25.599189200803803,-45.67797623451862,0.18397294659697205,3.679458931939441
3709.372231,1000,709.277981,1000.0,2439.82792549531,392.2073148405156,398.64027197733026,-62.28489801585679,-112.89030253663653,-274.12689278403985,-27.459898426727754,-44.5412896842668,0.2050665520883117,4.101331041766234
3704.99275,1000,711.117299,1000.0,2433.0717666213072,393.58731932471414,399.5579077614157,-60.20970715522765,-114.09854706525792,-278.15129626540147,-24.316562478463567,-44.44813102411382,0.06775050785930119,1.3550101571860238
3702.444189,1000,712.960512,1000.0,2444.2353192489104,392.86689912296043,398.5147509033974,-60.832921135425615,-117.86104597598317,-283.74686681208243,-27.443419515046084,-43.28852653603873,0.06895129065362736,1.3790258130725472
3705.461833,1000,714.835836,1000.0,2437.448717416231,393.55406502754636,398.72764993116056,-60.40753599762917,-111.29458292871718,-281.7259563171905,-26.514906374589458,-44.32561728636797,0.20536147375599048,4.1072294751198095
3715.617577,1000,716.688644,1000.0,2443.483534435248,393.3116614998343,398.7225897084395,-60.22494288325313,-111.33626457899821,-277.1108034414913,-26.342561338825842,-44.88563658012267,-0.10724933462544764,-2.1449866925089527
3698.417028,1000,718.582843,1000.0,2434.444599894297,392.9943728553172,398.5311095640902,-61.24021974563592,-114.38812182396643,-280.7931503966756,-26.742212377372436,-44.389350329123374,0.13060792674620025,2.612158534924005
3709.238929,1000,720.435242,1000.0,2434.1599003437914,394.7928077671299,399.31602054981437,-61.11381173968307,-109.6224066540598,-280.05336567245297,-25.000143915228275,-43.2400721682319,0.16339028137269723,3.267805627453945
3707.607139,1000,722.286638,1000.0,2433.7467838864654,394.07725090312965,398.86413196750027,-61.25790792465208,-111.463579697907,-277.9444931673779,-25.47971382100112,-42.93533317644947,0.09409777667201351,1.8819555334402702
3710.923505,1000,724.123205,1000.0,2440.068809436879,394.3301749775437,399.3857269863336,-60.77241293907162,-108.26052353531121,-283.83901330086024,-25.11226116855138,-44.87699533606244,-0.20555877499127936,-4.111175499825587
3719.51478,1000,726.019082,1000.0,2447.595051504789,393.7047853107418,398.682810348107,-60.36724967718126,-110.5147047981622,-280.2194148639432,-25.645215299587797,-43.721282747070354,-0.15702328312896804,-3.140465662579361
3714.899103,1000,728.022212,1000.0,2440.228878653088,393.65154915179244,399.1379848158476,-61.23562537431716,-108.36581765413304,-277.55404674217607,-26.799384759864306,-44.16443469351063,0.049738019630119305,0.9947603926023861
3728.991148,1000,729.886022,1000.0,2449.4218736873886,394.3744974078031,399.5944688511761,-59.69967061042784,-109.04539098739629,-279.5344852601952,-23.73026357702884,-42.38988175593757,-0.039057361966782236,-0.7811472393356447
3718.32515,1000,731.793982,1000.0,2444.36581095907,393.72681934451896,399.193338457739,-59.17629315137855,-110.39528609327948,-281.64053460860674,-25.20239080779127,-42.54631454101169,-0.15414670379362774,-3.0829340758725547
3714.360126,1000,733.659954,1000.0,2438.658123723642,393.97207928629354,398.9338600972553,-59.53235139846807,-110.41583702862265,-278.1675820716056,-25.7981484253392,-43.29001799415344,-0.10624756417869252,-2.1249512835738504
3721.466364,1000,735.53539,1000.0,2445.2614654330678,394.1270793463539,399.3755592278994,-59.82131344437599,-105.60731189399958,-284.31255053487916,-23.68164857433277,-43.87491571429451,-0.10320980490893694,-2.064196098178739
3715.97203,1000,737.581116,1000.0,2435.827145005202,394.0139217982589,398.6816573685556,-61.045262055397046,-108.98030949085943,-272.62325070929734,-26.69511529947531,-43.206756288994846,-0.18876087475659692,-3.775217495131938
3729.150158,1000,739.700769,1000.0,2450.2457919275375,395.1890526766491,399.4638978595136,-59.052996608018816,-106.05614277869458,-283.04952589977074,-23.89352415973172,-43.69639521814276,-0.3060704319562876,-6.121408639125752
3718.777659,1000,741.678062,1000.0,2436.3669286734053,394.3489577716122,399.394538941588,-59.514754364490535,-107.5555054284631,-277.48730126255424,-23.870342084744436,-42.90486352893807,-0.10397333069863783,-2.0794666139727567
3721.751128,1000,743.755758,1000.0,2442.550984649174,393.55290405063374,399.5385530523309,-59.46718416333199,-103.52255925983192,-284.02870350568656,-23.305432304851443,-43.56743464987147,-0.12406331444932553,-2.4812662889865105
3709.232548,1000,745.77864,1000.0,2422.5713800487492,393.45418268167424,398.6146588319833,-60.374638144969936,-103.68668613880884,-273.0069969776867,-25.99129186945855,-42.34806006903778,-0.24367806705022596,-4.873561341004519
3717.015336,1000,747.780168,1000.0,2434.835906410548,393.8337739828289,398.7816739269237,-59.777680442333256,-105.0072352021931,-275.4044962069223,-25.83804528026812,-44.40856114430405,-0.005511999143171785,-0.11023998286343571
3726.761895,1000,753.859847,1000.0,2439.895285540211,393.4105256374103,399.46569529126947,-58.67108664393424,-100.3593279480934,-280.4685133688117,-23.281978569591775,-43.22870542291647,-0.016440714258300328,-0.3288142851660065
3721.27205,1000,755.963268,1000.0,2433.4975882473063,394.5628571165095,399.127210862695,-59.22697988748538,-102.67306290864929,-275.21561700637295,-26.0092622529767,-42.790683871838056,-0.058924796460615124,-1.1784959292123025
3734.682183,1000,758.066469,1000.0,2450.3207463534964,394.17771055876415,399.41677840816266,-58.54908368825917,-103.54387366771685,-279.46331116298,-23.796853270400586,-43.87993101839598,0.044551927019346134,0.8910385403869227
3719.800159,1000,760.19449,1000.0,2442.445879056328,393.64186612523173,399.07792281608187,-58.86367438077927,-105.42435359805809,-282.13792805491784,-25.905253846334343,-43.03429926694527,0.03406628105823294,0.6813256211646589
3724.945626,1000,762.294851,1000.0,2441.265443084457,394.3465539518523,399.2861055562378,-58.97410191059113,-101.57785003036284,-280.78740587663214,-24.24593854026162,-44.3671800789239,-0.007700896877771748,-0.15401793755543497
3725.114714,1000,764.27289,1000.0,2433.270481469491,394.1730646723619,399.2705112959225,-57.58817042469991,-100.30691501945235,-276.4266831293888,-24.505344986421182,-42.772229391375255,0.028568968881498374,0.5713793776299675
3720.887805,1000,766.394363,1000.0,2437.815269443893,394.0629853525185,398.85934322470433,-58.044521555900545,-100.23101414144023,-280.5820257986954,-28.3750462485871,-42.617184858699055,-0.14248836631015652,-2.8497673262031302
3728.753966,1000,768.257555,1000.0,2437.163502660768,393.9742194754556,399.52298219430685,-58.69128530144695,-101.71698015183213,-273.9874253113269,-25.09179728005806,-42.41925075629698,-0.07640942437541337,-1.5281884875082674
3740.371913,1000,770.156082,1000.0,2450.028869681295,394.3185048837926,399.20213830672736,-57.459260187149106,-100.28945101499559,-279.2713381735378,-23.85831236491232,-42.29923818456645,-0.04559429586562731,-0.9118859173125462
3729.503895,1000,772.035157,1000.0,2441.9783548456944,394.43916208248316,399.5609476502343,-56.651484473943725,-99.95566873103395,-283.55736800117216,-23.276033275051322,-43.034015259886445,0.325320818638405,6.5064163727681
3740.382062,1000,773.836378,1000.0,2445.9447371326555,395.3366706952507,399.6347102258827,-57.26235422253612,-97.58780009075998,-279.9678658947271,-23.209591722388218,-42.50644427766333,-0.17866500166492694,-3.5733000332985387
3738.122193,1000,775.820949,1000.0,2439.038786601378,394.51313013349727,399.60102653820485,-56.67307276010511,-96.89923038780694,-275.4863768909511,-23.10934355501136,-42.86272641202467,-0.030295177339157937,-0.6059035467831587
3732.740654,1000,777.775768,1000.0,2439.7824175158444,394.3182052916229,399.1398782366064,-57.082027038335845,-98.94224727004764,-275.98352526482915,-25.61113448120788,-42.88091342544206,-0.14483990100947525,-2.896798020189505
3739.499339,1000,779.718345,1000.0,2435.641524304998,393.92881912791063,399.5449472530737,-56.97507861256601,-96.09650388509044,-270.3972560699999,-25.06708752454403,-41.08002579132279,-0.021827649068867506,-0.4365529813773501
3746.027252,1000,781.676437,1000.0,2448.937897562931,394.54523273492134,399.22522987989845,-56.67987390875812,-96.44607995599524,-279.15663337317613,-23.201956276548955,-41.19656516003455,0.008164495036135776,0.16328990072271551
3742.099586,1000,783.668278,1000.0,2444.855242824385,394.45718889302174,399.3635326790997,-55.248907513618384,-95.06941597312687,-281.7642990338749,-22.00657571292487,-42.48717995659461,-0.14731185101862446,-2.946237020372489
3752.685072,1000,785.587938,1000.0,2453.4462973870445,394.20515837238685,399.11719012738075,-56.547421749830235,-94.3812150046228,-279.186313435574,-22.93490162823405,-41.03372252690863,-0.20184952941903758,-4.0369905883807515
3745.704727,1000,787.586331,1000.0,2445.75946887708,394.2584466409849,399.06641365229274,-56.74943119168293,-94.0212866768241,-280.683156240106,-21.863066269751084,-40.06266146687141,-5.510238314638819e-05,-0.0011020476629277638
3746.099676,1000,789.531142,1000.0,2452.851654803678,394.23420538256164,399.09826185800057,-56.138358075618726,-96.0471377655865,-282.03564674992214,-25.010090219152058,-40.85321287968823,-0.1604250628446417,-3.2085012568928337
3742.351171,1000,791.454347,1000.0,2433.216953053249,393.633626793246,399.46466285791735,-56.62117750048638,-93.26350688636306,-272.38300169945467,-21.35936504641306,-40.337020933139456,-0.15559091921212237,-3.1118183842424476
3742.732715,1000,793.481923,1000.0,2440.2820238754066,394.02653233084874,399.1337324095267,-56.29427596092224,-95.01910028308609,-275.93224563200147,-23.51385217671726,-39.9500992025497,-0.17483809123938088,-3.4967618247876175
3749.217825,1000,799.212916,1000.0,2448.6225163631184,393.99741648066356,399.22629398141265,-54.657971879243895,-95.30942527502755,-281.95116936098145,-21.498605572567346,-39.21122935671745,0.5963191727997738,11.926383455995476
3746.463989,1000,801.213709,1000.0,2439.789512544752,393.2128889621175,399.04165934662706,-55.926391475200695,-94.38832547403867,-272.8181074680703,-22.40048186378545,-40.04676517947083,-0.2641768885396418,-5.283537770792836
3749.011912,1000,803.219516,1000.0,2443.9032797706122,393.68278162145157,399.68874991716365,-54.820327720046016,-92.07216610759495,-277.4476828849826,-23.511038899177343,-40.411684039746,0.0016607963738041545,0.03321592747608309
3749.849416,1000,805.124433,1000.0,2441.8779626243654,393.56769257915636,399.14273525849484,-55.262773847579915,-93.82077247425906,-273.867905017547,-21.181174696367318,-40.606348304513006,-0.04402785016804571,-0.8805570033609141
3746.106903,1000,807.031393,1000.0,2438.018360132918,393.99051640266276,399.33804569075136,-55.004032930135736,-92.53039300441756,-274.423348286244,-23.46698251186235,-39.81526220007704,-0.022577182063811617,-0.4515436412762323
3756.849634,1000,809.005263,1000.0,2443.1105994242,393.9342579607569,399.21410911641107,-55.42858426451687,-93.00963852852584,-270.12165270576804,-21.653637671575183,-39.19581892106011,-0.15430167195951788,-3.086033439190358
3753.370808,1000,810.911586,1000.0,2442.7923563054246,393.7584142534472,399.29249331217585,-54.28451951503747,-90.8393489792943,-275.3031842124495,-23.330064833441114,-38.71533796751014,0.7292205938941236,14.584411877882472
3743.259501,1000,813.382518,1000.0,2433.815096237839,394.670566584556,399.01813748721577,-54.0881401050091,-89.3247301042079,-279.00149345047924,-22.109194548242524,-39.72074088284046,-0.11188478212175852,-2.2376956424351704
3748.567674,1000,816.559365,1000.0,2434.3302504391186,394.2834269545656,399.3585436842777,-54.43780319988728,-89.59300796985619,-274.0917953664017,-21.902396793684037,-39.37954381532896,0.23038280504496225,4.607656100899245
3748.388969,1000,819.570692,1000.0,2440.108253898893,395.336877554376,399.0134570480202,-54.491286213398,-91.04411083161821,-278.6428891620492,-21.89202211636101,-39.99931103969599,0.057489860410038965,1.1497972082007792
3754.495059,1000,821.456378,1000.0,2441.421521186386,394.5509601339136,399.44186160817924,-54.18195626497275,-90.3359584175051,-273.72280525679656,-21.86228574622029,-40.816278575161576,0.5189926139525897,10.379852279051793
3753.599382,1000,823.323894,1000.0,2442.077127350617,394.3143220167045,399.2163112655555,-54.32993133544928,-89.700624677539,-275.43802395426604,-22.340017200115685,-40.199781909039025,0.4120916787863845,8.24183357572769
160.519466,55,823.420136,55.0,100.07631809364642,21.32995039401924,17.848733769068794,-4.636337171792982,-4.716311572492122,-15.718453837170463,-7.294041953209187,-1.3703919464384702,0.8040686698820022,0.8844755368702025
3752.749529,1000,825.258813,1000.0,2439.98567184246,395.0580529291316,399.34182426535216,-54.909244807958615,-89.05932769626374,-276.8538066989351,-21.64031488832115,-39.1733262064711,0.024868088606903406,0.4973617721380681
3742.810039,1000,827.105005,1000.0,2429.282035840909,395.5040495934433,399.70898094751203,-55.01599082231523,-87.29774557501084,-276.03716709124814,-24.421089904612945,-38.91303369058725,-0.1099104215915347,-2.198208431830694
3753.955003,1000,828.985453,1000.0,2443.829974472915,395.1732643359559,399.80226885394745,-54.975449713468535,-89.03645098209391,-279.2579505515113,-21.45418092259641,-40.126472889146115,-0.05941384160227461,-1.1882768320454922
3753.191817,1000,830.842124,1000.0,2440.6646864646036,394.7287924386076,399.73229722390084,-54.06320217728612,-87.69995196610677,-280.0553795488587,-20.845711837130775,-39.26971346537966,0.12763634492853274,2.5527268985706546
3761.284453,1000,832.84081,1000.0,2449.985182023374,394.96458831316045,399.7624182489141,-54.67690414905544,-88.18510504663003,-279.2355607590127,-21.427307493634196,-39.9028580039086,-0.161978867281603,-3.23957734563206
3756.186803,1000,834.737671,1000.0,2441.7802547908386,394.20893077066654,399.3567523243514,-54.62762245416638,-88.05021781921387,-275.7398253172331,-22.727200056719006,-38.01426940089151,0.6894618613864012,13.789237227728023
3764.586984,1000,836.661669,1000.0,2449.8229838859374,394.6567306884019,399.82478207934247,-53.20793483138085,-84.84018017053592,-280.60862709200296,-21.913508741620497,-39.147261977427256,0.6159612929490974,12.319225858981948
3760.5501,1000,838.546673,1000.0,2448.125845307107,394.90938439469,399.7217002845139,-54.4549615442753,-87.97108219712973,-280.83524739633384,-20.2615075510518,-38.68403080542789,0.07816753544246578,1.5633507088493157
3754.895589,1000,840.487342,1000.0,2440.7367632742116,394.79562726463405,399.3026510372543,-54.68291889071466,-85.70368103981001,-275.60338444943415,-25.309942344090164,-38.63952558681792,0.09218596970756593,1.8437193941513186
3764.559484,1000,846.688313,1000.0,2449.275293259533,394.4595287267223,399.3249508779982,-53.42200816154489,-85.78509566783904,-279.313758379484,-21.24921055901494,-38.73021655514078,0.6878313365506327,13.756626731012654
3758.437952,1000,848.779643,1000.0,2441.3969510212232,395.2623280810024,399.7236406914171,-54.34670726060868,-85.48363109827045,-277.32567082279286,-21.881079534199472,-38.90787930159198,0.011426567559136246,0.2285313511827249
3767.658957,1000,850.703315,1000.0,2448.158189826792,394.9952159475886,399.9200614191356,-54.71660281538964,-86.39775055646895,-274.86991602591127,-21.428246874976082,-38.00199343704862,-0.23686405135378624,-4.737281027075725
3766.921373,1000,852.566642,1000.0,2447.276136221558,394.7709393484598,399.63519730108567,-54.24446329116827,-85.22369203567504,-275.7590781153603,-22.29410890503225,-37.23955760615327,0.007615663813969269,0.15231327627938537
3768.91855,1000,854.382965,1000.0,2454.4750423119444,394.8509492555766,399.5819048466426,-53.390669207572955,-86.38107748702168,-278.7856797015542,-22.59794775896013,-38.83397186875508,-0.06067750181218327,-1.2135500362436653
3762.130777,1000,856.222893,1000.0,2448.3881457750313,395.26218700859715,399.72531930170027,-53.13716388940817,-85.02982064336531,-281.7111454619409,-24.25030807567913,-37.11643687383849,-0.20042250158970254,-4.008450031794051
3768.761185,1000,858.091395,1000.0,2450.37294118693,395.1542692121922,399.1319149872317,-53.04673053503032,-86.12261388450875,-277.5507784857015,-21.27356591584374,-37.90425112836115,0.4058165392113107,8.116330784226214
3767.885785,1000,860.034605,1000.0,2449.6665550726234,395.1993744429671,399.7555961161411,-52.93632901906972,-84.91234156340369,-279.90268538964045,-20.222189060628324,-38.762196009233065,-0.07746783698023367,-1.5493567396046735
3766.635488,1000,861.901207,1000.0,2444.4494809991097,394.2412381569912,399.53902120950096,-52.47016424059868,-84.5890687339008,-274.8043234544279,-21.91399972420876,-37.816695801768816,0.2148631671789017,4.297263343578034
3767.474045,1000,863.893036,1000.0,2446.25738379479,394.90229310786714,399.4392553612393,-53.39446207165719,-84.51666978299616,-277.6806996988624,-19.407541213965352,-38.125514859762056,-0.1091745384039775,-2.18349076807955
3771.727437,1000,865.869207,1000.0,2451.0825831745565,394.1822679385005,398.9209360548505,-52.79194021463398,-85.42079990059136,-274.89958681619436,-21.012309040229617,-38.33371405942957,0.5148805823917229,10.297611647834458
3767.589738,1000,867.860141,1000.0,2446.206950506098,394.57860291094056,398.5255415105406,-54.34698084473607,-82.36538930982348,-277.44249359349755,-20.893634614580005,-36.67285836412571,0.6799648973946123,13.599297947892246
3779.814266,1000,869.857484,1000.0,2453.9083942715793,394.9235204762858,399.1684419660851,-51.965065706968296,-80.22304313927881,-277.5178752864714,-20.994658038620322,-37.48544854201953,-0.04877757885463635,-0.975551577092727
3770.674464,1000,871.67452,1000.0,2445.8674523837312,394.92927060615017,399.50649711327446,-52.1267630648613,-84.53633066564795,-274.19028031076175,-21.193407307874043,-37.58197491184427,0.13457112155749443,2.6914224311498884
3772.17296,1000,873.617095,1000.0,2447.578685490491,395.34241769692125,399.3987476715019,-52.27294779181483,-83.76566996276385,-275.2424512231115,-20.639653052131024,-38.22616867216529,0.6108510891056784,12.217021782113568
3765.794933,1000,875.644223,1000.0,2438.0074492602625,394.7146343346673,398.66749455142576,-51.87453703522677,-83.79373998343944,-271.2521186399249,-22.274507599867693,-36.39974218301156,0.6477575936145337,12.955151872290674
3764.856707,1000,877.520966,1000.0,2434.5651876893676,393.77238343278935,398.7820737933242,-52.315540411472334,-84.48766350150102,-266.94483987066786,-22.083662021416792,-36.431232109683286,0.36058931471247024,7.211786294249405
3775.742906,1000,879.413954,1000.0,2448.914329291601,394.8876115333535,399.6903610580056,-51.58921131610866,-81.69013445079324,-275.80196035273815,-21.554768022254613,-37.11332130064623,0.5547905624695015,11.09581124939003
3766.193294,1000,881.281475,1000.0,2435.5218287821535,394.1795306961733,398.73139778423734,-52.324499716758694,-80.74695378839965,-269.617348557178,-22.708072588241443,-36.84258825327052,0.5965456392032205,11.93091278406441
3777.006066,1000,883.170582,1000.0,2441.713763861045,394.15699069646644,398.9073881588747,-51.7435159730912,-78.79113724827762,-269.4584574279005,-21.57779960711829,-36.201166903292865,0.24734076559060186,4.9468153118120375
3782.696243,1000,885.059501,1000.0,2454.5492398696874,395.1116740916751,399.52566463312615,-51.11181079626082,-78.65349771380424,-280.3691282186957,-20.389617668734772,-35.966281684784455,0.716400082925704,14.328001658514081
3778.584776,1000,890.756521,1000.0,2443.059783998534,394.94990034790476,399.72682726432436,-49.96525051116938,-79.20719578862203,-273.94005895127344,-20.068474957630592,-35.97075515670421,0.2154886504127745,4.30977300825549
3781.085157,1000,892.629247,1000.0,2450.9836168902743,394.66300344454646,399.65429767520214,-49.88357228994368,-78.17088549509639,-278.145867606477,-21.262255042478813,-36.75318010659044,0.4421210302142288,8.842420604284577
3782.169251,1000,894.506847,1000.0,2452.449438172385,394.4606359119397,399.46026933801926,-51.01315416336059,-79.8726820126176,-276.94411276689135,-19.879663913395333,-36.49148004040024,0.5340338742676541,10.680677485353083
3779.224781,1000,896.413015,1000.0,2445.22943713744,394.5970807150766,399.16995539715026,-51.28679961919782,-80.01095663905144,-271.5182654728648,-20.79779072064032,-36.15787986333538,0.2619284361478883,5.238568722957766
3777.423265,1000,898.272586,1000.0,2445.0406627080124,394.2922107665976,399.7352928102896,-50.096269733905764,-79.11551346257325,-275.05425550237527,-20.102569225623583,-37.276292873373784,0.7769560440569576,15.539120881139153
3785.444112,1000,900.168405,1000.0,2449.37279436665,394.22765464969143,399.6610692126859,-49.57649447679526,-79.31762880161403,-272.9592896006769,-19.417408028059636,-36.546585551338914,0.6677131283836737,13.354262567673475
3784.410243,1000,902.030219,1000.0,2450.017014363004,394.99068196019476,399.6674072905121,-49.731776529550565,-77.68465418517597,-276.8874913791008,-18.46449851649312,-37.49644025074941,0.1475527799605111,2.951055599210222
3778.983747,1000,903.902091,1000.0,2444.6815896638054,394.31124198380604,399.5744108690698,-50.09036388874051,-78.3569079324603,-275.2988586267023,-19.190658201176255,-36.64670691706885,-0.055382699292428686,-1.1076539858485737
3777.670135,1000,905.77416,1000.0,2443.7511014885376,394.65721906229965,399.67420383737516,-50.33196132183072,-78.94955309331411,-274.19731676163525,-20.433879851774233,-36.49967829824985,0.35204268039349296,7.040853607869859
3785.556854,1000,907.691388,1000.0,2451.290987435554,394.30281570952206,399.79767198129656,-49.53934977889056,-77.02408936023716,-276.8372663797772,-20.08055682484303,-36.35335850268877,0.24766693528482642,4.953338705696528
3782.096226,1000,909.569624,1000.0,2443.5715051220627,394.3642598902287,399.6867954651021,-49.72864588022238,-76.62863511815665,-274.26862097622507,-18.096650236410945,-36.803782283646925,0.2591644026407479,5.183288052814958
3787.411785,1000,911.462661,1000.0,2446.937446043938,394.75898247955416,399.3512791486461,-48.940423965454094,-77.14958111941819,-273.29572108841563,-17.860296626697643,-36.38990026243069,0.5318025899511121,10.636051799022242
3782.28813,1000,913.394348,1000.0,2439.2624838131446,394.6643470714109,399.4663628699065,-49.22923557162283,-76.74444838613276,-270.7620549735271,-19.074365541294252,-35.29495898139384,0.15593481754749822,3.1186963509499646
3798.109832,1000,915.243293,1000.0,2450.164628256217,394.846138548755,399.6545172922774,-48.24255148231982,-74.28197776228201,-272.75211784828673,-14.966159726199706,-36.312645527669666,0.34471791384454165,6.894358276890833
3789.681538,1000,917.120948,1000.0,2449.070897891924,394.75499606222655,399.2892203997311,-49.55123386979105,-76.2786606654524,-273.05458583515406,-19.91358914153119,-34.635506631155955,0.787866409102448,15.75732818204896
3795.56956,1000,919.006103,1000.0,2443.7478088807215,393.9752581728157,399.45091545755594,-48.11878488540653,-74.39436063691973,-265.0486650912258,-18.92614402490842,-35.11646779280727,-0.1113559023913608,-2.227118047827216
3793.854424,1000,920.890893,1000.0,2446.8652407783998,395.01089838617946,399.50366645996877,-49.27558075785635,-75.85570853799581,-269.0348756609058,-17.663145703875497,-35.69607057185439,0.08234952484108479,1.646990496821696
3789.382518,1000,922.777018,1000.0,2445.9039150451285,393.91556406322485,399.3406377748651,-48.1039882439375,-75.80485056936743,-270.0219168850165,-19.95675019730995,-35.89009327350291,-0.017938845792873324,-0.35877691585746646
3805.921118,1000,924.662147,1000.0,2449.6146293031334,394.9150789250766,399.62480919469937,-47.677599649429304,-72.84360141977675,-267.30365787463955,-16.339365760439325,-34.06917468559927,0.14496706323665867,2.8993412647331733
3795.871387,1000,926.538057,1000.0,2444.417813974132,394.48852278840576,398.98766934430984,-47.0178018712997,-73.82471218332641,-268.15154560208134,-18.82651521201288,-34.20204433547522,0.7053357006736547,14.106714013473095
3788.223693,1000,932.229913,1000.0,2439.1082382507707,395.3426247449633,399.65235417129816,-47.70824325561531,-74.51407962292441,-270.20116976512855,-18.511112667981678,-34.94491882395074,0.2692561270518702,5.385122541037404
3796.801321,1000,934.077679,1000.0,2441.4052243724323,394.95080734640726,399.5835492990244,-47.04098939716816,-73.65691301971661,-266.32409039221847,-17.137681796590826,-34.978585401722945,0.21512623467216935,4.302524693443387
3797.539703,1000,935.963414,1000.0,2442.6334088535746,395.11141632801287,399.8141385863525,-46.80563667416572,-70.83565931394688,-270.1589864839465,-16.93554543333004,-35.2834332030652,0.2625622264080844,5.251244528161688
3796.147269,1000,937.812329,1000.0,2450.478927697077,395.0942589783159,399.2113901257798,-47.62398036003104,-73.14076614603408,-274.3521814773926,-18.859253763784725,-34.6611265150165,0.30007316956819474,6.001463391363894
3806.309823,1000,939.675767,1000.0,2445.191223319208,394.3077630631728,399.8059493192245,-45.893098334074075,-71.45972572118043,-263.7284048018401,-16.585551570268304,-35.328332244900686,0.34919102607937674,6.983820521587535
3798.984654,1000,941.564615,1000.0,2450.3756144749714,395.03160014103696,399.6890607728623,-47.42299239158632,-73.82749296724796,-271.8898254606243,-18.399962133903127,-34.57134809765438,0.2705804664306391,5.411609328612782
3802.90529,1000,943.444287,1000.0,2451.002846239148,395.4582277395073,399.7058258711667,-47.34246723115442,-72.21835258007046,-271.0029262088495,-18.52321233787248,-34.17465175475667,0.09100970978958675,1.8201941957917351
3790.11681,1000,945.325506,1000.0,2437.9969100441413,395.3987759939526,399.73312250147495,-47.78719821095468,-74.32183244749906,-269.39922527508406,-16.33245787426732,-35.17128513216369,-0.29957798244149986,-5.991559648829997
3801.543688,1000,947.217658,1000.0,2447.789003587015,395.2176088405265,399.83499593099,-46.65355826020239,-71.18163140490647,-273.47606137512537,-15.186668284038719,-34.80000084560324,-0.18283693115828392,-3.6567386231656784
3802.665541,1000,949.116379,1000.0,2445.44393183267,394.829021258243,399.7772436499726,-47.14970246434211,-72.05139949619766,-264.97094164783795,-18.024825784901473,-35.18778623933301,-0.05014031911944524,-1.0028063823889048
3806.588976,1000,950.975444,1000.0,2451.1370745023864,395.69750665447253,399.91626189905054,-46.24633187890046,-70.00745157003412,-272.3079229488662,-16.858102040957935,-34.74205879115347,0.19322417322314456,3.864483464462891
3806.75335,1000,952.835312,1000.0,2446.0478694420144,395.1192769670168,399.67844519712895,-45.94214983582505,-70.42930761799214,-268.77792101448404,-16.045153214753775,-32.89770986383443,-0.06392718779006372,-1.2785437558012744
3806.933357,1000,954.695603,1000.0,2447.105916049729,395.4264429124926,399.6016709427093,-46.11554299056528,-69.3031333625316,-268.26817025539816,-16.73657819379613,-34.7772476426465,-0.01310877849417566,-0.2621755698835132
3799.940249,1000,956.565722,1000.0,2437.9167841853587,395.38116280986327,399.7380924168832,-46.687259720563965,-69.02850493192659,-268.5447251802925,-15.60273075818372,-33.23256949059792,0.21416166678802573,4.283233335760515
3803.54771,1000,958.432276,1000.0,2444.1599683491286,395.0170587503208,399.70767881199106,-47.53670605957502,-70.06541145741942,-267.2788038787437,-16.603647333304146,-33.85242732462858,-0.0018497509808142738,-0.03699501961628548
3809.777697,1000,960.188219,1000.0,2447.6492369611624,395.3736416052244,399.9025205456528,-45.79143805623058,-68.36155037134894,-269.9152808349602,-15.144178395738818,-33.935254367199484,-0.02520519894506313,-0.5041039789012626
3809.846012,1000,962.062614,1000.0,2449.7414283227686,395.4164843369044,399.8535062189542,-45.39225188255311,-69.72997716739773,-271.2223036838032,-16.074789777722746,-32.74608424182744,0.00556293424441745,0.111258684888349
3811.376605,1000,963.915395,1000.0,2454.557600893499,396.0862451042799,399.8400878230677,-45.83404937624936,-68.26495328247536,-275.8130675328396,-16.839869938183227,-32.355388512042296,0.1335679886878462,2.671359773756924
3810.091403,1000,965.768085,1000.0,2445.087108966082,395.4415680234615,399.83705184366397,-45.38716276645665,-67.69963987171647,-268.6251593506292,-15.474030049280039,-33.088333936250564,-0.11080265405091287,-2.2160530810182575
3810.323138,1000,967.63476,1000.0,2452.015938297904,395.6332303822984,399.8995044548184,-45.72784803509711,-67.48361448347563,-275.6631082357092,-15.878551974917466,-32.472412693072705,-0.04403936673968128,-0.8807873347936256
3810.747334,1000,969.537769,1000.0,2455.15573712543,395.45326373868505,399.83874889457456,-45.76837836742404,-69.36608627811073,-274.12404809956195,-17.158673317201547,-33.28322992999804,0.024184286292267255,0.4836857258453451
3813.617145,1000,975.181772,1000.0,2453.391733996309,394.67013263903937,399.7674059918749,-44.83995249867445,-66.45117134004838,-273.94607925482154,-16.421334724212926,-32.55358959913864,1.9596341640776413e-05,0.00039192683281552825
3807.703531,1000,977.0236,1000.0,2442.156279565884,395.0665222193701,399.75385007966275,-45.585110490918154,-67.42771733328705,-268.68392000285263,-15.584746555454975,-31.991626623871824,-0.08094397168018477,-1.6188794336036954
3816.917718,1000,978.874588,1000.0,2448.7443637901183,395.69600586167996,399.87571115459946,-44.49180256366729,-65.62445824146269,-270.3577364309465,-16.22725716072744,-30.69710795283306,0.015070570665124086,0.3014114133024817
3814.706248,1000,980.732574,1000.0,2453.5770560979095,395.5587547581111,399.7239785027959,-46.15926248252395,-67.19268511831767,-271.0311103652212,-17.170933478601874,-32.599550290297145,-0.31585307622458897,-6.31706152449178
3816.514862,1000,982.622489,1000.0,2446.3599088974743,395.57124184853,399.77377339385725,-44.76265360116961,-65.74756666868934,-268.33998339363404,-14.64600208815804,-31.69385630172216,-0.2072898436504514,-4.1457968730090275
3811.507219,1000,984.470119,1000.0,2448.7056364165,394.63495674629974,399.69605110273926,-46.01078602075571,-65.21250494867567,-270.7355391908517,-18.009672294223183,-31.560922397402273,0.09766887985804351,1.9533775971608702
3812.937311,1000,986.305688,1000.0,2442.3506831872064,395.0222428061228,399.30656595920044,-44.229034594893406,-64.74461674317727,-266.66177332476946,-17.081919393988933,-31.02483705432544,-0.024723961759455522,-0.49447923518911047
3818.630028,1000,988.199358,1000.0,2450.8087075582775,395.2056256933817,399.6900432154934,-44.814931435584974,-64.92571885436774,-271.95137590479,-14.481513816654669,-30.90080848042581,0.22300418999240051,4.46008379984801
3817.602266,1000,990.067055,1000.0,2445.1479016810367,394.2979040847029,399.4683662155005,-44.25413952708244,-64.57196180745953,-265.3500216068533,-16.643641737773176,-30.492141100993646,0.22707835641948476,4.541567128389695
3820.700609,1000,991.916266,1000.0,2447.8092608354978,394.6937797071632,399.84819159035135,-43.7586043274402,-63.32762861549853,-269.1458453810713,-14.04578666305022,-31.372758299768947,-0.041737495635982766,-0.8347499127196554
3822.310667,1000,993.763843,1000.0,2453.027378840774,395.73546885325067,399.82062952056316,-44.54044950604433,-64.52662535309796,-270.2156114433362,-15.673070303165272,-31.31705341918688,-0.1202726000865532,-2.405452001731064
3823.675656,1000,995.643287,1000.0,2451.8717183682656,395.18267292476077,399.82703739462784,-44.64849051117892,-63.0611394532025,-270.1795242570703,-14.10808876705053,-31.20853004054419,-0.08795088803532851,-1.7590177607065702
3819.557192,1000,997.585922,1000.0,2446.9948827863486,395.65161836538783,399.922410205456,-44.158081219196276,-62.27636306732894,-271.7796697805102,-14.528715426735147,-30.268890258639,-0.0025364484112474737,-0.050728968224949475
3826.442959,1000,999.433142,1000.0,2454.2616530802206,395.2714015847053,399.6489379332221,-44.08067991018295,-62.655565357208204,-272.0141874670724,-13.042209859375173,-30.946391104000497,0.10532627362006346,2.106525472401269
3828.472865,1000,1001.317025,1000.0,2456.0032211365933,395.596010488524,399.8542946544945,-44.7742295849323,-63.13283989503965,-271.293424902104,-13.721711257494938,-30.058455210636957,-0.055641518636001995,-1.11283037272004
3824.364897,1000,1003.197738,1000.0,2450.0343652788406,395.1894123128201,399.78090420823156,-43.9479543483258,-63.70944565162058,-267.7697597952514,-15.433141970561813,-29.77948346966811,0.027866101520334762,0.5573220304066953
3826.512535,1000,1005.119906,1000.0,2447.723051373403,395.71919737783224,399.9346370804846,-43.20162846446039,-62.72070739418273,-267.74652729187613,-12.994703324135934,-30.20078425213041,-0.04303600009135541,-0.8607200018271082
3826.09979,1000,1006.983094,1000.0,2446.3853046979634,395.3566368347754,399.87055356178126,-43.228599230051046,-64.15934142768386,-264.44540085633867,-14.128369602210654,-29.550994270475023,-0.10647624757215235,-2.129524951443047
3823.133666,1000,1008.852628,1000.0,2442.341468649573,395.35976668605844,399.86787283783144,-43.555714994668946,-63.361633048951646,-263.45681906188446,-14.551909383197225,-29.509365188580922,-0.22140827458728124,-4.428165491745625
3834.203928,1000,1010.717123,1000.0,2453.954223878439,394.89091705709103,399.8262308082127,-42.7837854635715,-62.11288014873855,-264.92610831554873,-15.465462201135491,-29.17920767192774,-0.06842322198149273,-1.3684644396298544
3827.47751,1000,1012.611026,1000.0,2445.2408942458846,394.4419442825809,399.83608762994845,-43.65406166434285,-62.20379201993343,-262.4282729385316,-14.454524147040996,-29.3007656969398,0.032749275402981046,0.654985508059621
3821.097444,1000,1018.3261,1000.0,2440.784385921255,394.58965011491455,399.7805556924869,-43.409392135143314,-62.04098331928245,-262.2773217313041,-16.18915895967248,-30.140291151748123,0.04197716190204173,0.8395432380408346
3829.20424,1000,1020.201053,1000.0,2446.405191669247,395.37185014381083,399.880168254654,-42.936530673503896,-61.09240923151379,-264.8700999000025,-14.507843086329988,-29.04608678447461,0.05399817769673678,1.0799635539347356
3835.818349,1000,1022.095762,1000.0,2451.1124906983723,394.95317486848717,399.77185672305694,-42.510052741765946,-59.91786695942277,-265.93294994428817,-13.95213257017435,-27.70617057862093,0.26602397363073715,5.3204794726147435
3825.212725,1000,1023.952768,1000.0,2447.8755383075263,394.8056522865933,398.9806009865522,-43.626522589921926,-62.17345649898059,-267.346601015391,-13.815277273937731,-29.487209297181213,0.1589473724746827,3.1789474494936543
3825.927692,1000,1025.775067,1000.0,2441.665438388259,394.13489005028714,399.58902365144576,-43.204241433739696,-60.73667422831054,-260.97755482423435,-15.52543308237192,-29.017756126231646,0.6729972288692899,13.459944577385798
3834.044153,1000,1027.643888,1000.0,2445.4883518817983,394.88842831041336,399.8143407680259,-42.073852933645234,-59.29115365967163,-261.80057559425666,-14.242789835627939,-28.738595593328085,0.18857057256084206,3.7714114512168413
3826.472944,1000,1029.539929,1000.0,2445.2786559024057,394.97181269186717,399.6070275313686,-43.15671397268769,-60.66004772335289,-263.84444931551474,-16.395402535213986,-29.327938714149955,0.24389026047488752,4.87780520949775
3826.763514,1000,1031.401161,1000.0,2439.7378454226646,395.15660019502997,399.75954728608747,-42.04301239848133,-59.8835212826729,-263.989990994485,-13.61718933873435,-28.356764453257448,0.40302721226884575,8.060544245376915
3841.983283,1000,1033.265545,1000.0,2448.796234732237,395.22546274648454,399.80345619401425,-40.539545720815624,-59.036965998262154,-262.12015452323834,-12.853728643966337,-27.29147612347779,0.04268996281281641,0.8537992562563282
3827.206935,1000,1035.163773,1000.0,2436.9928296215053,395.3984429860584,399.7931064716984,-42.58439614057539,-60.604340214282225,-259.0066310126245,-14.191347992533016,-28.59072867533824,0.04130290480665532,0.8260580961331064
3837.462699,1000,1037.007043,1000.0,2446.849733993196,395.410485454219,399.73929819433516,-41.97383636176589,-59.61607290804375,-262.4523553920829,-13.229918032368063,-27.264636131756287,0.35083441607441007,7.016688321488202
3835.368108,1000,1038.881601,1000.0,2443.673383669584,395.68002499849894,399.86383334555165,-41.25158817648889,-58.9620559528469,-263.3990037173145,-12.954532390160272,-27.281953561432147,-0.21315491021599872,-4.2630982043199745
3840.090549,1000,1040.750806,1000.0,2451.571419703667,395.5290793610117,399.6802118226496,-41.49949549794195,-58.81141967698927,-264.4703874795943,-13.831252388437573,-28.077607141989972,-0.007816503502704665,-0.1563300700540933
3835.071791,1000,1042.598005,1000.0,2443.4139457371266,395.71121010284224,399.7061255634151,-40.89762931942941,-59.00797042772167,-262.04891920675425,-13.639127004070938,-28.165844002676657,-0.09237086233751318,-1.8474172467502636
3832.41657,1000,1044.4753,1000.0,2444.3571205838234,395.77535940268336,399.8465627127954,-41.293954497575754,-60.55076946690677,-263.56235802266247,-14.218664093298024,-27.936727067982982,0.09988813762906154,1.997762752581231
3839.294745,1000,1046.231263,1000.0,2449.1339027251925,395.14784455469675,399.83781720502276,-41.008177371621144,-58.036613266169994,-264.4578013825984,-13.574187932232386,-27.74803934808175,-0.07768544013491216,-1.553708802698243
3843.593945,1000,1048.144951,1000.0,2452.0418996074413,395.24028784017156,399.8106046492522,-40.65724169373509,-57.329279258474756,-264.4588046608776,-13.262486778867006,-27.79103501059322,0.020283878476165716,0.4056775695233143
3844.237629,1000,1050.035754,1000.0,2448.4521031944637,395.0365512327546,399.94556771776837,-40.597809309363356,-57.05705974921586,-261.5484979119827,-12.327377012746974,-27.665848764282966,0.13445437584074474,2.6890875168148947
3840.207365,1000,1051.976848,1000.0,2449.113579962984,394.84826881833476,399.84885983264735,-41.71212929487231,-57.16572360917915,-263.20349100261586,-13.647947332155374,-27.874052385328653,0.19217881482699556,3.8435762965399114
3845.353586,1000,1053.883036,1000.0,2453.9178461543693,395.3688511072688,399.85822329720656,-40.43839197933678,-56.63192946016795,-266.15350517091525,-12.530859135672939,-28.036649059814657,0.07629557745933264,1.5259115491866528
3846.771172,1000,1055.764456,1000.0,2453.8442472587885,395.4362570917736,399.8398201932354,-40.72370024085047,-56.24784880578515,-265.4597857058439,-11.465159226647337,-28.4526587043801,-0.0748027848103153,-1.496055696206306
3834.484999,1000,1061.401581,1000.0,2440.6765369746686,395.76521008673785,399.86375672030715,-41.0720383048058,-56.04050097092984,-264.6373612805158,-12.303333937883648,-27.767270248703618,-0.08959152150577054,-1.7918304301154109
3834.952597,1000,1063.288973,1000.0,2441.1545887954026,395.5882951712447,399.30178233976903,-41.40488401949405,-56.42123048231014,-262.5599659090601,-12.83510802874564,-27.870881147054384,0.2359606385429657,4.719212770859314
3847.827879,1000,1065.179233,1000.0,2451.1691052328565,395.1262802440411,399.96535578422896,-40.143573930263514,-55.542063121497605,-263.57744819085735,-11.842009951348992,-27.3277668504342,-0.08011379175090586,-1.602275835018117
3846.555926,1000,1067.058614,1000.0,2454.35904020808,395.92547542298087,399.8068898708128,-41.13540968894961,-54.870819880813336,-268.34285373762606,-12.236937789884454,-26.949458688920252,-0.12451120466755079,-2.490224093351016
3848.375875,1000,1068.927387,1000.0,2453.7437398372354,395.489494672627,399.92374315830546,-40.05115487337109,-54.758380901068485,-266.85302708930095,-11.834798222890056,-27.28374200439472,-0.15129751316328427,-3.0259502632656856
3847.918569,1000,1070.882235,1000.0,2452.6997738694654,395.8840430484088,399.9384604950396,-39.91966784834865,-54.10463789105413,-267.7102036801119,-11.729232954690943,-27.139966375115915,0.01467247262483724,0.2934494524967448
3847.191967,1000,1072.780524,1000.0,2451.6539169826297,395.41000518185825,399.87100969195745,-39.783843979835524,-53.53132080659276,-266.59927636688604,-11.888170228584501,-27.940353759398448,-0.16674808910403002,-3.3349617820806006
3849.113419,1000,1074.726676,1000.0,2453.487979088779,395.5638491218015,399.85185961616156,-40.197816410064746,-54.073373170197094,-266.8114823093175,-10.613240440149417,-28.09435672539675,0.1686393843500576,3.3727876870011517
3852.337616,1000,1076.614997,1000.0,2456.0021575587075,396.0123424729937,399.91095074584206,-40.38842476606372,-52.214217109233154,-267.60149872068985,-11.427485919925122,-27.956207993643826,-0.10990406217787481,-2.198081243557496
3849.231073,1000,1078.50105,1000.0,2451.9872228472627,395.4591998172016,399.8007847317786,-39.71302169263363,-53.152123580127984,-266.49575442991414,-10.866119612971726,-27.789114927053497,-0.08494418489488793,-1.6988836978977586
3844.016713,1000,1080.436406,1000.0,2444.251064717737,394.278101991956,399.41303836095346,-40.28710537552834,-54.18279329612856,-260.2103119100265,-12.224917893028781,-27.020363152325256,0.36092293928639807,7.218458785727962
3848.931774,1000,1082.34659,1000.0,2448.4795657679265,395.5746216708607,399.89867628462605,-39.372555929422404,-53.03465846627949,-262.5170550454132,-12.572555940751059,-27.52426412560637,0.11000280381337524,2.2000560762675048
3843.680445,1000,1084.244968,1000.0,2440.9976946400197,395.1064208036233,399.5923383219317,-39.514765739440925,-52.526097626239064,-261.33207688614823,-11.244792738197841,-27.39827569449859,0.23937490171712822,4.787498034342565
3855.731087,1000,1086.168043,1000.0,2453.2365861359685,396.0691989118121,399.93612347757886,-38.68002640545364,-51.49327102005483,-265.60486727467287,-11.440561036242585,-26.292095343137476,0.0392593296277698,0.7851865925553959
3854.830257,1000,1088.059189,1000.0,2450.212727683815,395.2372809074336,399.7372327473431,-39.33846152484417,-51.907827880978616,-261.23512842470507,-10.65771677021314,-27.217849378312128,0.45632614318404274,9.126522863680854
3858.069678,1000,1089.981879,1000.0,2454.886840664511,395.4255336508513,399.55088841122495,-39.319275503158536,-50.507836181670434,-263.97546280828686,-11.474843047908749,-26.516167254250504,0.2152854954063505,4.30570990812701
3861.123651,1000,1091.876345,1000.0,2457.9977615502994,395.29011080731493,399.77752040669606,-39.53585185647008,-50.64100086689001,-264.22338490712906,-10.705236599213865,-26.8362679263635,0.7008070666912809,14.016141333825617
3858.581001,1000,1093.986345,1000.0,2454.9163373760607,395.1215855206504,399.58260169253623,-38.5489990544319,-51.52219775021077,-264.7092112518491,-9.944769205398304,-26.31434631122583,0.20243725181657574,4.048745036331515
3860.26598,1000,1096.085924,1000.0,2454.3982775600716,395.41720883958965,399.93890762287276,-38.780254118442514,-51.01704630628237,-263.1397067220786,-11.176072487558995,-25.3753342273361,0.19442125467854166,3.888425093570833
3850.68693,1000,1098.303555,1000.0,2448.376212051379,395.7153841609535,399.9856529302753,-39.80678639173508,-50.8938457265496,-264.2833967753881,-11.54584361689325,-26.86044710486325,0.09148222367197371,1.8296444734394743
3856.669575,1000,1100.485772,1000.0,2456.7071409703963,395.1841697008831,399.4930489304594,-40.36985676467416,-51.324049782753015,-264.8833438658199,-11.33098211898611,-26.806552488787304,0.08899156426087812,1.7798312852175624
3853.205479,1000,1106.654431,1000.0,2447.6276539060104,394.95929318619034,399.6196331814251,-39.499291271567344,-50.35225199162962,-260.45249715198696,-11.787839066960615,-26.909221377039557,0.030026718736947566,0.6005343747389513
3858.392705,1000,1108.802672,1000.0,2454.488946383831,395.6761983263258,399.69373773551024,-38.83957527101043,-49.457519861310686,-267.11463081558765,-9.449002726811422,-26.605448932550942,0.37459917626006545,7.4919835252013085
3861.476714,1000,1110.949491,1000.0,2454.912020490046,395.20025699811214,399.8854791582096,-39.249444276094465,-48.81959342285985,-263.9629617343403,-10.100477715836949,-26.388565983115626,0.17712086949561237,3.5424173899122473
3859.162063,1000,1113.073429,1000.0,2456.929600586772,395.05468167705953,399.6729292239137,-39.32727518439295,-49.94979973286381,-266.6737269077676,-10.432768841758156,-26.111578209589442,0.4568542196526958,9.137084393053916
3858.206538,1000,1115.271739,1000.0,2450.217061638052,395.5076777391691,399.92205590494143,-39.006582816839234,-49.22393158301713,-262.7932357596365,-10.695857985201886,-25.720649565308616,0.43387455051557244,8.67749101031145
3865.060971,1000,1117.460768,1000.0,2455.755508341802,395.70640621619566,399.89101268127564,-38.750985143780746,-47.288133186101845,-264.91312697161436,-9.136614897053857,-26.20309578023082,0.3807408517387153,7.614817034774306
3867.381725,1000,1119.501416,1000.0,2463.072560976718,395.9076937078021,399.9255226275215,-38.51898633360859,-48.75683869570496,-268.3829384731593,-9.420848985413299,-26.444439568190997,0.1691335577347545,3.38267115469509
3865.147551,1000,1121.447659,1000.0,2455.593812713649,394.7903445251141,399.81050500113287,-39.005091577172244,-47.77034465000037,-262.57061082553685,-9.466990413116005,-26.234073452638906,0.23306499857573834,4.661299971514767
3858.520825,1000,1123.381871,1000.0,2451.101981332489,394.6494293127146,399.7949357765569,-38.3276277011633,-48.030913525819805,-262.8983480295337,-11.373667376609216,-26.394964663452562,0.5086513186567034,10.17302637313407
3864.817023,1000,1126.338202,1000.0,2455.660723598375,394.24425460622376,399.84171640064005,-38.51693328142166,-47.681453947722886,-262.8736679018094,-10.520274928188295,-25.33734109590518,0.9630837275002675,19.26167455000535
3863.778493,1000,1128.29288,1000.0,2458.14723766934,395.02643104066254,399.8501759589501,-39.16698367118833,-48.560684103891234,-264.5389626739776,-10.445081194213289,-26.533639870471188,0.6043034446840765,12.08606889368153
3865.185965,1000,1130.221319,1000.0,2457.6791558586997,395.07934866607184,399.8266255087536,-39.16988397002221,-47.60280933529139,-264.069022875879,-10.357190242211649,-26.20025873626792,0.7797237917688691,15.59447583537738
3869.018747,1000,1132.240181,1000.0,2456.6512602740722,395.4608673455148,399.97196751034585,-38.26568697094917,-46.66984343677765,-263.59115498104,-8.97175636107228,-25.566905989160414,0.43173012615350287,8.634602523070058
3864.647025,1000,1134.339732,1000.0,2457.436260976821,395.1895206756422,399.7200091699857,-38.74475845932965,-46.55706302970647,-266.66882818737616,-9.641728733009298,-26.08638751103143,0.6832589098116809,13.665178196233619
3862.936058,1000,1136.317994,1000.0,2453.798153550885,394.86066970578,399.74242657310026,-38.76509742617605,-46.66420613899829,-263.9664830371138,-10.971643601647239,-25.097761588470657,0.7460184208134014,14.920368416268028
3863.562966,1000,1138.305412,1000.0,2453.6415680702808,395.27337567736276,399.7876727279503,-38.94199281573296,-46.90293320268397,-263.74917587758137,-10.29040394591776,-25.255145070395898,0.652960784041748,13.059215680834958
3863.407711,1000,1140.173699,1000.0,2450.1229074520097,395.3564941213557,399.85267373196154,-38.579344809055335,-47.123646315187266,-261.65751003571364,-8.734696697548195,-25.82916598591745,0.5738424336313361,11.476848672626723
3868.961126,1000,1142.069693,1000.0,2457.77316610496,395.33126358497356,399.79509536052444,-38.25410885691642,-46.43023480996488,-264.095052510236,-9.318359572656625,-25.840642941183695,0.6067557658457456,12.135115316914913
3864.50426,1000,1143.976513,1000.0,2450.6596266547203,395.29598170144317,399.9279248994788,-38.39215072989471,-46.61071346327659,-261.93721473069047,-9.109199769961307,-25.32999490453745,0.03922647201375808,0.7845294402751617
3866.831809,1000,1145.878441,1000.0,2458.381208026,395.4075035808635,399.75886559914704,-38.37108155250554,-46.26804693490265,-266.02739703599536,-10.120137495407857,-25.929104900559565,0.3812149252731064,7.624298505462129
3863.307701,1000,1147.777205,1000.0,2457.263138779766,395.6745823486291,399.7369659912785,-38.07679927468298,-45.46205598935483,-268.83508808533037,-10.73400477384778,-26.25903773288993,0.5077807140539818,10.155614281079638
3872.749479,1000,1153.463096,1000.0,2460.183947192515,395.30021600528636,399.86386709059815,-38.10471935033796,-46.018929503113085,-263.60400233914794,-9.779680760623059,-25.091219178059898,0.019267892908433885,0.38535785816867774
3866.182811,1000,1155.396012,1000.0,2455.40696490014,395.54284271174873,399.92152020707135,-38.52175615847108,-46.305692106485324,-265.6414247088558,-9.127683476731143,-25.091960419135507,0.453563256396328,9.07126512792656
3869.967685,1000,1157.281385,1000.0,2457.349106295214,395.20702409447676,399.8681479718497,-37.9774751555919,-44.844923698157075,-264.4803593480887,-9.27575034988788,-25.878084619781166,0.5951710343240998,11.903420686481995
3868.461714,1000,1159.164522,1000.0,2459.3648742465,395.5832054181361,399.82098143611904,-37.83312443733215,-46.058551477454635,-266.568745491178,-9.794156515797857,-26.05276928375511,0.15656703375147168,3.1313406750294335
3873.997801,1000,1161.043485,1000.0,2466.405637401213,395.3005964487833,399.7924097214932,-37.57368543624879,-45.38631154149772,-269.34048631035876,-9.333989004262472,-25.86637007234587,0.19597734897630134,3.919546979526027
3870.753303,1000,1162.925148,1000.0,2458.2899360547585,395.33557648154243,399.8952839433316,-38.14501260161397,-44.60800850577652,-266.21186124386634,-8.594318706639656,-25.208292890231895,-0.04896292414211145,-0.979258482842229
3871.277346,1000,1164.852988,1000.0,2458.315943392921,395.51606764951936,399.8976787884579,-37.476741659045175,-43.99804900884628,-267.06971456204343,-9.181655143911645,-24.726183204321554,-0.09301864659029604,-1.860372931805921
3868.205765,1000,1166.754103,1000.0,2452.2290126887574,395.12806661573933,399.8788413680631,-37.314935811758,-44.34347666054962,-261.9102829226278,-9.79766297524978,-25.663797207356193,-0.03594886501600058,-0.7189773003200116
3875.699362,1000,1168.671055,1000.0,2463.3055864705307,395.46319831027535,399.6757181241499,-37.214288842678094,-43.425446575134984,-267.4449068380766,-9.176882438589589,-25.48361595738694,0.19693041520115884,3.9386083040231767
3875.391025,1000,1170.535667,1000.0,2462.7700182048825,395.4413945525522,399.7214809278883,-38.20332566678519,-44.81586782932278,-265.83901734260115,-8.200516794925848,-25.483141057102358,0.10151594952691465,2.030318990538293
3872.365462,1000,1172.410789,1000.0,2456.3352412484537,395.2421956306123,399.80241432159676,-36.60860355317596,-43.081617155671104,-264.20428442556374,-9.281564493001564,-25.838320003195214,-0.034395786986275725,-0.6879157397255146
3871.876399,1000,1174.28414,1000.0,2454.337823904318,395.20367736540095,399.6819097283561,-37.52974003314973,-43.66694982126353,-261.578125717162,-9.475059100243426,-25.09713760485615,-0.06949169249768294,-1.3898338499536589
3873.496073,1000,1176.161196,1000.0,2455.8868464927314,395.36129601441814,399.8818277739107,-37.89074168205263,-42.581018181145204,-263.7043369583313,-8.58549915282556,-24.87230166652224,0.0064123426936635464,0.12824685387327092
3875.499976,1000,1178.052279,1000.0,2460.086344367161,395.6016559253906,399.92477994193905,-37.17959395110606,-43.6259170539677,-264.3843439743338,-9.811275630186605,-25.111673598583938,-0.22851690225976773,-4.570338045195355
3877.415859,1000,1179.946454,1000.0,2460.732057899685,395.06067023466096,399.96751411480614,-36.83934405863286,-42.59585865773261,-265.46267057508487,-8.56596996433392,-24.880539764993614,-0.04288515951193922,-0.8577031902387844
3876.762187,1000,1181.83253,1000.0,2458.455214560319,395.27290311175466,399.6843966025201,-36.9534825259447,-41.6699269197881,-265.031915611576,-8.318831666413711,-24.676170377641455,0.3054280612347949,6.108561224695897
3873.792643,1000,1183.810016,1000.0,2456.2933010903093,395.6264100489574,399.9783116161883,-36.98281256735325,-41.870068167895035,-265.49586701574754,-9.007518085084463,-24.749113801285194,0.18121344442908113,3.6242688885816228
3874.874824,1000,1185.707363,1000.0,2457.3987619106415,395.2972076091001,399.86560666415426,-36.7205904078483,-42.226835213601554,-264.21266891959715,-9.764884281547957,-24.761773151018534,0.08313826505623848,1.6627653011247694
3879.828046,1000,1187.593164,1000.0,2460.585209443681,395.79809872089805,399.9370147789885,-35.91674413442608,-40.90916079059243,-266.41462788886264,-8.867960546164738,-24.383783108721722,-0.09191562512037219,-1.8383125024074436
3881.13192,1000,1189.514212,1000.0,2462.0652485946175,395.50306827432115,399.9671636903565,-36.46299180746075,-42.182858145237,-265.01148418269264,-8.490993367948937,-24.25523269132983,0.4930994516385091,9.861989032770182
3880.632682,1000,1195.217674,1000.0,2459.569541898765,395.8184040197367,399.92503664169004,-36.118682507276525,-41.26808648481966,-264.18954635450535,-8.186216967343746,-24.91776834632249,-0.10340678929182182,-2.068135785836436
3878.025904,1000,1197.125095,1000.0,2457.6505580689177,395.78496213586675,399.9608988353914,-36.5083290523291,-41.78461172729731,-263.4801021006115,-9.114722408226074,-24.482749445160593,-0.06582777826423136,-1.3165555652846272
3881.125163,1000,1199.077126,1000.0,2462.100355770746,395.903359486913,399.7900689469536,-36.09839690387252,-40.70987076275048,-266.4359832323007,-9.157242823431403,-24.26712786011834,-0.0015883507396539363,-0.031767014793078724
3880.76561,1000,1201.004269,1000.0,2461.8796536780123,395.4978199426654,399.2202940362832,-37.480276222228994,-41.30071145817642,-263.14959467558316,-8.759320623430494,-25.14225480166775,-0.02532257497978866,-0.5064514995957732
3873.840947,1000,1202.893924,1000.0,2450.016297895128,395.38966719358064,399.96826870604525,-36.34796311736114,-40.60157770551742,-260.8221162467815,-9.837482001399616,-23.92414742391758,0.25515898399588244,5.103179679917648
3882.403136,1000,1204.787884,1000.0,2461.163563746653,395.8733056179173,399.74340468161654,-36.26741258323185,-41.130198714137094,-263.78039008715757,-8.36200277513561,-24.837134033016987,-0.03092649966222084,-0.6185299932444168
3882.329756,1000,1206.65972,1000.0,2458.9366913331673,395.83090892625324,399.93286576859936,-35.75893854916099,-40.380351784452735,-263.0334862725503,-9.329067389587271,-23.868865694427374,0.6220197955273927,12.440395910547855
3879.789029,1000,1208.512476,1000.0,2454.3056626643765,395.87382698808875,399.9180396491377,-35.058009243011526,-39.615703435614705,-262.00861013519943,-8.681682517969001,-24.94449514094261,0.40312592755926974,8.062518551185395
3883.428708,1000,1210.393908,1000.0,2458.2467715884136,396.31460802510173,399.9613557512573,-36.05989781677726,-40.29444724321366,-262.27087710131997,-7.97033157999452,-24.498473398388064,0.03178988490529713,0.6357976981059427
3882.75386,1000,1212.289769,1000.0,2459.9622938026,396.23452405139665,399.94564538536025,-36.7126998329163,-40.399516657739795,-263.6730052160018,-8.201293781723805,-24.402087292230224,0.06630294234958656,1.3260588469917312
3881.687639,1000,1214.171253,1000.0,2454.8549005312725,395.8512684646331,399.8058880703012,-35.05865617871284,-39.9795066807419,-259.69257630537857,-9.56135102594632,-24.532327659466407,0.6592196366524787,13.184392733049574
3886.164744,1000,1216.037494,1000.0,2459.5668500371953,395.9147760834316,399.9401860999652,-35.57294790565969,-40.57326689735056,-259.94037318738407,-8.97968915016466,-24.190791344676764,0.36468665286139845,7.2937330572279695
3883.943532,1000,1217.899646,1000.0,2454.2300519355613,395.8271115821655,399.9044813143206,-35.45339231669905,-39.10516905039551,-260.09840361422,-7.606088868433631,-23.75505925639013,0.5109336180950084,10.218672361900166
3887.62915,1000,1219.788587,1000.0,2459.136197037876,396.30304253408923,399.9243969896358,-35.08686216652397,-39.94531079977752,-260.39234216350985,-8.054029126446293,-24.255942369693592,-0.010626138056693327,-0.21252276113386656
3885.207181,1000,1221.653996,1000.0,2455.9603507437528,396.2146604962539,399.97566361708067,-35.56344152927403,-40.020541377365625,-259.498462946009,-7.782893533102603,-24.07815469110049,0.5277643734679053,10.555287469358106
3889.165109,1000,1223.552653,1000.0,2463.8431075623553,396.42502786060334,399.97212897445036,-35.619039583802184,-40.35107433795926,-262.699554139346,-7.791473168403331,-24.61401457791588,0.3670312978683328,7.3406259573666555
3887.331237,1000,1225.431817,1000.0,2460.9461406579976,396.2985946730899,399.55375550989623,-35.27763517141343,-40.11298684403302,-261.08823629840856,-8.261241542337698,-24.727153631515726,0.36121124251544157,7.224224850308831
3886.856673,1000,1227.34163,1000.0,2456.283851761135,396.265982527834,399.78227342234646,-34.65513773500924,-39.40862013101581,-259.3214329727124,-7.985300584426966,-24.10494377478222,0.6575972569544181,13.151945139088362
3882.505755,1000,1229.1421,1000.0,2453.7483621909064,396.5693337725156,399.9822594246141,-35.82521266818046,-38.436941064521655,-262.309822374499,-7.6218116349703955,-23.600412592324048,0.22296002107368423,4.4592004214736845
3885.129601,1000,1231.054856,1000.0,2455.0496065761727,396.3295173472355,399.8036123809724,-35.12978899121286,-39.32794571965935,-260.792474423828,-7.53644617393121,-23.266480178086006,0.7042653022357899,14.085306044715797
3892.589678,1000,1232.915225,1000.0,2461.849813823588,396.40461307990915,399.8961985993615,-35.21097685217855,-38.39774176478386,-260.688293647405,-7.292273237196969,-23.971661585358007,0.6003535046990407,12.007070093980813
3893.526783,1000,1238.602214,1000.0,2461.3164113689386,395.97626337804286,399.9434488580172,-33.79772156596185,-38.34990706369278,-260.19161496831606,-7.9721889297450055,-23.39790791027496,0.4154042699695026,8.308085399390052
3888.136454,1000,1240.534173,1000.0,2458.935079014149,396.6307917101953,399.94044409538697,-35.3890128821135,-38.382177045196336,-262.2465371332104,-7.542762555677219,-23.80937149288659,0.1441615072073167,2.883230144146334
3893.328941,1000,1242.441165,1000.0,2461.1512060808186,396.23069855814765,399.87162441296323,-34.36156080663208,-37.299376186728466,-261.45604659055596,-7.508521540151283,-23.299082749361155,0.4219420333279693,8.438840666559386
3897.958151,1000,1244.346153,1000.0,2464.0503261215035,396.5147008483849,399.8305009874581,-33.629270716905644,-38.67528992518781,-259.58524114587556,-7.289802657512974,-23.25777293011304,0.31462302270446296,6.292460454089259
3895.538057,1000,1246.232878,1000.0,2461.840345264778,396.39865759115685,399.9168421058847,-33.81788704514506,-37.58034811019893,-260.81757113185597,-7.177622776707448,-23.224359223033108,-0.03780027785606495,-0.7560055571212989
3890.939291,1000,1248.133425,1000.0,2456.860550831337,396.2534624052412,399.9613742517671,-33.979223859012095,-36.897300179675206,-260.51060296343195,-7.404171946977704,-23.34479730928837,0.3894996173927228,7.789992347854456
3900.443533,1000,1250.032217,1000.0,2464.66179221053,395.95325085154684,399.8717174715734,-32.61626638948921,-36.86207606568931,-260.5102577782033,-7.10106092626561,-22.95356657383439,0.6615815609010331,13.231631218020663
3892.752605,1000,1251.927186,1000.0,2456.2308383538575,396.0882091125434,399.96026111862255,-33.808476182222385,-36.771470388025094,-258.321786405336,-7.710746457672871,-22.91422442164619,0.1775817737695941,3.551635475391882
3889.601073,1000,1253.831269,1000.0,2454.534166533431,396.2234858190653,399.97210018952046,-33.3517746436596,-36.36251482404765,-260.05794027318046,-8.508629276110398,-22.847820910820086,0.08309244007228161,1.6618488014456323
3898.139883,1000,1255.755064,1000.0,2459.6953776946775,395.8825997172333,399.996066545797,-33.176914749443505,-36.21330001391463,-258.88085803319683,-6.582995963490536,-22.580092528624615,0.6505202360185189,13.010404720370378
3890.607771,1000,1257.657847,1000.0,2450.2686027475215,395.7004826414957,399.7812904413623,-33.30215349376199,-36.5591460295021,-255.16178040919198,-7.311592392488856,-22.80793224784037,0.9560855315335453,19.121710630670904
3892.951016,1000,1259.570317,1000.0,2459.821738650676,396.0616672270167,399.9772450553047,-34.25687993526456,-36.61192677728834,-262.0186512897576,-6.841747829761702,-23.180429276695495,0.6416834233297147,12.833668466594295
3896.293367,1000,1261.463588,1000.0,2461.209094676,396.11438832492763,399.8946790988277,-33.16044540047641,-35.46678557544949,-262.1163009957384,-7.16043940524161,-23.020823331921402,0.21857838116865,4.371567623373
3897.403967,1000,1263.390132,1000.0,2461.0918127078985,396.33163598703834,399.9372220228531,-33.35769031286242,-35.41994545683265,-261.7874513499741,-6.5905900935364095,-22.801026464111278,0.40130614463086456,8.026122892617291
3894.009007,1000,1265.306484,1000.0,2459.3379448434457,396.1357017815966,399.92899292189173,-33.45922357976431,-36.17799534983937,-261.9963575537006,-7.109472992110546,-22.6505832233462,0.14366369856512676,2.873273971302535
3896.543428,1000,1267.174467,1000.0,2459.1644700233796,396.2001245333294,399.9747008771093,-33.092798961400995,-36.09590117819607,-259.42484575685006,-7.063275877304628,-23.119045681699227,0.5191641435693014,10.383282871386028
3896.295728,1000,1269.035335,1000.0,2463.292058009186,396.1500377224564,399.89579565909287,-33.129625967145,-34.938167197257286,-263.9154145005281,-8.271940511250698,-22.7870157048093,0.20620164012630132,4.124032802526027
3896.642927,1000,1270.898158,1000.0,2456.6413566370934,396.2896713333811,399.9100323332901,-32.78296029448509,-35.247162829339494,-258.2135546962673,-7.1914454608983585,-22.76301000611396,0.004525611626027247,0.09051223252054494
3895.793365,1000,1272.768814,1000.0,2458.853485055615,396.2597990353275,399.9437925653685,-32.83490200519563,-35.591583953052755,-260.9986098313406,-6.696019658423516,-23.142596244634106,0.8137229420961913,16.274458841923828
3900.834074,1000,1274.674136,1000.0,2459.2795904573163,396.15296515881613,399.97669159250313,-33.15115057766437,-35.617674271389845,-256.7982831029091,-6.568917169851712,-22.439147739082312,0.6842927356689426,13.68585471337885
3902.508707,1000,1276.565759,1000.0,2461.9741570511387,396.15197103195635,399.9927998595032,-32.45022161424162,-34.758610823005434,-259.4321343095037,-6.454274246676075,-22.514980378442175,0.96906893432188,19.3813786864376
3898.140557,1000,1282.193653,1000.0,2458.901879713554,396.1618054529429,399.87803472852113,-33.18715950787072,-35.93177166469392,-257.28352195505755,-7.248543869266612,-23.150165842681947,0.012606734021080502,0.25213468042161
3899.022279,1000,1284.056192,1000.0,2458.828525729493,396.19249599202163,399.9675949071004,-32.852677052617096,-34.500561686977726,-259.70070533035823,-6.486581074863227,-22.425812006527593,0.28789621777157304,5.75792435543146
3898.649413,1000,1285.902778,1000.0,2458.38241607244,396.30246001048243,399.99624464540227,-33.30252249360083,-34.95625820253045,-259.8017056717636,-5.391331656942779,-22.579889956128486,0.6886180987379891,13.77236197475978
3898.905357,1000,1287.873533,1000.0,2458.01911368182,396.2549370357287,399.9173606431539,-32.882796285152445,-34.867313245683924,-258.35447829445906,-6.993531851592957,-22.18793430240827,0.716276065816629,14.32552131633258
