time/fps,time/time_elapsed,time/total_timesteps,rollout/ep_len_mean,time/episodes,rollout/ep_rew_mean,train/n_updates,train/actor_loss,train/ent_coef_loss,train/ent_coef,train/critic_loss,train/learning_rate,eval/mean_reward,eval/mean_ep_length
3456,0,340,60.25,4,-34.318231749999995,,,,,,,,
3461,0,570,57.625,8,-29.229552624999997,,,,,,,,
3537,0,800,59.416666666666664,12,-17.318452166666663,,,,,,,,
3560,0,1085,60.1875,16,-20.818748749999997,,,,,,,,
3590,0,1365,61.2,20,-20.498673899999996,,,,,,,,
3564,0,1585,60.583333333333336,24,-23.002877666666667,,,,,,,,
3556,0,1740,60.035714285714285,28,-22.96030775,,,,,,,,
3551,0,2005,59.5625,32,-25.896716562499996,,,,,,,,
3532,0,2305,60.44444444444444,36,-25.10067172222222,,,,,,,,
3525,0,2530,60.175,40,-25.065720125,,,,,,,,
3518,0,2740,59.72727272727273,44,-25.669090204545455,,,,,,,,
3509,0,2960,59.854166666666664,48,-26.92273858333333,,,,,,,,
3511,0,3215,59.65384615384615,52,-26.68943673076923,,,,,,,,
3504,0,3490,59.92857142857143,56,-26.365780767857142,,,,,,,,
3511,1,3745,59.65,60,-26.94954355,,,,,,,,
3533,1,4045,59.25,64,-27.7308465,,,,,,,,
3536,1,4135,60.161764705882355,68,-25.51548944117647,,,,,,,,
3532,1,4470,60.291666666666664,72,-24.85220475,,,,,,,,
3532,1,4725,60.42857142857143,76,-25.72650461038961,,,,,,,,
3538,1,4930,60.1625,80,-26.139786074999996,,,,,,,,
3533,1,5135,59.88095238095238,84,-26.2920331547619,,,,,,,,
3522,1,5350,59.72727272727273,88,-26.40040517045454,,,,,,,,
3527,1,5630,60.0,92,-25.685929358695653,,,,,,,,
3534,1,5865,59.770833333333336,96,-25.856412843749997,,,,,,,,
3528,1,6015,59.54,100,-26.174166089999993,,,,,,,,
3519,1,6310,59.51,104,-26.549357050000005,,,,,,,,
3521,1,6500,59.71,108,-25.33638,,,,,,,,
3523,1,6785,59.44,112,-26.036763929999996,,,,,,,,
3534,2,7075,59.23,116,-26.071901919999995,,,,,,,,
3546,2,7255,59.09,120,-27.072671419999995,,,,,,,,
3559,2,7430,58.89,124,-27.25169345,,,,,,,,
3573,2,7740,59.17,128,-27.518710860000002,,,,,,,,
3574,2,7995,59.53,132,-25.64939532,,,,,,,,
3575,2,8230,59.1,136,-26.417267940000002,,,,,,,,
3580,2,8475,58.97,140,-25.217755449999995,,,,,,,,
3584,2,8745,59.68,144,-23.511243840000002,,,,,,,,
3588,2,9005,59.52,148,-23.322866819999998,,,,,,,,
3589,2,9165,59.73,152,-23.524520759999994,,,,,,,,
3592,2,9400,59.37,156,-24.020704220000002,,,,,,,,
3593,2,9675,59.4,160,-23.30779906,,,,,,,,
3594,2,9790,59.65,164,-23.079123709999998,,,,,,,,
2811,3,10055,58.84,168,-25.333485139999997,50,-13.571348190307617,-0.2846014082431793,0.98597811460495,9.81677703857422,0.0003,,
1823,5,10300,58.37,172,-26.42271954,295,-19.898828125,-1.7663524389266967,0.9160640716552735,3.290986919403076,0.0003,,
1413,7,10515,58.16,176,-26.817502610000002,510,-24.39619598388672,-3.058618354797363,0.8588847398757935,3.8054205894470217,0.0003,,
1069,10,10835,58.48,180,-25.635764610000006,830,-30.974898910522462,-4.915467834472656,0.7806565880775451,3.1404081344604493,0.0003,,
957,11,10990,58.84,184,-25.045031700000003,985,-33.70977554321289,-5.780686664581299,0.745615553855896,2.806580066680908,0.0003,,
841,13,11220,58.68,188,-24.2238386,1215,-38.212258911132814,-7.055846881866455,0.6967372894287109,3.025575542449951,0.0003,,
752,15,11455,58.16,192,-24.867073289999997,1450,-41.605560302734375,-8.271966171264648,0.65032399892807,3.1300615787506105,0.0003,,
690,16,11665,58.2,196,-24.029125639999997,1660,-44.555946350097656,-9.391814422607421,0.6115692257881165,3.5611992359161375,0.0003,,
621,19,11935,58.19,200,-21.7982482,1930,-47.947924041748045,-10.801613426208496,0.5651720404624939,3.8458684921264648,0.0003,,
568,21,12230,58.48,204,-19.04463084,2225,-51.60531387329102,-12.228257942199708,0.5186012864112854,4.599161815643311,0.0003,,
534,23,12445,58.51,208,-18.438879989999997,2440,-53.11885452270508,-13.275272750854493,0.4872390329837799,5.302923202514648,0.0003,,
496,25,12725,59.11,212,-13.336613149999996,2720,-55.45132217407227,-14.526679229736327,0.44950934648513796,6.272946357727051,0.0003,,
469,27,12985,59.3,216,-11.895556359999999,2980,-58.37192611694336,-15.448120498657227,0.4172949314117432,6.740702533721924,0.0003,,
437,30,13325,60.3,220,-7.58770256,3320,-60.81459274291992,-16.34852867126465,0.37912395000457766,7.041005611419678,0.0003,,
414,32,13630,60.7,224,-2.7276067299999998,3625,-61.1514404296875,-17.077343368530272,0.34821116328239443,7.780450057983399,0.0003,,
395,35,13925,61.05,228,0.4983586800000003,3920,-63.06380920410156,-18.066210556030274,0.32116903066635133,8.967914390563966,0.0003,,
377,37,14220,61.55,232,1.919737849999999,4215,-64.7408821105957,-18.280863189697264,0.2962545692920685,8.475993156433105,0.0003,,
369,38,14380,62.01,236,7.141968879999999,4375,-62.83441696166992,-18.879458618164062,0.28378909826278687,9.684933853149413,0.0003,,
358,40,14610,62.18,240,10.77355364,4605,-64.57666778564453,-18.627231979370116,0.266907274723053,10.109896278381347,0.0003,,
346,42,14870,61.49,244,14.195244729999999,4865,-65.76363372802734,-19.557415390014647,0.24920048117637633,10.703302574157714,0.0003,,
336,45,15135,61.61,248,18.67561063,5130,-65.58005218505859,-19.18419990539551,0.2325896829366684,11.174673652648925,0.0003,,
325,47,15450,61.62,252,22.72615031,5445,-67.1996856689453,-18.78907470703125,0.21443965137004853,11.81766357421875,0.0003,,
317,49,15675,62.36,256,28.821085749999998,5670,-66.49570770263672,-19.644978713989257,0.2025381237268448,12.071695137023926,0.0003,,
311,51,15885,62.79,260,34.08249135,5880,-67.90037231445312,-18.374335098266602,0.19223081469535827,12.164508628845216,0.0003,,
300,53,16220,63.25,264,39.50389578,6215,-69.8404754638672,-18.390718078613283,0.1770854502916336,12.143973922729492,0.0003,,
293,56,16510,63.79,268,44.66549010999999,6505,-71.03363647460938,-19.19786834716797,0.16512238681316377,12.880420303344726,0.0003,,
288,58,16740,64.41,272,49.9212767,6735,-71.52348327636719,-17.343892669677736,0.15608942806720733,13.446212196350098,0.0003,,
281,60,17030,64.78,276,54.735067529999995,7025,-72.60955047607422,-17.019445419311523,0.14545897841453553,14.275348281860351,0.0003,,
277,61,17210,64.55,280,58.63900042,7205,-70.84728546142578,-16.371200561523438,0.13945256769657136,14.80537815093994,0.0003,,
273,63,17400,64.21,284,62.60993358000002,7395,-70.92317199707031,-16.972749710083008,0.13329083025455474,14.56275291442871,0.0003,,
267,66,17700,64.57,288,66.0466754,7695,-73.88698120117188,-16.666160583496094,0.12429185360670089,14.25666618347168,0.0003,,
263,67,17920,64.96,292,70.08381295,7915,-73.91877899169921,-13.297100830078126,0.11820596307516099,14.642400932312011,0.0003,,
260,69,18170,64.96,296,73.27221426000001,8165,-76.74453125,-13.846518325805665,0.1118561640381813,14.734736251831055,0.0003,,
255,72,18460,65.3,300,75.17294719,8455,-74.52016754150391,-11.111546516418457,0.1051878347992897,15.185128784179687,0.0003,,
252,73,18685,65.46,304,77.60442775,8680,-76.13434143066407,-13.711330032348632,0.10039214044809341,15.807508659362792,0.0003,,
248,76,18970,65.92,308,80.19599585,8965,-78.20417938232421,-12.852620315551757,0.09477610737085343,15.249494171142578,0.0003,,
244,78,19280,65.95,312,79.1218971,9275,-77.88417053222656,-11.05259838104248,0.08898795992136002,13.593574905395508,0.0003,,
240,81,19645,65.94,316,80.71564702999999,9640,-79.5539321899414,-9.530744552612305,0.0826662763953209,13.408564567565918,0.0003,,
236,84,19935,65.6,320,82.38813026999998,9930,-80.26621551513672,-8.714329528808594,0.07816961109638214,14.317097473144532,0.0003,,
234,85,20145,66.32,324,81.92915037,10140,-81.61397857666016,-8.519588470458984,0.07502470165491104,13.744710922241211,0.0003,,
231,88,20450,66.41,328,81.61970345,10445,-82.03986358642578,-8.122372245788574,0.070626662671566,14.317220687866211,0.0003,,
228,90,20725,65.6,332,82.42526558,10720,-82.0341796875,-8.152454280853272,0.06684269607067109,13.486666488647462,0.0003,,
226,92,20945,65.63,336,79.5976356,10940,-81.1041763305664,-8.18299903869629,0.06406183689832687,13.851410865783691,0.0003,,
223,95,21255,65.86,340,78.35162239,11250,-79.30383758544922,-6.470281505584717,0.06060672849416733,14.219847106933594,0.0003,,
220,98,21615,67.04,344,79.10054155,11610,-80.14517211914062,-4.755205869674683,0.05672055259346962,14.807681274414062,0.0003,,
218,99,21850,67.38,348,78.96845259,11845,-82.13392486572266,-3.9196612358093263,0.05451900959014892,14.014511680603027,0.0003,,
216,101,22090,67.5,352,77.4578055,12085,-81.03399658203125,-4.587867355346679,0.052319930493831636,14.988862609863281,0.0003,,
214,103,22335,66.77,356,72.57324405000001,12330,-81.25908813476562,-4.603615856170654,0.050141891837120055,15.570401191711426,0.0003,,
212,106,22625,66.69,360,68.82063003999998,12620,-80.5310272216797,-5.189535808563233,0.04784652516245842,14.425527763366699,0.0003,,
210,109,22970,66.79,364,67.29592184,12965,-81.05601043701172,-2.5162033081054687,0.04546634256839752,14.26293487548828,0.0003,,
208,111,23235,67.03,368,67.50644736999999,13230,-80.09564819335938,-2.7808290243148805,0.04349109977483749,14.453421592712402,0.0003,,
205,114,23565,67.23,372,67.39307848,13560,-81.59620208740235,-1.6667506992816925,0.04175457581877708,15.567148780822754,0.0003,,
204,115,23700,67.46,376,68.71185427999998,13695,-80.73813018798828,-2.9135376691818236,0.04113099351525307,16.08172435760498,0.0003,,
203,117,23955,67.45,380,68.53364962999999,13950,-81.05655670166016,-0.31519004702568054,0.04043538272380829,16.110009574890135,0.0003,,
201,120,24260,67.65,384,68.75470616000001,14255,-81.47984771728515,1.0113120079040527,0.040170011669397356,15.149871253967286,0.0003,,
199,123,24590,67.71,388,69.34829677,14585,-80.63840789794922,-1.4640930891036987,0.04034044817090034,15.959622383117676,0.0003,,
198,124,24725,68.03,392,69.81852266,14720,-81.96243438720703,0.8540026307106018,0.04023437052965164,15.450429153442382,0.0003,,
196,127,25090,68.53,396,70.74764696,15085,-80.09760894775391,0.6386836409568787,0.04048515483736992,15.954327011108399,0.0003,,
195,128,25245,68.62,400,71.73468622,15240,-80.51207122802734,0.11719967126846313,0.04056271463632584,16.206327819824217,0.0003,,
194,131,25525,68.24,404,71.48383396,15520,-81.87273712158203,-0.16604323387145997,0.04117245078086853,14.890856742858887,0.0003,,
192,134,25910,68.75,408,72.36612005,15905,-81.9733169555664,-1.89832284450531,0.040582920610904696,15.811363029479981,0.0003,,
191,136,26210,69.54,412,72.81405746000001,16205,-81.5699462890625,-0.18895813226699829,0.04071637317538261,15.49099941253662,0.0003,,
189,140,26655,70.48,416,73.50083889000001,16650,-81.46956481933594,0.3013752341270447,0.04010573253035545,15.402360916137695,0.0003,,
188,143,27035,71.33,420,71.0500926,17030,-81.87925567626954,-1.1677302241325378,0.03985108584165573,15.354819869995117,0.0003,,
186,147,27465,72.51,424,70.19180855,17460,-81.9614273071289,0.09384492635726929,0.038619964569807055,15.980317115783691,0.0003,,
184,151,27945,73.46,428,72.53943113,17940,-83.20782775878907,-0.4934141576290131,0.03865419626235962,14.104940795898438,0.0003,,
183,154,28325,75.39,432,73.20236200000001,18320,-81.19916229248047,0.4593067288398743,0.03822897970676422,14.714104080200196,0.0003,,
182,156,28555,75.69,436,75.85875502,18550,-80.99999084472657,0.5799476504325867,0.03741115778684616,14.568426704406738,0.0003,,
182,158,28835,75.17,440,76.43138049999999,18830,-81.24957122802735,-0.8710517883300781,0.03723098859190941,14.804574966430664,0.0003,,
181,160,29100,74.93,444,76.92238979,19095,-82.4818359375,1.770464015007019,0.03710003197193146,14.9927490234375,0.0003,,
181,161,29250,74.41,448,77.23723847000001,19245,-80.37274780273438,1.2061366498470307,0.03726644739508629,15.617794036865234,0.0003,,
180,163,29545,74.52,452,79.58973708,19540,-82.47017822265624,-0.1890227437019348,0.03679597973823547,14.349683952331542,0.0003,,
179,166,29845,74.73,456,82.87342668,19840,-80.43444519042968,-1.0227720141410828,0.03706434816122055,15.000363731384278,0.0003,,
178,168,30135,74.7,460,85.55065414999999,20130,-81.4946075439453,-1.3985941410064697,0.03687323406338692,15.88590965270996,0.0003,,
178,170,30270,74.52,464,86.72831975,20265,-80.89069213867188,0.00038019418716430666,0.036929377168416974,16.257036209106445,0.0003,,
177,172,30565,74.17,468,86.53856976000003,20560,-81.4367904663086,-1.3878180474042892,0.03712125271558762,14.451782989501954,0.0003,,
175,176,31000,74.12,472,86.37067721,20995,-81.26677856445312,0.19211409687995912,0.03647658526897431,15.442387962341309,0.0003,,
174,179,31380,75.29,476,86.62177416000003,21375,-82.32539825439453,-0.41232073307037354,0.03649856746196747,14.915999221801759,0.0003,,
174,181,31560,75.78,480,86.30396418000001,21555,-81.55408172607422,0.33508589267730715,0.03666580989956856,15.336249351501465,0.0003,,
173,184,31925,76.63,484,85.22432300999999,21920,-81.16575775146484,0.7436496913433075,0.03607192635536194,15.24179916381836,0.0003,,
172,188,32415,78.3,488,84.98763310000002,22410,-80.64890747070312,-1.3457754850387573,0.03539313301444054,15.505075073242187,0.0003,,
171,191,32730,79.01,492,83.05096181000003,22725,-79.7881591796875,-0.95517298579216,0.03516748249530792,15.965662956237793,0.0003,,
170,194,33165,79.97,496,81.89105181999999,23160,-80.93135223388671,0.6968891024589539,0.0350500576198101,15.969231033325196,0.0003,,
169,196,33415,80.83,500,78.51584716,23410,-80.60625610351562,0.7430227994918823,0.034601281583309176,16.778483963012697,0.0003,,
168,200,33835,81.57,504,74.99442597,23830,-80.06484985351562,0.1126772403717041,0.034685926884412764,16.50795974731445,0.0003,,
168,202,34150,82.0,508,70.88972321,24145,-80.4001449584961,-1.0736228108406067,0.03455052301287651,18.07977294921875,0.0003,,
167,206,34600,81.93,512,68.69100504,24595,-78.27359313964844,1.2537959814071655,0.03351055458188057,16.65352020263672,0.0003,,
166,210,35035,81.94,516,68.41264343,25030,-78.71095733642578,0.5505585253238678,0.033105545490980146,17.266094207763672,0.0003,,
165,213,35460,83.15,520,70.3857873,25455,-78.23692169189454,-1.1317842215299607,0.03287171199917793,17.232738876342772,0.0003,,
165,216,35810,83.1,524,71.16142781,25805,-78.76316986083984,-0.6710696816444397,0.03259235844016075,17.65545082092285,0.0003,,
164,220,36225,83.39,528,71.30054227,26220,-75.81171875,-0.7148584604263306,0.03228328749537468,17.81525764465332,0.0003,,
163,224,36705,82.71,532,70.58168753000001,26700,-79.8482666015625,0.38288113474845886,0.03202674016356468,17.99310188293457,0.0003,,
163,227,37080,84.56,536,72.72976735,27075,-76.63424072265624,0.437896728515625,0.03173276409506798,17.868650436401367,0.0003,,
162,230,37395,86.05,540,72.87114134,27390,-75.36669006347657,0.2675188660621643,0.03108881860971451,17.63886241912842,0.0003,,
162,233,37770,86.51,544,71.5248792,27765,-76.55773620605468,-0.9050149619579315,0.031110377609729768,17.22506504058838,0.0003,,
161,234,38000,87.29,548,72.48940422000001,27995,-74.85170288085938,2.151747131347656,0.03095117546617985,17.68198165893555,0.0003,,
161,239,38495,87.21,552,71.49835703999999,28490,-77.12935180664063,-0.17105763554573059,0.030896131694316865,17.391690826416017,0.0003,,
160,239,38585,88.49,556,73.82859014,28580,-77.10495147705078,0.4021468460559845,0.03084661141037941,17.005721855163575,0.0003,,
160,242,38865,88.33,560,74.54160306,28860,-75.55177307128906,-0.45955891609191896,0.031160837784409524,16.486637115478516,0.0003,,
160,245,39280,88.75,564,74.64520081999999,29275,-75.8139862060547,0.11879562735557556,0.031036832183599473,17.27375774383545,0.0003,,
159,247,39585,89.18,568,74.95670199999999,29580,-76.04443969726563,-0.2906432092189789,0.030647116526961327,17.73725357055664,0.0003,,
159,250,39970,89.59,572,76.61331268999999,29965,-75.2564910888672,-0.026336729526519775,0.030488423258066177,17.586278343200682,0.0003,,
159,252,40180,88.83,576,77.17082093,30175,-75.02519226074219,1.5553679019212723,0.030689797177910805,15.670003128051757,0.0003,,
158,255,40590,89.39,580,77.64734408000001,30585,-74.35298156738281,0.7692131280899048,0.030463868007063865,16.626450538635254,0.0003,,
158,258,40945,89.93,584,80.33071845999999,30940,-74.95736236572266,-0.08866764307022094,0.030577762797474862,15.409876823425293,0.0003,,
157,262,41335,89.31,588,81.46890834000001,31330,-74.18349151611328,0.6279439091682434,0.030879464372992514,14.846858596801757,0.0003,,
156,266,41765,89.46,592,84.58659956,31760,-74.59068298339844,0.9915547668933868,0.03035140372812748,15.331513977050781,0.0003,,
156,267,41975,89.92,596,87.94424115,31970,-75.43957061767578,-2.8528841972351073,0.03010466732084751,14.294750785827636,0.0003,,
155,271,42330,89.43,600,91.58129518999998,32325,-73.67377166748047,-0.0896565318107605,0.029772261530160903,14.322791862487794,0.0003,,
155,274,42645,89.57,604,96.66828603,32640,-72.88240966796874,0.8656528115272522,0.02924451492726803,13.536916351318359,0.0003,,
154,277,43010,89.01,608,98.67064628999998,33005,-73.54381103515625,0.6583045572042465,0.029804682359099388,14.322698211669922,0.0003,,
154,280,43330,89.05,612,101.62841069,33325,-73.05506439208985,-0.365925008058548,0.029397338256239892,14.459828758239746,0.0003,,
153,284,43705,88.62,616,102.13326500000001,33700,-73.26739654541015,0.29606062173843384,0.02888927385210991,14.23203125,0.0003,,
153,287,44010,86.87,620,101.81461851,34005,-72.91553344726563,-0.36237279772758485,0.028592250868678094,14.150265884399413,0.0003,,
152,291,44430,86.11,624,102.42912778,34425,-73.02993927001953,0.23806697726249695,0.028478608652949332,14.240700340270996,0.0003,,
152,294,44775,85.81,628,101.73892492,34770,-71.86163177490235,0.4974476099014282,0.02817017547786236,13.822422790527344,0.0003,,
151,298,45130,85.7,632,104.29955147000001,35125,-71.7124755859375,-0.5303662061691284,0.027953558415174485,13.752606201171876,0.0003,,
151,300,45440,83.61,636,100.71633213000001,35435,-70.54670715332031,0.09657253921031952,0.02724975347518921,13.705683708190918,0.0003,,
150,304,45820,84.22,640,101.78733297,35815,-70.82799987792968,1.1757959723472595,0.026734659820795058,13.483855438232421,0.0003,,
150,308,46360,84.54,644,103.46363310999999,36355,-71.73162536621093,0.7523420929908753,0.026277509331703187,13.318340492248534,0.0003,,
149,313,46910,87.0,648,103.33921865999999,36905,-72.21044311523437,-1.5331361770629883,0.025846786424517633,13.463162422180176,0.0003,,
149,317,47385,89.33,652,105.04337534000004,37380,-69.73679046630859,1.0491212487220765,0.025412042438983918,13.656294822692871,0.0003,,
148,323,48065,91.22,656,105.26505402000002,38060,-70.9952880859375,-1.5285777568817138,0.025615780800580978,12.967313766479492,0.0003,,
147,329,48775,95.08,660,106.28213375000001,38770,-70.62303009033204,-1.208958387374878,0.025135718286037445,12.515190696716308,0.0003,,
147,332,49135,97.58,664,107.04476018999999,39130,-70.91813354492187,-1.0476873815059662,0.024858954921364786,12.513339614868164,0.0003,,
147,336,49730,100.33,668,106.12759591,39725,-69.70058135986328,-0.7354659736156464,0.025036177784204482,12.707427978515625,0.0003,,
147,341,50235,102.41,672,105.18726429999998,40230,-69.53350219726562,0.9184613108634949,0.02434045486152172,13.287764167785644,0.0003,,
146,345,50830,105.46,676,106.85716852999998,40825,-69.56795959472656,0.6613168060779572,0.02405988462269306,11.490969848632812,0.0003,,
146,351,51480,107.55,680,107.73781410999999,41475,-67.59293975830079,-0.10464887619018555,0.024079586565494537,12.297708129882812,0.0003,,
145,356,52080,109.63,684,111.38739188000001,42075,-67.8769546508789,0.08250473737716675,0.024251361191272736,11.855108642578125,0.0003,,
145,360,52510,111.31,688,115.34113162,42505,-67.52965240478515,-1.2010987520217895,0.024661029875278472,11.311806297302246,0.0003,,
145,364,52970,112.02,692,115.15268689,42965,-68.32239379882813,-0.8733336567878723,0.024172450229525567,10.957579612731934,0.0003,,
145,367,53340,111.07,696,114.58918948,43335,-68.81941223144531,-0.24506158232688904,0.024292506650090216,11.274718284606934,0.0003,,
144,370,53715,113.55,700,117.24409559,43710,-68.09782409667969,-0.34963433146476747,0.02430800870060921,10.796363067626952,0.0003,,
144,373,54070,113.79,704,117.6405912,44065,-67.65472412109375,0.366760665178299,0.024177615717053413,11.138432693481445,0.0003,,
144,377,54475,114.05,708,121.60449485,44470,-69.40091552734376,-1.072671127319336,0.024295011535286903,11.086538124084473,0.0003,,
144,379,54815,114.59,712,124.29899483000001,44810,-67.32068176269532,-0.5024194061756134,0.02370154671370983,10.604317092895508,0.0003,,
144,383,55235,115.36,716,126.97009045,45230,-67.35216979980468,0.1930305004119873,0.023714740201830863,10.380906867980958,0.0003,,
143,386,55620,115.2,720,128.87517135,45615,-67.38480529785156,0.3440408408641815,0.023364659771323203,10.112682151794434,0.0003,,
143,389,55990,115.03,724,129.50517812,45985,-67.13929595947266,0.5351437747478485,0.02356325797736645,10.748908042907715,0.0003,,
143,391,56235,113.77,728,129.67368145,46230,-66.86662979125977,1.016508162021637,0.023310181125998496,9.916144943237304,0.0003,,
143,395,56695,114.28,732,128.95187271000003,46690,-67.09580535888672,0.5160001039505004,0.023286070302128793,10.52117691040039,0.0003,,
142,400,57185,117.03,736,133.18709795000004,47180,-66.75173492431641,0.13827792406082154,0.02316872663795948,10.243001174926757,0.0003,,
142,404,57710,117.59,740,132.79463141000002,47705,-66.79181518554688,-0.20336678624153137,0.022538309916853905,9.70677318572998,0.0003,,
142,409,58305,119.32,744,133.62768471,48300,-66.66371154785156,-1.2097140550613403,0.022368264943361284,10.021187019348144,0.0003,,
142,414,58900,119.56,748,136.27838998000001,48895,-66.44320831298828,1.064330095052719,0.022440539300441743,10.495817756652832,0.0003,,
141,418,59430,121.03,752,137.66298714,49425,-65.58869323730468,0.19325310587882996,0.0217754777520895,10.390607833862305,0.0003,,
141,422,59910,120.57,756,138.09003773,49905,-66.22965240478516,-0.22696611285209656,0.021694545075297354,10.028092575073241,0.0003,,
141,425,60295,118.76,760,136.46396853,50290,-64.97992858886718,1.0246266365051269,0.021291812136769294,9.43441104888916,0.0003,,
141,429,60850,117.12,764,135.3458488,50845,-66.14438018798828,-0.8045994162559509,0.02183431014418602,9.460426139831544,0.0003,,
141,434,61420,116.48,768,137.25932512,51415,-67.22379760742187,-0.6783192157745361,0.0210934329777956,9.839863395690918,0.0003,,
141,439,61975,117.72,772,139.82855999,51970,-65.85540771484375,0.38301887512207033,0.020778632909059524,9.361365699768067,0.0003,,
140,443,62460,116.34,776,139.34188242,52455,-64.90701446533203,0.9785520911216736,0.020784129574894904,9.90067195892334,0.0003,,
140,448,62985,115.1,780,141.04563688,52980,-65.50841979980468,1.2072077453136445,0.020958061516284942,9.240240478515625,0.0003,,
140,451,63345,113.68,784,137.76103675000002,53340,-66.04242401123047,-0.9447019338607788,0.020908505842089652,9.65603256225586,0.0003,,
140,453,63680,112.37,788,135.95256641,53675,-66.4562255859375,-0.37181782722473145,0.020984067395329476,9.238082695007325,0.0003,,
140,457,64150,112.12,792,136.70988247000003,54145,-64.70458221435547,0.38320586681365965,0.02088363990187645,9.726182746887208,0.0003,,
139,461,64585,113.98,796,138.70455009000003,54580,-64.41194152832031,0.6252101182937622,0.02052610516548157,9.650941276550293,0.0003,,
139,465,65130,112.53,800,138.73745668,55125,-63.78256759643555,-0.016705602407455444,0.020164520666003227,8.814229202270507,0.0003,,
139,468,65430,113.81,804,140.23042436,55425,-65.71797485351563,0.8371283173561096,0.02007702849805355,9.264049530029297,0.0003,,
139,471,65810,113.17,808,139.33827215000002,55805,-64.48843994140626,-1.044853925704956,0.02003491297364235,8.678790664672851,0.0003,,
139,474,66135,113.74,812,141.12002131,56130,-64.59241333007813,0.7043170690536499,0.020029864087700845,9.035923194885253,0.0003,,
139,478,66590,113.29,816,140.84544053999997,56585,-64.68540496826172,-0.5377928614616394,0.019711600616574287,8.69641180038452,0.0003,,
139,481,66930,113.65,820,141.54295144,56925,-65.50459594726563,-0.7509521007537842,0.019910229742527007,9.044978523254395,0.0003,,
139,483,67225,113.18,824,143.10979503000002,57220,-64.83709106445312,-1.6900671005249024,0.019811948388814928,8.520759201049804,0.0003,,
138,485,67500,113.68,828,145.15884162999998,57495,-65.60157165527343,0.11922277808189392,0.019697292894124984,8.728611278533936,0.0003,,
138,488,67840,112.54,832,146.29746735999998,57835,-64.96621246337891,-0.7611100494861602,0.019486546888947485,8.712671279907227,0.0003,,
138,491,68270,110.5,836,145.83389907,58265,-65.74671173095703,-0.9849189758300781,0.01937788873910904,8.949409103393554,0.0003,,
138,495,68695,109.63,840,148.49765542,58690,-65.43326110839844,0.9013721704483032,0.019107652083039283,8.759521484375,0.0003,,
138,498,69020,109.15,844,150.64741203000003,59015,-65.04501190185547,1.3294103145599365,0.018994801491498948,8.22901954650879,0.0003,,
138,501,69405,106.65,848,149.79284279,59400,-64.77769927978515,-0.018777364492416383,0.019264605641365052,9.184681129455566,0.0003,,
138,505,69835,104.23,852,151.64731205,59830,-65.27439422607422,-0.023276714980602263,0.018951785191893576,8.411628341674804,0.0003,,
138,508,70235,102.65,856,151.95354919,60230,-64.61040725708008,1.4071016550064086,0.018522363528609274,8.15614881515503,0.0003,,
138,512,70815,102.3,860,153.86404274,60810,-65.30223999023437,0.7743958950042724,0.018742194399237633,8.317518329620361,0.0003,,
138,515,71170,102.76,864,156.15706714,61165,-64.27343978881837,0.8421489775180817,0.018304977938532828,8.2808406829834,0.0003,,
138,517,71435,101.99,868,159.25349434,61430,-65.02395172119141,0.7064619421958923,0.01833491139113903,8.599525547027588,0.0003,,
137,521,71970,99.82,872,160.30332923,61965,-64.40036163330078,0.02858314514160156,0.01785086840391159,8.026800537109375,0.0003,,
137,526,72560,100.34,876,161.98926241000004,62555,-65.46763305664062,0.19648748636245728,0.017976173385977744,8.275191307067871,0.0003,,
137,531,73125,101.99,880,165.70411898999998,63120,-64.8747787475586,1.3269781529903413,0.017769598960876466,7.756362724304199,0.0003,,
137,537,73780,103.55,884,171.17243136000002,63775,-65.60599212646484,-0.7374348700046539,0.017754844576120376,7.8470703125,0.0003,,
137,541,74235,104.61,888,172.83222065999996,64230,-65.0134994506836,-0.012066280841827393,0.017884409800171853,7.641238880157471,0.0003,,
137,545,74805,106.71,892,173.62586470000002,64800,-66.0256851196289,-1.608584952354431,0.017801573872566222,7.529841804504395,0.0003,,
136,550,75295,105.9,896,171.51784784000003,65290,-65.39739990234375,-0.10306023955345153,0.017615024745464326,7.526153469085694,0.0003,,
136,553,75730,106.43,900,172.31178335000004,65725,-66.29492950439453,-0.0019625186920166015,0.017693545669317245,8.216376304626465,0.0003,,
136,557,76180,106.7,904,173.42194927999998,66175,-67.10910034179688,-1.65453143119812,0.01756180264055729,7.404747104644775,0.0003,,
136,561,76580,108.4,908,174.94853954999996,66575,-66.71273040771484,-0.2903144359588623,0.017503802850842475,7.684200382232666,0.0003,,
136,566,77160,109.66,912,176.7721712,67155,-66.87145538330078,0.902497160434723,0.017641142755746842,7.692951774597168,0.0003,,
136,570,77665,111.5,916,179.68515976000003,67660,-67.05916442871094,-0.7365806341171265,0.017695700377225877,7.8857673645019535,0.0003,,
135,577,78495,113.46,920,183.78226785999996,68490,-67.11284942626953,1.0462404251098634,0.017414215207099914,7.887980556488037,0.0003,,
135,580,78875,116.12,924,188.13903207000004,68870,-67.58561859130859,1.5133401334285737,0.017466188222169877,6.964382362365723,0.0003,,
135,586,79580,117.89,928,189.44044216999998,69575,-67.16912536621093,-0.3725124955177307,0.01743754930794239,7.113702583312988,0.0003,,
135,590,80035,121.13,932,194.34851989999999,70030,-67.72055511474609,0.7987346887588501,0.01694306768476963,7.556527805328369,0.0003,,
135,593,80395,121.99,936,195.56724915999996,70390,-67.41120758056641,0.5397838354110718,0.017159639671444894,6.78260612487793,0.0003,,
135,596,80750,121.95,940,195.85034951,70745,-68.1221694946289,-0.756618857383728,0.017188452556729315,7.051473140716553,0.0003,,
135,601,81345,121.08,944,195.50682662,71340,-68.14944305419922,-1.6080705165863036,0.01708309054374695,7.742383003234863,0.0003,,
135,605,81760,123.0,948,199.41154853,71755,-68.04069671630859,-0.7587850779294968,0.016931656748056412,7.513652420043945,0.0003,,
134,607,82060,122.66,952,197.78625320000003,72055,-67.15877380371094,0.8021356582641601,0.016838998720049857,7.784210968017578,0.0003,,
134,610,82310,122.22,956,197.60702909,72305,-67.63257446289063,0.1260991334915161,0.016695578768849372,6.937649726867676,0.0003,,
134,613,82700,121.65,960,199.12550524000005,72695,-68.51879577636718,-0.9186859488487243,0.017214210331439973,7.516417407989502,0.0003,,
134,616,83060,121.21,964,200.87759566999998,73055,-68.23916778564453,-1.3039420127868653,0.017007603123784066,7.553017711639404,0.0003,,
134,619,83460,119.96,968,198.57815674000003,73455,-69.00658264160157,-0.09353914558887481,0.01680705025792122,7.294303512573242,0.0003,,
134,624,84015,120.13,972,198.88247654000003,74010,-68.87577972412109,0.7876254081726074,0.016922008246183395,7.884006690979004,0.0003,,
134,626,84275,118.93,976,199.32310698,74270,-68.28380126953125,-0.7670203536748886,0.01684660613536835,7.846879673004151,0.0003,,
134,630,84720,116.68,980,196.89127661000003,74715,-68.4015609741211,0.7017916202545166,0.016759175062179565,7.673997211456299,0.0003,,
134,632,84965,113.48,984,190.46081087,74960,-68.49625854492187,-0.24000158309936523,0.016904855892062188,8.031170082092284,0.0003,,
134,634,85170,111.01,988,185.95868964000002,75165,-70.04875030517579,-0.805440628528595,0.01659691147506237,7.787207412719726,0.0003,,
134,637,85530,108.43,992,187.10935418999998,75525,-69.42186279296875,-0.3296574056148529,0.01649574711918831,8.333786964416504,0.0003,,
134,640,85955,107.91,996,188.71410877999995,75950,-69.86239318847656,-1.913489294052124,0.01642087884247303,8.285462951660156,0.0003,,
134,643,86215,106.68,1000,188.08032471,76210,-68.8127944946289,-1.3812053203582764,0.016634851321578027,7.929594326019287,0.0003,,
133,646,86560,105.13,1004,187.22758342000006,76555,-68.80979461669922,2.268134045600891,0.016259604319930076,7.844813537597656,0.0003,,
133,649,86965,103.55,1008,186.79596984000003,76960,-69.48526153564453,0.7275893807411193,0.016139307245612144,7.779081344604492,0.0003,,
133,652,87365,102.0,1012,185.51724809999996,77360,-70.08270721435547,-0.45776000022888186,0.015965751931071283,7.277661991119385,0.0003,,
133,656,87830,100.75,1016,184.85969056000002,77825,-69.99873046875,-0.9353729724884033,0.01581176891922951,7.9702075004577635,0.0003,,
133,660,88250,99.44,1020,183.42105873000003,78245,-69.91654968261719,0.045626485347747804,0.015986784547567367,7.972059631347657,0.0003,,
133,664,88715,98.01,1024,182.37788032000003,78710,-71.14445190429687,-1.206995490193367,0.016083115339279176,8.162892913818359,0.0003,,
133,668,89200,97.78,1028,183.62667546,79195,-71.06925354003906,-1.788124918937683,0.015939998626708984,8.571557426452637,0.0003,,
133,671,89605,95.42,1032,180.67715255000002,79600,-69.54138946533203,0.7300299763679504,0.015826426818966864,8.170564651489258,0.0003,,
133,674,89945,95.54,1036,181.93215151,79940,-70.84768981933594,-0.23440876007080078,0.01568024605512619,8.61112642288208,0.0003,,
133,679,90625,97.38,1040,185.79525199999998,80620,-71.16862030029297,-1.0710007786750793,0.0160448607057333,7.691432857513428,0.0003,,
133,683,91110,98.54,1044,188.54364610999997,81105,-71.51228942871094,-0.788321852684021,0.015897564589977264,7.852469444274902,0.0003,,
133,687,91590,97.17,1048,186.02172126000002,81585,-69.85746307373047,1.0866878986358643,0.0159235879778862,8.049983024597168,0.0003,,
133,690,91955,98.2,1052,188.45943582000007,81950,-70.86227111816406,0.6994307637214661,0.01578846201300621,8.555941677093506,0.0003,,
133,695,92615,100.32,1056,192.96017529999997,82610,-71.4334701538086,-1.6913628578186035,0.01581512801349163,8.461435031890868,0.0003,,
132,700,93155,103.45,1060,195.97658800000002,83150,-71.4024871826172,0.9257148325443267,0.015841858461499214,8.068652629852295,0.0003,,
132,708,94010,105.32,1064,200.46715435000002,84005,-72.2766098022461,0.26831350326538084,0.015743954107165337,8.902743148803712,0.0003,,
132,714,94560,109.38,1068,208.71486613000002,84555,-71.95970916748047,-0.2951176643371582,0.016057582199573518,8.941669464111328,0.0003,,
132,719,95165,109.8,1072,211.88425199999998,85160,-73.06818542480468,0.1775058388710022,0.016070403158664703,9.179108238220214,0.0003,,
132,723,95580,111.91,1076,216.75835948,85575,-72.73369750976562,0.42764471769332885,0.01587711609899998,8.562310409545898,0.0003,,
131,729,96180,112.11,1080,215.25330029000006,86175,-73.39625854492188,1.25113964676857,0.015875712409615515,8.421429634094238,0.0003,,
131,733,96610,116.1,1084,224.50049531000002,86605,-74.24014739990234,-1.519686186313629,0.01592165380716324,9.137956142425537,0.0003,,
131,737,96935,117.03,1088,228.90536489,86930,-73.69517669677734,0.2465452015399933,0.016013303399086,8.94378490447998,0.0003,,
131,742,97450,117.88,1092,230.70037723,87445,-73.38236694335937,1.6399722337722777,0.01593845747411251,9.210984230041504,0.0003,,
131,749,98215,118.38,1096,232.89060670999996,88210,-73.97895202636718,3.084869408607483,0.015856655687093733,8.779147720336914,0.0003,,
131,752,98665,122.39,1100,240.7037656,88660,-73.89832305908203,0.450541228055954,0.016053755581378937,8.950031566619874,0.0003,,
130,756,99100,123.92,1104,245.33849919999997,89095,-75.32102508544922,-0.8801973104476929,0.01605001725256443,8.475773429870605,0.0003,,
130,761,99590,125.4,1108,248.61192275000002,89585,-75.62361602783203,1.2675721764564514,0.016029121726751326,9.27159309387207,0.0003,,
130,764,99920,125.58,1112,250.23044598,89915,-75.64539031982422,-0.3346858620643616,0.015944425761699677,9.260725593566894,0.0003,,
130,767,100230,125.02,1116,249.60621686999994,90225,-75.55613555908204,0.4772227942943573,0.016083751618862153,9.254046058654785,0.0003,,
130,771,100675,124.12,1120,248.35931846,90670,-76.25914154052734,-0.3897415280342102,0.01590304635465145,8.926074981689453,0.0003,,
130,774,101065,124.23,1124,249.37025349999996,91060,-76.9798568725586,-1.2293264269828796,0.015977948531508447,9.81264419555664,0.0003,,
130,777,101560,124.12,1128,251.67870180999995,91555,-76.08206024169922,-1.0193543910980225,0.01601463444530964,9.839070320129395,0.0003,,
130,781,101990,124.65,1132,254.55963567999996,91985,-76.79839935302735,1.2718358516693116,0.01607126519083977,9.604433822631837,0.0003,,
130,787,102590,125.41,1136,257.84145586999995,92585,-76.08966827392578,0.1991778016090393,0.01619858555495739,9.566422080993652,0.0003,,
130,788,102805,123.91,1140,256.59544072,92800,-76.6443084716797,-1.0710335969924927,0.01635906919836998,9.359925460815429,0.0003,,
130,792,103215,121.73,1144,253.57218196000002,93210,-77.2571792602539,-0.933830714225769,0.01638936884701252,9.806850624084472,0.0003,,
130,796,103625,120.88,1148,253.06589508000002,93620,-76.57346649169922,0.1920781373977661,0.016093339025974273,10.106707763671874,0.0003,,
130,799,103930,119.97,1152,253.16840454,93925,-77.43101196289062,-0.5061057806015015,0.01620247885584831,9.385335159301757,0.0003,,
129,802,104320,118.46,1156,251.38901389999998,94315,-77.28562469482422,-1.1229586958885194,0.016230004280805586,9.399015808105469,0.0003,,
129,806,104705,115.91,1160,250.15134165999999,94700,-78.4381332397461,0.094683438539505,0.01628611795604229,9.621306228637696,0.0003,,
129,809,105115,113.62,1164,246.59954734000002,95110,-77.82836151123047,-1.1529509782791139,0.016219078749418258,9.88610782623291,0.0003,,
129,812,105430,110.26,1168,241.56877106,95425,-79.0732650756836,0.4578824877738953,0.016160085052251815,9.562667083740234,0.0003,,
129,817,105840,108.73,1172,238.3565256,95835,-78.11257781982422,0.944809091091156,0.016405907273292542,10.108720779418945,0.0003,,
129,818,106010,106.01,1176,232.05091635,96005,-79.4309799194336,-0.8716859579086303,0.01640734039247036,9.784914016723633,0.0003,,
129,823,106550,106.16,1180,235.77634154999998,96545,-79.3396011352539,0.2694554805755615,0.016103727370500566,10.773857307434081,0.0003,,
129,827,107055,103.74,1184,231.38142250000004,97050,-79.96529083251953,-0.8642782956361771,0.016110831499099733,10.07865104675293,0.0003,,
129,834,107790,105.16,1188,233.93844729000003,97785,-78.79901580810547,-0.25735039710998536,0.01623103618621826,10.782268905639649,0.0003,,
129,838,108280,107.75,1192,240.42131881999998,98275,-80.00620574951172,1.6041019678115844,0.016034290194511414,11.205440521240234,0.0003,,
129,843,108820,109.27,1196,241.28534034,98815,-79.33244323730469,1.1254054486751557,0.01600564122200012,10.08104190826416,0.0003,,
128,848,109405,106.22,1200,235.92343826999996,99400,-80.65964050292969,0.07786657810211181,0.01640394516289234,10.54643955230713,0.0003,,
128,852,109900,108.06,1204,239.57052301999994,99895,-81.03461151123047,0.5611315608024597,0.016415002942085265,11.7858060836792,0.0003,,
128,857,110485,108.64,1208,241.03676002,100480,-81.32974548339844,1.9807528972625732,0.016158024594187737,11.024423980712891,0.0003,,
128,860,110895,108.63,1212,240.49246394999997,100890,-80.9818832397461,0.4443421602249146,0.016170048713684083,10.189809608459473,0.0003,,
128,863,111290,109.86,1216,243.42244355999995,101285,-80.81579132080078,0.7842038631439209,0.016698406264185905,10.717781257629394,0.0003,,
128,868,111910,110.61,1220,244.48835476,101905,-80.82917022705078,1.3847153782844543,0.01632849536836147,11.486270904541016,0.0003,,
128,871,112280,112.59,1224,249.00461636,102275,-81.58119201660156,-0.38206436634063723,0.016563428938388823,11.246366882324219,0.0003,,
128,881,113470,115.72,1228,255.78006715999996,103465,-82.0590576171875,0.354865038394928,0.01663101613521576,12.76804847717285,0.0003,,
128,886,114050,118.62,1232,258.90182989,104045,-81.5687240600586,-0.07676310539245605,0.016627069935202597,11.555674171447754,0.0003,,
128,893,114855,120.94,1236,263.52159077000005,104850,-82.42661895751954,0.5570752739906311,0.016653120145201684,11.236503219604492,0.0003,,
128,898,115395,121.89,1240,266.14516406999996,105390,-82.60298919677734,2.027483344078064,0.016740187630057336,11.184747123718262,0.0003,,
128,903,116005,125.73,1244,274.7521556,106000,-84.43619689941406,-0.10787968635559082,0.017130587249994278,11.060305786132812,0.0003,,
128,908,116535,128.6,1248,280.39869558,106530,-84.7679443359375,-0.750059986114502,0.016790096089243887,11.970584678649903,0.0003,,
128,913,117155,131.47,1252,287.90570969,107150,-84.93515014648438,0.39139504432678224,0.016983677446842194,11.252275276184083,0.0003,,
128,921,118105,134.35,1256,295.18711547,108100,-85.53971405029297,-1.4116620302200318,0.017345605418086052,11.662335777282715,0.0003,,
128,927,118815,138.52,1260,304.96598235,108810,-86.6585693359375,0.09192947149276734,0.017152495682239532,11.904776573181152,0.0003,,
128,932,119475,141.33,1264,313.16874581999997,109470,-86.08001556396485,0.3224542260169983,0.01751515530049801,11.398962020874023,0.0003,,
127,943,120745,146.97,1268,324.93509092999994,110740,-86.12647857666016,1.1604379773139955,0.017630968242883682,12.577957725524902,0.0003,,
127,948,121305,149.3,1272,328.64378185000004,111300,-87.64468994140626,-1.190047836303711,0.01785476729273796,13.00379467010498,0.0003,,
127,954,122130,154.08,1276,337.74844358,112125,-87.03795776367187,-0.4385612905025482,0.017921030148863794,12.881084823608399,0.0003,,
127,960,122870,158.2,1280,347.92688983,112865,-88.99179382324219,-0.5029477834701538,0.0180926825851202,13.121381378173828,0.0003,,
127,965,123450,160.2,1284,353.42560607,113445,-89.11287078857421,0.2838957905769348,0.01800049766898155,13.43940486907959,0.0003,,
127,970,123980,162.74,1288,361.39668129000006,113975,-88.20810089111328,3.668087291717529,0.01821642741560936,14.865775871276856,0.0003,,
127,976,124680,162.25,1292,360.4403371399999,114675,-91.33087921142578,-0.21655257940292358,0.01828719601035118,15.168707847595215,0.0003,,
127,979,125070,163.25,1296,366.8737650199999,115065,-91.77813262939453,0.8038674652576446,0.018292995914816857,14.03762607574463,0.0003,,
127,984,125700,163.73,1300,369.17537705999996,115695,-90.23354797363281,0.3242166757583618,0.01815110445022583,12.950151824951172,0.0003,,
127,989,126285,161.91,1304,366.23621788,116280,-90.0757553100586,2.681556725502014,0.019138751551508904,14.6741943359375,0.0003,,
127,994,126810,163.78,1308,373.04549577,116805,-90.99470672607421,-0.5447826027870178,0.01888223923742771,13.563439178466798,0.0003,,
127,998,127285,164.16,1312,375.74990829999996,117280,-92.09202117919922,-1.0118110656738282,0.018680309876799583,14.327782821655273,0.0003,,
127,1004,127995,165.68,1316,380.31867996,117990,-92.50420989990235,-0.024306440353393556,0.01893048211932182,14.923146820068359,0.0003,,
127,1009,128650,167.45,1320,386.73136142999994,118645,-92.81859893798828,1.8998035788536072,0.018572328612208366,14.510605430603027,0.0003,,
127,1012,128965,166.84,1324,386.9071819300001,118960,-92.68853454589843,0.8399168908596039,0.01857622414827347,14.698288536071777,0.0003,,
127,1017,129535,162.46,1328,377.9837622200001,119530,-93.4006134033203,0.6402135878801346,0.018869690224528314,14.883454895019531,0.0003,,
127,1021,129990,161.02,1332,379.01200208,119985,-92.79482574462891,-0.47710569500923156,0.019331106171011924,15.265836715698242,0.0003,,
127,1025,130445,158.76,1336,375.6897533700001,120440,-93.1332504272461,1.5402493000030517,0.018979504704475403,15.82900390625,0.0003,,
127,1029,130935,158.0,1340,374.64497938,120930,-93.45235748291016,2.4448760509490968,0.01934768296778202,15.291023445129394,0.0003,,
127,1034,131595,155.39,1344,369.75660439000006,121590,-93.87642974853516,0.7952295899391174,0.019068014249205588,14.827656745910645,0.0003,,
127,1037,131895,155.56,1348,372.61073440000007,121890,-94.89198760986328,1.3431432127952576,0.018991965055465698,14.992763137817382,0.0003,,
127,1041,132410,153.18,1352,367.13096019,122405,-96.19626007080078,0.6766594111919403,0.019031456112861632,15.750749588012695,0.0003,,
127,1045,132985,152.4,1356,365.65578480000005,122980,-96.12638702392579,0.4797582566738129,0.01903216354548931,15.763607597351074,0.0003,,
127,1051,133615,148.8,1360,358.5623578500001,123610,-95.88879089355468,-0.4870032161474228,0.019137215986847877,15.18189353942871,0.0003,,
127,1057,134335,149.27,1364,359.29229958999997,124330,-96.94089202880859,2.662365508079529,0.019292668253183366,16.486160659790038,0.0003,,
127,1060,134705,146.03,1368,355.75208981,124700,-96.81398010253906,-1.024524164199829,0.01929781697690487,15.172315406799317,0.0003,,
127,1064,135140,144.37,1372,354.33280850000006,125135,-97.13045501708984,-0.5233702778816223,0.019982445612549783,15.538177299499512,0.0003,,
126,1069,135785,140.45,1376,349.44071031,125780,-97.85718994140625,1.2539275288581848,0.01997770555317402,16.572575759887695,0.0003,,
126,1076,136605,137.62,1380,342.05131095,126600,-98.1113510131836,0.7057946026325226,0.020082903280854224,15.468961715698242,0.0003,,
126,1078,136860,139.47,1384,348.91495336,126855,-97.28937072753907,-1.4973142266273498,0.02009054608643055,15.314907455444336,0.0003,,
126,1085,137655,137.53,1388,344.64148444,127650,-99.2839370727539,0.9077977538108826,0.019743550941348074,16.251470375061036,0.0003,,
126,1088,138035,136.12,1392,343.30180958,128030,-98.45712280273438,0.21006484031677247,0.020038624480366706,16.734339332580568,0.0003,,
126,1093,138655,134.95,1396,342.12236317,128650,-98.62118377685547,-0.42144548892974854,0.019760913401842117,17.098063659667968,0.0003,,
126,1098,139215,134.82,1400,340.8777351100001,129210,-100.05930023193359,-1.4411373257637023,0.02023788318037987,16.488195610046386,0.0003,,
126,1103,139840,136.78,1404,347.2367445500001,129835,-99.14531707763672,-0.7278483510017395,0.019920863956212998,16.605462265014648,0.0003,,
126,1110,140570,134.64,1408,341.24865625999996,130565,-99.65812225341797,-0.19931437969207763,0.0206280417740345,16.03307933807373,0.0003,,
126,1113,141005,137.63,1412,349.45354008000004,131000,-100.1240966796875,-0.8783033967018128,0.02027517706155777,17.308541107177735,0.0003,,
126,1121,141825,137.65,1416,351.06183599,131820,-102.51279144287109,-1.5914432644844054,0.020697246491909026,16.966019248962404,0.0003,,
126,1125,142250,138.54,1420,353.9836675,132245,-100.78424072265625,-0.6926539182662964,0.020788079500198363,18.290176010131837,0.0003,,
126,1129,142750,137.1,1424,350.6281341,132745,-98.94618530273438,-1.3577370047569275,0.020850033313035966,18.76000556945801,0.0003,,
126,1134,143255,138.99,1428,355.8205053,133250,-100.23187103271485,0.34575008153915404,0.020644092559814455,18.53398742675781,0.0003,,
126,1139,143855,137.71,1432,353.22195057000005,133850,-101.08446807861328,0.5827098488807678,0.020858398452401162,18.56580867767334,0.0003,,
126,1142,144145,137.0,1436,352.35889931,134140,-101.21146240234376,-1.1609654903411866,0.02065833956003189,18.2496337890625,0.0003,,
126,1147,144680,136.52,1440,351.42895221000003,134675,-102.91231384277344,0.0015389859676361085,0.020767942443490027,18.672900009155274,0.0003,,
125,1153,145325,139.12,1444,356.89244583,135320,-102.24794464111328,0.4004748463630676,0.021071703359484672,18.387749481201173,0.0003,,
125,1158,145870,137.88,1448,354.31313429999994,135865,-102.30687255859375,-0.23537532091140748,0.021059592440724372,19.341528701782227,0.0003,,
125,1164,146550,138.9,1452,356.85299542,136545,-102.68433532714843,-0.6578139245510102,0.021006547659635545,19.442794799804688,0.0003,,
125,1170,147230,139.87,1456,359.94547080000007,137225,-101.90833892822266,-0.3988789260387421,0.021233350783586503,19.22567672729492,0.0003,,
125,1176,147880,141.67,1460,364.52527122999993,137875,-104.28098602294922,1.0915013790130614,0.02098151557147503,18.583774757385253,0.0003,,
125,1182,148665,141.98,1464,366.53663623999984,138660,-103.36897277832031,0.688622123003006,0.02095908597111702,20.28569450378418,0.0003,,
125,1188,149345,143.91,1468,370.71102418000004,139340,-103.85845336914062,-2.192642664909363,0.02117474377155304,19.215098571777343,0.0003,,
125,1192,149895,145.8,1472,376.17810388,139890,-102.4598373413086,0.19655629396438598,0.02106022499501705,19.279011535644532,0.0003,,
125,1198,150505,148.34,1476,383.8723435000001,140500,-103.65258483886718,-0.7662124991416931,0.0213242270052433,20.125821685791017,0.0003,,
125,1203,151075,147.79,1480,381.4933687,141070,-105.07079620361328,0.9343032836914062,0.02125775143504143,21.456807708740236,0.0003,,
125,1207,151425,145.43,1484,373.92071518000006,141420,-105.17811584472656,0.011153137683868409,0.02134590782225132,20.450152969360353,0.0003,,
125,1213,152065,145.43,1488,372.74266652,142060,-105.53503112792968,2.1872008562088014,0.02098720856010914,18.716006088256837,0.0003,,
125,1217,152515,145.37,1492,372.5523850099999,142510,-104.36586303710938,-1.6189254701137543,0.02215508483350277,22.771485900878908,0.0003,,
125,1222,153045,144.62,1496,369.96955218999994,143040,-105.4744659423828,-1.0615374326705933,0.02183302380144596,20.50668411254883,0.0003,,
125,1227,153610,144.91,1500,372.4420152999999,143605,-106.45079650878907,0.4245866298675537,0.021550577133893967,20.131949996948244,0.0003,,
125,1232,154160,143.77,1504,369.54304523999997,144155,-105.16253051757812,-0.11449522376060486,0.02135445550084114,19.729005432128908,0.0003,,
125,1237,154690,143.32,1508,368.7194006700001,144685,-105.81678771972656,-0.007382357120513916,0.022164563834667205,19.40355682373047,0.0003,,
124,1240,155105,140.57,1512,361.52500741000006,145100,-106.47008056640625,-0.6840867042541504,0.022147182375192642,18.96865043640137,0.0003,,
124,1247,155885,139.8,1516,359.35616306000003,145880,-104.36722412109376,3.640073323249817,0.021964019164443016,22.95115966796875,0.0003,,
124,1252,156420,139.51,1520,358.7004744,146415,-105.95081176757813,-0.4669026494026184,0.021614112332463263,20.468119430541993,0.0003,,
124,1256,156740,140.81,1524,361.05684721000006,146735,-106.80726623535156,0.16814286708831788,0.02141665369272232,21.748104095458984,0.0003,,
124,1261,157345,139.37,1528,356.99243852,147340,-106.72252807617187,0.8578643560409546,0.02190932258963585,22.124636840820312,0.0003,,
124,1266,157885,141.4,1532,363.68920271999997,147880,-107.77088623046875,-0.6533994913101197,0.02235538773238659,23.15630187988281,0.0003,,
124,1270,158405,142.48,1536,367.7626446399999,148400,-107.33798065185547,0.6032954573631286,0.022031494230031968,22.275212860107423,0.0003,,
124,1276,159120,144.75,1540,374.73789296999996,149115,-107.81318817138671,-0.07103074193000794,0.022200023382902147,23.585287857055665,0.0003,,
124,1281,159665,142.75,1544,371.3817359000001,149660,-107.47177734375,-0.3519271373748779,0.021716329082846642,22.62029571533203,0.0003,,
124,1285,160235,143.04,1548,372.6237888000001,150230,-110.0860610961914,0.6109740495681762,0.022169877588748933,22.507047653198242,0.0003,,
124,1290,160780,143.96,1552,373.92242163000003,150775,-109.0068130493164,-1.3377765655517577,0.021458053961396217,18.693758010864258,0.0003,,
124,1293,161180,142.36,1556,369.26989165,151175,-108.66394653320313,1.0388080954551697,0.021854936331510543,23.60533905029297,0.0003,,
124,1300,161910,140.3,1560,364.9668239800001,151905,-107.47997283935547,1.4353724122047424,0.022178922593593598,23.822941970825195,0.0003,,
124,1305,162380,139.78,1564,362.29051645,152375,-108.30380401611328,0.08645031452178956,0.02301417551934719,21.897759246826173,0.0003,,
124,1308,162765,136.91,1568,355.6333018,152760,-107.21045684814453,0.2298419713973999,0.022716018557548522,23.633011627197266,0.0003,,
124,1313,163455,137.52,1572,358.67281141,153450,-108.74661560058594,-0.42940627932548525,0.02241176590323448,21.47083282470703,0.0003,,
124,1318,164045,135.13,1576,352.4056374700001,154040,-108.78998565673828,-0.6454760909080506,0.022357219085097312,22.673137283325197,0.0003,,
124,1325,164750,136.78,1580,358.31385901999994,154745,-107.50933685302735,1.0761241257190703,0.022393851727247237,25.57406234741211,0.0003,,
124,1332,165550,137.18,1584,358.48078903000004,155545,-110.63441314697266,0.35899638533592226,0.022129859030246734,23.386591720581055,0.0003,,
124,1336,166095,140.46,1588,370.4028750300001,156090,-110.54540252685547,-1.4570041686296462,0.022609645500779152,24.48682518005371,0.0003,,
124,1345,167165,140.98,1592,371.69590487,157160,-110.38030090332032,0.5102776259183883,0.022816361859440804,24.5452579498291,0.0003,,
124,1353,168135,144.19,1596,381.9882821499999,158130,-110.0488510131836,-0.009919852018356323,0.022251227498054506,25.301567459106444,0.0003,,
124,1361,169050,153.09,1600,408.57565675,159045,-109.60370483398438,-0.6683455228805542,0.023439957574009896,24.29724235534668,0.0003,,
124,1365,169540,151.79,1604,405.61958741999996,159535,-110.32129974365235,0.9620991230010987,0.02311478480696678,23.115017700195313,0.0003,,
124,1372,170370,153.77,1608,411.09906818,160365,-110.62522583007812,0.046443748474121097,0.02352606914937496,22.794636535644532,0.0003,,
124,1384,171695,159.34,1612,428.37684783,161690,-112.78491516113282,-1.3160659790039062,0.02312886267900467,26.202546691894533,0.0003,,
124,1388,172225,165.61,1616,444.29730377999994,162220,-115.47293395996094,0.14984620213508607,0.02325996048748493,22.818000030517577,0.0003,,
124,1399,173610,168.89,1620,454.53566916000005,163605,-113.06147155761718,-0.17664518356323242,0.02347172684967518,26.719923782348634,0.0003,,
124,1405,174270,172.91,1624,467.60252613000006,164265,-113.45936584472656,0.007575333118438721,0.022798923403024675,24.52053756713867,0.0003,,
124,1410,174885,174.63,1628,472.62411761,164880,-114.29928588867188,1.336270773410797,0.024043282121419908,25.215049743652344,0.0003,,
124,1415,175575,174.54,1632,470.94421224000007,165570,-113.21880340576172,1.6412171125411987,0.023995795473456382,23.69781074523926,0.0003,,
124,1418,175915,173.87,1636,468.03697322999994,165910,-114.65625457763672,-1.7861952781677246,0.023868544027209282,24.209175872802735,0.0003,,
123,1426,176825,176.26,1640,475.24470007000014,166820,-114.56036071777343,0.21856293976306915,0.0246524378657341,24.087512588500978,0.0003,,
123,1432,177600,176.75,1644,476.61716810999997,167595,-115.30340270996093,-1.3849902510643006,0.02496349476277828,25.900880813598633,0.0003,,
123,1439,178365,180.42,1648,485.54730382,168360,-116.70328063964844,-0.7053113400936126,0.025090076401829718,24.11170768737793,0.0003,,
123,1450,179740,183.47,1652,496.4449843599999,169735,-115.61421661376953,0.622152054309845,0.024287251010537147,24.49957389831543,0.0003,,
123,1460,180890,188.31,1656,513.16166058,170885,-115.59896697998047,-0.05059629380702972,0.024540118873119354,28.37942771911621,0.0003,,
123,1468,181790,197.13,1660,538.19529603,171785,-118.3838897705078,-0.04442762136459351,0.024595731496810914,28.326981353759766,0.0003,,
123,1476,182755,200.0,1664,547.73355876,172750,-117.0508804321289,0.09286819100379944,0.02509787119925022,26.32878189086914,0.0003,,
123,1483,183685,203.51,1668,557.56592985,173680,-116.71595153808593,1.0445725679397584,0.02498467043042183,25.13429946899414,0.0003,,
123,1492,184825,207.8,1672,570.75226334,174820,-119.00724029541016,0.850693017244339,0.02560253255069256,29.49923973083496,0.0003,,
123,1499,185635,212.03,1676,583.66038609,175630,-118.89703369140625,-1.8325330376625062,0.026517436280846594,25.491034317016602,0.0003,,
123,1505,186390,217.99,1680,604.98631382,176385,-120.02119750976563,-0.9296491146087646,0.025858043506741524,25.712348556518556,0.0003,,
123,1514,187475,217.72,1684,607.14247921,177470,-118.94794616699218,-1.5679782509803772,0.026490723714232445,25.786391830444337,0.0003,,
123,1521,188255,217.17,1688,605.77222279,178250,-122.02562561035157,0.46738245487213137,0.025892745330929758,26.74554100036621,0.0003,,
123,1531,189415,218.61,1692,611.32840395,179410,-120.8337173461914,0.37610114812850953,0.02749844491481781,26.170804595947267,0.0003,,
123,1538,190270,226.72,1696,636.01758273,180265,-121.59920349121094,-0.12350807785987854,0.025561325997114182,27.398644256591798,0.0003,,
123,1546,191215,221.19,1700,618.19659745,181210,-121.78101501464843,-0.2381507635116577,0.025833984091877937,30.707493591308594,0.0003,,
123,1557,192585,225.34,1704,631.4068715100001,182580,-122.69234924316406,0.12193129658699035,0.026992034539580344,28.075064849853515,0.0003,,
123,1561,193085,231.04,1708,649.5288688600001,183080,-121.76720275878907,1.8494480967521667,0.026102493703365325,31.03241844177246,0.0003,,
123,1569,193945,226.84,1712,637.22289469,183940,-122.87601165771484,-1.2713940799236298,0.02703869603574276,27.5365234375,0.0003,,
123,1577,194835,224.48,1716,634.5905309999999,184830,-124.05258178710938,1.3456881523132325,0.027274328470230102,30.71776580810547,0.0003,,
123,1588,196030,227.73,1720,644.09171098,186025,-125.06937255859376,-1.0293660879135131,0.026294164732098578,27.893282318115233,0.0003,,
123,1598,197010,225.44,1724,636.81292198,187005,-123.94141540527343,1.3162890076637268,0.027383340895175932,30.531850051879882,0.0003,,
123,1615,198920,226.73,1728,641.52322957,188915,-126.51083374023438,1.1761744141578674,0.02683827728033066,30.45538444519043,0.0003,,
123,1626,200210,237.91,1732,676.02754823,190205,-126.70819396972657,-1.19808691740036,0.028065810352563857,30.313055419921874,0.0003,,
122,1635,201130,251.48,1736,718.1736852300002,191125,-126.13065032958984,-0.3807933270931244,0.027601269632577898,29.968463134765624,0.0003,,
122,1645,202215,249.72,1740,711.7734922999999,192210,-124.6131378173828,-0.2139236271381378,0.027822070568799973,31.298733520507813,0.0003,,
122,1653,203060,252.06,1744,721.28216632,193055,-127.88287048339843,-0.879148268699646,0.02850555218756199,31.58523063659668,0.0003,,
122,1663,204230,256.89,1748,736.6987660399999,194225,-126.69975891113282,-1.1777011513710023,0.028660949692130087,31.874545288085937,0.0003,,
122,1674,205650,257.62,1752,740.0595048000001,195645,-129.90402374267578,0.9174239993095398,0.028258282318711282,30.834141159057616,0.0003,,
122,1684,206715,263.27,1756,756.1882802800001,196710,-131.94325408935546,-0.5562578320503235,0.029143738001585005,29.288632965087892,0.0003,,
122,1695,207945,260.23,1760,746.5316609599997,197940,-130.04889221191405,-0.15018458664417267,0.029045601561665534,28.062585067749023,0.0003,,
122,1702,208740,261.32,1764,751.6828287200001,198735,-129.09920349121094,-0.44258818626403806,0.028381023183465005,34.52527275085449,0.0003,,
122,1710,209595,262.53,1768,755.2445573800001,199590,-130.6364776611328,-0.2531380832195282,0.029272866994142534,34.447174835205075,0.0003,,
122,1719,210585,260.03,1772,746.7418744199999,200580,-131.35235595703125,-1.1543527841567993,0.028863120079040527,31.338098526000977,0.0003,,
122,1727,211535,261.05,1776,747.69175355,201530,-130.50660095214843,-0.08565133810043335,0.028649972379207612,30.920163726806642,0.0003,,
122,1729,211805,255.26,1780,728.6216328299998,201800,-130.71358947753907,-0.5976242184638977,0.02880532927811146,30.46886215209961,0.0003,,
122,1739,212960,254.46,1784,723.3836025700001,202955,-132.71331787109375,0.12832056879997253,0.028331201151013376,29.528311920166015,0.0003,,
122,1748,213965,257.27,1788,731.0393158500001,203960,-135.3485900878906,-2.1484661221504213,0.029766592383384704,31.396359634399413,0.0003,,
122,1754,214765,260.12,1792,738.4418421200003,204760,-133.1140594482422,-0.7967358231544495,0.02821861654520035,33.06700401306152,0.0003,,
122,1759,215460,249.12,1796,703.93431302,205455,-132.96723327636718,0.9843923091888428,0.02948211133480072,28.204548645019532,0.0003,,
122,1764,215925,248.21,1800,703.4985222700001,205920,-133.22349548339844,-0.8483688771724701,0.0292302418500185,33.8253776550293,0.0003,,
122,1769,216555,243.07,1804,683.73570717,206550,-133.53179016113282,-1.5820757746696472,0.028630883991718294,32.72891349792481,0.0003,,
122,1778,217635,241.62,1808,678.3616772800001,207630,-130.71849670410157,0.952524197101593,0.028111162036657332,35.55667343139648,0.0003,,
122,1783,218230,243.95,1812,683.7590880299999,208225,-134.51405334472656,-0.3532321274280548,0.028350572288036346,34.095721054077146,0.0003,,
122,1787,218695,240.08,1816,669.79687892,208690,-134.96312866210937,1.022404098510742,0.028086352720856668,33.35490417480469,0.0003,,
122,1792,219300,231.74,1820,645.68443366,209295,-132.7855972290039,-1.2656164050102234,0.028382358700037004,33.74032363891602,0.0003,,
122,1799,220040,230.96,1824,643.41062262,210035,-132.23407287597655,0.07884930670261384,0.027535433322191237,35.20175552368164,0.0003,,
122,1803,220570,232.05,1828,647.53953959,210565,-133.31021728515626,-0.8094628870487213,0.0278310339897871,35.88832550048828,0.0003,,
122,1810,221470,221.58,1832,617.25997869,211465,-133.50934448242188,-0.23462353348731996,0.02890194542706013,33.97642135620117,0.0003,,
122,1818,222380,212.21,1836,588.8314609000001,212375,-133.8438262939453,2.063524103164673,0.028477955609560013,34.33737564086914,0.0003,,
122,1826,223265,213.55,1840,594.7363814199999,213260,-135.24366760253906,0.14810065627098085,0.028423598036170006,37.1488899230957,0.0003,,
122,1831,223920,209.88,1844,582.46931232,213915,-135.1533447265625,0.1010204166173935,0.02810908481478691,37.36156311035156,0.0003,,
122,1839,224800,206.4,1848,573.9200097600001,214795,-134.13530883789062,-1.0244691014289855,0.028563766181468962,39.52204132080078,0.0003,,
122,1840,225000,203.47,1852,564.5957275100001,214995,-134.42604064941406,-0.2507652401924133,0.028258519247174263,30.94806823730469,0.0003,,
122,1849,226055,194.72,1856,539.08409834,216050,-132.71959533691407,0.22273874282836914,0.02811579555273056,32.581451416015625,0.0003,,
122,1856,226915,190.28,1860,528.4849441900001,216910,-136.12258605957032,-0.3589992165565491,0.02903122678399086,34.61664657592773,0.0003,,
122,1859,227305,188.98,1864,525.70879671,217300,-134.4892547607422,0.6115954548120499,0.029047150537371634,35.1079719543457,0.0003,,
122,1867,228215,185.99,1868,518.6236082,218210,-135.88019409179688,-1.6636389791965485,0.028724025189876556,36.37994613647461,0.0003,,
122,1876,229300,186.14,1872,521.4231484500001,219295,-134.15399169921875,3.721833038330078,0.028608598560094834,39.622283935546875,0.0003,,
122,1882,230010,185.22,1876,521.9372781200001,220005,-135.903271484375,1.983614182472229,0.02845376990735531,32.82112808227539,0.0003,,
122,1892,231135,185.17,1880,522.43072393,221130,-135.71925048828126,-0.8630522012710571,0.028002773597836494,36.74372253417969,0.0003,,
122,1900,232085,190.07,1884,542.1407955,222080,-136.9429443359375,-0.49581007957458495,0.029330143705010414,35.3116958618164,0.0003,,
122,1906,232870,190.24,1888,545.5487812299999,222865,-136.2547393798828,2.75712513923645,0.02956361286342144,39.07724227905273,0.0003,,
122,1912,233620,189.22,1892,544.46685623,223615,-135.11162109375,-1.5636085152626038,0.028175362572073936,36.3937442779541,0.0003,,
122,1918,234275,191.62,1896,553.4432828800001,224270,-136.96255493164062,-0.1972411096096039,0.0289304755628109,37.135597229003906,0.0003,,
122,1926,235220,191.28,1900,552.38411123,225215,-138.23433532714844,-1.9338814973831178,0.030390382558107377,38.21836853027344,0.0003,,
122,1936,236500,194.44,1904,565.34555939,226495,-133.55892028808594,0.38088070750236513,0.029826640710234643,37.12216720581055,0.0003,,
122,1945,237590,198.16,1908,579.44143462,227585,-135.94913024902343,-1.6506656646728515,0.0301643256098032,37.49520492553711,0.0003,,
122,1952,238380,199.41,1912,586.18208306,228375,-136.72620849609376,0.3754765808582306,0.03076394945383072,36.113638687133786,0.0003,,
122,1955,238745,201.44,1916,594.6742450400001,228740,-137.41948547363282,1.185665535926819,0.029709071666002274,38.03652801513672,0.0003,,
122,1963,239655,202.48,1920,597.92127304,229650,-137.95173034667968,0.3818319380283356,0.030028524249792098,42.590851593017575,0.0003,,
122,1971,240600,204.64,1924,606.0301761000001,230595,-135.80978088378907,0.7481564879417419,0.031299800425767896,40.93239059448242,0.0003,,
122,1976,241160,204.73,1928,604.6908817900002,231155,-136.2658233642578,-1.2577133119106292,0.030502235144376756,37.50743942260742,0.0003,,
122,1988,242555,206.86,1932,610.8433268100001,232550,-136.76546630859374,-0.8004778474569321,0.03019043803215027,35.35804214477539,0.0003,,
121,1995,243455,206.22,1936,606.0603252499999,233450,-137.69491882324218,-1.2359957695007324,0.030128979310393333,42.130958557128906,0.0003,,
121,2001,244140,209.31,1940,615.72353828,234135,-137.70127868652344,2.302053666114807,0.030019930005073546,34.27118072509766,0.0003,,
121,2006,244755,210.66,1944,620.2277391800001,234750,-136.69197998046874,-0.848903626203537,0.029702935740351676,36.20018424987793,0.0003,,
121,2012,245485,209.01,1948,610.6311977099999,235480,-139.63141174316405,1.2584131240844727,0.029759788885712624,36.93088264465332,0.0003,,
122,2020,246475,209.21,1952,611.90609771,236470,-135.55895080566407,0.820662546157837,0.03142879754304886,39.56072998046875,0.0003,,
121,2032,247910,214.32,1956,627.1421719699999,237905,-137.77496643066405,0.3714694380760193,0.029601576179265975,35.410894775390624,0.0003,,
121,2037,248565,215.28,1960,629.9333218699999,238560,-137.159423828125,-0.1892930895090103,0.031150663644075392,39.770043182373044,0.0003,,
121,2042,249085,216.72,1964,634.5068936800001,239080,-136.79421997070312,0.1720224678516388,0.030687417834997177,36.68337554931641,0.0003,,
,,250000,,,,239995,-136.2434509277344,-1.6436842441558839,0.0306563101708889,38.30927352905273,0.0003,842.1327280000002,273.6
121,2052,250060,216.77,1968,634.19928877,240055,-135.43540954589844,-0.3059784650802612,0.030509399995207787,42.19725646972656,0.0003,,
121,2058,250745,216.11,1972,630.71314537,240740,-139.01712951660156,-1.0203965604305267,0.030025305598974227,38.55883560180664,0.0003,,
121,2071,252295,220.75,1976,645.9218631800001,242290,-138.31937561035156,1.3127368092536926,0.02981126792728901,36.3197696685791,0.0003,,
121,2076,252830,223.59,1980,654.58892794,242825,-138.33693237304686,-0.7626454204320907,0.03107479363679886,40.0924560546875,0.0003,,
121,2085,253890,221.93,1984,648.1076380799999,243885,-138.1070343017578,1.7691936492919922,0.030048316717147826,42.769352722167966,0.0003,,
121,2097,255165,220.41,1988,641.8190534299999,245160,-138.94817810058595,1.4677503943443297,0.031006281822919847,37.17440948486328,0.0003,,
121,2102,255800,222.04,1992,644.99725225,245795,-137.39716796875,0.054839092493057254,0.030386095494031908,37.83954620361328,0.0003,,
121,2109,256635,222.25,1996,644.5257672399999,246630,-140.27162170410156,0.026437532901763917,0.030114105716347695,42.18151168823242,0.0003,,
121,2115,257360,221.59,2000,642.40378868,247355,-136.6754180908203,1.9496724009513855,0.030747789517045022,38.734107208251956,0.0003,,
121,2126,258585,223.81,2004,648.15305525,248580,-138.7545379638672,-1.0352561473846436,0.030468031018972396,36.274580764770505,0.0003,,
121,2135,259720,224.01,2008,648.6921166200001,249715,-140.24222412109376,0.15131914615631104,0.030193234980106353,38.898583602905276,0.0003,,
121,2144,260685,223.54,2012,646.9100921,250680,-139.209375,-0.30757318139076234,0.030095764622092246,38.98165321350098,0.0003,,
121,2150,261360,225.17,2016,652.42780932,251355,-140.5189178466797,0.22413617968559266,0.0301486998796463,39.01696853637695,0.0003,,
121,2164,263035,231.7,2020,673.26027961,253030,-137.13868408203126,1.5398313164711,0.03079126849770546,39.51936798095703,0.0003,,
121,2171,263920,235.28,2024,685.0268344199999,253915,-140.5774169921875,-0.7333232641220093,0.030039728805422782,37.69341354370117,0.0003,,
121,2183,265315,237.61,2028,691.4401864699998,255310,-140.0203643798828,1.215221071243286,0.03143817558884621,38.715370178222656,0.0003,,
121,2188,265935,237.94,2032,693.00128067,255930,-139.4958923339844,1.975670623779297,0.0315024234354496,38.73884735107422,0.0003,,
121,2195,266760,238.18,2036,696.2952543200003,256755,-141.28323059082032,-1.7890260219573975,0.029995913058519362,38.87211303710937,0.0003,,
121,2202,267640,233.76,2040,682.4952281999999,257635,-139.29491271972657,-0.6074833154678345,0.031229982897639275,42.52855224609375,0.0003,,
121,2208,268295,233.28,2044,680.3260767000002,258290,-140.4260009765625,-2.921996736526489,0.03191374018788338,44.98870010375977,0.0003,,
121,2214,269055,234.96,2048,689.3968222399999,259050,-138.30103759765626,0.35398411750793457,0.031550494581460954,43.53536682128906,0.0003,,
121,2221,269880,234.57,2052,688.2163215400001,259875,-141.34427490234376,0.5244558453559875,0.03139534294605255,39.254869079589845,0.0003,,
121,2228,270610,234.81,2056,688.32909094,260605,-141.83476867675782,0.468491268157959,0.031429752707481384,39.00611419677735,0.0003,,
121,2238,271825,232.52,2060,682.0156250000001,261820,-142.42808532714844,-2.500391459465027,0.03131716027855873,43.3528694152832,0.0003,,
121,2249,273125,232.61,2064,681.3376011300002,263120,-140.88959045410155,0.5021936178207398,0.03057379610836506,41.70049896240234,0.0003,,
121,2257,274130,236.16,2068,693.0817698399999,264125,-143.25677185058595,-0.2538204610347748,0.03164601549506187,40.68940963745117,0.0003,,
121,2267,275320,240.37,2072,706.8076260999999,265315,-142.35982971191407,-0.32858312129974365,0.032142794132232665,39.94467391967773,0.0003,,
121,2275,276195,237.12,2076,694.7069275700001,266190,-144.69554748535157,-1.1379399061203004,0.03143382146954536,44.123408508300784,0.0003,,
121,2282,277170,241.18,2080,707.1000097199999,267165,-141.7249267578125,-0.4566653907299042,0.03084721975028515,39.90725479125977,0.0003,,
121,2290,278105,241.72,2084,708.5607203699999,268100,-144.45538330078125,-1.1067830920219421,0.031046105176210405,36.83602447509766,0.0003,,
121,2296,278710,239.9,2088,703.02013112,268705,-141.26711730957032,1.9964137077331543,0.03148188292980194,38.130133056640624,0.0003,,
121,2311,280395,237.89,2092,697.48298932,270390,-143.8870056152344,-0.2411314845085144,0.031156328320503236,34.131404113769534,0.0003,,
121,2322,281555,243.68,2096,716.9198249899999,271550,-144.47500305175782,-0.038845396041870116,0.030772628262639046,35.77810211181641,0.0003,,
121,2332,282780,246.99,2100,727.80416436,272775,-142.11309509277345,-2.7283721685409548,0.031080524995923044,48.40854110717773,0.0003,,
121,2342,283870,251.13,2104,742.3226758699998,273865,-142.26485900878907,-1.0716563701629638,0.03126789778470993,43.063351440429685,0.0003,,
121,2349,284725,249.52,2108,736.6411466200001,274720,-145.3442626953125,0.590096116065979,0.03110687918961048,43.36777267456055,0.0003,,
121,2359,285895,247.87,2112,730.9626933799998,275890,-143.49193420410157,-0.31674909591674805,0.03129110112786293,41.843257141113284,0.0003,,
121,2368,287130,250.08,2116,737.7794800999999,277125,-143.50458984375,-1.7114373862743377,0.031174242869019507,43.18574676513672,0.0003,,
121,2379,288435,252.27,2120,743.78707742,278430,-142.93248901367187,-0.9973077356815339,0.031673984974622725,41.06615676879883,0.0003,,
121,2387,289340,248.52,2124,731.7845595700002,279335,-145.0938262939453,0.3236419916152954,0.03163444325327873,36.521507263183594,0.0003,,
121,2395,290345,251.06,2128,742.51130831,280340,-144.59791564941406,0.14358870983123778,0.03206929042935371,42.004329681396484,0.0003,,
121,2403,291325,252.35,2132,745.9965636100001,281320,-142.99724426269532,0.1344340115785599,0.03141876384615898,43.537882232666014,0.0003,,
121,2409,292030,251.97,2136,744.63816951,282025,-145.53053283691406,-0.5488935708999634,0.03199398592114448,40.74459533691406,0.0003,,
121,2418,293180,254.31,2140,751.8269831199999,283175,-144.70746765136718,0.29012381136417387,0.03235188499093056,38.19439544677734,0.0003,,
121,2424,293855,256.28,2144,758.25150044,283850,-144.64145202636718,-2.1756866455078123,0.031739191710948945,42.15902328491211,0.0003,,
121,2431,294720,255.86,2148,757.1735151099998,284715,-145.0996856689453,-0.6265446752309799,0.031228065118193628,39.05533065795898,0.0003,,
121,2441,295830,259.68,2152,769.87279131,285825,-144.74729919433594,1.0608545243740082,0.03155034631490707,43.27913818359375,0.0003,,
121,2444,296275,258.45,2156,766.25117937,286270,-145.59754333496093,1.875348973274231,0.031176594272255897,41.815957641601564,0.0003,,
121,2457,297935,262.66,2160,779.50692626,287930,-146.52047729492188,1.4400768160820008,0.030905719473958017,37.25576171875,0.0003,,
121,2464,298765,262.96,2164,780.70838858,288760,-145.94263916015626,0.09280978441238404,0.03241806030273438,43.503144073486325,0.0003,,
121,2472,299700,258.97,2168,766.75083879,289695,-146.95664672851564,-0.45482011437416076,0.03204387351870537,41.63502578735351,0.0003,,
121,2480,300670,255.05,2172,754.2184985499999,290665,-149.15357055664063,0.5703220784664154,0.03195181414484978,38.68266143798828,0.0003,,
121,2489,301675,259.26,2176,765.6775236100001,291670,-145.04774780273436,-0.6211330533027649,0.031428150832653046,41.636297607421874,0.0003,,
121,2494,302315,252.95,2180,745.8125212900002,292310,-145.62786865234375,-0.5614979147911072,0.032352884858846666,40.822846221923825,0.0003,,
121,2500,303015,251.27,2184,740.5398535200002,293010,-147.42734069824218,-0.996086309850216,0.032235892862081526,39.64389419555664,0.0003,,
121,2508,303990,250.75,2188,739.64299163,293985,-146.4486846923828,1.2680958807468414,0.031755569577217105,36.20831146240234,0.0003,,
121,2513,304565,251.94,2192,743.18601718,294560,-146.8480194091797,1.953205132484436,0.03185137957334518,38.862666320800784,0.0003,,
121,2523,305735,246.69,2196,726.7347289999999,295730,-143.95394287109374,-1.149319839477539,0.031228459253907204,44.738063430786134,0.0003,,
121,2527,306215,244.29,2200,719.38011017,296210,-146.5610595703125,-2.5703859329223633,0.03149811178445816,41.587353515625,0.0003,,
121,2536,307280,235.25,2204,691.5199885400001,297275,-148.3744903564453,-2.2941177248954774,0.031165380403399466,42.14380722045898,0.0003,,
121,2540,307840,232.81,2208,683.3426423200002,297835,-144.8490203857422,-0.9707538723945618,0.031095923110842704,45.07379913330078,0.0003,,
121,2547,308675,232.75,2212,683.4705854800002,298670,-148.26964111328124,-1.2419382125139236,0.031833159178495406,42.094181060791016,0.0003,,
121,2552,309215,227.62,2216,666.9739830400001,299210,-147.17587280273438,0.8464094400405884,0.03155071660876274,38.87275619506836,0.0003,,
121,2557,309905,220.39,2220,644.73965952,299900,-145.0994140625,0.7634300068020821,0.03173715025186539,43.39031753540039,0.0003,,
121,2567,311045,221.76,2224,649.0104622499999,301040,-147.89879455566407,-0.8085630238056183,0.03234696388244629,41.60559616088867,0.0003,,
121,2573,311780,219.17,2228,640.9734790799998,301775,-147.05025329589844,1.947835087776184,0.031929311156272885,44.8816780090332,0.0003,,
121,2581,312725,216.02,2232,631.09555089,302720,-146.79245300292968,-2.1821276903152467,0.03144214600324631,42.49001922607422,0.0003,,
121,2587,313500,214.42,2236,625.62095444,303495,-146.82843322753905,1.0034343242645263,0.031428059190511705,43.14610595703125,0.0003,,
121,2597,314740,215.0,2240,627.6056631199999,304735,-147.54171447753907,0.3567023754119873,0.03218336999416351,45.959651184082034,0.0003,,
121,2606,315815,217.24,2244,634.6239993999999,305810,-146.7396209716797,2.1725318908691404,0.03136335164308548,48.48432159423828,0.0003,,
121,2613,316735,219.94,2248,643.46058262,306730,-146.3306396484375,0.8771579325199127,0.0317116416990757,49.91600112915039,0.0003,,
121,2619,317425,216.91,2252,633.79629193,307420,-148.8750762939453,-1.0693597793579102,0.03191477283835411,44.62451705932617,0.0003,,
121,2625,318240,218.43,2256,638.85934938,308235,-149.28975524902344,-2.044139766693115,0.03160549253225327,40.154083251953125,0.0003,,
121,2631,318955,213.97,2260,624.85785762,308950,-146.2201354980469,-0.6296769082546234,0.03190876692533493,44.33688583374023,0.0003,,
121,2638,319700,208.98,2264,608.8607408299999,309695,-147.72168579101563,1.6987761020660401,0.03135459944605827,47.335610961914064,0.0003,,
121,2643,320340,209.52,2268,611.5890600099999,310335,-147.14768981933594,-0.055513837933540346,0.03208669573068619,48.86506805419922,0.0003,,
121,2650,321160,209.2,2272,610.9470686100001,311155,-145.5621765136719,-0.14251524209976196,0.032165487110614774,45.947567749023435,0.0003,,
121,2657,322005,201.55,2276,589.62169379,312000,-149.3641845703125,0.8813361436128616,0.03166528567671776,42.18434638977051,0.0003,,
121,2661,322510,201.37,2280,590.07360642,312505,-146.19703369140626,0.00953405499458313,0.031476641446352004,43.21397018432617,0.0003,,
121,2668,323430,202.29,2284,593.6399452100001,313425,-148.4041534423828,0.2359996557235718,0.032423897087574004,43.904703521728514,0.0003,,
121,2674,324045,202.65,2288,594.1089029,314040,-147.6069763183594,-1.2931128561496734,0.03157869279384613,41.58027267456055,0.0003,,
121,2682,325060,200.8,2292,588.88652625,315055,-144.90855407714844,0.6195030808448792,0.031100886687636376,45.78403015136719,0.0003,,
121,2689,325850,200.51,2296,587.45609291,315845,-146.78673400878907,-1.1314419031143188,0.032437543570995334,45.44723205566406,0.0003,,
121,2698,326950,204.35,2300,597.4956199699999,316945,-148.2377471923828,-2.052854984998703,0.03295740336179733,44.86768264770508,0.0003,,
121,2707,328045,206.99,2304,606.38515646,318040,-149.17953186035157,-2.3811315536499023,0.03219689950346947,43.32798309326172,0.0003,,
121,2714,329015,209.49,2308,612.27256481,319010,-148.11429138183593,0.7227006435394288,0.03157203197479248,40.63471450805664,0.0003,,
121,2722,329860,210.53,2312,612.86959018,319855,-147.74070739746094,-2.2144061088562013,0.03161048218607902,41.71247940063476,0.0003,,
121,2734,331290,213.19,2316,620.62946574,321285,-149.51898193359375,-3.234166479110718,0.03092189021408558,39.3136589050293,0.0003,,
121,2740,332090,218.7,2320,636.1899378700001,322085,-147.7270263671875,-0.4164306163787842,0.031711383163928984,43.28511047363281,0.0003,,
121,2750,333225,222.84,2324,646.1351031300002,323220,-147.7339660644531,0.5427717089653015,0.03072434812784195,41.93717727661133,0.0003,,
121,2756,333935,220.93,2328,637.97317462,323930,-148.26329345703124,0.4752653956413269,0.03068482652306557,40.41750564575195,0.0003,,
121,2765,334945,220.66,2332,636.25568277,324940,-147.26417846679686,0.13194037675857545,0.03159519582986832,46.20987091064453,0.0003,,
121,2776,336265,224.47,2336,649.90786054,326260,-148.41712951660156,-0.10123809576034545,0.032490485906600954,43.633338165283206,0.0003,,
121,2786,337520,227.48,2340,656.03116246,327515,-149.94366455078125,-0.2285439133644104,0.03173493444919586,45.19483261108398,0.0003,,
121,2793,338390,226.33,2344,652.7139839700001,328385,-148.8116485595703,-1.0928093791007996,0.03221060112118721,40.75129165649414,0.0003,,
121,2803,339510,227.67,2348,657.36075859,329505,-146.61407775878905,-0.8162402391433716,0.03226176276803017,42.11628341674805,0.0003,,
121,2815,340895,230.18,2352,664.3858885999999,330890,-148.97196044921876,-2.2413256049156187,0.03155705705285072,43.954367065429686,0.0003,,
121,2825,342090,234.41,2356,675.96712693,332085,-147.2031219482422,-0.14049000144004822,0.032493697851896285,48.07251510620117,0.0003,,
121,2831,342870,238.17,2360,685.09766809,332865,-148.68382873535157,0.15276970863342285,0.03215287327766418,44.49038238525391,0.0003,,
121,2836,343400,239.05,2364,686.2458479599998,333395,-148.58393249511718,1.177651983499527,0.03257107585668564,46.695001220703126,0.0003,,
121,2849,344965,240.39,2368,688.14425927,334960,-146.83841552734376,0.09080260992050171,0.0314968541264534,42.389077758789064,0.0003,,
121,2854,345560,244.57,2372,700.42657062,335555,-148.5377624511719,0.5013206124305725,0.032505583763122556,41.829261779785156,0.0003,,
121,2864,346705,246.36,2376,705.7692331699999,336700,-145.54593505859376,1.2201831638813019,0.03322197049856186,44.33166275024414,0.0003,,
121,2868,347300,249.31,2380,714.3929867599998,337295,-148.24913330078124,-1.608935809135437,0.032407299429178235,41.959920501708986,0.0003,,
121,2877,348195,249.6,2384,713.9663574,338190,-147.5246795654297,1.2579808473587035,0.03187222108244896,41.8769645690918,0.0003,,
121,2885,349305,250.97,2388,719.34766218,339300,-149.81080932617186,0.5130380630493164,0.031212450936436653,44.332271575927734,0.0003,,
121,2892,350160,251.29,2392,720.7642248799999,340155,-149.19585876464845,0.47066810727119446,0.03207509145140648,46.26283340454101,0.0003,,
121,2900,351040,250.95,2396,719.27263216,341035,-147.0921875,-0.6051900863647461,0.031037147715687753,42.32892990112305,0.0003,,
121,2916,352970,247.6,2400,707.9687702200001,342965,-150.04022521972655,-1.65285884141922,0.03119586631655693,37.00617141723633,0.0003,,
121,2923,353840,259.72,2404,742.2708453399999,343835,-149.04998168945312,-0.8285135269165039,0.031530356407165526,44.470612335205075,0.0003,,
121,2932,354960,260.01,2408,745.6216988699999,344955,-150.67945861816406,-0.49296670854091645,0.03201677873730659,42.368125915527344,0.0003,,
121,2941,355925,260.95,2412,751.1966669100001,345920,-149.9584716796875,-1.117986908555031,0.031517398357391355,43.90133819580078,0.0003,,
121,2948,356875,263.31,2416,755.9268092799998,346870,-148.34608764648436,-0.7109931230545044,0.03125898465514183,44.36352615356445,0.0003,,
121,2959,358115,260.45,2420,748.7643628499999,348110,-151.5634735107422,0.6097084760665894,0.03172491863369942,42.337548828125,0.0003,,
121,2967,359130,256.1,2424,738.46369441,349125,-150.66907653808593,2.8231664657592774,0.03158927857875824,41.893741607666016,0.0003,,
121,2978,360530,258.71,2428,748.1040817300002,350525,-150.7722198486328,-1.2362509608268737,0.03201515153050423,46.75304107666015,0.0003,,
121,2988,361690,263.86,2432,765.78763956,351685,-150.75348815917968,-1.9265487670898438,0.030544425919651987,42.305171203613284,0.0003,,
121,2996,362755,266.38,2436,773.1276304099998,352750,-151.95113525390624,0.9917088270187377,0.03235135227441788,40.215728759765625,0.0003,,
121,3001,363350,262.79,2440,764.396775,353345,-150.71226196289064,1.4282716155052184,0.032038253545761106,41.05781478881836,0.0003,,
121,3017,365160,262.69,2444,764.09221803,355155,-150.06366577148438,-2.705485773086548,0.03229753822088242,41.31055908203125,0.0003,,
121,3027,366425,262.83,2448,763.7647344799999,356420,-151.32766723632812,0.5404079914093017,0.031218814477324486,39.34755401611328,0.0003,,
121,3036,367450,261.86,2452,760.57916517,357445,-152.2542297363281,-0.11692370176315307,0.031855127215385436,45.452294540405276,0.0003,,
121,3048,368930,267.23,2456,775.8102935100002,358925,-151.9680969238281,-0.24029278755187988,0.03170928955078125,42.90073471069336,0.0003,,
121,3055,369905,268.94,2460,777.75698086,359900,-152.54556884765626,-1.1289080739021302,0.031777973473072055,44.24459609985352,0.0003,,
121,3063,370860,270.65,2464,785.61212223,360855,-150.85881958007812,-1.4498847663402556,0.0318842738866806,42.81550903320313,0.0003,,
121,3073,371980,274.58,2468,798.7102330100001,361975,-150.62472229003907,1.7870585560798644,0.031011801585555075,40.83100128173828,0.0003,,
121,3079,372720,271.14,2472,787.27172151,362715,-149.89329528808594,-1.0388102054595947,0.031159186363220216,43.632876586914065,0.0003,,
121,3084,373365,270.03,2476,783.7321818899999,363360,-150.50049438476563,-0.5573344647884368,0.03156687021255493,43.693241119384766,0.0003,,
121,3094,374480,268.2,2480,778.2297318799997,364475,-150.42555541992186,-0.772014445066452,0.03139673620462417,42.72916107177734,0.0003,,
121,3099,375040,267.59,2484,776.72294142,365035,-152.90022888183594,-0.8543534994125366,0.030789799615740777,44.04059677124023,0.0003,,
121,3106,375930,266.44,2488,772.74105603,365925,-151.05684509277344,0.9882616519927978,0.03157367631793022,47.24226837158203,0.0003,,
121,3114,376925,267.82,2492,776.3627005399999,366920,-150.2265655517578,-0.9184124410152436,0.03141181170940399,41.92025146484375,0.0003,,
121,3123,377960,268.14,2496,777.8310247900001,367955,-151.7093933105469,2.534481477737427,0.03192603886127472,43.3747917175293,0.0003,,
121,3126,378325,269.55,2500,784.12765495,368320,-151.50523681640624,0.15373657941818236,0.0313215546309948,42.95369110107422,0.0003,,
121,3133,379155,252.48,2504,734.17273497,369150,-151.7622100830078,1.400530457496643,0.030912546813488005,43.95341796875,0.0003,,
121,3136,379550,249.03,2508,723.5871820599998,369545,-150.99068298339844,-0.17797336876392364,0.031418613344430926,44.34663543701172,0.0003,,
121,3141,380250,246.36,2512,715.0637361199999,370245,-150.8315399169922,-0.13772315979003907,0.03101123832166195,43.476078033447266,0.0003,,
121,3148,381070,242.49,2516,705.92683906,371065,-152.46341857910156,-1.7110584735870362,0.03179464340209961,44.059120178222656,0.0003,,
121,3153,381685,238.42,2520,693.1276369499999,371680,-152.34949951171876,1.362413263320923,0.031349335610866544,43.15557670593262,0.0003,,
121,3160,382485,235.28,2524,682.89890873,372480,-152.41920166015626,0.5747084215283393,0.03189704567193985,46.179480743408206,0.0003,,
121,3164,382985,231.6,2528,670.55650381,372980,-150.67533264160156,-1.085022658109665,0.0317623682320118,46.66144714355469,0.0003,,
121,3172,383890,225.85,2532,652.09291069,373885,-149.7309112548828,1.1759033918380737,0.03150937408208847,49.97442092895508,0.0003,,
121,3180,384850,219.9,2536,633.12858081,374845,-152.2049530029297,-0.6178362488746643,0.03134506568312645,46.31600341796875,0.0003,,
121,3188,385800,220.49,2540,634.71343133,375795,-151.5563751220703,-2.2655223965644837,0.031382213532924655,45.750135040283205,0.0003,,
121,3190,386085,219.12,2544,628.49814881,376080,-149.81112670898438,-0.59266357421875,0.03115454167127609,46.0353401184082,0.0003,,
120,3205,387800,215.06,2548,615.70305958,377795,-151.91680603027345,-2.511273753643036,0.03281745240092278,47.15892562866211,0.0003,,
120,3208,388275,218.78,2552,627.87572415,378270,-152.26355590820313,-1.1958053469657899,0.030601929128170013,38.88133697509765,0.0003,,
120,3223,390045,209.43,2556,600.03540303,380040,-149.56184997558594,0.5685734391212464,0.031175108253955842,44.027503204345706,0.0003,,
121,3227,390535,209.21,2560,605.64760585,380530,-150.60102233886718,-0.9368436276912689,0.03217105194926262,48.02933578491211,0.0003,,
121,3235,391465,209.02,2564,602.93014385,381460,-150.25308227539062,-0.3254527270793915,0.03165773451328278,45.52791137695313,0.0003,,
121,3244,392590,204.76,2568,591.1359422300001,382585,-149.42572937011718,0.8416808128356934,0.03164063021540642,42.26247024536133,0.0003,,
120,3247,392950,204.48,2572,590.1895693000001,382945,-150.38749084472656,1.9969984292984009,0.0321114681661129,46.76585388183594,0.0003,,
120,3261,394665,206.61,2576,597.38416735,384660,-150.38890380859374,1.9149645805358886,0.031320928037166594,42.474500274658205,0.0003,,
120,3269,395590,209.76,2580,606.69643961,385585,-150.45844116210938,-0.26511024832725527,0.03146595284342766,43.70605239868164,0.0003,,
120,3276,396385,212.07,2584,614.18627109,386380,-148.5016082763672,1.3377203226089478,0.03121958114206791,45.8497817993164,0.0003,,
120,3282,397150,212.76,2588,615.96322238,387145,-150.67584533691405,0.7395113646984101,0.03156597912311554,48.61851272583008,0.0003,,
120,3290,398065,213.46,2592,618.93823246,388060,-152.5758087158203,-1.7532184898853302,0.0327465146780014,51.79192199707031,0.0003,,
120,3297,398970,214.31,2596,620.5358681900001,388965,-150.83702087402344,1.6675103187561036,0.03228106498718262,43.841871643066405,0.0003,,
120,3306,400000,212.5,2600,614.7827108800001,389995,-149.83605346679687,-2.062827098369598,0.03188357129693031,45.59863815307617,0.0003,,
121,3313,400990,217.29,2604,628.21066624,390985,-150.1457092285156,1.4037276029586792,0.030486278980970383,46.43875350952148,0.0003,,
120,3324,402300,220.85,2608,637.77370969,392295,-152.6526092529297,1.2495993018150329,0.03261889219284057,41.22721977233887,0.0003,,
120,3332,403230,224.85,2612,647.37549452,393225,-153.0110107421875,-0.549169373512268,0.0322874516248703,44.024296569824216,0.0003,,
120,3341,404310,228.61,2616,657.8838343900002,394305,-152.0469482421875,2.298615092039108,0.03188037350773811,41.198743438720705,0.0003,,
121,3346,404970,233.11,2620,671.4806236099998,394965,-151.73484802246094,0.7342322170734406,0.03198424205183983,43.087057495117186,0.0003,,
121,3361,406765,234.16,2624,673.3110456100002,396760,-152.29923400878906,2.1736893177032472,0.03163071423768997,43.27959060668945,0.0003,,
120,3373,408175,246.32,2628,710.3108991100002,398170,-149.83819274902345,1.2936655104160308,0.03232787698507309,41.4784423828125,0.0003,,
120,3380,409060,253.55,2632,732.64922105,399055,-151.19623413085938,-0.6777384519577027,0.030562638491392135,48.36951217651367,0.0003,,
120,3389,410085,253.84,2636,734.04935247,400080,-151.36454162597656,-0.9801378726959229,0.03106539249420166,46.489315795898435,0.0003,,
121,3397,411065,255.83,2640,741.3298709699999,401060,-153.06564636230468,-0.5656295537948608,0.030781840533018114,49.03944473266601,0.0003,,
120,3410,412695,256.69,2644,746.2099467000002,402690,-150.96759033203125,0.15674797296524048,0.031081531569361685,46.45701599121094,0.0003,,
120,3413,413060,261.29,2648,761.0408097100001,403055,-150.7541473388672,-1.4870330154895783,0.0316979706287384,42.84128189086914,0.0003,,
120,3428,414755,257.61,2652,748.8557963,404750,-150.55530700683593,-0.013867020606994629,0.030752404406666756,46.33570098876953,0.0003,,
120,3441,416270,262.99,2656,767.6703865899998,406265,-151.50653076171875,0.6599687516689301,0.03169309124350548,43.960322570800784,0.0003,,
120,3454,417795,266.11,2660,776.77139746,407790,-151.62396240234375,0.7484155654907226,0.03121527172625065,40.21777877807617,0.0003,,
120,3463,418840,268.8,2664,785.6060090399998,408835,-149.76201171875,-0.03147581219673157,0.03171074762940407,44.2545669555664,0.0003,,
120,3474,420160,273.71,2668,798.5609391700001,410155,-150.89051208496093,-0.473748517036438,0.0323229044675827,39.5457160949707,0.0003,,
120,3479,420825,277.68,2672,812.6745856099999,410820,-150.8994934082031,0.7289174199104309,0.03242066502571106,44.532850646972655,0.0003,,
120,3490,422195,276.65,2676,810.0835981999999,412190,-150.3928649902344,-0.3886550724506378,0.03172591924667358,45.94133758544922,0.0003,,
120,3493,422585,275.21,2680,807.2369782799999,412580,-150.85209045410156,-0.5463826298713684,0.03156356811523438,46.10284957885742,0.0003,,
120,3500,423375,271.02,2684,794.21535539,413370,-152.1219024658203,1.249565327167511,0.031607989221811295,46.87493743896484,0.0003,,
120,3507,424235,269.62,2688,790.4030455900001,414230,-151.41146850585938,0.6865413784980774,0.03201899155974388,50.54259719848633,0.0003,,
120,3515,425110,267.24,2692,782.6514665000001,415105,-150.77662658691406,3.0122138977050783,0.03191261887550354,45.36841659545898,0.0003,,
120,3520,425795,268.25,2696,787.07076469,415790,-153.08916931152345,-0.02286076545715332,0.03125366121530533,47.96610641479492,0.0003,,
120,3528,426725,270.54,2700,795.2880035000001,416720,-153.18031005859376,-0.18277047872543334,0.031718040257692336,45.533627319335935,0.0003,,
120,3539,428045,269.0,2704,792.9590380400001,418040,-151.88611450195313,0.7862946152687073,0.03136670514941216,45.212876892089845,0.0003,,
120,3545,428700,269.34,2708,795.3294093100002,418695,-153.28207397460938,-1.6461678266525268,0.03215468153357506,41.05463180541992,0.0003,,
120,3550,429360,265.19,2712,784.1912432200002,419355,-153.65143737792968,2.299352288246155,0.03161896243691444,46.14579849243164,0.0003,,
120,3560,430505,262.04,2716,774.6709055599999,420500,-150.61151733398438,2.068685495853424,0.03104456402361393,52.18275604248047,0.0003,,
120,3567,431395,261.09,2720,770.6396953899999,421390,-151.95950927734376,-1.0857449531555177,0.03218798115849495,46.4836540222168,0.0003,,
120,3574,432335,263.55,2724,779.7943782899998,422330,-151.04396362304686,0.778434333205223,0.0316645547747612,43.68748321533203,0.0003,,
120,3584,433500,251.31,2728,740.9152980399999,423495,-152.439501953125,0.26953543424606324,0.03257184997200966,49.311222076416016,0.0003,,
120,3592,434490,249.54,2732,737.3601540599998,424485,-152.8869659423828,0.33832296133041384,0.03231189399957657,48.12883529663086,0.0003,,
120,3604,435820,256.44,2736,758.0474284799998,425815,-152.5250671386719,0.3863758146762848,0.03183087185025215,46.45686645507813,0.0003,,
120,3609,436460,252.29,2740,744.9723647400001,426455,-152.9483856201172,0.6861617147922516,0.030983885750174522,42.578146362304686,0.0003,,
120,3619,437625,252.61,2744,744.9110991099999,427620,-152.47154541015624,-2.1356338262557983,0.03220121860504151,45.14569931030273,0.0003,,
120,3624,438290,247.56,2748,729.0766748000002,428285,-153.66195373535157,-1.644821333885193,0.03285916745662689,46.299173736572264,0.0003,,
120,3630,439095,250.42,2752,738.4817504999999,429090,-151.2073486328125,2.6837491273880003,0.03297777697443962,45.08174209594726,0.0003,,
120,3644,440740,242.91,2756,714.9306577399999,430735,-153.68331909179688,1.0264957964420318,0.03179665803909302,49.13795547485351,0.0003,,
120,3651,441630,239.36,2760,704.7577553000001,431625,-150.864501953125,1.2333447456359863,0.032584208995103836,47.36282501220703,0.0003,,
120,3656,442290,240.52,2764,709.69821844,432285,-150.2252166748047,-1.9991113662719726,0.03314894214272499,48.848751068115234,0.0003,,
120,3667,443540,235.59,2768,696.2864215699999,433535,-151.3273162841797,-0.08518095016479492,0.03189613968133927,52.79732818603516,0.0003,,
120,3673,444195,233.93,2772,690.4436166600001,434190,-151.66295776367187,0.3443291515111923,0.03209133595228195,45.86023101806641,0.0003,,
120,3683,445410,232.05,2776,683.4870821300001,435405,-155.18975524902345,1.0450556397438049,0.031440047174692155,47.39445037841797,0.0003,,
120,3691,446360,234.5,2780,689.0373851600001,436355,-153.31255493164062,-0.56529780626297,0.033102656900882724,44.59126968383789,0.0003,,
120,3697,447085,236.62,2784,695.84205816,437080,-151.0950500488281,-1.639308547973633,0.033148768544197085,46.727308654785155,0.0003,,
120,3705,448000,237.01,2788,696.9425935300001,437995,-152.87728576660157,-1.063112211227417,0.03290942907333374,46.79009017944336,0.0003,,
120,3710,448665,236.8,2792,696.4659507399998,438660,-151.5075927734375,2.999910306930542,0.03229020088911057,44.442691802978516,0.0003,,
120,3718,449600,233.22,2796,684.3229760700001,439595,-150.88595275878907,-1.0336272478103639,0.032439074665308,46.542562103271486,0.0003,,
120,3725,450460,231.4,2800,678.4792242899999,440455,-154.1252655029297,-0.9824011206626893,0.03265544846653938,47.45734405517578,0.0003,,
120,3732,451285,233.89,2804,685.5431422400001,441280,-152.39675903320312,-2.3431318759918214,0.033092306554317476,46.34075164794922,0.0003,,
120,3741,452440,231.36,2808,678.27606945,442435,-152.8911895751953,-1.2466348886489869,0.03251899629831314,47.7107551574707,0.0003,,
120,3749,453435,238.74,2812,701.25775585,443430,-151.0234375,-2.6097482681274413,0.033179640769958496,44.7924186706543,0.0003,,
120,3760,454710,242.41,2816,714.19083229,444705,-152.37030334472655,-1.3629375994205475,0.03266482800245285,50.356031799316405,0.0003,,
120,3767,455505,241.45,2820,711.5287796200001,445500,-150.5145751953125,1.5459603309631347,0.03397325426340103,53.11023788452148,0.0003,,
120,3779,456990,243.92,2824,719.8134548800001,446985,-151.07676696777344,0.49683215618133547,0.032926459610462186,48.96898422241211,0.0003,,
120,3783,457455,247.12,2828,731.50943879,447450,-151.49435729980468,2.007259559631348,0.03302577212452888,46.46409606933594,0.0003,,
120,3789,458170,242.39,2832,713.86455763,448165,-151.27569885253905,1.7704177975654602,0.034366635233163835,42.394586181640626,0.0003,,
120,3796,458965,233.48,2836,686.2066765799998,448960,-152.11583251953124,-0.3059055507183075,0.031969203054904936,50.85765075683594,0.0003,,
120,3804,459980,235.96,2840,691.35410639,449975,-150.79456787109376,-0.2365256667137146,0.03180951476097107,54.206976318359374,0.0003,,
120,3811,460770,234.33,2844,686.6728019699999,450765,-150.83907470703124,1.0952641129493714,0.03282562419772148,47.7199462890625,0.0003,,
120,3822,462195,234.66,2848,687.23796881,452190,-152.595068359375,0.45030848383903505,0.0337246373295784,51.07824478149414,0.0003,,
120,3837,464005,240.53,2852,704.3398074000002,454000,-151.50914306640624,1.3773690223693849,0.03239148408174515,48.23706207275391,0.0003,,
120,3843,464740,246.01,2856,720.51300114,454735,-150.2764129638672,1.0509113907814025,0.033119285851716994,49.83212738037109,0.0003,,
120,3852,465825,244.5,2860,715.8038390099999,455820,-151.97988586425782,-1.0068047404289246,0.03215100392699242,43.55819244384766,0.0003,,
120,3861,466930,242.54,2864,709.7868703700001,456925,-150.7705078125,2.127349483966827,0.03297342732548714,49.34416122436524,0.0003,,
120,3870,468040,246.62,2868,723.5181985300001,458035,-151.803076171875,0.574151623249054,0.0331236332654953,43.74673156738281,0.0003,,
120,3881,469360,244.95,2872,716.5750387500001,459355,-152.91720581054688,0.9515846610069275,0.03215298801660538,49.99019775390625,0.0003,,
120,3883,469615,248.71,2876,727.6187576200002,459610,-152.40489807128907,0.8732471585273742,0.03325007557868957,52.010388946533205,0.0003,,
120,3893,470820,244.95,2880,715.4114697800002,460815,-150.59169006347656,-1.3819814026355743,0.03359922096133232,51.02476196289062,0.0003,,
120,3901,471765,246.96,2884,720.84744416,461760,-151.48947448730468,1.7612035512924193,0.03225526288151741,50.50099563598633,0.0003,,
120,3907,472470,246.4,2888,718.91306155,462465,-151.56307373046874,0.7296159267425537,0.03157251700758934,43.871527099609374,0.0003,,
120,3917,473725,246.32,2892,717.7790494800001,463720,-151.33578491210938,-1.707121777534485,0.03319781124591827,51.93823165893555,0.0003,,
120,3929,475160,256.15,2896,749.70330642,465155,-150.6463195800781,0.31989023089408875,0.0328396774828434,46.64967803955078,0.0003,,
120,3937,476055,260.7,2900,762.1813519299999,466050,-151.1509033203125,0.2432307004928589,0.032610366493463515,49.327735900878906,0.0003,,
120,3949,477465,262.02,2904,765.6114897400001,467460,-152.748193359375,0.9228307485580445,0.03308742344379425,47.798318481445314,0.0003,,
120,3961,478915,268.3,2908,782.70845796,468910,-149.2943908691406,-0.2836096704006195,0.03252037912607193,49.70076675415039,0.0003,,
120,3971,480070,266.18,2912,775.18571543,470065,-150.6575134277344,1.237465786933899,0.034374891221523284,52.588984680175784,0.0003,,
120,3978,480975,260.78,2916,752.40600645,470970,-150.36874694824218,0.27645566761493684,0.03270640671253204,47.565625,0.0003,,
120,3987,481990,264.93,2920,763.5506348,471985,-149.8398895263672,-0.20290101766586305,0.03361756503582001,47.283528900146486,0.0003,,
120,3995,483015,264.85,2924,762.7299855599999,473010,-151.98122863769532,-0.031691241264343264,0.033299770951271054,45.47107849121094,0.0003,,
120,4007,484495,265.01,2928,765.58330657,474490,-151.93031616210936,0.24225887060165405,0.032022659480571744,47.308800506591794,0.0003,,
120,4017,485695,265.53,2932,768.5280181200001,475690,-150.07254638671876,0.4432022631168365,0.032526642084121704,50.05409317016601,0.0003,,
120,4027,486820,277.09,2936,806.8311472900001,476815,-149.61151428222655,0.7814837992191315,0.033277325332164764,45.40781936645508,0.0003,,
120,4037,488045,280.3,2940,819.8294590999998,478040,-149.5901641845703,1.4689693450927734,0.03251655101776123,46.74933090209961,0.0003,,
120,4047,489160,284.58,2944,834.9213532,479155,-150.2055450439453,0.3883779406547546,0.033497614413499834,49.83555908203125,0.0003,,
120,4059,490525,286.62,2948,842.1469156,480520,-152.8991241455078,-1.1423438966274262,0.03354424014687538,48.027183532714844,0.0003,,
120,4063,491030,279.51,2952,821.5838917799999,481025,-150.82938232421876,-0.13886927366256713,0.03361745700240135,47.858079528808595,0.0003,,
120,4075,492440,276.6,2956,812.71219189,482435,-151.72879333496093,-2.082096314430237,0.034192494302988055,48.05153579711914,0.0003,,
120,4080,493215,274.85,2960,806.9653193099999,483210,-150.64612731933593,0.5696184635162354,0.03367640823125839,45.67026062011719,0.0003,,
120,4085,493860,270.3,2964,791.92916769,483855,-149.37836608886718,1.0247337102890015,0.033663080632686616,48.1740104675293,0.0003,,
120,4092,494675,266.73,2968,780.2912658000001,484670,-151.92276000976562,1.0201292037963867,0.03270253613591194,51.87935180664063,0.0003,,
120,4098,495385,265.81,2972,779.32538831,485380,-152.23959655761718,-1.6601078748703002,0.033086349815130235,50.23354721069336,0.0003,,
120,4104,496115,262.67,2976,770.6167758299999,486110,-150.41717834472655,1.2604366898536683,0.03306685760617256,51.79420776367188,0.0003,,
120,4112,497105,264.67,2980,777.3571032700003,487100,-150.3815887451172,-0.4809580683708191,0.033364998549222945,46.51836471557617,0.0003,,
120,4120,498085,261.88,2984,770.2341337400001,488080,-152.2361297607422,-1.0408816814422608,0.03306282609701157,49.25223388671875,0.0003,,
120,4130,499250,266.31,2988,784.87656401,489245,-150.2934997558594,-0.36756484061479566,0.033673659712076184,55.27054672241211,0.0003,,
,,500000,,,,489995,-151.84632568359376,-0.3207904487848282,0.032561450451612475,51.03650894165039,0.0003,951.0783630000002,309.8
120,4142,500445,268.05,2992,791.3974939699999,490440,-149.27344360351563,1.7570880651474,0.032282662391662595,48.97004928588867,0.0003,,
120,4149,501300,260.31,2996,766.71546401,491295,-151.78225708007812,-0.627181327342987,0.03383709639310837,44.2300910949707,0.0003,,
120,4156,502180,259.42,3000,766.1674280099999,492175,-152.2257049560547,-0.7441459417343139,0.03433499038219452,48.120523834228514,0.0003,,
120,4162,502980,256.55,3004,754.96150652,492975,-151.16172485351564,0.3345394551753998,0.033361708372831346,48.531317138671874,0.0003,,
120,4171,504060,253.79,3008,747.1034303899999,494055,-149.69821166992188,-1.437023973464966,0.03302617073059082,48.99902267456055,0.0003,,
120,4181,505160,250.41,3012,737.99807783,495155,-151.49022827148437,0.8196082711219788,0.0338676817715168,47.61694107055664,0.0003,,
120,4192,506430,253.12,3016,752.4272685099999,496425,-152.13546752929688,-0.7235515654087067,0.033061593770980835,49.53060455322266,0.0003,,
120,4199,507315,253.2,3020,755.4951711400001,497310,-149.90533447265625,-1.4197139382362365,0.03392859697341919,47.41428070068359,0.0003,,
120,4208,508415,252.23,3024,752.7443605799999,498410,-150.99578857421875,-0.6548887133598328,0.03233664482831955,45.06557006835938,0.0003,,
120,4216,509355,250.03,3028,744.7335492899999,499350,-152.68617553710936,0.5141542494297028,0.033246404677629474,48.50374755859375,0.0003,,
120,4223,510180,248.92,3032,741.4810512099998,500175,-151.08525695800782,1.7121514797210693,0.03330901488661766,50.10296630859375,0.0003,,
120,4229,510905,244.43,3036,726.2375960400001,500900,-151.5933837890625,-0.5728803515434265,0.0329020082950592,45.48939666748047,0.0003,,
120,4241,512295,241.86,3040,717.49828064,502290,-152.19988403320312,-1.4720532536506652,0.03389161974191666,46.95702438354492,0.0003,,
120,4252,513645,241.03,3044,713.61516248,503640,-149.70535583496093,1.946134662628174,0.03348885849118233,46.913744354248045,0.0003,,
120,4261,514715,241.13,3048,713.9593125699998,504710,-148.42093200683593,-0.014311307668685913,0.03402303457260132,51.035073852539064,0.0003,,
120,4269,515660,242.76,3052,719.5287477,505655,-148.97683715820312,0.3806468039751053,0.03221230879426003,52.96918563842773,0.0003,,
120,4278,516795,242.07,3056,717.7517933200002,506790,-152.09973754882813,-0.2921909511089325,0.033526298403739926,47.705736541748045,0.0003,,
120,4289,518060,246.58,3060,731.30049187,508055,-151.34884643554688,1.0207008957862853,0.03390101864933968,48.788655853271486,0.0003,,
120,4298,519105,253.19,3064,751.13280527,509100,-150.75865783691407,-0.8632913589477539,0.03418971225619316,47.28216400146484,0.0003,,
120,4307,520140,255.22,3068,756.0340200999999,510135,-152.00397033691405,1.702553677558899,0.03266883566975594,47.21110076904297,0.0003,,
120,4313,520895,256.0,3072,757.72814817,510890,-153.4927490234375,1.2646214246749878,0.033353380113840106,51.641370391845705,0.0003,,
120,4321,521835,256.86,3076,760.42137199,511830,-151.7162841796875,-0.3609800457954407,0.03449822664260864,44.59853515625,0.0003,,
120,4329,522750,254.15,3080,753.1237822899999,512745,-149.73329162597656,0.8794105648994446,0.03465149030089378,49.83161087036133,0.0003,,
120,4336,523680,258.13,3084,765.4275862899999,513675,-152.63760986328126,0.7745915293693543,0.03369831666350365,49.13426971435547,0.0003,,
120,4344,524735,253.84,3088,750.1598154299999,514730,-150.5749542236328,0.6692220270633698,0.03585165217518806,46.710147857666016,0.0003,,
120,4354,525825,257.15,3092,757.6426019,515820,-151.07546691894532,0.3008057773113251,0.03389703333377838,52.33563919067383,0.0003,,
120,4363,526845,256.98,3096,757.2228969,516840,-152.0763397216797,0.01625438928604126,0.032928793132305144,53.40407943725586,0.0003,,
120,4369,527600,255.58,3100,752.3825982300001,517595,-150.93779907226562,-0.5701320052146912,0.03522394523024559,48.678374481201175,0.0003,,
120,4381,529065,258.22,3104,761.0137075,519060,-151.51531372070312,0.4496873915195465,0.03313182070851326,50.65730361938476,0.0003,,
120,4394,530530,262.35,3108,771.70223577,520525,-151.13800659179688,-1.5727845668792724,0.033877304196357726,52.09296417236328,0.0003,,
120,4405,531845,264.56,3112,776.61743446,521840,-151.2518341064453,0.25226213932037356,0.03489875867962837,46.11825180053711,0.0003,,
120,4414,532885,268.81,3116,787.84015048,522880,-152.02166748046875,-0.7392892718315125,0.03492008298635483,44.87833023071289,0.0003,,
120,4419,533600,264.93,3120,774.78338908,523595,-151.97789001464844,-0.4328667640686035,0.035393987596035,45.94517211914062,0.0003,,
120,4426,534450,262.16,3124,765.3908209000001,524445,-151.55951232910155,-0.017178308963775635,0.03563086837530136,43.12588729858398,0.0003,,
120,4435,535540,264.05,3128,770.6048777600001,525535,-152.57156066894532,-0.36499576568603515,0.0345186248421669,48.77645416259766,0.0003,,
120,4442,536380,264.53,3132,770.810414,526375,-151.5340118408203,1.0807032704353332,0.03593865931034088,50.40355529785156,0.0003,,
120,4449,537170,259.13,3136,753.29017169,527165,-150.22857055664062,-0.49005619883537294,0.03614043965935707,54.93570785522461,0.0003,,
120,4451,537470,255.0,3140,739.20108866,527465,-152.9860046386719,1.4243799567222595,0.03499036654829979,51.92452163696289,0.0003,,
120,4458,538230,250.4,3144,723.7058050900002,528225,-151.61809997558595,-0.6540062069892884,0.03269031643867493,50.09313430786133,0.0003,,
120,4468,539495,246.89,3148,711.0078633899998,529490,-153.42275695800782,0.6926499307155609,0.03438840061426163,49.27193984985352,0.0003,,
120,4477,540535,245.89,3152,706.4075287899998,530530,-152.91659851074218,-0.9614971697330474,0.03345133513212204,46.96935272216797,0.0003,,
120,4487,541720,252.0,3156,723.1127075699999,531715,-150.12132873535157,-1.1658989906311035,0.03525664359331131,50.29757385253906,0.0003,,
120,4493,542420,245.73,3160,702.5586100799999,532415,-148.79762573242186,-0.23217858076095582,0.03467127531766891,46.5300910949707,0.0003,,
120,4500,543255,242.33,3164,691.88371462,533250,-151.77140197753906,-0.1097825288772583,0.03530464991927147,48.377854919433595,0.0003,,
120,4505,544005,239.05,3168,682.5859745,534000,-152.03900756835938,-2.080945110321045,0.03408477902412414,51.05381546020508,0.0003,,
120,4513,544985,239.26,3172,682.20271689,534980,-151.17229309082032,-1.45899178981781,0.03693041577935219,58.98058319091797,0.0003,,
120,4524,546205,240.22,3176,684.2427687,536200,-151.41571044921875,-0.27676878571510316,0.034665558487176895,46.92120895385742,0.0003,,
120,4532,547165,242.44,3180,691.06556914,537160,-152.19386596679686,0.7487941980361938,0.03402398154139519,51.80640640258789,0.0003,,
120,4537,547800,239.42,3184,678.8459814799999,537795,-150.38286437988282,-0.5547181010246277,0.0347439631819725,55.42481918334961,0.0003,,
120,4553,549730,244.54,3188,692.0392089800001,539725,-150.34491577148438,-2.260791802406311,0.03530366420745849,51.78750305175781,0.0003,,
120,4559,550460,248.03,3192,701.8999982999999,540455,-151.60635681152343,1.5177061319351197,0.03377788439393044,50.993936920166014,0.0003,,
120,4570,551650,248.07,3196,702.4000116800001,541645,-149.9280517578125,0.41543431878089904,0.03416818380355835,44.7259017944336,0.0003,,
120,4578,552505,246.92,3200,697.41772237,542500,-150.27570495605468,-0.15682201385498046,0.033999402076005936,50.720072174072264,0.0003,,
120,4588,553640,246.65,3204,696.3789394199999,543635,-150.42939453125,-0.8851258993148804,0.036832035332918164,48.11236572265625,0.0003,,
120,4593,554345,240.63,3208,679.9821684100002,544340,-152.0146911621094,0.6189707517623901,0.03471147045493126,46.97887496948242,0.0003,,
120,4607,555875,241.4,3212,680.8988525099999,545870,-151.14686889648436,2.156459379196167,0.03556284457445145,50.31638107299805,0.0003,,
120,4616,556950,238.29,3216,671.7169088400001,546945,-151.0551971435547,-0.21044869720935822,0.0338840052485466,52.00352783203125,0.0003,,
120,4626,558125,240.21,3220,678.06603436,548120,-152.0092010498047,-0.8457079827785492,0.03468953520059585,51.35432891845703,0.0003,,
120,4633,558910,244.07,3224,688.8934392100001,548905,-149.07328186035156,0.5052980422973633,0.035077142715454104,51.26628036499024,0.0003,,
120,4641,559950,242.16,3228,682.1271688699999,549945,-150.22991638183595,-2.809943747520447,0.03569934368133545,46.40483779907227,0.0003,,
120,4652,561170,244.28,3232,688.8925276500003,551165,-150.58020629882813,0.12797755897045135,0.034795168042182925,48.7770492553711,0.0003,,
120,4658,561875,249.06,3236,702.9801582199999,551870,-150.09594116210937,-1.0221566557884216,0.03486691415309906,48.417041015625,0.0003,,
120,4670,563380,252.54,3240,713.61018854,553375,-151.37469177246095,-0.2766240030527115,0.03382160738110542,42.716827392578125,0.0003,,
120,4676,564130,257.53,3244,727.5985704100001,554125,-151.59255981445312,-0.05610277056694031,0.03319078236818314,47.73334503173828,0.0003,,
120,4689,565690,261.88,3248,738.27224418,555685,-149.5475646972656,-0.5181471467018127,0.03370260894298553,54.41628189086914,0.0003,,
120,4700,567045,265.7,3252,748.2638155499999,557040,-150.66431579589843,-0.9169675141572953,0.03379437923431396,49.75838088989258,0.0003,,
120,4708,567970,262.82,3256,739.1269876,557965,-151.39791870117188,-1.3046237766742705,0.03502481728792191,47.105892944335935,0.0003,,
120,4715,568830,265.21,3260,746.6807590200001,558825,-152.7311798095703,0.7584074378013611,0.033501530438661574,48.78170471191406,0.0003,,
120,4726,570185,267.16,3264,753.0013636599999,560180,-151.91871032714843,1.0064385890960694,0.03367030471563339,42.1471549987793,0.0003,,
120,4732,570860,269.34,3268,758.34622102,560855,-151.7270294189453,-2.411427903175354,0.034894680976867674,50.48227462768555,0.0003,,
120,4746,572520,267.16,3272,750.0915189199998,562515,-149.12145385742187,0.6147123277187347,0.03314131647348404,53.6817626953125,0.0003,,
120,4757,573755,273.97,3276,768.76142811,563750,-150.99563293457032,-0.35686796009540556,0.03554714396595955,45.483700561523435,0.0003,,
120,4763,574540,275.91,3280,771.9479177600001,564535,-151.51064758300782,1.6535354614257813,0.03441959545016289,49.24862060546875,0.0003,,
120,4772,575675,276.69,3284,777.10868693,565670,-151.77444763183593,0.817497193813324,0.034992584586143495,55.2983642578125,0.0003,,
120,4785,577280,276.65,3288,779.4884914800001,567275,-150.30836486816406,-0.8634424477815628,0.03423245847225189,50.1496826171875,0.0003,,
120,4791,577915,274.55,3292,774.3590018400001,567910,-149.97243957519532,0.9337608695030213,0.0351501889526844,47.6281379699707,0.0003,,
120,4799,578875,276.05,3296,778.7576399,568870,-149.03110961914064,2.5235469341278076,0.03416197746992111,51.30983047485351,0.0003,,
120,4807,579865,274.64,3300,775.2604034999999,569860,-150.06664123535157,-1.0759027242660522,0.033030709624290465,49.30160675048828,0.0003,,
120,4818,581160,275.33,3304,778.7013581500001,571155,-151.85211486816405,-1.2550718009471893,0.03434112295508385,51.54076614379883,0.0003,,
120,4823,581725,272.37,3308,768.0971176600001,571720,-151.14833984375,-0.2985649645328522,0.03347170129418373,41.84977035522461,0.0003,,
120,4834,582975,266.91,3312,754.0443287600001,572970,-151.95218811035156,-0.9819649636745453,0.034675322473049164,44.16196517944336,0.0003,,
120,4846,584470,270.07,3316,763.43238471,574465,-151.82137451171874,1.0278759121894836,0.034532880038022996,51.45115661621094,0.0003,,
120,4858,585925,277.2,3320,786.8151197999998,575920,-154.06897583007813,-1.265319788455963,0.03413969725370407,48.047583770751956,0.0003,,
120,4861,586305,276.45,3324,782.9004637699999,576300,-150.04126586914063,0.7740802884101867,0.03474160134792328,47.767494201660156,0.0003,,
120,4872,587655,277.8,3328,788.5294486600001,577650,-148.36114196777345,-0.39526000022888186,0.033537888526916505,47.587311553955075,0.0003,,
120,4879,588445,276.69,3332,783.2854261400003,578440,-148.5705535888672,-0.4890148758888245,0.035756594687700274,49.12413787841797,0.0003,,
120,4886,589275,273.9,3336,775.5247204399999,579270,-152.6149932861328,0.32544353008270266,0.035445543378591536,45.355340576171876,0.0003,,
120,4901,591115,273.79,3340,777.3258238100002,581110,-151.63970947265625,2.174943745136261,0.0345172643661499,53.4709587097168,0.0003,,
120,4908,591940,278.09,3344,790.6814230000001,581935,-151.42144775390625,-0.4562904864549637,0.03520213887095451,43.481937408447266,0.0003,,
120,4926,594095,281.07,3348,801.6377806300001,584090,-153.63466796875,-0.1570627748966217,0.0348160907626152,45.191793823242186,0.0003,,
120,4935,595245,281.22,3352,803.6304372799999,585240,-151.30523986816405,-0.6448457598686218,0.0343036986887455,44.822418975830075,0.0003,,
120,4946,596530,279.85,3356,801.81767236,586525,-152.79831237792968,-0.8922910749912262,0.03407445102930069,47.227177429199216,0.0003,,
120,4953,597395,281.34,3360,806.2770474399999,587390,-151.3906280517578,1.6628490209579467,0.03487187996506691,43.70955123901367,0.0003,,
120,4964,598650,284.14,3364,814.44414495,588645,-151.06651000976564,0.6600691795349121,0.03472727984189987,44.54947967529297,0.0003,,
120,4973,599710,284.44,3368,814.74970258,589705,-150.65433654785156,-1.844071364402771,0.03447102978825569,49.06083679199219,0.0003,,
120,4982,600820,286.05,3372,822.2242698,590815,-150.99862365722657,-0.3964453488588333,0.034353560954332354,54.20119705200195,0.0003,,
120,4988,601430,276.28,3376,792.85410221,591425,-150.1760498046875,0.35840004682540894,0.0351769357919693,51.50740509033203,0.0003,,
120,4999,602815,278.58,3380,800.1577201600002,592810,-151.58213806152344,-0.3444381237030029,0.034251926094293596,45.43755340576172,0.0003,,
120,5011,604135,285.05,3384,818.14606012,594130,-151.85540771484375,-0.4903457760810852,0.03274745717644691,49.9545166015625,0.0003,,
120,5023,605720,285.49,3388,818.3587557599999,595715,-152.8801727294922,0.6710012018680572,0.03346843346953392,49.94095687866211,0.0003,,
120,5037,607300,285.51,3392,817.8699945699997,597295,-151.50228271484374,0.595697557926178,0.033904179185628894,48.99307403564453,0.0003,,
120,5047,608515,293.94,3396,841.8305279700002,598510,-152.25412292480468,0.8039442479610444,0.032852092385292055,51.58460388183594,0.0003,,
120,5058,609795,297.16,3400,848.3779136599999,599790,-152.457666015625,0.43295889496803286,0.03354375809431076,46.99696350097656,0.0003,,
120,5068,611025,295.29,3404,839.98910612,601020,-150.8077362060547,0.6512345194816589,0.034313707053661345,49.768724822998045,0.0003,,
120,5074,611770,301.78,3408,858.6691256599998,601765,-152.3006103515625,1.9674540519714356,0.03309647738933563,48.20391616821289,0.0003,,
120,5089,613480,306.06,3412,870.51958926,603475,-153.92642517089843,-0.18835062086582183,0.034039267152547834,42.17308502197265,0.0003,,
120,5109,616025,312.24,3416,885.5341268299999,606020,-152.03484497070312,-2.2384595394134523,0.035066988319158554,46.97620391845703,0.0003,,
120,5124,617755,312.07,3420,880.72816187,607750,-155.36380920410156,2.4721627712249754,0.03327943757176399,52.30547256469727,0.0003,,
120,5130,618470,318.41,3424,899.6963588700002,608465,-153.7102783203125,1.793506956100464,0.03509261161088943,44.73611907958984,0.0003,,
120,5141,619770,316.82,3428,892.7770803400001,609765,-152.65723876953126,-1.069622850418091,0.033646290004253385,47.74763488769531,0.0003,,
120,5153,621155,323.95,3432,914.6977199300001,611150,-150.7833679199219,0.5552628576755524,0.035420266538858415,53.597066497802736,0.0003,,
120,5166,622665,327.09,3436,920.83906724,612660,-153.5439208984375,-1.065277534723282,0.034333642572164536,44.63305587768555,0.0003,,
120,5175,623770,333.23,3440,935.27803662,613765,-152.07747802734374,1.6940832614898682,0.034908701479434964,49.78343124389649,0.0003,,
120,5191,625745,334.29,3444,937.3716221,615740,-152.6707977294922,0.6858088135719299,0.03446818813681603,47.397943115234376,0.0003,,
120,5202,627160,335.34,3448,937.0026447600001,617155,-153.81107177734376,0.12056728303432465,0.035650378465652464,50.60110931396484,0.0003,,
120,5207,627700,330.39,3452,921.01365314,617695,-154.30239868164062,0.11943951845169068,0.034902405738830564,52.453147888183594,0.0003,,
120,5224,629805,331.03,3456,921.8852026899997,619800,-154.16153259277343,-2.6092936038970946,0.034875362366437915,53.2179573059082,0.0003,,
120,5229,630355,328.83,3460,912.1267036799999,620350,-153.26737060546876,-1.1501736402511598,0.03519067168235779,46.73594436645508,0.0003,,
120,5243,632050,331.46,3464,917.51802467,622045,-152.23556823730468,-1.6965691208839417,0.03484547212719917,52.7733657836914,0.0003,,
120,5254,633350,337.1,3468,933.82558296,623345,-153.1609619140625,2.0569846868515014,0.034043560922145846,49.24224014282227,0.0003,,
120,5265,634645,340.64,3472,944.5330152899998,624640,-152.99782104492186,2.5060898780822756,0.03519460782408714,47.46175994873047,0.0003,,
120,5282,636825,354.53,3476,988.2333891299999,626820,-153.9930389404297,1.8602895736694336,0.032621733099222186,47.543618774414064,0.0003,,
120,5292,638040,353.19,3480,985.0202138799999,628035,-153.33681945800782,-0.34922360479831693,0.03327260240912437,44.49660415649414,0.0003,,
120,5306,639735,355.78,3484,993.7939507099999,629730,-153.02272033691406,1.7608218908309936,0.03444729447364807,44.01670379638672,0.0003,,
120,5321,641415,357.9,3488,999.1300614600001,631410,-157.5476806640625,-0.7731274634599685,0.03349466994404793,45.4110725402832,0.0003,,
120,5343,644095,361.95,3492,1012.2075368199999,634090,-154.51878967285157,-0.4196641266345978,0.033400563150644304,48.236575317382815,0.0003,,
120,5353,645250,363.82,3496,1017.9848359900002,635245,-152.80587768554688,1.2116104423999787,0.03379552513360977,52.19483489990235,0.0003,,
120,5360,646140,365.57,3500,1025.8384572300001,636135,-151.62171936035156,1.8991326451301576,0.033260592818260194,49.623626708984375,0.0003,,
120,5376,648115,371.0,3504,1044.1826893500001,638110,-153.539013671875,0.46425246000289916,0.03442730456590652,52.03426971435547,0.0003,,
120,5398,650680,379.0,3508,1068.8966086,640675,-154.19024963378905,3.0014878511428833,0.0331183560192585,46.05441589355469,0.0003,,
120,5411,652300,391.06,3512,1103.91239057,642295,-155.16421813964843,0.37656747698783877,0.03430337607860565,46.911949157714844,0.0003,,
120,5434,654970,383.88,3516,1086.5011219300002,644965,-154.6637756347656,-0.3486203908920288,0.03498837724328041,48.58885269165039,0.0003,,
120,5447,656605,388.43,3520,1096.5284809500001,646600,-156.02633056640624,-1.1824423789978027,0.034398122876882556,44.91117858886719,0.0003,,
120,5460,658220,390.34,3524,1099.50713967,648215,-152.4170928955078,-1.196828156709671,0.03467788770794868,47.20546112060547,0.0003,,
120,5467,658985,390.81,3528,1101.62490307,648980,-153.28370666503906,-0.8876778721809387,0.03317685574293137,46.84837341308594,0.0003,,
120,5481,660610,394.76,3532,1110.96904763,650605,-155.5023162841797,-1.829288125038147,0.033618852496147156,46.8513542175293,0.0003,,
120,5485,661115,393.47,3536,1110.5861382000003,651110,-156.0335906982422,-0.5333161592483521,0.03451558798551559,45.67796249389649,0.0003,,
120,5499,662715,390.47,3540,1102.5373775,652710,-155.4455352783203,0.3086132645606995,0.033294688910245895,50.99463577270508,0.0003,,
120,5521,665360,387.56,3544,1094.6345688300003,655355,-155.23800048828124,0.27353653907775877,0.035927506536245345,41.71873168945312,0.0003,,
120,5531,666590,388.69,3548,1099.68371896,656585,-155.2985046386719,-1.0035341411828995,0.03395174518227577,45.128536987304685,0.0003,,
120,5553,669205,396.76,3552,1121.18665828,659200,-154.035693359375,0.3635671973228455,0.0339790865778923,48.930963134765626,0.0003,,
120,5564,670540,404.51,3556,1144.57577449,660535,-154.61171264648436,-0.2129313111305237,0.03377950191497803,46.68087463378906,0.0003,,
120,5576,672000,413.94,3560,1174.45619685,661995,-155.16289367675782,-0.16452629566192628,0.03471444547176361,51.45625534057617,0.0003,,
120,5592,673810,413.63,3564,1173.21681059,663805,-154.33304443359376,-0.45717591643333433,0.03412456586956978,44.77507019042969,0.0003,,
120,5599,674725,415.79,3568,1178.8939198799999,664720,-154.24772033691406,0.7560574829578399,0.03259812295436859,48.75371398925781,0.0003,,
120,5616,676855,420.32,3572,1189.80100879,666850,-156.15606079101562,-0.005219277739524841,0.033003173768520355,44.37108840942383,0.0003,,
120,5640,679730,428.5,3576,1208.93596694,669725,-154.78013916015624,0.4609001874923706,0.03342153877019882,47.26095886230469,0.0003,,
120,5653,681295,430.65,3580,1214.7840807500002,671290,-155.36481628417968,1.160472297668457,0.033744283765554425,52.115386199951175,0.0003,,
120,5671,683410,428.67,3584,1204.6288631199998,673405,-156.16370849609376,0.8684953331947327,0.034525083005428316,46.97696228027344,0.0003,,
120,5683,684785,438.16,3588,1230.5321799800001,674780,-156.51318359375,-0.3796736001968384,0.03406442627310753,42.14786148071289,0.0003,,
120,5703,687330,434.75,3592,1218.7609440200001,677325,-155.42684631347657,1.776932382583618,0.03431214541196823,43.15870895385742,0.0003,,
120,5722,689480,437.22,3596,1223.9852374700001,679475,-157.52792358398438,0.3650479555130005,0.03224897980690002,43.459923553466794,0.0003,,
120,5731,690580,443.52,3600,1242.67215039,680575,-156.1877471923828,-0.2310902804136276,0.034952462464570996,43.98924789428711,0.0003,,
120,5756,693530,449.32,3604,1255.72407943,683525,-155.7030517578125,1.9036832809448243,0.0337313212454319,47.15786514282227,0.0003,,
120,5762,694225,445.03,3608,1243.26272076,684220,-155.1468719482422,0.5224429965019226,0.033686321973800656,46.59576187133789,0.0003,,
120,5786,697060,440.93,3612,1230.0922789699998,687055,-157.05660400390624,-0.623258626461029,0.032581566274166106,44.6876838684082,0.0003,,
120,5792,697945,445.66,3616,1240.1461381000001,687940,-154.4831787109375,-0.2666082501411438,0.03397178947925568,50.936432647705075,0.0003,,
120,5808,699765,434.8,3620,1212.9552227500003,689760,-155.3059509277344,0.3439657032489777,0.03329978510737419,52.26820602416992,0.0003,,
120,5831,702625,442.52,3624,1240.94442729,692620,-157.26234741210936,-1.7294806957244873,0.033395533263683316,46.06511459350586,0.0003,,
120,5842,703815,451.79,3628,1268.31676314,693810,-158.58945007324218,0.1244441032409668,0.03352091833949089,45.29432754516601,0.0003,,
120,5854,705290,444.14,3632,1243.0798437199999,695285,-156.54754943847655,-0.21437246203422547,0.03256641700863838,49.937660217285156,0.0003,,
120,5869,707095,449.43,3636,1254.90041176,697090,-158.05801391601562,-1.1315328478813171,0.03257915899157524,45.89710693359375,0.0003,,
120,5883,708815,453.93,3640,1265.2986277,698810,-155.567822265625,0.921429431438446,0.03299108445644379,52.892764282226565,0.0003,,
120,5901,710890,463.36,3644,1289.1965172700004,700885,-156.8440368652344,-1.3491148829460144,0.0343305878341198,49.95799560546875,0.0003,,
120,5916,712690,463.49,3648,1290.91512104,702685,-157.946435546875,-0.6469318568706512,0.03249601498246193,44.879702758789065,0.0003,,
120,5941,715680,465.02,3652,1297.76432367,705675,-157.12814025878907,0.7493405699729919,0.03331067487597465,47.54660415649414,0.0003,,
120,5961,718060,473.99,3656,1319.3084439,708055,-158.33773803710938,1.0364944785833359,0.033625546097755435,50.1176399230957,0.0003,,
120,5975,719825,476.38,3660,1323.4453528600002,709820,-158.5760040283203,1.8157599210739135,0.033324386924505234,49.60517807006836,0.0003,,
120,5991,721660,481.7,3664,1339.7706960600003,711655,-159.3683074951172,2.3534027338027954,0.03288514688611031,43.05060043334961,0.0003,,
120,6001,722910,480.59,3668,1338.0502324000001,712905,-160.98251342773438,-2.775745153427124,0.03368993997573853,41.28721618652344,0.0003,,
120,6018,724835,475.97,3672,1327.07917453,714830,-158.62662353515626,-1.247358924150467,0.03447852954268456,49.81813507080078,0.0003,,
120,6033,726660,467.97,3676,1304.35369857,716655,-158.5774353027344,0.925082090497017,0.03395038992166519,45.41211090087891,0.0003,,
120,6043,727975,470.84,3680,1311.5765737499999,717970,-157.42589416503907,1.7941206216812133,0.03266652002930641,46.49755096435547,0.0003,,
120,6053,729140,468.22,3684,1305.09304481,719135,-159.4951904296875,0.0359119713306427,0.03300371766090393,47.57398986816406,0.0003,,
120,6081,732515,462.71,3688,1291.15647062,722510,-162.813134765625,-0.2245041012763977,0.032230722904205325,43.66545639038086,0.0003,,
120,6102,735025,475.26,3692,1325.50781627,725020,-159.98454895019532,-1.6974297046661377,0.03560803011059761,41.87764663696289,0.0003,,
120,6126,737855,471.5,3696,1314.0096137100002,727850,-159.05333251953124,-1.301143741607666,0.033803558349609374,47.16627731323242,0.0003,,
120,6135,739025,476.53,3700,1322.3769907199999,729020,-160.15801391601562,0.3934815049171448,0.0335201196372509,48.37158355712891,0.0003,,
120,6145,740200,476.04,3704,1324.7169662499998,730195,-159.7564453125,-0.8662661850452423,0.03366475775837898,49.7512710571289,0.0003,,
120,6159,741840,473.57,3708,1316.15190449,731835,-161.2961181640625,-0.6632074609398841,0.03428922966122627,46.04886093139648,0.0003,,
120,6190,745510,470.65,3712,1304.37616854,735505,-160.13096313476564,-1.2483577370643615,0.03363046646118164,44.41551055908203,0.0003,,
120,6194,746075,483.29,3716,1335.25389099,736070,-160.45431823730468,1.1888781785964966,0.03311158567667007,49.02410659790039,0.0003,,
120,6225,749905,491.84,3720,1350.3792138000001,739900,-160.95360717773437,-0.3575296878814697,0.032687339931726456,48.69644622802734,0.0003,,
,,750000,,,,739995,-160.28094482421875,-1.2549877285957336,0.0322484664618969,50.45448532104492,0.0003,1803.8250421999996,599.4
120,6245,751795,492.97,3724,1350.08781261,741790,-163.48591003417968,-1.6739571690559387,0.031907488405704496,41.38778228759766,0.0003,,
120,6263,753925,490.51,3728,1340.8706472200001,743920,-158.78237915039062,-2.7011831283569334,0.03294227495789528,41.62659759521485,0.0003,,
120,6278,755765,504.64,3732,1385.3959474800001,745760,-158.88465270996093,-1.615406021475792,0.03345823958516121,45.10208435058594,0.0003,,
120,6293,757570,508.92,3736,1400.1776825100003,747565,-158.85504760742188,-0.00876227617263794,0.03398018181324005,47.20822982788086,0.0003,,
120,6309,759575,508.65,3740,1400.5122926,749570,-160.61005249023438,1.3449712634086608,0.03199352622032166,45.01682815551758,0.0003,,
120,6324,761425,500.61,3744,1380.25481961,751420,-162.0716522216797,-0.082469642162323,0.03381946012377739,44.94681854248047,0.0003,,
120,6333,762460,500.99,3748,1380.4941058299999,752455,-162.5031524658203,-0.7818647265434265,0.033588264137506485,47.037315368652344,0.0003,,
120,6357,765325,500.95,3752,1381.5971606899998,755320,-161.2978759765625,0.9640511751174927,0.03249637112021446,45.570063781738284,0.0003,,
120,6365,766255,492.74,3756,1361.22489052,756250,-161.5437225341797,1.335561215877533,0.03241027742624283,45.79440689086914,0.0003,,
120,6389,769290,484.89,3760,1339.8518357099997,759285,-161.535986328125,0.999310576915741,0.03279069140553474,43.98522872924805,0.0003,,
120,6414,772165,493.96,3764,1367.6847319899998,762160,-161.68043212890626,-2.0172595977783203,0.033281126618385316,47.33346252441406,0.0003,,
120,6432,774290,507.28,3768,1400.0301991000001,764285,-160.85098571777343,0.6133607506752015,0.032781042903661725,41.74461288452149,0.0003,,
120,6443,775650,507.66,3772,1398.2363960000002,765645,-160.62238464355468,0.0791321039199829,0.03412333503365517,40.712432861328125,0.0003,,
120,6467,778580,516.19,3776,1421.7623376300003,768575,-161.82764587402343,0.8970974683761597,0.0347013421356678,43.973595428466794,0.0003,,
120,6492,781630,521.93,3780,1439.1076134200002,771625,-163.6590606689453,-0.03557615876197815,0.033389458805322646,49.4777229309082,0.0003,,
120,6509,783650,542.34,3784,1494.63827256,773645,-163.63988647460937,0.9814435184001923,0.033076906204223634,45.50422592163086,0.0003,,
120,6526,785665,539.02,3788,1481.94389354,775660,-162.4187744140625,-0.32142180800437925,0.03227208629250526,46.20137939453125,0.0003,,
120,6539,787120,531.34,3792,1461.9375129199998,777115,-161.4365997314453,-1.7836140155792237,0.03304542228579521,45.056436157226564,0.0003,,
120,6561,789865,532.85,3796,1463.1640192900002,779860,-162.8176727294922,-0.1272558569908142,0.034244225919246675,41.84244613647461,0.0003,,
120,6579,792060,532.55,3800,1462.04498419,782055,-161.2250244140625,0.1306031584739685,0.034427502751350404,49.80156707763672,0.0003,,
120,6603,794865,532.44,3804,1456.7894493099998,784860,-161.41286926269532,0.23511393666267394,0.03237100169062614,39.281690979003905,0.0003,,
120,6626,797655,548.12,3808,1500.7913906500003,787650,-164.30748291015624,-0.40543860793113706,0.03320739343762398,48.395470428466794,0.0003,,
120,6638,799090,555.8,3812,1529.6977397900002,789085,-163.55789184570312,-2.1807809591293337,0.03193647488951683,40.82461166381836,0.0003,,
120,6653,800895,540.44,3816,1494.82854852,790890,-164.397705078125,1.0091102719306946,0.03216694071888924,44.538082885742185,0.0003,,
120,6666,802540,540.66,3820,1506.7439628799998,792535,-162.36004638671875,-1.2304175078868866,0.0322842612862587,47.53743286132813,0.0003,,
120,6688,805135,525.19,3824,1463.7880785899997,795130,-163.0761505126953,0.038337552547454835,0.03325154110789299,39.31474151611328,0.0003,,
120,6701,806660,535.11,3828,1495.7767666800003,796655,-164.30377807617188,-0.4644403696060181,0.033231635391712186,41.679833221435544,0.0003,,
120,6720,808945,532.45,3832,1490.5880133299997,798940,-165.38435974121094,0.37148186564445496,0.03422975689172745,46.71213989257812,0.0003,,
120,6733,810455,526.58,3836,1473.89370572,800450,-163.45813903808593,-1.5254064619541168,0.033874903619289395,44.159253692626955,0.0003,,
120,6746,811880,521.47,3840,1459.89987575,801875,-163.79708862304688,-0.22697563767433165,0.033356417715549466,46.61543197631836,0.0003,,
120,6774,815045,531.99,3844,1491.2385066300003,805040,-162.70917053222655,0.7733005344867706,0.03169482722878456,52.01014633178711,0.0003,,
120,6789,816830,539.75,3848,1511.32304371,806825,-164.7931365966797,-0.0396267294883728,0.0331077978014946,45.074609375,0.0003,,
120,6806,818805,539.79,3852,1509.3671187000002,808800,-164.5620574951172,-1.0828284621238708,0.03264434561133385,47.23987884521485,0.0003,,
120,6835,821910,547.36,3856,1530.89699286,811905,-166.20291137695312,-0.12053600549697877,0.03253902345895767,40.511408996582034,0.0003,,
120,6851,823470,555.25,3860,1555.5702760200002,813465,-167.61087646484376,0.35677155256271365,0.0335822843015194,44.47923202514649,0.0003,,
120,6867,825220,542.03,3864,1516.02323722,815215,-166.65457458496093,1.1038785457611084,0.03200361132621765,49.261931610107425,0.0003,,
120,6898,828350,532.79,3868,1493.5105033999998,818345,-167.1001403808594,0.33105705976486205,0.03184901252388954,44.18621978759766,0.0003,,
120,6917,830270,544.18,3872,1524.5513267399997,820265,-165.49966430664062,-1.970508873462677,0.03491682931780815,51.304447174072266,0.0003,,
119,6938,832445,542.52,3876,1520.77536631,822440,-164.6807891845703,1.3592008233070374,0.033002065122127534,47.81333465576172,0.0003,,
119,6955,834400,534.58,3880,1499.13638241,824395,-164.16738891601562,2.284751558303833,0.03326365873217583,46.25368957519531,0.0003,,
119,6979,837075,527.88,3884,1484.5478410399999,827070,-164.51154174804688,2.411654472351074,0.03254905045032501,47.787008666992186,0.0003,,
119,7002,839560,533.86,3888,1503.02596491,829555,-162.98946228027344,-0.9208416044712067,0.03240127786993981,47.166333770751955,0.0003,,
119,7018,841220,540.83,3892,1521.4277005,831215,-164.7882537841797,-0.8069360971450805,0.03239559531211853,42.6532096862793,0.0003,,
119,7052,844605,543.09,3896,1533.51549076,834600,-165.20606384277343,0.9647642195224762,0.03290563002228737,43.21003952026367,0.0003,,
119,7064,845875,538.76,3900,1522.7862357899999,835870,-167.30511169433595,-1.1908867716789246,0.03313324078917503,44.66947250366211,0.0003,,
119,7077,847200,532.48,3904,1506.4876597699997,837195,-166.2820281982422,-0.4829334497451782,0.03272298648953438,51.686075592041014,0.0003,,
119,7104,849950,521.98,3908,1478.49077884,839945,-166.5233184814453,1.8526676416397094,0.03471481129527092,45.07199478149414,0.0003,,
119,7114,851090,521.34,3912,1473.7924047200004,841085,-167.69508056640626,-0.32017616033554075,0.03277553766965866,46.395101165771486,0.0003,,
119,7131,852960,517.87,3916,1463.6989330000004,842955,-167.33516540527344,0.37129723131656645,0.033800388872623446,44.25524978637695,0.0003,,
119,7145,854425,514.27,3920,1449.2827337500003,844420,-164.9377410888672,-0.19099345803260803,0.03319632187485695,46.625248718261716,0.0003,,
119,7151,855035,517.03,3924,1456.3673998800002,845030,-165.35861511230468,-0.42698556184768677,0.03284729048609734,42.365841674804685,0.0003,,
119,7164,856595,502.01,3928,1411.1171280900003,846590,-166.69334106445314,-2.165909481048584,0.03244750872254372,46.802677154541016,0.0003,,
119,7191,859440,496.26,3932,1393.18176609,849435,-166.68915710449218,-2.0463226795196534,0.033719207346439364,38.20323257446289,0.0003,,
119,7203,860795,499.85,3936,1401.5272400699998,850790,-167.1078643798828,0.21938832998275756,0.0333578996360302,46.636488342285155,0.0003,,
119,7211,861690,507.44,3940,1421.8572178299999,851685,-164.51119995117188,-0.959734845161438,0.032873599976301196,45.475878143310545,0.0003,,
119,7229,863570,493.58,3944,1381.5882886099998,853565,-165.95861206054687,0.27688229382038115,0.03456738889217377,41.75044250488281,0.0003,,
119,7238,864595,481.55,3948,1350.7927552900003,854590,-169.70596008300782,0.10902156233787537,0.03242000639438629,37.523477935791014,0.0003,,
119,7259,866980,479.69,3952,1343.6632980700003,856975,-168.21410217285157,0.7152704179286957,0.03464774936437607,45.79936828613281,0.0003,,
119,7267,867955,469.1,3956,1312.96619712,857950,-164.6930694580078,0.08509542942047119,0.03196831792593002,44.45569763183594,0.0003,,
119,7278,869110,461.3,3960,1291.00613349,859105,-168.68500671386718,0.7729418158531189,0.03239666074514389,45.75594711303711,0.0003,,
119,7302,872060,463.54,3964,1296.2429582799998,862055,-167.918505859375,0.7359627723693848,0.03262707442045212,43.66796875,0.0003,,
119,7319,873895,466.59,3968,1305.15015382,863890,-168.50003051757812,0.7931515157222748,0.032564396411180495,42.46079025268555,0.0003,,
119,7339,876165,459.76,3972,1289.04873905,866160,-168.94567260742187,-0.35060437917709353,0.03294043019413948,36.49945755004883,0.0003,,
119,7357,878215,451.51,3976,1264.40008019,868210,-168.05665893554686,-0.010007870197296143,0.03365188241004944,42.69620208740234,0.0003,,
119,7376,880250,462.48,3980,1291.1817827999998,870245,-167.0281188964844,-1.1942557454109193,0.033820466697216035,41.139035034179685,0.0003,,
119,7385,881340,451.27,3984,1258.08423496,871335,-168.12022705078124,-1.628891372680664,0.03353581354022026,45.33029403686523,0.0003,,
119,7408,883995,445.35,3988,1243.43199664,873990,-168.79095458984375,1.2981545209884644,0.03251574262976646,43.34350433349609,0.0003,,
119,7422,885660,437.48,3992,1221.3542187,875655,-168.682177734375,-0.031167471408843996,0.032938241958618164,45.49315643310547,0.0003,,
119,7436,887340,434.33,3996,1211.64874126,877335,-168.44893493652344,1.2670108199119567,0.03271704316139221,43.37694091796875,0.0003,,
119,7455,889480,429.67,4000,1201.2950782300002,879475,-166.86945190429688,-0.5168259024620057,0.03260844275355339,43.099927520751955,0.0003,,
119,7471,891410,439.05,4004,1230.11464618,881405,-167.2824462890625,-1.330805516242981,0.032698976993560794,43.6767692565918,0.0003,,
119,7487,893305,443.25,4008,1239.50564502,883300,-169.50078735351562,3.020745849609375,0.031883058696985246,40.31593551635742,0.0003,,
119,7505,895425,433.44,4012,1209.55200504,885420,-167.8918884277344,0.07447631359100342,0.0334962360560894,39.59914855957031,0.0003,,
119,7516,896620,444.6,4016,1237.38731712,886615,-167.48562316894532,0.5949280202388764,0.032824371755123136,38.86530075073242,0.0003,,
119,7525,897675,439.56,4020,1224.02796709,887670,-166.46782531738282,-0.3825832545757294,0.03299541026353836,40.063262939453125,0.0003,,
119,7558,901680,438.89,4024,1220.21140784,891675,-168.99891052246093,0.8164075195789338,0.032153690606355666,47.67911605834961,0.0003,,
119,7567,902675,464.28,4028,1290.31108385,892670,-169.62737426757812,-0.05561362504959107,0.03375453278422356,42.5222785949707,0.0003,,
119,7582,904490,459.66,4032,1274.81671088,894485,-168.29407653808593,0.5595828980207443,0.032350129634141925,43.441060638427736,0.0003,,
119,7593,905690,455.01,4036,1260.8837430699998,895685,-169.160009765625,0.25177499651908875,0.03422817587852478,43.79297561645508,0.0003,,
119,7603,906820,444.54,4040,1231.39196092,896815,-170.7407653808594,-2.30178217291832,0.03151828274130821,39.94935302734375,0.0003,,
119,7611,907750,444.18,4044,1226.8430451099998,897745,-166.09975891113282,-1.5314945459365845,0.03199115619063377,42.92999801635742,0.0003,,
119,7619,908710,443.51,4048,1222.0148714099998,898705,-168.09227905273437,-1.2822562217712403,0.031805404275655744,42.51613998413086,0.0003,,
119,7625,909375,434.79,4052,1198.09618484,899370,-167.201220703125,-0.1850539982318878,0.031390801072120667,50.84473419189453,0.0003,,
119,7639,910960,427.95,4056,1175.66990822,900955,-169.8699188232422,2.3095794320106506,0.03371942639350891,40.94103775024414,0.0003,,
119,7646,911950,427.28,4060,1170.4406516800002,901945,-169.2223876953125,0.10923925638198853,0.033284491300582884,47.17089996337891,0.0003,,
119,7666,914270,421.25,4064,1154.0962627299998,904265,-167.9374969482422,0.45734743475914,0.03283753842115402,47.26536865234375,0.0003,,
119,7694,917505,421.38,4068,1157.72332971,907500,-168.09508056640624,-0.5927901685237884,0.03157622516155243,47.73164443969726,0.0003,,
119,7712,919605,434.22,4072,1191.73090803,909600,-168.3756530761719,-0.14965627193450928,0.03242461755871773,47.01908950805664,0.0003,,
119,7723,920915,436.79,4076,1197.64461057,910910,-170.46452941894532,-1.215827512741089,0.03275469914078712,45.62199401855469,0.0003,,
119,7729,921715,420.96,4080,1154.63660779,911710,-168.02779846191407,0.27993624806404116,0.033269868791103364,44.2033805847168,0.0003,,
119,7745,923585,417.15,4084,1144.12450295,913580,-168.83916320800782,2.2092780828475953,0.03273198753595352,46.94269638061523,0.0003,,
119,7763,925655,421.75,4088,1154.67168984,915650,-168.5069610595703,-0.7178065240383148,0.03168339654803276,46.88634719848633,0.0003,,
119,7770,926480,417.19,4092,1138.9811314699998,916475,-168.7488800048828,-0.7494584858417511,0.032490068674087526,38.965615844726564,0.0003,,
119,7792,929050,407.32,4096,1107.5216925799998,919045,-168.68936462402343,-0.6999709248542786,0.03224598690867424,48.728614807128906,0.0003,,
119,7810,931150,418.25,4100,1135.52829795,921145,-168.02666625976562,-2.33307523727417,0.0321543887257576,47.410455322265626,0.0003,,
119,7824,932880,415.84,4104,1124.47996583,922875,-167.46133728027343,-1.130105721950531,0.03522587269544601,45.249847412109375,0.0003,,
119,7836,934365,405.0,4108,1095.6902529,924360,-168.81722717285157,-0.3507394552230835,0.033286064863204956,47.343624114990234,0.0003,,
119,7865,937735,422.83,4112,1150.25776413,927730,-168.1601348876953,-0.03648277521133423,0.03197243511676788,42.84096984863281,0.0003,,
119,7878,939365,425.17,4116,1158.7549292800002,929360,-168.13805541992187,0.7707419574260712,0.03335102722048759,49.63603744506836,0.0003,,
119,7900,941930,425.63,4120,1159.6882813299999,931925,-166.91773376464843,-1.7858423233032226,0.033970341086387634,40.84737434387207,0.0003,,
119,7914,943700,440.78,4124,1204.6949631,933695,-168.63067016601562,1.6056148409843445,0.03261251300573349,50.98537979125977,0.0003,,
119,7923,944760,420.74,4128,1150.68213191,934755,-169.1390350341797,-2.350199556350708,0.033908525854349135,45.05355224609375,0.0003,,
119,7948,947635,423.51,4132,1160.13665709,937630,-167.70824279785157,-0.6864938497543335,0.03200271874666214,40.40278015136719,0.0003,,
119,7965,949695,432.6,4136,1183.3745619,939690,-168.0252655029297,-0.00927189588546753,0.03427728489041328,42.163831329345705,0.0003,,
119,7977,951095,444.36,4140,1216.45034093,941090,-167.18411865234376,2.290050768852234,0.03363313302397728,43.249884033203124,0.0003,,
119,7990,952730,445.83,4144,1223.8327136399998,942725,-167.26543579101562,0.7492246985435486,0.03243478089570999,41.62208480834961,0.0003,,
119,8009,954895,456.13,4148,1254.76990382,944890,-167.5770751953125,0.42206479907035827,0.033429837226867674,42.63554077148437,0.0003,,
119,8020,956200,462.7,4152,1269.1632602599998,946195,-170.61957397460938,0.8540767192840576,0.03348562717437744,45.168069458007814,0.0003,,
119,8037,958230,471.08,4156,1294.45281838,948225,-169.9429473876953,0.45927385687828065,0.03227660283446312,48.124375915527345,0.0003,,
119,8049,959585,472.48,4160,1301.64744616,949580,-168.58438720703126,0.3150047540664673,0.03477029576897621,40.93548431396484,0.0003,,
119,8070,962090,472.9,4164,1299.49064021,952085,-168.4279815673828,0.777338832616806,0.032347068190574646,44.5707275390625,0.0003,,
119,8090,964585,477.82,4168,1307.5241557299998,954580,-167.62897033691405,-0.7691068232059479,0.03423236757516861,45.426142883300784,0.0003,,
119,8110,966990,466.78,4172,1278.6144293,956985,-167.76241149902344,1.437488317489624,0.030979742482304572,36.37315444946289,0.0003,,
119,8123,968590,472.48,4176,1299.83233941,958585,-167.72085266113282,0.3139405846595764,0.03170067891478538,48.15439300537109,0.0003,,
119,8141,970625,479.68,4180,1323.0552910400002,960620,-168.35165710449218,2.191808044910431,0.03203846663236618,45.09768295288086,0.0003,,
119,8156,972520,488.82,4184,1347.9737604299999,962515,-169.04911193847656,-0.614161241054535,0.03198002949357033,43.56295394897461,0.0003,,
119,8175,974815,483.19,4188,1333.5536741,964810,-168.81541748046874,-0.27956101298332214,0.032358942180871965,44.29086761474609,0.0003,,
119,8187,976190,493.72,4192,1365.8542377299998,966185,-167.88175354003906,0.21666077375411988,0.03326859325170517,44.8440185546875,0.0003,,
119,8202,977945,499.63,4196,1384.6915174199999,967940,-167.26942138671876,0.09493291974067689,0.032612434774637225,44.05355682373047,0.0003,,
119,8213,979335,489.67,4200,1358.7360708299998,969330,-168.9287109375,-0.5252729833126069,0.0324176087975502,44.5310173034668,0.0003,,
119,8227,980945,478.79,4204,1332.25760485,970940,-167.0263458251953,1.101426863670349,0.0316180944442749,45.87427597045898,0.0003,,
119,8248,983510,482.14,4208,1340.8895748700002,973505,-170.4531463623047,2.7000974893569945,0.03284043371677399,41.32378158569336,0.0003,,
119,8260,984875,475.71,4212,1320.34898709,974870,-170.5268341064453,-1.4246383905410767,0.032063106447458266,44.459773254394534,0.0003,,
119,8273,986430,466.84,4216,1293.2194252000002,976425,-169.52806396484374,2.0088754653930665,0.03208986595273018,42.89604568481445,0.0003,,
119,8286,988055,472.17,4220,1308.86235013,978050,-167.19930419921874,0.7417190670967102,0.03228239044547081,48.08044357299805,0.0003,,
119,8309,990765,467.05,4224,1293.54320833,980760,-169.75205078125,1.4328688323497771,0.031287985295057295,40.703477478027345,0.0003,,
119,8329,993185,474.26,4228,1312.9832004199998,983180,-168.12302856445314,1.7691564798355102,0.03293052539229393,41.883809661865236,0.0003,,
119,8341,994685,476.99,4232,1322.22329613,984680,-169.12340393066407,0.2533581554889679,0.03319645747542381,42.51464691162109,0.0003,,
119,8358,996675,469.19,4236,1302.82364385,986670,-169.05179748535156,-1.5825424671173096,0.030599026009440422,44.63494186401367,0.0003,,
119,8379,999115,472.73,4240,1315.3913971,989110,-168.16026916503907,-1.1289063096046448,0.03168333768844604,48.052180480957034,0.0003,,
,,1000000,,,,989995,-168.65524291992188,-0.4297884821891785,0.031035878881812095,48.14531021118164,0.0003,1767.710026,651.6
119,8413,1002865,485.39,4244,1347.4884448499997,992860,-170.77584533691407,2.200098919868469,0.031746023893356325,41.92799453735351,0.0003,,
119,8432,1005115,493.64,4248,1367.07186662,995110,-169.7390106201172,0.4070574641227722,0.03239093646407128,39.272650146484374,0.0003,,
119,8451,1007425,499.02,4252,1381.05186169,997420,-170.96356506347655,-0.6330417335033417,0.031687555462121965,43.47575988769531,0.0003,,
119,8461,1008600,500.17,4256,1378.33105301,998595,-169.24749755859375,2.430217778682709,0.03195214346051216,45.07514343261719,0.0003,,
119,8472,1009945,498.84,4260,1372.5704793799998,999940,-169.95146789550782,-0.43202038407325744,0.03181139975786209,43.43681640625,0.0003,,
119,8495,1012650,504.17,4264,1387.9717974199998,1002645,-171.75829162597657,-0.7834493458271027,0.030807364359498025,41.62514038085938,0.0003,,
119,8500,1013230,499.47,4268,1378.15047896,1003225,-169.08924865722656,-0.21471495628356935,0.03269729688763619,41.871924591064456,0.0003,,
119,8514,1015000,488.07,4272,1345.85819273,1004995,-170.3185302734375,0.6205655694007873,0.032416028529405595,43.39676971435547,0.0003,,
119,8531,1016950,480.56,4276,1318.91157377,1006945,-169.7829559326172,0.8772968292236328,0.03217686265707016,47.0222053527832,0.0003,,
119,8553,1019560,481.9,4280,1315.5914065099998,1009555,-168.85025939941406,0.08192518651485443,0.031044574081897737,45.046086120605466,0.0003,,
119,8571,1021630,480.95,4284,1312.10445294,1011625,-171.43109741210938,-1.6531333327293396,0.03123699203133583,42.35317459106445,0.0003,,
119,8588,1023710,492.46,4288,1342.7909615600001,1013705,-169.37750854492188,-0.6403360784053802,0.03254733830690384,43.034942626953125,0.0003,,
119,8606,1025770,486.01,4292,1320.91029172,1015765,-169.19988708496095,1.3978231310844422,0.03168857172131538,38.309979629516604,0.0003,,
119,8643,1030165,510.62,4296,1385.94865448,1020160,-170.8155487060547,-1.2813889026641845,0.030919533967971802,43.08504791259766,0.0003,,
119,8656,1031845,521.25,4300,1414.7573600799997,1021840,-172.27872009277343,0.6813183635473251,0.031774042546749114,40.488243865966794,0.0003,,
119,8673,1033910,532.9,4304,1444.2709840000002,1023905,-172.4252166748047,-0.3571261286735535,0.029794801026582718,41.72180252075195,0.0003,,
119,8693,1036875,544.19,4308,1469.12402007,1026870,-171.7632293701172,1.8606569409370421,0.031366483122110364,41.75646057128906,0.0003,,
119,8708,1039120,542.61,4312,1462.72656601,1029115,-174.10296936035155,-0.23641995191574097,0.031349121034145354,43.00464859008789,0.0003,,
119,8725,1041825,551.15,4316,1488.12624891,1031820,-174.08887329101563,0.28011933863162997,0.03143533021211624,42.154415893554685,0.0003,,
119,8739,1043980,553.92,4320,1491.2470253599997,1033975,-173.163916015625,1.5497706174850463,0.032677655667066575,38.64437561035156,0.0003,,
119,8758,1046825,550.61,4324,1478.1368879999998,1036820,-174.6077453613281,-0.23644131422042847,0.03195392489433289,43.91655807495117,0.0003,,
119,8766,1048070,551.4,4328,1477.8593596099997,1038065,-173.2935821533203,-1.6776765942573548,0.03243534490466118,38.22244873046875,0.0003,,
119,8774,1049335,549.75,4332,1469.4291109199996,1039330,-173.8164825439453,-0.6530982196331024,0.0322137251496315,43.535272216796876,0.0003,,
119,8799,1053170,564.07,4336,1512.4314993399996,1043165,-174.7431640625,-0.19451051950454712,0.032089497148990634,41.00326919555664,0.0003,,
119,8807,1054410,556.36,4340,1484.3574870899997,1044405,-175.49136657714843,0.7560837745666504,0.03197948187589646,43.06963119506836,0.0003,,
119,8814,1055525,544.44,4344,1453.7715337200002,1045520,-172.72537841796876,0.5490678012371063,0.03152042403817177,43.08849868774414,0.0003,,
119,8831,1058070,531.28,4348,1416.21986173,1048065,-175.5903289794922,-0.5154299795627594,0.029101567715406416,42.00011520385742,0.0003,,
119,8855,1061710,534.53,4352,1425.7589704099998,1051705,-173.5157897949219,-1.8511208057403565,0.030985604971647263,40.15852813720703,0.0003,,
119,8861,1062650,549.91,4356,1471.7520784199996,1052645,-175.26663208007812,0.8516279876232147,0.030747945606708526,39.00098648071289,0.0003,,
119,8877,1065155,549.04,4360,1469.9696510099998,1055150,-175.70095825195312,-1.375837004184723,0.03166936784982681,40.20283660888672,0.0003,,
120,8889,1067045,544.14,4364,1457.9574226600002,1057040,-175.68292236328125,-0.2214019238948822,0.031625191867351535,34.125732803344725,0.0003,,
120,8899,1068480,549.93,4368,1469.61906412,1058475,-174.24627075195312,-2.4601860284805297,0.030787209048867226,45.20845336914063,0.0003,,
120,8916,1071080,559.65,4372,1495.9101531800002,1061075,-176.2853973388672,-0.750074428319931,0.03075932338833809,39.085234832763675,0.0003,,
120,8925,1072560,559.61,4376,1498.2178369800001,1062555,-176.62094116210938,0.29608477652072906,0.0306512214243412,41.659097290039064,0.0003,,
120,8947,1075930,555.63,4380,1485.35753608,1065925,-177.65635681152344,0.6496072977781295,0.0297539122402668,37.86720733642578,0.0003,,
120,8954,1076925,567.99,4384,1513.4581163000005,1066920,-176.78322143554686,1.7961105704307556,0.031224443390965462,39.983934783935545,0.0003,,
120,8966,1078750,557.03,4388,1482.14397792,1068745,-175.95537719726562,-0.4036530017852783,0.029747214168310165,36.666239166259764,0.0003,,
120,8980,1080910,552.16,4392,1465.57099475,1070905,-176.59613647460938,1.9066967844963074,0.03228774070739746,40.613468170166016,0.0003,,
120,8989,1082375,531.95,4396,1409.4865869,1072370,-175.92110290527344,0.5224774479866028,0.030064258351922037,37.767208862304685,0.0003,,
120,9010,1085510,532.54,4400,1407.58092536,1075505,-177.38722534179686,-0.5965591251850129,0.030512592196464537,40.79894027709961,0.0003,,
120,9014,1086210,523.7,4404,1380.8816642199997,1076205,-176.83829040527343,-0.40966432094573973,0.02972530946135521,43.596856689453126,0.0003,,
120,9020,1087050,509.54,4408,1340.5307844800002,1077045,-178.0363037109375,1.201930618286133,0.031027110666036604,40.01260070800781,0.0003,,
120,9033,1089105,500.36,4412,1315.63077918,1079100,-178.6374481201172,-0.7076563358306884,0.03039366789162159,36.85331420898437,0.0003,,
120,9049,1091570,499.84,4416,1307.70017878,1081565,-177.4403564453125,-0.6128991484642029,0.030927912518382072,39.574422454833986,0.0003,,
120,9058,1092955,495.1,4420,1297.34835345,1082950,-177.72627868652344,0.048618930578231814,0.03142015561461449,42.22285461425781,0.0003,,
120,9072,1095030,497.47,4424,1303.4768937100002,1085025,-177.03406372070313,-1.4707453489303588,0.032233480364084244,45.510623931884766,0.0003,,
120,9088,1097540,495.37,4428,1292.9943130800002,1087535,-177.9885681152344,1.113286203145981,0.031156909465789796,35.5308334350586,0.0003,,
120,9119,1102285,505.88,4432,1313.87965363,1092280,-179.6325469970703,0.8473140358924866,0.029185378178954124,36.68751068115235,0.0003,,
120,9123,1102930,510.55,4436,1312.7858793599999,1092925,-178.35375061035157,0.4680210292339325,0.03184663057327271,38.32749862670899,0.0003,,
120,9140,1105510,508.73,4440,1312.11720158,1095505,-179.96294555664062,-0.005594009160995483,0.02985507808625698,37.24831848144531,0.0003,,
120,9152,1107420,513.94,4444,1325.1039779000002,1097415,-179.12731018066407,-1.9582136154174805,0.03324947580695152,39.94389038085937,0.0003,,
121,9170,1110165,517.65,4448,1333.27851268,1100160,-178.99239501953124,0.06464186608791352,0.030856380239129066,36.41179161071777,0.0003,,
121,9180,1111670,517.01,4452,1331.1767922,1101665,-179.22767333984376,0.17559616565704345,0.030866576358675957,42.11200866699219,0.0003,,
121,9192,1113565,500.43,4456,1286.6258113,1103560,-179.11292724609376,2.0939274430274963,0.030229637399315834,33.71319808959961,0.0003,,
121,9200,1114730,504.37,4460,1298.5746841,1104725,-179.91824951171876,-0.14780935347080232,0.02953379712998867,34.448493576049806,0.0003,,
121,9214,1116875,506.75,4464,1306.4544419699998,1106870,-183.0769500732422,-1.0147396504878998,0.03249802589416504,33.10105514526367,0.0003,,
121,9228,1119010,500.04,4468,1291.1951447899999,1109005,-181.3256866455078,-0.19035274684429168,0.02997269555926323,38.78063888549805,0.0003,,
121,9242,1121255,498.57,4472,1285.86655989,1111250,-182.40009460449218,1.7014045774936677,0.03201528787612915,40.1675308227539,0.0003,,
121,9259,1123880,507.88,4476,1313.8100330700001,1113875,-179.987353515625,-0.04220238924026489,0.03120509460568428,36.527548217773436,0.0003,,
121,9275,1126255,520.23,4480,1354.29043777,1116250,-179.88811340332032,-1.6583823680877685,0.030881337448954584,41.83180160522461,0.0003,,
121,9295,1129360,515.3,4484,1342.40359655,1119355,-183.42613525390624,2.170815420150757,0.031243668124079704,35.766822814941406,0.0003,,
121,9302,1130415,518.86,4488,1354.90493885,1120410,-183.17218933105468,0.3579429164528847,0.030934464558959006,38.01352767944336,0.0003,,
121,9309,1131495,514.61,4492,1346.41461774,1121490,-182.09201049804688,0.1884710520505905,0.0319453589618206,36.517540740966794,0.0003,,
121,9318,1132965,510.99,4496,1339.2501509200001,1122960,-180.64812927246095,0.1665895849466324,0.0316808819770813,38.48117218017578,0.0003,,
121,9339,1136095,497.58,4500,1303.5419633699998,1126090,-183.75634765625,-0.20987706184387206,0.030651966854929925,35.50017623901367,0.0003,,
121,9347,1137355,508.47,4504,1334.3504793299996,1127350,-181.1325225830078,0.5865331709384918,0.030069361627101897,41.5986930847168,0.0003,,
121,9357,1138880,513.49,4508,1356.1882923599999,1128875,-181.7806396484375,0.6559887051582336,0.030328889191150666,36.125819778442384,0.0003,,
121,9367,1140425,517.93,4512,1371.3597846000002,1130420,-182.24734191894532,0.6998830735683441,0.03176581561565399,38.29052658081055,0.0003,,
121,9375,1141650,507.03,4516,1347.5548367400004,1131645,-181.62270812988282,-3.6048200130462646,0.030922604724764824,31.968106079101563,0.0003,,
121,9390,1143970,511.24,4520,1359.1682896800003,1133965,-182.1013214111328,-0.19654200673103334,0.030514198914170267,38.333012390136716,0.0003,,
121,9400,1145595,504.35,4524,1345.25632393,1135590,-184.47294921875,-1.2112799823284148,0.029962166771292688,33.98771667480469,0.0003,,
121,9416,1148125,501.3,4528,1339.28606899,1138120,-180.9699249267578,0.7121648192405701,0.029344914853572844,36.033134078979494,0.0003,,
121,9432,1150505,497.48,4532,1337.50433674,1140500,-183.72370300292968,-1.6204944372177124,0.030587320402264594,40.770032501220705,0.0003,,
122,9441,1152000,483.72,4536,1310.50205742,1141995,-185.14857177734376,0.8837740898132325,0.032262669503688814,36.182952117919925,0.0003,,
122,9449,1153155,486.25,4540,1320.3080664799998,1143150,-183.2127471923828,-0.30363668203353883,0.03196602091193199,35.82846908569336,0.0003,,
122,9460,1154890,475.8,4544,1291.7060474300001,1144885,-183.11488342285156,0.0007830232381820679,0.03047562800347805,37.194767761230466,0.0003,,
122,9473,1156810,473.97,4548,1290.17667077,1146805,-184.6895751953125,2.4248016595840456,0.030952749028801917,38.02751007080078,0.0003,,
122,9491,1159530,474.22,4552,1292.8332038,1149525,-183.75174865722656,-0.1937919080257416,0.02896781377494335,37.27404937744141,0.0003,,
122,9505,1161755,477.25,4556,1301.55004616,1151750,-184.0627014160156,-1.5061113834381104,0.032076673954725264,35.958626937866214,0.0003,,
122,9520,1164000,485.34,4560,1323.9708807900001,1153995,-184.71749267578124,-2.5311091899871827,0.033387753367424014,36.47181396484375,0.0003,,
122,9531,1165640,486.5,4564,1327.6825023400002,1155635,-184.60318603515626,0.6452098965644837,0.031947121024131775,36.51341514587402,0.0003,,
122,9541,1167230,483.15,4568,1316.6835355599999,1157225,-184.7373779296875,0.8069708079099656,0.03103587217628956,35.283319091796876,0.0003,,
122,9551,1168815,484.01,4572,1319.4504819,1158810,-185.7466278076172,-0.2734386682510376,0.028613729774951933,34.3806510925293,0.0003,,
122,9564,1170805,472.23,4576,1285.36712405,1160800,-187.61219482421876,-1.777960228919983,0.031681401282548906,34.55008735656738,0.0003,,
122,9582,1173525,462.98,4580,1256.9818010499998,1163520,-185.35610656738282,-0.8822472989559174,0.02919984832406044,33.48751029968262,0.0003,,
122,9594,1175435,461.72,4584,1254.15659357,1165430,-185.82740783691406,0.9360302209854126,0.03218160793185234,38.512179946899415,0.0003,,
122,9606,1177175,465.67,4588,1264.70800133,1167170,-186.4393280029297,0.14998527765274047,0.032391221076250074,35.710347747802736,0.0003,,
122,9613,1178230,469.13,4592,1278.15121189,1168225,-185.39382629394532,-1.4962784796953201,0.03228388279676438,33.475625610351564,0.0003,,
122,9630,1180930,470.23,4596,1276.43401214,1170925,-185.05184631347657,0.9610827207565308,0.029134968295693398,36.556192016601564,0.0003,,
122,9636,1181910,470.02,4600,1272.04122027,1171905,-186.39992980957032,-0.09859609305858612,0.030339732021093368,38.088222885131835,0.0003,,
122,9649,1183775,464.17,4604,1251.60830963,1173770,-186.4734649658203,-1.6611010789871217,0.029645835980772972,34.46708183288574,0.0003,,
122,9663,1186015,468.26,4608,1258.5981083899999,1176010,-185.18941650390624,1.0227111101150512,0.032503772526979446,36.807016372680664,0.0003,,
122,9669,1186930,465.55,4612,1246.9172948600003,1176925,-187.664599609375,-1.9747325718402862,0.031420331448316574,33.25294799804688,0.0003,,
122,9687,1189715,472.54,4616,1261.5090789,1179710,-186.53698120117187,-0.06372889280319213,0.03260176628828049,34.70694999694824,0.0003,,
122,9701,1191745,472.96,4620,1262.79955823,1181740,-185.14756469726564,0.2151928186416626,0.030174777284264563,34.71840553283691,0.0003,,
122,9710,1193200,475.86,4624,1269.4223448899997,1183195,-186.77098083496094,-1.026698762178421,0.030693628638982774,32.748395156860354,0.0003,,
122,9721,1194900,469.58,4628,1255.08389169,1184895,-185.44616088867187,0.3891099691390991,0.03264893069863319,37.0304931640625,0.0003,,
122,9733,1196740,462.43,4632,1239.2493289,1186735,-186.1678955078125,-1.2030227541923524,0.030330172926187515,41.15792999267578,0.0003,,
122,9747,1198915,461.63,4636,1241.78297268,1188910,-186.6320068359375,-0.5617463827133179,0.030364636331796646,32.840430450439456,0.0003,,
123,9765,1201695,464.75,4640,1245.31463541,1191690,-185.02678833007812,-1.1470964908599854,0.03303145468235016,35.00134429931641,0.0003,,
123,9771,1202600,482.82,4644,1296.1940146800002,1192595,-188.22235107421875,-0.2743060767650604,0.03262604847550392,33.997140121459964,0.0003,,
123,9786,1204880,477.59,4648,1282.7469300399998,1194875,-186.05865478515625,2.2476208209991455,0.031005744636058808,38.63631057739258,0.0003,,
123,9793,1206050,474.55,4652,1275.85368193,1196045,-187.4312255859375,1.481231427192688,0.030670997872948646,33.077422332763675,0.0003,,
123,9807,1208125,470.81,4656,1268.2983750399999,1198120,-188.03298950195312,-0.10302781462669372,0.03246074393391609,29.123249053955078,0.0003,,
123,9824,1210795,463.98,4660,1248.76653739,1200790,-185.3423065185547,-1.4926384508609771,0.030297138541936875,34.27079620361328,0.0003,,
123,9834,1212365,469.25,4664,1258.1530771,1202360,-187.539892578125,2.8308655500411986,0.030245184898376465,33.031808090209964,0.0003,,
123,9842,1213520,462.32,4668,1239.19169926,1203515,-186.9702606201172,2.5388445377349855,0.029858820512890814,31.070313262939454,0.0003,,
123,9847,1214330,461.34,4672,1230.11842592,1204325,-185.85728454589844,-1.1625458121299743,0.030720621347427368,34.760676574707034,0.0003,,
123,9861,1216445,458.05,4676,1223.75833347,1206440,-187.17294311523438,0.11006869822740555,0.03068777620792389,36.380219268798825,0.0003,,
123,9868,1217495,450.3,4680,1204.94716095,1207490,-187.1174346923828,-0.4610468626022339,0.03144618719816208,36.0069091796875,0.0003,,
123,9890,1220900,450.05,4684,1208.3973570599999,1210895,-186.8739807128906,0.25267056822776796,0.031061785668134688,32.17672233581543,0.0003,,
123,9901,1222625,449.3,4688,1204.3048195699998,1212620,-187.53521423339845,-2.034255349636078,0.02995305061340332,33.78885040283203,0.0003,,
123,9909,1223805,450.37,4692,1205.69757702,1213800,-187.28072509765624,1.5670325875282287,0.027604997158050537,32.963583374023436,0.0003,,
123,9926,1226490,456.06,4696,1223.45807406,1216485,-188.24540100097656,-1.114493376016617,0.030160869657993316,30.71904602050781,0.0003,,
123,9934,1227665,460.08,4700,1241.6713967,1217660,-187.7897491455078,-1.647092914581299,0.03262053281068802,35.1057861328125,0.0003,,
123,9941,1228710,456.75,4704,1239.3291167799998,1218705,-187.7478759765625,2.39716899394989,0.03018481396138668,37.25380630493164,0.0003,,
123,9951,1230370,443.49,4708,1205.3089220299998,1220365,-189.52967224121093,1.7445858716964722,0.030221811309456826,34.034994506835936,0.0003,,
123,9969,1233020,452.41,4712,1227.6123816099998,1223015,-188.7707550048828,1.7512962698936463,0.030439257621765137,30.832814407348632,0.0003,,
123,9983,1235165,458.0,4716,1247.14991246,1225160,-187.6302276611328,0.9722508072853089,0.029432447627186775,40.17653388977051,0.0003,,
123,9991,1236485,456.18,4720,1244.75455294,1226480,-188.00205993652344,0.5027386307716369,0.029701980575919152,31.480875778198243,0.0003,,
123,9999,1237745,446.7,4724,1217.61550566,1227740,-188.40405883789063,-1.197600096464157,0.030607970058918,34.74019432067871,0.0003,,
123,10016,1240245,456.12,4728,1245.8952495900003,1230240,-189.67181091308595,0.7087455034255982,0.030479774996638297,30.43320198059082,0.0003,,
123,10031,1242620,452.86,4732,1231.74561377,1232615,-190.42568969726562,0.9336116909980774,0.029250459372997285,32.71763381958008,0.0003,,
123,10038,1243695,459.39,4736,1245.0550521000002,1233690,-189.42476501464844,-0.8090312302112579,0.030486275255680085,33.57145309448242,0.0003,,
123,10053,1246075,451.89,4740,1227.3722617399999,1236070,-188.8867645263672,-0.35285248756408694,0.030462149903178214,34.43939476013183,0.0003,,
123,10064,1247760,448.33,4744,1213.38198916,1237755,-189.43687438964844,-0.7008403062820434,0.029158859327435494,34.8168327331543,0.0003,,
124,10077,1249770,455.89,4748,1232.44285657,1239765,-188.20435485839843,1.5015132904052735,0.03157676681876183,25.561238479614257,0.0003,,
,,1250000,,,,1239995,-188.3424041748047,-0.7043562293052673,0.031522661447525024,31.176354217529298,0.0003,1644.483944,554.0
124,10094,1251965,451.67,4752,1218.2912099399998,1241960,-189.4376678466797,0.1079499751329422,0.029308313503861427,34.622380065917966,0.0003,,
124,10104,1253450,451.78,4756,1211.74310353,1243445,-190.67073669433594,-0.918740177154541,0.028753206133842468,35.67243270874023,0.0003,,
124,10112,1254705,451.15,4760,1207.81817136,1244700,-189.0329162597656,-0.8137297093868255,0.029310772940516473,32.056003189086915,0.0003,,
124,10128,1257210,438.66,4764,1171.7317110600002,1247205,-188.9006591796875,1.8123446464538575,0.02888951785862446,34.23933143615723,0.0003,,
124,10140,1258990,451.31,4768,1204.3533487600002,1248985,-189.3018768310547,-0.460851389169693,0.03196628093719482,35.4189956665039,0.0003,,
124,10150,1260520,455.8,4772,1220.8840753799998,1250515,-189.15847778320312,-0.3446030020713806,0.03101135976612568,35.09517402648926,0.0003,,
124,10176,1264340,469.89,4776,1255.77626751,1254335,-190.52574157714844,-1.747794759273529,0.029899687319993973,36.3192138671875,0.0003,,
124,10194,1266885,486.97,4780,1300.9674650900001,1256880,-188.56741027832032,0.9619265913963317,0.030560826137661933,34.06252555847168,0.0003,,
124,10210,1269440,488.46,4784,1310.05300642,1259435,-190.39092407226562,0.7251947790384292,0.03032507039606571,31.94495086669922,0.0003,,
124,10225,1271765,493.82,4788,1326.9355869,1261760,-189.39789123535155,-1.2167433142662047,0.029620863124728204,34.518771743774415,0.0003,,
124,10234,1273085,491.1,4792,1318.9655973499998,1263080,-188.7492248535156,1.09939945936203,0.02900245375931263,35.76141204833984,0.0003,,
124,10247,1275105,490.13,4796,1318.31970926,1265100,-190.72816467285156,0.4816452771425247,0.02872508652508259,31.017628860473632,0.0003,,
124,10254,1276120,489.68,4800,1313.73985523,1266115,-189.47268676757812,1.0571373462677003,0.029147028923034668,33.55693168640137,0.0003,,
124,10261,1277280,485.73,4804,1298.30916604,1267275,-189.99369201660156,-1.1107578217983245,0.029558948054909707,32.032609939575195,0.0003,,
124,10279,1280000,494.91,4808,1323.9075516900002,1269995,-187.52039489746093,0.9706452190876007,0.030336690694093706,38.844844055175784,0.0003,,
124,10284,1280705,483.0,4812,1292.23624449,1270700,-189.97838439941407,0.6862449467182159,0.029593629017472266,31.589529037475586,0.0003,,
124,10297,1282755,473.32,4816,1266.1079614500002,1272750,-189.672900390625,-1.4953191757202149,0.0303259015083313,31.628731155395506,0.0003,,
124,10313,1285225,475.12,4820,1267.2051549199998,1275220,-191.2220245361328,-0.9285867094993592,0.028112613409757615,31.600376510620116,0.0003,,
124,10323,1286850,480.73,4824,1283.2689724299998,1276845,-189.36387634277344,-0.6018484711647034,0.029139894247055053,33.34268341064453,0.0003,,
124,10331,1287980,481.71,4828,1284.04364389,1277975,-189.50985717773438,1.5853726744651795,0.028979754075407982,29.846184539794923,0.0003,,
124,10346,1290295,475.73,4832,1267.8164372699998,1280290,-188.58509521484376,-0.27289140224456787,0.03190521001815796,33.597456741333005,0.0003,,
124,10351,1291095,470.24,4836,1255.4787638500002,1281090,-190.39669799804688,0.9064541220664978,0.028617861121892928,33.37405624389648,0.0003,,
124,10360,1292445,475.34,4840,1265.92076514,1282440,-188.2439178466797,-1.325259193778038,0.02966986410319805,36.01090087890625,0.0003,,
124,10381,1295745,470.01,4844,1252.5418521499998,1285740,-190.78623962402344,0.8602936744689942,0.030601470544934273,31.00073661804199,0.0003,,
124,10399,1298440,475.69,4848,1266.21480564,1288435,-189.5551513671875,-0.6972262740135193,0.027768480032682417,30.319556045532227,0.0003,,
124,10406,1299610,480.78,4852,1280.15841372,1289605,-191.31967468261718,-1.2340047776699066,0.03140329420566559,30.96159973144531,0.0003,,
124,10416,1301145,478.09,4856,1275.9031852099997,1291140,-189.25359191894532,-0.8613867163658142,0.029623010009527207,33.8973388671875,0.0003,,
124,10431,1303410,481.92,4860,1284.16888849,1293405,-190.92632141113282,2.1765088081359862,0.02765241637825966,31.5629524230957,0.0003,,
124,10449,1306145,496.5,4864,1324.2456850099998,1296140,-191.326171875,-0.49404399991035464,0.03231365084648132,38.67198257446289,0.0003,,
125,10473,1309885,505.54,4868,1347.43083643,1299880,-189.69566650390624,0.09020321667194367,0.029296470060944556,35.34251022338867,0.0003,,
125,10489,1312300,508.34,4872,1350.6857059999998,1302295,-190.44798889160157,2.448887360095978,0.028151074051856996,36.0102783203125,0.0003,,
125,10496,1313420,506.0,4876,1342.4224733899996,1303415,-190.22659912109376,0.6149072229862214,0.028432224690914155,33.189314651489255,0.0003,,
125,10520,1317015,503.49,4880,1331.7396507899998,1307010,-190.35526428222656,2.4987100303173064,0.027783388271927834,34.624891662597655,0.0003,,
125,10532,1318985,498.16,4884,1308.02546813,1308980,-191.25641479492188,1.1597705006599426,0.028733865544199943,32.937626647949216,0.0003,,
125,10555,1322485,503.23,4888,1318.1970198299998,1312480,-190.52872009277343,-0.9677193939685822,0.028848040848970413,28.970669555664063,0.0003,,
125,10565,1323955,515.16,4892,1353.31019149,1313950,-189.9265869140625,-0.06757528185844422,0.029413677752017975,30.153703689575195,0.0003,,
125,10588,1327515,510.01,4896,1337.7016897600001,1317510,-191.42247314453124,-0.575438940525055,0.027457243576645852,31.289373016357423,0.0003,,
125,10601,1329520,523.51,4900,1370.56601387,1319515,-192.25104675292968,-2.2913997411727904,0.026618918776512145,28.274454498291014,0.0003,,
125,10620,1332515,539.0,4904,1411.0973068500002,1322510,-190.98545837402344,0.2361520290374756,0.02877746820449829,33.18865547180176,0.0003,,
125,10634,1334630,541.3,4908,1418.5166375899998,1324625,-191.94716186523436,-0.03506366014480591,0.02862524874508381,30.895085906982423,0.0003,,
125,10655,1337840,564.01,4912,1483.24616105,1327835,-190.65658264160157,-1.3644832134246827,0.029586607217788698,27.793136596679688,0.0003,,
125,10667,1339630,569.39,4916,1499.8832804099998,1329625,-191.1496826171875,0.4207658886909485,0.02960691824555397,30.939037704467772,0.0003,,
125,10690,1343130,585.78,4920,1545.5798108600002,1333125,-191.4628448486328,0.7417712688446045,0.027868803590536118,31.985414886474608,0.0003,,
125,10721,1347895,606.74,4924,1594.93407574,1337890,-191.9746063232422,-0.3165612816810608,0.028967486694455147,25.535265731811524,0.0003,,
125,10732,1349625,606.9,4928,1591.9449884200005,1339620,-191.86590881347655,2.2515652179718018,0.02814365364611149,29.564081573486327,0.0003,,
125,10749,1352220,625.84,4932,1641.4030186900004,1342215,-193.67366638183594,0.47086234092712403,0.028851046785712244,29.420561599731446,0.0003,,
125,10778,1356595,645.02,4936,1692.1600012900003,1346590,-192.68372192382813,0.47866188287734984,0.026978252083063127,28.313062286376955,0.0003,,
125,10790,1358460,649.48,4940,1707.3130183399999,1348455,-193.57402954101562,1.5395432144403458,0.028266694769263266,25.646489715576173,0.0003,,
125,10811,1361660,657.29,4944,1729.6996004500002,1351655,-192.99496765136718,-0.45369918942451476,0.028524747863411904,28.954776763916016,0.0003,,
125,10819,1362965,652.68,4948,1718.5115569500003,1352960,-193.11167907714844,-0.47049991488456727,0.026513466984033583,31.234497833251954,0.0003,,
126,10840,1366115,657.05,4952,1726.6377955599999,1356110,-195.3413513183594,-1.4023109197616577,0.02611483186483383,30.808359909057618,0.0003,,
126,10855,1368550,666.4,4956,1750.78670745,1358545,-193.78689575195312,-2.3150790214538572,0.02833288796246052,29.173249816894533,0.0003,,
126,10861,1369355,662.68,4960,1740.7541623999998,1359350,-194.21693115234376,1.256568282842636,0.028291336819529535,31.844672775268556,0.0003,,
126,10868,1370485,643.93,4964,1693.3061862,1360480,-193.83047180175782,-2.0145076513290405,0.02707928903400898,32.692037200927736,0.0003,,
126,10877,1371875,628.27,4968,1652.9848507000002,1361870,-194.99138488769532,-0.31318506598472595,0.02788759246468544,28.298913192749023,0.0003,,
126,10904,1375985,626.62,4972,1650.65318213,1365980,-194.10374450683594,-0.41340215802192687,0.02576245702803135,29.075181579589845,0.0003,,
126,10912,1377325,637.0,4976,1677.10434825,1367320,-194.27438659667968,0.3263054609298706,0.02811245806515217,26.70392417907715,0.0003,,
126,10924,1379175,626.96,4980,1653.59731903,1369170,-194.13406982421876,0.34715481996536257,0.026205982267856597,27.939054489135742,0.0003,,
126,10938,1381385,618.16,4984,1633.00186908,1371380,-195.8687774658203,-2.030324399471283,0.02740538865327835,31.52109489440918,0.0003,,
126,10960,1384730,609.5,4988,1608.1781266500004,1374725,-193.5064270019531,-0.04290829300880432,0.027655915543437003,27.44817237854004,0.0003,,
126,10974,1386920,620.07,4992,1637.0764340699998,1376915,-193.66004028320313,-0.0001807868480682373,0.02734308913350105,28.68395080566406,0.0003,,
126,10987,1388815,622.54,4996,1647.7263022800003,1378810,-194.0797576904297,0.6803387224674224,0.028048432990908624,26.941894912719725,0.0003,,
126,11002,1391200,612.0,5000,1625.9218624300001,1381195,-195.48849487304688,1.8371867537498474,0.028774677589535714,28.895928955078126,0.0003,,
126,11026,1394895,625.39,5004,1665.96497324,1384890,-195.8283233642578,2.1533337354660036,0.025416338071227073,27.6789493560791,0.0003,,
126,11042,1397395,633.47,5008,1688.51732209,1387390,-196.53640441894532,0.34015053510665894,0.02442997843027115,29.983732223510742,0.0003,,
126,11058,1399840,613.91,5012,1633.87621873,1389835,-195.884765625,-1.8244318604469298,0.02556198723614216,25.263297653198244,0.0003,,
126,11074,1402155,623.54,5016,1655.7893721700002,1392150,-195.23810729980468,0.915832245349884,0.02606178671121597,26.24247341156006,0.0003,,
126,11086,1403945,612.39,5020,1625.8963342400002,1393940,-196.72313232421874,1.422015404701233,0.02732306383550167,26.118792724609374,0.0003,,
126,11105,1406790,595.36,5024,1586.0916950399999,1396785,-197.09308471679688,1.2365955471992494,0.026359570398926734,25.11845169067383,0.0003,,
126,11115,1408285,591.12,5028,1576.62835074,1398280,-196.16177673339843,0.4205909609794617,0.025354296341538428,28.082709884643556,0.0003,,
126,11138,1411790,588.45,5032,1568.33618315,1401785,-196.96486206054686,1.294450467824936,0.026091001555323602,23.51044578552246,0.0003,,
126,11148,1413360,572.24,5036,1523.10954353,1403355,-197.81460571289062,3.1572334289550783,0.02610381878912449,26.720322036743163,0.0003,,
126,11156,1414505,573.8,5040,1528.43873269,1404500,-197.17860107421876,2.1026983499526977,0.02641594558954239,27.158506011962892,0.0003,,
126,11165,1415945,555.25,5044,1476.5406836399998,1405940,-197.94455261230468,2.0955711126327516,0.026706813648343087,28.346469116210937,0.0003,,
126,11177,1417725,551.32,5048,1469.5637618699998,1407720,-198.02802124023438,0.019952672719955444,0.025161963328719138,24.405850219726563,0.0003,,
126,11189,1419430,536.8,5052,1436.53017776,1409425,-195.89608459472657,-1.1109284162521362,0.02867293283343315,25.836337280273437,0.0003,,
126,11199,1420785,526.22,5056,1408.77482417,1410780,-198.69527587890624,-1.4363492488861085,0.027308524027466773,26.982425689697266,0.0003,,
126,11214,1423030,535.02,5060,1437.40587313,1413025,-196.87966918945312,0.5737668395042419,0.02745361179113388,28.6609130859375,0.0003,,
126,11228,1425110,541.45,5064,1461.787409,1415105,-196.4626037597656,-1.5371737599372863,0.027057184651494027,28.763176727294923,0.0003,,
126,11241,1427150,546.8,5068,1477.4897771900003,1417145,-198.19602966308594,-0.3158591628074646,0.027846260368824004,24.286827850341798,0.0003,,
126,11250,1428495,542.9,5072,1467.63164639,1418490,-197.6899444580078,1.5205959796905517,0.028158696368336678,27.787550354003905,0.0003,,
126,11257,1429625,519.42,5076,1405.4737941399999,1419620,-198.4583251953125,-2.7895747661590575,0.028007330000400545,28.81688537597656,0.0003,,
127,11274,1432205,520.59,5080,1408.8218718300004,1422200,-196.57049865722655,1.6412932634353639,0.02662307694554329,28.762945938110352,0.0003,,
127,11287,1434150,535.47,5084,1452.2835369900004,1424145,-196.97855224609376,-2.9553054332733155,0.026782646775245667,27.240229415893555,0.0003,,
127,11300,1436190,528.67,5088,1434.37213919,1426185,-198.859619140625,-0.9861315965652466,0.0284072857350111,26.342944717407228,0.0003,,
127,11313,1438110,514.69,5092,1392.3810534400002,1428105,-196.52044372558595,0.31643604040145873,0.027892713248729707,26.777824020385744,0.0003,,
127,11326,1440175,516.74,5096,1394.89219711,1430170,-196.70678100585937,-1.7979639649391175,0.027827321365475655,26.548437881469727,0.0003,,
127,11343,1442710,516.21,5100,1388.9854087400004,1432705,-196.15931396484376,-0.7863400757312775,0.0277349628508091,28.34018325805664,0.0003,,
127,11349,1443705,500.03,5104,1347.87426729,1433700,-197.40899353027345,1.310297155380249,0.028260279446840286,25.40547103881836,0.0003,,
127,11360,1445405,485.09,5108,1302.52993728,1435400,-198.54370727539063,0.07094383835792542,0.027848181873559953,25.72248306274414,0.0003,,
127,11376,1447795,486.63,5112,1303.73585668,1437790,-198.0221923828125,0.047475683689117434,0.026211392506957053,25.7375,0.0003,,
127,11380,1448450,472.22,5116,1264.06963152,1438445,-199.09276123046874,0.445083749294281,0.02693214677274227,25.80076484680176,0.0003,,
127,11393,1450420,459.76,5120,1227.2161277,1440415,-198.2217010498047,-2.5181923151016234,0.026622347161173822,28.490674591064455,0.0003,,
127,11406,1452425,459.08,5124,1225.37131763,1442420,-196.48272705078125,1.253401482105255,0.026845166459679604,31.45650978088379,0.0003,,
127,11417,1454180,460.59,5128,1226.51713717,1444175,-196.39793090820314,2.210811805725098,0.026482155546545982,24.66114959716797,0.0003,,
127,11430,1456200,448.97,5132,1190.1323805799998,1446195,-197.58823852539064,0.14525118768215178,0.026310849562287332,26.05707702636719,0.0003,,
127,11440,1457740,446.93,5136,1181.27365293,1447735,-195.9360595703125,0.725724732875824,0.02803407423198223,24.592335510253907,0.0003,,
127,11448,1458940,436.09,5140,1146.8269992199998,1448935,-196.05997009277343,2.019965481758118,0.027145621925592424,27.541713333129884,0.0003,,
127,11459,1460645,444.6,5144,1168.8180461000002,1450640,-196.38958435058595,0.13344254493713378,0.02630637176334858,26.957086181640626,0.0003,,
127,11479,1463700,448.38,5148,1176.05648885,1453695,-195.15335998535156,2.6296639442443848,0.0278270959854126,26.29344482421875,0.0003,,
127,11497,1466510,465.67,5152,1223.68118961,1456505,-196.88700256347656,3.108970212936401,0.027314676716923714,26.376479721069337,0.0003,,
127,11505,1467690,472.67,5156,1240.6745845799999,1457685,-196.71051940917968,-0.227120441198349,0.02779957465827465,23.471975326538086,0.0003,,
127,11521,1470060,471.64,5160,1238.61581578,1460055,-197.15736083984376,-2.4500263690948487,0.028024521470069886,24.867396545410156,0.0003,,
127,11545,1473830,479.35,5164,1257.00898289,1463825,-198.73008422851564,1.1666241109371185,0.027481410279870035,26.45457191467285,0.0003,,
127,11560,1476145,489.46,5168,1283.84304348,1466140,-196.98682556152343,-2.0565417051315307,0.025202909484505653,23.66147651672363,0.0003,,
127,11570,1477635,495.48,5172,1306.1391806799998,1467630,-195.41890563964844,0.23623690009117126,0.0267600703984499,28.207947540283204,0.0003,,
127,11587,1480345,499.43,5176,1321.65521659,1470340,-196.45783081054688,-0.3101663887500763,0.027391823008656502,28.75646209716797,0.0003,,
127,11593,1481235,506.29,5180,1338.86975782,1471230,-197.5010986328125,-0.8074283957481384,0.026144351810216904,22.234023666381837,0.0003,,
127,11617,1484985,490.93,5184,1294.4768316299999,1474980,-195.93970336914063,1.2197140038013459,0.028120802715420723,29.51553955078125,0.0003,,
127,11638,1488205,512.82,5188,1362.8881913199998,1478200,-198.3470245361328,-1.1374834775924683,0.02749246619641781,24.651904296875,0.0003,,
127,11650,1490070,521.32,5192,1387.1431728900002,1480065,-195.92549743652344,-1.9758758425712586,0.025969014689326286,27.9440055847168,0.0003,,
127,11660,1491580,517.55,5196,1374.6901897799999,1481575,-196.79671936035157,-2.77694890499115,0.02564516179263592,26.30501480102539,0.0003,,
127,11669,1492980,508.02,5200,1347.8251548199999,1482975,-198.141796875,0.4753388524055481,0.027038800716400146,24.78669662475586,0.0003,,
127,11683,1495115,509.01,5204,1348.6215166900001,1485110,-197.932373046875,-0.9154776155948638,0.0263140257447958,22.73268699645996,0.0003,,
128,11710,1499210,532.01,5208,1417.0661532000001,1489205,-196.3716583251953,0.6370406955480575,0.02868702933192253,26.075745391845704,0.0003,,
,,1500000,,,,1489995,-197.9005554199219,-2.5789093017578124,0.027670645341277122,27.243592071533204,0.0003,1849.7494300000003,727.0
128,11730,1501835,538.47,5212,1438.0348268799996,1491830,-196.67027893066407,1.0828034639358521,0.028818196803331374,26.385156631469727,0.0003,,
128,11746,1504210,546.47,5216,1465.4662608500003,1494205,-197.41063537597657,-0.36176145672798155,0.026526978984475136,26.769389343261718,0.0003,,
128,11769,1507680,559.3,5220,1506.3421686800002,1497675,-195.57402954101562,2.2556681036949158,0.025756606087088584,25.983744430541993,0.0003,,
128,11782,1509690,576.59,5224,1555.6266371399997,1499685,-198.37305297851563,0.3726154208183289,0.027254145592451096,24.103720474243165,0.0003,,
128,11798,1512105,571.98,5228,1542.64292909,1502100,-197.76293334960937,1.7221601605415344,0.02575792446732521,22.864202880859374,0.0003,,
128,11821,1515685,592.0,5232,1605.3588409899999,1505680,-199.07747497558594,-0.05475913286209107,0.025039858371019363,23.554725646972656,0.0003,,
128,11832,1517430,593.1,5236,1610.1701825899997,1507425,-198.63453063964843,-0.8546459197998046,0.02701895497739315,23.846501922607423,0.0003,,
128,11853,1520715,605.88,5240,1647.5009504599998,1510710,-199.64903259277344,-1.4797869682312013,0.026567452028393744,24.943256378173828,0.0003,,
128,11869,1523085,618.11,5244,1681.4237702399998,1513080,-198.56456909179687,-1.039897584915161,0.024765605106949806,22.99847297668457,0.0003,,
128,11881,1524995,617.94,5248,1678.5847969000001,1514990,-198.87975158691407,0.016506320238113402,0.025377555936574935,20.93764877319336,0.0003,,
128,11892,1526615,608.5,5252,1652.9022089399996,1516610,-199.57514343261718,1.2139028072357179,0.026030705496668815,25.79168815612793,0.0003,,
128,11902,1528085,606.75,5256,1651.7577821199998,1518080,-198.1400177001953,0.32913845777511597,0.02616407014429569,25.027769088745117,0.0003,,
128,11925,1531615,600.67,5260,1633.36727606,1521610,-199.08629150390624,1.8375751495361328,0.026634176820516588,20.75615234375,0.0003,,
128,11939,1533790,606.77,5264,1651.5258400999999,1523785,-200.14755859375,-0.35707892179489137,0.02710133232176304,22.259535217285155,0.0003,,
128,11949,1535280,591.59,5268,1605.9495555700005,1525275,-198.79156799316405,-1.1197160005569458,0.026048450917005538,21.459421920776368,0.0003,,
128,11965,1537720,596.75,5272,1615.68215341,1527715,-200.68145141601562,0.2117558717727661,0.026523181423544883,21.668020820617677,0.0003,,
128,11987,1541090,604.24,5276,1637.2104060699996,1531085,-201.45088806152344,1.4153254926204681,0.02350281961262226,21.417309188842772,0.0003,,
128,11995,1542450,604.41,5280,1643.09234269,1532445,-200.3789794921875,-0.4373772919178009,0.024704930558800697,22.506088256835938,0.0003,,
128,12015,1545400,617.14,5284,1674.7796469999998,1535395,-200.20475158691406,-0.5641878962516784,0.025945171341300012,24.10025291442871,0.0003,,
128,12033,1548145,604.13,5288,1632.96099816,1538140,-199.59032592773437,0.789610892534256,0.026419031620025634,23.187335205078124,0.0003,,
128,12051,1551035,605.76,5292,1639.75393637,1541030,-201.7585235595703,1.0592032432556153,0.025100840255618095,18.48314971923828,0.0003,,
128,12066,1553280,612.58,5296,1661.5879817599998,1543275,-202.6978790283203,-0.2388975977897644,0.026022282987833024,20.95777473449707,0.0003,,
128,12082,1555730,629.08,5300,1714.12848451,1545725,-200.32781677246095,-0.31371458768844607,0.025970177352428438,17.91972541809082,0.0003,,
128,12103,1559025,624.87,5304,1706.10806836,1549020,-201.08890075683593,-0.8425800263881683,0.027210499346256255,20.525078582763673,0.0003,,
128,12117,1561145,614.91,5308,1680.3920223999999,1551140,-202.06241149902343,-1.4547861039638519,0.025295072048902512,20.58607997894287,0.0003,,
128,12130,1563255,617.73,5312,1690.93911211,1553250,-202.07252197265626,-0.699423861503601,0.026218414306640625,24.170622634887696,0.0003,,
128,12140,1564765,614.48,5316,1679.7916591599999,1554760,-203.37017517089845,2.9529998302459717,0.024274239689111708,22.359125900268555,0.0003,,
128,12160,1567725,607.91,5320,1654.72493021,1557720,-202.78179931640625,-0.4690611124038696,0.02474576309323311,20.765538024902344,0.0003,,
128,12169,1569235,592.33,5324,1606.84763672,1559230,-203.16910400390626,-1.7646112203598023,0.023056716471910477,19.757243347167968,0.0003,,
129,12195,1573220,604.16,5328,1643.5881706999996,1563215,-202.980078125,1.1185512781143188,0.02582462504506111,19.838568878173827,0.0003,,
129,12208,1575140,598.35,5332,1633.9456534400001,1565135,-202.12005004882812,0.13164684772491456,0.02481149286031723,20.48897514343262,0.0003,,
129,12223,1577625,609.48,5336,1669.5749962199998,1567620,-204.29312744140626,0.3095299005508423,0.023208297789096832,19.310404586791993,0.0003,,
129,12235,1579475,600.19,5340,1647.7847297500002,1569470,-203.52141418457032,1.8367226839065551,0.024607275798916816,20.78637828826904,0.0003,,
129,12248,1581420,586.74,5344,1617.6043278900001,1571415,-204.58122863769532,-1.15573870241642,0.024411207437515257,19.514019203186034,0.0003,,
129,12257,1582790,584.97,5348,1617.87885004,1572785,-202.84594116210937,-0.3571217954158783,0.026374370232224463,21.735987854003906,0.0003,,
129,12269,1584705,581.17,5352,1609.2439714499997,1574700,-203.7056457519531,-1.7613442182540893,0.022986573353409766,27.014841079711914,0.0003,,
129,12283,1586755,576.81,5356,1596.4223085599997,1576750,-203.48483276367188,0.31305211782455444,0.025023405626416206,23.188557815551757,0.0003,,
129,12303,1589905,590.24,5360,1634.3459415099999,1579900,-202.6966979980469,2.3097051292657853,0.025446929037570953,23.46539421081543,0.0003,,
129,12315,1591755,578.22,5364,1598.6035914699996,1581750,-203.25447692871094,-1.3705806970596313,0.024872658401727678,21.911294746398926,0.0003,,
129,12338,1595235,591.98,5368,1638.8026950000003,1585230,-203.4981719970703,0.4695314109325409,0.025450512394309045,20.4245964050293,0.0003,,
129,12351,1597270,592.39,5372,1643.1431027000006,1587265,-204.37048950195313,1.7985103607177735,0.02550097331404686,19.98978500366211,0.0003,,
129,12372,1600475,604.31,5376,1670.08433691,1590470,-204.1462646484375,1.355139970779419,0.024410365149378777,22.568044662475586,0.0003,,
129,12396,1604250,608.51,5380,1677.2843078300004,1594245,-203.83689880371094,0.3068889319896698,0.024593787267804146,21.040045547485352,0.0003,,
129,12419,1607640,617.62,5384,1705.5186457600003,1597635,-203.8501190185547,-1.411126446723938,0.024630314484238625,20.795913696289062,0.0003,,
129,12438,1610530,624.93,5388,1727.3573269400003,1600525,-205.8811279296875,-1.158604896068573,0.02464486248791218,21.82650718688965,0.0003,,
129,12458,1613580,627.42,5392,1735.3734574300001,1603575,-204.65563354492187,0.4220408916473389,0.023483626544475555,18.947147560119628,0.0003,,
129,12477,1616530,624.8,5396,1727.4059532499998,1606525,-206.38043212890625,1.9164564847946166,0.02390993759036064,18.5816593170166,0.0003,,
129,12491,1618655,629.38,5400,1736.8384862,1608650,-205.1324493408203,-1.3159476041793823,0.024349038302898408,20.376818466186524,0.0003,,
129,12515,1622390,639.64,5404,1758.9617702899998,1612385,-206.39718627929688,0.3887195587158203,0.02391970418393612,20.861723327636717,0.0003,,
129,12526,1624190,639.11,5408,1754.5094430499998,1614185,-207.33180236816406,-1.7104128301143646,0.024070105329155923,21.397140502929688,0.0003,,
129,12544,1626855,633.48,5412,1739.9359954099998,1616850,-206.3408447265625,2.097070050239563,0.023251019418239594,19.746496963500977,0.0003,,
129,12555,1628585,630.37,5416,1732.54021505,1618580,-207.45557861328126,1.6721236109733582,0.024134906753897668,20.5281831741333,0.0003,,
129,12568,1630595,638.63,5420,1760.6225320799997,1620590,-207.07162780761718,0.7548686623573303,0.023859026655554772,18.979770278930665,0.0003,,
129,12581,1632595,632.33,5424,1748.01529144,1622590,-208.10860595703124,-3.2628334045410154,0.022267602756619452,19.8962345123291,0.0003,,
129,12598,1635120,626.17,5428,1732.15449039,1625115,-207.44839477539062,-0.5164466917514801,0.023820549249649048,19.521320724487303,0.0003,,
129,12608,1636745,615.06,5432,1693.7839499600002,1626740,-208.37009887695314,-0.9199640393257141,0.02506352961063385,18.714448165893554,0.0003,,
129,12633,1640400,613.41,5436,1688.7438721100002,1630395,-208.36184387207032,-0.9962140440940856,0.024491025879979134,17.775777435302736,0.0003,,
129,12650,1642955,627.3,5440,1730.4930514300002,1632950,-207.3287567138672,-0.2646964430809021,0.02344239391386509,20.34406452178955,0.0003,,
129,12661,1644650,633.79,5444,1746.35377155,1634645,-207.53670654296874,-1.411463016271591,0.024024339765310286,19.168306732177733,0.0003,,
129,12667,1645435,630.55,5448,1739.1468385099997,1635430,-208.2476837158203,-1.3828001737594604,0.023823110014200212,18.994416618347167,0.0003,,
129,12677,1647125,627.54,5452,1730.84527187,1637120,-208.0734405517578,0.3701952397823334,0.023933564871549608,18.6250207901001,0.0003,,
129,12697,1650080,630.43,5456,1738.2007753500002,1640075,-208.25664367675782,0.21489017009735106,0.02385856844484806,17.18146686553955,0.0003,,
129,12709,1651970,627.33,5460,1730.9827884400001,1641965,-209.56984252929686,-2.2068847179412843,0.02479449063539505,19.789301681518555,0.0003,,
130,12726,1654630,623.0,5464,1722.5747038499999,1644625,-208.42303771972655,1.8492474913597108,0.02185646481812,20.795233535766602,0.0003,,
130,12742,1657010,625.11,5468,1729.9666227299997,1647005,-207.92129821777343,-2.0398763179779054,0.025437483564019203,20.674720573425294,0.0003,,
130,12745,1657505,610.0,5472,1684.8236398200002,1647500,-206.85518798828124,0.8740551710128784,0.02500561997294426,21.87936782836914,0.0003,,
130,12757,1659335,590.61,5476,1635.5565863599998,1649330,-207.983837890625,-1.3008169531822205,0.02533964104950428,21.302573013305665,0.0003,,
130,12767,1660965,578.28,5480,1603.97558419,1650960,-207.18935852050782,3.673922634124756,0.02360316999256611,18.18763370513916,0.0003,,
130,12771,1661660,554.7,5484,1536.42444453,1651655,-207.873779296875,-1.3895632863044738,0.023014046624302863,16.801511764526367,0.0003,,
130,12781,1663105,533.5,5488,1475.32853763,1653100,-209.0818359375,-0.7905328392982482,0.025577938929200173,20.197339630126955,0.0003,,
130,12791,1664595,513.91,5492,1419.7726442100002,1654590,-206.96695251464843,1.7949976444244384,0.025909442082047464,21.022528457641602,0.0003,,
130,12803,1666455,507.76,5496,1403.62845415,1656450,-207.12513427734376,0.23509085774421692,0.023862240836024284,17.203512573242186,0.0003,,
130,12824,1669595,503.11,5500,1393.97225916,1659590,-207.6136962890625,1.2734659075737,0.025018371269106866,17.257150650024414,0.0003,,
130,12827,1670170,493.28,5504,1372.96670679,1660165,-206.26072998046874,2.4702455520629885,0.025382871553301812,22.17583351135254,0.0003,,
130,12844,1672800,478.06,5508,1332.61494363,1662795,-207.20000305175782,-0.17332711815834045,0.024005883559584617,21.5515495300293,0.0003,,
130,12855,1674415,481.04,5512,1341.13594224,1664410,-208.05767517089845,-0.2803442180156708,0.025014537572860717,19.257177352905273,0.0003,,
130,12863,1675630,473.1,5516,1319.0511050900002,1665625,-208.85047302246093,0.9572025001049042,0.023160161077976228,20.886528396606444,0.0003,,
130,12873,1677300,468.01,5520,1305.11672304,1667295,-207.470166015625,2.007862865924835,0.023815712705254555,19.183026123046876,0.0003,,
130,12886,1679230,464.73,5524,1295.70078827,1669225,-208.10164489746094,-1.7015619993209838,0.02566898614168167,21.714961814880372,0.0003,,
130,12903,1681775,469.76,5528,1310.7615589999998,1671770,-207.2879638671875,-0.5533534973859787,0.024519608169794083,21.152610778808594,0.0003,,
130,12911,1683045,466.42,5532,1303.9028102399998,1673040,-208.19114990234374,-0.5749064594507217,0.024577397480607034,17.859910583496095,0.0003,,
130,12935,1686805,472.18,5536,1323.7827019400002,1676800,-206.37275085449218,-1.4650545239448547,0.02547026239335537,20.53021240234375,0.0003,,
130,12943,1687965,457.97,5540,1281.28519209,1677960,-207.52117919921875,-2.191728353500366,0.024165215343236922,18.204302978515624,0.0003,,
130,12953,1689575,450.38,5544,1256.5553643500002,1679570,-208.06151428222657,0.043195536732673644,0.024555604159832,21.38008041381836,0.0003,,
130,12964,1691200,447.91,5548,1247.3171793400002,1681195,-207.07747802734374,-1.4280909538269042,0.025653264299035073,17.423713874816894,0.0003,,
130,12971,1692325,452.07,5552,1255.47453379,1682320,-205.95390930175782,0.34409859776496887,0.026392825692892075,23.121083068847657,0.0003,,
130,12987,1694825,450.91,5556,1251.1207731700001,1684820,-206.15667114257812,-2.2532629132270814,0.025169048830866812,20.28882751464844,0.0003,,
130,12998,1696455,444.59,5560,1229.27778001,1686450,-207.35480041503905,-1.2053449511528016,0.02696174308657646,16.579105186462403,0.0003,,
130,13007,1697865,441.51,5564,1217.50705762,1687860,-205.9867950439453,-0.04315502643585205,0.025066662579774857,19.894273376464845,0.0003,,
130,13019,1699680,430.2,5568,1180.8735873199998,1689675,-205.5280792236328,3.35705680847168,0.02512071579694748,20.006815910339355,0.0003,,
130,13026,1700705,430.56,5572,1182.8267385200002,1690700,-205.9704345703125,1.8476032495498658,0.025376376882195472,20.010609817504882,0.0003,,
130,13034,1702020,427.5,5576,1169.54594316,1692015,-205.76734619140626,-0.8698725402355194,0.02575182318687439,20.39470329284668,0.0003,,
130,13050,1704505,427.26,5580,1163.9643670100002,1694500,-206.56080322265626,-1.27166907787323,0.02607097439467907,19.32277946472168,0.0003,,
130,13057,1705515,433.07,5584,1184.06148151,1695510,-204.4615905761719,0.915852290391922,0.02523052357137203,28.253335571289064,0.0003,,
130,13076,1708515,445.09,5588,1217.3809317800003,1698510,-205.26450805664064,0.18908929824829102,0.026189529895782472,20.26905517578125,0.0003,,
130,13088,1710245,455.47,5592,1246.4307042900002,1700240,-205.567236328125,-1.6296886444091796,0.02498447373509407,20.50619297027588,0.0003,,
130,13107,1713050,463.79,5596,1271.2080123,1703045,-205.4487731933594,0.29215855002403257,0.024767804890871048,20.34746856689453,0.0003,,
130,13120,1714985,453.7,5600,1240.9470377900002,1704980,-206.0595245361328,-0.47912983894348143,0.02555972635746002,20.57080078125,0.0003,,
130,13129,1716270,450.11,5604,1230.25930682,1706265,-204.20247497558594,2.8593308717012405,0.02390856258571148,20.831163024902345,0.0003,,
130,13139,1717835,457.06,5608,1248.3536725599997,1707830,-204.6076416015625,-2.5834213733673095,0.025791287794709204,21.28133544921875,0.0003,,
130,13153,1719930,453.63,5612,1236.0086194099997,1709925,-205.37901916503907,-0.7197997748851777,0.02623273842036724,20.133342933654784,0.0003,,
130,13160,1720900,454.45,5616,1238.8032179099996,1710895,-205.31668395996093,0.6477470099925995,0.023998971655964853,20.617524337768554,0.0003,,
130,13171,1722500,451.87,5620,1232.9285411899996,1712495,-203.56592712402343,-3.0851189613342287,0.02612565755844116,20.794989013671874,0.0003,,
130,13189,1725105,464.4,5624,1267.85669206,1715100,-204.4524139404297,2.6781123161315916,0.026143376156687735,25.877894592285156,0.0003,,
130,13203,1727190,448.24,5628,1221.73476684,1717185,-206.36233520507812,0.8235572695732116,0.02572743482887745,19.03879508972168,0.0003,,
130,13213,1728740,457.44,5632,1243.2700738500002,1718735,-204.76863708496094,0.9845801413059234,0.02604379877448082,18.45969009399414,0.0003,,
130,13229,1731050,437.25,5636,1177.23948076,1721045,-203.91071472167968,1.2675563409924506,0.025191840156912802,21.089562606811523,0.0003,,
130,13239,1732495,436.56,5640,1169.45471282,1722490,-205.84185791015625,-0.824719923734665,0.02531295083463192,18.485028076171876,0.0003,,
130,13245,1733440,443.44,5644,1190.08835257,1723435,-203.34776306152344,-0.7645438343286515,0.02809886634349823,22.900083541870117,0.0003,,
130,13267,1736420,444.78,5648,1193.08194087,1726415,-204.85375061035157,-2.1689810037612913,0.026033763960003852,16.369018363952637,0.0003,,
130,13284,1738825,459.59,5652,1230.25346688,1728820,-204.13045654296874,-0.6111031472682953,0.025134705007076263,18.453688430786134,0.0003,,
130,13295,1740205,454.16,5656,1214.9005246699999,1730200,-204.84959106445314,0.02874336242675781,0.02707054503262043,19.77445068359375,0.0003,,
130,13307,1741910,454.44,5660,1214.60535065,1731905,-203.3179168701172,-2.97245717048645,0.02717391476035118,19.675856399536134,0.0003,,
130,13330,1745095,461.36,5664,1234.0688445,1735090,-203.54166564941406,-0.5215971529483795,0.023980343341827394,18.828692626953124,0.0003,,
130,13343,1746910,471.93,5668,1267.06901911,1736905,-203.1928283691406,-1.0834844410419464,0.025009481981396676,20.289984130859374,0.0003,,
130,13361,1749285,479.65,5672,1293.7471900399999,1739280,-203.60181884765626,1.210597288608551,0.02721789889037609,19.438781356811525,0.0003,,
,,1750000,,,,1739995,-204.53741149902345,-2.165657365322113,0.02515624910593033,21.2674259185791,0.0003,2429.0299742,1000.0
130,13375,1750580,483.21,5676,1308.2372259100002,1740575,-204.1587707519531,-0.9663198471069336,0.0260825764387846,18.470869636535646,0.0003,,
130,13402,1754435,491.11,5680,1337.4017194100002,1744430,-203.72856750488282,-1.661975872516632,0.026631050929427146,21.34208526611328,0.0003,,
130,13418,1756675,503.0,5684,1369.79451646,1746670,-203.12642822265624,-1.0326283067464828,0.02701488360762596,17.349452209472656,0.0003,,
130,13421,1757110,501.04,5688,1365.99527997,1747105,-205.02349853515625,0.5275088787078858,0.02651841603219509,20.480603408813476,0.0003,,
130,13454,1761675,503.52,5692,1371.7767699099998,1751670,-203.85860595703124,0.3541968822479248,0.02595771662890911,20.00723876953125,0.0003,,
130,13470,1764020,508.52,5696,1383.64049534,1754015,-204.37156372070314,0.8754764437675476,0.024396791681647302,18.62108268737793,0.0003,,
130,13488,1766675,515.86,5700,1404.71778085,1756670,-205.57901916503906,0.719659149646759,0.02451775558292866,18.058981132507324,0.0003,,
130,13507,1769410,530.1,5704,1445.0613503099999,1759405,-203.69708862304688,-0.5369484663009644,0.024325843900442123,20.624477195739747,0.0003,,
130,13518,1770855,530.83,5708,1449.1588245600003,1760850,-205.72339477539063,-0.3642461895942688,0.02518809586763382,18.62537498474121,0.0003,,
131,13533,1773015,528.54,5712,1447.3360685600003,1763010,-204.90077514648436,-0.660322654247284,0.025594653189182283,20.499285316467287,0.0003,,
131,13542,1774200,531.35,5716,1453.41196044,1764195,-204.74612426757812,0.660792201757431,0.023097483813762663,19.914294052124024,0.0003,,
131,13560,1776645,533.82,5720,1457.9717518100003,1766640,-205.21984252929687,0.019980114698410035,0.023489990457892417,18.499335098266602,0.0003,,
131,13581,1779635,546.02,5724,1491.23133767,1769630,-205.773876953125,-1.362202000617981,0.02492782101035118,17.68322868347168,0.0003,,
131,13597,1781750,553.65,5728,1514.23155586,1771745,-206.63764038085938,0.45896559953689575,0.024371597543358804,19.919170761108397,0.0003,,
131,13618,1784560,552.12,5732,1512.7058091000001,1774555,-204.76360168457032,1.524139642715454,0.024735236167907716,18.47006435394287,0.0003,,
131,13632,1786425,562.31,5736,1542.2087230699995,1776420,-205.78216552734375,0.9944666504859925,0.023450170084834097,17.762265396118163,0.0003,,
131,13650,1788985,571.42,5740,1566.02946187,1778980,-205.0916534423828,-1.725226068496704,0.023906055837869644,21.93655643463135,0.0003,,
131,13664,1791105,572.88,5744,1571.1958874099998,1781100,-205.4449920654297,-1.0098638117313385,0.024087148159742354,18.592994499206544,0.0003,,
131,13677,1792920,573.33,5748,1573.0812847599998,1782915,-205.992041015625,-0.1926563262939453,0.025691840797662735,19.600082778930663,0.0003,,
131,13691,1794735,564.23,5752,1550.1369822499996,1784730,-205.56890258789062,0.34998745322227476,0.0243703979998827,19.7270076751709,0.0003,,
131,13721,1798620,574.68,5756,1583.1428256999998,1788615,-204.68637084960938,-1.4002801537513734,0.024077299609780313,23.3677619934082,0.0003,,
131,13735,1800605,587.5,5760,1622.1448521800003,1790600,-205.79900207519532,-1.8544175148010253,0.0241714708507061,20.484417724609376,0.0003,,
131,13758,1803620,595.6,5764,1648.1821896600002,1793615,-205.46764526367187,1.1454941987991334,0.02374337539076805,17.039781379699708,0.0003,,
131,13773,1805750,587.14,5768,1620.7095472000003,1795745,-206.23876342773437,-1.4152175545692445,0.02269434407353401,17.956732559204102,0.0003,,
131,13790,1808100,591.59,5772,1622.63894526,1798095,-204.96468200683594,-0.29969120025634766,0.02626470886170864,18.795180320739746,0.0003,,
131,13801,1809790,590.78,5776,1619.90727818,1799785,-205.2299591064453,2.017375636100769,0.025810645893216133,16.74325008392334,0.0003,,
