#{"t_start": 1783133905.572226, "env_id": "None"}
r,l,t,rc_alive,rc_forward,rc_upright,rc_height,rc_single,rc_air,rc_ctrl,rc_action_rate,rc_torque,rc_slide,rc_lateral,rc_yaw_rate,rc_joint_vel,ep_speed,ep_dist,ep_pushes
-33.403912,52,1.217131,52.0,-47.03659375484684,15.175095123625317,16.556570285482753,0.15,-3.2999999999999994,-4.0530742275714875,-20.310931444168087,-7.888321499174367,-2.2552739345466426,-5.24101587894163,-25.432758289624683,-1.7676088036894404,-0.3662072455011201,-0.3808555353211649,0.0
-29.74185,47,1.285585,47.0,-35.721825036020455,11.956866219748331,13.443946846659466,0.6,-2.28,-3.8437925601005554,-19.744503355026247,-7.300783088932093,-2.419336472139234,-4.262600121914264,-25.658047273639106,-1.5117750737505793,-0.3026167739897332,-0.28445976755034924,0.0
-47.544887,56,1.359881,56.0,-65.10107074218217,14.112868472837482,16.340549555262662,0.0,-3.4699999999999993,-4.45789752960205,-22.306838485598565,-8.917761487985526,-2.496812286962727,-9.015433726119696,-16.366804854744984,-1.8656858645872487,-0.42759161553274494,-0.4789026093966744,0.0
15.009105,85,1.475657,85.0,-33.53252780974053,26.606565773311882,29.316610689799912,0.6,-4.319999999999999,-6.9249103045463585,-35.444431960582726,-12.904477053431894,-4.126759306049572,-2.560918440247194,-23.024611423002913,-3.6754351492484476,-0.1383361018337201,-0.23517137311732417,0.0
-24.647401,56,1.555579,56.0,-44.722711592630354,16.83949126010471,19.60223165490003,0.3,-2.7699999999999996,-4.217652647495271,-21.167374610900875,-8.574018223717074,-2.0497408734009555,-3.895665340863612,-27.796680448357105,-2.1952801428479285,-0.3332789981480566,-0.37327247792582346,0.0
-27.656484,52,1.629641,52.0,-38.67188794207181,14.218313557359139,17.352780417092422,0.15,-3.17,-4.0839447903633115,-18.202750623226166,-8.249475360022151,-2.1244329444737793,-4.641917398245953,-30.36930316288956,-1.863865414295706,-0.2976858194498055,-0.3095932522277977,0.0
-58.429131,53,1.704732,53.0,-56.41270980916213,12.579176451646436,15.722809193621641,0.3,-2.7199999999999998,-4.349838788509368,-20.453556263446814,-8.432671092247947,-2.2472190951399975,-7.297711383250506,-35.802149691401816,-2.315260222011287,-0.4325324583875651,-0.458484405890819,0.0
-50.567664,60,1.792757,60.0,-56.670500963234524,15.9417739234866,17.978992232206927,0.6,-4.41,-4.995963778495788,-24.13425831794739,-9.532124989479865,-3.1438102976886233,-7.567980482483722,-32.11897854195378,-2.514813173946961,-0.38882910414234134,-0.46659492497080957,0.0
-59.327828,72,1.896643,72.0,-68.82446673245076,20.573615583638084,23.625208467780087,0.6,-4.159999999999999,-5.911200757026673,-28.876465642452235,-11.152001990042487,-3.482052645543362,-9.234851218175342,-41.54345028103652,-2.9421629905920765,-0.36205921389524476,-0.5213652680091524,0.0
-39.502949,56,1.979679,56.0,-46.722321308588576,16.043508736759406,17.361354980601728,0.44999999999999996,-2.8,-4.418987367153168,-22.96308376789093,-8.811953535440983,-2.938747955227446,-5.872738147390216,-32.61582657665097,-2.214153928378512,-0.357492764175664,-0.40039189587674373,0.0
-34.902012,54,2.056008,54.0,-44.17290091245745,16.186576073883117,18.324231444487346,0.3,-4.279999999999999,-4.374531166553498,-21.561327064037325,-8.775225978612088,-2.384937799814468,-5.308798138405689,-30.831772514587794,-2.0233264234638155,-0.3463385426133845,-0.3740456260224553,0.0
-42.790745,55,2.136175,55.0,-51.32722212970921,15.572295048837624,18.09115587108093,0.75,-3.4899999999999993,-4.5346753215789795,-22.538139307498934,-8.536774540088523,-2.370434341784191,-7.3194964256528845,-29.97293633707888,-2.114517654339497,-0.3425466066203936,-0.376801267282433,0.0
-52.620882,51,2.206748,51.0,-59.73351452285472,12.764259891631855,15.354407456335718,0.0,-2.8399999999999994,-4.217656414508819,-21.13180397748947,-8.067217735031154,-2.6934106327227725,-7.630855940104842,-23.377739996019017,-2.0473497000938443,-0.41874474843774956,-0.42711964340650455,0.0
-25.491788,60,2.285131,60.0,-29.351616203922017,18.223158784550517,19.722319115351194,0.3,-3.7999999999999994,-4.653943991661071,-23.052075225114823,-9.23436650082764,-3.1054928273247215,-3.758641654824972,-44.62798208618916,-2.1531472704028034,-0.27228705569921496,-0.32674446683905795,0.0
-17.588444,86,2.407996,86.0,-44.970167944655415,26.701795019571097,28.888825718851113,0.6,-4.49,-6.993769369125369,-34.995409280061715,-13.60811929783796,-3.78870725670237,-5.658522447292365,-41.78225783564326,-3.492111068737257,-0.3224771044724284,-0.5546606196925769,0.0
-25.627465,65,2.498881,65.0,-49.52338980926658,18.429349032296,21.142542206556307,0.6,-3.2199999999999998,-4.999608349800108,-23.898981940746303,-10.361216906285277,-2.8543043467843554,-6.557424089337438,-26.703612512271896,-2.6808181255028734,-0.3589250731561483,-0.4666025951029928,0.0
-31.128647,63,2.58754,63.0,-45.35576724422338,18.645996663649186,20.546882983539113,0.3,-3.4199999999999995,-5.211526196002957,-26.13024483919143,-9.94007524431259,-3.0618114548319553,-7.401544064011086,-30.752952573908008,-2.3476052683688686,-0.2825877720792069,-0.3560605928198007,0.0
-29.195074,47,2.65933,47.0,-35.98411351906397,13.939317644710654,15.269226079727792,0.3,-2.4899999999999998,-3.858817119598389,-18.31482888460159,-7.225766211567329,-1.7049861117293592,-3.8418079269229994,-30.247047181963243,-2.0362511999114217,-0.39185485447064444,-0.3683435632024058,0.0
-30.567726,62,2.74463,62.0,-47.49689251007027,18.98963182121849,20.45317780981419,0.15,-2.67,-4.7964200603961915,-23.98852407932282,-9.552751865704186,-3.1351870453752344,-6.392758934263064,-31.862804429750668,-2.265196303015316,-0.29362570339076444,-0.3640958722045479,0.0
-32.217216,54,2.820004,54.0,-43.0319960672929,15.295139980095936,17.68129258404652,0.44999999999999996,-2.2399999999999998,-4.083081097602846,-20.7211062669754,-8.374675129412084,-2.4288457960471095,-4.592921600096537,-32.01191579420737,-2.1591071663919084,-0.3304591671979372,-0.35689590057377224,0.0
-54.959547,76,2.933264,76.0,-76.96185399203482,24.154550840591106,26.130593635982866,0.44999999999999996,-5.210000000000002,-6.081892337799075,-30.907037520408643,-12.170942031904861,-4.556457813434207,-9.391667384238232,-33.056243079686425,-3.358597261901935,-0.4332863516572266,-0.6585952545189845,0.0
-30.694591,48,3.001522,48.0,-46.243305975475764,12.615602562112825,14.864524662735072,0.0,-1.9,-3.9481687307357785,-19.43223134279252,-7.689767860873752,-1.9631661797262157,-4.577571110251069,-18.732399666679477,-1.6881074260881683,-0.3830239788253884,-0.36770301967237284,0.0
-38.82291,52,3.073346,52.0,-49.26680385112855,14.980768901764256,16.693710713805018,0.0,-3.03,-4.228211965560913,-19.973118245601654,-8.207870024721311,-1.986265806552568,-6.424976511038122,-27.14458298077911,-2.2355599650829614,-0.3330196993163786,-0.34634048728903377,0.0
-25.255023,53,3.142366,53.0,-47.18039982723297,14.233317692613348,16.61422346136953,0.0,-3.3399999999999994,-4.2721763467788705,-21.75484957695008,-8.305291463452596,-2.660390562547485,-5.135048094240253,-14.23775359215537,-2.216654462394637,-0.4542372069906148,-0.48149143941005174,0.0
-59.274517,49,3.202319,49.0,-66.89821151123161,12.740474689250375,15.511972144283298,0.0,-2.5199999999999996,-3.75061297416687,-18.104523479938507,-7.667060915504578,-3.1105389192449207,-8.639035465164225,-23.867551446833264,-1.9694289836636045,-0.4455556506842537,-0.4366445376705686,0.0
-35.066315,53,3.26589,53.0,-31.861547301279124,16.557816813292774,18.333266762848517,0.3,-3.3,-4.280009660720826,-21.663648426532742,-7.810832598196243,-2.542121832974347,-2.9419882627947964,-47.15566958925984,-1.7015804078048342,-0.23647021390071327,-0.2506584267347561,0.0
-5.410387,58,3.346597,58.0,-28.607078444589018,16.89023520190811,18.04786613826548,0.15,-3.13,-4.793204512596129,-23.937481248378752,-9.21383502605322,-3.3196075058166934,-3.736613530313149,-19.38487049707316,-2.375797952103692,-0.28449043478924585,-0.33000890435552516,0.0
-64.960656,65,3.433761,65.0,-59.41674314261554,17.889019395893822,20.52191631907221,0.3,-4.43,-5.230042412281039,-25.902069056034087,-10.485086968870874,-3.3129980786118933,-6.76992068259182,-50.61459176166043,-2.510139231664095,-0.30166582182301577,-0.3921655683699205,0.0
-22.727208,55,3.507055,55.0,-31.000791945055468,12.741122444665539,14.097273413999524,0.3,-2.57,-4.418103222846985,-22.665827429294584,-9.143895404643668,-2.6785795439431572,-3.314342257758881,-26.996671906664563,-2.0773919139317623,-0.4071301164088285,-0.4478431280497114,0.0
-38.095169,54,3.580114,54.0,-46.23106601309707,15.28750875087344,16.135939003219466,0.9,-2.53,-4.325263870954513,-22.05637339353561,-8.519530826997846,-2.1423353810499677,-6.575375639381423,-29.96359176160232,-2.0750794885294117,-0.2994997711368714,-0.3234597528278211,0.0
-44.038341,52,3.649666,52.0,-58.52764128727196,15.918139623868413,17.01518085806791,0.15,-3.1399999999999997,-4.354315013885499,-21.44291708469391,-8.260781290913872,-2.449059120519039,-7.221922003936966,-21.631115093095996,-2.0939109445452786,-0.48320115311318845,-0.502529199237716,0.0
-24.936068,46,3.712192,46.0,-34.53390246156072,12.966716249432922,15.363543910217448,0.3,-3.34,-3.6457396960258484,-17.27160221338272,-7.129896812838214,-2.536874149785125,-4.497051326561831,-24.575226595230223,-2.036034584152957,-0.3189581133554929,-0.2934414642870535,0.0
-17.547872,57,3.790581,57.0,-36.95390302514113,15.131097740562172,16.933079920441244,0.0,-2.33,-4.637798237800598,-23.109048032760626,-9.10122474361377,-2.7442103776859397,-4.892902638947354,-21.147354306603994,-1.6956086851569907,-0.3464704110198885,-0.3949762685626729,0.0
-37.184995,54,3.864123,54.0,-51.80409760201424,14.052244413573199,16.917329941072836,0.15,-2.38,-4.4505483913421635,-21.32379059791564,-8.523458954286733,-2.4896818196155266,-6.686316434962861,-22.491600285328953,-2.155075765256355,-0.4899416190861924,-0.5291369486130878,0.0
-32.583901,57,4.895912,57.0,-48.59061509816234,15.883886313107588,18.74150173854929,0.3,-3.01,-4.503863158226014,-22.865848624706263,-8.474857030454663,-2.429115944305988,-6.721265094448599,-25.633521627708753,-2.2802020141872856,-0.3396552557179494,-0.3872069915184624,0.0
-42.928759,68,7.742753,68.0,-61.35717789950733,18.76676620709571,21.864922381136516,0.15,-4.24,-5.7564978885650655,-28.91887197494507,-10.74748082631023,-3.164514565786902,-7.877312763389351,-27.034466611883264,-2.6141248049092805,-0.3143480431342663,-0.4275133386626022,0.0
-13.804339,55,10.079651,55.0,-37.39649319192376,15.139586086629656,17.027419902880528,0.6,-2.8399999999999994,-4.741463108062746,-24.296921122074128,-8.929068575464619,-2.1233581882180337,-5.242152721349941,-13.858727217128703,-2.1431608887367535,-0.34864468842232144,-0.3835091572645536,0.0
-23.565659,55,12.396782,55.0,-32.01461871044617,16.4201117631726,18.633022284561967,0.6,-3.1999999999999997,-5.2400324392318725,-23.445203304290768,-9.1205000837911,-3.06348635333663,-5.17816486176042,-30.17909871050786,-2.7776889449311075,-0.16744249556072027,-0.1841867451167923,0.0
-26.057966,51,14.478333,51.0,-40.62790492584497,13.931566788535656,16.424357567490077,0.15,-2.8,-5.075141820907593,-21.388110947608943,-7.999777883206337,-2.8155933155934285,-6.005930550814805,-18.060030035529795,-2.791401174125225,-0.31496879024625785,-0.321268166051183,0.0
72.627847,68,17.195776,68.0,51.6756770326299,22.10133846531707,21.423105060759774,4.35,-3.3499999999999996,-6.978237442970275,-29.83216760158539,-11.765658429380489,-3.7209383945978916,-4.910243645189786,-30.52932673352721,-3.835700886466693,0.10479893045528181,0.14252654541918328,0.0
3.294203,75,20.338084,75.0,-23.464857131611314,23.129824974811463,23.815618830547695,1.7999999999999996,-4.01,-7.533902387619018,-30.060298657417295,-12.71569092010037,-4.180612557024163,-4.3508241594854855,-29.579993616273686,-4.5550610230123,0.14152073548432884,0.21228110322649327,0.0
82.168702,59,22.662475,59.0,45.4826909012732,18.0764299418821,19.89069722441396,3.149999999999999,-2.9899999999999998,-5.909324159622192,-22.917477440834045,-9.826999158337754,-2.6558303381289967,-2.8719677062585145,-13.248873941226181,-3.0106433645758717,0.505539371804111,0.596536458728851,0.0
63.933197,43,24.442625,43.0,60.39474411895431,13.043537794528486,13.80178994004968,2.5499999999999994,-2.4299999999999997,-4.554507212638856,-16.735957908630375,-7.1395015370379,-1.8714427741224506,-8.668710144908719,-24.94551370854143,-2.5112414132480025,0.6470067277117335,0.5564257858320908,0.0
85.515139,56,26.771316,56.0,58.47620169706376,16.489968364452505,19.02064994985061,3.149999999999999,-2.6599999999999997,-6.129864487648012,-25.401155531406406,-9.194717218920802,-1.8337253384101806,-6.373456909445637,-13.748941418015932,-2.2798204839553353,0.447378283173525,0.5010636771543481,0.0
111.323529,100,30.788721,100.0,43.52759154350803,34.057124602929214,36.18083367926539,3.7499999999999987,-4.5200000000000005,-10.921468861103051,-41.52155568599703,-16.24193426618012,-4.753030474908009,-5.59537812704457,-17.077382337753864,-5.561270742249969,0.12637170917522084,0.2527434183504417,0.0
93.61557,86,34.187391,86.0,36.872725563466474,30.184339814563597,31.33799870565076,4.35,-2.9999999999999996,-9.327248311042785,-37.67870987653733,-14.189969061060042,-3.5236769470174876,-4.090268554467057,-19.601591096581657,-3.7180302879936957,0.17557598284866352,0.30199069049970123,0.0
-13.138644,59,36.568034,59.0,-34.84849705280914,18.767983907268093,19.964238020041225,0.0,-2.05,-7.210563817024232,-25.69416853189468,-9.78831824587946,-2.665932864732729,-2.951247871722459,-22.830440016254663,-2.8316977925681877,-0.2236113395749212,-0.263861380698407,0.0
97.601077,63,39.174087,63.0,62.742616233451834,20.859578585939147,20.675671121614368,2.2499999999999996,-2.8799999999999994,-7.018516492843631,-25.63410216867925,-10.199440987499898,-3.744474004203717,-8.413784835179271,-11.547263015336151,-2.4892070456936817,0.4299756388643478,0.5417693049690783,0.0
94.610051,54,41.291428,54.0,74.2623821358329,18.818935095311833,17.540163024992765,2.3999999999999995,-3.1399999999999992,-6.5935531425476075,-21.887858569622047,-8.759068605599294,-2.9826167594477493,-10.024488683951374,-16.705099388916437,-2.3187438284611095,0.6728734109862536,0.7267032838651539,0.0
83.874225,51,43.412147,51.0,62.82834301579913,17.66707432248202,16.518886206330347,2.6999999999999993,-2.8599999999999994,-6.105184292793275,-22.828804028034213,-8.428275944546854,-3.2973132460746486,-7.650664303376271,-13.509865890338098,-2.1599712028118874,0.5208825285742182,0.5313001791457026,0.0
104.794381,77,46.461847,77.0,59.85945488065179,25.959193087959218,26.1691821784076,3.449999999999999,-3.3399999999999994,-9.004133429527284,-30.294325947761532,-12.346031107520558,-4.024602053792268,-9.338542750244013,-15.834562338087643,-3.4612518215588635,0.3819238038596218,0.5881626579438176,0.0
85.618869,58,48.689333,58.0,72.543176925021,18.07740809476438,19.23701651467324,4.049999999999999,-1.9699999999999998,-7.239266133308411,-24.659201276302337,-9.426449710258213,-3.072478704265405,-8.96349791077358,-28.27382441533848,-2.684014819691556,0.5421948103831404,0.6289459800444428,0.0
95.412383,53,50.920197,53.0,67.6223110792908,17.314322527006475,17.338483467131216,3.5999999999999988,-1.2400000000000002,-6.186130876541138,-23.144072252511975,-8.763604846659097,-2.332641274225524,-9.084972845032816,-10.064551650428697,-2.6467600163444946,0.5338268776638369,0.5658564903236671,0.0
122.984962,82,54.339605,82.0,79.13594926316122,29.51267463913777,29.78730172452068,5.250000000000002,-3.8499999999999996,-9.665205397605897,-39.22806319594382,-13.472187536279764,-3.42919131381011,-10.423909206479506,-19.47855921227737,-3.153847582930396,0.3777445351343511,0.6195010376203358,0.0
36.895395,63,56.893455,63.0,-0.22906772991425423,19.22707686483439,21.924559765179758,0.75,-2.6999999999999997,-7.882926206588743,-23.316824600100517,-10.350478319544624,-2.6918313361651838,-1.116986138571694,-17.140144014379818,-2.5779836582416578,0.07235433924822149,0.09116646745275908,0.0
93.417401,57,59.159906,57.0,58.96092235052801,21.03717142383687,19.372035216301096,2.6999999999999993,-2.7399999999999998,-6.665726847648622,-27.751462626457222,-9.86184981965288,-4.072836013344935,-5.421126589322534,-6.562756559149303,-2.5769696871018573,0.4912109136240895,0.5599804415314621,0.0
67.809099,58,61.67267,58.0,54.155462061394836,16.932872497746967,20.30239729336492,2.6999999999999993,-3.6599999999999997,-7.010215516090394,-27.548005276918417,-9.915150666389275,-1.960270766733544,-7.2246990706878655,-24.197160300604843,-2.7661312738338797,0.2376961070877924,0.2757274842218392,0.0
114.019027,67,64.424168,67.0,82.24644670523446,24.841979982257094,23.018683749852578,2.999999999999999,-3.27,-8.418623805046082,-37.139780253171914,-11.394558104605416,-3.0063844535947943,-10.247005023061122,-9.627545539232,-2.9841862624151343,0.5193054366957468,0.6958692851723007,0.0
80.165294,71,67.469276,71.0,45.97075736675195,20.976753638907503,25.183274355831543,2.6999999999999993,-3.6599999999999997,-8.857009572982788,-33.9888459056616,-12.099032304731246,-2.956420902512005,-2.9691057282325146,-17.906202652974198,-3.228873857798989,0.40011055323268924,0.5681569855904187,0.0
77.381061,72,70.29673,72.0,38.953090987182776,22.686721063647763,24.57617919367885,2.999999999999999,-2.6999999999999997,-8.407579455375672,-36.323477268219,-11.911322668901137,-3.137173917698548,-1.6806971674065327,-17.02284322485081,-2.6518368696884846,0.48578906577493125,0.699536254715901,0.0
66.903997,59,72.695077,59.0,37.18504537145906,18.378911888287494,19.774249638679468,2.5499999999999994,-2.1399999999999997,-7.45354796409607,-25.09042974114419,-10.102871356867427,-2.5795343022175876,-4.453953656097562,-15.407621939288958,-2.7562509319779127,0.22892854331794865,0.2701356811151794,0.0
77.136873,61,75.045517,61.0,53.18116505898013,13.847177978928295,21.55080743650214,3.7499999999999987,-3.9399999999999995,-7.166827511787412,-31.16354874372483,-9.721298569820982,-2.70609021518323,-4.661685996202968,-14.598733155118019,-2.234092903504289,0.48103790177176886,0.586866240161558,0.0
93.180252,58,77.496305,58.0,63.708396252936815,18.635157274465104,18.638107518843753,3.149999999999999,-2.68,-7.609051795005798,-22.96377038955689,-9.644626399608486,-3.533221737609811,-4.039665596372407,-15.838592439998726,-2.6424808541751283,0.08894994435682534,0.10318193545391738,0.0
62.815282,62,79.936604,62.0,44.25618006860031,17.445470181605472,20.71483272229284,2.6999999999999993,-3.2599999999999993,-7.735879874229432,-32.71469585895539,-10.61326623115845,-2.2218361596234453,-5.410666167165103,-19.811502829618508,-2.533354116029629,0.12257560195976927,0.1519937464301139,0.0
168.350151,100,84.10415,100.0,123.42041598381729,36.59992402435399,31.567620527475018,4.950000000000001,-4.37,-12.316321635246277,-45.80313988924024,-16.81711907414606,-5.54861559414677,-11.755924137618578,-28.133303242156742,-3.4433861161392714,0.19108453058657637,0.38216906117315275,0.0
40.358162,73,87.003502,73.0,14.42168344722523,19.984370433742395,24.514558936537583,2.3999999999999995,-2.34,-9.975198984146118,-33.350849422812466,-12.444392446136451,-3.3836212877486163,-8.235279075846702,-20.806030446560285,-3.427079651596711,0.28844724528358084,0.421132978114028,0.0
103.144265,70,89.850389,70.0,70.88457926876757,25.814588446285633,21.82401773873928,3.149999999999999,-4.4,-8.761425285339355,-41.28117655515671,-11.405570076145674,-3.1659491173095633,-7.991802367482088,-8.86621481566396,-2.656781976513478,0.3129258508375817,0.4380961911726144,0.0
-49.066756,68,92.643764,68.0,-48.63609632537943,18.07613740103673,22.57292538859353,0.9,-3.4299999999999997,-9.01749571323395,-30.7571955114603,-11.863282025428129,-3.479498145159514,-5.23433085913791,-43.10373815812564,-3.094181632257426,-0.29160080816466627,-0.3965770991039462,0.0
-3.84329,84,96.187082,84.0,-12.911036875577372,28.153261114575905,29.425073109080945,1.4999999999999998,-5.740000000000002,-10.581088833808899,-37.473438405990606,-14.283462039394376,-4.584171851217431,-5.182701612801479,-52.33090456213655,-3.834820335002748,0.1549861688617988,0.260376763687822,0.0
102.623245,72,99.235616,72.0,75.05320840005847,24.779807966867253,23.995816552773775,3.5999999999999988,-3.2899999999999996,-8.787940015792845,-31.842742240428922,-11.974661211479946,-4.688886013898629,-7.639666415789582,-24.822586809612766,-3.7591047480157727,0.4742989597646461,0.6829905020610904,0.0
15.123958,47,101.108438,47.0,-12.800517738441519,14.78286809204414,14.857942922196047,0.3,-1.98,-5.616354289054869,-21.925435185432445,-8.205078400685869,-1.3651124404965287,-0.7057576605042734,-6.964713402712803,-2.25388399619347,0.05543700434423617,0.052110784083582,0.0
-21.607869,48,103.035633,48.0,-24.063818914485985,14.127767298502368,14.69177580669305,0.0,-2.4499999999999997,-5.83104248046875,-22.24062317609786,-8.304621904056694,-2.402404930792692,-2.447481403860544,-28.510823210101616,-2.1765963712157936,-0.3774876085640513,-0.3623881042214892,0.0
124.586151,101,107.386215,101.0,51.927365284509335,35.249876536938324,36.90355053500019,3.449999999999999,-5.950000000000002,-11.385182967185974,-44.63523353934289,-17.550371442972274,-3.948792892920522,-4.033389245768176,-11.943202484041132,-4.498469044158611,0.3194903419871876,0.645370490814119,0.0
120.64618,79,110.684236,79.0,67.42541503874247,25.957885110422623,28.279476341652295,5.250000000000002,-4.029999999999999,-9.50878135204315,-33.995077297091505,-12.966055066897658,-3.037583244935709,-5.770449003942929,-12.544694711794929,-3.4139557852705185,0.3360383967462001,0.5309406668589962,0.0
96.731318,63,113.445187,63.0,55.16988478868249,18.994905852664765,22.5406560527131,4.800000000000001,-3.6499999999999995,-8.032754106521608,-23.322349041700363,-10.173726020949294,-3.2573716585348604,-5.281772955595168,-10.554852165687638,-3.5013031822872467,0.5272244880412787,0.6643028549320112,0.0
104.00476,76,116.752203,76.0,56.51464580119454,23.64698458568948,27.590997353906534,4.35,-4.06,-8.465684342384339,-32.90950030684472,-12.71583115099637,-2.9145175723996557,-3.971448360685891,-15.75435511644896,-3.3065305012132153,0.23071221091630012,0.3506825605927762,0.0
80.638078,46,118.736189,46.0,57.30646959855678,15.35858445453222,15.01165577643238,2.2499999999999996,-2.19,-5.4545669412612945,-16.94185033738613,-7.289903790623834,-2.214913398453172,-9.498014154752068,-9.29645273004078,-2.4029300403959892,0.5806502976417851,0.5341982738304423,0.0
110.719486,69,121.677393,69.0,76.90024666302071,22.42148373961843,24.27356283252322,3.449999999999999,-3.69,-7.800527014732361,-33.19703977108003,-11.363128472409628,-3.0425718013794874,-9.00891966797155,-14.220145608587528,-3.003475089366975,0.39744819122891245,0.5484785038958992,0.0
96.300709,68,124.498278,68.0,58.05093312148405,19.781347367468108,23.63920030878942,3.7499999999999987,-2.3899999999999997,-7.428906273841859,-29.465010309219366,-11.170615109102592,-3.2034289940587577,-6.421914242184415,-13.429273010927325,-3.411624223407484,0.18586715394824377,0.25277932936961156,0.0
89.094585,55,126.805492,55.0,64.91004867515002,18.560587595001056,19.39153522903871,2.3999999999999995,-2.4799999999999995,-6.305274605751036,-28.787284052371984,-9.3429037664964,-2.1268481871712956,-7.603104933091883,-11.834898689007016,-2.687271891977293,0.4394554166339547,0.4834009582973502,0.0
68.974486,59,129.299874,59.0,24.975439447506865,20.54355199081502,19.898688777612456,2.6999999999999993,-2.8099999999999996,-6.187527585029604,-21.671037617325783,-9.369391222531412,-2.824824510477215,-0.9382709286265836,-11.801485735195767,-2.5406568440239297,0.40276477694200374,0.4752624367915644,0.0
115.451145,71,132.226263,71.0,76.63223360915056,25.386197439415902,23.069347019298288,3.299999999999999,-4.06,-8.136493549346923,-32.74613885879516,-11.300736974118092,-3.2011313776462726,-5.7869763470655196,-16.01354941805237,-2.6916061393475217,0.4764245266374871,0.6765228278252317,0.0
80.38275,77,135.440767,77.0,26.065743238913782,24.80343386859558,26.06264349948431,2.2499999999999996,-3.3899999999999997,-8.09015559196472,-25.675188881158824,-12.444617661071653,-2.7270612352932644,-1.2071194742074063,-18.97404737186444,-3.2908802961008563,-0.06532301348978281,-0.10059744077426554,0.0
28.571691,86,139.027667,86.0,-19.621936170570976,28.287659192786755,30.31540423224031,0.44999999999999996,-3.36,-9.711621046066284,-41.71881554126741,-14.25588460788878,-3.761021243274628,-1.034551762509783,-19.817815507674652,-3.199726419158242,-0.23423758892905275,-0.4028886529579707,0.0
40.338033,100,143.140158,100.0,-14.275435523147818,28.009786717558164,29.63347651271288,1.05,-5.110000000000001,-10.251570117473602,-38.094381386041626,-16.403281821256936,-3.705016523634809,-2.5836466699148373,-25.525022454235113,-2.4068752958130317,-0.055582837276349294,-0.11116567455269859,0.0
168.235221,127,148.436685,127.0,87.20959087748184,48.40940226976763,43.79786331792603,4.35,-7.780000000000004,-13.084629268646243,-55.17904348373416,-20.199941295356645,-6.754626399279326,-7.72347331571731,-26.871656934932933,-4.938264545092755,0.18463925730065497,0.46898371354366364,0.0
102.285265,115,153.410867,115.0,35.23358027337991,34.83380391134849,39.93476216412293,4.049999999999999,-6.070000000000001,-11.694675137996677,-42.24812569618226,-18.663982289474486,-5.98302223186778,-2.165039727153125,-35.54379860756318,-4.398237740537356,0.015403861447042005,0.03542888132819662,0.0
51.404382,59,155.851353,59.0,13.722940182815382,19.058296729890074,20.71732282990784,1.6499999999999997,-2.7699999999999996,-6.3452379369735725,-23.774164712429044,-9.590182491460684,-3.4371277730487515,-0.4008753742773482,-13.80983979572874,-2.616749804335471,-0.08356721968242473,-0.09860931922526117,0.0
77.933778,56,157.957446,56.0,55.032804324960466,14.808395516578633,18.326533646658646,2.5499999999999994,-3.4099999999999997,-6.1787225317955015,-20.210339343547826,-9.492658087656613,-3.076109527978228,-6.879720052062919,-16.810869955224646,-2.7255354999968664,0.5237919483340733,0.5866469821341621,0.0
119.824786,68,160.384602,68.0,87.52034081791021,23.639104857131798,22.98480003870707,3.7499999999999987,-4.7700000000000005,-7.844652957916263,-28.69897608160973,-11.568873216809179,-4.0720278944683725,-9.242725434055217,-16.917646351217996,-2.954557345793279,0.5210409548345946,0.7086156985750486,0.0
100.469217,57,162.558389,57.0,67.96994564868899,19.839282636955787,17.931381791315534,3.299999999999999,-2.9899999999999993,-6.6623282480239885,-23.608108103275296,-9.48432859208023,-2.9983395661809977,-8.519906023809787,-8.798571525091479,-2.5098105370869255,0.42672450783903754,0.48646593893650286,0.0
89.251624,62,165.135736,62.0,72.41784392352679,18.15564077063351,20.546113882280977,4.35,-2.5599999999999996,-7.614015769958497,-21.190224990248673,-9.941629725545758,-3.679365132199443,-8.855578528249136,-31.374983846820925,-3.0021761109175245,0.530280728159901,0.6575481029182773,0.0
101.617819,78,168.546023,78.0,57.60548086285784,27.14521533385676,26.55950900980797,2.6999999999999993,-4.49,-8.561201548576358,-34.38025094270706,-13.024885000204321,-4.244036419509962,-7.183201080371783,-15.108050137744286,-3.40076114889967,0.33433099957724693,0.5215563593405053,0.0
57.778503,64,171.189396,64.0,19.7891665926081,19.15691552447024,19.424386682655445,2.5499999999999994,-2.8699999999999997,-7.448240942955017,-20.76764058917761,-10.388601156650928,-3.7072619310020154,-1.053480151744717,-18.418869619077324,-2.4878714560263187,0.307707303641679,0.3938653486613491,0.0
48.992592,60,173.754398,60.0,0.5280439384456277,19.455234789014682,20.84059973701297,1.4999999999999998,-1.4999999999999998,-7.567782306671143,-15.66982445418835,-9.70339654463384,-2.1700880057170213,-0.42577116618495336,-13.097204109859153,-3.197220340980273,0.12588951629622402,0.15106741955546882,0.0
41.872838,55,176.09798,55.0,26.5569298027115,14.54053849693374,19.20566735579672,2.5499999999999994,-1.48,-6.542079668045046,-24.3439753651619,-8.927093679762113,-1.8656939377695283,-3.635587934755961,-26.444109338184315,-2.7417580575181875,0.18627955301239202,0.20490750831363125,0.0
77.837063,84,179.756577,84.0,24.930630700334387,25.694561477068245,29.294587848542005,2.849999999999999,-4.06,-8.379623959064483,-34.63730603456496,-13.574719631480471,-3.6145293666897698,-0.9805067763268027,-20.441670984310182,-3.2443605338541945,0.05348127168417053,0.08984853642940649,0.0
70.378283,59,182.249758,59.0,46.77453023411828,17.409401021479674,21.071651526760842,2.0999999999999996,-3.1099999999999994,-6.613068342208863,-25.41558079719544,-10.03847721321051,-1.6998545911858514,-5.349791352389927,-21.033939188286542,-2.716588776830274,0.40660360732712514,0.47979225664600766,0.0
22.967203,66,184.993289,66.0,-12.15925996280807,18.72982749885441,22.181736895195606,0.6,-3.2899999999999996,-6.817846503257753,-29.623287224769587,-10.910966821472496,-2.8178630918905214,-1.0023114164679048,-15.621373528897132,-2.3014527721812366,0.04708471488394829,0.062151823646811745,0.0
32.976096,134,190.727607,134.0,-41.81198023245706,48.58938117110587,49.73625591303974,2.3999999999999995,-7.810000000000002,-13.69312985897064,-54.37203729152681,-21.191901095529296,-7.518286198491735,-7.923984784752971,-41.493990342413504,-5.934231289540629,0.11438769304099267,0.30655901734986035,0.0
144.641376,121,195.72087,121.0,70.75135617198121,39.076671998396506,41.01157739765939,6.0000000000000036,-4.04,-12.733855090141294,-45.944611501693714,-19.795595710437897,-5.291880717786635,-2.5980525177436053,-38.03654783396604,-4.757686589480016,-0.23184124292152403,-0.5610558078700881,0.0
24.459441,78,199.059076,78.0,-23.53555740335805,26.875721424291157,28.200581374569843,0.75,-4.37,-8.153020637035372,-34.26004714965821,-12.243916749258204,-3.204339406220463,-1.1828646589280822,-19.20890473476873,-3.208211008798354,-0.29598189783142986,-0.46173176061703064,0.0
0.374231,81,202.456718,81.0,-23.40763835920455,26.524872360087105,27.291161028252706,0.44999999999999996,-3.8299999999999996,-8.127842521667478,-39.207190820574745,-13.021380777481737,-3.3441710765422403,-2.959797469035679,-38.124986685730335,-2.8687948379574304,-0.23191489455294143,-0.3757021291757651,0.0
0.581185,96,206.49518,96.0,-57.81231996633024,32.991537456009574,34.6028191098697,0.3,-5.25,-9.45614154815674,-37.33445612788201,-15.111155816454145,-4.594912212765213,-5.560501299692626,-25.039906319066347,-3.1537782805538304,-0.16930870947523874,-0.32507272219245836,0.0
142.706136,122,211.66399,122.0,68.4035409884598,45.471363321656135,40.9436165864255,5.850000000000003,-6.020000000000001,-12.250917451381685,-47.40978648662564,-19.384094473689153,-5.331873830730874,-6.976213223449821,-37.48661844223073,-5.102881324423213,0.020173042807838423,0.04922222445112575,0.0
-5.913412,82,214.944988,82.0,-45.33665661170519,23.922679375582167,27.033910324793723,0.3,-3.4999999999999996,-8.416788396835326,-28.439368534088132,-13.418834232750575,-4.33676778617282,-4.874370728950762,-27.093652736981316,-3.753562482470644,-0.3275873989711441,-0.5372433343126763,0.0
106.694097,117,219.784482,117.0,14.100209919917914,40.42546829090149,43.09068434864888,1.9499999999999995,-5.940000000000001,-10.518128774166108,-48.833080899715405,-18.229058497363916,-5.351160730857462,-0.6204097645446757,-16.156840164007118,-4.2235868153533795,-0.0733082150040744,-0.1715412231095341,0.0
62.748017,71,222.818235,71.0,7.448511655458568,23.96119523306152,23.885655013778393,1.9499999999999995,-3.0300000000000002,-6.418116767406465,-27.28804123401642,-10.998658563045964,-2.743334723664682,-0.3102535660364257,-11.9504133062817,-2.75852712696087,-0.20153151240439612,-0.2861747476142425,0.0
23.022855,61,225.450763,61.0,-5.807519240494229,18.125107880183265,20.210834392919892,0.9,-2.5999999999999996,-6.102885880470275,-21.817244911193846,-9.623686884953294,-2.4733245348954203,-0.5460850180900503,-26.193101997292292,-2.0492391362370697,0.050387358635335396,0.06147257753510918,0.0
115.067786,75,228.613056,75.0,75.89816385677753,25.48209681307263,24.760665460588037,4.5,-4.34,-8.578640456199647,-26.048753023147583,-12.348200067810206,-3.821078079587831,-6.40426645827486,-25.64773583732324,-3.3844662721427508,0.4793806792114403,0.7190710188171604,0.0
73.418803,61,231.152096,61.0,41.70012142722475,19.13826625037758,21.65329353167418,1.2,-2.11,-6.775717425346376,-18.39937993586064,-9.976464092763184,-2.663961506230923,-3.6190353264090076,-24.375626687988937,-3.3526929204066476,0.367246938075718,0.44804126445237596,0.0
34.966766,77,234.25162,77.0,-15.770537894051985,24.792415687966958,27.64885403286773,0.6,-5.150000000000001,-7.309446079730987,-27.85912263691426,-11.962618908979175,-4.086803450129773,-2.3959474938776046,-17.793356945392535,-2.7466699952748814,-0.0603813317042131,-0.09298725082448818,0.0
109.174857,74,237.234123,74.0,86.60702707416205,23.894002182492038,24.451033259779795,4.5,-2.15,-8.601114373207091,-21.549579817056653,-12.979728899925409,-4.293216784461091,-8.575898042719178,-41.48070650912657,-4.646961266289126,0.5053280271258888,0.7478854801463153,0.0
105.570048,75,240.418696,75.0,58.99267317089404,23.256788658548967,26.780883700790096,5.850000000000003,-2.28,-8.058702774047852,-24.281659132242208,-12.504426977163435,-2.6301585703841814,-3.428266596387478,-27.4780062007168,-3.6490776787797623,0.33102769523493203,0.49654154285239804,0.0
111.205374,102,244.502316,102.0,33.18989069019672,36.93939106430966,36.09576960550737,2.6999999999999993,-3.109999999999999,-10.625066773891449,-35.03545318245889,-16.79871702586609,-5.103411101754219,-1.3879293528315215,-23.00091620814935,-4.658183600221534,0.17712250598830187,0.3613299122161358,0.0
86.994533,69,247.011477,69.0,52.30312171827989,22.948987451189048,23.788851336082665,2.6999999999999993,-3.71,-7.751858949661255,-31.90138864815235,-11.392395227801783,-4.205559215917703,-2.7781295152627252,-19.371766645341022,-2.6353296661502728,0.42408577494044636,0.585238369417816,0.0
122.433806,71,249.829999,71.0,80.54271885823485,25.156062619768946,25.234734826762367,3.149999999999999,-2.749999999999999,-7.542703523635866,-25.969208019971852,-11.318964352320489,-2.6687906073426753,-10.257589097919523,-18.63523065415244,-3.5072236315388214,0.44850088636265706,0.636871258634973,0.0
151.194752,91,253.577122,91.0,95.80255968440315,33.33878560477166,29.844446573286646,5.400000000000002,-4.319999999999999,-9.966188244819639,-33.198258632421506,-15.523832429420466,-4.770112317985287,-9.54847575766214,-22.78744847877251,-4.076724167730514,0.3882547438539292,0.7066236338141512,0.0
100.804228,67,256.420741,67.0,61.49075325281699,23.49272793335873,21.37528652531373,4.049999999999999,-2.7899999999999996,-7.573408637046814,-24.757885909080496,-10.72862508801361,-2.753913872833304,-4.828306695549489,-20.484460836013348,-2.687938539881413,0.5033779773094439,0.6745264895946549,0.0
97.585798,74,259.485395,74.0,57.80024628998782,27.080610886223987,24.900736860019315,3.449999999999999,-4.25,-8.155015807151795,-31.682981652021407,-12.408133103960873,-4.005959521294751,-5.702132592825861,-20.175753617539225,-3.2658194060922248,0.29411806360677434,0.435294734138026,0.0
70.075977,90,263.149978,90.0,19.933483890163238,26.930340832500494,27.686268652650853,1.6499999999999997,-3.8499999999999996,-9.724912576675415,-27.717154639959347,-14.327637295284665,-4.204818851502289,-1.580871720527393,-31.663583315928737,-3.055137561930087,0.31341744024715457,0.5641513924448782,0.0
190.829388,128,269.118013,128.0,108.27972704968099,44.81997892149322,46.66675796243188,6.300000000000004,-5.1,-13.54530604839325,-53.53107731938365,-20.977455979321903,-5.851117706114584,-13.901715517374651,-24.196987027967705,-6.133416268067722,0.4038477433126744,1.0338502228804465,0.0
100.883542,71,272.553335,71.0,64.9498287565033,24.52636842434983,23.913212665340772,3.7499999999999987,-3.9999999999999996,-7.524537076950072,-33.22770898342132,-11.492671967519476,-3.28044068351606,-5.138032308125871,-19.657631085551646,-2.9348455249706635,0.18022886266703,0.2559249849871826,0.0
43.104958,107,277.561867,107.0,-30.31946169704957,38.42234141080936,36.35657168986319,1.2,-5.940000000000002,-10.52708696365357,-37.60030117034912,-17.297118826134838,-5.981619958191759,-3.5428174315529035,-24.266111800416205,-4.39943688242808,0.1846029235596981,0.39505025641775393,0.0
137.778661,84,281.483483,84.0,104.8872416475106,28.165037300260508,28.65328914266628,3.149999999999999,-2.34,-10.00596963405609,-37.064683753252034,-14.275260608815186,-4.459454924802494,-14.985052468476168,-24.177345977782476,-3.769139270208564,0.5528647435690777,0.9288127691960504,0.0
146.186002,84,285.379887,84.0,92.37935313863332,27.41690625426645,30.987460815057062,4.5,-4.13,-9.291681070327758,-30.772187030315393,-14.01530857290565,-4.084534880982315,-9.583793122165753,-16.97832654882601,-4.241886854696234,0.3635719419809348,0.6108008625279704,0.0
-29.718296,60,288.259647,60.0,-60.05753899156059,16.57394113094241,19.961878902854828,0.15,-2.34,-5.978202967643739,-22.341963350772847,-9.720112781755642,-2.970729980788428,-7.802481628368944,-12.713564498405828,-2.4795218815220954,-0.41868207340049063,-0.5024184880805888,0.0
49.133648,85,292.329901,85.0,-2.5437848182499105,27.14199692138994,29.440269019046635,1.7999999999999996,-3.8599999999999994,-9.46276248216629,-28.560218811035142,-14.084715330748729,-5.075000665641316,-1.0309654594439794,-25.475882620113605,-4.15528812469992,-0.06623922110439523,-0.11260667587747188,0.0
94.427818,85,296.602314,85.0,26.91780782702515,31.069359334527594,28.723339363749538,4.049999999999999,-4.1499999999999995,-8.972954964637756,-31.480289593338977,-13.398191927187524,-5.152804477593551,-1.0964975783828046,-13.914620452152546,-3.167329229413371,0.2218603377208055,0.3771625741253693,0.0
134.076012,193,305.247421,193.0,-11.032248048138166,66.36642227128752,70.06149393639251,1.7999999999999996,-10.000000000000007,-18.30233096122741,-76.23045246005057,-31.64803441782654,-8.975680056014825,-2.0795466837041614,-31.801927220022492,-7.0816842154984565,-0.09661036762555619,-0.3729160190346469,0.0
76.009288,75,308.467579,75.0,18.903186550336443,23.666132416258467,25.328405730496474,1.7999999999999996,-2.4999999999999996,-7.572425742149352,-28.91467508375645,-12.239968055616183,-3.170122554272183,-2.154610246626579,-9.467671849194652,-2.6689627822506843,-0.337723988712548,-0.506585983068822,0.0
140.856481,212,317.664187,212.0,-11.04636399009488,75.18400188908822,77.79375830830391,2.849999999999999,-11.19000000000001,-20.022150626182547,-82.5569003760815,-34.07581653307199,-9.880007142114174,-3.819433823900647,-46.18680386966741,-8.193802499029353,-0.0159330629301195,-0.06755618682370669,0.0
131.36222,116,322.713513,116.0,54.92704303524528,38.94164642165268,40.406990910819026,2.999999999999999,-5.08,-12.142973153591152,-39.79317451417447,-18.07120742783002,-5.4382186556064065,-8.419703888082237,-27.958706504401846,-5.009476119014081,0.14940042384138869,0.3466089833120217,0.0
190.614084,133,328.439985,133.0,104.01713896533235,42.98774989959283,48.61171703890042,7.200000000000006,-4.8100000000000005,-13.953323941230773,-49.37051353752614,-22.040976039850516,-6.2963422649165794,-7.710985385829437,-34.60772528118296,-6.412655009443295,0.3857104595939172,1.0259898225198198,0.0
11.070345,101,332.847797,101.0,-53.04450906612182,30.6240750196764,35.15673613184607,0.6,-5.0600000000000005,-10.194885215759276,-39.161916548013686,-16.4420795707091,-4.487575597780582,-5.922594792812492,-17.80411935693936,-4.192786043015123,-0.22101334612882276,-0.446446959180222,0.0
91.310066,145,338.106778,145.0,-12.974206560936626,48.3477631233435,48.08840923690951,1.2,-6.040000000000003,-13.788937301635743,-57.850534275174134,-23.310152984909717,-7.2239306971784405,-1.6045249240151698,-23.97388441865255,-4.559935254210397,-0.009168268598202387,-0.026587978934786923,0.0
72.119063,76,341.173792,76.0,12.93132570912487,23.330291998182766,24.691337718346983,0.75,-2.51,-7.349047343730926,-25.815670165419583,-11.478259354816961,-2.944321131867751,-0.6309158126930603,-12.462092304030678,-2.3935862465781366,-0.2513896571923888,-0.382112278932431,0.0
141.352915,81,344.386392,81.0,88.5579474923662,24.79170720891658,29.353071370890852,5.400000000000002,-2.0100000000000002,-9.456432485580446,-29.100831300020218,-13.085643820384714,-3.2573516299310956,-9.502501595451282,-16.821318975558512,-4.515731533031103,0.21159285742395345,0.3427804290268046,0.0
225.336741,193,352.781032,193.0,55.474082113255456,69.29900418389252,70.30355202339312,6.150000000000004,-8.570000000000004,-16.6927430343628,-75.2633868336678,-29.463157714912967,-8.091298225901447,-2.7147900173459125,-22.636722929532926,-5.457798175198696,0.08878990912289986,0.34272904921439346,0.0
298.920111,206,361.495844,206.0,148.30118345441844,73.21220360606763,76.02316618405816,10.350000000000014,-7.080000000000002,-20.918818161487582,-73.23936812281607,-33.120443487819,-9.9012383805985,-12.330726585731965,-49.436739451203536,-8.939107957622893,0.3317387245850352,1.3667635452903453,0.0
138.483895,92,365.457234,92.0,80.11277652846898,31.65329050652782,31.30036779904095,5.700000000000003,-3.1899999999999995,-8.838637218475343,-32.976144897937786,-15.14210288102204,-3.9496859922337926,-4.744783005261048,-29.96234804337663,-3.4788381649956794,0.3933371354830066,0.7237403292887321,0.0
140.22713,74,368.687963,74.0,99.42215168021627,27.022442465235265,24.941479026755413,6.0000000000000036,-2.9399999999999995,-8.242450165748597,-31.64957826733588,-12.300517454057317,-4.031642992766806,-12.0586226726935,-16.46979170281121,-3.466339727957546,0.5648421566142561,0.835966391789099,0.0
217.775194,124,373.816022,124.0,150.32536674641574,42.43989118867385,45.318662494007,7.950000000000008,-6.000000000000002,-14.167431192398071,-52.79611819982528,-20.425940580662417,-6.155990814970945,-15.008407987350772,-31.406549874518294,-6.298287389599282,0.559832168410102,1.388383777657053,0.0
190.379868,123,379.027945,123.0,105.96516786935499,40.94771243658187,43.906506510078074,5.700000000000003,-6.700000000000003,-13.321427416801452,-48.28615117669107,-20.1804292257806,-6.674537938893634,-10.241929800355082,-18.615339860185177,-5.1197036487413,0.4356294148406016,1.07164836050788,0.0
202.243818,119,384.116112,119.0,114.0697646408176,38.74179176373975,44.48345459664176,6.900000000000006,-5.6400000000000015,-12.858268427848824,-41.85860922187565,-19.510532992138746,-5.6093966239905155,-9.356849704822457,-21.02636876235132,-5.091167378849364,0.39316096595746935,0.935723098978777,0.0
168.675808,94,388.081179,94.0,97.83561371342849,33.12744765780728,33.04197537006245,6.0000000000000036,-3.31,-10.00330847263336,-33.328059047460556,-14.88639081968752,-5.0308499010819565,-12.566332979964406,-12.482678438890703,-3.721608828357734,0.23190077049175645,0.43597344852450215,0.0
79.856481,124,393.351302,124.0,-3.8057212476775493,43.601372930495785,46.637847441039845,1.05,-5.450000000000001,-13.848894705772402,-44.57634785473347,-19.465617329901516,-6.6216062234686675,-0.8869128548752377,-34.86454234958174,-5.913096420589121,0.2503665654494187,0.6209090823145584,0.0
205.061437,145,399.580373,145.0,110.28128713296313,51.42354781940112,52.58097841679315,5.850000000000003,-6.610000000000003,-14.780786783695218,-57.401961451768905,-23.154698178103363,-6.699938419874554,-14.348843863990247,-31.396883180029885,-5.681264185678339,0.009723608242406248,0.02819846390297812,0.0
103.032448,145,405.557024,145.0,-4.892809015208485,51.55931379554107,52.834572634238505,2.2499999999999996,-6.520000000000002,-15.010152401924131,-62.56197317838668,-23.014551357057787,-6.471750268920249,-0.9624164677763241,-23.9358123989092,-5.24197294790158,-0.050286754549614454,-0.14583158819388192,0.0
239.058253,238,415.674053,238.0,31.99173829205331,88.81911350660867,87.7723806204091,2.999999999999999,-12.550000000000006,-21.85841594219208,-85.98643881678579,-36.63556628759169,-11.401498408499112,-1.653470202117262,-32.326006003458765,-8.113584243661448,-0.10306197951299371,-0.49057502248185003,0.0
279.837356,195,423.24555,195.0,128.95863490877443,71.47840518086568,69.9573559995418,6.150000000000004,-8.750000000000004,-19.30682341337204,-74.3725984096527,-30.717175715280845,-8.897715157429532,-14.61848625643814,-27.612924831881234,-7.4313166188795226,0.2406800329280336,0.9386521284193311,1.0
88.83521,118,427.82814,118.0,6.101827251471947,38.14619331034562,41.49872791142781,2.999999999999999,-5.970000000000002,-11.030363516807554,-41.72651721835137,-19.31427932043036,-4.831067173699422,-1.0067887333403143,-29.448554484039203,-4.583967892117697,0.1981761067598157,0.467695611953165,0.0
188.953398,125,432.950519,125.0,110.31579465613797,45.31111993677258,44.169291499377714,3.8999999999999986,-5.780000000000002,-13.097616431713098,-44.713919603824614,-20.58313988717897,-5.403164989103798,-13.334078028802434,-30.91157598623937,-5.919313077260648,0.40372309331392103,1.0093077332848026,0.0
129.374082,101,437.211452,101.0,52.39828627678529,34.299613438370315,36.28509225380318,4.049999999999999,-3.269999999999999,-10.165951347351077,-33.58751372992992,-15.642593159476831,-4.96263877852212,-4.2424212649502575,-22.950390023391012,-3.837401624913596,-0.011310566318210086,-0.022847343962784376,0.0
227.551299,173,444.601276,173.0,78.09495137476814,66.50352347011112,59.588158509850636,4.65,-9.030000000000005,-15.623359615802766,-63.86353033781054,-27.36856921415597,-8.071137582964122,-3.5033141702393715,-21.562533814373726,-5.262889248701698,0.14037908775289967,0.4857116436250329,0.0
26.029104,108,449.335848,108.0,-47.899129332085856,35.097153689687325,37.41539072528054,0.44999999999999996,-5.410000000000001,-11.449410228729242,-32.947622947394855,-16.990974818356367,-5.598967398009196,-3.046347768306953,-26.628235661195927,-4.962752480010268,-0.11288898687150806,-0.24384021164245742,0.0
130.14736,69,452.308289,69.0,93.98017257262073,21.31042674882733,23.39623859871586,5.400000000000002,-2.13,-8.027031645774846,-23.221344164013864,-11.614617204235946,-3.6872716672197434,-12.87751511790182,-17.558070185478794,-3.8236282687584224,0.6207818146228978,0.8566789041795991,0.0
197.288575,161,459.136833,161.0,87.1506262169638,54.45622296733493,60.47307906392094,5.100000000000001,-6.520000000000003,-17.85843038558961,-54.806376349926,-26.144288497174678,-8.215018053123528,-8.050005481284604,-41.3016702211704,-7.995564455624747,0.3389234316854736,1.0913334500272251,0.0
126.365814,87,462.673405,87.0,77.05275694584378,30.54655316916225,29.79845573723282,4.199999999999999,-4.890000000000001,-8.842953090667725,-32.90914468765259,-14.007777796561157,-4.537612775378601,-7.167300428139612,-25.824139360241745,-4.053023879888358,0.1214032222550954,0.211241606723866,0.0
225.302555,127,467.910917,127.0,133.55038356011795,47.16478069684771,46.456103271512674,7.6500000000000075,-4.9799999999999995,-12.820297861099244,-52.969547224044774,-20.046102154351455,-4.909129676953314,-13.107279837445404,-23.07266040980551,-4.613695826863866,0.4254586260152884,1.0806649100788326,0.0
113.586562,57,470.276888,57.0,77.10025154323426,19.27479939170004,19.0068422332127,5.400000000000002,-1.3699999999999999,-6.468792779445646,-18.50819765925408,-9.149033434255513,-2.639362686353365,-10.424342802141833,-13.265193139583578,-2.3704085261894674,0.593963383539033,0.6771182572344977,0.0
230.586686,126,475.479452,126.0,129.71990369287784,44.761881909953274,46.79482199395218,6.600000000000005,-5.39,-13.645746145248413,-42.378467124700556,-20.494759406654776,-5.864067551215368,-14.638996761099305,-14.863141684195018,-6.0147430456164015,0.41167447582334304,1.0374196790748245,0.0
120.450826,91,479.410979,91.0,66.28819381196213,29.355123605228243,32.68727252826316,3.449999999999999,-4.09,-9.305343658924102,-32.256772090494636,-14.430626916111454,-3.334483567506413,-10.255167459734148,-25.444819935499297,-3.212550495806043,0.32852851548801093,0.5979218981881799,0.0
216.307315,103,483.72126,103.0,154.71755910319666,36.121643865581476,36.47627079052101,7.350000000000007,-3.6599999999999993,-11.283688092231746,-37.535329520702355,-16.678328725808235,-4.8239879755919945,-22.10407563142821,-19.952642021688867,-5.320107287004759,0.6541885408142272,1.347628394077308,0.0
126.947897,73,486.575063,73.0,100.78835669019335,24.12272152854284,24.6042514855752,4.65,-2.5599999999999996,-8.810255455970763,-21.38516607880592,-12.405735244088062,-5.006935219049899,-7.329109582702579,-38.9903402539787,-3.7298905529593607,0.4412183190703294,0.6441787458426809,0.0
126.457636,74,489.616373,74.0,81.09293620122344,26.238598669840115,26.463102956883983,2.6999999999999993,-4.990000000000001,-8.171138277053833,-29.4637518554926,-12.256999810114449,-3.9263180628307706,-10.713440329812235,-11.27874755012956,-3.2366056985918736,0.40853627078586724,0.6046336807630835,0.0
154.745341,87,493.180764,87.0,86.08468387026154,30.5660095655997,31.369864531259424,4.35,-3.9799999999999995,-9.554243621826172,-31.70915759205817,-13.72330513285847,-3.058590671479918,-8.917504679462612,-9.598831160372663,-4.0835840289434095,0.35039363921445577,0.609684932233153,0.0
229.453746,138,499.031312,138.0,121.97256125727966,50.95773540896722,49.95468814837624,9.150000000000011,-5.790000000000002,-14.69177336215973,-48.86766632795335,-22.28205932719682,-6.170082680418978,-12.122795266776198,-24.950719796039582,-5.706142012573459,0.3809302108625294,1.051367381980581,0.0
155.437114,82,502.321312,82.0,95.8707882441471,27.665310258731587,27.939379431295237,4.199999999999999,-3.8199999999999994,-8.79176650047302,-27.550223532319073,-13.238912325400639,-3.8029980680088924,-7.973684277516007,-13.98044886162282,-3.080330028693198,0.30997171176816524,0.5083536072997911,0.0
224.759006,116,507.131274,116.0,138.1638743041226,41.566096196747715,40.372376868114586,7.200000000000006,-5.240000000000001,-12.697251965999602,-41.23356394767761,-18.768058071204887,-5.266327038759289,-13.980143365267805,-16.52451324893348,-4.833483327034828,0.5026791300196588,1.1662155816456083,0.0
169.95375,82,510.094447,82.0,119.28755049273657,27.857741603564303,27.159162773433675,6.750000000000005,-2.6999999999999997,-9.027905359268189,-26.43742091357708,-13.040375584066087,-3.944806390797935,-12.839071937070084,-21.678842108609278,-3.4322827206218616,0.6402207165337608,1.0499619751153677,0.0
130.15708,111,514.412103,111.0,47.21335574650024,38.940449111129894,35.94557553794374,2.2499999999999996,-4.960000000000002,-11.068557319641114,-35.76840229034424,-18.128879023929166,-5.1084373331723025,-2.420970490382098,-23.779236256246538,-3.9578175607558603,0.20317001664051706,0.4510374369419479,0.0
17.798245,50,516.449885,50.0,-4.844888918926834,13.619319209627948,15.370975249601747,0.44999999999999996,-2.9199999999999995,-5.607073783874511,-15.554900336265568,-8.05380090377474,-2.121962266488911,-0.6667870206106203,-19.677011382515246,-2.1956243643213065,-0.20249302087659407,-0.20249302087659407,0.0
232.517919,122,521.374062,122.0,148.9069057314241,39.127223917057876,42.37579049248587,6.600000000000005,-4.760000000000001,-13.662715244293205,-39.101964110136024,-20.09903265338589,-5.485245341268961,-16.46740900811286,-21.584730097203472,-5.330904464513151,0.5620374681797574,1.371371422358608,0.0
98.910938,52,523.588558,52.0,59.081321325987034,18.334219580776423,18.050491385819598,3.8999999999999986,-1.1400000000000001,-5.79299669742584,-20.169544404745103,-7.593388883736614,-2.161195645411455,-7.131250389497177,-6.814997692769954,-1.6517200822487148,0.5087818527809194,0.5291331268921562,0.0
262.581038,140,529.689546,140.0,154.29526686676166,53.27158115367145,49.350750727073155,10.350000000000014,-6.520000000000003,-14.587671327590938,-52.60077903866768,-21.912861779164626,-6.715204645861307,-15.124745041892595,-21.578781898956645,-5.646516636561824,0.5588042156000865,1.5646518036802424,0.0
216.841308,98,533.91093,98.0,152.4838922428451,35.388111160947695,34.08212124005455,8.70000000000001,-3.4899999999999993,-11.465945110321043,-36.64316239356994,-16.219973574961383,-4.732483878016304,-16.345554247977148,-18.514099389108093,-4.40159845911319,0.5704385955728833,1.1180596473228512,0.0
199.104077,110,538.564557,110.0,140.31225088853364,38.411259285974985,40.03233844745628,4.65,-5.2700000000000005,-12.617630577087398,-40.38740007281304,-17.730705819676967,-6.031897674910003,-19.86930530809451,-26.977737437368884,-5.4170943640434075,0.10518140863239021,0.2313990989912585,0.0
134.361676,159,545.163866,159.0,13.76791617807153,56.94128586129822,58.41302086848282,5.250000000000002,-7.200000000000005,-15.514033174514772,-54.02622574679552,-25.66135456380054,-7.826886563793809,-6.275697129872346,-36.64891637711499,-5.857433275922274,0.12861575453337679,0.4089980994161382,1.0
190.522074,90,548.968992,90.0,117.78492720659017,32.23845298061286,31.274630442184943,6.0000000000000036,-4.740000000000001,-9.717764899730685,-32.9405446946621,-14.97287706289526,-5.01539259204948,-7.912484925842577,-8.078695596170801,-3.3981765398644,0.4166314178809726,0.7499365521857506,0.0
280.679079,178,556.575356,178.0,116.36275988521588,66.3944330040817,66.59518241530745,9.00000000000001,-7.100000000000003,-17.42428309679032,-60.72470830082894,-28.110601362797777,-8.316576023379692,-5.4243160331764315,-21.820759375720442,-6.752052599004867,0.21011426093289196,0.7480067689210954,1.0
204.88886,117,561.530776,117.0,127.27540796471531,40.679016339441226,39.1605206055426,7.6500000000000075,-4.740000000000001,-13.085532450675965,-44.525876699388036,-18.92831698979604,-6.7253396036563515,-8.623599649721061,-25.65353467584256,-4.593884586361751,0.5109029976720212,1.1955130145525295,0.0
249.397776,130,567.144956,130.0,140.6356340364755,45.42115791179451,48.305051937518414,5.700000000000003,-6.020000000000001,-13.172220258712768,-39.31815387606619,-20.36262224258035,-7.3865320970118695,-13.275725984371967,-15.532073491260572,-5.5967398894072,0.23840831618829503,0.6198616220895671,0.0
176.809599,103,571.525804,103.0,89.26401533751105,36.04512131429656,36.054819256188864,6.600000000000005,-3.7299999999999995,-11.096961197853089,-32.18722341954709,-17.364055705633003,-5.5049067649516354,-3.9973896279117174,-15.656210226112607,-4.617609800152291,0.42937795203307366,0.8845185811881318,0.0
240.079324,128,576.982736,128.0,123.47868132996501,49.298966533997756,46.31260664425444,9.150000000000011,-6.020000000000002,-13.126188173294066,-46.598171782493594,-20.526645035903677,-7.459498164195046,-5.9614613128044835,-11.784407432694069,-4.6845590572579985,0.3846406038193423,0.9846799457775163,0.0
222.64469,114,581.756734,114.0,144.2562159077722,41.27392234825719,40.26737006340466,6.750000000000005,-4.8,-11.827037050724032,-39.29859984517096,-18.250814236176574,-5.6308033998465294,-18.900803153532795,-20.278634577380974,-4.916126385756496,0.39685044844536466,0.9048190224554316,0.0
361.049966,214,591.27044,214.0,179.32926354452067,76.72354508917769,75.65938664088277,10.050000000000013,-9.390000000000006,-22.20861121177675,-76.17864456772806,-34.08425588751019,-10.309792862682453,-9.540767411275464,-24.40642588848157,-8.593731159364435,0.37062770044245347,1.5862865578937009,1.0
122.91378,77,594.367121,77.0,51.90089866250966,22.947548100919825,29.75316196233573,5.400000000000002,-1.8999999999999995,-8.467839283943178,-22.84862852320075,-12.397841413083754,-4.027923693895112,-2.1037988781295645,-8.898229104219297,-3.4435677360085393,0.2981224434591593,0.45910856292710533,0.0
142.975283,82,597.357498,82.0,73.08241512702027,27.776704858365566,27.656617072876855,4.65,-3.4299999999999997,-8.513264009952545,-26.027410987019536,-12.259888980508231,-3.166873758662675,-3.687401303946752,-12.028771382650776,-3.0768437359062406,0.5099133491525796,0.8362578926102305,0.0
136.80758,100,601.464776,100.0,53.928446624074944,33.435634981113964,34.14288569031307,4.65,-3.119999999999999,-10.174102649688718,-33.35132707357408,-15.849721351670983,-4.704819299360679,-2.2615635357377997,-16.567685269340494,-3.3201683759756464,0.28513949586069626,0.5702789917213925,0.0
169.545804,131,607.569646,131.0,58.94508038395977,44.417174083469675,43.80611059168827,4.35,-6.700000000000004,-12.981519842147824,-44.237705600261684,-20.365001837943343,-5.670692248860626,-1.7748425287375968,-16.968765799957268,-4.274033224084854,0.25622704693383763,0.6713148629666547,0.0
151.587449,73,610.758312,73.0,100.34036169529715,23.251201729569427,25.263496072569176,6.750000000000005,-2.8,-8.028950810432434,-18.9289270952344,-11.618313178321452,-3.889328898408421,-11.485321608257813,-16.817474153650473,-3.4492949595351137,0.6133265157968905,0.89545671306346,0.0
160.596268,74,613.821117,74.0,110.344155389658,25.29273074988932,25.867160763770105,6.450000000000005,-3.0699999999999994,-8.03337410926819,-24.49481557607651,-11.88214304803983,-3.531261751211703,-15.901507878594876,-11.05063217285844,-3.394043983976206,0.46818208090064906,0.6929094797329606,0.0
181.22189,88,617.537445,88.0,105.7765360284824,30.54447390948429,30.874873763566132,7.800000000000008,-2.42,-9.607279028892519,-24.934962999820716,-14.123596267925986,-4.500843876114935,-13.010714129839819,-9.44056847299403,-3.736028580429271,0.441141323146282,0.7764087287374564,0.0
163.158817,75,620.617328,75.0,105.67921646817992,26.292209520808925,27.36473114941292,6.600000000000005,-2.7399999999999998,-8.247642307281492,-25.129216861724856,-12.251039546250883,-3.8973551992145983,-9.467306236556908,-12.49969496881998,-3.5450846464509316,0.649882254461749,0.9748233816926234,0.0
222.22087,114,625.451926,114.0,133.08898571836295,40.69019056675933,40.820218265476484,7.950000000000008,-4.089999999999999,-12.08745602846145,-40.42046204209328,-18.323492710864574,-4.75555766634896,-15.845957766932589,-14.188432731460214,-4.617165244006822,0.4023205980114487,0.9172909634661032,0.0
150.857208,79,628.932263,79.0,85.5732676920389,27.098054498754728,24.814940150698042,4.950000000000001,-2.7099999999999995,-8.053236446380614,-24.2218798339367,-12.369683044382368,-4.817391095616576,-5.209778307680323,-10.392172439204828,-2.8049129386799043,0.4411797373314544,0.6970639849836979,0.0
119.570938,68,631.85407,68.0,63.755701094498825,22.38691194729733,22.389629317178624,3.7499999999999987,-3.619999999999999,-7.633057990074161,-20.95782207548619,-10.972885745276296,-4.151895069732717,-3.646124987769285,-6.856417583583078,-2.873100926448509,0.5435533625662613,0.7392325730901155,0.0
154.227468,75,634.946481,75.0,102.1533232911526,25.386238782022275,26.442239640158892,6.0000000000000036,-3.55,-8.049335227012635,-23.062814885377886,-11.885274558478304,-3.1538201034676665,-11.295650202520982,-16.304850606471113,-3.4525880140364062,0.5509783156181954,0.8264674734272932,0.0
224.745904,119,640.070499,119.0,125.49462875648847,40.764739707563926,42.53829467938298,7.350000000000007,-5.430000000000001,-11.998822121620178,-37.31790305376051,-18.33341813940337,-5.487039975833408,-12.646859004080374,-14.930178595026213,-4.257538141784917,0.5218741269434888,1.2420604221255032,0.0
202.297267,99,644.269213,99.0,129.37947165125712,33.73172031121347,33.59666250026814,6.600000000000005,-3.8399999999999994,-10.141940567493435,-34.11129972934722,-15.950627051472992,-4.733272273517488,-13.28164431418258,-13.878138665472035,-4.073664642874634,0.6746063801955264,1.3357206327871423,0.0
118.181731,64,647.167486,64.0,69.30476435883168,18.548744508046422,22.765085645837964,4.35,-2.9699999999999998,-6.434380872249605,-17.521933764219284,-9.899705149066692,-2.1861915588028507,-5.64026889477534,-14.257309210650716,-1.8770737373182216,0.510106813599964,0.652936721407954,0.0
147.120509,70,650.109509,70.0,88.62683055394896,24.113465731181847,24.929996374446276,6.900000000000006,-2.38,-6.947529847621917,-21.262797671556477,-11.148931070513282,-3.7333707441538473,-7.606914045841833,-11.592720598638795,-2.7775197885769414,0.47887217466481213,0.670421044530737,0.0
198.965196,96,654.074784,96.0,134.74040546595097,32.44910652194363,32.13689059688676,8.250000000000009,-3.3999999999999995,-10.554009513854979,-27.67921794652939,-15.166633935185935,-5.002914570392261,-15.379917524494227,-23.286730942947322,-4.141782373881031,0.6204737866933396,1.191309670451212,0.0
181.624113,93,658.022295,93.0,115.30222319462794,32.315908409387276,32.74825337163737,5.250000000000002,-3.8599999999999994,-10.084429402351377,-30.888530892133712,-14.624442918887096,-3.9126772832528465,-17.875305704990968,-11.758723442476638,-3.9881623985111214,0.6049076992718571,1.1251283206456542,0.0
172.543008,84,661.481057,84.0,108.1113632467618,30.397842686491224,27.9463300242448,5.700000000000003,-3.7399999999999993,-8.30650664806366,-30.223353642225266,-12.972342358364653,-3.6745240677731084,-13.122621795378304,-9.137881928123416,-2.4352976696353545,0.4769932721418049,0.8013486971982322,0.0
223.985867,104,665.835739,104.0,159.45847284627064,36.09233395711502,36.71045603166856,6.900000000000006,-4.39,-11.061904425621034,-35.431124192476254,-16.396915602565205,-5.118292157093619,-18.862666350245338,-23.209450244648547,-4.705042461918583,0.6658703108073917,1.3850102464793748,0.0
372.257519,209,674.58516,209.0,175.49738239270584,74.81341479115457,77.64608211504276,13.500000000000021,-7.120000000000003,-19.57725037097932,-65.41960415244102,-33.331657462924944,-10.029077712564245,-8.78399377122175,-26.181379326043338,-7.756397041778594,0.43953142901416115,1.8372413732791935,0.0
348.361745,188,681.941116,188.0,183.85065589540045,69.13612990709487,70.97954495181015,11.400000000000016,-8.180000000000001,-18.160577692985544,-62.69865596890451,-28.073342539664672,-9.723176525652779,-16.21248675884605,-24.74996283096692,-7.206383277727718,-0.16977609158321863,-0.6383581043529021,0.0
139.44643,85,684.942996,85.0,75.13306811117619,28.841933511212357,29.6674726778861,5.850000000000003,-2.8999999999999995,-9.179071781635288,-27.330929788947106,-13.611916809249214,-3.7346655264065878,-2.5634992144994855,-22.834066244766458,-2.8918944594728,0.48701536762692693,0.8279261249657758,0.0
172.206499,84,688.317044,84.0,98.6656857594871,24.668793209858595,30.54347129836476,6.900000000000006,-2.5399999999999996,-8.834630105495455,-21.65931685268879,-12.82086403158208,-3.3108983580147,-8.264691608886956,-11.884009564884634,-3.2570410354694164,0.5694369169553332,0.9566540204849597,0.0
388.607148,203,696.832385,203.0,199.47973709992544,75.96249218375463,73.34213618806383,9.600000000000012,-7.650000000000005,-18.707001860141755,-66.88903729319578,-31.620363197539106,-9.984056355011347,-13.229525595026598,-17.91766328008037,-6.7795697820937875,0.3830735307449932,1.5552785348246725,0.0
382.808351,167,704.483264,167.0,230.68974403140166,61.24004934117499,63.31530020797434,14.700000000000024,-5.7,-18.068119797706604,-50.408033502101915,-26.35128328468775,-9.137192598717961,-15.586259215142649,-21.79846450322996,-7.087389952209207,0.022611992898327993,0.07552405628041549,0.0
149.385988,79,708.235675,79.0,88.08326501156395,26.92500279318581,26.10426182524249,4.199999999999999,-3.75,-8.373915333747862,-21.333808809518818,-12.34614997137407,-4.029818894049052,-10.305348993227907,-11.826481769572595,-2.961017875979705,0.5081500101069607,0.802877015968998,0.0
170.087328,82,712.192988,82.0,120.88122950130217,26.537222600253468,29.072829147215984,2.999999999999999,-3.349999999999999,-9.024976038932797,-27.319118380546566,-13.263701890738647,-4.520777196255662,-17.564599043588,-12.71037107359595,-3.650410106797731,0.674250043397709,1.105770071172243,0.0
144.822864,70,715.608798,70.0,97.59185859310736,24.830798114092943,22.442162990970917,4.5,-3.1499999999999995,-6.934503118991856,-22.508135133981707,-10.935763271900807,-3.5743191712378364,-12.635139157908036,-12.507358017466666,-2.2967379095441425,0.5852316219912024,0.8193242707876834,0.0
190.83338,84,719.751792,84.0,124.0878778357177,29.686122166129337,29.368268023479676,5.250000000000002,-4.329999999999999,-8.501015806198119,-23.93926379084587,-13.592683055602762,-4.33394198591514,-13.155313482567266,-10.435390619252395,-3.271279595835883,0.6529754537657307,1.0969987623264277,0.0
214.288208,132,726.058427,132.0,98.04352030270739,45.334212368183394,46.89515628402075,7.500000000000007,-5.1,-13.237207695245754,-38.92379435896873,-20.442791022475078,-6.631531639616048,-6.034879236378298,-20.167159070082313,-4.947317455331069,0.22549559966141522,0.5953083831061362,0.0
80.898892,99,730.866416,99.0,6.388682687036214,33.43598770868787,35.67569762549255,2.6999999999999993,-4.71,-10.711784048080444,-31.575361692905428,-15.642667876423227,-5.365954395681275,-2.2950164815999714,-21.388268696225794,-4.612422565563746,-0.05772421558764254,-0.11429394686353223,0.0
244.244684,103,735.930123,103.0,156.60235002439464,37.23845799494747,36.554405999337874,8.55000000000001,-2.15,-10.854705793857573,-25.09477450847626,-15.79657975728692,-4.389616015193052,-21.227796817119636,-14.0542847515619,-4.132772471102071,0.650605516299044,1.3402473635760306,0.0
234.928494,112,741.473252,112.0,134.6071051441378,39.87456220792314,38.92042281506556,9.300000000000011,-3.7199999999999993,-11.163721456527714,-32.77243038713931,-17.59166373787876,-5.658151910229814,-11.83235727370927,-12.905187451129288,-4.130084337688429,0.3946982216854335,0.8841240165753711,0.0
215.234784,88,745.660888,88.0,151.76802051152106,30.75314117863162,30.550079729368246,7.350000000000007,-2.82,-10.023511061668392,-25.640249967575084,-14.123328022785266,-4.9461360540805,-19.297057957787416,-12.18688211549033,-4.149291985734247,0.8113422385369536,1.4279623398250385,0.0
209.109834,104,750.237103,104.0,131.5672257767485,36.927368584770555,35.96293192289044,6.450000000000005,-4.56,-10.37903923034668,-32.6324437737465,-15.926745364957323,-5.092794094192155,-14.464179899830043,-18.480225839220438,-4.262263725426567,0.4712940507885693,0.9802916256402241,0.0
293.497436,129,755.749478,129.0,181.43834640618186,48.09482486571984,46.83354446777567,9.900000000000013,-4.209999999999999,-13.048446540832515,-37.74127138853072,-19.90484141936958,-6.432372779880039,-18.64578904237299,-17.06365454826783,-4.722904428118003,0.45774410383482184,1.1809797878938404,0.0
177.712447,82,759.590368,82.0,121.2789513271624,27.635627709144245,27.71224539459414,6.150000000000004,-3.3599999999999994,-9.19808788776398,-25.238461902737615,-12.355918241729656,-4.419944626365897,-15.920342517351422,-13.20726036928443,-3.3643614976329927,0.6669411201376795,1.0937834370257944,0.0
292.632259,128,765.451567,128.0,181.81261227807389,43.65904262539555,46.78489454940596,8.85000000000001,-4.69,-12.754245371818536,-36.587048998475076,-18.996610493243548,-6.26962330105827,-18.0193190915206,-14.355586942431916,-4.801856164210238,0.5665863600044553,1.4504610816114054,0.0
208.737722,94,769.863298,94.0,132.29411755652902,30.55146103431192,33.10354736056379,6.900000000000006,-3.35,-10.172616267204289,-24.35355187058449,-14.46412163382344,-5.018650763790042,-15.18259111016067,-12.038882596325722,-3.5309895687247845,0.5831192129604167,1.0962641203655834,0.0
229.416714,102,774.055242,102.0,130.80959927268322,32.028599168594845,37.88296389889394,9.300000000000011,-2.84,-10.782044513225554,-25.54366798102855,-15.817935578461928,-4.5094916403448995,-7.295260617741093,-12.310804648886993,-3.505243192779495,0.6268491364954392,1.2787722384506959,0.0
267.344373,114,778.26662,114.0,180.7222507131859,39.36772716241685,41.0876312133895,8.250000000000009,-3.73,-11.986321258544924,-37.14792186617853,-18.21837507086915,-6.46966088463868,-17.062474040321753,-16.4858904512074,-4.98259229536453,0.6422761822127222,1.4643896954450069,0.0
365.264429,159,785.136545,159.0,212.98717110332043,56.561567887547135,59.522900392228074,13.20000000000002,-5.210000000000002,-15.463260614871974,-44.886559879779796,-24.50520004956581,-7.3081296103294955,-17.252719210474357,-15.444110028484983,-5.93723130110745,0.5869899257027765,1.8666279637348293,0.0
247.205704,101,789.73449,101.0,176.44291128077765,31.088630726703652,37.78075930944411,6.150000000000004,-3.9699999999999993,-11.117769284248347,-29.58751644194127,-16.14999669792393,-4.37046315031763,-20.047863469479946,-15.649474747427544,-4.363513641610735,0.28314789158938847,0.5719587410105648,0.0
227.052582,96,794.128684,96.0,142.79403633630312,33.03004078586006,35.681047492218134,7.800000000000008,-3.5999999999999996,-9.788130903244019,-25.487553882598878,-14.603651937285772,-4.360960862899269,-13.630322145812851,-13.14546628167166,-3.636456822760399,0.6236711031359017,1.197448518020931,0.0
170.714095,77,797.585464,77.0,114.34662792967356,27.510104982489924,27.486650658551877,5.400000000000002,-3.809999999999999,-7.887358648777004,-24.119519162178037,-12.56860351965101,-4.195990032256071,-12.800270494629421,-12.34750751865416,-3.3000396943161605,0.6656596381708411,1.0251158427830953,0.0
133.578735,61,800.319678,61.0,89.94051918588787,17.061326061023525,20.40053833431776,5.5500000000000025,-2.13,-7.323172302246092,-15.109301206469535,-9.42324350178743,-2.852886719689705,-6.522354849396497,-14.930174184249406,-2.0825162007276474,0.6045530236330637,0.7375546888323378,0.0
213.498858,96,804.677695,96.0,132.32931089950773,32.008763514763075,34.724206780669974,8.85000000000001,-2.73,-10.688140945434567,-24.238595348596572,-14.881152324409522,-5.080818907624156,-14.045768558424122,-15.3563126865098,-3.392634803338726,0.6405125090047065,1.2297840172890364,0.0
244.216041,97,808.951353,97.0,170.29713139517239,35.09966028331975,34.98393385558304,7.800000000000008,-2.51,-10.278932032585145,-26.769997730851177,-15.369762886413378,-5.1273403510468745,-21.968132458437733,-15.16353260928032,-3.7769866866885615,0.7841428906594738,1.5212372078793792,0.0
241.490962,107,813.851569,107.0,148.9945983853332,38.39433962727069,34.35972367703907,8.70000000000001,-3.7499999999999996,-11.753886046409601,-26.846242853999136,-16.121743889267616,-5.365734931788459,-13.37216859242664,-15.694325811558748,-3.0535974969433655,0.6496864022505271,1.3903289008161281,0.0
187.746278,82,818.443506,82.0,114.63841876829048,31.325308261171962,28.029795685061657,6.900000000000006,-3.3399999999999994,-8.183917374610905,-22.742686390876774,-12.948651106045324,-3.8206883163419687,-10.570571589238812,-11.241962674851546,-2.2987676173009755,0.5177659479003783,0.8491361545566206,0.0
258.563871,102,823.007098,102.0,172.7579367684245,35.75621775109895,36.630756187965936,7.200000000000006,-3.4699999999999998,-10.314001584053036,-31.78992967903614,-15.419441906541982,-5.114519540444604,-17.635237834281416,-8.499353580226558,-3.538555291578431,0.6430006178922764,1.3117212605002437,0.0
204.531489,91,826.891271,91.0,129.45922342815763,27.86144074427724,32.589538875191025,5.850000000000003,-2.3599999999999994,-9.728553886413573,-22.053381496667868,-13.640265266909562,-4.549696641000238,-15.610684672416115,-10.93859383657112,-3.347538237160245,0.4682153189773906,0.8521518805388509,0.0
571.871135,242,837.327147,242.0,380.369374506695,84.59003787580848,91.23986563810426,20.69999999999998,-6.860000000000001,-25.517221832275386,-65.34870693683628,-37.34056250261242,-12.422290635338447,-37.66753743414773,-52.18593462949937,-9.685888986151541,0.4308302241621911,2.0852182849450047,0.0
292.42926,114,842.256277,114.0,202.08127304164998,38.49727016583885,42.74719054105526,8.250000000000009,-4.6,-10.851459035873413,-32.86601313948631,-17.90945508793339,-6.051047441682338,-22.106619243768602,-14.022290460691718,-4.739589424146505,0.6933919553955594,1.5809336583018756,0.0
204.893176,79,845.789738,79.0,133.32597503611026,27.567685510595467,25.74777773399235,7.500000000000007,-2.01,-8.049694318771358,-17.985285654664033,-12.53040425111099,-4.069110975826181,-11.9186283072036,-9.060722422053843,-2.6244159625188597,0.6366637083551601,1.005928659201153,0.0
185.404956,85,849.315534,85.0,122.57005533467651,30.318516279517922,27.295859386892076,4.800000000000001,-3.4899999999999998,-8.323949823379515,-26.19739266633987,-13.324239358357069,-4.575091904687694,-13.469283320096126,-11.926649831908486,-3.272868238408338,0.6051797727571774,1.0288056136872015,0.0
204.885822,99,853.596439,99.0,104.10518268551067,32.703543142220745,34.91704413694304,7.950000000000008,-3.4899999999999998,-9.512510650157926,-25.912306576594702,-14.765307502700956,-5.060926061924829,-4.716299358675152,-7.408511020402616,-2.924087168038822,0.4416142030551837,0.8743961220492636,0.0
296.560459,124,858.659156,124.0,197.48067288429607,45.3017013011584,42.7921508132284,9.600000000000012,-6.450000000000002,-12.937548005580899,-33.84633793681859,-18.156393296849785,-7.9817235676420255,-25.118046198674,-13.590773417101921,-4.533243432993551,0.6880792848384133,1.706436626399265,0.0
317.952896,146,864.617864,146.0,189.7821903858478,50.27499034646686,54.44574258859846,10.800000000000015,-4.489999999999998,-14.827334907054906,-42.08748480081561,-22.86748662703004,-7.625552526824639,-15.930208552137133,-19.707710854459467,-5.81424924372163,0.506337856942889,1.478506542273236,0.0
463.263803,206,872.63797,206.0,263.13272075144715,74.84531130326708,73.9024190727121,15.900000000000027,-7.540000000000004,-19.78597318649293,-54.15257309079169,-30.9856056634312,-10.692389591934402,-17.245315071755076,-23.249614137286148,-6.8651769015116955,0.5386981909651436,2.2194365467763917,0.0
813.825807,412,890.062514,412.0,396.16417766182093,148.1848302914858,155.4860099237221,25.349999999999937,-15.80000000000002,-42.64737771987917,-104.827013745904,-61.29462132316103,-20.29881274013772,-22.911604719629384,-41.15265169372835,-14.427128477829841,-0.09683712322016289,-0.7979378953341422,2.0
258.961919,103,894.297929,103.0,179.50215580454827,33.501038973205716,36.673225784440085,7.350000000000007,-3.9199999999999995,-11.051403894424434,-24.484041696786875,-15.75461363017908,-4.264685157057166,-24.351034028195052,-12.755709717101267,-4.483013416453732,0.82396199590861,1.6973617115717365,0.0
478.891302,256,905.794182,256.0,222.91230107579426,87.62472800420046,95.27425514360792,18.000000000000007,-6.5600000000000005,-26.53312222003937,-62.06898007094862,-39.31425310946889,-12.187003568165432,-12.198370726019746,-33.38390641319702,-8.674346575122073,0.4439517294345119,2.273032854704701,1.0
941.841766,424,923.814382,424.0,488.27084216936396,150.3645086454307,161.06157765642607,36.44999999999983,-12.860000000000008,-42.92980052471163,-97.6544365406035,-63.38535137690131,-19.094792880477303,-26.26369671653285,-40.8533082795431,-15.26377640169372,0.44340600924130075,3.7600829583662305,1.0
541.681052,198,932.151742,198.0,361.9576082940042,68.73168038915462,74.3024010598346,15.450000000000026,-6.140000000000001,-20.382506136894236,-44.7577518194914,-29.606084424980384,-10.076148055531855,-35.6662736606988,-22.28550402502804,-7.846369605343015,0.7378351946610767,2.921827370857864,0.0
382.846661,176,939.415107,176.0,231.9459721334224,59.92248647063892,66.56482008132109,13.950000000000022,-6.610000000000002,-19.439384922981255,-46.18291335105896,-25.61280236884073,-8.52075931644498,-26.639995529040327,-25.55239113901488,-6.978371476091866,0.4612079237712567,1.6234518916748235,1.0
1023.635509,402,955.668081,402.0,638.9182620794742,139.33760253932795,154.78267729056876,36.149999999999835,-13.240000000000009,-44.91101461410521,-94.1929246798158,-61.54972888290311,-20.580167761055115,-51.672178999224535,-44.24099394314912,-17.16602376568499,0.6524361907616488,5.245586973723658,1.0
407.96234,173,963.07611,173.0,243.65033937744542,63.3507686284367,62.09502822295665,12.000000000000018,-5.610000000000002,-18.287210271358493,-43.42933395057918,-27.819865447627997,-9.777256347613054,-17.59736662137391,-16.40816114899012,-7.204602553501216,0.5276049144634801,1.8255130040436414,1.0
219.489005,93,967.149059,93.0,153.2498404620095,28.452883850250622,31.420552883918425,8.55000000000001,-2.0599999999999996,-11.237597904205323,-20.23847962170839,-15.272610457487279,-5.182906038491098,-15.49747113772735,-21.211177426512428,-4.484029494313509,0.8365812659780638,1.5560411547191988,0.0
255.336488,103,971.363215,103.0,169.134772514077,35.0402838757406,36.536368535085735,8.250000000000009,-3.4399999999999995,-11.892796506881716,-24.735263286530973,-15.956298796383907,-4.946256955220123,-18.69671493253916,-12.521509661214377,-4.436096891609152,0.649995546673237,1.3389908261468682,0.0
172.494058,71,974.293508,71.0,106.96649583184634,23.1153300586903,25.53554876698516,6.0000000000000036,-1.7199999999999998,-7.964499168395997,-16.52627168893814,-11.610190105349625,-3.141327771387075,-9.306695424970618,-7.245871376075167,-2.608460689525385,0.6306510568830437,0.895524500773922,0.0
212.564706,99,978.728679,99.0,125.11851761324927,33.250201506361876,33.22270039880167,6.450000000000005,-2.7699999999999996,-10.47879585981369,-24.552112901210787,-14.543496930296948,-5.571687719308619,-9.096801314395423,-14.061660355065122,-3.4021583308240166,0.5707247640811713,1.1300350328807192,0.0
427.064835,174,986.053191,174.0,263.4081722533638,60.930969816171114,63.63137871852299,14.550000000000024,-5.370000000000001,-19.828149459362038,-43.391926033794874,-27.561419449902804,-9.967592660070018,-20.523355589689352,-15.399382988952551,-7.413859915353995,0.7971631264167639,2.7741276799303383,0.0
308.571515,117,991.095397,117.0,218.55097508995382,37.083205772911235,41.949726933823925,9.00000000000001,-4.760000000000001,-13.796654477119452,-24.71051151156427,-18.121141861997266,-6.1327252471512015,-28.470123446046927,-13.492939541346574,-5.528297102925873,0.7428900210605298,1.7383626492816397,0.0
368.454418,140,996.94415,140.0,243.95986497147774,47.3536131075201,50.01440202707568,12.90000000000002,-4.079999999999999,-16.070657277107237,-32.0338050916791,-21.749307436964468,-6.34286073611092,-25.26703557779402,-14.732311139116707,-5.497484477270925,0.4826059156247462,1.3512965637492895,0.0
554.149242,215,1006.129004,215.0,346.62443239873016,77.21567195856089,81.542203351544,19.64999999999999,-7.120000000000002,-23.086061918735503,-48.362682074308374,-31.86653348055279,-9.770601326192661,-34.71151281832823,-23.673676884676087,-7.29199721339249,0.5414142326082475,2.3280812002154643,1.0
244.183062,95,1010.14029,95.0,166.99033922391843,32.19657568648337,32.854487015304585,7.500000000000007,-3.3899999999999992,-10.450811746120449,-20.074066403508187,-14.257571938981908,-5.196403927081209,-21.02166533130111,-12.2947424539935,-3.6730786160306823,0.8625545643447733,1.6388536722550693,0.0
206.925754,86,1013.746461,86.0,133.6309634325105,28.604964394465366,29.46255422637891,6.750000000000005,-2.4599999999999995,-8.675825843811037,-24.066044616699223,-13.391020666374219,-4.96990725036367,-13.564939599921038,-6.988310242162163,-3.4066798703009393,0.6851770570929984,1.1785045381999573,0.0
384.903653,152,1020.157192,152.0,241.51847541796118,54.543632901714865,55.82074487676448,13.20000000000002,-4.730000000000001,-16.685403132438655,-36.546571832150214,-22.154401134715293,-8.31084169006069,-18.303593754349855,-19.30063649017712,-6.147752087663784,0.6562532714507777,1.9950099452103642,0.0
413.791327,152,1026.759541,152.0,303.6292031180678,53.466406789371206,55.96707761707209,12.75000000000002,-4.45,-17.339166100025167,-35.45496228784323,-23.733202215231962,-8.435665538164082,-40.61335452673769,-27.338930683278,-6.656079660399611,0.9172499784278413,2.7884399344206376,0.0
256.213366,106,1031.098489,106.0,155.99057917287078,36.91632916609557,36.54080171138861,7.6500000000000075,-2.799999999999999,-12.368253703117373,-21.757543237507342,-16.372422798884084,-4.8673282422015,-9.563143958251235,-15.048172585327679,-4.107479860184474,0.7001999134569572,1.4844238165287493,0.0
463.658063,174,1038.422095,174.0,308.8773810352034,59.908031677248445,62.44250229218953,13.500000000000021,-5.470000000000001,-19.215763697624183,-36.679434457421316,-26.795414681111954,-8.009428601088002,-27.270283198138294,-25.479720380154166,-6.149806656515251,0.7463584179322967,2.597327294404393,0.0
467.35074,184,1045.299307,184.0,316.3759366250198,65.72258176784723,66.17925165514193,15.000000000000025,-5.760000000000001,-20.95048540353775,-46.445197963714605,-29.75731211351639,-11.187678612612077,-30.259246200792685,-27.612830299845044,-7.95427957770489,0.7634199412001197,2.8093853836164406,0.0
343.221834,135,1051.148166,135.0,232.28231650268026,46.405982637326716,47.22989852393389,10.500000000000014,-3.7399999999999993,-15.536614415645596,-30.002125653624535,-20.955613449295733,-8.03077132217019,-27.341584913966003,-17.50211190865863,-5.087541822018881,0.7885571482361499,2.129104300237605,0.0
291.617693,114,1055.866695,114.0,188.51102099012945,39.762711781782244,41.107852628663565,10.050000000000013,-3.7499999999999987,-13.177831532955171,-25.6416398882866,-17.20782698634887,-6.167210551466802,-13.780477374538334,-17.670499646949764,-4.418406789854913,0.6683442295678065,1.523824843414599,0.0
371.241096,131,1061.469959,131.0,248.18221416074152,45.57990379032342,48.6163078335859,12.90000000000002,-2.9899999999999993,-14.997770099639903,-27.82189618945123,-20.763448132534315,-6.619658060057632,-21.087587050953562,-16.54362781463452,-4.213342619723505,0.716532569347622,1.8773153316907696,0.0
290.024901,117,1066.498446,117.0,197.4457784211491,40.30007491279465,41.97911741973603,8.100000000000009,-4.3,-12.922890043258663,-31.065355056524282,-18.003131464309128,-6.245245342454531,-21.27715404994339,-16.35716113938505,-4.62913237656825,0.7347443090818917,1.7193016832516264,0.0
718.702277,269,1077.860471,269.0,469.5159717034086,98.21416513360177,102.17722225357991,24.299999999999947,-7.250000000000003,-29.567415063381194,-63.82884715497496,-41.26699602150734,-16.2483368647716,-36.29200517355316,-39.27468112838217,-10.776801168905259,0.5167265080717904,2.7799886134262324,1.0
558.548603,204,1086.457849,204.0,361.10445386120324,74.23572126367192,75.76746917547095,16.80000000000002,-5.770000000000001,-23.320922245979318,-46.30564340874555,-31.13289222391139,-10.158346896944067,-33.247941546261096,-16.35709134503496,-7.066203385526898,0.7440915059643808,3.035893344334674,0.0
177.927587,76,1089.563388,76.0,106.9278328128818,27.10087247085274,26.179746137611872,7.050000000000006,-2.6099999999999994,-9.086637630462645,-18.327252632379533,-11.63244500415617,-3.696452960709161,-6.843173471120706,-10.485917878113856,-2.648984394860624,0.5463922133063994,0.830516164225727,0.0
870.727323,332,1103.867073,332.0,549.8376792399946,117.5947020485397,127.22837545359134,30.44999999999989,-8.740000000000004,-37.30391193389893,-67.23652888387436,-49.895544978161695,-17.103333952414573,-45.3517796876837,-48.30670150736222,-12.445632402389116,0.5610534221483563,3.725394723065086,1.0
509.279133,205,1112.46572,205.0,315.57919403209013,74.39318156969827,76.42667677644903,15.900000000000027,-6.440000000000003,-23.29216305255889,-47.20208861678839,-31.205061929638134,-10.377231925429433,-29.227063910402393,-22.347261241284627,-7.9290483734283805,0.6336429103252642,2.597935932333583,1.0
759.845247,293,1126.600477,293.0,447.5041040917148,103.90391709336053,113.08943675033302,30.899999999999885,-5.510000000000001,-32.222089111804934,-62.09965699166062,-43.44661031782195,-11.496927590052891,-38.94009964579478,-25.18071913035421,-9.656108294849602,0.5734398784576044,3.360357687761562,1.0
436.138645,162,1132.912467,162.0,279.156576090664,57.15301972383755,59.828804172105976,14.100000000000023,-4.529999999999999,-17.436021318435667,-36.358899843692804,-24.844340026423225,-7.752423366750099,-26.441131214592186,-13.25512417440178,-5.48181470770175,0.7442099718304309,2.4112403087305965,0.0
240.371313,92,1137.215399,92.0,153.07517005577054,32.8933103408166,33.630356102806246,7.800000000000008,-2.5999999999999996,-10.51946526050568,-19.403412017226227,-13.282817084905336,-4.483474533414425,-17.607374460649623,-8.553680168254033,-2.577300438142426,0.6384095444045625,1.174673561704395,0.0
188.22132,83,1141.078012,83.0,116.27681851450798,24.953483912849123,31.048293815513716,6.150000000000004,-2.26,-10.140454902648928,-18.811032100021844,-12.049456171662667,-3.277437398543693,-8.239203471558447,-14.873989790739703,-3.555702434588824,0.57490707783992,0.9543457492142673,0.0
209.459569,87,1145.186666,87.0,134.5581000255478,27.807979265954692,31.818761263783863,8.55000000000001,-3.4099999999999997,-9.628799290657044,-19.616639548540114,-12.97437399914818,-4.1416800767828885,-15.688434669394695,-11.980399384775035,-2.834944973792364,0.6762831288231416,1.1767326441522663,0.0
202.432978,75,1148.730832,75.0,138.48725882403258,22.401793581517364,27.152167054526526,5.850000000000003,-2.4499999999999997,-9.12857255935669,-17.967259477078922,-11.315502800568511,-3.969587150412631,-12.154230397327785,-6.657773435337519,-2.815315280628369,0.8539631083512246,1.2809446625268368,0.0
495.541414,184,1157.398791,184.0,308.3812077288513,64.93106181418139,69.5234023131286,16.350000000000023,-5.670000000000001,-19.90034790039064,-38.40290638655424,-27.360024538206254,-9.291827712355248,-29.974307880846666,-11.184460604125361,-5.860382668902198,0.7119021932443977,2.619800071139384,0.0
197.477702,80,1160.836219,80.0,137.9947041552058,23.710080209379875,28.42567546572382,7.050000000000006,-2.2199999999999998,-9.195232539176942,-19.70105527341367,-12.38558213129267,-4.262083678498835,-16.965372114575942,-12.016936088684222,-2.9564961158108813,0.7398490744220345,1.1837585190752553,0.0
512.090285,199,1169.271569,199.0,327.1409801324893,68.70180846899424,75.98254187259326,15.750000000000027,-5.0,-23.09533441066741,-41.169610640406624,-30.5219444802913,-9.446007567779132,-26.923005956788842,-30.198873268095223,-8.130269173384635,0.732129652703825,2.9138760177612237,0.0
15.726637,52,1171.566928,52.0,-17.19253298107468,15.364702564176563,15.575348578910932,0.15,-2.32,-6.5090519285202015,-16.93105408847332,-9.075459881875052,-2.826350917687523,-2.4865859067587124,-7.872546595901798,-2.1498315216733435,0.2202253818408863,0.22903439711452175,0.0
710.651146,258,1182.706126,258.0,463.27575584345885,87.84687244743328,98.34111205186437,24.599999999999945,-6.630000000000002,-30.646991209983813,-51.75942317843435,-38.83587473098479,-11.440613026283142,-41.41542810376381,-30.183939627355095,-10.500324531146095,0.5672568624339157,2.927045410159005,1.0
226.461485,106,1187.075049,106.0,136.43627207808368,33.38903761989647,37.30839982511294,9.900000000000013,-3.4999999999999987,-12.005596427917485,-25.902745631337165,-16.07651680213756,-4.651842291125601,-12.149280415874124,-18.60658961059374,-3.679653425086553,0.5595569012039744,1.1862606305524257,0.0
429.209804,164,1193.849652,164.0,268.24948732159174,58.31555068846017,61.12996993081545,15.450000000000026,-5.610000000000001,-17.844990773200987,-35.45428228080273,-24.080269720500223,-8.54082471599169,-22.072011800927445,-18.528247017098444,-5.80457772508385,0.45775774255426027,1.5014453955779739,0.0
269.464977,134,1200.000567,134.0,128.92931605257195,44.19171681020858,48.15499329608684,8.100000000000009,-4.35,-15.467566444873807,-27.57919944226742,-18.189547806214527,-6.184471712578448,-6.460509869415064,-11.725044034752278,-3.9547102055064705,0.45837456517839664,1.228443834678103,0.0
454.035257,172,1208.586853,172.0,288.5724201832493,60.57326359013426,63.495061107078115,17.55000000000001,-6.1400000000000015,-18.985464830398552,-34.46940032839776,-26.0733365258435,-8.324665417436423,-31.649521985661604,-16.48687124885221,-6.026227478220322,0.748518684470705,2.574904274579225,1.0
314.615855,124,1214.404738,124.0,199.26949688454025,44.25403341819765,45.54800511797146,9.750000000000012,-5.13,-12.893110084533692,-28.54433057606221,-18.415215100933317,-5.60853491435668,-22.431998031711093,-11.161811796954497,-4.02067987732701,0.7496276415775305,1.8590765511122755,0.0
219.015161,94,1218.773891,94.0,139.49303435767553,31.62613819039271,32.38856979182035,8.40000000000001,-4.59,-10.585666828155516,-21.96728686690331,-15.0851239532101,-4.391058264696662,-13.783363598605181,-13.047769494841758,-3.442311875155958,0.6505095149616569,1.222957888127915,0.0
281.948485,106,1223.199602,106.0,196.99303945616117,32.796824787444095,38.08995772924657,8.70000000000001,-2.869999999999999,-11.834175586700434,-23.15428115725517,-15.577668357136819,-4.446049551092583,-28.51604716932844,-9.906892364529746,-4.326222837659588,0.8466730764569568,1.7949469220887484,0.0
380.9319,146,1229.798021,146.0,251.18353776378922,49.125665907893776,53.71678998912866,14.400000000000023,-4.5299999999999985,-16.242276203632347,-30.105404970049833,-21.929634538677373,-6.871824071994372,-29.074433569218037,-19.198757262778752,-5.54176287454945,0.7939424932028039,2.3183120801521873,0.0
282.899804,106,1234.625141,106.0,185.4702300728236,37.14360898984413,38.318520809489705,8.40000000000001,-2.0200000000000005,-13.554079561233522,-18.024524708092212,-15.509704749115288,-4.1664871092804425,-20.52543567160126,-14.678838199516678,-3.9534862998442337,0.7493849129340904,1.5886960154202716,0.0
187.499448,77,1238.152517,77.0,120.60257218384538,26.646717555784587,26.22189047940178,6.900000000000006,-2.55,-8.640278062820434,-19.254016053676608,-12.135644712794788,-4.109349018974246,-12.160430140731435,-8.063384022377072,-2.9586302034187058,0.7859621966030036,1.2103817827686256,0.0
623.368964,248,1249.420197,248.0,369.6293605076863,91.32474516599953,92.38966394856159,19.79999999999999,-8.580000000000002,-26.04241242647174,-52.708017826080344,-37.41442220304994,-13.021414145453068,-31.04137263451304,-21.181454087801487,-7.785711995559356,0.4073458477568767,2.0204354048741084,1.0
411.355637,141,1256.100126,141.0,286.70496204086123,49.19965944576509,53.3822576449484,13.650000000000022,-3.569999999999999,-16.46180919647217,-26.58306781500579,-20.268687511392535,-6.871979607635993,-32.210043900458594,-21.325552832667174,-5.290100873778336,0.8686695446599084,2.4496481159409416,0.0
270.974984,104,1260.956858,104.0,192.6204237516487,35.051744722289556,36.01368599435737,10.200000000000014,-1.9299999999999997,-11.655340247154234,-23.401530592143537,-16.361155137310735,-5.162634972188396,-28.10819823039963,-15.584658354414957,-4.7073527591739515,0.8318448012862386,1.7302371866753763,0.0
325.032,118,1266.027502,118.0,220.5122848521541,37.954152456737724,42.197772418418154,10.500000000000014,-2.9899999999999998,-14.35643652915955,-21.974372375011452,-17.710281611262108,-6.778592830681317,-21.75657067533801,-13.659879213406162,-4.906076491538446,0.849989592261937,2.0059754377381713,0.0
293.22364,111,1270.765525,111.0,194.00557326467117,36.19930954125083,40.20174904369439,9.450000000000012,-3.6299999999999994,-12.84655824661255,-24.048246777057663,-15.853164771308537,-5.025394301908547,-22.829338632719644,-9.838879716114953,-3.56140971122023,0.8098597948489399,1.7978887445646468,0.0
366.707003,130,1276.271599,130.0,269.8914392304757,40.48442405880195,47.885469006746604,11.250000000000016,-5.01,-14.398824501037591,-25.989469358325003,-20.014023766144973,-8.010440110211613,-34.71377479745585,-19.135230508939674,-5.532566286342511,0.9423274903287472,2.450051474854743,0.0
251.966248,93,1280.140557,93.0,173.39487787447064,31.37332446732777,33.19898264970033,6.450000000000005,-4.02,-10.123258142471313,-20.533785267174242,-13.640471464621472,-4.451543499768253,-21.857300926633464,-7.52441567164341,-3.30016199330157,0.7708344345329322,1.433752048231254,0.0
451.610618,187,1287.96993,187.0,254.65867605550926,66.36767450229333,66.3182197559019,20.099999999999987,-6.770000000000001,-19.374739718437198,-37.88810628950596,-28.56239811386687,-8.999446090422945,-16.11866860716897,-18.94555767443156,-6.175035542417952,0.5798092659808867,2.1684866547685164,0.0
379.398748,137,1293.520523,137.0,250.71910182216357,44.012726066465156,52.33903539741542,14.100000000000023,-3.349999999999999,-14.408737864494324,-26.527561429142956,-21.186717421920672,-7.60204439572986,-27.431520111168304,-13.81742634330559,-4.448107752705178,0.8048984295304307,2.20542169691338,0.0
228.171079,87,1297.250147,87.0,156.83878307435535,25.71359880545472,31.217744066781115,7.200000000000006,-3.0999999999999996,-9.107601950168606,-19.378191629052154,-13.40258142160479,-3.4359759951775324,-16.865950482937343,-11.65643616531481,-2.852309270997875,0.7417112458270172,1.29057756773901,0.0
317.981944,125,1303.656352,125.0,221.19075698826094,41.581383299628015,45.727247193653604,10.350000000000014,-4.98,-14.365743923187253,-30.88518886566162,-19.037591715830963,-6.390295842055029,-32.65880193762726,-12.071872174202737,-5.4779491227432935,0.8812696200096506,2.2031740500241264,0.0
374.238076,134,1309.456391,134.0,248.6591757748294,43.82939204354434,49.192143064750425,13.500000000000021,-3.75,-15.130078759193422,-25.834000015258784,-19.96673241337182,-6.354738971171316,-27.377555387923344,-11.898210971937413,-4.631317982430502,0.8063279148756208,2.160958811866664,0.0
585.461949,263,1319.900769,263.0,314.39616059001656,89.55288462123494,97.29170256212869,21.89999999999997,-8.180000000000003,-29.478888335227957,-51.20900807976722,-39.73539837619066,-12.796926450266142,-19.469786695782595,-31.383901890861715,-8.424888536193185,0.4959461623313764,2.6086768138630396,1.0
473.646284,183,1328.414011,183.0,290.9047767507671,65.66888342191358,66.23546061095207,16.950000000000017,-6.2200000000000015,-18.76029636383056,-40.95835789442064,-27.99777299806468,-9.190065915907407,-22.867008500477127,-17.12293013398505,-5.996404570219009,0.6487931562409781,2.37458295184198,0.0
607.05651,220,1337.907166,220.0,389.7408683686512,79.30497724810184,83.8171602427889,19.94999999999999,-6.840000000000002,-22.600660053491584,-43.66068346798421,-33.56919253891544,-11.665671725996305,-29.37018403007939,-29.195185329580703,-8.85491864475765,0.7927342874801434,3.4880308649126315,0.0
282.962205,115,1342.801823,115.0,166.97741329000146,41.84350347505093,42.4720248307057,10.350000000000014,-3.2899999999999996,-12.372329537868502,-21.30890201479198,-17.1425430908216,-4.9487612413598265,-16.273874854055883,-14.127309379344046,-4.217016414697456,0.601090959559903,1.3825092069877771,0.0
246.163043,99,1346.908977,99.0,173.14249375898405,33.80022932407959,33.65406832033833,7.6500000000000075,-3.3399999999999994,-11.103704648017883,-19.938642947375772,-14.988444758231658,-4.880715660949263,-21.434504938224016,-21.500841155559975,-3.8968942644979023,0.7586314626342111,1.502090296015738,0.0
177.98324,74,1349.971312,74.0,109.91886597692047,24.7673283564428,26.232760144935224,5.5500000000000025,-3.149999999999999,-8.380002918243406,-16.6130411863327,-10.968735575608378,-3.017487825691545,-8.692998019701246,-9.049066317391105,-2.6143828621144602,0.6981374686249203,1.033243453564882,0.0
776.824562,271,1361.509639,271.0,493.5499346555914,96.76758923816779,102.19395269804605,25.799999999999933,-6.28,-29.32367347240449,-48.132554802298515,-41.657284635957865,-13.114429469411228,-49.159045417021375,-15.762305376153723,-9.057621150692723,0.6779192652758838,3.67432241779529,1.0
221.884522,84,1365.057918,84.0,145.58053499860523,29.741902574282232,30.125990159556668,6.150000000000004,-2.6399999999999997,-9.016799073219298,-18.7613119751215,-12.114500248229739,-3.84282634736878,-18.30532381827768,-5.795927021353132,-3.2372170151459643,0.6811528254099314,1.1443367466886847,0.0
1085.611535,379,1381.182552,379.0,697.1811893975424,134.02091843935978,146.25886340582676,38.99999999999981,-11.240000000000007,-41.944446048736594,-69.88522836938502,-57.837755955090536,-20.64843936707088,-63.702863754084156,-30.717800577956485,-13.872902215872243,0.43817408307192246,3.321359549685172,2.0
109.556536,136,1386.940323,136.0,-2.218109755483342,44.615438151502104,48.46773747317957,6.150000000000004,-4.740000000000001,-15.573538994789123,-38.7089679181576,-21.94222786230749,-6.393626478166625,-7.018419855718164,-22.775032061894258,-6.306717002757629,0.2595610734318356,0.7060061197345928,0.0
1377.942022,477,1406.151396,477.0,903.4722138082199,166.27396009104874,186.26114510028063,47.99999999999972,-15.810000000000016,-53.27464902877804,-85.50867555439471,-71.7853213016548,-25.59475480689624,-82.41597233708116,-50.668579586950166,-18.007344582843558,0.5758246461915278,5.493367124667176,1.0
560.052669,189,1413.897539,189.0,358.8513525602351,66.16530979359968,72.28807018651904,18.150000000000006,-4.99,-20.560571606159204,-32.47063444256781,-27.895511079327132,-8.87900939725614,-31.486445034863006,-12.332307943050324,-5.787584170965351,0.7479864501985907,2.827388781750673,0.0
199.857248,88,1417.452875,88.0,121.1477516125967,29.49703412575474,30.234093691167725,5.250000000000002,-2.23,-9.610890383720397,-19.11395946964621,-12.67466459395461,-3.646718343058952,-12.550320993551516,-11.053452267968341,-3.3916253462477957,0.5965203132043347,1.049875751239629,0.0
290.951518,120,1422.695289,120.0,167.2734918544798,39.711315886399994,43.69643426140614,10.800000000000015,-3.2999999999999994,-13.455620915889748,-24.655937033891682,-17.693835471677207,-5.853413945282526,-10.440325190763142,-11.398114641389828,-3.7324772377405635,0.7800441403171825,1.8721059367612378,0.0
467.748987,176,1429.897448,176.0,304.46196463193724,60.14940572052102,67.21987500316267,13.650000000000022,-5.8900000000000015,-19.416356358528144,-36.18242338895798,-26.809865130731623,-9.557705557172497,-23.150481568385036,-25.861910778849854,-6.863515511024041,0.8168957914274074,2.875473185824474,1.0
671.330849,227,1439.51659,227.0,441.0187725839291,79.40911221021814,85.75514506532124,22.94999999999996,-6.57,-26.326774420738204,-38.65202363282443,-34.105696498123415,-11.742777767875547,-38.20096796300752,-20.813132765110193,-8.390807676880645,0.5045590950588072,2.290698291566985,1.0
1185.563796,382,1455.842048,382.0,791.1427141095032,134.87754759994928,148.87769350855308,40.0499999999998,-9.660000000000005,-44.05104164123534,-62.1227514758706,-57.26567852781145,-21.27825200561634,-72.81847127699908,-30.842507013797587,-13.345457604022345,0.5905605342143344,4.511882481397516,1.0
1079.603024,354,1470.875835,354.0,706.8561876762166,124.66878109457473,137.77345935857673,37.199999999999825,-7.220000000000003,-41.46857664108278,-50.719673044234526,-52.66557548631685,-18.320583052180456,-66.31972529067764,-31.83003508713759,-12.351235847325507,0.4359336417530381,3.08641018361151,1.0
439.414885,172,1477.799642,172.0,277.5003140264067,59.29053278650504,64.77475996054788,15.600000000000026,-4.229999999999999,-19.346167182922354,-34.331952950358385,-25.39612226318466,-8.004647452832762,-30.337591742682562,-21.99732798827082,-6.106911897000066,0.7728604288687229,2.6586398753084066,1.0
500.046903,175,1484.73377,175.0,345.06716384102816,59.70807865343858,63.60972173718023,17.55000000000001,-4.890000000000001,-20.06333638906479,-31.101211827993396,-26.371365225050113,-10.102098110910768,-40.959226106013816,-20.93319416838476,-6.467629360231788,0.881789602272221,3.0862636079527737,0.0
672.867933,239,1494.033567,239.0,443.68622177883407,81.08520961864279,91.74075636956763,20.69999999999998,-8.090000000000003,-26.973618278503412,-43.24923722445964,-35.73968579597263,-10.48436656051409,-40.37077380426432,-29.313617132247533,-9.122956249265817,0.44858729287939736,2.1442472599635196,0.0
725.641045,249,1504.583251,249.0,467.9157019807225,86.71409247521981,96.26381369078435,25.499999999999936,-8.270000000000005,-28.342998156547555,-40.91520424410704,-36.577940461287284,-12.709228787177356,-41.721591442133914,-22.507809173933506,-8.707790506902255,0.7866472196661817,3.9175031539375853,0.0
960.045074,330,1518.564682,330.0,633.6435592318388,114.04002298370233,127.14715515671813,35.099999999999845,-8.280000000000005,-39.352518649101256,-55.91057403981685,-48.276029281004895,-17.655874013651406,-60.90943533744279,-37.962607588343445,-11.538624878198151,0.4026435183673542,2.6574472212245377,1.0
574.04997,193,1526.579923,193.0,398.13430128077414,61.924917467868376,72.79007793081075,18.000000000000007,-4.899999999999999,-24.949297008514403,-30.728088435530672,-29.073563616884545,-9.436042514586138,-48.774792008709504,-13.67189573348116,-8.26564727330091,0.9175466378996776,3.5417300222927555,1.0
392.613834,135,1532.307363,135.0,276.54061887089927,45.26822127328777,49.75416439146752,15.750000000000027,-2.9699999999999993,-16.060008077621465,-22.386487278342248,-20.26113094801253,-7.0332769579595515,-42.40750728122769,-13.450027995754086,-5.13073213534375,1.0238725645747335,2.764455924351781,0.0
767.749299,311,1545.288083,311.0,433.3564439471492,103.16448756228444,118.72281285980809,31.199999999999882,-7.680000000000003,-36.230853323936465,-55.61778811551632,-44.39291836477317,-13.767217404516227,-36.29125218257235,-26.206070172492833,-9.508346189220646,0.5661124149287142,3.521219220856602,1.0
1111.821431,363,1560.416276,363.0,741.6020233371148,124.57425093391171,139.40130187648504,40.499999999999794,-9.060000000000008,-41.458931376934025,-55.84651616215706,-53.89190770081216,-17.51165141299518,-78.05031959827836,-29.584212661367516,-11.852605921383438,0.898604515527931,6.523868782732778,1.0
420.638837,152,1566.853381,152.0,283.3745907039933,48.40225567394184,56.29387721463074,15.150000000000025,-4.3,-18.507381789684292,-25.56810767054557,-22.351389366200344,-7.503438136116404,-29.019934303739234,-21.631576558154116,-5.7000585593916515,0.8130998287400873,2.4718234793698657,0.0
712.520092,238,1577.548856,238.0,494.5961046214741,80.02833369787835,89.60672301973156,24.299999999999947,-6.9200000000000035,-28.662601008415237,-40.9857850410044,-34.86188997844833,-11.510586458319711,-53.451867202350314,-28.369244002847754,-9.249095937670775,0.6499278449022394,3.0936565417346595,1.0
761.422228,256,1589.870701,256.0,507.729270289402,88.92752666150348,98.31728736839432,26.549999999999926,-7.930000000000002,-30.416290650367742,-44.15818417668344,-37.413487165048444,-14.272069526433338,-50.96312011616354,-21.813460864243034,-9.135244217217958,0.8632485487687368,4.419832569695933,1.0
347.295325,165,1597.496123,165.0,179.73807908275361,54.179611563369264,61.22966984211361,13.500000000000021,-3.559999999999999,-20.883247170448303,-31.175570139288897,-24.738950156612198,-6.315592470235177,-10.460605913184834,-22.224762096105618,-6.9933073574760805,0.5620792567620659,1.8548615473148178,0.0
350.731853,127,1603.18544,127.0,233.54921904046716,41.55591929439947,45.665047299085344,12.60000000000002,-2.8599999999999994,-14.449321007728571,-22.975366547703747,-19.414657735665546,-5.194612523220902,-22.805132958916438,-17.83113802105002,-4.1081042457186685,0.8062265729898158,2.0478154953941323,0.0
1055.637238,360,1619.276428,360.0,692.8806919516143,125.6418965560104,140.32462768424793,34.49999999999985,-9.970000000000004,-44.919118285179124,-59.97501161098477,-52.230072706146885,-19.178084455373924,-63.074113011252344,-33.225726739893204,-15.13785091310637,0.43107652687512477,3.1037509935008982,1.0
675.455451,240,1630.475687,240.0,455.17540233126846,79.7627849153102,89.35818746814107,24.14999999999995,-6.420000000000003,-29.476829161643995,-40.001322612166405,-36.126267250356484,-11.586122423697015,-48.657552599864204,-31.21214477882214,-9.51068506357013,0.5999962740613872,2.8799821154946588,1.0
773.072894,266,1643.128335,266.0,513.9051291627592,91.72047103682354,101.30936370592288,28.19999999999991,-7.580000000000002,-32.021099233627304,-46.33714947625993,-38.81426090057901,-14.142711452929714,-51.515758299099446,-28.592097554808205,-9.05899284829039,0.4455432247229433,2.3702899555260584,1.0
759.828661,251,1654.548856,251.0,525.5650034755428,85.38942317303959,96.84317523103313,26.24999999999993,-7.080000000000003,-31.81273536205293,-42.41712042689324,-36.22276898505731,-13.380045852837506,-57.17640339572665,-26.892482243121904,-10.237384540717366,0.7819803648094762,3.925541431343571,1.0
651.946448,227,1664.634428,227.0,439.9265453667006,74.71293329941496,85.14071272153933,22.04999999999997,-7.1000000000000005,-27.497417755126964,-37.838333615660666,-33.69882965055717,-11.494655484461532,-49.98261551026671,-20.458088868179967,-8.813802876795277,0.8261274421427248,3.750618587327971,1.0
383.73738,137,1669.691868,137.0,259.49561337606895,45.82359899020514,49.83278353308269,12.75000000000002,-3.7499999999999987,-16.381369371414195,-25.531444717943675,-19.40309377374993,-6.247433990335325,-28.92681143613325,-16.333858579053103,-4.590603838209468,0.8490339503524748,2.326353023965781,0.0
1117.961131,361,1684.969299,361.0,778.7176491574555,119.9054095254461,140.82151352500128,37.49999999999982,-8.940000000000005,-46.142482752799985,-55.263822534680344,-52.76978046051872,-18.32511691164961,-89.29561358882647,-34.18272109380913,-15.06390414127745,0.9104207565204891,6.5732378620779315,1.0
524.413301,252,1696.25081,252.0,285.78734578145685,81.21349544427167,94.99156574442596,21.449999999999974,-8.340000000000005,-32.530482339859006,-47.7529223933816,-37.16574076637813,-12.919435751595842,-23.326480730193587,-39.03211913792566,-9.961925104986864,0.4575271043444714,2.305936605896136,0.0
381.87577,141,1702.574963,141.0,247.4959753907154,48.53453377557416,51.69917494269637,12.90000000000002,-3.9999999999999987,-16.18655846595763,-27.905493469536303,-20.281422397446136,-5.7866982804671245,-26.847316395995257,-13.817999582484077,-4.928425208786537,0.7728578832717661,2.1794592308263803,0.0
456.114229,189,1711.46093,189.0,257.0097036718877,64.5057362332516,72.33635323595259,17.250000000000014,-4.3100000000000005,-23.72648966312408,-33.207180441915995,-27.37065168277984,-9.145670025481706,-17.234360935764826,-22.795476480372326,-6.197734489770119,0.7031737248939303,2.6579966800990564,0.0
789.54838,295,1724.489114,295.0,490.52380466807676,105.57559191236454,113.6601261146745,26.999999999999922,-8.350000000000003,-36.67268373489384,-53.72159997373818,-42.57093801253497,-14.328769495928551,-42.68690624495388,-31.25874806135191,-12.621497535624147,0.5790393172265731,3.4163319716367813,1.0
323.05691,136,1730.242621,136.0,201.32540151408566,42.51399311675883,50.05474455065935,12.60000000000002,-2.67,-17.534596590995793,-23.5198090940714,-19.85277518629401,-6.385655397344644,-18.925385758381402,-25.17846819393415,-5.37053934789576,0.7595914745899459,2.066088810884653,0.0
1763.551967,554,1753.954159,554.0,1221.1420964939978,195.0783097972068,216.49010587716265,57.89999999999963,-16.610000000000007,-69.13123434305193,-87.9415832839906,-82.0423605610103,-27.74182392669622,-129.01975397738497,-45.14726281073755,-23.424526289132153,-0.3536842772680199,-3.9188217921296604,2.0
184.262473,87,1757.085327,87.0,99.15604383209867,30.80854596212281,31.78778931945675,8.250000000000009,-1.9199999999999997,-9.837801046371462,-17.839595621824262,-12.296002124058132,-3.6562522882873365,-9.380042063196395,-14.661126273314562,-3.149086240092308,0.5774772159000047,1.0048103556660082,0.0
255.344974,102,1761.097672,102.0,161.2012161449868,32.64860304479299,36.56414229125842,8.40000000000001,-3.679999999999999,-12.08124360561371,-21.042609279602775,-14.622020270472474,-4.749599485488409,-18.32625560759544,-7.121014083962833,-3.8462451182281523,0.7071264456636968,1.4425379491539414,0.0
636.819593,218,1770.57413,218.0,445.92781866047795,71.50410932983401,83.0896783293286,22.499999999999964,-5.730000000000002,-28.434245371818534,-35.57700944542886,-32.485464332696225,-11.624495135046086,-52.573432529177055,-28.518642089970935,-9.25872457426238,0.4897882464655028,2.1354767545895923,0.0
691.221222,249,1781.077766,249.0,440.09434072311825,84.465908899681,94.67440711003597,25.04999999999994,-5.710000000000002,-30.93506482124328,-41.73580319434402,-36.70288714435461,-13.575405992774174,-32.37956081379533,-31.634749325262508,-9.389963453675698,0.7521130995349447,3.7455232356840247,1.0
352.70527,137,1786.925646,137.0,239.60577714577747,43.92757209453227,50.66043075859158,12.300000000000018,-4.1,-17.61484069824219,-24.073426420241606,-20.568003307195227,-6.722948877870354,-30.032420257468644,-22.661315986231944,-5.015554505488058,0.8847585076908768,2.424238311073003,0.0
185.808216,71,1789.949373,71.0,131.22808564070314,22.63202746825684,24.39774628100788,5.850000000000003,-2.3999999999999995,-8.106760897636413,-14.282619202136992,-10.33418059893138,-3.3521924758476156,-21.018554540877158,-7.250135512225209,-2.555199771661585,0.9838560639238605,1.3970756107718818,0.0
1073.064593,338,1804.12522,338.0,746.4927132497149,113.5531599203126,131.04385564451735,31.49999999999988,-9.560000000000008,-40.65071935653684,-52.195946522057035,-49.556887651677606,-17.19793621010072,-74.76615972933871,-30.107141877980183,-13.490344422998994,0.878224050050506,5.93679457834142,1.0
568.262415,188,1811.835633,188.0,382.185391511108,64.36951413212991,69.59969928475417,19.79999999999999,-3.8099999999999987,-22.730583033561718,-27.700380569696442,-27.679668952657863,-9.293234726126235,-37.69377981708567,-20.68830221089142,-6.09624048286218,0.9404740460881488,3.5361824132914395,0.0
1108.052736,359,1827.262913,359.0,757.5923728397606,125.66686894431423,136.39069633112496,38.249999999999815,-8.410000000000004,-42.72316044807433,-52.0183535218239,-51.14814247060983,-19.551857400266872,-84.06719246078049,-37.10252244015306,-13.82597348343205,0.2825543152487408,2.0287399834859587,1.0
164.559606,64,1830.061945,64.0,112.6558021908031,19.09715813890792,22.26537760981583,5.850000000000003,-1.65,-7.215153574943542,-12.970020452141759,-9.844367181721973,-2.880148945635257,-15.001537006944417,-7.3240551924863215,-2.423449437940798,0.8395543577226497,1.0746295778849917,0.0
369.266022,131,1835.827581,131.0,267.45899848536226,42.128641686066,48.949972921978016,12.150000000000018,-5.170000000000001,-15.66622550487518,-24.366400218009943,-19.492093712090057,-6.239026137328777,-38.75087862691555,-17.720608339164805,-5.016358565133125,0.9782346882696635,2.5629748832665187,0.0
436.902198,152,1841.970161,152.0,295.87985237476687,52.21972786651994,56.14034034187085,15.300000000000026,-4.189999999999999,-18.27222620487213,-24.012947756052025,-23.040776882613923,-7.828674660925996,-37.99014033821186,-13.188469351188607,-6.114486984579756,0.8643415698221455,2.6275983722593224,0.0
263.103701,96,1845.440956,96.0,171.3019579844848,31.264851931664488,33.78829924942993,7.800000000000008,-3.2699999999999996,-11.66411772251129,-18.738729560375216,-14.389886800634985,-5.355088342055005,-14.696726168359055,-5.729830994650466,-3.207028350472792,0.9020481783162589,1.7319325023672172,0.0
1169.48924,365,1860.938844,365.0,806.5543899227779,125.47490041530666,143.04374216203604,38.54999999999981,-9.280000000000003,-45.11765280723572,-54.34974970817563,-52.84157784260847,-18.05913792219086,-89.44636572299318,-24.80543584127144,-15.233872451165373,0.16451281497562278,1.2009435493220464,1.0
215.262323,84,1864.461332,84.0,139.7282629648706,27.0290590769606,30.90816889122693,4.5,-3.0899999999999994,-10.02316850662231,-18.82206855416298,-12.372436574753145,-4.713755796426506,-12.25904181831047,-6.78024147349518,-2.8424547637618454,0.8349378884839255,1.4026956526529948,0.0
935.317424,305,1877.233503,305.0,629.2120911361892,103.15972412093451,117.85742669114062,33.89999999999986,-8.220000000000002,-37.18761729240419,-47.79587258696556,-44.2022958022028,-15.758976817935281,-63.58830777333384,-26.07031779744301,-10.988430188344392,0.8838917601205619,5.3917397367354285,1.0
1214.755257,379,1893.304402,379.0,837.6802959228418,131.27087819132848,148.03473385860192,40.0499999999998,-8.47,-47.86218729019165,-56.11644273698334,-53.999559059938356,-20.38672694822143,-86.78617633924632,-31.92434064077298,-15.735217518131373,0.4124187486987498,3.1261341151365234,2.0
528.1107,188,1901.299201,188.0,350.5844188547747,60.992233952487425,72.03899275325058,18.9,-4.489999999999998,-24.081997168064103,-28.66733527332547,-27.15553310774407,-9.507151740804563,-33.29657773341612,-27.072445978661776,-8.133904305320549,0.7321579754424091,2.7529139876634585,0.0
442.19679,157,1907.976186,157.0,296.1794588047182,53.036084921667005,58.187287540421885,14.550000000000024,-4.38,-18.64902454853057,-22.867887700349076,-23.00858057268618,-7.546404885883468,-35.81950468855818,-18.82517683071834,-5.659462446757801,0.8629277480739959,2.709593128952347,0.0
676.663015,225,1917.272794,225.0,465.5322146330513,73.65703050321763,85.82656363983786,23.99999999999995,-5.740000000000001,-26.12561622142792,-33.188346447795624,-33.64313250547731,-12.48479209784459,-56.22850753091896,-21.739985646488545,-8.202413517977165,0.7930241377360407,3.5686086198121836,0.0
1301.954993,425,1934.368355,425.0,895.8960178145787,147.53575307128904,165.4015333571362,43.19999999999977,-10.400000000000007,-53.205538492202756,-64.0295718982816,-61.53807701232073,-19.120789082354733,-104.35789576388588,-45.13112659782329,-17.295312824575966,-0.10426847606599539,-0.8862820465609608,1.0
1021.808826,329,1948.301397,329.0,712.7928668786407,115.11242755146543,125.50257894680814,37.79999999999982,-8.500000000000005,-42.31872094631196,-49.08273702040311,-48.54887926430381,-17.22321225153835,-80.9217897818864,-38.54387836783125,-13.259829585796432,0.3797833447269091,2.498974408303062,1.0
615.70121,196,1956.778718,196.0,415.3408093312061,69.47441596966566,74.87671417927726,21.149999999999977,-3.2599999999999985,-24.97628407955169,-28.138678072392942,-27.800247931597475,-10.009554185065092,-40.6396134478797,-18.17756841494861,-8.138783501964987,0.9490743420638847,3.720371420890428,1.0
216.691036,81,1960.206494,81.0,148.7668892306334,25.763109245458235,29.13466817187622,5.5500000000000025,-2.7299999999999995,-9.43285817146301,-14.070165839791295,-11.819871127795583,-3.2871143831745715,-19.943163043185443,-9.323018123140356,-2.9174398988588894,0.8856096824716965,1.4346876856041484,0.0
349.190525,123,1965.518959,123.0,240.5816991628911,40.355445716209914,44.42722826416045,12.150000000000018,-4.37,-14.579013133049008,-21.92093643769622,-18.3221937277957,-6.4452991800738175,-29.1463712391763,-12.094957640765431,-4.445077096822334,0.9080612873547588,2.2338307668927064,0.0
679.350324,229,1975.126878,229.0,470.22270603872784,75.4819806174543,87.1343432562196,23.399999999999956,-5.399999999999999,-29.854373950958244,-33.890049831569165,-33.838929296932385,-12.479747156991325,-51.257681128492024,-29.987637018072746,-9.180287456323278,0.5358232881897504,2.454070659909057,1.0
-0.401643,45,1977.040074,45.0,-14.608529145084114,13.29020035115679,14.919272803234328,0.3,-1.7799999999999998,-6.327838096618652,-12.90599647462368,-7.405709332231107,-2.4044583765896634,-4.133932166690175,-21.86699091555756,-2.477661223782599,-0.1412654758972743,-0.1271389283075469,0.0
1118.176101,396,1993.900999,396.0,735.7676114909962,136.3260537875776,151.97225825427913,37.64999999999982,-9.840000000000005,-48.740650110244715,-60.129243844747585,-56.52538303873819,-20.406981671680022,-84.81625286110017,-42.89187659048178,-16.189434775890785,0.8453073306177534,6.694834058492607,2.0
460.38454,159,2000.631526,159.0,310.43094313906784,52.55381240734784,59.41260046059757,17.70000000000001,-5.12,-20.161239829063415,-24.590298620611424,-23.413607534300432,-7.449897208850054,-38.960136865341184,-13.313934339780971,-5.703701486763462,0.6589004202978802,2.0953033365472593,0.0
493.84596,169,2007.68136,169.0,347.98397369277416,58.49679036381425,63.46179319036569,17.85000000000001,-5.0,-22.189147524833686,-27.43824319988489,-24.759151761011093,-8.703948908226348,-51.57142548723207,-16.623339115781604,-6.661341332047304,0.725301745220438,2.4515198988450804,0.0
421.060072,151,2013.92473,151.0,303.98991996768405,47.66275062799718,56.48684950182061,15.000000000000025,-3.7799999999999985,-19.338287873268126,-24.972060026228437,-22.69394803696168,-7.512731812642641,-39.32797167266417,-29.180708738449376,-6.273739852363613,0.8806240189184374,2.659484537133681,0.0
754.159913,259,2024.237088,259.0,511.34607939363474,89.20168890812485,98.74352019022871,26.999999999999922,-6.330000000000002,-32.90468043327332,-39.3725458443165,-38.147587289109616,-13.953315658934907,-55.791120963431794,-33.376205304629124,-11.255919931261381,0.5625543041464524,2.914031295478623,0.0
671.712319,221,2033.351322,221.0,459.29741225113656,75.72264984000662,84.61704166273726,22.94999999999996,-5.920000000000001,-27.73958287239076,-32.5980665449053,-32.75957108641754,-12.761669323743632,-51.222651391370306,-19.027242239541003,-9.846001688988304,0.7828597865892857,3.4602402567246426,1.0
332.845226,119,2038.402192,119.0,229.08311464617154,38.655075619488116,45.26812885919217,10.500000000000014,-2.76,-14.890358362197883,-18.739438453316687,-17.636416661006958,-6.202991440193747,-34.05497413478788,-10.887998215039305,-4.488915960304281,0.9262199314277065,2.2044034367979415,0.0
329.299382,116,2043.448082,116.0,227.1989924213174,36.57727371050573,41.65259555026407,11.550000000000017,-4.01,-14.41056000471115,-18.495348437875506,-16.94185760082696,-4.997362418990261,-28.0731683929706,-12.860442009508537,-3.89074051824094,0.942418089625679,2.186409967931575,0.0
571.781207,200,2053.611365,200.0,373.3590704754283,69.17986881491858,77.05245297561709,20.099999999999987,-6.620000000000002,-24.893915262222293,-34.64906812310218,-29.547116224484057,-9.085181387102585,-28.664541398600228,-26.48300490779694,-7.967357680128086,0.8208967436687719,3.2835869746750874,0.0
1227.405115,404,2071.190911,404.0,806.4848456524757,139.9335557066352,154.82603744872006,43.94999999999976,-11.540000000000004,-49.04984776973722,-57.64517887607215,-58.420958831547,-20.15641358023821,-79.6524401001556,-30.46007676394511,-14.864407620569168,0.32382836116941616,2.6165331582488824,2.0
295.849422,107,2075.737043,107.0,191.11378839189467,35.56047742085846,39.79995009410338,11.100000000000016,-2.98,-13.263425097465513,-17.524375951290132,-15.533561890110404,-4.376978256508872,-22.967356844429386,-8.056783836966552,-4.022312086968447,0.6185755072972865,1.3237515856161932,0.0
812.573406,297,2088.722816,297.0,515.3260443519962,98.76335280248081,115.7615433618776,26.849999999999923,-8.310000000000002,-35.66626375675203,-50.537523149698984,-43.484214307716044,-14.877237076091433,-49.09033632811228,-27.711930646615983,-11.450028869071287,0.03021988772815056,0.17950613310521435,1.0
915.620139,320,2103.027518,320.0,587.051759921269,109.15263269711235,122.88248094886112,31.049999999999883,-8.280000000000005,-38.60248338937761,-50.8928697563708,-46.24264050049837,-15.476672561024275,-54.28997606618031,-29.608516304152182,-11.123575627433254,0.7257617344815266,4.64487510068177,1.0
438.965395,164,2109.687374,164.0,278.22513653182205,56.37414355781142,61.1321875161526,16.350000000000023,-5.31,-18.352724890708934,-29.643706037104135,-23.59666221459607,-7.0885157442736135,-31.630849579125186,-16.049320931770485,-5.444293331912407,0.6950143487742028,2.279647063979385,1.0
407.497662,142,2116.116396,142.0,272.0349779676691,48.8947895509719,53.29049335405862,13.500000000000021,-4.72,-17.03387252807617,-23.149298863112932,-20.463453209871584,-7.27103003377344,-33.24127565476876,-10.979662643974333,-5.364005644157702,0.7759236230051572,2.2036230893346462,0.0
1589.598766,493,2137.122048,493.0,1105.0873315917243,168.16849388986964,194.92699014284136,53.24999999999967,-13.720000000000008,-63.01907891273498,-77.81241147257396,-71.70425078957071,-26.425454189092576,-111.68150274663208,-39.57912301769273,-20.89222865596762,-0.10158316831011649,-1.0016100395377485,2.0
397.210791,142,2143.134463,142.0,272.2366802489481,51.33494694410289,51.080053654567,12.450000000000019,-4.75,-16.637231554985043,-24.513465605676164,-21.258715034598385,-7.497340257297092,-31.22224019620141,-20.493470510903148,-5.518426264871311,0.8510235090266727,2.4169067656357504,0.0
326.509382,122,2148.471463,122.0,224.92513303522915,42.25611323226048,45.90035677118533,10.350000000000014,-3.4999999999999996,-15.228661847114566,-23.34415920078755,-18.373900429779972,-5.910136337770282,-28.627867068061658,-18.728413733980137,-5.209082346712389,0.8672432420509842,2.1160735106044015,0.0
1025.330795,333,2162.632505,333.0,706.7217556664086,115.56005574413787,129.01036293167215,33.44999999999986,-9.780000000000005,-42.153713145256035,-53.140767057240005,-47.47778177881478,-18.059647532060023,-77.95987999461256,-30.49477981065501,-13.344810038487516,0.3830472595562446,2.551094748644589,1.0
354.565971,126,2168.047599,126.0,226.3631265480385,41.974072848848,46.707192635778064,12.150000000000018,-4.65,-15.014064941406241,-21.491419710218903,-18.162746722908164,-7.099341465040134,-18.334893522882954,-9.876269853262041,-3.9996843751983255,0.7196330390698884,1.813475258456119,0.0
639.450164,213,2176.946735,213.0,414.1254974639619,71.22999798931666,80.82990862143706,23.399999999999956,-5.489999999999999,-25.82599747896194,-31.93659887760877,-31.190800969380348,-10.934683009302354,-35.516855404460856,-14.915635819817153,-7.324668513921669,0.47352419761213205,2.0172130818276823,0.0
595.120581,204,2185.655179,204.0,417.4786180838251,67.42269005464891,77.22232131406652,20.69999999999998,-4.659999999999999,-25.367061829566964,-34.68313504010441,-30.92245567718078,-10.54198352147986,-52.03633916609377,-25.099638715945936,-8.392434877915438,1.0408216339087772,4.246552266347811,0.0
272.31778,103,2189.861964,103.0,180.15677139632461,33.60706681867618,37.068961408348834,10.050000000000013,-2.689999999999999,-12.284921998977664,-21.305808317661285,-15.407368960971652,-5.197604719944002,-20.30858415204978,-10.087362569614442,-4.283368812721052,0.7683812213770965,1.582865316036819,0.0
655.69385,213,2198.473147,213.0,446.68069678079917,72.18915913818077,80.98718931066247,23.699999999999953,-4.669999999999998,-25.75255988597872,-33.578818620741366,-30.97966241395633,-9.819225539892452,-47.99717312443055,-21.086880090197027,-6.978875601128147,0.859907235951947,3.6632048251552938,0.0
354.752066,128,2203.976099,128.0,232.1663380892881,42.14876716567111,48.728350042916254,12.90000000000002,-3.269999999999999,-16.519491353034972,-22.69534742534161,-18.0301127134944,-5.176206148031765,-29.54314567736609,-9.341839810620964,-4.615246656565239,0.8503426184186097,2.1768771031516407,0.0
362.251753,131,2209.547443,131.0,248.66698788706051,41.230701251923854,48.21842290905712,12.450000000000019,-4.159999999999999,-16.160358910560607,-24.688116246461863,-19.76202480485848,-6.305878982185952,-28.323826693867474,-14.878159276794031,-5.035994042304006,0.863607369118882,2.262651307091471,0.0
552.021311,192,2217.797059,192.0,388.0455114655141,65.2498949474691,72.14407576369088,18.75,-6.090000000000001,-23.632865467071525,-31.124995677173143,-27.68704274398014,-9.608467898660429,-52.003581594702766,-26.919708918449587,-7.101508481847475,0.743923732560411,2.856667133031978,1.0
343.591591,125,2223.04293,125.0,236.28498615065214,43.027468671424394,45.55900759481916,11.250000000000016,-3.149999999999999,-14.894720821380613,-20.1005390226841,-18.452394721284467,-7.32066647074487,-30.624774416482254,-18.644026305106067,-4.342749950072191,0.8855905594465977,2.213976398616494,0.0
399.137422,146,2229.219713,146.0,274.2622272900637,47.084847147748256,54.60732285820873,14.850000000000025,-3.0699999999999985,-18.358351268768313,-27.026007850468172,-22.175503454954463,-5.838020322950008,-35.5836979776006,-20.07409050153413,-5.541303454950364,0.5588555918026298,1.631858328063679,0.0
2364.780917,758,2260.931231,758.0,1586.3200373115915,264.4612807570796,296.0707661114662,79.05000000000014,-16.160000000000014,-95.2492798995973,-114.63251577988257,-110.60895679772119,-37.796584592520205,-152.98987775484161,-61.95956279940007,-29.72438974362027,-0.06542899578558695,-0.9919035761094981,3.0
704.293395,244,2271.720392,244.0,477.26968819431875,82.53473014832436,93.73651155258108,22.349999999999966,-7.550000000000004,-31.351950893402098,-36.27583015859128,-34.20614421647778,-13.26902645621139,-54.35482927003427,-29.502427390494034,-9.087326714140332,0.9314288901127706,4.545372983750321,0.0
229.631949,115,2276.713318,115.0,122.68152507773668,34.75313370050798,41.13805344147637,9.300000000000011,-3.1499999999999995,-14.391556072235113,-23.059208705276255,-17.413273622254483,-4.882086295533139,-7.82184809723264,-18.16129358667308,-4.361497264210707,0.6252754338835753,1.4381334979322233,0.0
716.074767,244,2286.074801,244.0,485.9721307223566,82.74477756664587,92.51921582959447,22.94999999999996,-7.880000000000005,-31.113489089012134,-37.08478779196738,-34.60977477903635,-12.605469830623528,-58.837789338259924,-20.679516772472617,-9.300529733631201,0.8765240496459658,4.2774373622723125,1.0
467.522012,165,2293.58381,165.0,295.0020179581295,57.64558019161175,62.170200298966165,15.300000000000026,-5.069999999999999,-19.777505412101746,-24.993293014168742,-24.022548422179103,-7.160463443054727,-27.746864051818665,-13.296064521115387,-5.529047189750182,0.7456455300858419,2.4606302492832786,0.0
3161.397514,1000,2337.918891,1000.0,2100.76128914007,359.6528953161854,397.32112024434434,103.35000000000106,-26.25000000000001,-129.03905528545366,-146.49287585988625,-139.72246603561624,-53.167460009778374,-189.57771131359868,-75.82452280436372,-39.613699830182064,-0.13819667097209543,-2.7639334194419085,3.0
322.430895,126,2343.296507,126.0,211.2670954421411,42.73760201143497,44.90564056579081,12.75000000000002,-3.9199999999999995,-15.658447499275205,-21.121645578742026,-18.83722717798945,-5.6602293849105925,-30.41007868462058,-14.64492862991909,-4.976886315638705,0.7974859718804025,2.0096646491386143,0.0
2291.603404,744,2373.890102,744.0,1534.309111790062,260.3086478125253,293.2614443339987,76.20000000000003,-14.860000000000008,-97.15536223888392,-110.56075328309089,-107.27557112767096,-38.55253665318139,-155.13167652405713,-61.92942431510164,-31.010475816363343,-0.07266240479246755,-1.0812165833119172,2.0
636.596823,221,2383.0679,221.0,438.9959198583878,70.24744635247622,83.9351477153926,22.199999999999967,-5.9700000000000015,-25.903954396247862,-34.92407295405865,-33.34900746521646,-12.46388335773312,-58.83217439951621,-19.40023364792266,-8.938364837308695,0.47887374969855934,2.116621973667632,1.0
353.427492,129,2388.387533,129.0,230.58699587831137,40.76040717656675,49.12470828885743,12.150000000000018,-4.709999999999999,-16.43907539367676,-22.323937958478925,-19.12032786720276,-6.2160069948225045,-20.919220545604006,-13.395365415929962,-5.0706855200240115,0.9019527778710005,2.3270381669071813,0.0
650.446248,217,2397.52271,217.0,456.5261007958613,72.05738204077171,82.03969823841223,23.09999999999996,-5.990000000000004,-27.14098424911499,-33.35711765140295,-31.838412299187087,-12.187420131216266,-59.797630055280464,-21.107208828688883,-8.85816013056338,0.4254210437788605,1.8463273300002543,0.0
946.393144,321,2410.835912,321.0,651.4706291267275,110.83157821395126,124.54164164274344,32.849999999999866,-8.16,-42.381446905136116,-51.4264622617513,-46.49877711349123,-16.68983362862046,-74.85583120485246,-39.845126484908,-14.443227701323837,0.6349331725904184,4.076270968030486,1.0
1005.738591,319,2423.844396,319.0,690.0087279825201,109.27733707736361,123.23106123175542,35.69999999999984,-8.780000000000001,-39.25264761447904,-45.182020603120336,-44.61769028694,-17.503011786599536,-75.65861258706656,-28.20646219333645,-12.27809052658336,0.9960979140050187,6.355104691352019,1.0
660.083831,219,2433.050257,219.0,474.6201287117383,74.19658118833378,82.45990152395659,23.399999999999956,-6.280000000000003,-26.86197027683258,-37.43402607887983,-32.84334063838519,-11.884737752803241,-63.33523149428903,-26.065636687473344,-8.887837879798884,0.9916863527391921,4.343586224997662,1.0
825.3601,274,2444.592781,274.0,563.479574215356,94.75051417993036,105.52059500424511,28.19999999999991,-9.490000000000002,-34.77572821140288,-45.81491264551878,-38.59167518323627,-15.218897002302505,-52.89905890843558,-33.24334728886875,-10.556964028139516,0.1989056813132899,1.0900031335968288,1.0
1636.285415,535,2465.909067,535.0,1087.4804690520784,182.77488857818977,208.74003623616818,55.94999999999965,-14.560000000000013,-69.44427444934841,-82.18767426162968,-76.93376315551978,-27.361939327381343,-98.29429710787814,-42.26862896985748,-22.609401552903677,0.33542041366252084,3.5889984261889736,1.0
458.919329,159,2472.733301,159.0,320.79846091017475,53.74301856293774,59.96261107287994,17.70000000000001,-3.8099999999999987,-19.871258339881912,-25.021888693422078,-24.392365301519668,-7.395786589924839,-46.100041287842544,-19.857248805580287,-5.83617250562502,0.9616414065108839,3.058019672704611,0.0
642.158083,222,2482.02667,222.0,426.05238909740547,74.72571210039914,85.02279057402824,22.94999999999996,-6.500000000000002,-28.389942507743836,-37.05146268680692,-33.18463423080763,-11.386179208192527,-40.18210854303293,-23.039883011765177,-8.858598906083879,0.7911090075471937,3.5125239935095403,0.0
301.326149,122,2487.009124,122.0,187.41041015185766,43.36498121086868,43.7599744893554,10.950000000000015,-4.67,-14.700031309127809,-21.331052266061306,-17.614030039936793,-6.682724835685079,-16.58400765613911,-20.05416315813482,-4.523207578103031,0.7605539472641015,1.8557516313244078,0.0
606.750427,203,2495.558638,203.0,400.87924748479486,71.7800652694488,77.14571003270613,21.149999999999977,-4.179999999999998,-24.300995755195625,-30.31210857108234,-29.933259757982174,-9.71000578119778,-41.90574033359177,-19.8994783382396,-6.96300682066452,0.9131079964996015,3.7072184657883827,0.0
824.632982,282,2507.546567,282.0,574.6321382278696,93.12609377218932,110.82147138999882,27.899999999999913,-5.759999999999999,-40.513820018768335,-41.83753027785567,-40.97593501966395,-14.808609035905407,-63.40683016136008,-42.93658679507355,-13.607410447726268,-0.2789447461341265,-1.5732483681964735,1.0
513.39758,167,2514.635218,167.0,366.89587392077345,54.04820738576323,63.34405732477754,18.150000000000006,-5.0200000000000005,-21.09597997188569,-27.008453807234773,-24.356457810776746,-9.282288320238496,-43.67746764524573,-19.13750895803474,-6.462402490082515,0.913642236642524,3.05156507038603,0.0
414.020588,142,2520.600682,142.0,286.2138044673751,46.291985624554115,54.580062785219084,14.850000000000025,-2.28,-18.29630992412568,-20.945887464284894,-21.046776088940717,-7.734893711517447,-40.83240790209687,-13.32426512801456,-5.454725031396055,0.6715933110062556,1.907325003257766,0.0
555.525831,183,2528.567221,183.0,393.3091989258123,61.586394151295735,67.76584766868451,18.150000000000006,-5.18,-23.612849140167246,-29.215914320200678,-27.312973849081715,-9.845926572941488,-47.434812981245834,-18.31443120126367,-7.368701684234175,0.8972599769884129,3.283971515777591,1.0
700.686038,242,2538.566483,242.0,457.5837862639606,85.51143182631176,92.47954395219897,23.249999999999957,-7.950000000000005,-30.63836339950562,-41.78985882475974,-35.10311318636182,-12.778275370760165,-44.49744067526296,-18.153216233514982,-9.228456585573877,0.6122276308860506,2.9631817334884847,0.0
520.546753,174,2545.241362,174.0,375.2356555577934,53.34111853145025,66.02533077019463,19.199999999999996,-3.689999999999998,-20.785665340423595,-26.56609285771847,-26.226289230698498,-8.588806462207145,-55.119972060876314,-19.1890353928268,-7.089490481085354,1.073374542221727,3.7353434069316096,0.0
786.901871,266,2556.440906,266.0,547.0504121076665,92.27669786623262,102.18323810844335,28.799999999999905,-6.990000000000002,-34.458682250976565,-44.737997799366724,-38.356420175717226,-14.151438907201822,-68.32587378231884,-30.25436852180568,-12.133695747790549,0.9295795191775639,4.94536304202464,1.0
593.058575,207,2565.136259,207.0,421.1623365926653,70.63903307313517,78.20614638928014,19.64999999999999,-6.360000000000004,-28.06238950252532,-33.17122964709996,-29.45540042082045,-11.430255021574167,-50.82809297989694,-35.47580746671757,-8.815765919006992,0.6608523402590084,2.7359286886722947,0.0
702.954515,234,2574.804877,234.0,510.97620297354496,77.62744424952575,88.47817656129804,26.699999999999925,-6.14,-29.952685852050777,-34.98784078657626,-34.59117316538754,-13.568470191839202,-74.61444734849105,-31.364436171865666,-9.608255297872118,0.6730754916750363,3.14999330103917,0.0
554.602484,189,2582.548512,189.0,371.16832201608946,65.37242183093839,72.01110327741888,19.049999999999997,-6.98,-24.246852445602414,-33.39215976372361,-27.37758670434504,-9.124392340065755,-39.325355186967,-14.036120182072889,-7.516896722606752,0.7355500557648147,2.7803792107909997,0.0
314.745705,120,2587.379518,120.0,225.227903216415,39.06859213258394,42.84201629130166,12.000000000000018,-2.8599999999999994,-15.568077964782713,-21.072751262784006,-18.19706862152603,-6.044924371413731,-36.517699063346726,-19.45883744900169,-4.673448215217472,1.0072027882394305,2.417286691774633,0.0
1149.846127,384,2602.995667,384.0,767.2164666413951,132.24575148477328,149.85928580153126,38.54999999999981,-10.270000000000008,-49.34804085731505,-56.874288264661985,-54.450860578182414,-18.822451389188643,-85.11241341170431,-31.769668131555786,-15.37765386982528,0.1286005912410587,0.9876525407313306,1.0
926.867124,298,2615.07966,298.0,654.0963141945009,98.28367037927693,114.99823123917355,33.149999999999864,-7.560000000000003,-37.87203256607057,-44.03106319680811,-43.83304427872758,-15.722526959251862,-88.32113213886659,-22.330888926495078,-11.99040358391436,0.9491186738631054,5.6567472962241085,1.0
393.251118,138,2621.124266,138.0,274.11715328351886,43.17267875164797,51.389099443910744,14.550000000000024,-3.069999999999999,-17.125145535469063,-20.559968452155594,-20.054199631152112,-6.048620118115124,-40.87688066935722,-15.389475407297365,-4.853523510686612,0.7708561123094404,2.1275628699740556,0.0
509.810424,171,2627.399918,171.0,358.1173049237008,56.63439215546466,64.12038266519,19.79999999999999,-3.09,-20.680640053749094,-26.511116930842405,-24.893173923993153,-9.250548444763254,-49.3391386020869,-19.229045365474864,-6.867991981468347,0.5817557892320299,1.989604799173542,0.0
508.217938,173,2634.642399,173.0,335.0132766951187,60.926418733976405,66.15661554302699,16.80000000000002,-5.320000000000001,-22.270385003089896,-26.804001233726737,-24.67081144609818,-9.872021086452408,-33.817894784140314,-14.240226727381991,-6.683032197036032,0.6774908272391396,2.344118262247423,1.0
295.778435,111,2639.44408,111.0,206.5612347881363,36.60622137446732,40.2233004088819,10.650000000000015,-3.8399999999999985,-13.331936779022216,-24.093366864323617,-15.841371741648404,-5.555227973163386,-29.016911888248504,-13.356182983768074,-4.227323829359213,0.7974544117436952,1.7703487940710037,0.0
408.241852,140,2645.174356,140.0,279.84738169931154,47.27038095455396,51.54263095048296,14.550000000000024,-2.8899999999999997,-17.640247521400457,-21.167619751393797,-21.148521107994938,-7.362133461459163,-39.10072974809202,-10.335613546186657,-5.323676188667879,0.9686497612380169,2.712219331466448,0.0
336.004481,116,2649.788741,116.0,226.9955282845401,39.94019425405895,43.08917979203456,11.850000000000017,-3.459999999999999,-13.78333943843842,-17.268446651101108,-17.232641559593166,-5.604830543431087,-28.987061587252672,-11.419142466267258,-4.114958611853053,0.8332585326752171,1.9331597958065034,0.0
655.929934,217,2658.740749,217.0,432.1673068926463,76.37911591761153,81.93167261715257,23.09999999999996,-6.540000000000003,-26.73712836742403,-32.99065223932264,-32.87234831495887,-11.004096745225276,-39.83515637538797,-16.553469018997564,-8.115310657150292,0.8382873064311254,3.638166909911084,0.0
793.08729,261,2669.562924,261.0,544.2322386314861,87.5142705619771,100.71364326686576,26.549999999999926,-7.440000000000001,-35.08483511447906,-37.361797282099744,-36.53795138117291,-12.389191786949578,-62.011068647838265,-23.959322853193164,-12.138695619408926,-0.05484401288164507,-0.28628574724218725,1.0
564.459171,189,2677.728724,189.0,388.2102352942379,64.35865824538554,72.18013448875638,20.099999999999987,-5.870000000000001,-23.93786625385283,-29.217999516427508,-27.51656649614816,-9.842196574641516,-42.78876595064024,-22.084030432304665,-8.132431474456103,0.5844515100157963,2.20922670785971,0.0
625.448586,206,2686.190868,206.0,432.6424679247126,71.67652033610511,77.04201175774149,22.199999999999967,-6.400000000000001,-23.468630690574642,-29.691150591522444,-29.939330039254536,-11.54789477128614,-56.037354380696534,-20.349463132614925,-6.678590111157866,0.9149965085242066,3.7697856151197313,0.0
878.257922,321,2699.622637,321.0,545.2955724637669,111.74543015747346,123.19169800254491,33.74999999999986,-10.650000000000007,-42.60497703552249,-45.521715902909655,-45.06078393273271,-15.99067995318563,-55.35392339302065,-29.845922181130245,-11.696776351396894,-0.18008161233465425,-1.1561239511884802,1.0
226.404519,91,2703.299463,91.0,141.75959120959254,28.1675751464502,31.82102273675945,8.100000000000009,-2.31,-11.920386013984682,-16.554857215285303,-12.903984092584238,-4.589340709918633,-12.427571287226957,-10.180656564653589,-3.5568746771199624,0.902601922131991,1.6427354982802236,0.0
934.880741,340,2716.766026,340.0,560.6657588432842,121.53712288868627,131.44683593769543,34.94999999999985,-11.340000000000003,-44.233918337821954,-51.19665092378856,-47.83325016005041,-16.88109868304172,-39.439069651016204,-29.603145000368006,-13.191843428345244,0.13420333487675867,0.912582677161959,1.0
843.210669,271,2728.332848,271.0,563.7792057490927,93.04249365500198,101.52217871506332,30.599999999999888,-4.38,-32.27650523662567,-38.0255030423403,-41.329566655333004,-12.583478596234169,-60.10760240484516,-17.50492816774725,-10.525625277754816,0.8185564762527697,4.436576101290012,0.0
1515.868475,553,2751.712374,553.0,939.2892369173194,195.95162893281602,215.7604339315166,54.89999999999966,-15.400000000000006,-72.08794661521911,-81.89496610388161,-77.33384224095161,-27.639639158494173,-84.55459818697554,-62.10820324436803,-22.013629466983847,0.22394830019381157,2.476868200143556,2.0
314.715959,119,2756.736477,119.0,188.18077100350234,41.91259580682191,43.47695342019047,12.90000000000002,-2.87,-14.501864533424378,-20.28325556069612,-16.35159243935141,-5.4655071307122,-17.754824804418305,-9.495098440498952,-4.032218181762924,0.6575241159352251,1.5649073959258357,0.0
305.35734,141,2762.714773,141.0,158.74764276184123,47.800520678218135,52.76632376767393,12.000000000000018,-4.9799999999999995,-18.16826113462448,-25.00522030442953,-20.592234295003898,-6.197400160947769,-10.708798758684848,-15.885498388100313,-5.419733892946236,0.5986805214393188,1.688279070458879,0.0
1062.362203,348,2777.207514,348.0,727.9545531119928,117.19058571209926,134.855709474156,37.199999999999825,-7.690000000000002,-44.49369303226474,-50.60357038453221,-49.89259237053747,-17.743784626871726,-85.42413374376497,-31.825257116583316,-15.16561384336687,-0.14106995165115238,-0.9818468634920205,1.0
779.106455,251,2787.681178,251.0,559.7393250985015,85.14386437750198,96.98081555746558,29.2499999999999,-6.520000000000003,-30.844503674507155,-38.62704190015795,-36.324691068794415,-13.587972083532343,-84.28410572454715,-23.078626835802332,-9.740608888541056,1.0943230910069495,5.493501916854886,1.0
426.480276,153,2794.003699,153.0,271.2317187189452,49.65032437468392,57.439276564105754,15.450000000000026,-4.299999999999999,-19.97782399654388,-26.304603508859884,-22.066163728773645,-8.599429073275372,-21.474521149273922,-11.150695089583419,-6.417806664970277,0.6983613958154066,2.136985871195144,0.0
771.669587,245,2804.498015,245.0,531.6849129232362,83.74160928073076,94.1841957677668,27.449999999999918,-5.079999999999999,-31.12944161891936,-36.43352368026971,-35.40045576427509,-12.789599182513488,-60.42867734665239,-19.686182481388773,-9.443250521458653,0.9939721393220545,4.870463482678067,0.0
1400.236403,478,2824.758808,478.0,904.9142414784274,164.37466239581053,186.6317741329227,53.69999999999967,-13.03000000000001,-60.44217125892637,-67.48599155694247,-68.83416375076894,-25.09634385702154,-94.61602600799884,-39.14655189029678,-18.73302629371868,-0.2972676559409775,-2.841878790795745,2.0
336.05878,122,2829.93837,122.0,235.15523091901238,40.463273621572185,45.920003012429014,12.60000000000002,-2.5599999999999987,-15.50026141643524,-18.2424068365246,-17.803442015250894,-5.562270267830206,-43.45412491332378,-11.900625626726656,-5.056596588216026,1.0625226099893947,2.592555168374123,0.0
459.93848,175,2837.378447,175.0,307.7429728657695,59.50912120047105,65.46180291676019,15.900000000000027,-7.020000000000002,-23.319402379989622,-27.465527217090116,-25.042589305260876,-10.077030390018455,-41.92894798387701,-21.492949076560436,-7.32897027383566,0.5498115155914556,1.9243403045700944,0.0
160.594285,118,2842.395997,118.0,54.254313677716226,38.67128331324095,41.92910230730791,7.950000000000008,-3.979999999999999,-15.765185437202454,-23.17186125516891,-17.06311774066693,-6.6182619215872,-7.632752413391741,-21.971627711871946,-4.00760818684543,0.14431458448817389,0.34058241939209033,0.0
583.218023,198,2850.703869,198.0,400.6581333203954,68.29395337718925,75.0505730515185,20.69999999999998,-5.339999999999999,-24.959133934974663,-28.60269353911281,-27.89874407794535,-10.169972778306287,-50.243717024315714,-24.804080578277777,-7.4662948340978,0.6000003040988442,2.376001204231423,1.0
1292.247987,436,2868.83809,436.0,857.6125761187623,149.67280869881282,170.85088400246357,45.89999999999974,-13.060000000000006,-56.73310201644899,-62.686004745215264,-61.05143792704526,-21.449122429929602,-95.1699432071669,-40.02791815635252,-17.61075290493433,-0.3843764887023503,-3.351762981484495,1.0
541.779118,197,2877.639295,197.0,354.80419802488564,66.64915977474087,74.40125642243191,19.199999999999996,-5.940000000000002,-24.82532026767729,-30.727799367904648,-28.16084937570788,-9.648950553452526,-43.94126042557663,-18.97241156884571,-8.058905005795536,0.7547308704682645,2.973639629644962,0.0
620.493711,203,2885.454717,203.0,443.3738213966317,67.49851815180578,77.17314398812663,21.74999999999997,-5.219999999999998,-25.78955476284028,-27.830546341836463,-28.991085518889527,-11.834231060984033,-69.39559425554557,-15.160624555467958,-8.080136109714818,1.0179672292511015,4.1329469507594725,0.0
567.738749,205,2894.110304,205.0,372.03803054125575,72.23762628592547,77.67497276931059,20.399999999999984,-6.190000000000003,-26.484341034889237,-31.960582067072387,-29.533500780572737,-9.451644833600223,-40.04493746940499,-27.224950870974858,-8.721923068828703,0.6713916776279034,2.7527058782744036,1.0
394.042689,157,2900.77943,157.0,247.61622154572984,52.440715504284945,59.343857975334345,14.550000000000024,-4.6499999999999995,-19.08736744403839,-26.897295501828197,-22.62343074316031,-7.499119587486477,-28.613832102858172,-21.144159812373672,-6.392901234005034,0.6762015149750583,2.123272757021683,1.0
1413.892524,519,2922.384217,519.0,856.8338578588614,175.68577710796322,202.7537600596987,52.64999999999968,-13.070000000000011,-65.76385694503777,-71.04757452458148,-70.30081403604603,-28.68760026050201,-84.38003349763336,-40.665225732302694,-19.115766331433978,0.7007381601901886,7.273662102774159,2.0
765.042958,263,2933.121987,263.0,537.1349312877574,90.11364522744282,101.7725089782604,27.749999999999915,-8.060000000000002,-34.66085527420046,-40.722885794192564,-38.16442451734388,-14.455478225925722,-76.02848043546977,-30.951985732500265,-11.684017879063942,0.46939961678467923,2.4690419842874127,1.0
627.318218,212,2942.180384,212.0,427.24004026269665,67.55038507622804,80.82463671726265,23.249999999999957,-5.290000000000001,-27.87915687084197,-29.609729339182365,-31.060613042061846,-9.882407799618711,-57.586672897369475,-12.739736674651862,-9.498527157962663,0.7164782939494468,3.037867966345655,0.0
328.774144,190,2950.049105,190.0,148.1833150831993,68.24570702176781,69.62965739254513,11.850000000000017,-7.690000000000004,-23.737521347999575,-30.59705663695932,-27.049770160523405,-8.067781907235233,-15.067862441574285,-40.930558840090384,-5.993984414330836,0.29884319116667335,1.1356041264333587,0.0
416.519235,146,2956.228665,146.0,256.5081001975033,50.17761535368093,55.717492822205,13.950000000000022,-4.4399999999999995,-17.13293553829194,-22.74793783016501,-21.19100092176175,-6.983295810683342,-19.3779064614336,-8.86564753327542,-5.095248980116569,0.7377210308664975,2.1541454101301727,0.0
625.961536,201,2964.556113,201.0,428.84676551627535,66.94785001430627,77.8268289669067,22.199999999999967,-3.8499999999999988,-25.529008064270016,-26.26252857595683,-29.288788168203215,-10.240575460077867,-52.60704673193437,-14.871956628139166,-8.210005348631261,0.8939182176675734,3.5935512350236456,0.0
651.025627,219,2972.99334,219.0,425.54927702438613,75.53887425173721,83.46749618597626,22.649999999999963,-7.0000000000000036,-27.317673983573908,-31.60091040879489,-31.265028819972887,-11.051804594550614,-45.799096608047655,-12.9522218216408,-8.193284130211126,0.6361590895434884,2.786376812200479,1.0
505.777025,180,2980.444117,180.0,319.8559201977805,63.83377796678338,66.74707521792679,19.199999999999996,-4.8100000000000005,-23.0875848722458,-27.726797492802138,-25.932841593046,-9.106980312583001,-34.24240330502858,-11.768947397929495,-7.1841934086811685,0.16981076259919736,0.6113187453571105,0.0
1473.703896,479,3000.158511,479.0,963.135159861068,170.5412152245674,187.44547588400684,50.849999999999696,-11.73000000000001,-63.0913797044754,-65.94793246388437,-67.83117607920646,-24.436547298604733,-83.60355326770956,-40.31156064913825,-20.315805171694638,-0.3773588633580702,-3.6150979109703125,2.0
805.662936,264,3011.164187,264.0,575.7455827058961,87.26413332777969,102.41629034116767,29.699999999999896,-7.230000000000001,-33.62369344234465,-36.69699055328964,-38.07589623238557,-14.794853886155162,-83.45456737705078,-28.125516078941956,-11.461552360647092,0.7091233501061153,3.7441712885602887,1.0
598.785039,224,3020.588671,224.0,372.4130061097862,80.86476451482058,86.26671491348435,20.399999999999984,-9.060000000000002,-29.36979621887207,-37.2045552778989,-31.680145981324102,-11.556457398425623,-30.954473376195544,-26.094961464615807,-9.239056941668586,0.31328658403103427,1.4035238964590335,1.0
578.159549,197,3028.566349,197.0,397.895358974052,62.63676678252169,75.94590639623333,20.84999999999998,-4.909999999999999,-25.249400510787954,-27.9585192978382,-29.207922096852165,-9.997342773157339,-52.755447669500505,-17.99619644026829,-8.093654106304959,0.5758615910223353,2.268894668628001,0.0
1347.634258,501,3049.570373,501.0,801.9656684146448,178.28562170879744,196.4427145470583,49.949999999999704,-13.94000000000001,-63.94758279800415,-75.61240874156351,-67.57585071267964,-23.462788765873917,-68.65250618524303,-47.89853918461755,-18.920069879245585,-0.37502914344256244,-3.7577920172944754,2.0
1011.524064,334,3062.828183,334.0,681.6867160986317,115.68937630961332,130.22891093476377,37.64999999999982,-8.280000000000003,-43.52856231212612,-48.230161178112006,-47.96240791967165,-16.83889870980473,-83.06199481808636,-26.336992483767066,-13.491922394584996,0.3471190857770777,2.3187554929908787,1.0
352.154272,123,3067.941443,123.0,240.01262300563508,39.069970887124455,46.35190578124854,12.150000000000018,-3.199999999999999,-15.122674293518072,-21.02163034677506,-18.514515070415307,-6.5930348740656735,-27.13914023949494,-11.900329158367288,-4.938903830273861,0.9577274275870427,2.356009471864125,0.0
540.350358,182,3075.524378,182.0,381.67527099303993,59.84276439614099,69.21421479001418,19.049999999999997,-5.75,-22.87448491573334,-29.309339743852625,-26.731125242245003,-9.45881950000635,-46.38962722855306,-23.31870205012491,-7.599793626694609,0.48990656195045096,1.7832598854996415,0.0
499.346132,171,3082.707259,171.0,338.2999418575031,55.49794846751138,65.45997241490333,19.64999999999999,-5.510000000000002,-20.780708270072942,-23.89306984841824,-24.837359357140578,-8.911377957644863,-46.966147177655664,-12.77774260996461,-6.885325381090075,0.9453783402685184,3.233193923718333,0.0
514.459889,179,3090.485548,179.0,343.08758311919104,61.35561178784818,66.74559377407479,18.6,-4.219999999999999,-21.572995910644536,-26.771649026125665,-25.773133699918645,-9.06996648269506,-43.656480123643256,-16.312423363635087,-6.952251446614294,0.9532657136723729,3.412691254947095,0.0
437.255611,164,3097.273417,164.0,287.2846028611347,51.92958973548775,62.444437886941095,14.550000000000024,-4.739999999999999,-19.754325838088985,-30.13695316612719,-24.305592253145385,-8.38918534134418,-25.338239442095677,-24.311312604083682,-5.977411268971027,0.8540536436803684,2.8012959512716087,0.0
460.72017,155,3103.820538,155.0,318.73926674670906,50.35226379641526,58.22009416316849,15.750000000000027,-4.18,-19.178330802917504,-23.702192972600443,-22.71605569596458,-7.537359874627683,-44.36150146292341,-9.405646104275112,-6.260368201769416,0.9446560236259358,2.9284336732404013,0.0
553.031382,194,3111.775418,194.0,376.43405003684404,63.03919565153223,74.15412522075992,18.75,-6.2,-23.256742248535158,-30.41419729739428,-28.19474145986834,-10.792627666443543,-44.84005790177811,-22.086435697954663,-7.561186369860247,0.8315739193017014,3.2265068068906015,0.0
1058.897322,346,3126.376425,346.0,732.1266010441723,117.76643407880539,134.44332061958204,38.99999999999981,-8.490000000000004,-44.86351963996886,-49.010474286228444,-49.25762418835919,-19.658307343675446,-93.57225158517505,-30.056659014004172,-15.530198057259398,-0.28937483820794696,-2.002473880398993,1.0
480.936793,165,3133.170933,165.0,302.0584756662,59.40083036372762,61.65075239744,16.80000000000002,-3.9399999999999986,-20.749692087173468,-24.711248150467874,-23.997961927912026,-7.774336062110034,-27.732473686691492,-8.80781288926203,-6.259740946826409,0.4150586123824872,1.3696934208622078,0.0
314.049837,111,3137.532231,111.0,228.40065237198456,34.152657329774215,39.89752238891751,11.250000000000016,-1.69,-13.046261096000668,-18.19357471764087,-16.121084109205846,-4.545800116898096,-34.325862651627396,-18.558777853475434,-4.169634748496283,1.0052291769082846,2.231608772736392,0.0
895.503695,302,3149.284794,302.0,565.7059896490346,103.691093375568,116.30801257777905,30.749999999999886,-6.830000000000002,-38.19299417018888,-42.257222253829255,-41.59274325637697,-15.59764893317485,-44.14972121685716,-22.410353007238875,-11.920717382425556,0.11797878332469654,0.7125918512811671,1.0
435.835747,162,3156.203199,162.0,267.42761491866906,58.76578606649837,60.446592988333926,14.550000000000024,-3.9499999999999984,-19.938867321014403,-23.546544219553457,-21.846897800489618,-7.845611787208412,-28.656832182421482,-15.526535258826309,-6.04295791639325,0.788991186524323,2.5563314443388068,0.0
431.95521,153,3162.788446,153.0,302.4204581732242,50.423086099911565,56.547507348684455,13.05000000000002,-3.5599999999999996,-19.00918342590332,-26.12926596701144,-23.510800372278517,-7.777575920551176,-32.70171198063054,-23.935497015461507,-6.861807379393676,0.872455123323289,2.6697126773692643,0.0
305.648061,111,3167.383431,111.0,203.31322783862763,40.23690460122812,39.339277944517654,12.000000000000018,-2.6399999999999997,-13.075705962181084,-17.496907187253242,-16.249910911019377,-4.812242660854353,-23.817406654422555,-18.704120438213128,-3.4450552931096734,0.823189338641075,1.8274803317831867,0.0
330.533879,122,3172.608771,122.0,214.24546768487681,40.56837885078205,45.82320984322359,10.350000000000014,-3.179999999999999,-14.343557529449463,-19.141769931465376,-17.657388606916275,-4.727295258520744,-26.926461047054225,-11.956601454806405,-4.520103130974841,0.7286114207477652,1.777811866624547,0.0
915.923223,304,3185.488916,304.0,623.1078814138825,102.89549860910955,118.13726161924495,32.24999999999987,-7.650000000000004,-37.86164508342744,-41.58122357875104,-42.35439389868743,-15.887869042457384,-81.40453744583465,-25.547126901882816,-12.180623025712004,0.8564467095545778,5.207195994091833,1.0
425.098233,152,3191.699825,152.0,272.2342540070159,51.39358973865778,56.97658212844827,14.100000000000023,-4.8100000000000005,-18.263116443157198,-22.23931388556958,-22.024187163691877,-7.473986479954578,-29.227528407879525,-11.939127572772131,-5.62893263066814,0.7554447526113549,2.296552047938519,0.0
1331.219882,439,3210.105918,439.0,898.9281644706361,144.32105474336,169.74333598108964,49.799999999999706,-7.380000000000003,-52.37338047027586,-60.2525157194585,-66.32146387000527,-24.294433118715514,-111.12542456340987,-31.386717039363102,-17.43873809604458,0.5397348868519402,4.738872306560034,1.0
459.452328,169,3217.44131,169.0,282.69451341045374,57.38967920067216,63.18537371322698,16.050000000000026,-4.659999999999999,-20.290319051742557,-25.849387552216655,-24.12197664536195,-8.175035552238496,-25.946720682299357,-13.683616527995975,-6.140182499379868,0.6535878461613065,2.209126920025216,0.0
602.640792,192,3225.045142,192.0,426.29798432997535,65.07497932855117,73.23452202805889,20.099999999999987,-5.14,-23.09171818256379,-27.358736153692007,-27.948741683918634,-10.002467759861137,-59.295136783392834,-12.830694396147964,-8.399198685676357,0.8670333604810705,3.3294081042473107,0.0
377.706718,133,3230.281548,133.0,259.18532286240224,41.96128381017741,50.45549609363275,12.60000000000002,-3.199999999999999,-16.23757975578308,-18.91759095788002,-18.90800143989379,-5.75659512011061,-37.03682537246072,-14.352269007553973,-5.086522898603683,0.9780683781128864,2.601661885780278,0.0
577.512476,192,3238.304043,192.0,394.63486442573384,65.14139666521335,72.16929952171637,20.99999999999998,-5.03,-23.71612599372864,-26.239114716649055,-28.15441131740834,-8.759538528142295,-53.56852795254157,-14.704559306923041,-7.260806313501869,0.7495935895310596,2.8784393837992686,0.0
747.523127,249,3248.718799,249.0,481.4508817008791,87.62167604056928,96.49129020374468,25.949999999999932,-6.3500000000000005,-31.261101803779603,-33.35058228969576,-36.08682649977447,-12.445088097271492,-41.89277449258956,-21.57114446357929,-10.033202884999925,0.8058610297322896,4.013187928066802,1.0
1054.434728,343,3263.002127,343.0,711.3515523171574,114.38958062221039,133.9859038924125,37.64999999999982,-8.219999999999999,-43.17014032840727,-40.92926683351397,-47.82786745941513,-15.522225289225489,-90.73165957171958,-25.324953270275323,-14.216195694745975,-0.21224415268366267,-1.455994887409926,1.0
1028.086635,344,3277.539923,344.0,677.1704226848772,117.52427271564689,133.47887090967643,37.04999999999983,-10.63000000000001,-41.893114151954656,-46.37623110115529,-49.25332519792489,-17.738303768761032,-73.61403163926775,-28.367829467808633,-13.264095879374217,-0.006641618645981463,-0.04569433628435247,1.0
296.642144,122,3282.51876,122.0,171.3374151216259,44.41311254670835,43.81644386234763,9.900000000000013,-3.9099999999999997,-15.140321559906003,-20.09574961662293,-16.63721389295149,-6.328108358451283,-10.873022590439447,-17.55660964186674,-4.283801868261968,0.4726012030769568,1.1531469355077746,0.0
641.859977,214,3291.656663,214.0,419.6705850721267,70.54340107024363,81.72660092937815,23.99999999999995,-5.76,-26.10561583995819,-27.745370429754267,-31.247094655494948,-10.986589311390638,-44.2937471518921,-12.938604304423214,-9.003588244458992,0.5351426566475835,2.2904105704516575,1.0
412.666459,158,3298.071445,158.0,271.3204291405507,49.06571164200527,59.03727533716046,14.850000000000025,-4.4399999999999995,-20.370754051208493,-22.943204331398018,-22.539873413408618,-6.41249797044434,-37.42254983445501,-19.571549425085156,-5.906528150080226,0.6063508355356881,1.9160686402927747,0.0
909.796734,293,3309.8432,293.0,636.0098749735342,98.0008911366451,114.11077337131384,32.54999999999987,-6.940000000000003,-38.99598263263703,-39.31696820929646,-41.52628213801371,-14.584843710044382,-82.74116297667194,-26.4673425308221,-13.302223306848719,0.7731482543113121,4.530648770264289,1.0
1562.44807,562,3332.911462,562.0,939.4904212463603,201.01548889065475,219.71824194252574,57.44999999999963,-15.970000000000013,-69.48693460226069,-80.047903586179,-77.36690306564725,-27.900612068061037,-73.68385693116271,-50.59062808396036,-22.179243270155908,-0.3921498309176912,-4.407764099514849,2.0
875.353737,295,3344.914811,295.0,553.5557806720198,105.77194047638025,112.54469193102662,32.09999999999987,-7.340000000000001,-35.97540256977082,-36.63897197172045,-41.772192751134746,-13.801487311204662,-56.06706254633829,-20.45190223152251,-11.571657040332926,0.8193662251399754,4.834260728325855,1.0
1455.713358,480,3364.714844,480.0,937.8710407926488,166.5641246052962,187.26448830457664,52.949999999999676,-10.980000000000004,-59.054989199638385,-61.62139143794778,-68.50244427094965,-24.29140300885336,-90.1057350127673,-36.21924955078083,-18.161082890702804,-0.07504758010108316,-0.7204567689703983,2.0
1215.67223,399,3381.506793,399.0,821.710267187511,135.47816652616658,155.51504099589002,42.74999999999977,-9.100000000000003,-51.112176799774176,-52.607254224270605,-55.845455473959035,-19.697962569870256,-101.48081246245242,-31.623744272155058,-17.31383843205304,-0.016689053987570868,-0.13317865082081554,2.0
670.31179,217,3390.78305,217.0,467.17069397883927,73.87370205147937,82.22562098920835,25.649999999999935,-4.939999999999999,-26.841758379936213,-29.070458736829465,-31.853794001454894,-11.186865112095576,-67.10094517401939,-16.002467710127014,-8.611938179010886,0.6117024689308143,2.654788715159734,1.0
900.427563,287,3401.918917,287.0,605.5212879115089,93.24560772338555,110.74268602790934,34.49999999999985,-6.940000000000001,-35.54847851753237,-37.088274495303644,-40.75798949327032,-13.84869579528174,-63.41698337077516,-21.45369412042609,-11.527902815085483,-0.197356889054068,-1.1328285431703504,1.0
678.572843,235,3411.922088,235.0,447.4125947192691,83.11656605743202,88.76043828220051,24.599999999999945,-6.530000000000001,-28.495286998748792,-37.67525957375765,-33.86591481939005,-11.094299246387314,-51.422904139821206,-21.90998085386807,-9.323110732955712,0.4019440185355645,1.8891368871171532,1.0
1230.674334,434,3430.378054,434.0,738.9645919550691,152.5791170829035,169.11225813938316,44.24999999999976,-11.620000000000008,-54.73904333591461,-54.474241758882954,-59.274271996269036,-21.727895741520864,-55.49604482398869,-34.29645525828216,-16.6036803601468,0.0981127093165576,0.8516183168677199,2.0
880.694302,281,3442.2956,281.0,591.9371519582573,92.90038020233742,107.5287020243116,32.24999999999987,-5.580000000000001,-36.194253649711634,-34.352367746830005,-41.0019349409909,-14.010101712171036,-61.32607716742693,-20.806152065950542,-11.651044695634585,-0.187370250453733,-1.0530208075499796,1.0
1113.820851,361,3457.66526,361.0,731.4601591845105,124.7366826117488,139.71370294604043,39.8999999999998,-9.590000000000005,-42.62812776088715,-48.58184538707144,-52.192361561457965,-18.1441276441807,-76.22707159942739,-23.213930691416806,-12.412229532735907,0.3948882297087705,2.851093018497323,1.0
408.232352,202,3466.438345,202.0,191.6817564834025,71.27098940075156,74.76175654823535,14.100000000000023,-5.700000000000001,-23.769775266647343,-35.61091519594194,-28.26588703333376,-9.789216214330967,-11.895839947160473,-23.095706933163314,-7.454810024474078,0.4562530924668516,1.8432624935660804,1.0
1050.787007,348,3480.951165,348.0,700.3048609079859,119.92310234206447,134.49565054371223,36.59999999999983,-9.090000000000003,-44.28266053676604,-45.29706205278633,-47.40589188615239,-16.432348919199388,-83.87974941486456,-28.921968066851374,-13.226925506695292,0.5752810166522162,4.0039558758994245,1.0
924.68056,294,3492.359787,294.0,628.0304391938462,103.6984996287094,112.69741101445736,31.199999999999882,-7.980000000000005,-37.78972189426422,-41.80296779572965,-41.369273451317426,-14.488359944773489,-65.5928030538575,-23.20407238612376,-12.718590838205296,-0.34338653130014096,-2.0191128040448287,1.0
231.873384,106,3496.754931,106.0,145.9721860347198,34.465355505754616,36.791597769594844,8.40000000000001,-3.2399999999999993,-12.852043080329898,-18.91231491267681,-15.46413542801464,-4.693099094383078,-23.852886289382795,-17.001462120084962,-3.7398148305855363,0.7504529809392861,1.5909603195912867,0.0
285.504068,110,3501.543604,110.0,188.32346047713372,38.16827458802114,39.92247422482465,8.70000000000001,-2.6099999999999994,-12.425945653915404,-22.016707027703518,-16.01339878162718,-5.033285439539531,-22.651200165446507,-15.237205437463505,-3.6223986634386436,0.6964192630346903,1.5321223786763187,0.0
513.321991,172,3508.710617,172.0,370.02065792457347,55.82149128534455,66.01192939160671,17.400000000000013,-4.1099999999999985,-21.78908560276031,-23.425060652941475,-25.064300785104972,-7.622740446520215,-56.88939387242866,-22.035659547340472,-6.995846394024226,0.8213764395542623,2.825534952066662,0.0
402.879859,144,3514.904783,144.0,253.00362434286197,48.62103620066757,54.20012234080909,14.250000000000023,-4.98,-18.079776029586785,-20.837908415496354,-19.70035862089012,-7.821615725615297,-20.032486038804343,-14.515332434428784,-5.227446366830503,0.7144340255254529,2.057569993513304,0.0
497.985638,168,3521.916623,168.0,333.4498230899968,55.02504786444771,64.93490700815786,18.000000000000007,-3.839999999999999,-21.180162520408626,-23.888958285748963,-23.365292697292336,-8.066318113951814,-42.054202120320575,-12.130977701377942,-6.898228856087558,0.8060535891046109,2.7083400593914924,0.0
1435.821118,465,3541.389639,465.0,968.2760369422269,159.81213744614092,181.93723724288387,53.24999999999967,-9.670000000000003,-58.11711702346799,-59.48256240189073,-64.61826594643455,-25.582765195124505,-109.09495499525659,-47.693608123905975,-18.195019985380707,0.3649153048540829,3.3937123351429714,2.0
444.971621,179,3548.918764,179.0,267.2451292853317,59.82773015276918,63.22405561088339,14.550000000000024,-6.400000000000004,-19.96663488388062,-25.240708094835295,-25.176046942881527,-7.892243844742178,-31.949106981078852,-16.903557262113313,-5.3469957500545915,0.48210196398301614,1.7259250310591978,0.0
848.71702,298,3561.446171,298.0,506.79571625003484,105.36214276816943,116.12332001894994,32.999999999999865,-8.120000000000006,-36.797196688652015,-38.747093021124584,-39.703672734168386,-15.191288599869434,-41.04193551202222,-20.966013682824766,-9.996959176981866,0.022560482352150316,0.13446047481881587,1.0
474.986021,185,3568.469813,185.0,275.84249929304485,63.42705260757432,67.97791106594907,15.900000000000027,-5.3599999999999985,-21.97402626991272,-28.452241264283664,-26.091711713804568,-7.906802597673529,-24.45188592888939,-12.240568749296681,-6.6842054627779115,0.6743089559893515,2.494943137160601,0.0
1984.686901,649,3595.439389,649.0,1302.8443060604898,223.9717327136112,254.65611128296393,71.69999999999986,-12.180000000000005,-82.77187806606298,-85.19878942985096,-90.85318967798553,-30.88529437390866,-141.05694215321353,-48.31199618245076,-26.22715960371369,0.21657033922884983,2.811083003190471,3.0
1202.246319,376,3611.151496,376.0,838.6932667705813,123.54131836736994,145.62716153067055,42.89999999999977,-6.760000000000001,-45.742681045532244,-47.140790370479216,-55.28115785397293,-19.833645272399234,-100.84357083013293,-32.63284946808328,-16.28073236424064,0.9568887892320719,7.195803695025181,1.0
578.723745,214,3620.155932,214.0,355.2254434315858,71.6692595307458,81.77155853311163,18.75,-6.400000000000002,-26.41439241409302,-30.202299880236414,-29.28664410541389,-10.504306006850268,-35.11946957735347,-17.58384440071567,-7.181560072899989,0.48665489412086876,2.0828829468373184,1.0
335.384189,133,3625.637892,133.0,217.03106992096897,43.18970380559138,49.77001447241264,12.000000000000018,-3.46,-15.502534747123722,-21.89060444533826,-19.6783192270202,-6.356162396776534,-26.330272298742162,-20.597504244005194,-5.791201946096693,0.7022702000010964,1.8680387320029166,0.0
541.949644,191,3633.295114,191.0,354.154028641166,67.55001980490353,71.70566212541164,19.049999999999997,-7.270000000000001,-22.73773446559905,-28.667937855422483,-27.99665469933249,-9.0578503840729,-42.0447541951871,-16.450017877039855,-7.285116946427136,0.8559184559731268,3.2696085018173444,1.0
943.628826,320,3646.677569,320.0,610.8042047990178,111.58549097362389,125.05386458832892,34.049999999999855,-8.170000000000003,-38.88086223602295,-45.070448601245864,-44.748855939043786,-15.491120990238414,-64.56277769868079,-27.83232090740378,-13.108347706561483,0.2235087166014991,1.4304557862495944,1.0
475.234815,157,3652.740874,157.0,329.36240668436665,53.60259783426163,58.22914907237441,16.350000000000023,-3.609999999999999,-18.756607718467713,-23.950975641608228,-22.811726673718475,-8.473529024357612,-45.71459525118322,-10.051963615071715,-5.939940229697947,0.7735461861281031,2.428935024442244,0.0
300.692076,108,3657.113951,108.0,194.5413958205498,38.880965785124566,40.02604095978332,9.00000000000001,-4.469999999999999,-13.092079877853397,-19.766632847487926,-14.713186109662994,-5.915147735418269,-19.858764464146752,-8.04697912697471,-3.8935367645119667,0.6985737205435296,1.508919236374024,0.0
633.830758,216,3666.364568,216.0,408.5174444572222,75.22320010019047,81.69511519570868,23.09999999999996,-5.129999999999999,-27.342540054321294,-30.115621130168442,-30.56036366791587,-11.912055127639679,-33.979804569580146,-23.84755393767149,-7.817063602312759,0.4056476361397921,1.752397788123902,0.0
403.539246,141,3672.350084,141.0,253.09527103575212,50.52525067034829,51.64886916636186,13.800000000000022,-4.35,-16.813666357994077,-20.58330714255571,-19.920714578546644,-7.128928822684863,-22.873007784122617,-10.02507982767503,-4.835440035657077,0.699416656764469,1.9723549720758022,0.0
1463.511026,481,3692.493016,481.0,972.2637559135119,164.53320327940935,187.64956051612114,52.19999999999968,-14.800000000000011,-60.54226979255675,-63.901705031096974,-65.91859173382292,-25.27694110501784,-105.15428811561463,-39.23655051682885,-19.305147595718033,-0.4183437012812623,-4.024466406325744,1.0
399.557039,143,3698.331533,143.0,260.04253834621767,46.31266023414062,54.20497820036681,14.100000000000023,-3.5999999999999996,-17.682731122970576,-20.16982888393105,-20.48787833477574,-6.885083086064724,-31.63121976150681,-12.165442822802815,-5.4809542435248275,0.7703306517671948,2.203145664054177,0.0
550.555277,185,3706.253073,185.0,368.1451646456,60.35348432705191,70.79419238629335,19.79999999999999,-4.729999999999999,-23.46535720348357,-24.099952313303948,-26.368770361878884,-9.329517158368425,-43.51759125529925,-15.000679212908297,-7.025696598153855,0.5021602216431057,1.8579928200794913,0.0
579.55585,209,3714.940282,209.0,379.62468112466814,69.53930684208032,79.85705585860784,21.599999999999973,-6.350000000000002,-25.914202332496647,-31.685394227504748,-30.234217010295694,-10.737452742920405,-44.24902569115665,-22.193302472662523,-8.701599093257636,-0.06510202804092871,-0.272126477211082,1.0
497.393257,167,3721.807878,167.0,337.5760134691841,54.85731756427503,62.41427920609076,17.70000000000001,-3.569999999999999,-20.42049641132356,-22.906919766217474,-23.54485591961604,-7.3884598557111785,-42.34534550793747,-15.679929457841157,-6.298346734279777,0.6262718481885856,2.091747972949876,0.0
432.041409,148,3727.887099,148.0,280.0416637422809,50.99143019935216,54.99477085749187,13.800000000000022,-4.4399999999999995,-17.254284930229176,-23.376075032353413,-21.216295168106754,-6.723740987180296,-27.351096016352084,-10.458846813739935,-4.966117126821955,0.8964242676692431,2.6534158323009596,0.0
463.421102,150,3734.410219,150.0,319.7901989492876,50.12780381489751,55.46121251347785,16.050000000000026,-2.57,-18.868929677009586,-19.641906788200153,-22.534609189714622,-7.484525098882122,-43.94642611880112,-7.113642483653465,-5.848073924585709,0.7807138522664308,2.3421415567992923,0.0
771.504541,274,3745.129101,274.0,480.6745232309288,95.77171307340653,105.55151820240368,29.3999999999999,-7.270000000000002,-33.81109267234804,-40.44485821872953,-38.826813628286814,-13.696419388465992,-42.00096555185695,-27.45594455531058,-10.38711992545158,0.5132709724685849,2.8127249291278456,1.0
734.48186,249,3755.418185,249.0,496.0129867567269,86.92186291681116,96.56897682196917,25.499999999999936,-8.350000000000001,-30.603210544586183,-38.514278364926575,-35.15441776010488,-14.27990656127359,-58.0668718276578,-24.678816155772704,-9.874465189512373,0.43255164027239745,2.1541071685565396,0.0
787.778304,278,3767.322682,278.0,499.95328248722814,94.29786900600826,108.1967712163408,27.29999999999992,-8.180000000000003,-35.724491944313044,-40.48477403372524,-37.73219936515507,-13.755327109613233,-51.11832709802056,-21.976616417270932,-10.997882846831583,-0.17832344468514633,-0.9914783524494136,1.0
1071.677303,367,3782.783465,367.0,689.8138820930649,127.5527760382255,142.68123652060123,41.399999999999785,-8.990000000000007,-46.80312884330755,-49.95367894023661,-53.83677333626275,-17.827049546598243,-81.19910663700536,-23.402629646960165,-14.75822513664083,-0.023348400451290784,-0.17137725931247436,1.0
462.543246,158,3789.412329,158.0,314.24432300742967,53.557199348173256,59.41935533056438,16.950000000000017,-5.19,-19.936008391380312,-23.59145186990499,-22.196835617263925,-7.591594765984127,-41.389479920746055,-13.720228598821567,-6.012032717782949,0.7042669078280022,2.225483428736487,0.0
752.053619,282,3801.026029,282.0,473.8806825859609,96.77003207226096,109.40654380102211,27.599999999999916,-8.280000000000005,-35.179115276336695,-42.33274656459689,-40.573411820739615,-13.86045055776537,-59.244013410593006,-26.790774119531964,-11.343127529908601,-0.06664060904116906,-0.37585303499219347,1.0
470.623444,157,3807.573614,157.0,329.6849416939865,48.76955608504859,58.24918455680314,17.85000000000001,-2.1799999999999997,-18.33353562831878,-23.435212360322474,-23.73545439681445,-7.894230860495072,-48.67611773399246,-10.573807588956898,-6.10187997667926,1.003725859060436,3.1516991974497697,0.0
2302.614511,762,3838.504739,762.0,1533.1452529820592,260.6495934676871,298.8416414271138,84.60000000000035,-19.370000000000015,-95.88968864440913,-103.4593432687223,-107.53271547703345,-41.1748322920007,-167.10619690789702,-69.56537159365679,-32.523828389536774,-0.08674873721120294,-1.3220507550987328,2.0
1160.491535,366,3853.499131,366.0,781.4454866467493,121.99500443931387,140.9210822536027,42.29999999999978,-8.340000000000005,-45.63585563659667,-46.37337146699425,-52.64149226538898,-18.89204275438781,-82.38103491686499,-23.556091569332086,-14.350149393095322,0.9399295053449506,6.880283979125038,1.0
917.053664,302,3865.953904,302.0,609.6064057764868,104.4456422387365,117.00026723779565,33.44999999999986,-8.790000000000006,-38.078059215545665,-39.902076945453885,-44.06338055879137,-16.004684849288374,-70.84249340685061,-19.763435815345947,-12.004520482001377,0.015114887717996222,0.09129392181669718,1.0
581.633219,203,3874.473234,203.0,393.2537483811942,65.64301445805445,77.97985332213906,20.99999999999998,-5.540000000000001,-25.644650812149056,-28.4441922172904,-28.486454216743894,-10.452667276295772,-53.784348740600336,-19.125949829738,-7.765134380497396,0.8422415943796756,3.4195008731814833,0.0
714.141864,251,3884.921606,251.0,434.69186805287626,89.58374470212311,96.6878356078208,23.399999999999956,-7.870000000000003,-31.829523353576672,-34.43377550914881,-33.43633362931596,-12.216678464873247,-36.72344653142743,-15.959570166671954,-8.752256249649632,0.4873545008809812,2.4465195944225258,1.0
528.004555,182,3892.470365,182.0,353.41921630388657,61.28648592427373,68.7130060026877,19.64999999999999,-4.0299999999999985,-22.70323450565338,-25.03084335206076,-26.127502270329668,-9.3460435756514,-50.77295445919455,-13.00833770687093,-6.0452377757221365,0.7982888327532788,2.9057713512219348,0.0
540.489529,195,3900.644831,195.0,362.3918766394679,61.864898723219866,73.23699294166364,20.549999999999983,-4.719999999999999,-24.703186774253847,-27.31079622507098,-27.0554048254447,-9.967972783372206,-52.822263302468386,-18.652195959172726,-7.322418970094872,0.32039836913190683,1.2495536396144367,0.0
480.293058,175,3907.49561,175.0,298.59049826804323,60.15369520048716,65.66763349745112,18.450000000000003,-4.45,-21.432277412414543,-25.19897985607386,-24.371929338637795,-8.523192401452818,-32.920625529417464,-14.359356153693984,-6.312408658702044,0.6144151655270875,2.1504530793448065,0.0
1347.887287,474,3927.346299,474.0,826.3609752196767,169.90064584462027,184.24218127815888,47.24999999999973,-15.210000000000015,-61.004906487464915,-64.04622735232114,-62.95029369490098,-23.744065820665476,-67.88451185058045,-41.15440150631217,-17.872108975131333,-0.10550856519015263,-1.000221198002647,2.0
1266.461611,439,3945.894578,439.0,781.4556438198586,154.9861118240349,168.6027266367105,45.89999999999974,-14.380000000000011,-54.73792363643647,-55.58776379153133,-60.41030260187345,-23.56818769070607,-68.48548043395027,-31.194422519444718,-15.11879030220271,0.12736250722708883,1.1182428134538398,2.0
808.818063,315,3959.326411,315.0,444.7793948299693,110.68074026508447,122.80345617466473,30.749999999999886,-9.510000000000003,-39.59146700859072,-48.1170302033424,-41.53514552393043,-14.912117105770498,-27.862611552542273,-22.495562787359173,-11.17159452347802,0.12880044684830652,0.811442815144331,1.0
603.792547,214,3968.248025,214.0,374.76920463349563,74.73193311099953,80.08490330030367,22.79999999999996,-7.120000000000004,-26.805373144149787,-28.77919002100825,-29.430379148742986,-10.810198414744864,-38.18764258560932,-14.110574603822165,-7.350136427192561,0.33612784303594884,1.4386271681938612,0.0
115.400438,130,3973.680328,130.0,6.481806789464529,43.165199413703846,44.769012805750414,4.800000000000001,-3.579999999999999,-17.016905236244206,-27.51653464585542,-18.479723895256196,-6.645563755989052,-8.45055092898301,-27.025327228034538,-5.100975178678911,0.14858091630042367,0.38631038238110155,0.0
1309.409067,453,3992.537331,453.0,811.8289221377678,161.35630738252863,178.97285622030182,48.899999999999714,-11.770000000000007,-58.45338207244871,-60.858893519639956,-61.94485287402513,-23.632062689245547,-64.79287295204203,-45.50611135833771,-17.690843584832077,-0.22093346740145453,-2.001657214657178,1.0
989.791169,309,4005.044775,309.0,665.9994166060116,105.69571201076761,119.33177570270645,36.299999999999834,-5.6899999999999995,-40.1531489610672,-38.59905174449086,-44.22420107098218,-16.353990272264685,-70.5406870943988,-18.872399052760933,-12.102256760641614,-0.22268074651438804,-1.3761670134589181,1.0
953.783891,321,4018.617987,321.0,640.9534092417716,108.43954451984632,125.24854181562593,34.94999999999985,-8.650000000000004,-41.31915722370147,-41.09544012248514,-43.055688308993574,-16.442364207918644,-83.81063156165534,-29.18705869322569,-13.247264721614531,-0.5595016870174105,-3.5920008306517754,1.0
568.836074,186,4026.332376,186.0,385.2558569787711,60.79262257572228,70.28622892798356,20.549999999999983,-4.289999999999999,-22.68005078315733,-24.83284793421626,-27.1162368062777,-10.04559922632168,-44.40002722098707,-13.847590471426294,-6.836281800870832,0.7600826995285417,2.827507642246175,0.0
363.246699,136,4032.095984,136.0,232.87935568153276,41.85898003755446,51.35482159382864,12.150000000000018,-5.380000000000001,-16.651441926956185,-18.69552219882607,-18.404818517528437,-7.199405908761159,-27.481141858220862,-12.73127089582945,-4.452857255704062,0.7233104724445714,1.9674044850492343,0.0
985.81403,311,4045.527802,311.0,714.4414821549426,100.82979308073526,120.46409494042275,33.74999999999986,-7.570000000000004,-38.73232951641083,-37.6108666650951,-44.88952515220213,-16.753494020018067,-108.14554912660637,-27.61952043842084,-13.350055507190026,0.8346074697096122,5.191258461593788,1.0
572.146997,192,4053.735322,192.0,382.6427593488582,65.42474227673124,75.94105380517786,21.74999999999997,-5.600000000000001,-23.601535844802843,-29.11622684746982,-28.19447377368068,-10.172610370482833,-38.1673578184301,-23.69514699293155,-7.064206780316092,0.22997293509735914,0.8830960707738591,0.0
752.445494,251,4064.347793,251.0,504.6119597409101,86.19689474026791,96.20219953384668,24.749999999999943,-7.930000000000002,-31.91347702503203,-32.71805778294803,-34.73093083531012,-11.68167819454144,-63.3240165286606,-18.24626162087557,-9.771138514932268,0.693762744795076,3.482688978871282,0.0
332.69382,119,4069.223235,119.0,228.4947610445162,40.1250765864623,44.05150140768419,13.650000000000022,-3.109999999999999,-14.734491953849792,-17.383208094537252,-17.120735199729776,-5.6824564504185915,-33.12487807915827,-16.788260770718466,-4.683488745436178,0.8054480967512413,1.9169664702679543,0.0
507.826832,171,4076.499182,171.0,352.01310599927604,56.29702990066841,64.99340260852107,16.200000000000024,-6.37,-21.569611411094673,-23.804129523038867,-23.975599557217645,-7.4209168848027165,-44.760055001894166,-17.79654687014829,-6.979846841577777,0.5269655848767978,1.8022223002786484,0.0
652.077019,209,4084.28744,209.0,449.93046537391467,69.22728527259575,79.3341378046113,25.04999999999994,-4.869999999999998,-25.868274440765376,-31.16313839331269,-30.419672494302443,-10.759579279677038,-55.36673836427431,-13.867476742445405,-8.149989729492123,0.8633983424551352,3.609005071462465,0.0
297.253044,117,4089.038962,117.0,186.7780833745398,36.32860229559434,44.421830698149876,11.700000000000017,-3.469999999999999,-14.671999588012694,-19.086567886918786,-16.235808361210633,-5.517453307812017,-22.43800057190263,-13.749402531516816,-3.8062402403945095,0.43329932947196353,1.0139204309643945,0.0
511.667605,176,4096.425326,176.0,344.1782097508227,58.28397502571049,66.49177073461493,19.499999999999993,-4.379999999999999,-20.8699186563492,-26.660386954247947,-24.924895500248212,-8.85471713322119,-43.438442739325765,-17.66811796689398,-5.98987169564715,0.8954646774916931,3.15203566477076,0.0
482.819055,166,4103.390885,166.0,320.60240133398605,55.66662246395558,62.800871640105775,18.000000000000007,-4.6,-20.764341878890995,-24.799811939895154,-23.116058512444084,-9.057409931236155,-33.93846351508387,-18.0367542704806,-5.938000025421985,0.3193872841682544,1.0603657834386047,0.0
516.450752,181,4110.846808,181.0,348.0776322866738,62.411686254737624,67.76854876285357,17.85000000000001,-4.719999999999999,-20.170079641342177,-26.530601425468912,-26.230370212196146,-8.812238314098387,-42.70335955394196,-24.934661293525373,-6.555804687144774,0.7436633350475589,2.6920612728721633,1.0
1547.77944,485,4130.932236,485.0,1028.2878927146753,170.13243653836446,189.16579012214422,56.39999999999964,-11.180000000000009,-63.65729283809666,-59.952449538558696,-66.50975440609092,-26.02037705859602,-102.2305623735451,-32.374913168999534,-19.281329868109385,-0.35457752747047355,-3.439402016463594,2.0
845.500744,289,4144.822972,289.0,550.9845864999056,95.74238041886682,111.90670420715976,31.199999999999882,-6.319999999999999,-37.09212534904478,-39.31261859759688,-39.7054291895695,-13.856673725169161,-61.71867318463807,-22.97574761426473,-12.351659543074742,0.3633642866409073,2.1002455767844443,1.0
846.899208,268,4155.785151,268.0,584.0135858108456,93.983479216009,104.61193110451588,29.3999999999999,-6.080000000000002,-34.810557932853676,-36.39310703277591,-36.85931404027329,-12.710175725438443,-72.92811958272277,-21.20463572340948,-12.123878504535742,0.7572131820810424,4.058662655954388,1.0
1063.48104,374,4170.491641,374.0,678.0326638504165,129.99316790377318,145.83455416770568,37.64999999999982,-12.47000000000001,-47.185919666290275,-51.69828273802998,-50.97283976156357,-19.733048281148147,-67.11949244982753,-39.26807528635077,-13.581687316900277,0.20373972405354376,1.5239731359205075,1.0
993.962766,346,4185.36349,346.0,637.0478955546301,119.30644165737209,132.2309776078275,37.04999999999983,-10.630000000000008,-42.06015805959705,-45.697589489445065,-48.504438622421674,-19.1307835455418,-66.1528472490551,-32.8968887204704,-12.599843443127133,0.40251449316849164,2.7854002927259622,1.0
596.191363,210,4194.470655,210.0,398.6690307567086,71.07632765484779,78.95931295306924,19.94999999999999,-5.8500000000000005,-25.443274803161614,-30.644863750040532,-29.94926817386301,-10.05539161522642,-52.76801365186274,-19.684302764468733,-8.068193640273654,0.22735346386801852,0.9548845482456778,0.0
682.757138,226,4204.156525,226.0,474.6506517752355,73.30755286841084,86.90126797570825,24.89999999999994,-5.630000000000001,-29.469040007591254,-34.772696612775285,-32.1211340056936,-10.547571870374599,-60.255411673627336,-21.081936614837797,-9.124543925267552,0.44303948158411194,2.002538456760186,1.0
588.328732,199,4212.592945,199.0,416.66238147082754,67.23745544127681,76.11715965277949,20.249999999999986,-5.359999999999999,-25.17161447048187,-29.59992862418294,-28.201426024084608,-10.421622193130004,-65.62660443185953,-18.528779072660548,-8.028290118044223,0.7073144600227805,2.8151115508906663,1.0
680.56829,227,4222.054595,227.0,452.2809827005876,76.07508991018749,87.22157717699527,24.14999999999995,-6.290000000000001,-30.08237603664398,-30.66403653398156,-32.47839439655309,-10.914881230722383,-47.55088034142301,-18.135202289024196,-10.043588833996543,-0.025237741982934166,-0.11457934860252111,0.0
560.886473,194,4230.035128,194.0,369.3471596625967,66.38654595027789,72.56319155934837,19.499999999999993,-7.030000000000004,-23.755342454910274,-28.339588052034394,-27.231516996612903,-9.530095938768872,-41.822472453092374,-15.338735328114693,-7.862672865842745,0.45682857734584315,1.7724948801018714,0.0
796.070056,281,4242.204396,281.0,488.5673363658392,97.69946567487132,107.8124451539083,27.749999999999915,-7.960000000000002,-34.76775086402892,-42.178206160664544,-39.19856454638599,-12.913581617656277,-40.8961160964203,-19.200780859920485,-9.644191304729656,0.37214749130765185,2.0914689011490033,0.0
678.010881,240,4251.535791,240.0,452.07537040289947,80.25267889679937,91.73816217169606,23.699999999999953,-7.300000000000002,-30.2172447347641,-35.13209108859302,-33.60446799492071,-11.555239462503353,-48.77338655015202,-33.245468614912284,-9.927431995998326,0.28299758922835366,1.3583884282960976,1.0
803.260874,270,4263.166881,270.0,541.7217317690195,93.34807501033283,103.38893298094429,29.2499999999999,-7.710000000000003,-35.123420505523676,-36.42397231236101,-37.53255437336451,-14.166763675294478,-65.80475869333249,-26.78704939118382,-10.89934645417932,0.01280511068021017,0.06914759767313491,0.0
1269.923183,405,4280.134364,405.0,847.7880180160184,140.13706423957518,158.20227893544592,46.649999999999736,-9.390000000000004,-51.53831579208373,-51.80919375941165,-56.96001325097851,-20.075136576250788,-94.49286195652287,-26.54566676678678,-17.042989832413515,0.037868798815243784,0.30673727040347465,1.0
1350.919748,462,4299.680733,462.0,867.3376191675492,161.27853014596894,179.02186514093876,48.749999999999716,-12.290000000000006,-59.622783374786366,-59.61615345925093,-63.78685240163408,-23.767986715998873,-91.92365305916282,-38.308740234708225,-18.152097357029092,-0.1809621263784714,-1.6720900477370757,1.0
576.143518,207,4308.608257,207.0,385.19441518423105,71.14735655202155,79.61921740860271,21.149999999999977,-6.5900000000000025,-26.771433677673347,-32.03996172696352,-30.219679488187282,-10.24792078022569,-53.04874925499053,-20.366764587110655,-8.682961695711304,-0.18091300356414372,-0.748979834755555,1.0
338.278415,125,4313.927235,125.0,228.15885448828672,41.90806214539344,46.24215282393856,11.850000000000017,-4.3999999999999995,-15.874274420738216,-20.418351945281028,-17.741200600425653,-5.510965997581794,-29.88129365313756,-16.23264425134107,-4.821923136595772,0.6291274088102401,1.5728185220256004,0.0
683.353512,245,4324.214268,245.0,428.767051874577,80.90078944783178,94.64655942189106,25.04999999999994,-6.9600000000000035,-31.68448249816892,-34.9654986001551,-33.96610763544464,-11.702523168299903,-44.80101682791379,-18.01388806889917,-8.917372356675825,0.7150252119394491,3.503623538503301,0.0
807.738475,282,4335.324294,282.0,508.7645550028995,98.33093702283705,107.83909567590273,29.3999999999999,-9.230000000000008,-37.14572583675383,-37.18021813109516,-39.816751149441124,-15.011649934119424,-46.51520696049381,-23.368410068687936,-10.3281509983432,-0.3663010180995413,-2.0659377420814127,1.0
1032.765242,378,4350.878762,378.0,655.9462387881349,132.14288877291875,146.5483878037675,40.0499999999998,-10.440000000000007,-48.13148742675783,-54.9413830019534,-53.181359877159714,-18.345991206278683,-82.69948339164452,-36.33160368399048,-15.850964326029105,-0.5980936527449247,-4.5215880147516305,2.0
1261.782281,409,4368.417224,409.0,871.9505813974795,135.68421730939417,159.7675566426529,46.34999999999974,-8.930000000000003,-52.295477948188775,-53.02384178936479,-57.11375562560288,-22.89960307248025,-112.89942070803971,-36.39431305913471,-17.413661801508336,-0.25968386330439047,-2.124214001829914,2.0
756.094324,248,4379.002859,248.0,533.4618410586198,80.84441317680687,96.19111063109115,28.049999999999912,-6.230000000000002,-34.011656332015995,-31.213599043339507,-34.625300555497546,-13.632027994234479,-80.36350365826816,-19.173087786629058,-11.203865263187154,0.5519220109040331,2.7375331740840045,1.0
961.13704,356,4393.87791,356.0,569.9930339136542,121.54544516628914,137.5205698259071,38.399999999999814,-8.710000000000008,-45.880284576416,-44.98606028743088,-48.298098548208905,-17.47930015094071,-57.283111772229326,-28.198551934808243,-11.48660160097809,0.6425513005345687,4.574965259806129,1.0
812.307029,298,4406.535981,298.0,500.8649793881542,101.85349043304024,116.75932759052564,28.499999999999908,-9.130000000000004,-40.4077405309677,-40.42829798907042,-40.01924021630043,-15.760018304520825,-47.402381251438484,-27.86433386136811,-12.658756476397112,-0.0988258196311412,-0.5890018850016016,1.0
647.284501,224,4415.926801,224.0,432.78691771175335,72.25108317431497,86.67472399959199,24.89999999999994,-6.680000000000001,-28.86885195732118,-28.814921984076495,-31.354142954806594,-11.961539068469593,-58.84333944489397,-18.28413371020498,-8.52129428960988,0.6033954196227661,2.703211479909992,1.0
898.863284,297,4427.49679,297.0,593.0068188391442,99.90999601359857,116.79428166330037,33.29999999999986,-6.210000000000001,-39.622892117500314,-38.23721476793286,-40.777012636263265,-14.592163835583548,-66.44595222633833,-22.578715942417258,-12.683860760342435,-0.3915786091122395,-2.325976938126703,1.0
677.752547,231,4437.336063,231.0,438.14290903014586,77.6101695494379,88.24941454489925,24.299999999999947,-6.09,-29.113402285575862,-35.448551870882525,-32.70328929876401,-13.52818052052438,-41.788823756884874,-14.027655581653098,-8.850042985265073,0.7437275264837483,3.436021172354917,1.0
661.46476,228,4446.760092,228.0,433.02868535016586,76.1684437834244,85.30517489825378,26.24999999999993,-5.800000000000001,-29.455262675285343,-29.464996843040005,-31.624142283503843,-10.971884610905239,-50.641832001194125,-20.31849964535298,-9.010926222618059,0.2321332262890635,1.0585275118781297,1.0
284.291567,115,4451.610858,115.0,193.0954826128128,38.122593748235566,41.62995111792407,9.900000000000013,-4.870000000000001,-14.520998778343204,-21.095637082308517,-16.652625704631987,-4.7710747829170055,-21.0904217443613,-25.55174205064102,-4.903959946865835,0.18566863339731335,0.4270378568138207,0.0
471.40317,163,4458.535074,163.0,318.61370670694464,54.0173031846995,61.443437655793765,17.250000000000014,-4.85,-18.914833512306203,-25.153986938297763,-22.943243444092513,-8.725306515095145,-44.39806358701982,-12.89204938539342,-5.043794057516321,0.7092998359804729,2.3123174652963416,0.0
243.529302,113,4463.363396,113.0,130.35081874393367,37.78713048055378,41.806057937436215,10.350000000000014,-4.330000000000001,-14.930136237144469,-18.813094675540924,-15.838346259719723,-6.031910243905461,-5.987547799962887,-19.301441925439057,-4.532228102974758,0.31007729319024147,0.7007746826099458,0.0
528.122603,190,4471.330904,190.0,367.48963602221835,61.04927932552292,72.86836043356887,18.9,-4.129999999999999,-24.289036788940432,-27.747444656491286,-27.26810156316942,-9.575324603045816,-59.937347786625715,-20.85800887529719,-8.379408672915938,0.3170313378696966,1.2047190839048472,0.0
158.636399,89,4475.08085,89.0,78.33089066483937,29.868568901682103,31.12429137933786,5.850000000000003,-3.6599999999999997,-10.993633985519407,-19.790769690275194,-13.350756165644166,-4.9622854466188935,-3.631655614729802,-15.253232881568001,-3.895017843555334,0.4593962285583293,0.8177252868338262,0.0
950.416069,325,4488.758632,325.0,612.1304615399554,112.52431791544808,125.31585052880322,35.099999999999845,-9.300000000000002,-41.69957981586453,-41.609127876907614,-45.23344886649418,-16.238945980437176,-68.48490060049052,-24.783761171075607,-12.304796567989733,0.06135181287392858,0.3987867836805358,1.0
100.313866,68,4491.716577,68.0,39.17992470066647,22.08144785797207,25.196735331801317,4.199999999999999,-1.97,-8.376905212402347,-11.346227796375747,-9.221601209408592,-3.3874522182106137,-1.2543073874183484,-19.883401888413363,-2.9043464094036993,-0.04029591457353593,-0.054802443820008866,0.0
504.868629,190,4499.454436,190.0,335.1961229362971,63.279314901317214,71.43447302167625,17.55000000000001,-4.309999999999999,-24.331237540245052,-29.0264400586486,-27.532087753226918,-9.947418240010084,-51.315216446623175,-18.561851034394348,-7.567030310782315,0.9167302718313715,3.483575032959212,0.0
584.159066,194,4506.683442,194.0,404.75577905620673,64.97267350798342,73.6788375768334,19.94999999999999,-6.750000000000002,-23.831097331047065,-24.82739349864425,-27.942246176157468,-11.159960743745108,-51.90634530983109,-19.617248436259462,-7.163932678419936,0.9746960403913956,3.781820636718615,1.0
1631.498726,541,4529.384269,541.0,1069.501128603537,189.7752223942026,209.53738724037106,61.94999999999959,-11.950000000000005,-69.28473002433772,-70.79012549258769,-75.3689108070385,-26.509022907333378,-117.67231956974277,-48.37997946855294,-20.30992360405874,0.07266541582026803,0.7862397991753001,2.0
634.503133,257,4540.192328,257.0,359.60097070625545,86.20513950397978,98.58046952115622,25.799999999999933,-5.810000000000001,-31.64512689590454,-32.214862603694215,-33.760737455852826,-10.896410435619076,-47.19539437902449,-22.405832951168488,-8.755081906422951,0.6897247660141813,3.5451852973128917,1.0
708.21267,242,4550.372867,242.0,472.21794818918886,79.26162293299797,92.41876807926923,26.399999999999928,-5.99,-30.798824744224536,-33.93653193712235,-34.09129110122962,-12.350331884095665,-53.73527121413658,-23.45152938552546,-9.731888922079348,-0.10485629417338846,-0.5075044637992001,0.0
763.253831,256,4561.116493,256.0,519.1433630493218,86.24866729522569,97.98043586422985,27.29999999999992,-5.510000000000001,-31.85067497730257,-35.21541997566817,-37.04588063055034,-13.400810206035318,-66.62529748934067,-23.969975760641614,-9.800576362669249,0.93587974025115,4.791704270085888,0.0
551.466968,186,4569.352133,186.0,378.2325454086273,60.47610602919337,69.39699147911202,20.549999999999983,-4.3,-23.97514084815979,-27.330548244714745,-26.343435413195955,-9.932799991119285,-46.90218556224255,-16.673145014087872,-7.731419429267263,0.7859695076356343,2.9238065684045598,0.0
604.868167,223,4579.793041,223.0,360.82868205961955,81.68372274912552,85.03618819336428,22.199999999999967,-6.239999999999999,-28.749422512054462,-31.906189853698024,-30.735059167922973,-10.581860219943174,-33.62671664463432,-17.600296840060935,-8.440880837697454,-0.25831314572720837,-1.1520766299433494,0.0
252.177633,106,4584.298797,106.0,147.98533358791605,35.485216053736224,38.61500435167046,8.85000000000001,-3.4499999999999993,-13.000003328323366,-16.48167621046304,-14.46040792590508,-4.778464724487803,-15.615192133988744,-13.111460424280335,-3.860716484050746,0.2913340718894632,0.617628232405662,0.0
1322.462838,460,4603.48221,460.0,825.541689205928,163.69976150099518,178.47449251378433,47.699999999999726,-13.380000000000006,-60.23029679059982,-63.73203416448082,-62.91679153875795,-22.402618147993856,-80.81418271050734,-31.833672545079974,-17.643509793206,-0.2791700566973819,-2.5683645216159134,2.0
145.459769,108,4608.21251,108.0,49.277483847732576,34.61897592570993,40.64252320493353,5.400000000000002,-4.22,-13.790356011390683,-23.943208330869673,-14.904197174297169,-5.814932267057976,-4.536475494706639,-21.279125231039473,-3.990919111027961,0.470855356505396,1.0170475700516555,0.0
314.600195,122,4613.480379,122.0,205.91178877054958,39.32601300260213,45.97742748640278,10.950000000000015,-3.58,-15.148332543373106,-18.88443904817104,-17.224722273249487,-5.765066733683031,-27.912912518474982,-15.865759521965886,-5.183802117054582,0.4809220653295275,1.1734498394040471,0.0
1074.271772,358,4628.732456,358.0,736.7434738098773,117.21619473958432,139.9567864893264,40.349999999999795,-7.810000000000002,-47.01252039909361,-47.2423162713647,-50.52137762858845,-19.180179067850926,-104.68057796038227,-25.591559486866828,-15.9561523279307,0.31540108963385294,2.258271801778387,1.0
496.538275,174,4636.245266,174.0,333.68705532541514,56.1913515830531,66.52581949066413,16.200000000000024,-4.2299999999999995,-22.8776227426529,-25.630550234392274,-24.434932992293117,-8.882171861215411,-40.705579669027195,-15.692374568671495,-7.612719796501946,0.768041561215476,2.672784633029856,0.0
741.380636,274,4647.788142,274.0,458.84787407477444,95.11484274302514,105.52433834136363,27.29999999999992,-6.050000000000002,-36.65328823089599,-37.53159852921965,-37.06274806569673,-14.392773357091938,-46.39156468183477,-30.858167759090914,-10.46627862291653,0.33999061768471767,1.8631485849122529,0.0
786.95344,272,4659.383584,272.0,493.24642104827655,95.036521092867,107.46158303329534,28.649999999999906,-8.400000000000004,-35.437441644668574,-36.84854502119125,-37.60260568477486,-12.362292669352875,-45.895040150848004,-22.602537541821754,-10.292622182376753,-0.20745685976032496,-1.1285653170961678,1.0
989.977639,348,4673.650584,348.0,625.8892645121889,120.25935211630807,135.93879173072185,37.199999999999825,-8.190000000000003,-44.84059711456302,-44.32730155661698,-47.593717667538364,-17.27939804058207,-70.81715035372581,-31.76323698650966,-12.49836739202066,-0.20930964420870798,-1.4567951236926076,1.0
266.060681,103,4677.568892,103.0,167.55397158484266,33.78743389922271,37.537343303161805,9.300000000000011,-2.9199999999999995,-12.484896225929266,-14.828680551052098,-14.215506795057959,-5.092973165861346,-19.001434800545486,-13.060592355787906,-3.513983789918656,0.4399410870884711,0.9062786394022504,0.0
1547.603169,525,4699.033781,525.0,996.3193992554471,182.99014503070273,205.23931165962222,57.59999999999963,-13.940000000000012,-70.2634181880951,-70.03521352931858,-72.45976751640106,-27.17051976134063,-99.01762527990287,-44.2956738419815,-22.36346918150168,-0.3884536300163615,-4.078763115171796,2.0
1031.35811,374,4714.855752,374.0,625.8644157124816,128.79088790137314,145.7861436962237,40.0499999999998,-10.640000000000008,-48.721713409423806,-50.208639392256735,-50.01910886989161,-18.584902151974724,-56.49112734109988,-34.91483839361027,-13.553007707694634,-0.2880560426496426,-2.1546591990193265,1.0
894.111209,300,4727.527503,300.0,590.4087455828321,101.82016747981697,114.9405825070644,32.849999999999866,-6.590000000000001,-39.86981395244599,-40.079212614893954,-42.74043839245093,-14.892345265838678,-66.93498666659814,-22.774074932105375,-12.027414403740515,-0.0955568591150683,-0.5733411546904098,1.0
914.819922,316,4741.225018,316.0,578.3723996952912,114.87737545630073,121.91430072825459,34.79999999999985,-8.150000000000002,-41.33595457077028,-45.805409980565265,-43.49269101533108,-16.022377066842232,-56.33636475454965,-27.38181316618853,-12.619543348060684,-0.24376198152371054,-1.5405757232298507,1.0
289.87753,163,4747.867989,163.0,121.87588424763761,54.856359859779104,60.781637752634616,10.950000000000015,-4.26,-21.556382374763487,-25.525372373312706,-22.679515718146526,-8.00726094813343,-8.679828658804372,-24.82771415284879,-6.050277288026331,0.39784082108943664,1.2969610767515636,1.0
859.936027,315,4761.043346,315.0,523.4397394759072,109.13819231756686,121.15616131716348,34.64999999999985,-7.8300000000000045,-39.79828882217409,-43.61042162925004,-43.57961110584754,-16.6342105368415,-44.6691246328047,-35.09263427826347,-12.23377505847304,0.2694756360171999,1.6976965069083594,1.0
224.907206,89,4764.225856,89.0,142.92967074361437,30.326167160164108,31.704307781418144,10.650000000000015,-0.9,-10.719634609222414,-14.185223378241064,-12.55879250853559,-4.311512492126109,-20.222074338060143,-13.408300089343031,-3.3974018092517886,0.7266872405150773,1.2935032881168376,0.0
1640.642542,553,4787.233826,553.0,1064.3949699674217,191.70608090651191,214.8987200340838,61.0499999999996,-11.680000000000007,-72.70650207042691,-67.27909730710087,-76.08104138603767,-28.505881529874017,-118.12112989025496,-48.28272581233183,-21.750851039847777,0.1956641619803128,2.1640456315022596,2.0
798.616296,275,4798.525095,275.0,529.7674594798316,93.97284510719814,105.79638548596195,27.899999999999913,-7.3800000000000034,-36.167964038848865,-37.772969029471284,-37.22365749808623,-13.744865133083639,-65.24979715790288,-24.39108187626067,-11.89005965769446,-0.5341175482620281,-2.9376465154411546,1.0
624.752977,212,4807.442362,212.0,444.63425315827647,69.3856900757131,80.64959090633698,22.649999999999963,-5.9700000000000015,-27.12044372558595,-29.846145723015074,-29.334755997447726,-13.072548352998234,-67.9835532178769,-22.675705653730407,-8.563404460892118,0.6636495671395289,2.813874164671603,1.0
818.323803,284,4819.755612,284.0,552.9309436720224,94.18326091433784,110.67418904356194,29.999999999999893,-5.650000000000001,-36.784154262542714,-40.20730421207844,-39.817997690309916,-13.94330204307877,-76.02950315112933,-29.05672905353695,-11.975600633599887,-0.4568837343505551,-2.595099611111153,1.0
219.304411,104,4824.255855,104.0,120.8095496941392,30.72990571720954,37.533908751030076,9.600000000000012,-2.4499999999999997,-12.762821989059448,-17.12291739024221,-14.695738408880137,-5.668116313111106,-9.952729862852205,-17.068954759522626,-3.647674026636001,0.49408102304941787,1.0276885279427892,0.0
1982.71081,630,4850.224149,630.0,1348.1932068453777,220.66641573694898,247.62144210593192,71.39999999999985,-14.020000000000016,-83.65609072208414,-77.13034550175068,-85.62229480646529,-32.648555678051025,-157.3436263992079,-56.75032476773175,-27.99901721636027,-0.2956638437226923,-3.725364430905923,2.0
565.605103,231,4859.706493,231.0,325.40531499862277,74.05294660671271,89.13292163524466,22.04999999999997,-4.640000000000001,-30.121676106452917,-34.454198546707616,-31.180922730811268,-10.62220755019555,-29.902099103216283,-26.741645246895345,-8.37333087422248,0.16086353047624036,0.7431895108002304,1.0
627.62847,204,4868.649585,204.0,427.83917937462763,65.25469130035636,79.05398749673013,22.79999999999996,-4.049999999999998,-26.03566011428831,-24.648284012451754,-28.860576725913994,-10.777629471436544,-54.22106450770637,-14.572978952183897,-8.153194782478772,0.24465202619781581,0.9981802668870885,0.0
581.322851,215,4877.355718,215.0,362.87452183501983,76.56445022764609,81.84465226249769,21.599999999999973,-7.230000000000002,-27.297662653923044,-30.637921885773544,-30.13781802694992,-10.601176702566734,-37.29054127952577,-25.112293786275593,-8.253358633373118,-0.003942163963094985,-0.016951305041308436,1.0
723.43656,239,4887.288956,239.0,479.23918134292006,83.5155679783991,91.91692257751073,27.599999999999916,-6.400000000000003,-31.301446971893313,-31.187067573517574,-33.267348153683166,-12.123553589260382,-54.53120471691214,-19.23422316084033,-9.790267402985915,-0.10116895424004578,-0.48358760126741884,1.0
1152.264421,368,4902.864679,368.0,811.291225415431,124.41111144108383,140.8341948396672,43.34999999999977,-6.880000000000003,-45.888779869079556,-46.8664443675429,-53.7205339046084,-21.758078683560736,-114.19192252489977,-32.19738325207235,-14.118968562467227,0.6359272645499231,4.6804246670874345,1.0
1853.420778,596,4928.052363,596.0,1237.3133585834858,210.63902570052696,235.1437305678419,66.89999999999968,-15.250000000000014,-80.49438657760622,-78.29502787701779,-82.34726114483944,-31.11044826363498,-135.21228398431293,-43.64688156567499,-26.219047557295024,0.024811403999070336,0.2957519356689184,2.0
526.609752,178,4935.049356,178.0,365.3201715820117,58.9740552663255,66.58361211426241,18.75,-3.1299999999999994,-22.099524207115174,-22.908343537524342,-25.61907302299778,-7.531813065563541,-54.6170741961349,-18.177111430494428,-6.9351477837059,0.9018497588389013,3.2105851414664888,0.0
967.98421,342,4949.057564,342.0,617.2868343331766,118.0362525443467,132.22103942186607,35.249999999999844,-8.240000000000006,-43.164753217697125,-45.696248906850805,-49.05344883146234,-19.396289587774895,-68.071930284285,-30.651517515843754,-12.535728107778713,0.3690307175402645,2.5241701079754093,1.0
1118.819641,391,4965.416841,391.0,699.106922666203,138.5623319399986,151.3804720797985,43.04999999999977,-9.540000000000003,-51.17448833465576,-51.67822287231686,-53.16275035002419,-19.386210268502506,-74.0021755979878,-30.813588156071628,-14.522649743679414,-0.3863616750676156,-3.021348299028754,1.0
634.900452,212,4974.46223,212.0,439.7780644581358,68.79855664555474,81.3613519024653,23.84999999999995,-6.2200000000000015,-26.859656424522402,-26.95771957710386,-29.837939895677003,-10.45044291534882,-63.47384802392308,-18.300339077671847,-8.78757514037038,0.5822937545761105,2.468925519402709,0.0
593.127394,232,4984.487893,232.0,338.2342641335715,82.27863811631536,87.62767347379221,23.249999999999957,-7.080000000000002,-30.11098342418672,-31.542007615044692,-32.84570673870432,-11.219712198009095,-29.720656585663676,-19.41074470254917,-8.333369967069812,0.4072604142825422,1.8896883222709957,0.0
1426.374361,521,5006.766191,521.0,844.8645892136492,188.55160320142159,202.50897211008794,56.69999999999964,-12.800000000000006,-68.58172377109526,-70.08706589601931,-71.54765930717384,-26.526101067473455,-71.54043968774705,-47.12128514142114,-19.046528796903775,-0.11454946810059075,-1.1936054576081556,2.0
1518.53125,506,5027.267184,506.0,979.9458083392055,180.49722898641846,199.21838550857024,59.09999999999962,-12.38000000000001,-66.99105949401857,-64.8969635151327,-68.6108259177858,-27.384179045704187,-97.45618524924633,-47.120743725747445,-21.390216025732098,-0.23778053833712567,-2.406339047971712,2.0
623.008812,259,5038.250591,259.0,328.5367130936009,91.4664697607286,100.49449768208414,25.799999999999933,-6.17,-34.07336473464966,-39.51177002787589,-34.25046995954661,-12.292101503530624,-19.68974184686288,-26.74325565047344,-9.55816466910575,0.21354990561836582,1.1061885111031349,0.0
1093.342518,388,5054.949347,388.0,660.508914539537,139.43667212883162,149.5699730259298,39.449999999999804,-11.420000000000007,-50.456273279190036,-54.86971268318594,-53.107417764728964,-19.770091617023585,-52.69247103956363,-26.85402813933893,-14.453047448494702,-0.18812400150258157,-1.459842251660033,1.0
1290.158324,475,5074.832895,475.0,771.6002172417651,166.45899623641452,185.2628441116923,46.649999999999736,-13.01000000000001,-62.577944550514296,-62.88352998867638,-63.401890319344645,-22.250464965726405,-78.24716153029367,-33.522264883035696,-18.920477380326666,-0.2716215530805826,-2.580404754265535,2.0
924.784297,324,5088.370163,324.0,589.1428226755149,109.33701432146597,125.79168550180073,34.94999999999985,-8.230000000000004,-40.815303645133916,-43.05181507170199,-45.579442518482004,-16.210357804538056,-64.17590068076605,-27.86910605744669,-12.505299818344051,-0.16559201034795043,-1.073036227054719,1.0
2771.009713,943,5127.071179,943.0,1721.3618020097513,336.62832887395166,368.7956059097042,106.9500000000012,-20.010000000000016,-123.71215741634376,-115.34078733585774,-129.5680714008459,-50.01779598665878,-162.0041812626447,-69.85185975249698,-35.22117108417152,0.1995376915954362,3.763280863489926,4.0
787.214493,270,5138.481981,270.0,510.27207844563526,90.41706592700405,102.93898530005907,29.549999999999898,-5.660000000000002,-34.99613545894621,-34.090327894687654,-37.647210955153874,-12.4697315323921,-62.0194355124377,-18.520209779846454,-10.56058583450857,0.6013291386902215,3.2471773489271967,0.0
2198.660084,772,5171.547115,772.0,1343.4134400379303,275.79407041099563,303.2495270892322,81.00000000000021,-21.170000000000016,-101.96966476440426,-99.6757794424893,-101.49603500447513,-37.42795405770758,-124.45890063335122,-58.70461921262602,-31.894000866831085,-0.14711520627506028,-2.2714587848869305,3.0
836.738292,304,5184.074788,304.0,530.9032737469017,106.19673375442555,117.11953311421689,31.049999999999883,-8.930000000000003,-38.670003809928865,-46.18008577898144,-41.905752544732884,-14.822419007786916,-56.01286840186694,-33.26452943683373,-12.745589283905455,-0.5363360713424361,-3.2609233137620115,1.0
980.91902,318,5196.534856,318.0,678.806482481496,106.98993161611848,123.38414038297822,36.59999999999983,-6.6400000000000015,-40.89972012996678,-38.62025440335274,-44.75449787842058,-18.531713388043123,-91.17653456705273,-28.956569707681687,-13.28224488448474,0.1115763686021497,0.7096257043096721,1.0
770.888791,286,5208.386047,286.0,467.0485237202778,98.55062775874079,110.69280284116626,29.999999999999893,-7.560000000000003,-36.152750105857834,-40.68466866761451,-39.59676561631491,-14.528233114381306,-50.78880857715304,-21.403378302681197,-10.688558928373297,-0.11287148336394717,-0.6456248848417778,1.0
1282.818647,421,5226.106942,421.0,834.1766104928677,146.754753822115,162.71043067450734,46.649999999999736,-10.930000000000005,-55.00264811515806,-55.32523183263836,-58.31670623727334,-21.023224116522364,-86.66792787613807,-23.776072616336453,-17.431337094228144,-0.524907984655557,-4.41972523079979,2.0
38.140354,110,5230.639654,110.0,-52.69130811996629,40.703337919136835,41.61454573341712,1.4999999999999998,-3.6799999999999997,-14.349586944580086,-21.102143001556392,-15.553616317206467,-5.16053305339171,-8.150337443723396,-31.28038868332795,-3.709615946813744,-0.21127184202964716,-0.4647980524652238,0.0
519.147404,178,5238.095551,178.0,351.5654669242873,60.08431986978379,68.28714991932061,18.150000000000006,-4.069999999999999,-23.329836711883548,-24.54100162237882,-24.596026101144876,-8.88956717025781,-49.35709078216104,-14.45472378259629,-7.701286849003329,0.13350276136455724,0.47526983045782384,0.0
430.891901,161,5244.822137,161.0,273.0357358804995,54.996383274009794,60.61865723745017,18.000000000000007,-3.739999999999999,-20.589836711883553,-25.786384699121122,-22.924050602061975,-7.634636923584554,-28.86242027025592,-20.303326884243127,-6.918219753989212,-0.08452881119497006,-0.2721827720478036,1.0
1520.813862,519,5266.515212,519.0,980.0323917045831,182.20038186871975,202.07174928831614,57.149999999999636,-12.280000000000014,-69.13530855655671,-68.45567538142207,-69.35016664546048,-27.425985422780744,-103.38918198925184,-47.36301398168179,-22.241329272714744,-0.20703426359857854,-2.1490156561532454,2.0
1336.86099,436,5283.92287,436.0,885.3020985664554,148.9739836385533,170.23622260050433,51.29999999999969,-9.650000000000007,-57.10576037406922,-55.582469353824855,-60.68303979740156,-24.09676898283936,-104.51261589104637,-26.609958003215755,-16.710701984077826,-0.4934889244257336,-4.303223420992397,1.0
508.060732,180,5291.227107,180.0,335.97976993037435,59.39578061424406,67.6732949723538,19.499999999999993,-2.719999999999999,-22.573910584449767,-24.848777582496407,-26.135238466966275,-8.484000257688827,-47.46770539433616,-15.161678256894895,-7.0968027840856225,0.21064970736264374,0.7583389465055175,0.0
1851.727442,689,5320.211334,689.0,1100.2691680236073,244.9526597392033,269.7011090027154,71.09999999999984,-18.95000000000002,-90.04070844173438,-88.36033995077024,-92.34497694744978,-33.001835601200995,-111.2873881190909,-62.41328301413071,-26.8969631777474,-0.14034558611694245,-1.9339621766914672,2.0
814.45549,283,5332.289753,283.0,524.511808232123,98.91986787430832,109.04394492282604,27.14999999999992,-7.600000000000003,-36.89391028404235,-41.19990232661366,-38.86206011523875,-12.742956531346465,-55.749357497243174,-22.51951363542134,-12.6024307673651,-0.05448839199784629,-0.30840429870781,0.0
885.846121,313,5345.491883,313.0,576.6698271506928,105.11757237940107,121.44605570945701,32.24999999999987,-9.000000000000002,-40.182407078742976,-42.68626012727619,-44.37935002919764,-15.161814679955254,-70.72409031188958,-28.53971779294825,-11.96369461886117,-0.09769636801310068,-0.6115792637620102,1.0
849.967371,289,5357.655857,289.0,552.9728043893448,100.86952819412542,111.245694703197,32.09999999999987,-7.070000000000002,-37.57249175071713,-36.9106425151229,-38.98569197120927,-13.9937199273507,-60.766733973986454,-27.816273894066207,-13.10510207799122,-0.2502976887775912,-1.446720641134477,1.0
1290.741357,429,5374.626199,429.0,854.0966578905457,148.60669557656504,165.86053621783526,48.749999999999716,-10.210000000000006,-54.48083691120149,-58.65508472211654,-59.69095520440547,-21.501247543342554,-98.82020195176898,-35.59170601862705,-16.622500399581895,-0.4532115052094033,-3.88855471469668,1.0
1652.042718,630,5401.111831,630.0,947.5947258412278,228.63537127148987,245.87080687878375,61.79999999999959,-17.680000000000007,-82.06445571899421,-88.74423168152582,-85.21477570961444,-30.054314394179684,-85.46283157709223,-48.82563418342108,-23.811942910496384,0.20307954537034856,2.5588022716663916,2.0
1024.47166,348,5415.666781,348.0,674.4061329312018,115.99903922309815,135.43846214579236,39.5999999999998,-8.460000000000006,-44.65653992652893,-42.73854744955898,-49.342368293830695,-18.523373889687722,-85.35036560745544,-25.05845272510719,-14.842326506014814,-0.5402706941522809,-3.760284031299875,1.0
1180.600738,481,5435.897111,481.0,625.6390463490676,175.41237061088532,185.70812735301806,46.649999999999736,-14.480000000000013,-62.891056089401246,-71.07381594665348,-64.53386189355952,-23.162157518343133,-35.793325675749095,-44.63218051194609,-17.242408443573158,0.08098425942893159,0.7790685757063219,2.0
2621.19295,977,5476.43986,977.0,1530.9909859955576,348.76793946596666,385.0689104872465,96.6000000000008,-24.330000000000016,-131.86041655540473,-132.99868977069846,-127.21671870474061,-45.673387764938404,-130.56680291646154,-85.58618414799218,-39.00268611695494,-0.12210214122768273,-2.3858758395889206,4.0
679.568744,239,5486.753038,239.0,452.6938279093285,78.88674607737897,90.88696092329724,26.849999999999923,-6.490000000000002,-30.352334866523744,-34.44439020901918,-33.40238483967683,-13.415504525206831,-58.489417073973904,-23.396644547716043,-8.758114606314436,-0.2460221262100849,-1.175985763284206,1.0
501.175784,218,5495.990834,218.0,265.3918227026465,76.76938001895974,78.26153447190876,18.9,-7.150000000000002,-28.038705353736887,-35.11286694109439,-30.514048089455454,-10.03099273580784,-16.246823878571323,-20.643734075266803,-8.409781652171002,0.20179337450770687,0.879819112853602,1.0
2797.32869,1000,5537.272928,1000.0,1622.475323067117,370.14044701129274,393.8761805594282,103.65000000000107,-29.130000000000038,-133.72032061576837,-125.96847144737843,-133.2766285065747,-47.51076347233811,-109.50753884099531,-73.9781109156103,-39.721427172402066,-0.045412116574854985,-0.9082423314970997,4.0
1280.661607,434,5555.609932,434.0,857.8550706976143,149.49177313045658,169.08976459595397,46.49999999999974,-9.860000000000003,-55.68559357643131,-58.449802871420964,-58.49009376898864,-22.054264780758835,-105.74699914349502,-48.22191903167864,-17.76632874012032,-0.3061648796240592,-2.6575111551368336,2.0
1945.136995,661,5583.711173,661.0,1212.5450944871811,233.69587170268977,257.1145836564536,74.54999999999997,-16.190000000000012,-87.48887436866754,-85.66305311173213,-92.33173654071851,-33.62471147806378,-97.93215431886381,-52.82120127340722,-27.716824121248766,-0.2952323051866898,-3.9029710745680397,3.0
1103.305104,409,5600.902044,409.0,677.5501385815303,141.38533035147228,159.6521761135042,43.79999999999976,-8.25,-53.004015331268285,-59.0041743084788,-56.24366699406421,-19.484474835564235,-65.88285794208375,-51.09583238536711,-15.117519531486506,-0.1217763714927824,-0.99613071881096,1.0
2396.738387,856,5635.667047,856.0,1445.2981073670599,312.17709246351814,335.1431729186934,86.55000000000042,-23.120000000000026,-113.944927072525,-114.02419342715294,-114.1313393227689,-44.33848268109864,-132.29547392655027,-61.98272487309028,-34.592844689991985,0.08769701734665226,1.5013729369746869,4.0
1170.865132,396,5652.353415,396.0,764.9990568452038,133.40920618974312,154.95380716702766,45.44999999999975,-8.080000000000004,-51.999610080718966,-49.60200934372845,-54.97119399780825,-20.0789857205623,-89.66965002994746,-33.95250315650146,-15.592986068939798,-0.02927587588255305,-0.23186493698982016,1.0
1320.774549,478,5672.418221,478.0,786.6215152354589,172.46303688276902,185.93295195770614,47.39999999999973,-11.080000000000007,-62.61711112499241,-64.61051042377944,-64.47744949166596,-21.328510470623776,-68.64785223559566,-39.280491675214336,-17.60102974120533,-0.36347561626410535,-3.4748268914848475,2.0
2852.934776,1000,5713.707348,1000.0,1671.3777804816611,368.7240489886676,393.73131131460525,107.55000000000122,-25.230000000000025,-131.1345137357712,-125.80306760706011,-134.23806763162796,-49.26687402783622,-116.79612203668808,-67.70615084674282,-38.273568603748956,-0.07528488947648608,-1.5056977895297217,5.0
847.821564,291,5726.409839,291.0,569.4427964262629,98.12430998535865,111.98528458010192,28.649999999999906,-9.810000000000006,-37.27593451499938,-38.50918444171552,-41.96028184769866,-14.236884862507544,-70.71770384556343,-27.196439472663716,-11.67439848080731,-0.049601880618827164,-0.2886829452015741,0.0
1651.263768,606,5752.220375,606.0,984.6755050826933,214.5957055752536,236.19713706931043,64.19999999999958,-14.90000000000001,-78.89074222087862,-78.87275979667902,-81.52069982322188,-29.959929435690153,-104.72781410004784,-42.52519738274555,-23.00743716591579,-0.10326135058269083,-1.251527569062213,2.0
415.884353,149,5758.53992,149.0,292.07430576208446,49.4323201251801,57.457042558854795,16.65000000000002,-3.8299999999999996,-19.091451044082646,-21.438278658315543,-22.020518695722235,-8.297810257549292,-54.40489991793991,-13.481237461408607,-6.165119579301997,0.9041971941010929,2.694507638421257,0.0
313.444177,120,5763.66201,120.0,201.55446215124937,38.45044825348502,43.5374638447783,9.900000000000013,-3.5099999999999993,-14.346540389060976,-18.37790229171514,-16.225553598788323,-4.950709786348583,-24.57335703572004,-13.828618529121208,-4.185515370961248,0.5738654378944859,1.377277050946766,0.0
1125.926635,397,5780.233961,397.0,697.8019536979439,140.31024527527214,152.38103738127032,43.19999999999977,-11.010000000000012,-50.737271652221665,-53.92796582132577,-54.57572731024438,-19.48695909199291,-63.564283612195496,-35.97716087302961,-15.487232883435475,0.6239349705050922,4.954043665810432,1.0
837.978123,287,5791.336033,287.0,572.2657713660305,91.88161590081114,111.27372114649945,30.44999999999989,-6.430000000000001,-37.11114111900327,-37.670010729506615,-39.190405655471515,-14.626562924620426,-84.74474496088823,-23.601067596558497,-11.519052645017743,-0.4869066352825508,-2.7948440865218416,1.0
3066.214857,1000,5833.110673,1000.0,1926.194775259831,364.9217562793715,396.88296643951753,113.40000000000144,-25.480000000000018,-135.32240524768812,-121.82002885341646,-136.4819286318958,-52.18035781790046,-160.87061315257105,-60.059769422919835,-42.969537975685604,-0.0923163210906517,-1.846326421813034,4.0
655.509808,238,5843.147848,238.0,414.9784270336179,81.68521321406308,91.2938079650651,24.14999999999995,-5.550000000000001,-30.725710344314567,-32.414352472871514,-32.346672286465314,-11.751065074388395,-52.20652800686883,-19.810771860045048,-9.79254028076494,0.04864036230196851,0.23152812455737012,1.0
2621.673668,1000,5884.361876,1000.0,1406.3599209951094,374.3538291476636,390.15206158529287,103.50000000000107,-30.600000000000044,-131.1359142017365,-121.56151421368126,-133.8812552650688,-46.04010348335996,-82.72957782449451,-70.7687754385079,-35.97500369134009,0.06968112526843509,1.393622505368702,4.0
1154.170922,415,5902.212253,415.0,711.3066150490434,143.74695366819194,161.28176463428338,43.79999999999976,-10.000000000000007,-54.689434828758245,-54.10223057046532,-54.768995539321516,-17.966634547660988,-74.26497854337994,-38.24045905607262,-16.931678018546698,-0.4569635206951441,-3.7927972217696966,1.0
738.043408,246,5912.64158,246.0,484.3931274341862,83.31082004746702,94.37401200213338,30.29999999999989,-5.949999999999999,-32.30551357269286,-33.77528331503272,-34.88770425058734,-12.301003097332616,-53.411675899122166,-17.829030236537,-9.874340968134826,0.6400868591731549,3.149227347131922,1.0
2800.277555,1000,5955.230586,1000.0,1623.951472026235,366.5331229777435,396.5966222666153,102.75000000000104,-32.00000000000003,-133.85385780334465,-126.29932875186209,-134.2159600381288,-48.05986054836086,-112.08108384186153,-62.4895734625858,-40.553998020108985,-0.02793003837309118,-0.5586007674618236,3.0
517.589544,188,5962.317813,188.0,343.9717066467159,61.202453156367284,70.65725905290171,19.199999999999996,-5.700000000000002,-22.978648161888117,-25.551263976097122,-26.379391930090495,-10.324847033376516,-48.68241194329567,-18.454466664949937,-7.370845234067377,0.6821633475202212,2.564934186676032,1.0
1797.221737,624,5988.218898,624.0,1105.0106387572541,224.74856394180634,242.98062592510925,63.44999999999958,-15.93000000000002,-82.09897028923041,-79.75160588435823,-85.3100378715139,-28.727661796184535,-101.49305001540796,-42.86394904792104,-26.79281712607863,-0.1456705723956539,-1.8179687434977607,3.0
533.614963,189,5996.333737,189.0,338.2582127709522,64.47713850823575,72.1160684799,19.049999999999997,-3.849999999999999,-22.99671679019929,-31.412895169854167,-28.056708026528057,-8.75992965462243,-33.86738908234848,-13.304188987195321,-7.038628895684337,0.33470456626402506,1.2651832604780149,0.0
1046.876596,343,6010.984202,343.0,714.7915305206626,115.49810736494955,134.91037834336788,35.99999999999984,-9.660000000000005,-45.541013140678416,-46.05619132369761,-47.37605230727132,-16.927506854132677,-87.50756644337436,-28.853317808007162,-15.4017720943107,-0.37098140683868835,-2.5449324509134024,1.0
202.458914,80,6014.491364,80.0,139.49466103668294,26.028657266077985,28.324138111674422,7.950000000000008,-2.3,-9.787565755844117,-16.511997509002686,-11.372135950416506,-3.463143465869588,-19.180243802584727,-13.62828507080862,-3.0951707185045203,0.6989579214856969,1.1183326743771151,0.0
1557.781169,542,6037.131739,542.0,991.0959607227146,191.10729124198855,210.4716518960727,55.199999999999655,-13.740000000000013,-72.29291592121119,-68.45564063787458,-74.18549167841243,-25.91989496590852,-111.39542391358557,-43.6856994784616,-22.418668169816513,-0.088116139796746,-0.9551789553967266,2.0
987.558471,365,6051.491996,365.0,567.5341819244338,129.52183672912872,142.84372450540755,38.09999999999982,-10.860000000000007,-49.25741720199587,-45.63156536780299,-48.953673934204645,-19.853969160056245,-38.88090145637995,-28.61617905071627,-13.387565672835823,-0.20109121113377024,-1.4679658412765226,1.0
704.255119,257,6062.333865,257.0,433.4290658750604,88.82912739332936,97.74428828829731,25.499999999999936,-7.810000000000004,-32.09784795284271,-36.84030528441074,-35.694021596255126,-12.461674384233575,-46.652320612665754,-17.023296569035818,-9.667895930459313,-0.28715004220481677,-1.475951216932758,1.0
2158.602987,793,6095.724864,793.0,1266.2160747905757,285.6667289845311,306.8912915170291,80.25000000000018,-25.280000000000022,-100.96005216121677,-105.05537297427648,-111.08315608543903,-39.633723854025654,-108.16353034326866,-54.517066552321886,-28.72820590300937,0.2639563942023986,4.186348412050042,3.0
2631.060001,1000,6137.099757,1000.0,1443.5409027375324,371.70119691178036,391.0590870041366,94.50000000000072,-31.090000000000025,-131.62666243076336,-126.26215572431671,-133.3766231567183,-48.276120819983724,-92.03107100267489,-70.80827722498366,-36.270275301489555,-0.0685297548828301,-1.370595097656602,4.0
1510.898047,563,6160.801008,563.0,873.4147558888909,199.98476273188504,219.944649191847,55.79999999999965,-15.78000000000001,-72.06602962017062,-69.60166624300182,-73.64175372438888,-28.000975824490602,-80.50934068849241,-41.71605345076466,-19.930301009577576,0.2676794833200437,3.014070982183692,2.0
1042.986965,429,6178.598178,429.0,544.4297181255334,157.04940900089753,164.51111712536462,41.549999999999784,-14.890000000000017,-54.538252682685865,-63.83182052299378,-58.26352365398068,-21.3061420114416,-38.20054577908582,-27.302991750205106,-15.220003177061761,-0.13089320653886727,-1.1230637121034812,1.0
271.984883,148,6184.670121,148.0,121.23711020939592,49.86934849697751,53.805522523794785,13.05000000000002,-3.8499999999999996,-19.589948501586917,-26.343690054118635,-20.469313632898576,-6.745330328401161,-8.111846736347536,-22.901139480877653,-5.9658299526479475,0.17669776997487222,0.5230253991256217,0.0
335.053358,157,6191.239659,157.0,171.2275482039527,50.51980082780011,55.82633607068342,13.20000000000002,-5.020000000000001,-18.441123690605163,-29.740261894464485,-21.982814719353037,-5.905736434456745,-15.303928485819595,-11.986863521692639,-4.339598314674607,0.5135070936805259,1.6124122741568516,0.0
3060.871499,1000,6235.599232,1000.0,1926.8343796522527,355.98015923032415,395.0462422927027,108.90000000000127,-26.800000000000036,-132.69749504089353,-117.1737755071373,-138.85164173900915,-51.7354792683585,-161.48167198023643,-57.20039017506306,-39.94882851649872,0.2359047176803982,4.718094353607964,4.0
1503.510127,535,6257.998344,535.0,907.5968820795191,188.79468919225488,209.87126199789205,56.99999999999964,-15.450000000000012,-70.46485467433925,-70.55389269795268,-71.25705487787955,-27.138212181484057,-76.40133099927831,-41.590987679941584,-21.89637345677136,0.13924031173697973,1.4898713355856832,2.0
389.366833,170,6265.163563,170.0,200.9457027753612,55.54738844613777,65.19357930923417,14.700000000000024,-5.020000000000001,-22.069402599334715,-23.463812984526147,-22.918596979297977,-8.641432227513313,-12.511140052627177,-15.817106252808781,-6.578346773641106,0.4869954064841975,1.6557843820462714,0.0
1353.925537,489,6285.572951,489.0,827.597512737696,176.17845059271644,187.47379320334855,46.49999999999974,-13.530000000000008,-60.958793051242864,-64.42627238705754,-68.12750909174233,-25.182408028752437,-83.05849838277346,-39.51628247527496,-18.024455637897557,-0.43576669796141315,-4.26179830606262,2.0
1036.184716,356,6299.760903,356.0,671.4074072210606,122.16589729989086,136.89541969456252,40.79999999999979,-7.880000000000005,-45.38807842731479,-47.53011292889711,-50.745831068142635,-19.27661938288709,-74.20015234343512,-31.607752517369747,-14.455461234271002,-0.5118751057741681,-3.644550753112077,1.0
867.423265,292,6311.493989,292.0,575.4749751309491,97.85598268116921,110.37578435830432,31.34999999999988,-6.24,-36.072346162796016,-39.755099218338756,-42.200287790406236,-14.55692531316664,-64.0431155215139,-25.78761293581509,-10.978090601259238,0.5015245186280798,2.928903188787986,1.0
941.204838,341,6325.914044,341.0,570.7802590159357,123.53140928800214,129.713185979303,34.94999999999985,-9.650000000000004,-42.55000576019286,-51.58257405906916,-46.86262832210075,-18.017564612924332,-55.146268567992905,-22.06438838209218,-12.896587015829786,-0.2743315427392975,-1.870941121482009,1.0
2519.774093,863,6362.14711,863.0,1547.9140748065363,310.31446999713535,338.5947008208744,94.50000000000072,-24.17000000000003,-115.09746371746064,-110.53276929408311,-117.9331163742527,-42.87913153111225,-127.93681753755818,-60.25607110142074,-35.74378356358134,-0.2865563854585867,-4.945963213015207,3.0
1353.492328,520,6383.667201,520.0,752.1396431686321,187.57398882746588,200.54504741216292,52.34999999999968,-15.080000000000013,-66.59777438163762,-69.0944927081466,-69.70131158380839,-26.295574697492263,-53.30830336936543,-41.174409339080356,-17.864485543513975,0.02068544285213619,0.21512860566221637,2.0
2611.507083,1000,6425.115382,1000.0,1410.1201093514117,370.30694132905313,394.38012280512754,101.55000000000099,-27.64000000000001,-131.42506452560423,-128.60483906418085,-132.24591924452224,-48.482319941794024,-85.51160351455168,-73.28390705690877,-37.65643752038928,-0.0005194526679298953,-0.010389053358597907,4.0
226.08777,121,6430.404351,121.0,97.34024225271219,40.17831261909569,43.549102710087,9.00000000000001,-2.88,-16.56637108802795,-22.792985995858903,-16.79447692432378,-4.773549556570414,-3.6079594200280387,-13.188833475204012,-4.375711475576022,0.25149107190087583,0.6086083940001195,0.0
2011.091086,804,6464.192435,804.0,1058.2959039297843,295.93690246418214,312.8224489830041,79.95000000000017,-22.35000000000002,-105.95167028903967,-110.50168423727152,-105.64696171246109,-41.021869705064645,-59.66624976739608,-65.54922373052331,-29.22651017354684,0.004921096670644237,0.07913123446395934,3.0
2724.397908,1000,6505.214054,1000.0,1534.3186827976908,368.51264874355047,393.08541458471444,102.15000000000101,-25.510000000000023,-132.53891932964302,-116.45004272274703,-130.7993998477243,-48.91482936704848,-103.87396033914162,-77.4696575777233,-38.11202878922598,-0.09414777711826497,-1.8829555423652993,4.0
2120.586751,742,6536.278464,742.0,1301.8644275181114,265.15265832348257,289.6471962984218,74.54999999999997,-19.840000000000032,-97.95379048347465,-97.589824666828,-101.3284607559385,-36.99224050514679,-107.72956031974452,-60.73573697367419,-30.457917094297407,-0.3300859277102708,-4.898475167220418,3.0
2664.888915,1000,6577.704608,1000.0,1469.584696359836,370.5081484023932,393.695010200068,100.05000000000094,-26.90000000000004,-130.5703194046019,-126.95421823337696,-131.5921111219806,-48.56422625883988,-94.36785830558553,-70.27805152964244,-39.72215535640064,-0.02905427533978685,-0.581085506795737,4.0
594.741513,209,6586.608433,209.0,382.3703634899061,73.83764730573246,78.65658116496691,19.94999999999999,-5.430000000000001,-26.412752714157104,-28.633571899682284,-28.31509395384045,-10.052269930471633,-42.5203370928003,-19.065745957255572,-8.643307390532307,0.15208887564574355,0.635731500199208,0.0
2950.725004,1000,6628.574799,1000.0,1804.6033455082534,363.02494769415483,393.8733598755217,107.70000000000122,-27.10000000000002,-130.37598958492248,-123.60758082121605,-136.2003337024518,-52.12708157807681,-140.3503720512048,-69.20135166777874,-39.51394007072346,0.09930094610151548,1.9860189220303095,4.0
2719.493982,934,6666.682176,934.0,1668.8323692249367,341.3204433899259,366.23528672819424,98.85000000000089,-28.02000000000002,-122.80904060363767,-118.83920672014357,-128.92728822374102,-47.329950979327336,-145.58340061399218,-60.38665370408868,-37.8485760088855,-0.12586038293030188,-2.3510719531380393,3.0
1580.812483,549,6689.919763,549.0,959.9788167924452,192.34218287291407,216.3031333779474,61.1999999999996,-14.020000000000016,-72.44415796279901,-64.55342306271199,-76.6099760376455,-26.009984813278113,-85.94685644324264,-36.53872127122725,-21.888530768880806,0.19045184129951875,2.091161217468716,3.0
1809.704377,644,6716.977869,644.0,1091.066895031674,231.63075802830141,250.25101113515638,68.99999999999976,-18.720000000000024,-83.83509100437162,-81.99516665004197,-87.95929487438612,-32.432153887471785,-100.88726812400691,-43.71609935752014,-26.69921309509086,0.024771406002136613,0.3190557093075196,3.0
794.058236,263,6727.660851,263.0,523.1681370087676,87.94192911021506,100.19184948616919,32.09999999999987,-5.87,-34.10625433921812,-31.923893059790117,-37.63579065224188,-14.515841458198967,-63.01929585211514,-14.79447907937318,-10.47812538984482,0.6553415625601257,3.4470966190662606,1.0
434.581929,157,6734.192423,157.0,267.93193652336873,51.77250784430383,57.97482720312914,14.550000000000024,-4.159999999999999,-19.367854657173158,-21.408807866275314,-21.76294298291651,-7.99717840510439,-22.766678292669297,-11.909256313302983,-5.274623883138822,0.4116603993505388,1.2926136539606918,0.0
1419.245778,470,6755.825334,470.0,955.318461221576,164.13837053069588,182.02458774269525,52.049999999999685,-11.710000000000006,-62.118682160377496,-59.5976012926549,-65.9501305662667,-24.468895700834985,-116.67479819861647,-43.15469687993718,-20.61083707971847,-0.42024872725930795,-3.950338036237495,2.0
450.785869,174,6763.909276,174.0,314.1241435326517,53.98618029835922,65.89500724576658,18.6,-3.7499999999999982,-22.108328299522398,-28.041252071410437,-25.773713091060177,-10.208769066470968,-55.1880365839348,-23.148405725644263,-7.600956837594617,-0.04084995519229903,-0.14215784406920062,0.0
1701.722449,591,6788.832652,591.0,1060.679370058785,210.3932469552399,232.00174878149966,61.649999999999594,-16.370000000000015,-77.09286083698278,-76.52915774881846,-77.19713124493549,-27.74969402283963,-109.22536317669626,-44.581750054428184,-25.255959586322568,0.44111813590154353,5.214016366356245,2.0
2811.166999,956,6831.364599,956.0,1751.175081692716,340.88390083573694,377.0164057607446,102.90000000000104,-23.16000000000003,-125.35047041893004,-116.50575337819753,-130.89142214359433,-50.13175110439487,-165.3311460427765,-66.04885508875601,-39.38899094801923,-0.1322620055063163,-2.5288495452807678,3.0
848.519508,292,6846.589909,292.0,564.0061771423086,100.4781315824364,110.99600648869415,30.599999999999888,-7.380000000000003,-37.23098845481873,-38.154601805657165,-42.158929688985246,-15.246119068543395,-75.93058077448183,-21.837034004579213,-11.622553690181789,-0.06403907557247968,-0.37398820134328126,1.0
1819.213679,702,6879.721404,702.0,978.2192816108808,256.9529008903357,271.510656318269,71.09999999999984,-19.840000000000018,-90.48377268791202,-89.40316518619656,-95.85894403911911,-33.71098724012893,-60.51023517802412,-46.32899137703568,-24.43306428563989,0.12834505684950523,1.8019645981670536,2.0
1173.111342,394,6899.385677,394.0,765.1280656712595,135.56762811924187,153.24014069689065,40.0499999999998,-11.090000000000005,-52.07502637386322,-49.77242690473796,-54.09089752998461,-20.001109837359852,-77.85301560189583,-32.60047902848926,-17.391537111397678,0.22451271401008235,1.7691601863994488,1.0
2278.978962,819,6939.252473,819.0,1337.488357540823,295.19705790630604,320.8922460270988,83.10000000000029,-19.05000000000002,-108.71397357940675,-101.82372939623895,-111.17667624396687,-39.37590168851264,-96.89152959401378,-66.15393440677414,-33.512954557262674,0.15313222104222332,2.508305780671618,3.0
1237.662352,391,6957.111803,391.0,851.8313573517751,131.97083821317952,151.5776085367046,45.14999999999975,-7.370000000000003,-51.38172375202181,-45.78198889419435,-56.89341144798892,-20.369128675778544,-105.88757826577083,-29.448433390001394,-16.73518762870322,0.2827435601718688,2.211054640544014,1.0
1545.371646,535,6980.916232,535.0,958.7339001149982,188.66484752377477,207.31043430668342,55.94999999999965,-12.450000000000006,-69.58481805562974,-67.53318933770053,-76.15289385312423,-27.32848819616166,-90.59363692972647,-34.68179536746719,-21.96271405959865,-0.11158688539314549,-1.1939796737066568,2.0
752.661536,273,6993.904856,273.0,483.6187608348544,94.08586194312227,105.72176243534739,27.899999999999913,-7.140000000000004,-35.59054654598237,-35.67994445636871,-38.043697096143376,-14.158518720667148,-64.31842956042192,-24.408037844378978,-12.325674580910068,-0.6328730752373498,-3.45548699079593,1.0
1282.625889,443,7013.631943,443.0,813.7504428661322,148.6255220735574,173.1751437231354,47.39999999999973,-12.580000000000013,-58.659411754608165,-59.00394345074897,-60.14521928407648,-23.335635304514867,-73.93580459895459,-37.35010349914133,-18.315101526725446,-0.3353440551021819,-2.9711483282053313,1.0
1007.598472,330,7029.699542,330.0,688.7996603018473,110.16081633873891,128.45652161923556,38.84999999999981,-7.210000000000002,-42.708170266151406,-38.75561044216159,-45.52236657354716,-16.054137223879856,-90.20496939697968,-33.743735135202435,-14.469537533609264,-0.05651493249727773,-0.37299855448203306,1.0
2238.190904,834,7071.597356,834.0,1278.6183415795622,304.3485536921829,324.23053656248067,85.8000000000004,-22.390000000000022,-107.03748529434193,-108.75299473851915,-112.8331674389098,-39.93557059698318,-104.90777707447836,-61.26792874579791,-31.681603846895516,0.23301734634771848,3.8867293370799443,3.0
2116.532416,760,7108.361239,760.0,1257.6846530938374,278.14182209772054,294.6253578506713,75.3,-22.660000000000018,-99.00328930377955,-97.87315120995049,-102.89661922264595,-37.18338868391566,-108.96870119847208,-51.34973069270515,-29.28453700979279,0.07397170131626195,1.1243698600071816,3.0
606.025839,209,7117.381487,209.0,404.22943358196557,69.19198432391633,80.55524574749265,23.699999999999953,-4.6899999999999995,-26.461296682357784,-29.854181671142573,-30.06395485467142,-10.251444874115725,-54.91589673039634,-16.306633342718076,-8.10741676445621,0.7649327475214924,3.197418884639838,0.0
1431.515418,528,7142.734158,528.0,835.4626700608053,186.26634604155095,205.199118596055,53.39999999999967,-15.090000000000012,-68.10206098079681,-71.62485394291582,-73.13852318845424,-26.981015930086546,-65.33895307557951,-36.215545944495915,-20.321763394562137,0.16364292152931562,1.728069251349573,2.0
549.410088,202,7151.660081,202.0,344.6258407980014,70.10577367587554,76.60738561762217,19.049999999999997,-5.750000000000001,-25.133032336235047,-28.367732925713053,-27.526120851781073,-9.407209538140798,-39.793872455201,-19.572386070674007,-7.428557471668541,0.48662248279479003,1.9659548304909518,0.0
924.368134,305,7164.987072,305.0,606.1722515352521,104.12391740801262,117.61953568526889,34.79999999999985,-7.330000000000001,-40.036611247062694,-37.57555859535932,-42.51448504614183,-14.881697194658454,-71.6950555989714,-16.586641460447098,-12.727521147165419,0.3349344120680722,2.0430999136152406,1.0
1614.449969,549,7190.540093,549.0,1001.4340842638247,194.73952231060645,213.67940987577776,61.1999999999996,-11.080000000000005,-71.6221321964263,-64.6466532543302,-76.14360743111138,-26.81520738904466,-96.34827562937063,-37.03212381640505,-21.91504751137382,-0.1488740106543629,-1.6346366369849046,1.0
865.730834,311,7204.622849,311.0,529.2783158994705,108.75704906106539,120.066404419326,32.39999999999987,-8.980000000000004,-39.76421052932737,-40.22930346578357,-42.0726234325857,-15.04532253772486,-49.24401743699155,-27.404440134388594,-13.03101827933691,0.29336321696474627,1.8247192095207219,1.0
519.827089,180,7212.962534,180.0,372.8133819227489,56.25932216142855,67.84741006435254,19.049999999999997,-4.579999999999999,-22.71339130401612,-25.18000107184051,-26.821304910695286,-9.005132274561252,-60.165123082486446,-19.13346016742311,-8.544612239287554,0.45353767440561593,1.6327356278602174,0.0
910.204071,329,7228.674072,329.0,557.9190813569603,117.61637923175728,127.9752662313156,32.54999999999987,-10.490000000000006,-42.52083987236021,-45.81752152517437,-45.263629442309174,-16.461811476006176,-52.410150071977206,-28.38583738794758,-13.506865694251147,-0.06220684522007685,-0.40932104154810567,1.0
1570.110829,577,7254.291242,577.0,912.2393371261762,206.2664756962984,224.01738820841857,61.649999999999594,-13.980000000000011,-74.51128587722785,-72.50480015575879,-76.97729432741609,-27.226545488224904,-71.32465512819542,-54.02683460053336,-20.510956882613712,-0.0963056316678013,-1.111366989446427,2.0
1050.690223,340,7268.882633,340.0,697.2030929347314,118.67705199064802,131.89482449784762,38.69999999999981,-7.930000000000002,-44.76264316558832,-40.24569616019728,-47.3670173100111,-16.923612590648077,-77.71017687675598,-26.59824981244223,-14.247350632032832,-0.07909538304042361,-0.5378486046748806,1.0
593.487676,201,7277.64711,201.0,416.321457775,64.74674347612032,76.76364471679896,21.74999999999997,-4.8500000000000005,-25.522173814773552,-27.22937506958844,-28.066032478498265,-10.891471409543765,-64.42585784943121,-17.95384099670071,-8.155418644285641,1.0446129462015095,4.199344043730068,0.0
1583.929953,578,7301.88769,578.0,943.7887564567881,208.5314357847744,228.51468199925688,59.84999999999961,-18.210000000000015,-75.42085510730735,-74.6552420064807,-77.4898078118574,-29.54939792871737,-94.36135358874107,-41.11210392658362,-23.956160642920825,-0.2665323210163558,-3.0811136309490736,2.0
1190.982351,415,7320.73317,415.0,744.72970474737,144.5448525731699,161.93512824208543,47.699999999999726,-11.240000000000007,-53.126423993110656,-50.537192232161765,-57.45006616723351,-22.03893033314819,-81.56743769811683,-31.148386044750733,-15.818897747894384,-0.42582548477947424,-3.5343515236696366,1.0
1931.838933,746,7353.087165,746.0,1078.8267494066595,275.63020529637765,290.4809090892767,71.39999999999985,-20.680000000000014,-94.09273351669296,-101.4859721645712,-98.20582423179889,-39.7934904385479,-83.56835881664874,-64.45129646716335,-28.221254760438825,0.011908340652362256,0.17767244253324485,2.0
1767.758087,643,7382.362711,643.0,1049.57406426412,230.16386561931074,250.20884536550147,63.749999999999574,-17.780000000000012,-82.81062192916876,-80.30054703503848,-86.74123029978428,-30.96425160570655,-93.40087268745474,-52.73411223434949,-24.207052697920997,-0.05730480688048264,-0.7369398164830067,3.0
1791.023787,631,7409.368981,631.0,1097.2175782225327,230.9746820698893,240.03122844740906,67.79999999999971,-17.26000000000002,-79.96659390926364,-80.0861682504415,-89.50766646164561,-32.82245777866503,-106.2689970516174,-46.45830549629964,-23.629512750038028,-0.4732571645975388,-5.97250541722094,3.0
946.562009,338,7423.9233,338.0,578.613651169203,120.15722667074402,131.19111775578395,36.74999999999983,-11.790000000000006,-43.80065662384034,-43.7539531826973,-46.3028201834421,-16.76867809958633,-53.70045645347535,-28.02975815726532,-14.003663411304917,0.11833425890881549,0.7999395902235927,1.0
736.860261,261,7435.201963,261.0,476.37948092537135,87.60764743943832,99.14840362998794,26.999999999999922,-7.860000000000004,-33.783780059814454,-33.56886414438485,-36.95396397233436,-13.783058805170361,-59.621479085308444,-17.474831790434525,-11.229293291946208,0.4709050829533842,2.4581245330166652,0.0
660.447471,244,7445.597024,244.0,403.883291559051,86.73156307680811,92.53107972528166,22.349999999999966,-6.610000000000002,-30.309058451652533,-32.545928709208965,-34.27929519549161,-12.35974748812022,-41.33041029630233,-22.174476194371437,-9.439547134897914,-0.29304651657086994,-1.4300670008658452,0.0
1798.500156,640,7472.74753,640.0,1085.3615956510719,228.0713684154572,247.89597820965278,66.14999999999965,-14.24000000000001,-81.96171167612073,-84.31318674832579,-87.00497132910884,-33.10276861304323,-94.52466179036229,-47.48334582723313,-26.348139944182382,-0.3196718030932284,-4.091799079593324,3.0
1086.242737,410,7490.226626,410.0,631.5345059967241,143.9895643879759,155.79638463118536,41.24999999999979,-9.580000000000005,-54.1149134349823,-52.84894221723083,-56.10995380306884,-22.571315655900886,-49.89744688874409,-33.83701025766601,-17.368135654231,-0.38214741363837673,-3.133608791834689,1.0
339.587331,179,7497.873358,179.0,154.04712523047004,62.49977987185886,64.99642540873934,13.20000000000002,-6.100000000000001,-22.637302079200747,-32.00383569002152,-25.67901495993604,-9.283867035204322,-6.9152211365462355,-24.607628894433446,-6.929129883218222,0.05005892189853683,0.17921094039676186,0.0
1215.432025,453,7517.279356,453.0,709.8033557909306,166.31522745430306,174.13343240493415,46.04999999999974,-13.080000000000009,-58.817982082366925,-60.721358896791976,-63.3304000248448,-21.602611563985313,-54.037784427341435,-42.89548111266396,-19.384372223865682,-0.09829589542291858,-0.8905608125316424,1.0
1819.059782,662,7545.642551,662.0,1073.355895041549,238.58337870605993,256.8891956438813,71.39999999999985,-17.620000000000015,-86.00536598682406,-81.81481046900157,-90.80433203325816,-34.50413418978084,-90.13195795700275,-57.71539231323182,-24.57269482193247,0.0607289814448896,0.8040517143303383,2.0
927.921659,350,7559.977455,350.0,538.9496359422295,127.69501694122354,135.14517988365805,33.74999999999986,-8.650000000000007,-44.359538826942476,-47.694045743718696,-47.949226568757894,-17.516583624934103,-47.50336504748748,-30.659226876422878,-13.286187547405271,-0.4143441184158371,-2.90040882891086,2.0
894.309503,320,7573.417678,320.0,546.377530281195,117.06636177598732,121.3727070208148,32.24999999999987,-10.630000000000004,-40.48327769756316,-39.346048836410034,-45.5219099372875,-17.005563085842557,-51.155827718173974,-27.079012432680365,-11.53545628235661,-0.3405943634052106,-2.179803925793348,1.0
1434.322726,482,7594.359568,482.0,910.0816053854035,173.53129505740534,187.90080465217198,49.04999999999971,-12.260000000000007,-63.32718459129334,-59.72500457912682,-65.36238491849534,-22.925513165714555,-93.65057692080926,-29.4915036659156,-21.49881096919061,-0.23849283846276723,-2.299070962781076,2.0
985.401867,377,7610.761329,377.0,573.2802106597325,134.89580533168217,143.08438445778745,33.44999999999986,-12.39000000000001,-47.326382818222086,-48.1606395304203,-51.74529924722886,-18.55940369815854,-56.98200507152745,-27.35046956674654,-13.794333094331718,-0.3199964534475618,-2.412773258994616,1.0
269.061527,109,7615.555251,109.0,149.17825239320496,39.890880146379125,39.74227798383412,10.950000000000015,-2.7399999999999998,-13.721554837226865,-16.821915194392208,-16.04237598777643,-6.21151652056804,-8.814096073472209,-10.962974399668829,-4.385450381180464,0.6534845529579921,1.4245963254484229,0.0
668.656866,251,7626.487979,251.0,412.12111225353374,86.64600294155812,94.01503959977734,24.89999999999994,-7.2600000000000025,-31.741066470146187,-32.55647686198355,-35.180678648275546,-12.383557450473461,-49.597475162134614,-21.98504483677381,-9.320989769646475,0.3977533779162845,1.9967219571397483,0.0
118.042063,91,7630.528697,91.0,24.506748374349947,30.67750709946445,32.10997698929777,3.449999999999999,-1.6099999999999997,-11.850833573341363,-17.288890650868414,-13.034521159880041,-2.956632734083385,-0.8491141873778918,-12.95455483548033,-3.157622814049087,-0.0809888785095852,-0.14739975888744505,0.0
621.842241,226,7640.284353,226.0,377.3440696610624,78.4240957476422,86.45318468515153,21.149999999999977,-7.3400000000000025,-29.526394305229175,-31.1593373902142,-31.73227300527475,-10.323829429821634,-31.167391927330634,-16.976036248765993,-9.303846460098901,0.12446091576980281,0.5625633392795087,0.0
886.377209,302,7652.294294,302.0,612.8870743952323,102.16422589427805,118.15312380092941,33.74999999999986,-6.170000000000001,-39.02483235836029,-39.331375686079284,-43.310635860922545,-15.073021174910178,-87.39354492222856,-38.989618261931746,-13.284186592485582,0.7624511468250281,4.60520492682317,1.0
1494.559542,515,7674.451838,515.0,928.8790723826176,183.509108525698,198.41172621405585,54.29999999999966,-13.850000000000003,-66.58707443714141,-61.81708622723823,-73.2702580300259,-25.576484920180967,-83.36110511973443,-41.73148449664507,-19.346872091266874,-0.3321032423872307,-3.4206633965884765,2.0
2603.636901,1000,7717.135597,1000.0,1382.3584060338674,375.0379099960645,388.0416593081002,99.60000000000092,-25.38000000000003,-129.33562744617456,-117.66720064878447,-133.33039062522167,-47.59472853541484,-83.25765675779938,-68.72545738003467,-36.11001267778681,-0.10780182459158968,-2.156036491831794,4.0
637.337764,230,7726.860881,230.0,407.67406402221326,76.76542961447588,88.41346203358604,24.449999999999946,-4.91,-29.426370377540586,-30.485135400667794,-32.22761349477598,-10.328927537131968,-50.56968129198083,-22.942734300429432,-9.07472932846932,-0.2323173960285878,-1.068660021731504,0.0
2236.000394,838,7762.246917,838.0,1288.8793816980944,301.59017872228543,328.14399592370734,87.00000000000044,-24.060000000000027,-108.44439760684973,-106.03223268091678,-114.37077169632332,-41.16094266669614,-112.2315221609327,-67.74471379423439,-33.56858204615502,0.31049412606351523,5.203881552824516,4.0
683.733151,287,7774.576046,287.0,357.65862765981353,105.32309627462456,108.05130786154088,26.849999999999923,-10.170000000000005,-35.23309898376466,-41.25049010813234,-39.07500682276468,-13.337787197381854,-27.135802710444512,-25.60831320710422,-9.339381560121621,-0.1816407297077052,-1.0426177885222279,1.0
173.987883,75,7777.885704,75.0,97.13193096580925,25.827524886183625,25.519363972126985,7.200000000000006,-1.7999999999999996,-9.06878185272217,-13.838085348904137,-10.934322892882891,-3.7040900176281304,-8.010941734696285,-6.823327412700531,-2.511387549447033,0.06052032160319281,0.09078048240478921,0.0
1062.824047,371,7793.681738,371.0,684.0038571603518,128.1205100210187,143.6408498074367,38.09999999999982,-10.060000000000004,-48.620631513595534,-46.44540797732772,-53.02082832722093,-19.401084524854085,-77.19981751272782,-30.90128223579611,-16.39211809237903,-0.4028273384607674,-2.988978851378894,1.0
762.740649,264,7805.196168,264.0,495.7399150900615,91.84761664394438,100.2293336061427,27.599999999999916,-8.100000000000003,-33.773994340896614,-37.92711209580302,-37.17042184108694,-13.43434237052613,-51.70211976104716,-23.79780541271083,-10.770420741299263,-0.06334210317524444,-0.3344463047652907,1.0
2749.092218,1000,7846.629001,1000.0,1551.220968606971,371.4842004233909,389.47153451046853,107.85000000000123,-28.240000000000023,-129.31629872322077,-115.93410442788155,-135.20574945005154,-49.65089887800083,-102.94987764913596,-71.7196717589743,-37.91788440933009,-0.11841387681294066,-2.3682775362588133,4.0
2317.179648,799,7880.02135,799.0,1429.91376523086,283.7663815091981,312.06430026795584,83.4000000000003,-19.830000000000016,-105.73086964130411,-95.55992255248124,-110.87172247630878,-39.872032071682966,-126.84113010704604,-56.531653473428605,-35.727468656129005,0.2036188101523217,3.2538285862341008,3.0
704.366235,270,7891.723516,270.0,411.2891100302326,92.27537160239733,101.83555867889811,25.19999999999994,-5.990000000000001,-33.53498257637022,-35.476765463501216,-36.42756545383989,-13.290270880951361,-41.09871161946778,-20.399170737662164,-10.016338535065703,0.2419395006453814,1.3064733034850595,1.0
626.969396,214,7900.725872,214.0,416.28471967985274,72.56233489069466,80.52018365208352,22.79999999999996,-4.930000000000001,-27.591047768592833,-26.19913500770927,-30.707166098274573,-10.317161810637446,-53.937924406625214,-16.543709121655013,-8.971698339239625,0.32006139708087006,1.369862779506124,1.0
1764.269004,582,7924.378718,582.0,1132.2806429042525,208.72245110727016,226.43264680109357,67.3499999999997,-15.590000000000012,-77.14220619678504,-68.80170703306796,-82.93885793047086,-31.381850919534845,-110.87645130863858,-40.76843552997861,-25.017227457740095,-0.08524625786256301,-0.9922664415202336,2.0
2641.013826,1000,7966.576204,1000.0,1437.6233581490924,373.4025934205026,391.12487324353793,104.85000000000112,-25.92000000000002,-130.377941365242,-122.88126335516576,-135.0082364309863,-50.04179896663501,-86.9333097699997,-78.04139726656338,-36.7830514015058,0.036528852782926835,0.7305770556585367,4.0
592.339104,218,7976.146031,218.0,354.6805224792234,75.7840415862633,83.38428559414145,22.499999999999964,-5.079999999999999,-28.265305857658383,-27.782481049001245,-29.532249963494877,-9.871646461149796,-34.01818562960748,-18.646785697595384,-8.813091145203671,0.10432006693899235,0.4548354918540067,1.0
788.066667,265,7987.352541,265.0,511.691818674655,89.46172550937636,102.68078799288055,29.849999999999895,-6.0200000000000005,-34.97042973518371,-33.03736545592546,-37.72216420824988,-13.120075778628177,-55.165540741700084,-18.86150596619003,-11.72058349033915,0.1897540603956951,1.005696520097184,1.0
1532.529328,521,8008.811039,521.0,956.7326598739387,185.77895488657174,199.44875460258558,59.54999999999961,-13.610000000000012,-67.7725127077103,-60.77463412955404,-73.92712181209085,-26.793822143407517,-87.5119454679178,-38.01300232192472,-21.578002436169903,-0.1626487376262278,-1.6947998460652938,2.0
400.134288,155,8015.430172,155.0,233.36642300331204,56.72319254638329,55.23509672139404,14.250000000000023,-4.49,-19.741449241638186,-20.95557368844747,-21.79850181632164,-7.542574195265739,-17.238953946677082,-17.571143035268967,-5.102228123531124,0.659865908737286,2.0455843170855865,0.0
1171.804694,411,8032.698589,411.0,718.381458477935,145.1820511060944,154.15403841213205,42.599999999999774,-9.080000000000005,-53.399855933189414,-49.007791069149974,-57.098079218480926,-19.71431848941619,-66.23937806792519,-28.301382447486922,-16.672048948542884,0.13017191335996942,1.0700131278189486,2.0
2597.587911,1000,8074.783062,1000.0,1412.9991034364182,370.5119171412309,392.25667980657147,95.10000000000075,-23.930000000000035,-131.23527270793934,-123.658876811713,-132.94826359379005,-48.03264972034537,-85.69494941149475,-88.65675240902077,-39.123024752802955,0.013331880798890272,0.26663761597780544,4.0
2729.954169,893,8111.691663,893.0,1764.8691268602843,313.22654297352386,348.2826695645475,103.20000000000105,-16.720000000000013,-117.69095580577854,-102.0707697253676,-124.71325010339757,-45.60695496754315,-185.4501317430438,-64.30476322729083,-36.06734451723566,0.07065333705717713,1.2618685998411836,3.0
2719.183294,1000,8153.874913,1000.0,1529.1587519467218,369.14550623014753,392.7511339399574,103.50000000000107,-28.22000000000003,-127.83604072570802,-120.4938985794782,-134.571249802243,-48.060170484224265,-100.02888003525145,-76.62333372210246,-39.53852445681345,-0.07327701078329468,-1.4655402156658937,4.0
262.302653,102,8158.134888,102.0,171.4718133463988,33.96966670490369,37.37442453979868,9.150000000000011,-3.5099999999999993,-12.43361845970154,-14.321074619889263,-14.019447045732472,-4.284745341059106,-25.0420550690274,-14.179029995885719,-3.8732810498444348,0.5743542298453039,1.17168262888442,0.0
1347.084786,475,8177.43733,475.0,826.3163086685636,165.9100947656759,183.92323945282664,50.3999999999997,-12.400000000000011,-61.8224616098404,-63.22008524984118,-66.06765312679845,-23.745596195078328,-72.25984949102136,-35.079053534360185,-19.870157492560867,0.1278963549220403,1.2150153717593828,2.0
1690.186146,610,8203.20368,610.0,1020.2851907083852,216.1300078458468,238.52412540825577,62.699999999999584,-16.510000000000012,-79.46936081886297,-77.66200657375158,-83.42238057907252,-30.240619316936726,-93.84631028237152,-49.860648966975184,-26.441851850477896,0.13540836330102535,1.6519820322725094,2.0
449.913947,170,8210.396277,170.0,280.91512880879566,58.35511645412313,62.941023163040654,18.450000000000003,-4.51,-21.562787718772878,-23.96695837676525,-24.445013091540822,-8.000696080643186,-29.23517505557951,-22.028875865529375,-6.997815608908266,0.31316746866649375,1.0647693934660787,0.0
1299.437625,430,8228.834745,430.0,841.0481768815424,148.93509891386242,167.08058090885677,49.34999999999971,-10.410000000000004,-56.6129866218567,-50.657841856777665,-59.435672630279555,-21.299559921595083,-93.83965042437053,-25.63696097197026,-19.083559434226725,-0.20472511839457117,-1.760636018193312,1.0
415.265682,150,8235.19933,150.0,284.1243081039875,43.89556051819232,55.94501025920218,17.250000000000014,-3.8099999999999983,-19.31125201702119,-17.968965163826947,-20.30838356358715,-7.169438854563899,-44.465913087270025,-16.280443578146407,-6.634800726868997,0.8142827067700739,2.4428481203102215,0.0
1679.399152,595,8259.603724,595.0,1047.4082846042163,212.69323314492067,231.21097135995436,62.699999999999584,-14.420000000000007,-77.36694980144497,-75.97820371948178,-82.85766254553958,-28.55225890996384,-119.47076834751432,-44.99464364944493,-25.972850244316465,-0.2562439465185479,-3.0493029635707205,3.0
503.359587,201,8268.030677,201.0,274.3267680601725,74.11574518784037,73.60465102007683,17.100000000000016,-5.220000000000001,-24.660933332443232,-26.07839054241777,-27.78362644612099,-9.00093277626721,-19.34259546517067,-17.55869836375918,-7.142400517804914,0.30474012488530394,1.2250553020389219,0.0
389.52895,151,8274.17524,151.0,244.46654348504737,49.80554808272488,56.61895456933043,15.300000000000026,-2.7099999999999995,-18.81680228233336,-23.343741328269257,-22.49064682620082,-6.843749028489239,-33.88230672875169,-13.702876927367125,-5.871972760450036,0.44273720825810614,1.3370663689394806,0.0
1233.530776,421,8292.031653,421.0,810.1677012273494,144.42441707017738,161.52402073781468,46.04999999999974,-8.459999999999999,-53.54749295234678,-51.33018056377769,-60.25923254970784,-20.016578822112844,-108.90065195147086,-28.692907748764224,-18.428318305574336,-0.36259318816835734,-3.053034644377569,1.0
2016.567057,702,8321.559361,702.0,1217.637235541947,250.9204763901257,273.1861596019131,76.50000000000004,-17.070000000000014,-89.89469855308535,-84.41481615975499,-96.46969174632457,-36.002073307846274,-101.69290768701248,-50.15319761350771,-27.97942992697162,-0.27664656463763015,-3.8841177675123277,2.0
942.680247,333,8334.583159,333.0,583.7864040211131,119.03704261235701,128.4804644240437,35.54999999999984,-8.440000000000003,-42.46276958465575,-44.633734614402066,-44.218170294434174,-17.560781795592153,-63.21850195223835,-23.66017128045097,-12.979534112678556,-0.2248282577699104,-1.4973561967476032,1.0
521.679384,214,8343.471729,214.0,280.91746336594576,71.64375098806555,81.6593465846655,21.149999999999977,-6.020000000000001,-26.985960230827352,-27.018594282865536,-29.0120217218501,-8.959977578972858,-21.769263101543856,-20.312351258735788,-7.613009125431085,0.013392770176149673,0.0573210563539206,0.0
1131.380663,379,8359.330958,379.0,738.9787215909803,132.28238866368056,148.53392442879755,44.24999999999976,-8.150000000000004,-50.03281822681427,-45.069116792082795,-54.077994514658975,-18.945001082747613,-89.091236284102,-29.849700878526836,-16.448503920486974,-0.5272299086783365,-3.9964027077817907,2.0
1441.79788,488,8380.140677,488.0,938.1041247927686,168.45507595127853,188.88527037250995,52.949999999999676,-11.770000000000003,-62.41153031349177,-59.82193695008755,-68.65067944522488,-24.79360913126599,-105.87737629905392,-39.193756655857705,-22.077702394840006,-0.5012195742557081,-4.89190304473571,2.0
2167.081374,783,8415.989201,783.0,1258.6807420405726,286.01932660669513,305.21580628173155,87.45000000000046,-23.19000000000003,-99.32780028343193,-94.43097586706278,-110.14496779365717,-37.014706644740926,-93.14622831673782,-65.48078312657958,-30.549039200454803,-0.1194728212726926,-1.870944381130366,4.0
1463.267355,593,8440.446468,593.0,793.0928657664263,216.02627391062973,229.60491764063863,57.149999999999636,-16.620000000000015,-73.47950129032145,-83.34801770597686,-81.68317367775144,-27.440234560069495,-72.54509822822048,-48.33362989489316,-22.15704693579783,-0.192851780013841,-2.287222110964154,3.0
400.224118,152,8446.783737,152.0,274.27467690032717,46.427355397595704,57.31661724140628,14.250000000000023,-3.809999999999999,-18.981923980712892,-23.805050440132625,-22.352577905418716,-7.4360175350316196,-46.059149314450984,-14.809280794616512,-6.790531631145574,0.9694357400775195,2.9470846498356593,0.0
343.456895,149,8453.155157,149.0,200.6980713949618,50.73776384095436,53.23854462352321,11.250000000000016,-4.199999999999999,-17.81088534832,-23.89610340595246,-22.6588204575496,-6.980820740305965,-20.95897761810613,-18.937480738815516,-6.024396356937476,0.18188330959797666,0.5420122626019704,0.0
915.660289,329,8467.094463,329.0,562.7985521878506,113.73077221502774,124.54225424517914,33.44999999999986,-7.800000000000006,-41.68898079872132,-38.6158195070922,-46.193838613787,-14.577638313647443,-58.58866632640685,-27.21751618421544,-13.17882995678648,0.02156485618895799,0.14189675372334357,1.0
427.289099,161,8473.851277,161.0,275.5192152636348,51.62607845672696,60.666691921541414,15.450000000000026,-2.6999999999999993,-20.182591695785522,-21.44528372660279,-23.854072750051508,-6.890401484122385,-38.79138227059809,-16.394099870250276,-6.715054614237186,0.1903128111891327,0.6128072520290073,0.0
766.667399,277,8485.669093,277.0,483.07719043557785,93.50845427405937,106.8737111611628,28.499999999999908,-6.710000000000001,-34.942640838623035,-34.81303113773466,-37.61198543513528,-11.834370050751858,-62.05906451889346,-23.074797098793308,-11.246067711173465,0.16601731348474974,0.9197359167055136,1.0
932.380866,304,8498.724638,304.0,615.9019732662795,106.72866417513485,117.72242731684653,33.89999999999986,-8.800000000000006,-40.11697833061218,-35.74509878903628,-43.12351015944439,-15.760448108433534,-68.72352297482976,-19.953704264672982,-13.648936583430457,0.1750187370812861,1.0641139214542195,1.0
294.643311,110,8502.784759,110.0,189.16826428848105,35.564736736524345,40.06680887260345,12.75000000000002,-1.8299999999999998,-13.487868204116818,-16.09014384746551,-15.913722900313632,-5.5343744565321,-25.362275910824998,-10.465186822193433,-4.222926997573434,0.5056664734973444,1.1124662416941578,0.0
2504.610357,1000,8544.981522,1000.0,1263.7239230536516,375.6057022637187,389.6503155930671,103.95000000000108,-32.36000000000005,-124.2943418169022,-121.86682105287917,-134.59991364106853,-46.55158752356839,-67.48700474334873,-65.37997998906557,-35.77993544939605,0.16079699221529026,3.215939844305805,4.0
163.177898,74,8548.238093,74.0,95.38865991528725,23.819181678487897,26.127744998815174,5.400000000000002,-1.6400000000000001,-9.21892482280731,-11.311264033615592,-10.506416011033481,-3.499108954515006,-13.777155655694658,-9.194972831539177,-2.40984588376238,0.31500132441155004,0.46620196012909404,0.0
1370.992399,475,8568.26055,475.0,879.2517997007866,166.95369840182167,183.4658334705474,47.849999999999724,-10.99000000000001,-62.10054409027104,-61.56525103002786,-65.59125499781398,-23.19644805417672,-101.38466655011202,-35.463911208747184,-21.236856165706435,-0.36344952356224364,-3.4527704738413143,2.0
1326.418739,522,8589.641647,522.0,702.9412193683366,191.00276061410426,203.25121544829528,54.74999999999966,-14.740000000000014,-65.98389772892,-67.3778449043631,-70.31495420399412,-25.506296485388898,-40.700367016889864,-43.313999789151175,-19.589095882236546,-0.107830958210194,-1.1257552037144254,2.0
561.153713,201,8598.406042,201.0,382.6517084202839,64.60163453854103,76.86134332597199,18.150000000000006,-4.759999999999999,-25.830383520126333,-27.73316356465218,-28.66524191671353,-9.83639849951122,-49.493846367867896,-26.789942715835057,-9.00199658618435,0.44743283611997137,1.798680001202285,0.0
26.254268,80,8601.977809,80.0,-32.76318080959556,28.535431241528062,29.360063745753838,0.3,-1.04,-11.466971487998961,-10.809440189599991,-9.827038509926004,-2.6802475759327353,-5.441772827681323,-35.30439379996031,-2.6081819317803014,-0.13778200369829788,-0.22045120591727663,0.0
2624.298234,1000,8644.167287,1000.0,1401.9271927970776,374.6771347116532,392.0518117261538,99.0000000000009,-28.63000000000004,-125.19832482814797,-122.13966959863909,-133.96200814114354,-46.91845732341862,-82.62305200953162,-66.15967622051167,-37.72671684985943,0.17158851690374688,3.4317703380749376,4.0
1848.265691,749,8674.857301,749.0,963.7796021258664,276.7216306228694,283.25948283110705,68.69999999999975,-18.110000000000014,-92.1205984401701,-93.09813678860658,-101.58486998799974,-35.46782401888075,-60.197186674755244,-67.02168445234385,-25.594723823320322,-0.08475669302209643,-1.2696552614710046,3.0
1339.857687,565,8693.697166,565.0,667.6657057469965,205.23422069506955,219.40722680057704,50.0999999999997,-13.700000000000012,-70.55872410774235,-72.65206182003027,-74.56865797164093,-25.317979108413976,-40.856737448911524,-48.26502239092407,-21.630283235453692,0.12774752666138306,1.4435470512736288,1.0
644.730136,248,8701.793427,248.0,394.3127422554401,84.84566312958182,93.70361927052774,23.549999999999955,-7.270000000000003,-31.067228107452394,-31.205143503099677,-34.87177147407117,-11.77048286230314,-40.32911402808181,-33.31328541643897,-9.85486353468428,0.273568515792368,1.3568998383301454,0.0
957.636545,381,8714.212423,381.0,511.7769244006543,138.93430073981904,144.85316631357813,38.69999999999981,-10.84000000000001,-46.8302238416672,-50.18596587330103,-52.94778205160672,-19.19396515282476,-35.501737686022935,-29.27926881589167,-12.848903442415082,-0.07004918452287216,-0.5337747860642859,1.0
1034.559586,428,8728.014218,428.0,535.2104993137375,155.422006087363,163.8225243267945,38.54999999999981,-13.880000000000013,-54.470802545547535,-53.16112644895912,-55.84068999312055,-20.113060394756687,-39.59254953420783,-34.19488356956984,-15.192331203922942,-0.13492414302991543,-1.154950664336076,1.0
2942.549362,1000,8760.669609,1000.0,1780.990988012216,366.45115301490824,394.27863590652606,109.95000000000131,-24.79000000000003,-132.4003417301178,-115.35773632824421,-136.2248915393618,-51.10395559928365,-134.3291816221278,-72.2500410630259,-42.665267293781014,0.13182271767606685,2.636454353521337,4.0
1238.417711,463,8775.798596,463.0,699.7318622630188,165.16267469004862,177.5330336400701,49.19999999999971,-9.900000000000007,-59.68297219276426,-53.811260853707815,-63.43731108616116,-20.89279251496064,-60.228717402387524,-29.85981005897134,-18.396995153160503,-0.1443663611343779,-1.3368325041043392,2.0
1549.265715,503,8792.178151,503.0,986.7453340404793,178.58632871420005,194.03888126260196,61.349999999999596,-10.250000000000009,-65.99130948066714,-58.55620633549993,-70.32975515473181,-23.484664347507948,-90.91119479159686,-33.76222666775045,-21.169472499720722,-0.5090059463464605,-5.120599820245393,2.0
870.486323,349,8803.507742,349.0,472.4319151718785,123.49463384249677,135.4883540926,33.149999999999864,-8.200000000000005,-44.984722499847415,-47.55560793504118,-47.436364970036976,-15.43618294463,-34.001347006926,-32.09416097480721,-13.370194098037139,0.04106495224089157,0.2866333666414232,1.0
39.721625,90,8806.425245,90.0,-27.04975107022337,28.381041538296618,32.98624945685756,2.2499999999999996,-2.6299999999999994,-12.719395346641543,-14.657791806757452,-12.154543895128981,-4.275133952732036,-9.168224751322002,-27.862016206052285,-3.378808632767691,-0.07396944240209148,-0.13314499632376467,0.0
173.147264,85,8809.185538,85.0,100.80006014247677,25.30457969321554,30.683030721304107,7.350000000000007,-3.12,-10.52305884838104,-16.08139063417911,-12.812640597328823,-3.4704021406300143,-12.963177389302878,-13.41006637970811,-3.6096709863282834,0.21657061198507124,0.3681700403746211,0.0
2510.707412,941,8839.834103,941.0,1404.6791810342888,342.5258068316164,361.829596742434,96.90000000000082,-24.350000000000026,-117.62909665107716,-117.27222664952288,-129.6922097084126,-43.925892222974234,-102.3469679665965,-65.04513652477644,-35.96564276999221,0.07499631832483648,1.4114307108734225,4.0
470.236584,212,8846.664165,212.0,238.6184750260194,75.20921462455684,78.94212328417755,16.950000000000017,-5.860000000000001,-26.06678919315338,-33.09812093898654,-28.839470564776022,-9.325335439372095,-18.556294588873136,-22.24241744178209,-7.494800400330758,-0.2014779021763137,-0.8542663052275702,1.0
837.420421,295,8856.229079,295.0,538.734149402113,100.43584114471794,114.39212643696231,31.199999999999882,-7.190000000000002,-38.492728199958826,-36.06460370570421,-41.17498936832187,-13.839107737617589,-67.31525263990358,-25.147915568278474,-13.11709844248552,0.8242963207346706,4.863348292334557,1.0
750.17189,277,8865.28627,277.0,449.4434517218749,95.2890799437133,105.18379601268525,26.999999999999922,-6.120000000000001,-35.209957785606406,-30.868901656568045,-38.24549906902709,-13.063510209785752,-44.73470353161766,-24.671360075473864,-10.830505635863991,-0.04690870456978969,-0.2598742233166349,1.0
2516.382434,948,8896.080817,948.0,1398.467910654648,342.09783393678816,363.7362205118287,100.95000000000097,-23.17000000000003,-119.96154969215394,-105.74525871202361,-131.95617775361535,-44.290712931322595,-113.6017655350841,-63.38769669541293,-34.75636935215959,0.18137796362601685,3.43892619034928,3.0
1709.631462,620,8916.334599,620.0,1016.2814154066396,220.5633549762585,239.52366679520847,65.84999999999964,-14.77000000000001,-78.31236485481257,-77.26356410458679,-85.50028959491995,-28.449515726111148,-91.84650748201643,-50.11804498581035,-26.326688187668022,-0.2111411788353438,-2.618150617558263,2.0
783.356464,260,8924.774776,260.0,520.2159657216907,86.39693706872647,100.306448978729,27.449999999999918,-5.340000000000002,-33.553413176536566,-33.52182913310828,-36.78339132648342,-12.107750428820337,-60.59735264104396,-17.71285526206554,-11.396295685953657,0.6508646053368948,3.3844959477518533,0.0
2597.325668,938,8955.295436,938.0,1544.6029438001476,333.9444146709652,367.21810440639734,99.45000000000091,-22.410000000000014,-120.33413672924041,-116.3972160980106,-127.60421771393719,-46.86772529333706,-135.88496905481506,-77.1328392982392,-39.2586911051651,0.26165983417184185,4.9087384890637535,3.0
2646.174598,1000,8987.925593,1000.0,1416.1126372860654,368.1289630854636,389.3028806762677,108.15000000000124,-25.020000000000024,-127.68518732070933,-114.40679001361129,-136.1706062421784,-47.01935160914682,-84.65693351010836,-62.56396415604686,-37.99705004470412,-0.008615247695196355,-0.17230495390392708,4.0
1771.680816,717,9011.193006,717.0,958.0647262323604,255.8437194066773,274.3635374570055,70.0499999999998,-16.790000000000017,-87.26380545139318,-95.0610226243736,-100.71178334904667,-34.35512866591801,-79.96539219530959,-63.094378962089266,-26.399655887238175,-0.37252638577244995,-5.342028371976932,3.0
200.005662,94,9014.235106,94.0,90.58717892885821,31.73885823229125,35.24646604194484,8.40000000000001,-1.7,-11.40775326728821,-13.864016534388066,-12.96324509975198,-4.203570241929277,-6.24919876085969,-6.544538536704051,-3.034518939189316,0.14489264038816277,0.27239816392974603,0.0
761.002579,300,9024.054962,300.0,433.12156542832764,106.71793042169685,114.45507429893978,26.699999999999925,-9.210000000000006,-36.700648498535145,-37.779979000985634,-40.120040688908595,-13.339148668867258,-43.608745918159926,-28.821544644348116,-10.411884036019591,-0.014582186618154297,-0.08749311970892579,1.0
455.238228,161,9029.258719,161.0,305.8331465209455,50.73805363321891,59.0133314407128,16.950000000000017,-4.119999999999998,-19.14456281661987,-20.73111579194665,-23.210711160456068,-7.943533795780602,-38.64475536527822,-18.790140740286496,-5.711483633712787,0.9696507822531759,3.1222755188552265,0.0
1116.485613,411,9042.556966,411.0,652.53643373621,148.2153258615475,159.05758796939634,43.79999999999976,-10.130000000000008,-52.97286466121672,-53.05467435568573,-54.67528046550211,-20.77439713344891,-53.43288532753307,-36.316037259615236,-16.76759555328385,-0.17637025061780312,-1.4497634600783418,1.0
1389.833087,523,9059.615529,523.0,808.5432106953436,187.91385997420667,202.84399977633038,54.44999999999966,-11.89000000000001,-67.18962704181673,-66.48943771459166,-71.79643642590116,-25.993860028151506,-83.38017481468407,-38.299947533419974,-21.878499726334933,-0.479611425651471,-5.016735512314387,1.0
1279.442436,443,9074.129915,443.0,815.373824130514,155.8330030918757,173.16432220889138,46.49999999999974,-11.040000000000013,-57.79353775501246,-53.93587412387132,-61.15254022459214,-23.55643347815699,-86.65500889325938,-40.138163968135686,-20.15715496987824,0.20873434403368032,1.8493862881384076,2.0
951.142026,454,9088.931031,454.0,422.15724822751577,162.62348448191605,160.83660290451542,35.84999999999984,-11.950000000000012,-57.50415199279789,-51.65747684985398,-61.149902148011755,-22.098062011565375,-22.61757058569218,-42.787572729560345,-14.560572954718634,-0.009666269136036834,-0.08776972375521445,1.0
2486.017385,1000,9121.437604,1000.0,1256.641741506542,368.81637401049966,392.4590225989196,100.20000000000094,-27.40000000000004,-123.22064548969264,-123.40547887459412,-131.6810818099061,-47.79579154464564,-69.99184179724915,-72.4316941822838,-36.17321946451075,-0.148211986396679,-2.96423972793358,4.0
928.054587,323,9132.012743,323.0,625.6466321175362,107.05716826697055,124.08519060277409,35.099999999999845,-6.230000000000001,-42.20770360946659,-39.57518654093147,-45.214813066390136,-16.092254682474024,-90.82787759756125,-32.23664793253287,-14.449920239387469,-0.3979267100667728,-2.5706065470313524,1.0
2555.602262,1000,9164.386985,1000.0,1328.8521928160892,368.5576086358716,393.09409259653546,105.00000000000112,-29.270000000000042,-126.20521178722385,-119.77491411194202,-132.24656739547265,-49.22805787286106,-76.27118426039549,-70.63450273341086,-36.27119356663708,-0.015828564201099016,-0.3165712840219803,3.0
2700.42667,979,9196.153639,979.0,1531.563131239084,357.10560254636215,385.16431086052427,111.30000000000136,-26.06000000000001,-123.94474498748785,-118.77357128411535,-133.9076600991629,-47.29460202078284,-103.0628318976124,-70.51530284842033,-40.14766121803738,-0.1068880001072806,-2.092867042100554,4.0
1065.009344,383,9208.60444,383.0,639.1028118820179,136.5645830907922,148.0759909343139,39.449999999999804,-8.820000000000002,-48.96293426513672,-46.08825975209471,-54.39647592163129,-18.805456429665103,-59.15968303296332,-28.58854917139457,-16.36268335866064,-0.366914222323691,-2.8105629429994727,2.0
578.571375,202,9215.178182,202.0,385.0765434834701,70.30506750156691,77.29665688370979,19.79999999999999,-6.570000000000003,-24.742786269187935,-29.505165332555762,-28.284053845405467,-11.01369302302899,-51.256885890983185,-16.080103777747563,-8.45420435907308,0.30788784310516215,1.2438668861448552,1.0
1313.657623,524,9232.2956,524.0,697.0048463862107,193.21204190849787,206.20391660358783,49.949999999999704,-16.420000000000016,-65.96304489612581,-65.38134289011364,-72.08955349321825,-25.700690054094675,-45.27403499998664,-44.26300193884401,-21.621513745994204,0.08356814739457918,0.8757941846951899,2.0
972.847233,352,9243.779215,352.0,588.9194948593656,121.85148836347722,133.93671413794658,36.149999999999835,-8.510000000000003,-43.37454281806946,-41.89543443322186,-48.99763122813852,-15.902390430621331,-62.500609396050315,-25.499115650228354,-13.33073992761916,-0.5115220134771047,-3.601114974878817,1.0
2681.598675,1000,9276.240007,1000.0,1460.353430242914,371.929138121942,391.37601424568214,105.00000000000112,-25.60000000000002,-123.67144093513498,-121.0684518322349,-137.28299795840314,-47.957339735088745,-89.79020837088642,-64.72410756226927,-36.96536146522719,0.05493549575692049,1.0987099151384099,4.0
2057.519699,732,9300.096236,732.0,1255.8973782832595,252.71010676989468,286.1051088025885,78.60000000000012,-17.23000000000001,-93.62769066810598,-87.34194307811546,-100.75776119476744,-36.763900624136284,-120.58762623926229,-62.3152527691609,-29.168720460609524,0.21696536426412158,3.17637293282674,3.0
739.826763,311,9310.217826,311.0,381.099229834556,110.53475942225516,118.85456563659419,26.549999999999926,-7.460000000000002,-38.13067379951477,-44.8761160179973,-43.52563218281926,-13.852421507694846,-25.188901887901785,-24.603360846915685,-10.574685831772085,0.043681336294540005,0.27169791175203883,1.0
2583.44584,1000,9342.765626,1000.0,1370.198460786319,370.33504058392526,390.982415092434,102.15000000000101,-29.080000000000037,-126.7905145645141,-114.5422960119323,-136.35512617915862,-49.074231195555264,-87.99980685295255,-68.78318880810684,-37.59491251741438,0.08488023768186026,1.6976047536372052,4.0
960.720492,322,9353.176815,322.0,642.2015621501425,107.48457765283493,125.073424156221,34.199999999999854,-6.459999999999999,-42.618772773742656,-37.77597386091946,-44.342795004127886,-17.20695107525696,-84.29084898641543,-21.710465721598357,-15.833264284354215,-0.6553192940210786,-4.220256253495746,1.0
1304.160767,469,9368.354602,469.0,779.1684280882334,168.47688757776123,183.86335283903176,49.34999999999971,-14.690000000000012,-58.41665472507481,-57.603692674264295,-64.85428436278396,-25.095650526198053,-74.18823157470662,-32.22136983748506,-18.62801788358417,-0.5174589269019644,-4.853764734340426,2.0
2123.76125,709,9391.177978,709.0,1331.9082962702455,252.8594638369144,276.8226792743981,79.50000000000016,-18.69000000000002,-91.42715401649465,-81.39281234666711,-97.51219862243855,-38.50873315163826,-122.37622322146599,-44.910586006973126,-31.511482264984636,-0.42030503176489303,-5.959925350426183,3.0
632.249791,229,9398.538769,229.0,400.26418360910725,75.18744554681282,88.19045869994702,25.04999999999994,-6.200000000000001,-29.27830964565279,-28.45572663620115,-31.492248974026488,-12.145697283064374,-44.62848905290054,-24.002626271082395,-9.239199082374595,0.4353569547925906,1.9939348529500651,1.0
1691.896925,602,9418.031171,602.0,1054.5020002668493,210.4656331487558,236.6145813754763,59.69999999999961,-14.110000000000014,-78.11348657131191,-73.53773768432436,-82.17122678991528,-28.286201509582664,-115.30118014630177,-52.44411843843042,-27.421338773799743,0.004421622577027064,0.05323633582740586,2.0
962.675889,338,9429.025311,338.0,609.727670878521,116.9479581801098,130.66074310777412,32.849999999999866,-8.720000000000004,-44.36220990180972,-41.57958152741196,-47.02096757311132,-18.31281738734685,-65.92931190563164,-23.567709943119247,-16.01788498213278,-0.02848447874625994,-0.1925550763247172,1.0
1003.548798,329,9439.595342,329.0,669.7094411510396,113.48718358633586,127.08030957240895,37.49999999999982,-6.910000000000002,-41.439511022567736,-39.40773565247654,-46.76525107935535,-16.767924825701865,-81.43126076960071,-27.016706400455444,-13.48974673624521,0.6226513825230247,4.097046097001503,1.0
776.076217,269,9448.475117,269.0,501.8684999555138,93.08219251450612,103.03777955283766,28.949999999999903,-7.910000000000005,-34.08604874849322,-36.112899538874636,-38.676033195689364,-12.817998373268551,-56.79134280312528,-22.382647260106477,-11.08528547704745,0.28865918350555625,1.5529864072598927,1.0
807.974231,290,9457.962974,290.0,514.4460463564624,99.66136633918627,112.60256762941987,29.999999999999893,-8.970000000000004,-37.8251612663269,-34.89392603076993,-40.261012806308756,-14.505098174464722,-64.48742068268125,-25.52137317547653,-12.271757145903319,0.117529276297237,0.6816698025239746,1.0
223.717317,127,9462.113372,127.0,99.09758743171216,43.56655016784067,44.95548535811094,10.050000000000013,-3.1199999999999997,-17.18899737358093,-16.264135210216043,-17.949001149372,-6.039949622447638,-5.715882223356359,-29.16157534771461,-5.512765222921143,0.3030060879401427,0.7696354633679625,0.0
2660.268118,1000,9494.701902,1000.0,1438.319108727459,370.8871528267055,390.0598510189657,102.15000000000101,-25.660000000000032,-125.74090005874625,-116.00252308528859,-140.0627317140624,-47.26677176155933,-90.12148808272867,-57.8007321637645,-38.49284794909237,-0.15875201031572347,-3.1750402063144696,3.0
1092.4818,373,9506.829083,373.0,699.5163502001674,131.45166362155783,144.7205022021713,42.599999999999774,-10.000000000000007,-47.8278626728058,-47.023885901272315,-53.50320710962185,-18.963768114601546,-73.61917064716535,-31.810483702811432,-16.058337844615338,-0.13512092523374858,-1.0080021022437644,1.0
2598.096861,1000,9539.500697,1000.0,1365.7702442429397,370.43597808829753,392.49752326245533,106.65000000000119,-29.290000000000042,-128.71496996879594,-114.82167201451962,-137.0735211398697,-47.66048420790866,-80.27078683880082,-58.78193248660037,-40.64351842235888,-0.028528735419648683,-0.5705747083929736,4.0
477.092142,177,9545.250268,177.0,296.82196770338055,58.87622883887507,66.39719008513994,16.950000000000017,-4.249999999999999,-22.944334177970884,-21.140379773080355,-24.135793737462844,-7.931460788924,-34.9584131739841,-15.761863203172744,-7.8309996483170385,0.6040379837986655,2.1382944626472757,0.0
2239.166773,811,9571.6192,811.0,1284.6181676531505,296.76139940744804,317.43487593355053,88.35000000000049,-19.720000000000027,-103.4634768247604,-95.39919372126461,-112.1702498961179,-42.32770229271141,-93.0818243294837,-57.96471026812074,-34.87051223239732,0.2437702899464337,3.9539541029311547,3.0
142.159338,96,9574.773627,96.0,72.68260369338044,25.796551305595585,26.216111115081482,5.100000000000001,-3.44,-11.953878488540655,-13.112120547890669,-14.315189018919781,-5.114757526192231,-3.5237946411922474,-29.18946385887307,-2.986724447494125,-0.03663616366150837,-0.07034143423009606,0.0
1763.288803,625,9595.155261,625.0,1066.7367694836432,222.6732699174834,242.2221387609488,67.79999999999971,-15.69000000000001,-80.31465964794158,-72.57011044770486,-87.39071629090884,-30.10183864267654,-102.17015323598473,-46.37576758636862,-26.530129593302057,-0.13589826437391883,-1.6987283046739854,2.0
958.766645,375,9607.357341,375.0,539.7200347563423,130.2737909376046,145.52955451643155,35.84999999999984,-8.770000000000005,-48.087366313934325,-45.0103899791837,-50.246937069394754,-16.3982480998621,-53.2728611078422,-31.583562526240705,-14.23736987628114,0.4143174270977662,3.1073807032332463,2.0
1864.118338,829,9634.244582,829.0,877.4860197079809,302.46645663755424,320.3168522922611,76.20000000000003,-22.300000000000026,-104.19313953876508,-99.20163712874059,-113.565750364572,-39.554451935535745,-43.823937499631946,-88.85182203277985,-29.8602518980585,0.05811607876267686,0.9635645858851825,3.0
929.953815,432,9648.34315,432.0,416.467985807407,158.33037260778616,166.68063109311265,35.84999999999984,-11.050000000000004,-55.95050550937652,-53.122947200760265,-57.815881812957926,-21.70368603808204,-23.52550650930862,-39.519950990592406,-16.686696157313044,0.2469868037647228,2.133965984527205,1.0
1377.418304,507,9664.823877,507.0,793.231670756976,184.3044017493063,195.02972933348013,54.89999999999966,-15.970000000000015,-64.2997184896469,-60.793652357906126,-70.27172438852351,-23.018265005327073,-71.62443255566518,-31.94828478946531,-19.121420092352427,-0.28775438386466295,-2.9178294523876827,2.0
2116.246565,740,9688.958766,740.0,1299.9522874310142,262.5983390744932,288.2086827411189,80.5500000000002,-17.98000000000002,-96.85072676181787,-81.54563299156717,-102.98418840921566,-36.0855170788516,-135.1724116136875,-52.15766452538842,-32.286602497972105,0.1390753256028798,2.058314818922621,3.0
718.198065,257,9697.322259,257.0,466.98462718755604,87.07857527673681,99.11263787434434,26.999999999999922,-6.530000000000004,-33.12516289710999,-33.03199445530772,-35.168545492223515,-11.76121243395378,-67.4014800519972,-20.630240356753333,-11.329139156517892,0.7953896800162555,4.088302955283553,0.0
1493.373693,538,9714.774446,538.0,883.2859727045055,189.54662090644672,208.8862945053924,57.149999999999636,-13.390000000000008,-70.05393153667453,-63.09343560263514,-71.80349349749969,-26.069615707708273,-70.90324891107765,-44.800473516754764,-23.38099682528609,-0.028563008718496558,-0.30733797381102296,2.0
1735.112143,591,9733.953063,591.0,1068.9209142902412,209.0606618594368,229.13124793803195,64.19999999999958,-15.280000000000012,-77.62002404212963,-63.098999931663194,-81.63107505855831,-30.167698397859898,-94.75651412228726,-38.937734228790475,-25.708635519716257,-0.015403204439495428,-0.18206587647483596,2.0
352.748339,135,9738.358368,135.0,230.16480682972735,43.163892197867085,49.660103903687975,12.000000000000018,-2.9099999999999997,-16.525510864257814,-18.016141818836324,-18.787934798214337,-6.362920448647017,-40.43256701614645,-9.477736952088621,-4.727652099489535,0.8791704920763591,2.3737603286061697,0.0
2734.544098,1000,9770.827824,1000.0,1523.9782017126456,365.8294527002969,392.4849277149239,110.55000000000133,-26.11000000000003,-130.0950000190736,-106.81662181466822,-135.1787172829551,-49.43372126420404,-99.30477809411371,-68.9394076163974,-42.4202381342556,-0.09352113408464355,-1.8704226816928708,4.0
530.669241,181,9776.647184,181.0,357.7013246767458,57.398965293693706,67.24289469118118,20.249999999999986,-4.249999999999999,-23.453799357414244,-20.931377181410785,-26.544919690891284,-8.561763905272633,-42.70236120808264,-18.439843724472546,-8.03987866846929,0.7611382540794503,2.7553204797676103,0.0
2811.077039,969,9807.983392,969.0,1671.7436658019938,344.7634298811628,374.8360650339354,112.05000000000139,-19.270000000000007,-124.86553020954142,-105.69227370992323,-134.20610555993832,-42.594247259445595,-135.93575888097428,-58.83758741123165,-39.91461880231194,0.04459721741615567,0.8642940735250968,4.0
728.363972,271,9816.84473,271.0,434.934298632008,94.0173299064733,104.73388952924581,30.29999999999989,-7.550000000000002,-34.5905786371231,-34.722866377607,-38.84185111443794,-13.413224182432817,-45.99411153953045,-20.125544084752153,-11.3833702573836,0.13418463273649778,0.727280709431818,0.0
1573.088332,610,9836.794857,610.0,839.4005108441814,225.9179718458165,235.32004103766144,61.349999999999596,-15.06000000000001,-78.06155060291294,-71.8662969954312,-83.53646411428203,-28.008275370989853,-56.67886217020075,-40.571656284048515,-25.117086010783545,0.07906180670489013,0.9645540417996598,2.0
303.039178,123,9840.810105,123.0,172.43870391552173,40.646776817812025,42.39912397749044,12.450000000000019,-3.9299999999999993,-15.539213056564332,-15.555958858132373,-17.846693741779386,-5.350277457688662,-12.230536232087887,-12.44679950031158,-4.995947731332771,0.5982082454131293,1.471592283716298,0.0
216.223592,199,9847.299492,199.0,18.51401327062629,74.12709029690791,76.72011860289963,8.40000000000001,-5.72,-26.284915466308615,-27.52149861901998,-26.823543176094844,-10.711034349483338,-7.042412255228538,-50.077253243409515,-6.356972923367319,0.16261242866594497,0.647197466090461,1.0
2629.69228,919,9877.2301,919.0,1579.7781759413044,329.0348968107308,359.55124612752667,95.70000000000077,-24.070000000000018,-118.94214019298553,-103.44210840091115,-123.21578296505433,-41.63191529849743,-129.30329584737012,-71.66574350591137,-41.101052810969435,-0.11044591897686554,-2.0299959907947884,3.0
1272.558246,446,9891.653476,446.0,778.8662349823385,154.64203651489294,173.13429783520718,48.44999999999972,-10.360000000000007,-57.42217853069305,-49.14373182803395,-60.284549090954684,-21.735526102330905,-79.47885011560003,-31.181981475950444,-18.9275062914761,0.42982381077945575,3.8340283921527454,1.0
1131.038109,424,9905.505252,424.0,653.0682350549587,152.86740212491014,162.28005740074605,40.349999999999795,-9.840000000000007,-54.87645409584043,-54.39350274726747,-59.80443379080841,-21.545843402613713,-52.06246925864863,-30.637458012346034,-18.36742387335444,0.0051511915671355645,0.04368210448930959,1.0
213.738962,112,9909.172958,112.0,104.24352932702801,37.33790526803396,41.055436185388686,9.150000000000011,-4.29,-13.886939582824706,-17.76144909113645,-16.167426552229415,-5.547837208950959,-3.4386561696866957,-24.898536049588632,-4.057064514719804,0.4967256907530712,1.1126655472868796,0.0
567.037833,194,9915.510692,194.0,379.82701659916404,63.27294984350322,74.87749894927623,19.79999999999999,-4.67,-25.46924209117889,-23.353268732875577,-27.124562038465605,-10.050505878046106,-52.20053495316933,-13.661885666924242,-8.209633007748366,0.9643525680812155,3.741687964155116,0.0
1773.407175,591,9934.535213,591.0,1114.2730958335692,208.72760736415773,227.94944325549267,67.19999999999969,-15.100000000000009,-75.66090345859527,-64.1963476009667,-82.71392978038728,-29.317878821826113,-106.99174556061988,-37.32783211842137,-24.434334041368672,-0.5434992928495177,-6.4241616414813,2.0
2611.860015,1000,9966.890364,1000.0,1365.5221750189212,374.68850722954056,388.59294528623974,103.65000000000107,-23.810000000000013,-124.96620049476626,-111.73327071815706,-135.05429780131195,-47.38308585539475,-82.16886420838634,-58.26419355404839,-37.213699674526445,0.09647004757326645,1.929400951465329,4.0
2251.558977,794,9992.715723,794.0,1339.1833539776896,284.10700387203707,304.72608824476373,84.75000000000036,-17.630000000000013,-101.30251298427585,-89.27186042815447,-108.33985456370925,-39.573371857251516,-113.11902734903931,-53.11250226895165,-32.85833972672748,-0.31063506040099204,-4.932884759167754,3.0
620.514438,211,9999.608912,211.0,400.6219320379213,72.68640140797267,79.1585705811775,22.94999999999996,-4.6499999999999995,-27.793747892379752,-20.949078665673724,-29.114093808887308,-10.778649122475759,-46.02840361710924,-17.794274318928476,-8.794219027472153,0.7598041152852201,3.2063733665036285,0.0
1553.81482,553,10017.598863,553.0,928.1699679104092,198.03219510240305,216.11759032564706,60.5999999999996,-14.690000000000007,-70.35448208808904,-63.80271339863536,-76.43434054340783,-27.49506072737168,-86.36457170603883,-39.64409024490227,-23.319674533666127,-0.363645962722091,-4.021924347706326,2.0
1150.547232,463,10032.738609,463.0,599.0552267606369,168.76678251069586,175.59245913188698,45.29999999999975,-13.540000000000008,-57.44870421886446,-52.50780496746307,-62.706194515614406,-22.309921658299068,-36.21431103942122,-39.76582865489927,-16.674471588373702,0.3250602139536588,3.0100575812108805,2.0
1227.460133,435,10046.873127,435.0,703.8545074653982,157.5319501060405,166.72632978611813,46.94999999999973,-11.490000000000013,-54.51089411258705,-45.1818930655718,-60.71200177195093,-20.75729134898817,-51.20623530299609,-21.357334998368046,-17.387003965481004,-0.2927495337173444,-2.5469209433408966,2.0
892.013076,324,10057.28291,324.0,550.3453047668345,110.71202862133279,123.85419179670838,34.199999999999854,-6.5200000000000005,-40.936431922912575,-39.028420824185005,-43.986069265710626,-15.0309387485108,-65.29413724211014,-25.952047705458938,-14.350403058841392,0.2925467850402516,1.8957031670608306,1.0
1838.706797,656,10078.496211,656.0,1117.6462665404993,234.90452900440008,254.99704400934573,67.3499999999997,-16.020000000000014,-84.40679310321809,-79.5791371777654,-89.75258294661317,-33.42947130657538,-113.00295949982133,-47.14528411753553,-28.854814725567383,0.18167599490126068,2.3835890531045405,3.0
1291.613149,477,10096.469315,477.0,746.3058369302611,170.81881423335648,183.119639248883,50.5499999999997,-10.080000000000004,-59.68823616504669,-53.09563482031225,-65.90056240512688,-22.77301209975654,-68.90649504406039,-37.094000525244745,-18.643200495069774,-0.4833441940491311,-4.611103611228711,2.0
1289.84643,432,10110.502063,432.0,825.7202008142934,152.486610885973,164.8750956560664,47.39999999999973,-8.240000000000006,-56.024861254692055,-46.16013403385882,-59.82135883881634,-22.68264351473105,-87.639564608085,-32.535514825018716,-19.531400745716216,0.4771688214031294,4.122738616923038,2.0
1064.837067,430,10124.369214,430.0,583.2677892201572,152.09370244999013,161.13658418170255,36.44999999999983,-10.97000000000001,-53.003609018325825,-46.810594849288485,-59.55162751385546,-20.963578747383504,-52.571997993999325,-38.29908463819539,-15.940516203874386,-0.24591045521852323,-2.1148299148792997,2.0
262.489877,147,10129.143718,147.0,117.80243311479857,49.913167789720454,54.663123708829744,10.800000000000015,-3.3899999999999997,-20.029417581558224,-21.781320463120938,-19.769674116241152,-7.178467666697518,-11.55203939120251,-28.65906121506813,-5.3288672296737944,0.6336350686943497,1.862887101961388,0.0
1164.528264,443,10143.957402,443.0,671.5221626157412,157.07017581162538,168.90059298673427,43.94999999999976,-14.550000000000013,-55.13809563636776,-49.82208712436259,-59.891995633949016,-22.53534284897718,-64.90201457042676,-35.45380801875335,-17.621323153715828,-0.07465407457995935,-0.6614351007784398,1.0
2731.153207,1000,10178.097953,1000.0,1506.4325972721447,371.0117711567515,386.9931525042812,106.80000000000119,-26.24000000000003,-124.2530735301971,-107.17495424225915,-135.0852961762481,-49.21484248141732,-94.10427074496057,-65.76587872188921,-38.24599847840193,0.022377992765326572,0.4475598553065315,4.0
2089.082847,690,10201.229455,690.0,1353.9577447266854,240.90757962747261,271.21952624152686,78.60000000000012,-15.630000000000015,-91.11281840801233,-76.17314121499653,-93.1168701997078,-35.84956293034762,-144.94963632050195,-56.201091437100224,-32.568882772977894,-0.4829914761818291,-6.6652823713092415,3.0
947.934028,330,10211.910131,330.0,619.6693192665446,111.83182221571445,126.53829318323947,34.64999999999985,-7.270000000000003,-43.13414993762969,-37.85289713069796,-45.68109359532373,-15.655343277590324,-81.42133049970678,-29.027293858100567,-14.71329842383011,0.42386764158971885,2.7975264344921444,1.0
1081.095765,421,10225.588505,421.0,623.9869112905342,147.84641230128284,159.92330887034473,41.99999999999978,-10.710000000000006,-52.03547195911406,-48.812976118922215,-57.180126733134905,-20.685770855737726,-73.54221496422419,-35.77235837717685,-14.921948948241779,0.34163481380461125,2.8765651322348265,2.0
1633.050178,572,10244.329051,572.0,1025.5512460609445,200.0338746154502,221.65727378272777,62.699999999999584,-15.330000000000013,-74.59848171710964,-64.4427032083273,-80.38785081675684,-28.90722224639329,-112.9653194945886,-47.13239255570742,-25.128246871105897,0.1818828233033806,2.080739498590674,2.0
919.652973,329,10255.040608,329.0,571.9858917832516,114.09929044095274,127.78345438824309,34.49999999999985,-7.980000000000004,-41.90192892074585,-37.54152676612141,-46.71501965842073,-16.073858264103492,-69.9918515730429,-23.586561082538264,-13.924917415244348,0.21638298198816916,1.4238000214821531,1.0
257.267386,160,10260.247897,160.0,90.43330813480422,57.53532352136053,55.082758833929994,10.650000000000015,-4.089999999999999,-21.24016889572143,-20.366862428933388,-22.26305052430234,-8.805401625938892,-11.176237293244146,-22.07593561505465,-6.416348168821532,0.25689609249854223,0.8220674959953351,0.0
1529.041809,517,10277.095487,517.0,992.8120955521904,178.29530065971804,201.24831540671187,52.049999999999685,-10.430000000000005,-68.41450730323794,-55.84102794881909,-69.72711399465013,-24.150844625284797,-112.55087693971915,-46.2369160018213,-25.012615368908023,-0.3302616812586142,-3.414905784214071,2.0
236.635445,115,10280.817669,115.0,138.0174621788508,37.094110106910485,40.09218931190096,7.500000000000007,-3.4899999999999998,-14.417989201545714,-17.105693906545643,-16.710907034647317,-5.120335136687717,-25.140900184239932,-14.774571782462411,-4.307919512054216,0.21259219117812336,0.48896203970968377,0.0
366.003487,139,10285.286672,139.0,230.89229038211727,46.13897716724785,52.31719192312457,14.100000000000023,-2.49,-17.945454006195078,-18.045700263977043,-19.273179532982805,-6.031210912515896,-37.20987034769612,-10.061084280255997,-5.388472723334938,0.8147456901595782,2.2649930186436276,0.0
1323.3194,513,10301.908278,513.0,768.1449280618169,179.17584527665943,198.63704312468235,49.19999999999971,-12.470000000000008,-65.46709926128385,-56.245686852559516,-68.67725426844493,-25.44970852620376,-92.56415866449376,-41.74730439930139,-22.21720433961477,-0.18987623873703718,-1.9481302094420014,2.0
959.599857,391,10314.523807,391.0,503.1620101925325,136.71503023710963,147.29959233765499,38.249999999999815,-8.360000000000001,-48.92145053863522,-47.816621925681794,-54.86537288122419,-18.816938965706242,-35.29119027294831,-28.156581446662592,-14.598619806850577,-0.1552699619818618,-1.2142111026981592,1.0
902.337018,325,10325.090488,325.0,550.390355820977,114.66342096222193,123.19877896941973,34.94999999999985,-8.490000000000004,-40.98581159114839,-37.44787057489155,-45.791836448332965,-14.789923361099666,-60.71008084990892,-24.26746217110327,-13.382553033044333,-0.056737413685794325,-0.3687931889576631,1.0
2792.817216,1000,10357.49673,1000.0,1564.2499537697993,373.31534919090274,392.01018052026814,108.45000000000125,-27.09000000000003,-127.39693437099446,-105.07452795617273,-136.98886061427368,-48.93093516828829,-105.12403328680816,-53.54469586946846,-41.05827989534437,-0.17175658338864994,-3.435131667772999,4.0
955.300457,353,10369.0132,353.0,567.4371913054197,124.68801274932333,135.25416590030596,36.59999999999983,-8.460000000000006,-43.56873899936679,-40.255353100597844,-48.12355135874943,-16.684441494678264,-64.06461175254242,-27.51826819691432,-13.003948300468256,-0.4719155165800434,-3.3317235470551063,2.0
2690.204505,1000,10401.458039,1000.0,1451.9061255805475,370.4136068305079,389.4263754972754,110.85000000000134,-25.970000000000024,-125.33009385585773,-107.74977747872485,-136.08171775827537,-50.02442566891841,-90.28298104856,-56.07344505562516,-40.879161687799545,-0.13063408759589132,-2.6126817519178265,4.0
509.251717,199,10407.926928,199.0,298.02250977450416,70.85452598651194,74.3375549520393,18.000000000000007,-5.9,-24.66275200366974,-25.788783371448524,-27.095812811956193,-7.9357801929739775,-33.076677792269656,-18.736475734902935,-7.7665919172760605,0.2163062610488312,0.8608989189743481,0.0
1280.842296,476,10423.383869,476.0,725.3794530222129,170.5313560668173,181.77468476442692,51.899999999999686,-10.060000000000006,-59.553103342056296,-54.24238401018083,-64.81271379741516,-22.235718204132496,-57.41689435336768,-37.19028739730859,-19.232096441126064,0.20752783376553138,1.9756649774478587,2.0
2530.310647,1000,10456.085855,1000.0,1268.1762566424682,369.19069305632286,388.57717020578247,104.5500000000011,-25.74000000000004,-125.04076582431793,-108.97976965978745,-134.5902098586352,-43.42154154202426,-71.32917376625315,-54.335447820349415,-36.746564646539895,-0.053894545464769586,-1.0778909092953917,4.0
1152.451429,456,10470.905668,456.0,653.8606935532212,162.04589935185746,175.8510780958789,47.09999999999973,-11.870000000000008,-56.94091685295117,-53.53292745724322,-61.11371724348408,-21.03805931498565,-65.95010020571061,-52.79627246351771,-19.164248435993116,-0.4345629769725523,-3.9632143499896775,2.0
1770.145314,650,10492.093473,650.0,1027.9784417940618,232.66972350247576,251.39717484862177,66.14999999999965,-18.98000000000002,-81.39368635654465,-74.67010483071206,-85.89033214747327,-30.925076869508867,-90.04827679947877,-47.74651775470636,-28.396031301456347,-0.38378624695761415,-4.989221210448984,2.0
2032.039653,823,10518.809179,823.0,1035.2380738694956,303.15070527623504,320.54196892143835,81.00000000000021,-22.87000000000002,-103.86720051765454,-95.48752705678348,-108.71483759650691,-36.87881060671296,-70.78649532160712,-59.69755028775606,-32.588674030132054,0.10857551971550577,1.7871530545172252,3.0
1003.422005,374,10531.037982,374.0,598.6079529109473,131.1963946326915,144.98606943929337,39.5999999999998,-8.800000000000004,-48.39478269100195,-41.92700532376767,-50.17837905250063,-18.39762302374136,-73.23313760668955,-27.584839363628408,-16.45264476089026,-0.19903646282652615,-1.4887927419424156,1.0
1875.304485,712,10554.079045,712.0,1025.7499212215594,258.4451024207292,270.4748641824962,74.84999999999998,-14.980000000000011,-88.66372745990748,-78.57823184281577,-96.80180850113214,-32.44558475091919,-77.37164829072488,-49.98266299067074,-27.391738806756024,-0.330723286107837,-4.7094995941755995,2.0
1022.664479,378,10566.417397,378.0,642.7280304311757,131.57584992481395,145.73543363694253,38.249999999999815,-8.500000000000005,-48.10293221473697,-44.375619441270814,-51.81782109666778,-18.446450536395094,-96.95788126165615,-28.63428943872153,-16.78984066240281,-0.33768611953083083,-2.5529070636530813,1.0
2238.91892,829,10593.309731,829.0,1277.2768443859854,300.24489238664097,321.32165803823773,84.45000000000034,-21.22000000000002,-104.36565622329721,-90.90591547191137,-111.63522967465465,-37.83941876051196,-104.70498522737024,-67.96950921850633,-34.73376027668614,0.04934240977196026,0.8180971540191012,3.0
1309.381769,517,10610.115677,517.0,727.5467376346512,184.74194521175116,202.11149182256267,52.19999999999968,-12.920000000000012,-65.92895333766943,-62.90556161403651,-67.91725282914629,-24.408871793973717,-63.55033694686872,-56.697941899536616,-19.889487245638943,-0.07187829535915459,-0.7432215740136585,2.0
2633.340147,963,10641.42313,963.0,1504.797764806632,345.35997099655253,371.9285618582991,102.60000000000103,-25.520000000000028,-123.1266367292404,-101.84221173077833,-130.7235136069737,-46.90565037794279,-126.05271572409576,-62.51650497551549,-37.65891706250345,0.052132556138027746,1.0040730312184145,3.0
1890.227527,638,10662.287172,638.0,1140.5230314486023,227.1973862943207,247.34749954507907,77.70000000000009,-11.220000000000004,-82.00380848407737,-68.88501280322672,-88.76103393767319,-31.300998381341095,-94.79635432343781,-37.972435912073166,-25.600746321343248,-0.3945132306496173,-5.033988823089117,3.0
2298.140737,888,10691.610337,888.0,1242.8390031543006,321.78784016765644,337.19227794868107,92.85000000000066,-23.00000000000003,-113.17481871604903,-97.5829476557673,-123.08115971482428,-40.35441573745036,-86.46760462102523,-66.87657807534994,-33.990859284335855,-0.12346916037699776,-2.1928122882954804,3.0
2704.256511,1000,10724.121276,1000.0,1467.3755579524372,370.2063804460378,389.660038763391,109.20000000000128,-21.800000000000015,-126.0954232645033,-105.75217530354864,-135.5372767135395,-47.13410482479276,-93.2306707123348,-61.78742025974293,-40.84839461167376,-0.025949154144565733,-0.5189830828913147,5.0
661.254694,278,10733.20957,278.0,336.8649629720074,96.26471091880845,104.90494829195997,26.849999999999923,-6.6000000000000005,-34.958113145828236,-37.87824637293817,-38.536801517920765,-11.91035782768853,-19.377413885076557,-21.353691765545943,-11.015303742480597,-0.0853725791066037,-0.4746715398327166,1.0
2649.056067,1000,10765.952256,1000.0,1398.4978995934387,366.54863870201916,384.97677926860047,111.15000000000136,-24.710000000000008,-126.09710363864889,-107.09497216790918,-135.1303736559014,-43.572399832616085,-82.17831844928457,-58.02366372663187,-35.31041895312876,0.017944342264499015,0.35888684528998027,4.0
2733.690895,1000,10798.493051,1000.0,1512.8672055684735,366.58988331933847,393.9985194814947,103.65000000000107,-26.060000000000038,-128.79191857337955,-107.34403585195537,-131.21677303870192,-48.148011164654775,-97.75650598932903,-61.26609701617704,-42.83137192631409,0.11551058331247577,2.3102116662495153,5.0
1493.035383,516,10815.147468,516.0,909.5508281469865,182.15160795165357,194.19611197574162,55.64999999999965,-10.950000000000003,-65.45418550014497,-54.408478983491584,-71.45065073125059,-24.298622429078982,-73.563125912856,-44.37279358453542,-20.01530753701469,0.2676337000225832,2.7619797842330587,1.0
1955.023529,742,10839.200359,742.0,1070.289926980162,264.80441210793634,281.0144005786296,74.24999999999996,-16.000000000000007,-93.39814109802238,-76.28015525713566,-102.88150057219644,-34.372447589464265,-79.13526929222773,-48.852641770313284,-26.415054632522068,-0.22666556131389473,-3.3637169298981977,3.0
1716.191914,729,10862.913058,729.0,834.6038151673353,266.97698890654914,276.9201699975652,67.04999999999968,-18.490000000000013,-93.78675790309907,-80.43514453507957,-97.88068993197696,-35.44578414223558,-48.65294418112486,-55.97877167212699,-27.688967313217,-0.09456265127633444,-1.378723455608956,3.0
2534.843663,1000,10895.268798,1000.0,1261.0993929832598,370.8411313665649,389.48485901516426,108.00000000000124,-24.740000000000016,-125.04326914310462,-104.43474930413065,-132.8501056777408,-45.151150505910564,-67.37963097354373,-58.61631727085185,-36.36649783811947,0.12886009704968787,2.577201940993757,3.0
1474.991762,574,10913.83203,574.0,791.0554825636348,205.64509807235973,219.0346543130742,59.84999999999961,-13.28000000000001,-70.43390456676477,-60.98381347954278,-79.68078544932176,-26.333375438298678,-65.97414528345224,-37.4188889551436,-20.488559589622014,-0.14888035201459826,-1.709146441127588,2.0
995.821357,370,10925.80086,370.0,579.039489837703,131.19556627557122,139.34185335485043,34.79999999999985,-7.910000000000005,-46.07920304775236,-38.3954362273216,-51.27432482394303,-16.440134975445705,-49.53942347334613,-36.113553592565346,-12.803476421016152,0.08299080023727126,0.6141319217558073,1.0
841.405692,284,10934.89773,284.0,562.9394929142719,98.11108675998999,107.877427687648,28.799999999999905,-5.33,-36.02154608726501,-33.93272152841091,-39.52224878593944,-14.20574925080049,-75.67678241731946,-23.90409998876451,-11.729167491586393,0.6854117011141174,3.893138462328187,1.0
448.116234,158,10940.000926,158.0,297.28436933175385,51.73333028613192,60.643187024856616,14.400000000000023,-4.029999999999999,-19.81952997684479,-17.774003738351173,-21.169511349276476,-7.167420395433314,-40.28903939933706,-17.12004136416502,-6.575106649056762,0.3049291059092446,0.963575974673213,0.0
1871.872948,669,10961.772437,669.0,1074.4032900207976,243.09581353645396,256.88940270836054,71.09999999999984,-14.770000000000016,-84.36076491832728,-67.55942230671643,-89.87287535666685,-31.729118378319797,-83.24816463745067,-46.05462498844243,-25.020588043679755,-0.3386340657415199,-4.530923799621537,3.0
1426.384848,482,10977.484107,482.0,898.9405402438632,167.0027358819522,187.48480534014797,53.84999999999967,-9.770000000000005,-61.9625464105606,-52.63964967653155,-66.41561219332948,-21.70201476006657,-97.20381528124499,-31.765158353703967,-21.434437168418626,-0.3471962870061214,-3.3469722067390104,2.0
1063.06578,335,10988.327454,335.0,720.8224546648083,109.32397222526055,130.28584662796544,35.84999999999984,-5.890000000000003,-44.63128287792209,-35.34361139312388,-45.22991038630617,-15.957350511884789,-85.17053380748175,-20.487680175916037,-15.506123976508748,-0.012691583075509948,-0.08503360660591666,1.0
630.358951,216,10995.366417,216.0,411.5668620565242,71.40415575202269,80.7058647551144,25.19999999999994,-4.96,-27.10256316184997,-25.806635263562207,-30.19787687598731,-9.677457502151857,-51.708666313141016,-16.76718015817529,-8.29755220444884,0.8812101177105301,3.8068277085094904,1.0
2439.607526,1000,11027.97721,1000.0,1189.3106038989094,375.6474615348198,389.93191976455194,96.00000000000078,-30.440000000000047,-125.19504574298857,-108.71172734405852,-134.60817934692196,-45.98169911052335,-63.322396876744065,-64.62017864015968,-38.40323183726148,-0.04708131053914299,-0.9416262107828598,3.0
1367.352301,500,11044.094186,500.0,821.0264188573574,175.04863631565925,195.3284891520909,48.44999999999972,-12.950000000000014,-63.708255319595324,-56.26192194595931,-67.86872978491762,-24.205657383295314,-79.9110011065375,-49.22460648376292,-18.37107178795859,-0.27085272527057425,-2.7085272527057422,2.0
473.987275,178,11049.778899,178.0,284.42346297942095,59.03427701303068,66.54471872697148,18.150000000000006,-4.88,-22.323006277084335,-20.334775689244264,-24.56725631330622,-9.262001743282285,-27.18399526457931,-17.189368143689066,-6.424780141711565,0.45426467970760304,1.6171822597590668,0.0
2835.007679,1000,11083.635758,1000.0,1620.331454135798,371.1354309779962,394.06325399097847,109.6500000000013,-26.13000000000003,-128.8426583766938,-107.9001765936612,-136.19140051190593,-46.396667741434506,-114.66191971278107,-55.83878934160479,-44.21084766400691,0.07764994934591088,1.5529989869182177,3.0
2678.374318,1000,11116.724801,1000.0,1447.1623630277008,371.86228513686416,382.786620826368,106.35000000000117,-25.010000000000026,-126.52217182159427,-106.35401534065595,-137.48098456934696,-46.31523863339772,-87.76340020046757,-63.85986642054174,-36.481273541934726,0.1431268169199456,2.8625363383989124,4.0
758.757962,259,11125.216077,259.0,483.9588496711288,86.5456815764714,97.17409778870277,27.749999999999915,-3.55,-32.872915763854984,-28.481056211888795,-36.18199535124154,-12.399126574129642,-55.92817216508113,-16.818597509239794,-9.438802975821657,0.8806010453869518,4.56151341510441,0.0
2598.978441,965,11156.631697,965.0,1493.087626278951,349.83985398833613,372.7677256829438,100.65000000000096,-21.62000000000002,-123.61263268470755,-109.73010542541712,-132.6585447771671,-46.07461519592603,-119.48291644977202,-88.98154001134098,-40.20641085208777,0.18554723353051314,3.5810616071389036,4.0
1350.689288,494,11172.726737,494.0,793.8165927520464,168.86988709051187,188.8883791896971,47.699999999999726,-13.650000000000007,-63.490616564750695,-54.539268478006164,-66.90440390857604,-22.8454965135698,-72.25950379390127,-31.40073836991475,-17.49554346031306,-0.16257871706010207,-1.6062777245538087,2.0
926.511803,329,11183.517643,329.0,557.6860050631648,115.8400287136974,123.96809421305731,32.849999999999866,-6.640000000000003,-40.93645398139951,-36.25169629678131,-45.2635982073101,-16.89420152015738,-48.37902515225411,-25.503864012137413,-12.963485542592217,0.663392692838125,4.365123918874862,1.0
706.812861,236,11192.197238,236.0,458.33352566197044,78.19927879299165,87.59838961778067,27.14999999999992,-5.710000000000001,-29.85240885257723,-24.792251948267225,-33.11487499889569,-10.802516189186294,-49.188789748691455,-18.15862563172044,-8.848866151442444,0.8789920153552581,4.148842312476818,1.0
1542.077588,549,11211.90752,549.0,918.3468528345062,193.25331962828477,211.3567081768201,58.64999999999962,-14.19000000000001,-70.75604417324072,-57.869157868437455,-76.01551961778065,-26.679995742914375,-86.8976566869993,-35.32850466600254,-20.792414079332264,-0.3100794862102916,-3.4046727585890015,2.0
1461.699146,533,11229.348074,533.0,853.6188499600986,190.09789949892627,205.8922519513351,53.24999999999967,-13.04000000000001,-69.15989571571349,-59.23082588315007,-70.2102471832225,-24.107437252667516,-75.64666307509388,-42.24433007189789,-20.520456260039854,-0.17307737326061048,-1.8450047989581078,2.0
1120.082442,420,11243.128983,420.0,663.2550823439574,147.81045418516044,162.66368825639321,39.299999999999805,-8.100000000000003,-53.94578388214112,-48.17236710265277,-55.695885390326296,-19.72904116177919,-79.31061115624586,-31.89792787720656,-16.095166357840597,-0.0664547617832912,-0.558219998979646,1.0
2746.674794,1000,11275.780462,1000.0,1512.861825085414,368.242476821768,386.96163646399583,110.70000000000134,-24.260000000000023,-129.05797438144694,-101.71992106810207,-136.43603419422678,-45.29752206250026,-97.31414477192823,-60.6716529427482,-37.333894962368,-0.04003468557693661,-0.8006937115387321,3.0
781.944587,270,11284.560318,270.0,506.25146308836486,94.49923446269794,100.01782283265962,28.049999999999912,-7.100000000000001,-34.62537416458129,-29.654762520641093,-36.97407837188134,-13.956065960889898,-58.18972846557752,-25.219408247579068,-11.154516069550633,0.10059031628456457,0.5431877079366487,0.0
2113.171184,832,11311.724039,832.0,1124.308756592673,299.7383913211056,317.35146140600995,78.60000000000012,-21.84000000000003,-106.34033561229703,-92.27071604132668,-111.50275114583057,-38.823880065707435,-79.75315466062858,-58.550318452491865,-29.746269694887527,-0.23972360628766162,-3.9890008086266895,3.0
934.286251,339,11322.753418,339.0,554.4913778042799,121.01347031299066,126.72489011539004,32.09999999999987,-7.670000000000001,-43.373392267227146,-39.98164710644633,-45.60416983115251,-14.560771949648176,-44.09062145252323,-30.43726250125532,-13.325622601860552,-0.37819525103558954,-2.564163802021297,1.0
1692.806539,616,11342.895272,616.0,967.9305408676843,221.73331209796157,233.04652750789307,65.84999999999964,-13.620000000000015,-77.56781380176545,-67.0320322133601,-85.15956972886248,-28.450696059402407,-84.48386583480509,-33.83377306911503,-21.60609043784396,-0.1480605856407871,-1.8241064150944972,2.0
1446.176543,582,11361.855705,582.0,745.8875028086725,211.01567576612265,219.11318527876446,50.0999999999997,-15.19000000000001,-72.72095984935766,-60.83613680154084,-76.65026834612614,-25.249313048558072,-47.67481802438864,-46.04515957267322,-17.573165166435114,-0.030634487226160686,-0.3565854313125104,2.0
1154.350654,465,11376.972602,465.0,601.8139817232787,163.20902732515972,178.95304985519576,41.24999999999979,-11.190000000000001,-60.43813857078552,-56.334805769473284,-61.90771069128514,-21.3943549624702,-37.22879485368967,-30.04202836646784,-17.33957154878002,-0.22689773561694693,-2.1101489412376067,1.0
618.473348,272,11385.786457,272.0,292.67779903100234,96.83852160866314,102.14534135614711,20.399999999999984,-7.600000000000003,-36.19851605892181,-30.01041675191373,-35.94985583867291,-13.522790242434871,-17.647476827305756,-15.876333822573498,-8.782924921593228,0.321691393973405,1.7500011832153235,1.0
693.07679,266,11394.453893,266.0,393.62337846128264,93.9587096581315,96.51693054593986,27.14999999999992,-5.480000000000001,-33.47873040199279,-30.104173822700986,-36.678032016655884,-11.836740279085516,-38.93894850430845,-17.65230355114898,-10.003299834369924,0.1273196128239134,0.6773403402232193,0.0
186.309256,84,11397.208029,84.0,103.31114008021926,26.981687641928055,29.986178672537665,8.70000000000001,-1.5099999999999998,-9.696551208496093,-14.287336941063401,-11.697576411093298,-3.391248159487085,-12.277832496092012,-11.3003825820602,-2.508822113649436,0.5059612730061346,0.8500149386503061,0.0
891.533562,316,11407.397046,316.0,544.2495993533864,108.29749124772353,120.92773559277576,34.94999999999985,-6.770000000000001,-40.55422523498534,-34.39668942838908,-43.015683057123354,-14.496971425573571,-60.607007388220886,-20.240677290479873,-12.810010409481709,0.41997291742635157,2.654228838134542,1.0
1339.330562,569,11425.89692,569.0,654.1658573272575,202.86525779153413,219.50015677061688,48.29999999999972,-13.000000000000009,-72.73063313484198,-61.775714509934154,-73.64261365638197,-25.203103922043734,-41.18783885927595,-46.644510741704416,-20.316294981442155,-0.1846132658453298,-2.1008989653198533,2.0
2420.235857,1000,11458.451901,1000.0,1165.131826029913,371.81183037287127,379.9937428974419,91.65000000000062,-23.310000000000034,-123.70893078803999,-104.35539144873617,-133.34948003003183,-43.86779679478823,-62.17538848070679,-65.40371607008977,-32.18083827008944,-0.0419906443329383,-0.8398128866587661,4.0
2689.345413,1000,11490.977413,1000.0,1446.627437346838,371.2001975838278,385.6040736579256,103.05000000000105,-25.25000000000003,-125.52137995243073,-106.4428484302013,-133.52071578066534,-45.98288209150026,-86.77760344104625,-58.37461829761794,-35.266247570239976,-0.022197725949388417,-0.44395451898776833,4.0
596.862249,252,11499.150643,252.0,294.8512492868006,90.29791605680276,91.17697224773926,22.349999999999966,-7.3900000000000015,-29.95979780435563,-28.450035903602835,-34.09185946333607,-11.379141887336882,-16.82175649146134,-18.09785051907632,-7.623446251968344,0.3230749115185146,1.6282975540533136,0.0
1506.116106,531,11516.432621,531.0,928.9066638464718,187.35695947813286,202.37664141412742,55.049999999999656,-12.94000000000001,-68.31802884578711,-58.71105414554476,-72.33506412548488,-26.70836673884767,-98.20622852108296,-39.98679909164418,-21.368617110392243,0.1872793154938323,1.9889063305444994,2.0
2662.864356,930,11546.54141,930.0,1557.0049470654499,336.3407903452183,352.8788904292319,99.1500000000009,-19.89000000000002,-118.48954581260672,-96.33114840071644,-127.06811735282335,-42.14110306937689,-121.19116012580622,-51.994085987465596,-35.40511125403476,-0.01911992848366424,-0.3556306697961549,4.0
1301.150572,463,11561.574069,463.0,771.0382722328934,165.23257274377025,178.7170158266663,47.99999999999972,-10.100000000000005,-59.71085191249847,-53.6415563046932,-64.46442661351584,-19.864812544404916,-61.97133064808048,-36.722659600017636,-18.361651080750526,-0.00020453691462831092,-0.001894011829458159,2.0
2612.633425,1000,11594.033169,1000.0,1411.5393717899076,368.33803605980216,386.13354987767843,98.40000000000087,-26.350000000000033,-127.45292936325055,-106.06160444207485,-136.31029829972033,-48.635955583044534,-94.73964287133165,-73.74507162222508,-38.48203078596011,0.14173242812296297,2.8346485624592592,5.0
2989.041909,1000,11626.37659,1000.0,1835.6964680118638,361.8820423082394,385.3341716384224,108.30000000000125,-23.010000000000023,-130.7253315830229,-104.64381059408188,-134.93692698022747,-45.84525950173605,-157.65437285455658,-62.75485966833169,-42.600211475291474,-0.006646406307833068,-0.13292812615666136,3.0
1637.018417,606,11646.07754,606.0,998.3757813598004,210.4243444677952,232.5303619736811,61.1999999999996,-12.640000000000006,-80.8688770151138,-70.7602348204702,-83.347694963381,-28.970823238215175,-101.55834769880065,-66.5393526356518,-26.82674010235965,-0.21140615719378897,-2.5622426251887225,2.0
1198.53136,481,11661.830721,481.0,622.4290742681205,168.32780293483344,183.66042310913744,46.04999999999974,-11.000000000000007,-62.4347587060928,-54.46410332843661,-64.48699059579869,-21.461359436798478,-35.50870368840735,-34.96642772036102,-18.613596727477557,0.14337318122596865,1.3792500033938184,1.0
215.573952,127,11665.979436,127.0,79.9028201865302,44.350617362975214,44.51396085482039,7.050000000000006,-3.17,-16.70439179897309,-16.1389643266797,-16.780432299909563,-5.795953674694621,-3.997931622227105,-20.186081689484965,-4.469691203616585,0.32072424067650906,0.814639571318333,0.0
873.614069,345,11677.24082,345.0,472.4550214027603,124.99767701639509,130.84080950591127,36.299999999999834,-9.130000000000004,-44.09894151687619,-42.38342663496733,-47.21412551767851,-15.847515291184349,-31.170064366791163,-32.59489932883888,-13.54046664756705,-0.00581367578306091,-0.04011436290312028,1.0
2680.135272,917,11707.130635,917.0,1643.7957516216663,324.5680370451172,353.3584382187845,97.20000000000083,-21.620000000000022,-117.45948894977569,-98.44814021140341,-125.03328335573019,-43.50085529715601,-156.06696271597554,-56.12700549928719,-37.53121864662981,0.19475117508836745,3.571736551120659,4.0
2240.782929,719,11733.696702,719.0,1511.1259038872172,246.43366199636128,278.8592334314354,81.15000000000022,-11.320000000000004,-96.18956134319325,-79.85137763246892,-99.83298923651923,-35.74822121184563,-183.32840125322355,-54.59166767411687,-34.9236519849967,0.11882610413023222,1.7087193773927394,2.0
1410.091136,478,11749.28501,478.0,888.7548914678165,169.1369094071538,183.87564722482958,53.84999999999967,-10.350000000000007,-62.40946170806881,-54.19955372586844,-65.05866985235762,-23.149075090490474,-93.64332271812505,-33.037654232338156,-21.678575181289915,-0.1694157495833029,-1.6196145660163759,1.0
2713.203606,1000,11782.554758,1000.0,1512.7182351215229,367.5484462694413,389.1362351993389,101.40000000000099,-26.120000000000037,-128.93768507480635,-110.62929660044605,-132.89313307629976,-45.11718769137245,-103.32077587616203,-71.03015203059583,-39.5510799087417,-0.19258182261295195,-3.851636452259039,4.0
659.903475,242,11790.357266,242.0,385.9686331775182,86.13710712616508,90.92764112921449,22.79999999999996,-5.1000000000000005,-31.82040625095368,-28.57824507281184,-33.595760531753974,-10.994581087097743,-31.643920208458287,-16.537476543194927,-9.659516618746386,0.5348184971926706,2.5885215264125256,1.0
2281.065874,799,11816.135227,799.0,1349.4920669885682,294.4878948272686,306.5342552415788,86.1000000000004,-21.100000000000023,-103.0878717136384,-92.96431831419468,-107.16922287072764,-35.65658524475575,-104.92998731457364,-56.718736605923475,-32.92162081675863,-0.12029496532844698,-1.9223135459485827,3.0
494.041126,200,11822.6449,200.0,273.5127072074107,68.38492917970996,72.95459605093576,18.450000000000003,-5.960000000000003,-25.075919556617716,-25.869091107696274,-27.257699944767385,-9.6557953776097,-21.615371591300345,-16.321502776137,-7.5057259221365475,0.34443897491845366,1.3777558996738146,0.0
2752.371266,1000,11855.135489,1000.0,1532.047168197804,368.1407208778562,389.92689500420687,104.10000000000109,-20.840000000000018,-131.6085345029832,-106.76398266106833,-133.17618441231164,-43.20468689322961,-101.16464748457184,-61.038074337759085,-44.04740775002219,0.058381628472515025,1.1676325694503005,4.0
2427.367748,913,11884.834173,913.0,1354.2999775058931,333.6143330056341,344.9076465478866,91.50000000000061,-22.530000000000015,-115.31397062778485,-98.63538365997368,-125.42611107742,-41.62095061611613,-108.42119625383665,-64.83235985812968,-33.17423718233761,-0.13337719632869874,-2.435467604962039,3.0
514.563143,189,11890.964765,189.0,321.0551182191978,62.538511259508766,69.34488199788663,17.85000000000001,-4.579999999999999,-22.701973390579216,-22.28690401017666,-26.363150418552546,-8.993768198870862,-36.00817585208143,-17.748884744077376,-6.542511946515796,0.5101938195606475,1.9285326379392473,0.0
1127.798584,369,11903.075531,369.0,748.4205063816614,129.45611654438957,139.02708194857408,41.549999999999784,-7.900000000000005,-46.88824545383458,-44.45544296503066,-53.224575232390116,-19.94634598920827,-86.68561969880015,-26.00413652297705,-14.550754609612671,0.30896104520492434,2.2801325136123416,1.0
379.970742,144,11907.914062,144.0,229.6152199227379,49.77804137009367,51.932178444965345,13.20000000000002,-4.909999999999999,-17.77093047142028,-20.50475867837666,-20.457263039421193,-6.2502312168772285,-18.6803525163548,-14.037537684345077,-5.943624534505084,0.7296090090446472,2.101273946048584,0.0
2612.239624,1000,11940.773956,1000.0,1381.2632690652858,365.9047723529323,386.8459425669212,103.50000000000107,-25.170000000000027,-127.84661255836488,-105.16336787044997,-134.31790696710038,-43.96250516199829,-81.68711833176467,-67.95516381279718,-39.17168533583497,-0.12241787577681132,-2.4483575155362263,4.0
293.937588,118,11944.625613,118.0,169.77687928025375,39.7768865540755,41.83239106942259,9.900000000000013,-3.4399999999999995,-14.360600757598881,-14.237579576671124,-16.711835449271945,-4.88266278753872,-19.229507852523987,-7.8868522771077885,-4.599530601342656,0.6617092490931481,1.5616338278598294,0.0
433.487469,180,11950.461877,180.0,254.42529925838218,60.720571522957904,67.10021261942101,16.80000000000002,-4.1000000000000005,-23.52392936229706,-27.249193999171265,-26.360976462743768,-6.801920625982272,-24.608709199779266,-24.858764083358093,-8.055120866101559,0.5752149930426788,2.0707739749536436,0.0
1094.523785,382,11962.954738,382.0,679.8761206570406,135.25778417305418,145.31781180198365,38.69999999999981,-8.850000000000007,-51.17692670822144,-42.02932988852265,-52.632189356700614,-17.531647896662665,-59.72900237779226,-37.94098472180201,-16.737850335535263,-0.16434379378586253,-1.2555865845239897,1.0
3032.410485,1000,11995.417264,1000.0,1849.1773553633063,363.30134161649414,385.558969392678,109.8000000000013,-20.540000000000024,-130.157706489563,-100.64595584422348,-136.4650090662804,-45.12843655831416,-148.0945650428157,-54.316920008351815,-40.07858877311156,0.5345401386261688,10.690802772523377,4.0
1466.817661,521,12012.327451,521.0,876.9007844935626,185.26978203722325,198.52955152222043,54.29999999999966,-11.30000000000001,-66.14783553123472,-55.1625254906714,-72.64725142472807,-22.482282446506364,-91.04293428694095,-29.52576429499425,-20.873863451640474,0.2777764920185136,2.894431046832912,2.0
2616.122205,1000,12044.916289,1000.0,1394.780582719528,370.54867913689094,385.35378074265975,97.95000000000086,-27.370000000000044,-129.540877304077,-106.04765255674735,-133.54503374868844,-42.90676679956897,-87.10611332071863,-66.93496680574215,-39.05942689547164,-0.11978360027454682,-2.3956720054909364,4.0
1249.807309,433,12059.000652,433.0,756.1842428225978,153.66019750606674,163.51278533027343,47.09999999999973,-9.860000000000005,-54.3887529850006,-49.57023644447325,-59.290737867933046,-19.470383871751974,-62.25868818150254,-32.79289108771009,-16.018226362901682,0.44511492819175164,3.8546952781405692,2.0
2798.514071,1000,12091.383662,1000.0,1588.5030610356139,367.78817437627265,392.77605313711575,108.00000000000124,-25.300000000000026,-131.10334694385529,-105.98905772194257,-133.0921955286855,-43.168089891514796,-107.2473480768473,-69.89360416330884,-42.75957503969663,-0.08644176707739606,-1.7288353415479212,4.0
2802.915272,1000,12123.758852,1000.0,1589.0608647807903,370.6672207426291,381.15085003886355,101.40000000000099,-24.150000000000034,-129.55293488025671,-100.593164518848,-136.9273602829459,-43.252135729793295,-107.70159657841582,-60.56078618488151,-36.6256856203357,-0.22234561448212015,-4.446912289642403,4.0
1067.997752,441,12138.082113,441.0,565.3553196892348,159.43026081657734,163.2741951273397,38.69999999999981,-11.880000000000015,-56.713241505622875,-52.21135768815873,-59.54235327776919,-19.11256695441398,-39.80121603800782,-44.23580634219246,-16.265481953954357,0.07918013836116364,0.6983688203454633,1.0
2621.218843,1000,12170.411891,1000.0,1402.2238384616985,366.7205878752577,387.0647440799916,102.90000000000104,-22.66000000000003,-128.70870788574206,-109.00672613605849,-133.2530441808062,-43.477191757593886,-86.32663878397877,-74.19247530268099,-40.06554353938644,0.07105112495165553,1.4210224990331106,4.0
2491.131827,868,12198.480469,868.0,1479.375742673355,314.0778576009884,328.7741993770728,93.45000000000068,-18.55000000000002,-112.17084813117974,-85.71405023857953,-119.30407481942149,-39.07236746658794,-127.96617095224867,-56.812003452424555,-32.956457555458414,-0.3000849251273532,-5.209474300210851,3.0
2355.491177,824,12225.063532,824.0,1418.0874819599844,290.9410796323368,316.641875254391,84.90000000000036,-19.820000000000018,-108.74632680416104,-87.91166976094247,-112.13973963588698,-36.78330196539508,-119.34497393008118,-58.19655585723521,-36.13669201750168,-0.29661434137013964,-4.888204345779902,4.0
2687.385285,957,12256.046715,957.0,1563.3604360492864,345.40945624864736,374.26747103434565,101.700000000001,-24.170000000000037,-125.18357648849485,-102.7618635799736,-128.97878333915492,-40.8633191375645,-124.23566490264614,-66.88905096018466,-41.269819752129976,-0.04025078984711815,-0.7704001176738414,4.0
271.690832,113,12259.714279,113.0,168.47561105999813,36.599533057311035,38.90387546418516,8.100000000000009,-2.6,-14.227023258209224,-13.395155921578406,-15.946622676063583,-4.697605396189324,-15.567899216961656,-22.87044723602885,-4.0834341742732665,0.4390618152413926,0.9922797024455474,0.0
1290.502492,465,12274.78306,465.0,747.1914069079761,166.79901216426578,173.9196644207644,49.799999999999706,-11.180000000000005,-58.53111525535581,-52.354322209209215,-63.69039219504922,-19.90936259013767,-52.16035024440294,-37.423971066052005,-16.958077596966262,-0.11706652418404925,-1.0887186749116582,2.0
812.481542,291,12284.297746,291.0,494.71459456412555,101.82752217321092,110.41176243323021,29.999999999999893,-5.73,-37.361202917099,-33.455008557438866,-40.423002081281794,-12.592387763312447,-54.6960692357382,-19.759176659275518,-11.455490191790469,0.14702808568312548,0.8557034586757902,1.0
2822.586074,1000,12316.936417,1000.0,1596.7856740278166,369.46747174257155,381.10658342286547,107.55000000000122,-22.58000000000003,-128.3918349885941,-101.2095691360533,-137.854057151558,-44.23748346280291,-106.94934111838242,-54.009116966504486,-37.09225225417356,-0.11462889999340002,-2.2925779998680005,5.0
1850.271876,628,12337.289246,628.0,1129.3969766721748,226.64334958779966,237.45083703321316,69.89999999999979,-14.310000000000013,-81.70638794898993,-66.21125992983575,-88.34524395238438,-28.20314161060148,-93.220835954544,-42.90151122819022,-26.220907016833507,-0.09989736595790581,-1.254710916431297,2.0
2519.788888,871,12365.536543,871.0,1528.3084283658775,310.8929628167704,335.4573747981525,93.60000000000069,-17.41000000000003,-114.86803399085991,-91.1143579907716,-120.31991019169972,-37.10464128787091,-135.71514918153605,-64.12139747461643,-38.81638832088692,0.019983100604546115,0.3481056125311934,3.0
2702.325026,1000,12397.945543,1000.0,1457.4072874820831,370.9842285956702,378.429733997349,102.90000000000104,-24.33000000000004,-127.226984448433,-100.55687051564452,-134.96730757623496,-44.54629486279641,-90.54945011624233,-51.80495761219766,-33.41435853429533,0.04099264423513454,0.8198528847026908,4.0
1967.706348,678,12420.319326,678.0,1194.6668580852472,240.54205972151226,259.82653609272154,76.05000000000003,-14.660000000000014,-89.16967113971707,-73.29019373729825,-94.5415984686442,-32.22358650619292,-103.25799072816694,-46.13218302592074,-28.103881936300468,0.1502987778687757,2.038051427900599,2.0
1654.174517,578,12439.38189,578.0,1025.0868260660106,203.44145714306538,222.3438651683843,59.09999999999962,-10.89000000000001,-75.61717361927036,-64.16323336325583,-80.77333606750992,-26.510873879225514,-114.42779860542652,-36.56532516031491,-24.849890753259235,0.29997251045773526,3.4676822208914198,2.0
1580.022612,589,12458.604347,589.0,919.9495401804437,210.06007400629628,225.55780411604132,59.84999999999961,-12.110000000000008,-74.9849028205872,-67.45462319850921,-81.56417858328093,-26.440100149655255,-93.16362605145126,-44.18782374385519,-24.489552031334615,-0.35640020790552207,-4.19839444912705,2.0
712.592115,243,12466.512393,243.0,487.56309778540987,81.07847647270523,91.92797376561988,24.449999999999946,-4.700000000000001,-32.08419026374818,-28.939400283619737,-34.32520206983058,-10.829585378406577,-63.83428854531166,-28.82214717785453,-11.892619699698235,0.3616711221476941,1.7577216536377933,0.0
1229.509803,433,12480.667131,433.0,746.4876530355707,152.43021637115172,163.52738276470396,45.44999999999975,-9.180000000000005,-55.40351137638091,-46.894206479191766,-60.72315293750475,-20.6791787640365,-66.45651155846211,-35.28956354409299,-16.759324634947227,0.12950665106235545,1.1215275981999984,1.0
2625.844118,1000,12512.904923,1000.0,1392.1386327507064,370.41516004652556,379.6410994891943,101.55000000000099,-24.350000000000026,-126.09363839149479,-103.13760101795188,-137.30279120340992,-46.041401948811405,-83.41348667227399,-60.642922769558574,-36.91893268756782,-0.07207206253796347,-1.4414412507592693,4.0
2634.045231,1000,12545.500027,1000.0,1397.5899595066396,370.2107719293273,382.6236584520196,100.20000000000094,-23.98000000000003,-127.19096223354347,-102.36263078078626,-134.79637758900887,-45.525549436655226,-87.44958749993305,-57.85182312936136,-37.422227809369396,-0.019219684536743793,-0.38439369073487584,4.0
523.236141,185,12551.49768,185.0,334.65038419360326,62.84237757138204,66.95712094996668,20.399999999999984,-5.960000000000002,-24.34393493175508,-22.374571935832506,-26.810144768547413,-9.26220609514163,-31.598919419779453,-19.11954936854095,-7.144414879276629,0.7929409404439214,2.9338814796425092,0.0
439.575431,161,12556.708832,161.0,285.9593191988215,52.7620058847319,60.33997575830808,18.150000000000006,-3.1499999999999995,-20.081182842254634,-21.77697593867779,-22.739421540762578,-6.910839406532544,-43.50542490535745,-14.45558814308012,-6.016436750734118,0.7714679213151187,2.484126706634682,0.0
1121.369302,402,12569.737366,402.0,661.4904948235435,143.4992899657225,149.18482218878614,38.54999999999981,-9.730000000000006,-52.37482763767237,-40.06412473171945,-55.07088513449661,-17.446948390167684,-53.7988487368825,-30.050952031580515,-14.818718790937902,0.674746616190523,5.4249627941718055,1.0
1097.349258,400,12582.826233,400.0,632.8275427175199,144.64893018925537,151.51621576092606,41.99999999999978,-8.280000000000006,-51.45859099388119,-43.39832946136593,-55.312983245360755,-17.06502466662203,-55.03745746554897,-27.645636442369838,-15.445407901238383,0.04135491613138672,0.33083932905109376,1.0
438.451016,161,12588.124567,161.0,266.90960102848413,53.17202072417396,57.198729626419905,15.450000000000026,-4.259999999999999,-20.06158441543579,-18.197523949295267,-22.65705840640224,-7.073847120301095,-25.72286489090871,-11.922885016928939,-5.383572069108627,0.7766416922305192,2.500786248982272,0.0
1467.245157,506,12604.566257,506.0,898.4416457725886,176.27310956073492,196.64915074362574,50.5499999999997,-9.830000000000005,-65.44267560005188,-57.66288295425474,-68.75430920952488,-21.675316868342676,-85.47671905202789,-30.46988894431557,-21.35695653612416,-0.4348534097236998,-4.4007165064038425,2.0
2983.264049,1000,12638.030852,1000.0,1788.1519610132584,365.36582751853484,389.53229752214116,110.40000000000133,-19.790000000000028,-131.4947156095506,-100.97342768758537,-134.76663199759466,-47.075291533948004,-134.50629342915875,-59.640745907042344,-41.9389305263329,0.19872304147723588,3.9744608295447175,4.0
1267.519106,474,12653.741904,474.0,738.1272196881933,167.6068260208842,183.2447504229275,46.19999999999974,-11.630000000000013,-61.6073475885391,-53.83396837711334,-64.41502225556879,-21.026207456785674,-76.28906033956622,-32.63446845608208,-20.223615531773337,0.2671150516257534,2.5322506894121424,1.0
765.023706,270,12663.047476,270.0,513.2630191513463,90.82016256433099,102.29920725471779,28.499999999999908,-4.32,-33.93008460998536,-38.392353941872706,-38.849583810404475,-12.437219579934464,-72.71700851591103,-27.69940194600625,-11.513030345918425,0.88610837987524,4.7849852513262965,1.0
1364.124471,470,12678.321074,470.0,844.6628725335005,162.24954647986655,180.956702358197,48.29999999999972,-11.930000000000009,-61.95925725936889,-51.10361871793871,-66.14319786005302,-21.673942677378925,-74.48552601310485,-34.63278033886553,-20.116327841939967,0.5922859791979377,5.567488204460615,1.0
1089.969999,390,12691.023047,390.0,654.7952683279433,140.37744292062175,145.64988979799708,38.09999999999982,-8.740000000000006,-50.00388214588166,-45.52878403887156,-53.35793799327857,-17.88887087260648,-58.494433531048145,-30.54329891795635,-14.39539480473823,0.45296424974120153,3.533121147981372,1.0
604.821704,226,12698.304018,226.0,356.6311116629699,79.0220529888393,86.16642886944348,23.249999999999957,-3.7399999999999998,-28.916639828681962,-27.263814356178035,-30.247712151830186,-9.91258051044864,-30.449026603261306,-27.54300920002585,-8.175107298065281,0.6029471052291572,2.7253209156357907,1.0
800.741189,305,12708.129588,305.0,472.6611096645999,107.43033336108402,117.06503293846399,31.49999999999988,-8.300000000000004,-38.27769635677336,-36.45177376568315,-41.910580115128035,-14.455802688836027,-63.30598644971708,-18.21942432092735,-11.994022902894296,0.6087009216515589,3.713075622074509,1.0
1934.402806,708,12731.201782,708.0,1116.742774808275,255.72141384062394,272.96562831920585,72.44999999999989,-14.730000000000015,-90.1935789632798,-76.82515213936567,-97.75188498426638,-34.18370293934516,-100.96273732679374,-48.95755291895173,-27.87240190325786,-0.2234418505288458,-3.1639366034884566,2.0
1302.37397,455,12745.913393,455.0,783.9969371393233,161.80191222013195,169.6731043572508,48.749999999999716,-8.540000000000003,-59.5435428905487,-46.727012613415724,-61.362786732009425,-18.55070321652211,-71.36353241371914,-33.56560251854792,-17.19480297237183,0.3189898701774151,2.9028078186144772,2.0
1754.504433,596,12765.013623,596.0,1100.7926820720836,209.61773244914093,230.36194196080146,65.09999999999961,-11.110000000000005,-80.73999760627743,-66.75543996300546,-81.85525046372587,-25.918406788680915,-99.1826588113275,-53.24518673881882,-28.560983305097608,0.811202345584781,9.66953195937059,2.0
1187.293849,465,12780.027843,465.0,658.4148722046926,165.746919337585,177.42792427942297,44.84999999999975,-10.680000000000007,-59.52024494647977,-49.63315878100692,-64.63139298079744,-21.277905079713797,-66.13594537024431,-35.07570869399944,-17.19151118221474,-0.04863734807234309,-0.45232733707279077,1.0
680.210495,245,12788.256752,245.0,427.907920389353,84.63965065945727,90.58317737509323,26.399999999999928,-4.599999999999999,-32.08550181388858,-30.185251513123525,-34.741526695673755,-12.028361687793774,-48.147805197223974,-22.067638326510405,-10.464167840734332,0.5825078969928904,2.854288695265163,1.0
341.183307,129,12792.479885,129.0,219.3831203253749,40.500103633710275,48.865437372859,12.450000000000019,-2.639999999999999,-17.271319952011112,-15.88608288541436,-18.146418383424457,-5.258359669600495,-30.48877190961278,-13.613136551619908,-5.711264959972103,0.5893101295101171,1.520420134136102,0.0
2855.603174,1000,12825.1696,1000.0,1667.4856734559355,364.3584922870947,386.65539371928014,102.00000000000101,-19.44000000000002,-129.3825211668014,-100.24377639517195,-135.40808870352583,-45.23989499944164,-130.1116885910064,-63.51606474229406,-41.55435056622074,0.5616383017626696,11.232766035253391,4.0
1978.912448,671,12847.046163,671.0,1227.8046736487101,242.21373091474823,258.6185477068629,72.44999999999989,-15.73000000000001,-86.83856097698212,-71.92178740650414,-93.67568590583191,-30.655319315382954,-120.84059279438941,-45.19721951831785,-28.315337979444408,0.21249580230206755,2.8516936668937465,2.0
599.841872,221,12854.215224,221.0,372.50024582768106,73.73761284306478,84.12140780814572,22.94999999999996,-4.379999999999997,-27.92787035942079,-26.761931396275763,-30.049593281396323,-10.2318484582948,-46.79029975775204,-19.476624354668903,-8.849227118635213,0.8273214236219109,3.656760692408846,0.0
473.982116,183,12860.100157,183.0,301.133002061217,61.6542771243192,68.41471733627797,14.250000000000023,-4.71,-22.808896126747136,-20.75369698256254,-24.511514700595946,-8.013633440928484,-51.0310814070086,-16.034685921717152,-6.606372020828657,0.9099475813841839,3.330408147866113,0.0
1272.003676,466,12875.12865,466.0,730.4265856477631,166.8314289519134,178.0883600498165,49.49999999999971,-9.360000000000003,-58.59028301239019,-51.667197590321344,-66.11418632295994,-22.380666208649945,-68.88315026114714,-25.44129195258689,-16.40592348850862,0.08731944729602444,0.8138172487989478,2.0
1788.088021,594,12894.403837,594.0,1123.4306191774288,208.75529884257816,226.18187380851404,65.24999999999962,-9.860000000000005,-79.5720307731629,-59.58421352133152,-83.1048334882575,-26.250910086360314,-105.33020207386062,-41.767430226173786,-24.060150871444012,0.0898803015316399,1.067777982195882,3.0
827.26722,307,12904.431554,307.0,495.0705562903687,108.57352952956772,114.53395463595054,29.099999999999902,-8.070000000000002,-38.77375507831574,-38.58519907891751,-42.17153050127801,-14.409423932043579,-47.79677528555249,-25.40426593329574,-11.799870658968066,0.7481104740973948,4.593398310958005,1.0
2885.237025,1000,12936.852901,1000.0,1676.231556119711,367.53289456793954,385.7707679584525,110.70000000000134,-20.270000000000028,-129.78686041355135,-99.19437664076696,-139.99101688457594,-46.385526088583184,-126.22577442120219,-55.671100450529586,-37.473538932002654,-0.3470082389034203,-6.940164778068406,3.0
556.900153,196,12943.223605,196.0,365.0772986463603,65.9157262361529,73.71835972750674,19.64999999999999,-4.680000000000001,-24.50572613716126,-22.871663422882545,-27.55601498336062,-8.951579936384489,-51.709006634712146,-15.601620394273361,-7.585620557725161,0.6939874039558187,2.720430623506809,0.0
-13.830762,67,12945.401227,67.0,-46.00456559332594,21.377974151128633,19.4448174817095,1.6499999999999997,-2.36,-10.535071835517885,-10.86940996283665,-10.290567667680772,-3.470597102614652,-7.529293832827733,-29.402726245533504,-2.8413214676295895,0.28524552309290413,0.3822290009444915,0.0
1913.397166,703,12968.2537,703.0,1095.5986642447574,247.78793585613755,266.96542448977914,71.24999999999984,-17.530000000000026,-90.07739939212794,-69.1069711379707,-95.68633952255985,-30.539050271169053,-94.01786598694915,-48.68572151519729,-25.56151091597149,0.6694502141396478,9.412470010803448,2.0
297.488456,116,12972.029322,116.0,192.64729244089625,35.49266572738472,43.22320318985636,9.00000000000001,-3.4499999999999993,-14.54594718933106,-17.534866223111752,-15.764341903544416,-4.761762902330329,-24.07657970825284,-15.078306201227566,-3.662900903618892,0.865480401496816,2.007914531472613,0.0
731.513499,289,12981.406958,289.0,407.9406547894923,99.81192837851493,108.61414395077118,26.24999999999993,-5.2,-36.76477783679961,-32.032547028362764,-38.358963249216075,-13.590949745194196,-40.20417414658462,-23.114396115206397,-10.837420377637292,-0.2447085238267188,-1.4144152677184347,1.0
1128.052736,426,12995.197233,426.0,665.4139801155188,147.96510711087376,163.2428261031015,39.7499999999998,-10.070000000000006,-54.943947362899884,-48.58104401603344,-57.57562590736259,-19.527384643926837,-70.55659429580186,-36.64101704703374,-16.423564048060776,0.060094716726141556,0.512006986506726,1.0
1204.183099,415,13008.701392,415.0,757.0883355859489,147.93360237902863,159.12590641319304,43.649999999999764,-7.880000000000003,-55.78769894123076,-45.52693340517577,-57.1782677541769,-19.811802896138207,-74.92826881896207,-38.22901386411511,-19.272759258337747,0.027789099906954908,0.23064952922772575,1.0
291.49857,169,13014.252608,169.0,105.81777000544348,58.85351156536795,61.10061211819832,11.250000000000016,-4.27,-21.614287757873548,-23.35081401765346,-23.40265671452793,-6.386035856585706,-5.370352828465497,-23.99387567476667,-6.135300394332835,0.3225449900678106,1.0902020664291998,0.0
96.038088,75,13016.699071,75.0,30.39437612875087,25.095082997470723,21.80273842527831,3.7499999999999987,-2.78,-10.833754448890687,-14.079044734686615,-11.568839620785836,-3.8014596508786256,-3.590448905292475,-10.420239485002233,-2.9303228097966225,0.14647959719811246,0.21971939579716868,0.0
877.002441,324,13027.228369,324.0,509.038252671501,115.35171910390143,121.32122111536839,32.24999999999987,-8.190000000000005,-39.5378512525558,-32.178659587353465,-44.30388105452205,-15.290184113755721,-52.401394372413314,-21.759772626379426,-11.297008620198342,0.5846556820445004,3.7885688196483627,1.0
1685.46938,683,13049.340501,683.0,854.5977762545151,246.2955787244289,263.2040555405099,66.89999999999968,-16.170000000000012,-86.9711305189133,-73.98328815326087,-92.19571277233929,-30.754162182474843,-48.00941543898965,-53.45082778288415,-26.993493712847243,-0.034843162975907456,-0.47595760625089584,2.0
810.735359,279,13058.456475,279.0,516.5745692980397,95.78615343696215,105.20669011639986,28.949999999999903,-6.970000000000004,-34.704194965362554,-30.250697147659945,-38.81949089591509,-13.66105857474362,-57.79553323943525,-23.07241850888822,-9.508660971024815,0.8984557967650285,5.013383345948859,1.0
2836.022093,999,13091.439344,999.0,1675.6097432850424,356.8568200440842,379.3757739952315,104.2500000000011,-21.48000000000002,-129.536283955574,-102.49333904106165,-137.66790859318888,-48.02866023172646,-126.71457323966257,-74.11595198165978,-39.03352726066089,-0.2085618994767763,-4.167066751545991,4.0
2785.861605,1000,13125.434431,1000.0,1583.0603949889091,365.8845663872606,392.67474502680994,101.10000000000097,-25.190000000000026,-130.14865766048436,-104.18611966855816,-134.1108354507049,-45.618843958628574,-106.04603775766907,-69.74077767126235,-41.81682923598627,-0.18363014550775042,-3.6726029101550086,4.0
251.487039,114,13129.175222,114.0,125.47211197919596,41.71572534183497,42.24793281181194,11.100000000000016,-3.6299999999999994,-14.64894798755646,-15.613852042704814,-15.582678290369481,-5.560320433106082,-11.553147207904358,-12.66484064112684,-3.794944531504321,0.40479113027691366,0.9229237770313633,0.0
912.349742,351,13140.88379,351.0,512.6443141348138,124.22578570711087,133.90073856693158,35.099999999999845,-8.930000000000007,-43.7402682542801,-40.47394455373285,-47.03246236661505,-14.307375145007633,-46.86509868561869,-29.6045179714148,-13.567429856332469,0.2982510091617294,2.0937220843153406,1.0
1552.212266,507,13157.976675,507.0,997.8108270875274,177.14435401581497,194.22052036393512,57.299999999999635,-9.080000000000002,-66.38324365139005,-55.77212278246878,-72.85231313139592,-22.911124916321032,-98.20104931832746,-34.00266329008248,-22.06091847187077,0.4159313495165429,4.217543884097745,2.0
1198.519759,426,13172.594742,426.0,734.0664484264555,147.13710151288285,159.92485466422758,42.599999999999774,-8.890000000000004,-54.41640448570256,-47.6849825501442,-60.05683671195922,-20.581410056265472,-74.00881670119325,-28.349003250329492,-17.221192325717883,0.6131830388994935,5.224319491423685,1.0
2657.847145,971,13205.343431,971.0,1540.235263746314,350.2820456042059,373.60753248450834,99.0000000000009,-22.300000000000022,-125.94491448402404,-103.03947136066851,-133.299047816577,-45.431548505471916,-124.32058872946618,-81.48732814254343,-40.45479760159008,0.4147855830395085,8.055136022627256,4.0
682.031546,277,13214.655601,277.0,365.15908714800867,95.8922239667225,104.8691104939052,28.799999999999905,-7.290000000000003,-34.121212024688695,-34.47891544774175,-38.52697632365311,-12.237613097689866,-27.52118532505871,-25.73246099768459,-9.780511902447751,0.2672238954461305,1.480420380771563,0.0
2098.692417,774,13241.088343,774.0,1203.852938570634,277.9429958804304,298.917338662435,80.40000000000019,-18.130000000000027,-100.70613506793971,-84.28806147724399,-106.7663469991432,-35.76845188531263,-98.17580078622248,-59.31880302107898,-33.267257097599085,-0.21167498640936147,-3.2767287896169157,2.0
251.527232,123,13245.357554,123.0,107.97439014370546,41.19094771200481,45.48941998874643,9.300000000000011,-3.0,-15.488858838081361,-16.132826675474647,-17.10543577676189,-5.472545334561994,-5.8753965596843045,-8.400955058920902,-3.9515071716392036,0.07235858977259772,0.17800213084059038,0.0
2469.284639,1000,13281.664774,1000.0,1217.2971476282912,372.99214123864886,384.65290466089635,98.70000000000088,-28.88000000000003,-125.19228398323057,-105.50704676359886,-133.43970513841123,-45.62404699480775,-64.57089438989422,-65.15891159823258,-35.98466522804386,0.08494473802413072,1.6988947604826143,4.0
568.484962,198,13289.072263,198.0,374.5948622208277,68.38054325128115,71.29861458403353,20.249999999999986,-3.349999999999999,-24.527393250465394,-27.46396579816937,-29.415750467200876,-10.85070032842977,-44.9505449945438,-15.748188284484007,-7.732515114378064,0.7868686563725471,3.1159998792352863,0.0
2544.622944,913,13322.144799,913.0,1480.3337715378993,329.25195355356874,351.27677732453327,98.25000000000087,-23.42000000000003,-119.11880079269403,-94.28167329393321,-125.3405421796803,-43.49762129629645,-118.94949840353179,-65.12636184565741,-37.75506039837293,-0.12002758699084984,-2.1917037384529183,3.0
152.903119,115,13326.160189,115.0,38.64677962762401,40.033323166750826,42.897559288725134,5.850000000000003,-3.4199999999999995,-15.631103496551518,-20.512673955410722,-16.269075910546427,-5.540910681979703,-3.170687822806348,-20.312627629765082,-4.66746408525326,0.054014369940598425,0.1242330508633764,0.0
1390.143473,491,13343.795569,491.0,864.246057475031,168.27647537697086,187.7828935540722,50.999999999999694,-9.52000000000001,-63.41785628795621,-47.44529938846825,-70.00985466344487,-20.973203963963854,-101.38337629175304,-39.540452395941486,-19.871910078570792,0.8476877835820071,8.32429403477531,1.0
1507.045413,495,13362.922785,495.0,989.4051875713491,172.86812374036754,190.91758317488228,52.049999999999685,-10.490000000000006,-65.20882113456724,-52.77032647579909,-69.63700241271458,-22.95336288881546,-113.79357799551114,-35.40700797147902,-22.935382353606162,-0.3743136194260989,-3.7057048323183794,2.0
673.304661,259,13376.802619,259.0,390.3176621744923,90.50791987763579,95.4029755731023,26.699999999999925,-6.910000000000003,-32.51367220401766,-29.325474821031097,-36.035011968844564,-12.648672398996572,-40.783562440443994,-20.86809097770424,-9.539411573931206,0.5967642872224314,3.0912390078121943,1.0
2716.113744,1000,13411.826266,1000.0,1487.7177537937,367.4287375461397,389.3375352174221,108.75000000000126,-25.210000000000036,-128.9324814224242,-103.48798134438708,-137.03937625602757,-45.58315823268728,-92.71868122643856,-61.69902390260086,-42.449580020908314,-0.08954135028722213,-1.7908270057444424,4.0
811.465429,286,13421.893595,286.0,527.6581146595928,97.80100813763963,111.11907243868473,30.149999999999892,-6.100000000000001,-36.13538070678712,-39.72595071047543,-40.478390601882545,-13.71029340856221,-67.5333909107847,-24.23470131399731,-13.344658225862696,0.7019195109817635,4.014979602815687,1.0
779.492359,313,13433.707963,313.0,420.85623934084606,110.25285474924796,114.62426652858143,29.549999999999898,-7.740000000000003,-38.705288896560695,-36.38454314768317,-43.19061165104385,-14.860207347609148,-29.886367680321595,-26.524272226757045,-11.49971026339271,0.017420650626132687,0.10905327291959062,1.0
1004.1624,370,13446.850413,370.0,578.0010523375856,130.19724712744463,138.4904987290143,36.59999999999983,-9.450000000000005,-45.460063505172705,-40.6125355541706,-50.127489874948004,-16.84710708279166,-48.25480927113549,-24.473964683064988,-13.90042814554426,0.4162152554554768,3.0799928903705283,1.0
899.026902,306,13457.214019,306.0,590.1207107189643,103.8956467931348,118.07503967511174,35.249999999999844,-6.120000000000002,-41.072505397796654,-31.986734046787,-42.95950218774383,-14.595482569969748,-80.35635698377968,-23.177768437651146,-14.04614524163675,0.27304309867657517,1.67102376390064,1.0
1152.95927,433,13472.024409,433.0,633.9889843865164,158.68259153447585,162.0394837602025,42.29999999999978,-11.330000000000007,-52.78332571983336,-47.90017155781385,-58.728501351678474,-19.173071545922912,-43.28707669449516,-28.35085375614303,-15.498788838648595,0.2560256053102525,2.2171817419867867,2.0
1391.800201,467,13488.000773,467.0,885.9870980785373,162.7049855823567,179.47647421385614,50.6999999999997,-10.730000000000011,-60.06784095525735,-55.26554598212243,-64.2091383299504,-21.70301556911575,-89.18615673192222,-32.388032417946846,-20.51862690651107,-0.04271591542560695,-0.3989666500751689,2.0
1100.628129,368,13500.992637,368.0,711.943815719722,128.47590682845214,139.94678700868718,40.499999999999794,-7.250000000000003,-47.06421039104467,-42.12281999215485,-53.3181303529065,-18.850822108884547,-81.54051440325057,-22.879633309777308,-15.212250143621896,0.6852384166408677,5.043354746476787,1.0
1266.306073,413,13515.955042,413.0,849.5487560910354,139.1358246489847,156.01071240891537,46.49999999999974,-7.330000000000004,-52.739482398033125,-47.01623074300589,-60.09532808037582,-21.52834624246865,-105.89066290181162,-26.683525864415028,-16.605644338733306,0.3563328411184847,2.9433092676386834,1.0
1557.365987,531,13535.00911,531.0,986.129154601654,184.60367051771385,204.23983875348415,56.39999999999964,-10.66000000000001,-69.85176261425012,-57.27304510306569,-75.48515034890697,-25.526429308098415,-100.12109636359651,-42.85239606471439,-23.236797338708683,-0.34249448211735173,-3.637291400086276,2.0
658.815371,237,13543.511043,237.0,395.0694550122167,83.20016536521766,88.88855817520776,24.299999999999947,-5.0,-30.47695128917694,-27.488744467124356,-32.409851144433986,-11.229221216416537,-35.54019147163794,-17.523744357159472,-9.974103771869109,0.6108030822258992,2.8952066097507623,0.0
2673.438361,968,13578.378714,968.0,1534.8223472350314,353.34152170746324,373.47495432231386,99.75000000000092,-20.720000000000027,-125.53508700370772,-102.01629731506105,-134.2243763489932,-42.71973212129527,-131.6945773513079,-57.415864434149384,-41.6245275772273,-0.37338539618697303,-7.228741270179798,3.0
1607.245289,542,13598.796195,542.0,1064.8311857624572,185.517386814186,209.90093221191873,56.84999999999964,-11.69000000000001,-71.12326555728917,-62.64896606579428,-76.72024745205417,-25.773948574809268,-129.1136607806285,-50.517780237277,-24.266347128377596,0.3876359385944301,4.201973574363622,2.0
1136.317709,407,13613.921794,407.0,684.9716157954813,144.56542141064335,152.96895375503294,43.499999999999766,-8.050000000000004,-51.06494473457336,-46.84043758362532,-58.30418690642805,-19.12232298741461,-66.93033994568081,-30.82594074271821,-15.550109185810564,0.4060623682743498,3.305347677753208,1.0
2058.688467,798,13643.151872,798.0,1103.568045125714,290.9786133070119,300.7142840817508,79.20000000000014,-21.800000000000026,-98.06285151004772,-84.53192578256129,-110.20371121044384,-36.41510454878382,-75.1619919007013,-57.88303003511475,-29.713860702409487,-0.06635535543349158,-1.0590314727185257,4.0
679.702666,242,13651.560759,242.0,444.5005447158187,80.66345815243022,92.69667344445362,22.79999999999996,-6.950000000000003,-31.158695750236507,-28.442344586551172,-33.85091902959121,-11.839780045362865,-57.57245329568121,-22.830079308209598,-10.313738207689736,0.8274935410945052,4.005068738897405,0.0
209.882114,136,13656.248209,136.0,65.97752668480254,46.02467898416094,49.12733304288848,4.65,-4.21,-17.362086491584773,-16.624367707967753,-19.31348646842756,-5.476979441331497,-1.9348215758808656,-22.165457779895835,-4.810224826052593,0.014129120413785922,0.03843120752549771,0.0
2642.211555,997,13691.573063,997.0,1448.8010522106274,363.1308324578721,380.63109208958593,102.45000000000103,-27.54000000000003,-126.19270481109618,-103.59431412257257,-137.74751796671066,-46.61760197403382,-105.8092153847151,-63.95449177116342,-38.34557578220984,-0.21549355250725588,-4.296941436994683,4.0
2917.243261,1000,13730.139483,1000.0,1763.699188251115,359.1103447970075,386.34200831847767,109.35000000000129,-22.030000000000033,-130.73638168334952,-99.42498801983875,-139.8732385670943,-50.2066243296293,-144.37863789857641,-71.49779747582957,-43.110612200471195,0.6107221541765087,12.214443083530174,4.0
2612.97828,1000,13767.064018,1000.0,1358.0227704285608,373.3545710173022,381.1184352922191,103.95000000000108,-24.410000000000032,-125.25961842060093,-98.1051850296557,-136.55288641977612,-43.845574869416595,-79.14849983805304,-58.73953094163074,-37.406201701653536,0.017184525029935872,0.3436905005987175,4.0
854.660166,408,13781.390955,408.0,357.56651508095695,147.2466398655079,154.5755827506238,32.09999999999987,-9.670000000000003,-51.17521165370943,-48.597940960526465,-54.866154970599574,-17.788514747962545,-18.493757347486003,-29.667162403842877,-14.569829343707728,0.35693310060896677,2.912574100969169,1.0
