#{"t_start": 1783133905.6750956, "env_id": "None"}
r,l,t,rc_alive,rc_forward,rc_upright,rc_height,rc_single,rc_air,rc_ctrl,rc_action_rate,rc_torque,rc_slide,rc_lateral,rc_yaw_rate,rc_joint_vel,ep_speed,ep_dist,ep_pushes
-17.292999,78,1.152134,78.0,-32.72763775941053,25.760114415794714,27.41863242752064,1.2,-4.3,-6.185569255352019,-30.606324625015255,-12.022199218884223,-3.379777898846125,-3.7230564129488015,-53.747126817544256,-2.980054303082761,-0.12739918873200035,-0.19874273442192056,0.0
-27.382327,52,1.225405,52.0,-41.45438315001174,15.455172699553193,16.459789216275137,0.0,-3.2999999999999994,-4.240307674407959,-22.090299344062796,-8.168476008219791,-2.2266844352408177,-4.1988547755520775,-23.76725449317255,-1.8510291979990874,-0.30592255634820614,-0.3181594586021344,0.0
-47.919619,60,1.30642,60.0,-51.24854054764127,18.82661305766827,18.986393870616094,0.15,-2.9499999999999993,-4.932579159736634,-23.34558119773865,-9.477862041833921,-2.3951990604248103,-5.665596892427885,-43.48398773613935,-2.3832790548353127,-0.39843458642568114,-0.47812150371081735,0.0
-14.556768,59,1.384664,59.0,-40.650968167178476,16.12795051152049,18.88900923498293,0.44999999999999996,-3.34,-4.6711999726295454,-22.88267022371293,-9.522206202103908,-3.1989119962908954,-5.558485643336902,-17.115702422876765,-2.083583315472565,-0.31791862791904757,-0.3751439809444761,0.0
-29.395156,68,1.482154,68.0,-46.803135167085024,20.335110759343824,22.099981730140318,0.6,-4.9300000000000015,-5.308295211791992,-26.829509270191192,-10.559070005133522,-3.8618745991211094,-6.29227586546698,-33.08627141177643,-2.7598172973034285,-0.3160132720646895,-0.42977805000797775,0.0
-53.457585,57,1.564486,57.0,-57.5301929685637,14.246698558493442,17.118243548857798,0.15,-2.76,-4.462419340610504,-24.33103495836259,-9.361266237055172,-2.6023125806000618,-7.336356617717939,-31.359037067850043,-2.229907789618989,-0.2410498371404223,-0.27479681434008146,0.0
-40.354368,54,1.640297,54.0,-47.598551850936786,15.106975297565185,17.060774509598666,0.3,-2.17,-4.286708512306214,-20.69515241384507,-8.545759771764253,-2.7737684158327798,-4.838134226332259,-33.815709106609994,-2.0983333831498445,-0.37171306631916406,-0.40145011162469724,0.0
-63.160302,51,1.719492,51.0,-71.17556567187376,12.798893101249304,15.891697526440126,0.15,-2.42,-3.895715103149415,-19.011094975471494,-7.829745527704192,-2.502510261781201,-10.006522720078502,-24.296308058637592,-1.8634305894805503,-0.5259627537055174,-0.5364820087796277,0.0
-26.180882,48,1.783968,48.0,-25.893744318052246,12.967527152401354,15.672812450585804,0.3,-2.8199999999999994,-4.041826734542847,-18.433528494834903,-7.980847689189891,-1.9194214132233458,-3.3899044060516577,-36.41926261236671,-2.222685875417862,-0.2128469690587716,-0.20433309029642072,0.0
-40.069657,65,1.881062,65.0,-49.72257972138614,19.616997824419272,21.55558733808479,0.15,-3.9499999999999993,-5.312820608615876,-27.186225390434267,-10.238940718199238,-2.9067357731025507,-5.776413183625136,-38.725942880202545,-2.5725842578778884,-0.26818974434913084,-0.3486466676538701,0.0
-2.657597,57,1.962958,57.0,-21.72889517502631,15.942990505842298,18.297014519486247,1.2,-2.4899999999999998,-4.097899091243744,-20.425858092308044,-8.512978710282159,-2.653045650087948,-3.465079569528457,-29.62544270827359,-2.098403519489391,-0.2285046567372884,-0.2604953086805088,0.0
-18.098175,51,2.037179,51.0,-24.843486724486482,13.660203291516256,15.551882517448131,0.44999999999999996,-3.32,-4.15584023475647,-20.232835429906853,-8.130592673625943,-2.4390391297468934,-3.5607115708208608,-30.300494068178267,-1.777260997824869,-0.22031211390993774,-0.2247183561881365,0.0
-40.98194,51,2.107377,51.0,-55.215774460911796,12.131421515103337,15.721991416728974,0.15,-3.61,-3.8267964506149292,-20.895403933525085,-7.723408021455904,-2.918856552945904,-6.761043982100168,-17.269972641352066,-1.7640965404029185,-0.4213965591902066,-0.4298244903740107,0.0
-49.104363,75,2.205198,75.0,-68.3939176261521,23.464725963422005,24.25346585824902,0.6,-4.04,-5.989529950618742,-28.60125957727433,-12.09590979756645,-3.699332314578285,-9.86401129035799,-36.44283040978251,-3.295763775680276,-0.01209919771844079,-0.018148796577661185,0.0
1.508917,58,2.288506,58.0,-11.517312519416416,15.651639943545716,17.73941364717078,1.2,-3.4299999999999993,-4.715823307037354,-21.823833775520324,-9.296120531321241,-3.344816521578504,-2.4263296236201444,-31.762378715611387,-2.765521964757532,-0.16654838635657743,-0.1931961281736298,0.0
-21.765717,60,2.373545,60.0,-40.540676360593224,17.91197136083737,19.548313825130556,0.44999999999999996,-4.22,-4.774683084487912,-25.04186683893204,-8.922441359379603,-2.3407689720498306,-5.314214601855312,-26.37166753192444,-2.1496837789495102,-0.2234235881670283,-0.26810830580043393,0.0
-53.948354,42,2.431004,42.0,-47.868188442483536,10.57484934732183,12.69506339429314,0.15,-1.8999999999999997,-3.4172577428817763,-17.4727942109108,-6.541226308031483,-1.618380017436852,-5.1117478556443805,-33.80868865102879,-1.6299838884556195,-0.4913180314756438,-0.41270714643954076,0.0
-0.832217,71,2.53764,71.0,-32.33221367923108,22.673715110115545,24.32581587821157,0.44999999999999996,-3.3299999999999996,-5.657154765129088,-28.010477995872503,-11.326239656516982,-3.4410290366475347,-3.9922452847317236,-28.157537156107338,-3.0348506986703776,-0.2810899461177051,-0.3991477234871412,0.0
-39.966665,67,2.630648,67.0,-65.98132139431017,20.33227496679724,22.413137106355805,0.3,-3.1199999999999997,-5.238729343414307,-25.33408858776093,-10.07970626995208,-3.2125087177338547,-7.961376380937136,-26.609761305262698,-2.4745848194877103,-0.3989230384744446,-0.5345568715557558,0.0
-5.890871,49,2.696984,49.0,-16.409106614085125,14.531502747162563,15.925093317709997,0.15,-2.6899999999999995,-3.705905048847198,-19.084082078933715,-7.94236326351853,-2.3847052041023487,-1.3955185342927572,-30.033791178653914,-1.8519952555292565,-0.22128368482570998,-0.21685801112919578,0.0
-58.382429,59,2.787185,59.0,-66.86788497984573,16.13464799041042,18.06114441212332,0.15,-4.279999999999999,-4.878347244262694,-25.034790825843814,-9.344031384765405,-2.661552396789291,-8.45944170280809,-27.87233523348582,-2.329837382381004,-0.44420979671181127,-0.5241675601199373,0.0
-36.90148,50,2.858556,50.0,-46.44338145140358,15.238932012368966,17.114017923062292,0.15,-2.6899999999999995,-4.141803493499755,-21.026966392993934,-7.52139291467439,-2.1845072901167972,-5.1285109802411615,-28.562721871592448,-1.7051452762820423,-0.27698880197371895,-0.27698880197371895,0.0
-33.61006,62,2.947143,62.0,-49.27142663805793,18.10941798100744,19.9118851417908,0.3,-2.6399999999999997,-4.959147973060606,-24.464150100946433,-9.915770073703818,-3.30708881967585,-4.537016213112218,-32.515914819493524,-2.320848842150492,-0.19570975106147465,-0.24268009131622856,0.0
-27.42546,58,3.024372,58.0,-51.3808916568658,14.329949196740795,17.97298886877583,0.44999999999999996,-3.03,-4.453229463100434,-21.72978962659835,-8.72435719190913,-3.223433994856305,-6.385914466282113,-17.36208827265591,-1.8886938702985088,-0.4255492968606778,-0.49363718435838616,0.0
-82.959947,49,3.083522,49.0,-77.2325953682238,10.308168205627247,14.501873642430775,0.44999999999999996,-3.06,-3.9062684988975525,-18.394629657268524,-7.5102201779801625,-2.5160758535496783,-11.817451380612962,-30.729197174748517,-2.053550730702069,-0.6407360765172339,-0.6279213549868892,0.0
-32.449962,66,3.163135,66.0,-56.32900671857958,18.31648408814267,21.290813402022657,0.15,-4.35,-5.172389049530027,-25.543723851442344,-10.279032666554812,-3.2523879638913273,-6.545889792305728,-24.18086040936858,-2.553968790479757,-0.3412004284312253,-0.4503845655292174,0.0
-53.597319,49,3.230059,49.0,-43.4789598006847,14.050750296103708,17.231637754867208,0.3,-2.9399999999999995,-4.069738907814025,-20.38325779438019,-8.00715764942111,-3.1119572361331964,-4.061180530399783,-45.64630273457924,-2.4811521416377897,-0.28441918621193185,-0.2787308024876932,0.0
103.875049,85,3.346255,85.0,51.92797261612382,29.665850126809485,29.330365210293984,3.5999999999999988,-4.309999999999999,-6.849149820804596,-33.3261945605278,-13.466929000452545,-3.5499913375521355,-2.771751850376879,-27.435394681834094,-3.9397277619140407,0.25110727998400756,0.4268823759728128,0.0
2.430153,63,3.431671,63.0,-20.874694442811958,18.486636789676382,19.83548080980883,0.6,-2.9699999999999998,-5.316970129013061,-26.552836477756493,-9.867591188379661,-2.096963020415176,-2.361972567623902,-26.63217771760075,-2.818759255954346,-0.22532273475820708,-0.2839066457953409,0.0
-32.728734,51,3.500689,51.0,-43.413941928794074,14.257096766836327,16.102514571037727,0.0,-2.17,-4.064314150810242,-21.021135079860688,-8.226060462540062,-2.4875237918854167,-3.9440640239437967,-27.194444186549426,-1.5668612513487008,-0.3371370342549104,-0.3438797749400086,0.0
-23.963581,68,3.590809,68.0,-45.983152081727354,19.766159012798063,22.315626519529516,0.3,-4.58,-5.372806582450869,-25.96260597705841,-10.78503937522746,-3.6465717407617584,-5.067185605757698,-30.250325549017326,-2.6976798130914283,-0.3499744361107965,-0.47596523311068323,0.0
-44.645551,66,3.680109,66.0,-56.865676767772705,19.836499960659484,21.270867285396125,0.75,-3.329999999999999,-5.234873237609862,-26.739564990997316,-10.265618615561692,-2.54883231906049,-9.12253484947349,-35.75626405903737,-2.639553602314832,-0.3413462084037741,-0.4505769950929818,0.0
-44.849377,54,3.753675,54.0,-54.66654139859467,13.473721361880619,17.170495730711224,0.6,-3.27,-4.151779589653017,-20.17519619464874,-8.344362014032141,-3.122535871939091,-8.201228994763884,-26.175760245344776,-1.9861893524409044,-0.3638112389978638,-0.3929161381176929,0.0
-71.933858,57,4.574699,57.0,-79.4216313526781,15.327636504921802,18.026447301573892,0.0,-3.11,-4.79341989994049,-23.964373660087574,-8.621926845002715,-2.4505367468798265,-11.68952075842855,-26.17572354110893,-2.0608091900238574,-0.587055437596998,-0.6692431988605777,0.0
-70.467389,58,7.021292,58.0,-60.96232003466358,15.358207676625689,18.256438606276756,0.3,-2.84,-4.822510495185852,-22.961616218090054,-9.557788863529288,-3.331304670093351,-8.790550160470836,-46.360268387276165,-2.7556762690139616,-0.43672443659568966,-0.5066003464509999,0.0
-25.805091,45,8.916809,45.0,-32.996120901356996,12.532965567257074,14.538173111753501,0.44999999999999996,-2.59,-3.74012906074524,-19.29580323696136,-7.163708249856974,-2.1154775324823465,-5.146891777192319,-23.50817618824218,-1.7699227030544338,-0.2771561715792637,-0.24944055442133733,0.0
51.56434,75,12.076669,75.0,25.078576527884803,23.74454923820325,25.177364907308238,2.5499999999999994,-3.2299999999999995,-6.813551740646366,-32.143191111087795,-12.43471714502931,-3.4369335404749712,-1.1161417742017767,-37.07246626617379,-3.7391493535200544,0.10596652263878147,0.1589497839581722,0.0
-18.140414,45,13.957319,45.0,-27.702859707736966,11.564538920738352,14.044036061523943,0.6,-2.3699999999999997,-4.491014280319214,-17.64698942899704,-7.594520558252094,-2.4229556919634905,-4.5165376185857475,-20.108217492846357,-2.4958938205958843,-0.12271440328456172,-0.11044296295610555,0.0
-27.689883,52,16.026421,52.0,-40.763365728278565,12.905761608021425,16.252570242375935,0.6,-3.4099999999999993,-5.047820119857789,-21.430988848209378,-8.879187974837354,-2.482160507171513,-5.042698282384889,-19.884882237224744,-2.5071108841823033,-0.3082514621663426,-0.3205815206529963,0.0
-58.192149,48,17.932167,48.0,-61.91631127180002,12.241476359207377,12.659063645287924,0.44999999999999996,-2.94,-4.826349029541015,-19.9907057762146,-8.026703504695185,-3.0909636306934365,-8.683911648239773,-19.492385846567466,-2.5753581959903102,-0.5247021930695893,-0.5037141053468057,0.0
0.488525,57,20.355427,57.0,-11.611788200055505,16.73592014819702,19.503363186489665,0.6,-2.25,-5.9915782070159915,-23.363206255435948,-9.72493141746313,-2.4888440867681485,-2.0197304183963665,-32.65318217369807,-3.2474973318579177,-0.1747591644173989,-0.19922544743583476,0.0
84.800429,68,23.044061,68.0,56.48855894360004,19.90729556319643,24.348549663068855,3.299999999999999,-3.619999999999999,-7.199356150627135,-28.276773846149435,-11.534988525066865,-3.9398053407324407,-5.751706563652991,-23.686233336869336,-3.235110974860165,0.3238585345914514,0.44044760704437397,0.0
104.575473,67,25.862411,67.0,83.86585821738853,21.328622754489924,23.861334762747735,4.049999999999999,-4.109999999999999,-7.295321941375733,-29.00269826054573,-10.905382070856646,-3.0440881278681076,-11.630988989859407,-25.855869897804727,-3.6859929668903684,0.5211402878247127,0.698327985685115,0.0
77.288154,72,28.713757,72.0,46.843368791485325,19.718010615343555,25.409247530796318,3.299999999999999,-2.86,-8.12179383277893,-30.095818293094634,-12.244098576773595,-4.526901970411092,-7.418454678613883,-20.77918396681095,-3.9362219571077683,0.32576630644963545,0.46910348128747503,0.0
77.646571,73,31.715002,73.0,48.24172961667816,24.72360153890904,25.13325326601167,2.3999999999999995,-4.46,-7.730085954666138,-30.592785960435876,-11.525611617478873,-3.6863365839192395,-8.120376657610045,-26.399849218294406,-3.3369674957537687,0.29510842759381384,0.4308583042869682,0.0
73.690246,52,33.755371,52.0,49.513023724079204,17.22222485042418,17.222995129614002,2.6999999999999993,-2.62,-5.605176920890807,-22.114791023731232,-8.18230782528286,-2.9707907022084945,-4.20779564201938,-17.074007960682085,-2.1931273773230404,0.3661216739268152,0.38076654088388784,0.0
33.5696,63,36.250512,63.0,-3.5895540284369822,20.30985211743215,20.591719111050384,0.6,-2.1,-6.899153594970705,-25.148855304718023,-10.444162342789545,-2.715360973934567,-0.651543006411173,-16.70077308700811,-2.6825691792589903,0.22113200411780354,0.27862632518843244,0.0
130.557002,78,39.482242,78.0,98.74240980254258,27.39011374446216,25.856048409533454,5.700000000000003,-3.4299999999999993,-8.98500727176666,-32.78671569824218,-12.329028917190575,-4.1109321449038125,-11.294267366999678,-28.565746941801624,-3.6298717456571326,0.5554013480038975,0.8664261028860801,0.0
103.937859,59,41.784175,59.0,64.37498068950876,18.557441935394426,19.811539331782633,4.950000000000001,-1.1699999999999997,-6.516663486957551,-25.515741932392118,-9.09651903340262,-1.5086519218031489,-6.805596774555038,-10.24197644410832,-1.900953150225287,0.45030736212651457,0.5313626873092872,0.0
96.118477,52,43.910602,52.0,64.40950893858637,17.77923497478568,17.455749150897862,3.5999999999999988,-2.8699999999999997,-6.040111470222472,-20.489740490913395,-8.249411778082028,-1.703844530826355,-7.256637087179678,-10.219143842905876,-2.2971273072254323,0.5041706195660615,0.524337444348704,0.0
90.365094,53,46.039561,53.0,73.51201990863547,16.084804421638506,17.045377591711166,4.049999999999999,-3.7899999999999996,-6.112577028274538,-23.99952195882797,-8.922923774793553,-2.7420039974751207,-9.994855995043734,-15.590994476047646,-2.174230240440947,0.5994807808231403,0.6354496276725288,0.0
70.888366,63,48.460176,63.0,51.262911767527214,15.463619764221178,18.297380775120295,4.049999999999999,-2.53,-7.9349823379516575,-25.040782141685487,-11.073589427145986,-3.449168755850439,-3.3553692223706544,-24.443489513235427,-3.358165011508994,0.5058036572338583,0.6373126081146615,0.0
140.978209,87,52.049544,87.0,102.8087425516531,30.890398522999575,29.897823490986887,4.800000000000001,-5.100000000000001,-10.183657917976378,-38.21405715942383,-14.81632133927967,-5.481591913541306,-9.163576827605374,-27.7423615088828,-3.7171884126252266,0.46211917091355176,0.80408735738958,0.0
112.614422,85,55.646453,85.0,75.64959141792055,28.215507409346632,29.208281992584016,5.400000000000002,-3.0199999999999996,-9.994861483573914,-34.78981155157091,-15.023947708325982,-3.4255908791550844,-8.171493776416161,-32.191876461879446,-4.241377367610621,0.4164239005450551,0.7079206309265937,0.0
112.347984,68,58.334851,68.0,86.02674780572796,24.64133038495417,21.444235658466397,2.3999999999999995,-2.5899999999999994,-8.01940814971924,-32.15233653783799,-12.073864163910054,-2.2103856067712284,-10.093968462337097,-20.02680516980043,-2.997562011668131,0.5576533307752949,0.7584085298544011,0.0
130.870707,82,61.843766,82.0,91.46643743062202,27.49404163454088,28.533170099645304,4.35,-4.45,-10.235285658836366,-37.17753515243531,-13.937629072446363,-5.012628847044258,-11.0296487501888,-17.04943745508272,-4.080777076941461,0.3593278789044801,0.5892977214033474,0.0
73.398027,51,63.888907,51.0,60.39477982422263,17.273882016938074,17.128700261582164,3.299999999999999,-2.23,-6.350845122337343,-27.766969585418707,-8.637645674029537,-2.299219183152614,-8.527764185817126,-17.559815459401133,-2.3270762343595197,0.4419042464050028,0.4507423313331029,0.0
95.093002,62,66.554794,62.0,68.654708702841,20.770085860407423,20.30959666614724,4.049999999999999,-2.53,-7.782801861763,-29.734886384010313,-10.458479738174779,-2.542977042935337,-7.976456935349563,-17.356384685555092,-2.309402897064312,0.4653399066652969,0.5770214842649681,0.0
101.727932,59,68.954074,59.0,84.63650472803636,17.18531914989322,19.24442452497577,4.199999999999999,-2.0399999999999996,-7.728755359649656,-28.114750492572796,-9.9514846945325,-2.8081103883695535,-11.958745670805984,-17.619346898846867,-2.3171224535615655,0.654623374910182,0.7724555823940147,0.0
59.706474,51,70.96666,51.0,43.91375106558031,17.737082143922255,17.783680697419364,2.2499999999999996,-2.4099999999999997,-6.344770917892456,-29.09752071499825,-8.609720685820092,-2.747454134944482,-2.3138372197829256,-19.371436206214913,-2.083300440916162,0.34944791571573824,0.35643687403005303,0.0
90.937962,102,74.980291,102.0,23.264218944371446,28.05784382485855,37.36041006676318,2.5499999999999994,-3.76,-13.501664080619808,-42.55138256549835,-16.875305600114444,-5.118148305357117,-1.6071927083227378,-15.227908482031454,-3.6529094984738517,0.2607319521512725,0.5318931823885958,0.0
17.677341,64,77.683451,64.0,-23.163471287585775,18.837019746431306,21.87589989383671,0.15,-2.2,-8.260776667594907,-25.153262910246852,-10.854801133167184,-3.0924912333180434,-1.3735430089967036,-10.289924838779406,-2.7973077781786784,-0.07449475829390978,-0.09535329061620451,0.0
102.303924,62,80.11188,62.0,71.7358554877484,22.075026414405187,21.17543401116671,3.299999999999999,-3.9899999999999993,-7.516616921424866,-35.304721009731296,-10.308529121590237,-3.345595888877514,-6.444473462572653,-8.378743712944795,-2.6937115119110264,0.4524890045740937,0.5610863656718762,0.0
111.456466,68,82.926851,68.0,69.1775501998947,25.301044851380286,22.919287414480802,4.950000000000001,-2.9499999999999997,-8.352616901397704,-33.62127480506897,-11.163757560824433,-3.214067302673913,-7.229860402808689,-9.976326833362382,-2.3835123306875183,0.44968714924074843,0.6115745229674179,0.0
81.957354,56,85.24113,56.0,52.881606372190525,21.065299382907728,17.849814173741915,2.5499999999999994,-2.29,-6.859885239601132,-28.3461865067482,-9.038543327108327,-2.436959197291912,-4.63450431217644,-12.586696754739977,-2.1965906180643513,0.3126537903054119,0.35017224514206136,0.0
20.507123,103,89.386081,103.0,-44.9174688260206,35.38380596995746,37.89301385212009,0.44999999999999996,-6.310000000000002,-13.907055940628052,-46.59118033647537,-17.068516277456457,-5.856962958501959,-3.065795032033067,-13.546659894076791,-4.956057727296066,-0.16974259248070508,-0.34966974051025246,0.0
81.379327,55,91.645501,55.0,65.09983428598883,19.371781286421253,17.204942623321504,2.5499999999999994,-2.8099999999999996,-7.093790712356567,-25.699140024185187,-9.068619395292393,-2.021396944592862,-8.554096929084352,-19.671563004049077,-2.9286241658643917,0.3938899524013399,0.4332789476414739,0.0
77.965066,50,93.674686,50.0,51.02985538787127,17.012923538983717,15.75213953209315,1.9499999999999995,-2.5999999999999996,-6.096424970626831,-22.45116931200027,-8.272279091855207,-2.0054652297455258,-5.114959058614987,-8.727464021999252,-2.512090937103755,0.36198955568811736,0.36198955568811736,0.0
114.727114,90,97.518215,90.0,76.23102520008757,30.51155425122093,30.074685835916497,4.950000000000001,-2.5100000000000002,-10.937753286361701,-43.079560506343824,-14.76019311740074,-3.7949512607853007,-10.522622084153367,-27.83081930342131,-3.6042515363171543,0.49422061850647836,0.889597113311661,0.0
131.076164,85,101.005537,85.0,81.10009795217277,29.341913943696678,30.207413164912282,3.7499999999999987,-3.859999999999999,-10.022547235488892,-40.42141314744949,-13.845433595823872,-3.4814478209465194,-8.138548005038071,-14.902287195561698,-3.651584448102861,0.4851978238454702,0.8248363005372994,0.0
2.709608,57,103.306591,57.0,-21.425480631764238,16.725125291832526,19.42110052160302,0.3,-2.28,-7.385050005912785,-23.096666955947875,-9.271094652103928,-2.4198234795556366,-4.164721435731039,-18.04675965486494,-2.647020955642389,-0.22401980194321888,-0.25538257421526955,0.0
26.872151,47,105.285512,47.0,4.775645779259623,14.030794319238579,14.69381988815424,0.6,-2.42,-5.012909197807313,-21.35342866778373,-7.826541839766133,-1.6007252031713322,-0.31679166913116785,-13.973683782148086,-1.7240290272988772,-0.07639524098474046,-0.07181152652565603,0.0
47.537689,72,108.442974,72.0,0.47739267204669655,23.092461855879737,21.21371167702673,1.05,-3.2999999999999994,-7.949294571876525,-27.054497551918036,-12.25943562705739,-3.4341360980248012,-0.45119062779896496,-12.881332541004983,-2.965990675131741,-0.08812754467943339,-0.12690366433838407,0.0
110.643475,95,112.439518,95.0,50.29624515562525,31.455957668128224,35.12249107665521,2.849999999999999,-5.200000000000001,-11.380553851127628,-41.35418438315391,-15.449590569491107,-4.213136696934607,-3.910880730615241,-18.455818039164754,-4.1170549704231565,0.24510147470998742,0.4656928019489761,0.0
122.631941,83,116.107981,83.0,68.7909748902988,30.620791673170142,31.184735308483653,3.149999999999999,-4.37,-9.63157505512238,-37.88680726289747,-13.143363533744052,-3.5735310533353872,-7.058378880893786,-14.598942481435696,-3.851962281079205,0.2877809792968613,0.4777164256327898,0.0
87.345254,67,118.983043,67.0,54.29916235044701,18.282406545311645,23.854828648904462,3.7499999999999987,-3.11,-7.939905829429625,-29.510540986061095,-10.697836730031241,-2.5260880954908664,-7.442932763194126,-16.237512717256102,-2.376326245326959,0.4498463048324464,0.6027940484754782,0.0
79.299112,82,122.44845,82.0,22.487615454842967,26.692665359296427,30.604410224852632,2.2499999999999996,-4.14,-9.684235382080079,-36.539085042476664,-13.583958983391454,-3.7854005207774155,-0.6528910434455022,-12.9542199920475,-3.3957882822245544,-0.015326481490370933,-0.02513542964420833,0.0
95.241502,58,124.871403,58.0,71.80467860637393,19.203727320192534,19.552553413284862,3.299999999999999,-3.689999999999999,-6.509932627677919,-27.9324416399002,-9.517409140746949,-2.95290066746408,-10.313774877190204,-12.821942811189505,-2.8810555232497537,0.5380853757439945,0.6241790358630336,0.0
124.2834,87,128.499056,87.0,66.97221898909935,25.962308868706124,32.16757658888725,4.049999999999999,-3.0699999999999994,-9.888322000503543,-32.345156037807456,-13.638024100148478,-3.3366343305141295,-7.987830087471394,-17.993886470938392,-3.6088517858121216,0.3462518118818716,0.6024781526744566,0.0
70.12144,53,130.766089,53.0,37.38960645539759,18.3414277437973,16.65803115903186,2.2499999999999996,-2.0,-5.969248833656313,-20.51611560583115,-8.936228957364557,-2.3779484928011745,-2.8526074332834797,-12.141401330523,-2.72407475410418,0.3318467919774832,0.35175759949613217,0.0
133.149491,77,133.925564,77.0,75.99711035154453,28.75891316579773,24.21657217855305,2.3999999999999995,-1.1800000000000002,-8.795357966423035,-30.56870025396347,-12.200042583668688,-3.092331549384312,-4.33913095935999,-11.610710989019092,-3.436829895731299,0.4511052665392558,0.6947021104704539,0.0
107.319904,75,137.077238,75.0,83.03568022096101,21.27755264367841,25.21247582056553,4.800000000000001,-2.25,-8.720496201515195,-28.86370922327042,-11.723345344296837,-2.594324680467731,-10.4376223324841,-33.80070942829893,-3.615597100153859,0.5030419166234227,0.754562874935134,0.0
155.784659,108,141.479252,108.0,105.8207594780207,37.7544906199018,34.99764693063855,6.150000000000004,-5.01,-11.981043832302088,-43.04749916791914,-17.965449712679877,-6.3114816562289064,-10.382428867374283,-36.93752013146479,-5.302814484090876,0.1871566364077513,0.4042583346407428,0.0
7.805979,76,144.688011,76.0,-29.05489022857727,24.41391844615367,24.453205170990824,0.75,-4.660000000000001,-8.334274508953095,-33.28536057472228,-12.482119689711391,-3.9652528986901245,-2.0468257818111515,-21.10245009258577,-2.879970495140122,-0.15336760942536584,-0.23311876632655607,0.0
-11.560587,86,148.252278,86.0,-52.62211315842604,29.979899408540813,29.10621328248095,0.3,-3.3199999999999994,-9.28136804580689,-36.250038647651685,-14.363266319588252,-3.6294936632800203,-4.5955412924354855,-29.234197804920914,-3.650681234339101,-0.16899325612242325,-0.29066840053056797,0.0
138.854087,172,155.579302,172.0,27.8354093801418,58.84490435678212,62.283360175561995,4.5,-9.050000000000006,-19.47854917526245,-79.6403900802135,-28.81673297370234,-8.320484829121588,-2.5725087990367284,-31.257353237133614,-7.4735681286271385,0.028412027989054563,0.0977373762823477,0.0
83.52277,58,157.783565,58.0,66.68320870616814,15.952691240952179,17.785523518689214,3.7499999999999987,-3.22,-6.5649214410781855,-21.961513945460318,-9.31649426054815,-2.869203971524053,-6.34950434326573,-26.285592028930523,-2.0814233044529673,0.48757688232026153,0.5655891834915033,0.0
78.612086,44,159.34614,44.0,58.74405353451411,11.48105896057562,15.656152776080482,2.2499999999999996,-1.51,-5.64685896396637,-14.32616727352142,-6.8019607925964465,-2.502925495098112,-9.414901162133612,-11.260275564175895,-2.0560896361651975,0.5392514585245444,0.4745412835015991,0.0
92.39515,60,161.497201,60.0,65.1807802760786,18.405365330024246,21.660975252157336,3.149999999999999,-3.2999999999999994,-6.937198567390443,-21.69690425097943,-9.892540580385038,-3.198292223780674,-8.176169614195494,-20.25570970028475,-2.545155556808262,0.5173733737352489,0.6208480484822987,0.0
99.758881,76,164.655465,76.0,69.17181871535212,22.865570220296785,24.55515587065407,4.5,-2.67,-8.548049836158754,-25.698700237274178,-12.5754036037748,-4.628810100910044,-6.702330597536584,-32.81673275888177,-3.6936361784864915,0.4501738024259348,0.6842641796874209,0.0
101.605165,69,167.641399,69.0,71.72843532281118,22.84483877522051,24.480540391326148,4.950000000000001,-4.29,-8.195841236114502,-32.510186266899105,-11.269555074176706,-3.5388698203074767,-7.256346835097904,-21.249571168927606,-3.0882786981262966,0.5054128264125204,0.6974697004492783,0.0
80.748283,55,169.985723,55.0,64.94914694539517,18.30820975728255,17.621655030078745,2.849999999999999,-2.5500000000000003,-6.2391932106018055,-25.267600142955782,-8.600192833241291,-3.046123160239721,-7.351408088095582,-22.963982378933917,-1.962228529722759,0.5025509094318737,0.5528060003750611,0.0
96.327026,65,172.696456,65.0,67.719439711911,21.19955862087196,22.123325398193774,3.299999999999999,-3.249999999999999,-7.442130565643311,-28.614949178695685,-10.671889196946873,-3.3970009778129358,-7.234449112796327,-19.165769663056174,-3.239108704110529,0.30078205245912343,0.3910166681968605,0.0
155.02446,113,177.606963,113.0,78.4584775433406,39.356409046510585,41.6009872650143,4.5,-5.620000000000001,-12.03881885528564,-41.50513183474542,-18.2136844534783,-4.919994440758817,-6.591153553970603,-27.72463322442591,-5.277997803402821,0.28729696921705744,0.6492911504305499,0.0
129.227408,71,180.661973,71.0,85.62139390207625,25.88044154181084,24.695448284949173,4.65,-2.7299999999999995,-7.790089950561523,-30.413842934370038,-11.599774357422124,-4.14500804128918,-7.735315437010462,-15.137145774063677,-3.068699598552952,0.4687082734782205,0.6655657483390731,0.0
46.813613,73,183.656928,73.0,-6.357589788049497,24.73291025600801,24.964277974660344,1.4999999999999998,-3.64,-8.19880100250244,-27.39046920537947,-12.437390334092742,-3.5325717965346386,-0.8678076023965711,-11.32587293175752,-3.63307284060299,0.0860084332814123,0.12557231259086196,0.0
61.601081,85,187.23575,85.0,6.650999800169825,23.95564365283497,28.13043410818828,1.4999999999999998,-2.85,-9.145879058837892,-31.643648767471316,-14.015261232279158,-3.8497088784927906,-1.0010208538606056,-18.2965650395307,-2.8339127745069685,0.17665802810093487,0.3003186477715893,0.0
133.082542,120,192.380784,120.0,54.12822154041521,40.60861091718364,40.22368430678685,3.299999999999999,-6.270000000000003,-11.736289491653448,-51.3729783952236,-19.344733413244114,-5.676009326774852,-2.2300033366740486,-24.231113255884953,-4.316847929619122,0.14542201917038367,0.3490128460089208,0.0
57.901058,90,196.077526,90.0,-2.807921901309211,29.324474211594996,30.31106755314199,0.3,-3.6399999999999997,-8.878587470054624,-40.63738705515863,-14.491022125001788,-3.6872609223304074,-0.8917652702583613,-13.459529324766311,-3.5410099308572685,-0.046817455503338455,-0.08427141990600923,0.0
65.245915,141,202.049254,141.0,-36.91582655716036,49.63161783841727,50.113574885489676,1.7999999999999996,-8.760000000000007,-13.54659682989121,-57.52114704251287,-21.78686076654609,-6.366443364469279,-4.933713949129917,-22.943901378738314,-4.524787688757776,-0.15340612121539035,-0.4326052618274008,0.0
201.719999,240,212.161732,240.0,19.25909741142342,89.16510270172523,87.4382627311843,4.35,-12.05000000000001,-22.946720123291016,-100.9013788819313,-37.795999965157925,-12.788100464846305,-3.795759660459472,-39.727014219276604,-8.487490062363094,-0.015933384891680873,-0.0764802474800682,0.0
133.48561,137,217.743227,137.0,26.214467193247586,46.697588637163406,49.80274515863393,1.9499999999999995,-8.830000000000005,-13.14559582233429,-47.72119913697242,-20.770422936958088,-6.974508445495452,-1.0912960723441507,-25.17962732164765,-4.466540873196112,-0.12892143690724628,-0.35324473712585486,0.0
187.118889,147,223.988086,147.0,92.38730652615641,51.97236955159428,54.812215063526395,3.5999999999999988,-8.030000000000005,-15.550880846977236,-55.71271378099921,-24.234499537713535,-6.443979871640375,-12.80322824102058,-32.76708301148626,-7.11061646484187,0.33307375437682735,0.9792368378678724,0.0
173.039404,123,229.207772,123.0,88.92836086125844,42.58084862059542,45.11027650170764,5.850000000000003,-4.970000000000001,-12.644537417888642,-43.27162165641784,-19.777443180741205,-5.064513487939569,-5.40948786262468,-35.312945229914455,-5.979532727351513,0.3185320184723188,0.7835887654419043,0.0
108.759516,83,232.585296,83.0,48.53635090124106,23.215247308723587,30.836854621162033,4.049999999999999,-3.0399999999999996,-9.25300136089325,-26.282645946741102,-13.650232045354336,-3.4710657936672393,-2.3726101752219324,-19.168551360474222,-3.6408305529017593,0.06410478020778247,0.10641393514491891,0.0
109.654155,62,235.066017,62.0,64.21664476674735,18.21490132920027,22.09893654529878,2.849999999999999,-1.7699999999999996,-6.981399214267729,-20.654023900628093,-9.824615361322234,-2.733339032358238,-7.390432215672159,-7.342637574845133,-3.029880799166469,0.4239403723661553,0.5256860617340325,0.0
-11.449808,69,237.893877,69.0,-36.72633865589469,21.742448344815458,21.978369890444103,1.2,-3.7699999999999996,-7.479414076805115,-21.12441833019257,-11.342059126777729,-3.811040520984794,-6.071802126871115,-32.18830020945017,-2.857252801343976,-0.17957026833234316,-0.24780697029863358,0.0
85.213111,57,240.315713,57.0,58.64380451782226,13.87973003171382,19.989295653003754,4.199999999999999,-2.02,-6.519185380935668,-15.830963531136515,-9.072530235544946,-2.571821150808368,-6.315709183790443,-23.178606092757754,-2.990903990162403,0.5007276693595643,0.5708295430699033,0.0
96.921436,63,242.972277,63.0,74.51062041986334,18.063293538167805,22.57668979831946,3.449999999999999,-2.6299999999999994,-7.303414838314056,-21.555474716424936,-10.830079121434641,-2.5294507506389485,-11.624408897386388,-24.08178440650147,-4.124554949003743,0.5177353101052369,0.6523464907325985,0.0
115.518192,90,246.251584,90.0,42.4885934286553,29.853185929879178,31.300780549803882,4.199999999999999,-3.0799999999999996,-9.291550536155704,-28.96730803549289,-14.02380924996137,-3.205903261185834,-1.754346720138729,-18.5884759740928,-3.412973667263706,0.18045511292992708,0.32481920327386876,0.0
86.275729,61,248.553463,61.0,46.106780090914626,20.534074756930984,20.35224273393931,2.3999999999999995,-3.4099999999999993,-6.420449929237366,-21.892484527826305,-10.185277632256476,-3.4964046335468435,-2.6447966744202036,-13.385754307259496,-2.6822013341564825,0.3893099256542325,0.4749581092981636,0.0
58.825585,77,251.749632,77.0,16.0758890158138,26.157577591991235,25.496919381434893,1.3499999999999999,-4.109999999999999,-7.262003440856934,-29.222713303565982,-12.56644939868223,-3.265543987686933,-0.7235862864827451,-27.225830131473348,-2.8786746617883354,0.2557700278806231,0.3938858429361596,0.0
110.042631,69,254.631864,69.0,75.09588567381019,26.041783477174185,22.885365882379745,4.199999999999999,-4.069999999999999,-7.721113033294675,-29.347051870822913,-11.104458566032264,-3.436241772452453,-8.080119338652874,-20.051593640939007,-3.3698256254298173,0.46619323249546224,0.6433466608437379,0.0
155.569648,104,258.961624,104.0,94.09789515237571,39.81062389403775,35.576490467696296,4.5,-6.520000000000002,-10.265731143951417,-46.62216807603836,-16.474880288543957,-5.314266554905433,-9.119083030176846,-24.553589004850707,-3.5456434325719117,0.39169518244745627,0.814725979490709,0.0
67.223251,84,262.40218,84.0,12.57821624002392,28.84220800524228,29.01511011366526,1.05,-3.4299999999999997,-8.468557257652282,-36.58675962090491,-13.38999118630841,-3.6483331006844284,-0.832891896098154,-18.638109127783387,-3.2676414372211156,-0.25380564460102556,-0.42639348292972296,0.0
177.842099,118,267.80743,118.0,122.20348218286644,40.85277783060854,41.37633024428996,6.0000000000000036,-4.35,-12.28042187213898,-49.7442349255085,-19.456564158661216,-6.283863131636316,-10.905685631106332,-42.29707200622293,-5.27264929761363,0.45088010175420823,1.0640770401399313,0.0
108.511701,76,271.453577,76.0,90.12021784027,27.002796724976335,21.11005533677522,2.3999999999999995,-3.45,-8.913625721931455,-30.560366925597194,-12.618021367165568,-3.4179314512118175,-8.275410465676666,-37.80041192500192,-3.085601002730276,0.4848508592912802,0.7369733061227459,0.0
119.028871,84,275.433064,84.0,62.79598921175372,29.423052743453535,28.533197691010233,4.950000000000001,-4.13,-8.649888367652892,-32.98087048530579,-14.194255473139618,-4.485361615267953,-2.495597501265506,-20.382892781534732,-3.3545022349864984,0.426331488858756,0.71623690128271,0.0
82.412901,65,278.418269,65.0,46.21000396769341,21.382976177243403,22.50392086789942,1.7999999999999996,-4.73,-7.519158728122713,-24.783422565460206,-10.596622326836835,-3.3060661612647384,-3.873790438366032,-16.794621589829713,-2.8803182887576497,0.39603691791994156,0.514847993295924,0.0
118.95463,73,281.858587,73.0,83.04848161494712,25.340874228673016,25.949400911466725,3.299999999999999,-4.409999999999999,-8.327975010871889,-33.441015493869784,-12.30746211199994,-3.9966567382718634,-10.520086224825194,-14.769705071669012,-3.9112258135500366,0.4392699216680514,0.641334085635355,0.0
121.535187,90,286.022945,90.0,54.97186723197278,32.55712357272528,32.63406156960717,2.999999999999999,-5.390000000000001,-9.584490680694579,-35.44239188581705,-14.181554186248952,-4.404850509879422,-8.35791245929364,-10.882105876492895,-3.3845602591115473,0.278528926471132,0.5013520676480375,0.0
150.825201,101,290.862058,101.0,84.58387247490083,35.43146341156844,35.62218344335524,3.5999999999999988,-6.730000000000003,-10.718914194107057,-38.52604942917824,-16.899314777257192,-5.831488995498968,-7.87351565189231,-18.10938714846449,-4.72364860883433,0.2393587433795192,0.4835046616266288,0.0
148.496569,85,294.981849,85.0,101.25655964027189,26.063870649461602,29.97200486719289,6.450000000000005,-4.960000000000001,-9.853654127120972,-29.103228631615636,-13.544847239838782,-3.9710542910462623,-14.490359116841788,-20.435631269950694,-3.8870913421508333,0.5413176084226883,0.92023993431857,0.0
38.590405,99,299.994259,99.0,-26.403508000307202,34.78883714000019,34.43926543753091,0.3,-5.570000000000001,-10.4137236738205,-40.80405406355859,-15.974372714009567,-4.987863931350368,-1.992705738557111,-19.579027193764155,-4.2124424734269175,-0.06767095186420564,-0.13398848469112717,0.0
53.024766,46,301.933548,46.0,13.818458255372168,13.898302110750473,14.976569714313744,1.7999999999999996,-2.27,-4.9800070285797124,-11.735298925638203,-7.462339488266613,-2.0527250188011656,-1.4157967618466833,-5.48389173242588,-2.0685056148679464,-0.2248807000253586,-0.20689024402332992,0.0
129.059523,79,305.285528,79.0,81.58725051451499,25.3701123606447,27.550366173430707,2.5499999999999994,-3.1799999999999993,-7.730146689414978,-30.220580393075945,-12.497999289016805,-2.874469473222103,-12.814191975886287,-14.225205336462576,-3.455613048105221,0.34595307581048906,0.5466058597805727,0.0
179.882775,215,314.518545,215.0,19.875648301563118,78.01998068041466,79.20137159614305,2.6999999999999993,-10.76000000000001,-20.40472710609436,-77.34126981198787,-35.7618727014389,-10.852861292730077,-3.1114413148736806,-48.351961326880904,-8.330091651974703,0.06531348721834905,0.2808479950389009,0.0
236.889526,170,321.942872,170.0,100.67363424061178,60.69367174410604,62.40118093741717,8.100000000000009,-9.200000000000008,-16.496404159069062,-69.54932807683947,-26.363266639118034,-8.443810727501207,-3.22912278825237,-25.621298133542073,-6.075730015051599,0.30376170534062746,1.0327897981581333,0.0
208.218905,228,331.823641,228.0,30.700914600554313,84.04838751886643,83.40298198730355,4.35,-12.130000000000008,-20.83316563129424,-82.56576846539976,-36.47834226309385,-11.237154855108281,-3.905732849472329,-46.56655885511814,-8.56665657357617,0.031317704487656445,0.1428087324637134,0.0
62.595446,118,336.271643,118.0,-21.154056047932453,38.25218642857059,41.50204746497638,1.05,-5.880000000000002,-11.485418319702143,-42.15235582590103,-19.41043110442146,-5.078311428518131,-1.5292440169827781,-24.89884927815692,-4.620122088099534,0.08402026827826713,0.19828783313671042,0.0
59.931914,149,342.052778,149.0,-55.52886010995674,51.94325988045869,52.093910498627345,1.2,-5.910000000000002,-12.806686074733733,-53.48757269978521,-23.51864230197234,-7.723535061575644,-8.184769166622685,-22.37158202358311,-4.773608892558784,-0.02708261259290953,-0.0807061855268704,0.0
206.121893,217,351.2535,217.0,8.44383573300194,79.4798004525527,79.72129473035169,2.849999999999999,-7.6300000000000034,-20.200901176929484,-75.08153472840786,-33.46492980967552,-9.55416172926814,-0.9600226701090314,-27.48801110336187,-6.993477161829622,-0.13912652601120654,-0.6038091228886363,1.0
210.968725,147,357.58765,147.0,96.01241174330401,53.730285829924426,52.47276384946541,6.300000000000004,-7.570000000000002,-13.487745630741115,-57.25119726359845,-23.254360361065316,-7.218825031204689,-3.9784153727656646,-26.339043425044785,-5.44714979236008,0.2893053468185418,0.8505577196465129,0.0
69.100151,114,362.334591,114.0,-7.670524182805747,37.443673223019886,38.80549567812096,0.75,-4.43,-11.240845541954036,-44.788059949874885,-18.768033453297363,-5.134438926978347,-2.6097662454164814,-23.133664174650534,-4.123685657964085,0.03139193087500516,0.07157360239501177,0.0
174.013427,97,366.612652,97.0,122.43092877287008,31.372982857453636,34.69526629422,4.950000000000001,-4.459999999999999,-10.639875459671018,-41.07513859570026,-15.80202151636552,-4.839708757486003,-14.988109547259986,-19.752395230552917,-4.878501781822048,0.3909152231409428,0.758375532893429,0.0
-23.319612,68,369.495005,68.0,-51.61135986734942,22.418414502584664,23.458528138795945,0.15,-3.7699999999999996,-7.483233857154847,-26.013318610191345,-10.786711389744264,-3.783576920124367,-7.009215879258425,-24.14823621744682,-2.7409019281214557,-0.1460199744308941,-0.198587165226016,0.0
87.445204,67,372.28883,67.0,42.4275035318305,20.619122687066344,23.34649752038849,4.950000000000001,-3.3399999999999994,-7.107796339988706,-23.33894398212432,-11.246927101568293,-3.1801928439344644,-2.3208895265597667,-17.10142663949744,-3.2617431251893025,0.33172113975838713,0.4445063272762388,0.0
179.284459,102,376.499193,102.0,104.6965790715775,33.482197289182686,37.86666019375321,6.600000000000005,-3.5,-11.628934302330013,-37.07152123153209,-15.921207571027852,-4.315223969582034,-12.087778100361577,-16.43116867843433,-4.405143639889006,0.4927187460665784,1.00514624197582,0.0
141.892768,93,380.550833,93.0,80.37218112867825,29.403443426429437,33.42185949254904,3.149999999999999,-4.859999999999999,-10.059991149902347,-37.758651447296145,-14.730272262753232,-3.8597349837281416,-7.81188138042666,-14.481622575860339,-3.892562594063686,0.4481434463981445,0.8335468103005489,0.0
165.783595,95,384.580141,95.0,101.03757607482619,30.886988043247825,33.97219054196,4.199999999999999,-4.21,-10.271197009086602,-33.562414698302746,-15.13492921458607,-4.682577832814998,-10.909833094467558,-16.906030522400073,-3.6361770162543583,0.5011610884156525,0.9522060679897398,0.0
133.735042,87,388.214947,87.0,91.03409607727338,26.830812485448025,31.50320012667626,3.7499999999999987,-4.359999999999999,-9.935218982696533,-37.46030079722404,-13.717508388290636,-4.801408092263834,-15.309285982852556,-16.871003746210924,-3.928340634175315,0.5262750674194766,0.9157186173098893,0.0
99.323853,67,391.02265,67.0,66.68027419362247,22.456994890561084,22.841489642128543,2.999999999999999,-3.3199999999999994,-7.891296639442444,-23.483776548504824,-10.569219084728333,-3.2320446294643506,-8.373043240711933,-22.663610957558838,-3.1219145871854543,0.4645452400757902,0.6224906217015589,0.0
81.163279,163,398.047126,163.0,-36.805897220739574,57.016809581936755,58.84890741164156,1.2,-10.920000000000009,-17.280231008529658,-60.78790464699268,-25.476734084619792,-7.472025789619386,-2.7852039528538217,-30.217307294911638,-7.157134083925255,-0.12752819880528857,-0.4157419281052408,1.0
257.388274,181,405.580302,181.0,132.9785273079481,68.80945761451524,67.654436820115,6.900000000000006,-8.190000000000003,-18.572549133300775,-76.84064035415649,-29.264670874333316,-9.084948861463149,-11.481587267032115,-38.485326541501685,-8.03442476138391,0.3312446234899792,1.1991055370337247,0.0
287.18478,172,412.940609,172.0,149.02985755016215,66.04363392991904,61.88429061990972,9.750000000000012,-8.510000000000003,-17.73521144390106,-64.06304408907884,-27.68297859916028,-8.580734135997535,-8.158247181785983,-29.394770990559586,-7.398015578014483,0.3761379031866095,1.2939143869619367,0.0
78.979319,111,417.404215,111.0,-7.146082061964095,36.781619807884944,38.07114646613222,0.6,-4.61,-11.19515597820282,-41.124923643469806,-18.14089637467061,-5.224969755746929,-0.6292339648628273,-15.45491068595557,-3.9472752430874567,0.20941755109442078,0.4649069634296142,0.0
9.223981,84,420.913366,84.0,-39.14960874527696,25.845533923937328,28.90577826067977,0.15,-3.7499999999999996,-8.228861804008485,-33.05505171418189,-13.681030522029406,-5.179216599790995,-4.098121091935626,-19.217432193200015,-3.3180085401705752,-0.18498159190869232,-0.31076907440660306,0.0
59.149496,110,424.845196,110.0,-25.362744977683732,37.49156718713485,39.795359605904366,0.3,-5.26,-11.553027026653293,-40.24743455424904,-17.3796957617022,-5.389172778711794,-1.0970458508263066,-17.92048476295054,-4.227824586953469,-0.22677579279125626,-0.4989067441407638,0.0
221.878461,204,433.180968,204.0,42.32392161490262,70.82210456047837,73.24575207105532,5.100000000000001,-10.150000000000007,-18.863245244026185,-71.7891903936863,-31.896011771114335,-9.05238116473852,-1.8537546387002917,-23.061504994006093,-6.9472293132743825,-0.02920954053647914,-0.1191749253888349,0.0
26.036572,115,437.99543,115.0,-57.69945477278773,38.831574432378275,40.32067071921903,0.15,-4.63,-11.083037586212154,-42.68372780084611,-18.804096470264135,-5.31826989191973,-5.165140845727526,-18.41484686302219,-4.467099125161194,-0.21871652746743608,-0.5030480131751031,0.0
167.914285,104,442.424333,104.0,100.09063252992684,37.71965177910341,35.48497978938101,4.049999999999999,-4.65,-10.998051781654354,-39.68180911540986,-17.37953524744577,-4.867044827019268,-12.678235643224316,-18.875890377172244,-4.300412489507944,0.4393958333751014,0.913943333420211,0.0
121.536212,68,445.420021,68.0,86.03109769756585,21.39099946661836,22.14919524632546,2.6999999999999993,-3.6999999999999997,-7.5368143510818495,-24.526248699426656,-10.778251475623229,-3.447252036219365,-10.164377458666587,-15.809709396061665,-2.7724268431444234,0.5474274074167215,0.7445012740867413,0.0
101.007254,58,447.953876,58.0,70.43268949731561,19.344284336372844,15.993115904453479,4.199999999999999,-2.4099999999999997,-7.161120924949645,-16.313048133254053,-9.3145972219341,-2.3809341921014253,-9.728444906510502,-16.89482901465934,-2.7598609194917807,0.45050277106202663,0.5225832144319509,0.0
191.307894,146,454.14409,146.0,69.98062608946523,47.901657532758094,54.25232200841744,8.100000000000009,-5.3000000000000025,-15.341576342582702,-48.02691721320152,-22.947248025437617,-5.586354744172314,-3.0845746349925904,-29.263887550751047,-5.376153339475969,0.2719834339046333,0.7941916270015292,0.0
61.015835,82,457.662697,82.0,5.757777053776562,26.109449744343483,24.27897687004812,2.3999999999999995,-2.4999999999999996,-8.83797072410583,-27.008205127716067,-13.516024073952376,-3.852872452234136,-0.9371537394193395,-19.410145674348872,-3.4679967660950375,0.10165991827661797,0.16672226597365347,0.0
226.67387,117,462.530238,117.0,138.4346273086369,36.252659401958226,42.40654849487388,9.300000000000011,-4.0,-12.021941773891447,-39.677494037151334,-19.100367933360776,-5.748111742650573,-14.359314565013145,-16.627814514702774,-5.184920965376451,0.4683637741737008,1.0959712315664598,0.0
229.217483,159,469.116234,159.0,104.29730440137392,57.7502655752099,57.34967831042688,8.250000000000009,-6.540000000000003,-15.450032820701594,-65.87507535219191,-25.93292606603707,-6.656247703963837,-9.89437619891513,-21.554536446127397,-5.526570493803063,0.3006054742247867,0.9559254080348216,1.0
234.164855,125,474.250445,125.0,134.24095555220046,47.40323586647396,46.00709771464068,7.050000000000006,-5.44,-12.134960117340079,-46.00729767084122,-20.043667498184906,-5.504493696967925,-14.057905506665595,-17.555590034257555,-4.792519484832847,0.1618975203157466,0.4047438007893665,0.0
135.89801,64,476.986749,64.0,90.80924852534068,17.085134187296273,22.792219479106183,5.850000000000003,-1.5999999999999996,-7.293836331367493,-19.96452244520188,-9.977761574258063,-2.955829363889395,-9.582738497356674,-10.31898188148191,-2.9449216514848913,0.5894686842017253,0.7545199157782083,0.0
124.883646,81,480.482551,81.0,77.18745276994,29.89830175470972,28.273535017712298,2.5499999999999994,-3.0499999999999994,-8.619910998344423,-27.60601217746735,-13.79674372602458,-3.7582410650414526,-7.599045189479286,-25.869036601981946,-3.7266537466988203,0.39870101216389203,0.6458956397055051,0.0
92.337851,62,483.051513,62.0,46.93830073000365,18.968459844060074,21.409637936997605,2.849999999999999,-2.2099999999999995,-6.879698295593261,-20.575532323122026,-10.116722404135356,-2.831197662155801,-5.105240683806742,-9.609603055920642,-2.500552986050252,0.19534038352262192,0.2422220755680512,0.0
205.782428,93,486.71209,93.0,143.87416578458792,34.45823374088951,34.85314643390387,6.300000000000004,-2.7199999999999998,-10.418199486732481,-36.17754592895507,-15.23953268976772,-4.563954684880143,-15.668449808946683,-17.119178995964347,-4.796256342695067,0.5420429788814196,1.0081999407194406,0.0
169.874638,102,490.860352,102.0,92.37061572180535,34.53810608848241,37.65506963559262,4.35,-4.41,-10.52486278533936,-38.381451863795526,-16.013094733777695,-3.5670129511844118,-6.100879782742832,-17.647834715615378,-4.394016128272186,0.39319943596473805,0.8021268493680657,0.0
216.928559,169,498.050427,169.0,69.66626205196359,61.66066402320975,62.6136734037888,5.250000000000002,-7.710000000000003,-16.954682767391215,-58.143476173281634,-25.493687936743925,-7.058182359356151,-2.359134909653082,-27.299726353825776,-6.243149897663442,0.2070358180231011,0.6997810649180817,0.0
147.849901,79,501.22319,79.0,103.03396540128914,27.1586984167075,26.564725896944516,4.199999999999999,-4.28,-8.947660818099974,-30.39218583405018,-12.996069761348584,-3.999059057333162,-13.51500042145432,-14.934278586680588,-3.0432343200232035,0.5388844616952545,0.8514374494785022,0.0
188.476236,101,505.493421,101.0,112.30559283588539,36.91585135282352,35.04732631445181,4.950000000000001,-3.689999999999999,-10.959832663536067,-33.698240047693254,-15.872952542006889,-4.466904953633569,-14.47607014579357,-15.014817067864884,-3.5637173358767456,0.49563379660675017,1.0011802691456353,0.0
165.423194,102,509.270606,102.0,99.29231794370955,34.18309946368104,33.09282914944535,4.5,-4.62,-10.538838539123537,-39.80311402082441,-16.180137905170696,-4.512921161469208,-11.065425988182785,-17.616352004940676,-3.308262441764073,0.42589370250047265,0.8688231531009643,0.0
113.879959,57,511.320428,57.0,74.81497949333297,19.732674726121026,17.119467104315493,4.65,-1.9899999999999998,-6.500972733497622,-18.33110224604606,-9.081522827687463,-2.7672574349938146,-6.941638730106681,-11.971038056605524,-1.8536299352705665,0.5862934971622027,0.6683745867649111,0.0
83.395963,60,513.75468,60.0,39.754223963332784,18.373661924733895,19.33363612932148,2.3999999999999995,-3.4099999999999997,-6.438743257522583,-20.358832365274427,-9.460883510105406,-2.8833536942222744,-1.2522862492121043,-10.277161482527488,-2.3842980123374438,0.3002005144738958,0.3602406173686749,0.0
163.908116,88,517.340283,88.0,107.82465629178552,31.06592576125565,29.954102259034066,4.049999999999999,-4.06,-9.112723627090459,-33.42026696801185,-14.172965542636616,-3.487470523125805,-13.283606425815101,-16.247891730928924,-3.2016435112320325,0.3580231334786618,0.6301207149224448,0.0
219.258749,241,527.436846,241.0,4.78225931643593,90.1256362567241,88.13726314865617,3.449999999999999,-13.680000000000009,-22.160877397060393,-83.10248764157296,-36.144442949774835,-11.19604658732492,-7.487440568556529,-26.817146780746985,-7.647967810428089,0.07384139845161794,0.3559155405367985,1.0
216.631404,126,532.882901,126.0,117.6029366670425,45.88701662087302,45.319112567260525,6.150000000000004,-7.500000000000003,-11.863161156177517,-46.84737861156462,-20.10788551865889,-5.65370689106789,-13.072637505436694,-14.944972696489184,-4.3379193547868224,0.4119077845080211,1.0380076169602133,0.0
201.473194,132,538.50343,132.0,83.14476497341256,47.805860393950056,47.055282337194996,4.199999999999999,-7.340000000000004,-12.457346930503848,-43.849559006094935,-19.59030526022494,-6.250164227952199,-7.151603500991697,-12.527366517592556,-3.5663682555577814,0.16518359046894007,0.4360846788380018,0.0
215.811014,136,544.173492,136.0,102.14676681397533,48.63551970855805,49.697737344497064,7.050000000000006,-5.340000000000001,-13.88511226415634,-49.57700117230414,-20.976574168178157,-6.697772355222714,-10.26659783715122,-16.155243728706406,-4.820707946454169,0.2263659244935308,0.6157153146224038,0.0
106.865691,104,548.527471,104.0,20.099810096700132,33.671077791847196,35.77254861522529,2.6999999999999993,-3.2099999999999995,-10.317259387969967,-31.831666141748432,-17.047555070497587,-4.575780707943502,-1.5921615623469358,-16.92077732732607,-3.8825448786648904,0.3035328305375305,0.6313482875180635,0.0
204.845844,117,553.474909,117.0,122.89828593909358,38.80345745029498,43.617633536906794,7.950000000000008,-3.789999999999999,-12.986195158958434,-43.227383792400346,-19.350894207339714,-5.860965461735531,-13.099393899636073,-21.175900696416747,-5.932799965119837,0.3486708565352354,0.8158898042924507,0.0
154.501322,80,556.930329,80.0,107.83618806178372,27.913540152527315,28.422848052229693,3.7499999999999987,-2.7499999999999996,-9.485055413246155,-26.866440582275395,-13.43376038114548,-4.431295101859041,-16.99789398047607,-14.81231488823192,-4.64449435959599,0.5966662066100908,0.9546659305761453,0.0
159.510795,86,560.577296,86.0,91.41534013403314,28.848292367350126,29.453170527953603,4.950000000000001,-3.969999999999999,-9.389635999202728,-27.55931959152221,-14.017457508319989,-4.332254830485486,-8.591069977095069,-10.162812032450862,-3.133458334900571,0.5282874623705784,0.9086544352773949,0.0
272.464805,146,566.862854,146.0,177.66124128329727,48.08822883677725,53.29443271893235,8.40000000000001,-6.310000000000001,-16.300226416587833,-48.181424874067304,-24.001673288949636,-8.273837257198982,-11.920885281696949,-38.72823368452501,-7.262817010323703,0.1397703507776938,0.40812942427086596,0.0
166.08693,107,571.422972,107.0,90.0479132140608,37.623391426554235,36.12791388689185,2.999999999999999,-3.969999999999999,-10.994382648468017,-34.39679811596868,-16.97316987909314,-6.058926059063028,-8.302793665033063,-23.124738805083723,-3.891479411980961,0.4369774228355564,0.9351316848680907,0.0
315.108252,190,579.480508,190.0,157.5343902060149,69.20016624332824,67.62985811053193,8.100000000000009,-9.380000000000008,-18.428346171379086,-65.70302841067313,-29.40246468595705,-8.553998955622655,-13.509821647235558,-24.949268214752188,-7.429234227188419,0.22818242084073811,0.8670931991948049,0.0
183.401614,90,583.329206,90.0,115.56145836039082,31.676524848096147,32.49952201529329,4.5,-3.0300000000000002,-10.199435973167423,-31.599606674909595,-14.783515336581592,-4.36365136745763,-11.417538637283387,-10.907159093917617,-4.53498399814896,0.5012501989548707,0.9022503581187672,0.0
126.575872,74,586.566962,74.0,64.5720632329528,23.476221239104422,25.76274221461415,5.100000000000001,-1.56,-7.946340446472168,-21.15439631938934,-11.932169441151013,-3.286542833305832,-4.161560228142377,-13.218463757957249,-3.0756813525404327,0.46419223748923316,0.687004511484065,0.0
164.773655,87,590.573643,87.0,93.60722483071171,29.902388324346408,28.96821062833256,4.800000000000001,-4.159999999999999,-9.52993040561676,-28.560095614194864,-13.945072895292972,-3.8149710639060053,-5.857473788566969,-9.988385097347402,-3.6482396944547695,0.5309313293548998,0.9238205130775258,0.0
206.732481,110,594.924299,110.0,123.65321104234579,39.59394438930847,37.38834472088406,5.400000000000002,-4.129999999999999,-12.300078825950626,-33.22073142826557,-17.896250996131144,-7.465997484275161,-15.237747429346134,-14.159347936408608,-4.892865540921715,0.5249668273322107,1.1549270201308637,0.0
282.49797,141,600.401263,141.0,172.21671842284297,48.46001574169969,50.56951768406902,10.500000000000014,-5.100000000000001,-15.55728046894074,-45.15127353668213,-22.67618890356062,-8.033381770165711,-13.374795745758032,-24.258212488083377,-6.0971493985888,0.5217524839941383,1.47134200486347,0.0
170.45539,84,604.171402,84.0,105.6170699331579,30.309517204247324,29.624433060918204,4.65,-3.4099999999999993,-9.169800825119019,-26.849421334266665,-13.675585701077663,-4.370063190300257,-8.342697172677472,-13.883017511130694,-4.0450445876427334,0.6395322975669941,1.0744142599125501,0.0
160.834025,69,607.418044,69.0,112.62117739831851,24.388557917296087,24.532502110331414,4.950000000000001,-3.2199999999999998,-7.958138017654419,-22.143844813108437,-11.314743496420155,-3.7998605157807788,-14.68560115003493,-7.948308001070603,-3.5877165187424347,0.4209596274567242,0.5809242858902794,0.0
180.333285,84,611.097837,84.0,122.12640809228422,29.13341948378342,30.407405344216482,5.700000000000003,-3.44,-8.630540835857394,-27.555483460426323,-12.982208075417345,-3.6819572678154673,-16.062914519435868,-15.641170105216446,-3.0396731636831618,0.5902710002180731,0.9916552803663629,0.0
271.037104,150,617.336467,150.0,151.46488829298715,51.310423252898076,53.73709542054581,9.00000000000001,-5.740000000000003,-15.769975709915158,-47.677812013030064,-24.76792520471959,-7.177094680991558,-16.177970133793377,-21.342665483750714,-5.821859634699572,0.26743400010085405,0.8023020003025622,0.0
266.119012,152,623.62412,152.0,155.62635732659783,56.66163065997968,52.2667586352757,7.050000000000006,-5.730000000000001,-15.544141418933867,-48.988425841927516,-23.792425919917875,-6.95768992981882,-14.291261710742676,-36.9127151601075,-5.269074574341111,-0.1996612948512146,-0.6069703363476924,0.0
178.051265,91,627.631172,91.0,108.67042450192228,32.75281415578598,31.368546862678695,5.700000000000003,-3.57,-9.116633057594301,-30.178562217950827,-14.424249679108607,-5.502061125357825,-13.483337937858849,-11.559679360233034,-3.6059966921184325,0.4647690112261361,0.8458796004315677,0.0
191.511785,103,632.126882,103.0,126.80089551200352,34.354963920440774,35.230603231300265,5.100000000000001,-4.489999999999999,-10.240525436401368,-31.351452556252475,-16.43754791079936,-5.705653116320561,-12.001151219923935,-28.470051945411342,-4.27829577440688,0.39248883177252314,0.8085269934513977,0.0
69.92231,55,634.358043,55.0,29.78785283466409,16.911802359923097,17.24190563854441,2.999999999999999,-2.82,-5.691268873214719,-18.578420948982252,-9.363932670927129,-2.8991164950106216,-0.9966439569559824,-9.594005922743516,-2.0758614878124493,0.4719277017314107,0.5191204719045518,0.0
161.190312,83,637.849616,83.0,93.04926796672338,28.53389357958495,28.324066803025005,5.250000000000002,-3.1299999999999994,-8.956880941390994,-24.75792121887208,-13.01016263517802,-4.412050902678915,-8.792501071844981,-10.490575577166284,-3.4168238553291106,0.09903032948506718,0.16439034694521154,0.0
138.701454,74,641.088149,74.0,84.86419441688275,21.957830375289937,25.207625291362223,4.199999999999999,-3.09,-7.270403299331666,-22.461085473001,-11.385139851954484,-2.669576774089805,-10.264506607126288,-12.14125299997306,-2.246231045334611,0.512916717128599,0.7591167413503265,0.0
148.526919,70,644.022556,70.0,104.10540917665463,24.31175000546438,23.29570484031266,3.8999999999999986,-3.3999999999999995,-7.768897013664246,-23.35654339790345,-11.488477337654386,-3.2033538806116177,-14.36632638587157,-10.663521847484157,-2.8388255863649783,0.3603633865391928,0.50450874115487,0.0
162.925036,80,647.61919,80.0,129.10315347866683,27.54897130732717,25.60457424862999,5.700000000000003,-2.9199999999999995,-8.853654947280884,-29.051356324553495,-12.67387427812764,-4.623440849804989,-18.09286345503967,-25.839838913102742,-2.976634403419729,0.7309634491962053,1.1695415187139284,0.0
163.522292,73,650.656977,73.0,115.21886060962713,22.922889306133552,25.768709534855518,4.5,-2.9999999999999996,-7.855878396034239,-24.088704868406065,-11.701154826260833,-3.419176105798502,-16.71261923055256,-7.960753245684196,-3.149881079411693,0.7668290649384247,1.1195704348101,0.0
276.687564,135,656.289393,135.0,157.6469322557862,46.63382791889941,49.38720847282209,10.650000000000015,-3.769999999999999,-14.075392320156102,-39.763462233543414,-21.00148050553366,-7.169650736120771,-10.071029938695084,-21.844011726845295,-4.93537691394198,0.47785987371627237,1.2902216590339355,0.0
172.23268,87,659.978031,87.0,100.9498827997546,29.545262810605823,30.03092605136443,4.65,-3.01,-9.283658052682876,-26.028543400764462,-13.784510694841554,-3.870493460392317,-5.603478609854416,-15.063544040439682,-3.2991634215426227,0.5776824211038795,1.0051674127207502,0.0
195.267055,95,663.894123,95.0,144.73932636011878,35.0163120617804,32.26974338837456,5.5500000000000025,-3.1999999999999993,-10.279087047576905,-30.66021058559418,-14.986440814471065,-5.25438270528072,-16.86911683664972,-31.99441341975684,-4.064675042650976,0.6419047611651094,1.219619046213708,0.0
144.367996,130,669.294225,130.0,50.72811898716171,43.87193236322094,46.86823468422717,7.200000000000006,-4.3500000000000005,-13.165538110733035,-49.35813678503036,-21.01409533821171,-4.882924726467401,-6.642031068382001,-30.03481903743911,-4.852745028097266,0.3192601269788589,0.8300763301450332,0.0
157.876918,81,672.792697,81.0,91.95497366846486,25.840874584926198,28.512491274381205,5.700000000000003,-3.1799999999999997,-7.997518181800846,-22.504075309634207,-12.95504074319775,-3.4162544651270546,-10.681539143668711,-11.253091605976559,-3.1439019105846526,0.37470654469552284,0.607024602406747,0.0
96.547763,68,675.533844,68.0,43.39694525191055,19.126519500283226,24.67060111655745,4.5,-2.94,-7.159074897766114,-20.170468445122243,-10.647428789075375,-3.5404585822425982,-0.8841856004920782,-14.772841750681101,-3.031845134057308,0.2880929805975119,0.39180645361261623,0.0
287.778225,136,680.922759,136.0,182.41662381184008,46.0275741611072,50.54694743118928,9.900000000000013,-5.450000000000002,-12.97136601448059,-42.258821409940715,-21.451930951431617,-7.495300074727122,-20.234736532113807,-22.20423182023854,-5.04653347324281,0.5684398265718897,1.5461563282755402,0.0
174.649459,81,683.774008,81.0,112.53277854188397,29.736071354897927,26.31977712961377,6.900000000000006,-3.3699999999999997,-8.487894160747524,-30.949026077985756,-12.68415716593981,-3.6133319570980085,-10.910094226497877,-9.063568067013025,-2.761096673872534,0.5920388757363274,0.9591029786928505,0.0
249.050702,148,689.600739,148.0,105.5257077237933,51.55110755250378,54.619256113326195,9.450000000000012,-4.54,-14.488274507522588,-45.88693504333498,-23.32742348998595,-7.616349290514761,-5.764695532038362,-13.43833529492073,-5.033356672846871,0.41567887356576144,1.2304094657546538,0.0
184.366463,93,693.59493,93.0,118.72010211260607,32.17879367814704,33.34185383658068,4.800000000000001,-3.21,-9.912668845653533,-31.61018898189069,-15.007103413754729,-4.391384113498617,-17.22956514373545,-12.128124393931001,-4.185252090111485,0.4088479057240369,0.7604571046467087,0.0
195.255444,176,701.272347,176.0,49.169537958431064,57.18261596365126,65.36160901637535,8.70000000000001,-5.03,-19.36170135021209,-53.742387723922725,-29.284705368478175,-10.466243139539934,-7.994767290632566,-27.029206246443458,-8.249308135807555,0.4654745261888662,1.638470332184809,0.0
360.260342,212,711.326642,212.0,192.26809155027493,76.11006255624505,78.82224299610002,11.700000000000017,-8.740000000000006,-21.40239706039431,-74.06501140296463,-34.801054940635616,-10.172664857095532,-18.67280611450421,-33.65177912861738,-9.134341488583976,0.11140038169975923,0.47233761840697913,0.0
268.342615,114,716.93466,114.0,167.99809870525314,37.59273111641511,41.17480317180438,9.00000000000001,-3.95,-12.2023811507225,-31.792002633213993,-17.532473405604247,-5.846583301582446,-14.106130934411004,-12.01165349034531,-3.981793557779681,0.5962404592144142,1.3594282470088643,0.0
276.637891,120,722.681991,120.0,182.8356274574532,43.65257788655154,43.29863627840711,8.40000000000001,-4.96,-12.496560649871832,-36.24485780298711,-19.028038678449967,-6.518160996922969,-18.606654557764134,-18.319878252703532,-5.3747992547446595,0.23962339758127196,0.5750961541950527,0.0
490.24862,229,733.780209,229.0,276.58732506139165,86.04037379899226,86.3059208094817,17.100000000000016,-7.19,-22.667466715574292,-71.1560732871294,-35.54111199127208,-12.058802167455063,-17.77181532539934,-28.38642272234716,-10.013307033766736,0.5370964186867645,2.4599015975853815,1.0
178.515904,86,738.087511,86.0,108.12176944861044,31.69579852446556,29.29383675413133,6.0000000000000036,-3.7799999999999994,-8.581957445144651,-29.475392967462533,-13.182280864844689,-4.450891478884547,-10.17345888226454,-9.794143374302088,-3.157375282487553,0.45722387377987717,0.7864250629013887,0.0
250.86816,129,744.396178,129.0,141.87371977362264,47.857369107623796,46.74005618816478,6.450000000000005,-5.080000000000001,-12.600134060382839,-41.481183069944365,-19.710137622017854,-7.02426017827035,-12.609267757746306,-17.545623749420646,-5.002378467449853,0.4358819926272928,1.1245755409784155,0.0
443.942155,220,753.969596,220.0,254.9016428494991,78.61658039017401,81.67148799198527,11.400000000000016,-8.540000000000003,-20.048234858512885,-69.4276682138443,-33.46339997943821,-10.02795784890141,-20.47333256850403,-32.867122495795755,-7.799840698051362,0.4118852158080111,1.812294949555249,0.0
202.150009,105,758.700637,105.0,95.69940932425101,39.72638483011704,36.04978228805454,6.750000000000005,-3.4599999999999995,-9.978005719184877,-28.384444546699516,-15.859243475851889,-5.174007130357458,-5.5973604928402345,-9.322353717984214,-3.3001527116373115,0.4022400976736989,0.8447042051147677,0.0
238.946948,107,763.673889,107.0,146.3493404892898,34.05649518739506,37.91490768249802,7.050000000000006,-3.209999999999999,-10.896750178337097,-28.757011944055566,-16.609273123187286,-4.898295905101185,-14.366513805458165,-10.644096558287771,-4.0418537076663545,0.5368411381894622,1.1488400357254491,0.0
143.908341,61,766.483478,61.0,94.54086749158922,19.947996202687612,22.77492792183662,4.65,-1.8499999999999996,-6.483205437660217,-16.333017569780353,-9.351427641539125,-3.1654817758956817,-8.460731951588398,-10.961703579059279,-2.39988219043093,0.5704377066962918,0.695934002169476,0.0
191.960156,82,770.300909,82.0,118.74676078076217,29.26356490429972,26.143602802079734,5.850000000000003,-1.9899999999999998,-8.310677723884579,-24.17773361802101,-12.744754879999286,-3.1840063087032218,-9.520713296883393,-7.973274966670086,-2.1426119491551803,0.6049428808360106,0.9921063245710573,0.0
413.889129,180,777.30155,180.0,251.28248373228124,62.441029400383066,67.42781328892825,17.250000000000014,-4.589999999999999,-18.482827484607704,-48.27872270345688,-28.575901115759617,-10.033209876732814,-22.649388652243392,-23.93350381428357,-7.968643900394917,0.6003135444545484,2.1611287600363744,1.0
190.285054,80,780.563646,80.0,127.75021688656867,26.03023189322702,27.928362889761992,6.450000000000005,-4.14,-8.521745524406434,-23.91198688447476,-12.069295140754475,-4.343506529042555,-14.297269482320637,-7.141037504486441,-3.448916519391404,0.7699341666969522,1.2318946667151236,0.0
240.469884,107,785.199737,107.0,145.41896357281513,37.177656333065464,37.685189618900665,8.100000000000009,-4.4,-10.592184042930604,-29.36311884820463,-17.00010776906777,-6.152613483883645,-8.109900162426912,-15.105758044088104,-4.188243619559106,0.6275988533270125,1.3430615461198068,0.0
159.726868,84,789.039691,84.0,98.40093193136175,27.943221170634505,30.260062421343036,5.400000000000002,-4.810000000000001,-9.357358679771417,-26.393400424718855,-13.29457121409895,-4.20315677705623,-12.210038133852427,-12.267147527687756,-3.7416746917138104,0.5582952298469245,0.9379359861428331,0.0
196.750707,81,792.758386,81.0,132.52737598176725,26.35977353573911,28.183477314765682,4.65,-3.2499999999999996,-9.11833927154541,-20.783507528901097,-12.712969246143492,-4.407221112180973,-15.233098388893364,-7.2374240029553505,-3.2273603231835546,0.7771608854251161,1.2590006343886881,0.0
373.073882,154,799.664108,154.0,236.23718741717428,53.640828153694564,56.28836153785023,13.350000000000021,-4.6899999999999995,-15.502678313255315,-42.846285048127164,-24.116035887264964,-7.332306174767904,-16.576757673913463,-24.173689208347078,-5.204742991736761,0.6671482072414809,2.0548164783037612,0.0
348.061157,158,806.807643,158.0,215.13489216609756,55.56091923292716,56.47469256442924,11.850000000000017,-6.780000000000004,-16.445872383117674,-47.146891438961,-24.54502811802846,-8.495803803046476,-19.221168289766577,-19.950405190204403,-6.374177500543987,-0.05963260398457379,-0.1884390285912532,0.0
298.689369,115,811.963588,115.0,208.35943634990036,37.41636844627164,41.18345527924277,8.85000000000001,-3.4699999999999993,-12.502751376628874,-29.879970824718463,-18.060257709953778,-6.422422719677887,-22.597038110009176,-14.560136267528591,-4.627314191107738,0.7089288017737927,1.6305362440797233,0.0
267.046232,133,819.020745,133.0,153.3451077638781,47.133323453883236,47.76544200775788,8.55000000000001,-5.44,-13.15277609348297,-39.79956697225573,-20.376889376830793,-7.538556866635106,-16.847845663675105,-14.731776658585007,-4.860229896233983,0.49582502697451986,1.318894571752223,0.0
335.145492,160,825.85539,160.0,183.3594157186395,57.24400430516457,57.35504563220898,13.500000000000021,-6.8400000000000025,-16.500920083522804,-44.89416758418082,-24.52838813926929,-8.223709916433094,-13.332680334969062,-16.096473845309152,-5.896633991834002,0.5666907637799851,1.8134104440959524,0.0
259.709371,140,831.896674,140.0,129.0399968398718,48.64017151573663,49.696366898750234,10.650000000000015,-5.910000000000002,-13.360972242355354,-43.10684906840326,-22.218507230233456,-6.910284093980132,-5.219991591682835,-16.178470371931212,-5.412089991940924,0.4350087527877715,1.2180245078057603,0.0
172.561644,78,835.347447,78.0,106.63011840844908,26.44873777061334,27.648598649413415,5.700000000000003,-4.14,-8.114605267047882,-23.49736294746399,-12.105875050996888,-3.6511103627684083,-11.161119939580782,-6.070532146000649,-3.12520509438317,0.41967027540825996,0.6546856296368856,0.0
229.435273,98,839.548632,98.0,133.83325055770428,34.45429280346584,35.542380976851376,9.450000000000012,-2.4899999999999998,-9.848396635055542,-24.73019296824932,-14.777805291079686,-4.463083718433634,-11.972908254006715,-9.75375875360292,-3.80850531016516,0.5729442436810381,1.1229707176148347,0.0
216.230246,94,843.541937,94.0,133.4121609414959,33.947908305545845,30.261797431597383,7.800000000000008,-3.819999999999999,-8.895057263374328,-25.122057280689486,-14.728604212494922,-4.882130290164815,-12.286388550598566,-10.304161748822176,-3.1532217657740724,0.6395043400829387,1.2022681593559248,0.0
264.620744,112,848.415155,112.0,171.44324952632945,38.304839946946856,37.89598117967693,9.900000000000013,-2.4399999999999995,-11.121513185501104,-28.42767550647258,-17.505197256507145,-5.131351615795252,-19.332768077008755,-17.13321495272621,-3.831606007539121,0.6217302332049484,1.3926757223790844,0.0
298.014242,127,853.867619,127.0,175.45181189301096,45.79374607629396,45.81992954272898,10.200000000000014,-3.6700000000000004,-11.819221653938293,-34.36172381043435,-19.206170737837084,-6.7414347573597455,-16.566473403372,-9.3360646482689,-4.55015613792476,0.6049147443184643,1.5364834505688993,0.0
294.436519,126,859.003361,126.0,186.2045121987037,46.48519456320313,44.68402287577075,7.800000000000008,-4.289999999999999,-13.029335212707522,-31.540967410802843,-19.662317393391678,-6.544889560980516,-21.675150174062182,-15.042158524636935,-4.952392245113061,0.6771124965432098,1.7063234912888887,0.0
242.184746,104,863.380554,104.0,158.81672691712376,35.111087401671206,35.89511449260428,6.900000000000006,-4.039999999999999,-10.175572278499606,-27.061909955739974,-16.184275349478618,-5.641890269602351,-16.035071467684745,-15.206795663222813,-4.192667927405285,0.7082825732819062,1.473227752426365,0.0
449.728679,198,870.823838,198.0,250.85591151894437,74.6381668493795,72.5234806067933,16.050000000000026,-7.150000000000003,-19.523742754459384,-51.59116024672989,-29.588947201928352,-10.190903807036552,-17.362694681987925,-20.599755504778297,-6.33167597565944,0.5546123883188744,2.1962650577427425,0.0
706.11795,272,882.038384,272.0,467.6888302642697,91.73371746554768,101.73266716148966,24.749999999999943,-7.750000000000003,-27.88777863025665,-73.5996728956699,-42.31253629787477,-14.362197826115146,-42.30796711884456,-32.60179956699728,-10.965312317009515,0.7063984376599632,3.8428075008702,1.0
52.78775,97,886.419976,97.0,-13.369122866298154,30.692243782081025,34.139811380163664,2.6999999999999993,-3.6199999999999997,-11.311157343387602,-24.491720363497727,-14.606310498356358,-4.792863815168432,-7.172195000467316,-28.496587375898248,-3.8843482997336305,-0.05529269786074583,-0.10726783384984691,0.0
533.212728,214,895.448728,214.0,323.6022674364527,77.26602793662,80.28537480602711,18.75,-6.170000000000001,-22.14236659526825,-49.383111028373214,-31.82140842971476,-11.116333296975833,-28.552746838711812,-23.398841401326596,-8.106134701609138,0.684887670714747,2.9313192306591174,1.0
185.86092,79,899.046315,79.0,138.71770942732743,24.515885403243956,27.188384704114153,5.250000000000002,-2.76,-9.362823252677918,-19.608867901563645,-12.149987598703754,-4.443841666433074,-21.002585168077974,-15.878771060169258,-3.604183173774216,0.6380171910238647,1.0080671618177062,0.0
280.558436,122,904.609668,122.0,159.01176878309758,43.312072137701385,44.09844686687075,11.550000000000017,-3.879999999999999,-13.683422880172728,-30.237956124544144,-19.019656140060558,-5.4838328837880015,-9.354112336795692,-13.346702116160593,-4.408168815978494,0.6371722075827506,1.5547001865019114,0.0
396.848881,164,911.622145,164.0,249.18821567394926,60.107297221647435,57.906813762675895,12.75000000000002,-6.380000000000003,-17.357157483100902,-44.09324836730957,-26.00893493294091,-8.348226016746228,-20.791521452348505,-17.96984246144043,-6.154515233748512,0.4902048350216143,1.6078718588708951,0.0
373.441076,158,918.38115,158.0,224.13050894226453,54.77720428227296,58.05415012030839,13.950000000000022,-6.030000000000001,-16.955329933166503,-38.43216836899519,-24.559535958457154,-9.067393531889861,-13.283817613999897,-19.96377626373789,-7.178765864203676,0.5804031055172936,1.8340738134346477,0.0
249.813948,108,922.85591,108.0,157.4790875042118,39.89460276778506,37.271720233115786,7.050000000000006,-3.8799999999999994,-11.688890056610106,-25.744695398211487,-16.433357017291538,-6.391894776080708,-15.916130246919652,-15.429592111273553,-4.396903343074296,0.4678175366064694,1.010485879069974,0.0
306.358133,132,928.52028,132.0,182.78253411045014,43.70871061812603,47.39906293713345,10.950000000000015,-3.589999999999999,-13.833479876518243,-31.44417763948439,-20.170319695438867,-6.318956383037198,-12.279618249544486,-17.33434546789562,-5.511277311791412,0.5748848283540653,1.5176959468547324,0.0
202.594295,85,932.006847,85.0,131.80589449842682,26.62872429206229,29.84509356909596,7.500000000000007,-2.6199999999999997,-8.720563750267033,-20.873422604799273,-12.922424453591526,-3.9862733959890697,-16.83013255884067,-9.065293699221328,-3.167306620987685,0.7077850740920228,1.2032346259564388,0.0
509.474334,216,940.987586,216.0,292.91917149503996,75.0789845451573,78.90471343774908,18.000000000000007,-5.550000000000002,-21.83943856954575,-48.688553497195244,-32.62615379006353,-9.990680220275516,-23.48935502689896,-21.877224278686644,-7.367130102489099,0.6058605808511054,2.6173177092767754,0.0
152.474465,93,944.902206,93.0,74.59025190770694,30.471781475222098,32.187761406577685,6.450000000000005,-2.6799999999999997,-9.618814039230344,-24.275190836191182,-14.361092375678892,-4.964249364292859,-7.093315360779339,-17.99965329411669,-3.2330147468557215,0.5564175607274584,1.0349366629530727,0.0
240.26559,104,949.089242,104.0,147.12619304739485,32.74827539960622,37.53868318062705,8.40000000000001,-3.8299999999999987,-11.481774864196785,-26.318492603301998,-16.24401278539526,-6.24639408200024,-11.213103214887735,-10.317023797500925,-3.8967598468227425,0.35236272696282217,0.7329144720826701,0.0
447.538134,192,956.548399,192.0,255.5024999016828,69.26471330741485,68.83341217018157,13.950000000000022,-5.350000000000001,-19.840687432289123,-40.92148820608854,-29.78153724251529,-8.21947081191285,-24.123471996443385,-16.100799229812687,-7.675036662849053,0.2879360978781092,1.1056746158519393,0.0
287.488819,121,961.846987,121.0,191.19741415800542,43.206767187617594,42.692691165200856,10.350000000000014,-4.720000000000001,-13.08907728910446,-31.22352118790151,-19.06285374337913,-6.481751898107045,-18.71418853521773,-22.798091189683426,-4.868569235690039,0.682022752187416,1.6504950602935466,0.0
235.26901,116,966.912111,116.0,135.89743748878348,36.82877738902232,43.69008141754085,6.750000000000005,-3.8799999999999994,-14.64321763515473,-26.805665934085855,-18.586463738372426,-5.8546677152763476,-9.81010955710997,-18.2377976637866,-6.079363553476169,0.7600584444065892,1.7633355910232869,0.0
828.980929,324,980.618391,324.0,532.1788692667471,112.17301590833388,122.5054183825247,29.999999999999893,-8.050000000000004,-36.24132587909701,-71.87976696640249,-51.61678075603582,-18.81820660038442,-40.22966341049671,-50.12099603373678,-14.919634668299492,0.2022992290770081,1.3108990044190125,1.0
167.437363,67,983.523555,67.0,119.47375857091458,21.211341431713294,23.872792795947632,6.150000000000004,-1.43,-8.200739188194275,-15.27513271868229,-10.8109101007236,-3.278802713593338,-19.540328022245948,-8.548576684020828,-3.186040090875506,0.8222363748671221,1.1017967423219437,0.0
151.644058,62,986.074425,62.0,103.02445188375862,22.02457264575967,19.93702030650408,4.5,-1.8,-6.505937933921813,-15.979356455802916,-9.154125781860628,-3.234109481909811,-12.920443950630228,-8.11360003797626,-2.1344127810026303,0.7667911377921366,0.9508210108622493,0.0
585.566295,219,995.372907,219.0,379.9622690484161,77.48214770023297,82.19179954002895,20.249999999999986,-6.150000000000002,-25.030515317916855,-47.25854044035074,-33.61407159409943,-10.83842870935973,-32.71344041926347,-28.507451309984468,-9.20747300805183,0.7658343189851566,3.354354317154986,0.0
528.547416,199,1003.871848,199.0,372.799365246109,67.94536111193592,73.88613656045726,17.85000000000001,-3.7799999999999994,-23.21535874843597,-40.024956533312796,-31.444032749729182,-10.570759555159555,-41.09915131279094,-44.303303219289155,-8.495884791295765,0.7533068455780543,2.998161245400656,0.0
211.770328,92,1007.776273,92.0,125.06605514225596,30.646340680374717,31.564053044270825,6.450000000000005,-3.29,-10.681497106552124,-18.66428370624781,-13.41393629584949,-4.6595033384725175,-10.988928568606351,-9.340798255589725,-2.917173801034022,0.6788002318947638,1.2489924266863655,0.0
296.991336,117,1012.664359,117.0,176.86541146286447,40.05078823182813,42.71168727739761,12.90000000000002,-2.9599999999999995,-12.486711463928225,-26.284069181978712,-17.909028591600148,-5.77932998741026,-11.490961446321137,-11.315223602090212,-4.311227126328392,0.6778545005967684,1.586179531396438,0.0
253.914048,98,1016.826263,98.0,175.91326759931763,33.41705873857501,33.66850599779643,8.70000000000001,-3.1499999999999995,-11.592150206565854,-23.811420005559913,-15.151728806024854,-4.630501271065615,-21.614466233020558,-12.171684888238802,-3.6628328287515735,0.8056754036305723,1.5791237911159217,0.0
303.354615,130,1022.405763,130.0,191.80336476106527,43.092719051141934,46.5039114284885,9.00000000000001,-3.419999999999999,-14.92077701568603,-25.575909820199,-20.213900635496046,-5.560928549708539,-22.96614111229941,-19.306558489348372,-5.081164606183654,0.6490282262104301,1.6874733881471182,0.0
213.351252,90,1026.275696,90.0,154.55385988240687,26.359787291919734,32.101159313022045,5.700000000000003,-3.6799999999999993,-11.113571734428408,-22.682559232413766,-14.773211776857952,-5.428103665857637,-19.548581664103136,-13.789752381636301,-4.347774359481048,0.7823198126855628,1.4081756628340132,0.0
264.764681,109,1030.751856,109.0,161.53695435426343,40.088944215759724,37.45961594269457,9.00000000000001,-3.809999999999999,-11.350276913642883,-24.152467989921565,-15.597129791161374,-5.796992801222222,-14.78328108963074,-13.411398148932715,-3.419287131978873,0.6854022796332769,1.4941769696005438,0.0
297.862814,135,1036.467932,135.0,156.9810213452575,47.74835866836842,48.30615150040054,10.500000000000014,-3.5,-14.340309925079351,-31.528391009569177,-19.79885917020807,-6.995107169956364,-7.714405540885286,-12.476624520574322,-4.319019758988963,0.6105941084712605,1.6486040928724035,0.0
252.676921,95,1040.133296,95.0,180.7870694149413,30.272171607516622,32.84500639444092,7.500000000000007,-2.1100000000000003,-11.566225385665895,-21.226491267979146,-15.12806926607322,-5.200403335489205,-21.243664987919782,-13.476800765183574,-3.7756713872951866,0.8783490868361643,1.6688632649887123,0.0
503.602885,199,1048.032947,199.0,305.46936911561926,71.55588739900585,74.35378014553594,18.6,-4.97,-20.626255590915687,-45.17133243381978,-30.38011263047245,-11.106002478638143,-27.77590425356691,-18.410563801695808,-6.935980576157475,0.6405320234654799,2.54931745339261,1.0
627.421624,241,1058.124054,241.0,390.25779814361454,85.1492120627648,90.6335498936991,20.84999999999998,-8.470000000000002,-24.8032551908493,-51.42248022258281,-36.04621479122416,-13.380179473283567,-28.217954555160716,-29.23743677091812,-8.89141490578146,0.632830551873371,3.0502432600296485,0.0
188.511314,80,1061.630985,80.0,126.43940333769899,28.271229729459336,27.640524212653975,5.5500000000000025,-3.429999999999999,-8.959621615409855,-21.601269745826723,-12.46012377286716,-3.663048262530038,-16.304748439747158,-9.764570367197647,-3.2064607207200195,0.6737613173863142,1.0780181078181028,0.0
236.961392,99,1065.906708,99.0,139.74181421690878,35.646362403574486,34.53456619855654,8.250000000000009,-2.9499999999999997,-10.609236273765564,-24.86764972209929,-15.167534256263316,-4.678392624615362,-11.309095234215613,-7.10939138001454,-3.5200518249152397,0.5701754144937846,1.1289473206976934,0.0
368.641835,151,1072.145973,151.0,247.077151452396,51.51651752634659,55.58483702658826,12.90000000000002,-4.78,-17.41696228981019,-36.47236256301401,-22.593659444722125,-7.180248077725203,-25.14161216335116,-29.974000648268035,-5.877825570582684,0.7636771773084334,2.306305075471469,0.0
305.986578,124,1077.506361,124.0,186.6612695671843,44.101667009887855,46.753775871949856,10.350000000000014,-4.35,-14.216806504726408,-29.687525501847265,-18.53058779746819,-5.491089277769502,-13.695602560633882,-14.43205280827191,-5.476469535914762,0.6156703887265232,1.5268625640417777,0.0
276.034986,111,1082.229586,111.0,181.0061703626191,37.85169785230613,39.3476938813171,7.500000000000007,-3.659999999999999,-12.804884719848634,-25.10895759761333,-16.675024739434253,-5.621433414776337,-20.89772605619925,-12.045129352699226,-3.857420163199063,0.6884839331299,1.5284343315483782,0.0
356.276848,129,1087.583368,129.0,237.9745740631034,45.49147423557648,45.34538306184595,11.550000000000017,-4.069999999999999,-14.327491245269776,-25.587906935811052,-19.974747780902504,-7.325075028894504,-22.89646990743331,-14.093055684786648,-4.809836720388233,0.8195125291883031,2.114342325305822,0.0
314.932854,122,1092.647695,122.0,221.4511683355801,40.58654960665662,44.38705449729332,11.850000000000017,-3.13,-13.879799146652218,-27.038466489315038,-18.83994066437334,-5.396793085440091,-33.30670667090861,-18.903280462514,-4.846931422377123,0.9064383586218971,2.211709595037429,0.0
233.41535,108,1097.205167,108.0,134.39432030360769,36.42844537477545,38.661148403494195,9.00000000000001,-3.2299999999999995,-11.461983671188353,-25.593686452507978,-16.611207476483802,-5.154533330401643,-13.910935470024462,-12.626471113975434,-4.479746903787036,0.5646181934229153,1.219575297793497,0.0
499.256513,177,1105.021073,177.0,341.429472396701,62.72496325471406,64.68092193811572,16.80000000000002,-4.42,-21.09336206197738,-34.60336327850817,-26.339422288339957,-8.961341205608392,-37.28270184966983,-24.56123956399554,-6.117414119608602,0.8413971342863774,2.9785458553737763,0.0
146.598315,70,1107.892522,70.0,108.85057262063282,21.81293482310712,23.327594211469542,4.950000000000001,-2.4399999999999995,-7.846597876548768,-18.8774260520935,-10.84372609881997,-3.6064001477844347,-15.282859700974297,-20.42383862622878,-3.0219379715308885,0.7438766528472005,1.0414273139860808,0.0
191.173703,76,1111.151045,76.0,124.33343086524786,25.50388655543538,25.862254954783303,5.400000000000002,-2.44,-8.41123891353607,-15.49218920767307,-10.788892060329783,-3.339135639969206,-15.7150256368102,-7.500094832192359,-2.2392929565286632,0.7254333034887941,1.102658621302967,0.0
182.830782,76,1114.504788,76.0,136.9800843607037,23.783338885533297,26.652956119543365,5.5500000000000025,-2.4899999999999998,-9.599353713989256,-16.88371211737394,-11.67801983136785,-3.3251619730153745,-22.055662705123574,-16.94541585972064,-3.1582713546324994,0.8573540649510601,1.3031781787256114,0.0
289.941484,117,1119.913105,117.0,194.33248242657237,39.50905439165525,43.19986532111606,10.350000000000014,-3.999999999999999,-13.242817320823667,-25.34566017985344,-18.086316540897442,-6.328704139404211,-24.22885029767162,-18.18270578726455,-5.034863790359235,0.7628152867793918,1.7849877710637767,0.0
339.764206,128,1126.423044,128.0,242.56895724272604,42.92507951624254,47.84431446900241,10.800000000000015,-4.05,-15.294266977310183,-27.204551525413994,-20.13666673816821,-5.521906744680224,-28.42590392820508,-26.00534887480344,-5.73550020820901,0.781034657337802,1.999448722784773,0.0
231.25997,90,1129.952091,90.0,148.96339418407533,31.743448502317015,31.833876844375933,7.350000000000007,-3.04,-10.208312520980838,-19.011096194386486,-13.353896429819908,-4.3534774949323705,-16.711574669263534,-8.873525599869563,-3.0788667469920794,0.7054932627814702,1.2698878730066463,0.0
326.344336,126,1135.256291,126.0,223.85140999014624,42.488517611869774,45.68606871877967,9.750000000000012,-3.629999999999999,-14.309717912673953,-30.30528315901756,-19.151463619554388,-6.329294599664453,-28.619614681454397,-14.225660587730918,-4.86062584837013,0.8325719043057725,2.098081198850547,0.0
301.824671,120,1140.822187,120.0,192.681012174183,37.828300727751376,44.50710104445727,11.850000000000017,-3.5399999999999996,-14.021362066268921,-27.36664689034224,-18.726879869050865,-5.91309748287,-18.273355840272004,-13.221425008573618,-3.978975649530315,0.7211753420151764,1.7308208208364233,0.0
347.825511,126,1146.749136,126.0,250.52684321319353,42.417062710081474,46.2213444762196,10.800000000000015,-3.699999999999999,-15.611332106590272,-26.863076393678792,-19.820373949271783,-6.078201589342274,-33.88649087787285,-17.24615580709595,-4.934108745549457,0.8863921599218023,2.233708243002942,0.0
174.669769,87,1150.891473,87.0,110.18412318383261,23.896385981310587,31.366058404048125,6.150000000000004,-2.2499999999999996,-9.932355656623841,-19.726312169432635,-13.691599675223861,-3.6910062363126044,-17.51354937397044,-12.963554518382258,-4.158421209607899,0.5470859403240874,0.9519295361639122,0.0
279.822723,106,1155.919023,106.0,176.26133344651737,37.45929744595789,38.92542379291594,10.050000000000013,-2.8899999999999997,-11.350241494178777,-22.904318223893643,-16.25264890669138,-4.350170599376091,-15.08389538418841,-12.409905646519213,-3.632151584379888,0.6841381282836327,1.4503728319613014,0.0
281.053332,125,1161.371267,125.0,167.96753739347042,41.35716267602025,45.988191558385516,10.350000000000014,-4.940000000000001,-14.991446042060852,-28.5983896791935,-18.95259971961226,-5.663589339015953,-14.131472764684288,-17.010967548047965,-5.321094125341716,0.7430469731024647,1.8576174327561619,0.0
245.909029,95,1165.344189,95.0,166.97418020322053,32.16816713056865,35.16961493421366,7.800000000000008,-3.009999999999999,-10.988186750411993,-19.322070609033112,-14.287007289503817,-4.993325943262073,-21.664265130445937,-13.24314753477331,-3.69493034724702,0.7957794818361569,1.5119810154886981,0.0
1149.197879,427,1183.796774,427.0,710.6260526849521,150.34329964110623,164.66775064991592,41.99999999999978,-13.14000000000001,-47.56449413061145,-84.01256138533358,-65.7478997340727,-23.241819611819672,-57.71647412271163,-39.19315377585247,-14.8228214583672,0.5966058685158627,5.095014117125468,1.0
337.111992,132,1189.159775,132.0,206.95536303499688,43.1172168995989,47.97360436506278,11.550000000000017,-4.78,-15.402546024322506,-25.36552943736315,-19.4805290668268,-6.819839720059675,-16.677954515930253,-11.41224026723984,-4.54555289120929,0.5813892894218625,1.5348677240737172,0.0
334.603599,140,1195.075798,140.0,210.64480432922988,47.663729826472796,51.46834677335528,12.150000000000018,-6.130000000000003,-15.006758868694309,-36.448803035914885,-20.669773535465232,-6.448770652010579,-20.28857432372272,-17.12825414418608,-5.202347582234626,0.4917718310498649,1.3769611269396218,0.0
169.546931,96,1199.553355,96.0,77.94517394175006,28.031521628908457,36.60022636308458,7.6500000000000075,-2.77,-10.674047923088077,-24.707266998291008,-14.040133980029443,-4.082473542975263,-3.077359840407824,-13.714697485055527,-3.614011149463237,0.5137753685993786,0.9864487077108067,0.0
337.310734,144,1206.581334,144.0,194.93732543411585,52.51998240696715,51.112062480879004,10.200000000000014,-3.779999999999999,-14.80357744216919,-29.422636419534683,-20.673971129480183,-6.20305669514798,-24.838978084873123,-11.306415012315348,-4.4300012149433945,0.5693460712951076,1.6397166853299099,0.0
137.915386,113,1212.019925,113.0,52.481855504004635,36.692451100428244,41.532387272878815,6.450000000000005,-4.720000000000001,-13.465686688423153,-25.507867506146425,-16.60972842759382,-5.915500131637607,-11.893446758311628,-29.593769539527823,-4.53530866632052,0.3094641923949687,0.6993890748126294,0.0
334.183817,123,1217.869091,123.0,211.8780569623626,42.888766728122334,45.60595829548995,11.100000000000016,-4.1,-14.266622214317321,-26.787392910569892,-18.71282885226727,-5.817186470005556,-17.966559723549604,-8.447408511218812,-4.190966080215173,0.7809678861178124,1.9211809998498186,0.0
223.922351,96,1221.872294,96.0,139.4480856248653,31.441637156122,33.10293888042589,6.450000000000005,-2.98,-11.94515919685364,-18.64471333324909,-14.199483285229757,-4.27021775807627,-11.059622282036761,-15.599710661249345,-3.821404523729114,0.7228292172194126,1.387832097061272,0.0
246.862795,103,1226.485366,103.0,153.33695631321007,35.903076167445576,36.574473000552,6.150000000000004,-3.4799999999999995,-12.324840369224546,-19.18439857587219,-14.96632258639827,-5.6030411909287485,-16.017702522787527,-12.785561128412375,-3.739843765701654,0.6841406366254907,1.409329711448511,0.0
373.153884,143,1232.982701,143.0,245.54174351179722,49.77878127021121,52.0483673125565,10.950000000000015,-4.52,-16.2006650018692,-27.662259519658974,-21.156664827608868,-6.573976690488606,-29.36498983777003,-17.4882524672095,-5.198199858368242,0.7573359000529428,2.1659806741514163,0.0
325.360465,123,1238.621404,123.0,208.17993455717263,41.98105382330679,45.324198348020936,12.450000000000019,-4.910000000000001,-14.028177280426023,-24.08228426575661,-17.118929662526746,-6.483487625827392,-20.829593016926776,-14.096803367683075,-4.025446523767956,0.7591290841949156,1.8674575471194925,0.0
285.231845,104,1243.439812,104.0,201.03406144742053,34.707572209615165,36.94853318702048,9.600000000000012,-2.369999999999999,-11.585442709922795,-21.929163786768903,-16.071951705277893,-4.937729538652086,-28.073810979195137,-12.102136890241752,-3.98808625578773,0.9278533416908825,1.9299349507170358,0.0
337.825061,123,1248.917588,123.0,224.69699250951564,42.222969010178545,45.9277470090534,11.550000000000017,-3.9099999999999993,-13.431888322830202,-22.99843187779188,-17.495556512473755,-5.6045410240810405,-30.28014239496298,-12.109165360490294,-3.7429217292198813,0.8322483293868591,2.0473308902916734,0.0
457.693818,169,1256.993593,169.0,285.61013443447825,57.857745635727454,64.75159469744408,17.70000000000001,-4.720000000000001,-18.655701761245727,-35.29792358130218,-25.728139693332263,-8.014426506533509,-27.67217712265425,-11.419687314959624,-5.717601061060167,0.6644510743112333,2.2458446311719684,0.0
249.754417,91,1261.118269,91.0,166.9933823810783,29.299518464820192,32.74840347219385,9.00000000000001,-3.079999999999999,-10.139984238147733,-20.212770876288413,-13.987182089435388,-5.051765306799757,-16.12830823451339,-7.025199256758414,-3.661677182466327,0.8908937210242625,1.6214265722641577,0.0
320.893563,117,1266.131358,117.0,218.34280544300069,41.68339776876444,42.924617574587124,12.000000000000018,-3.139999999999999,-13.234459428787224,-25.83904928863048,-18.21977233142057,-6.944261125369108,-25.583679393286147,-14.143065418938896,-3.9529704766288374,0.776990225113348,1.8181571267652343,0.0
512.43604,176,1273.706134,176.0,358.6969524502744,59.973130587883446,64.9976983715796,17.250000000000014,-5.15,-19.687981562614457,-31.011352096498033,-26.697250476245973,-10.714383252512969,-44.96906091480259,-19.80295204076392,-6.448760801344831,0.9366729671931392,3.29708884451985,1.0
405.853601,169,1280.718897,169.0,237.51566974366582,57.10527987637866,63.82768857986694,15.600000000000026,-5.159999999999999,-19.128590860366828,-39.930722764134394,-25.449742558728126,-8.812449428454471,-15.363784184187756,-17.07045585022677,-6.279291081563328,0.4709095764161014,1.5916743682864227,0.0
342.364929,125,1285.901456,125.0,231.73578192215686,42.06467225560392,46.52673694691643,10.500000000000014,-5.0,-13.73961181640624,-24.730714717507368,-18.600295603297717,-6.986316736795207,-27.143682296172127,-12.836890977833907,-4.42475047077468,0.7024455781316308,1.7561139453290768,0.0
323.74352,132,1291.395046,132.0,200.78167083764404,46.81557159191454,49.42676275236015,10.200000000000014,-7.520000000000003,-13.710064666271212,-30.51566708087922,-18.63067025384114,-7.011194608760061,-18.10670739040724,-15.803575590433926,-4.182605430393492,0.6060523822657623,1.5999782891816126,0.0
406.357466,148,1297.680595,148.0,280.791425989605,49.0656647687898,54.91151011761722,13.20000000000002,-4.32,-17.032060670852662,-31.231188285350804,-22.870018141718454,-8.12644302572983,-37.2474793818739,-12.750316721014597,-6.033628224671448,0.49385208597584473,1.4618021744885004,0.0
112.014633,95,1302.583176,95.0,29.093722022269127,30.6656611201287,32.21182524161638,5.400000000000002,-3.56,-10.769271016120912,-22.45926440507174,-15.054020608256392,-4.161081525602335,-4.184575014428604,-16.597890106497026,-3.5704724427068495,0.06023391233550368,0.114444433437457,0.0
416.638415,143,1308.906122,143.0,279.6985783089701,48.87075359936979,53.56796743448215,14.850000000000025,-3.7899999999999996,-16.257237513065345,-25.475269895792003,-21.812388657408,-8.75577896429714,-24.282486227716536,-17.70704634862832,-5.26867702382827,0.8470483994984949,2.4225584225656953,0.0
366.497478,134,1313.776461,134.0,245.55695166418053,46.948947696157866,48.98023237979765,10.500000000000014,-3.4999999999999987,-14.510745625495911,-27.650649791955942,-19.61601521953897,-7.040431144548256,-30.379332850905683,-12.26485743817445,-4.526621696585488,0.8192958892008596,2.195712983058304,0.0
274.663234,107,1318.175174,107.0,196.70794521134792,36.195492575983685,38.18720307558523,8.100000000000009,-2.5799999999999996,-12.54486468076706,-23.038708335161218,-16.60836003595994,-5.997397024120865,-29.169798747509418,-17.57830251426833,-4.009975926538744,0.884164324740131,1.8921116549438803,0.0
431.850023,157,1325.722816,157.0,289.42857968272955,52.3608306848189,60.2586387436923,15.450000000000026,-6.460000000000001,-18.49187552452088,-29.99026264362038,-24.10778258540196,-7.703846043088133,-32.58583759069468,-16.902363285746667,-6.406058113954078,0.817271570562876,2.566232731567431,0.0
685.799013,249,1336.444665,249.0,423.35569645501135,90.41198877013592,92.10163548748127,23.249999999999957,-5.940000000000001,-26.476754307746873,-42.311522917449444,-36.985871046562444,-12.122248482059709,-40.16515300639954,-20.284725577615596,-8.034031925738619,0.6974280022689743,3.4731914512994924,0.0
1856.303641,621,1362.686877,621.0,1254.592218147475,217.80287774453626,242.88967840350443,62.549999999999585,-17.41000000000002,-69.71507690429698,-115.444048859179,-93.39145826807383,-37.25995044970168,-124.11272720667063,-61.896002328443586,-23.301869396585467,0.7417383600875345,9.212390432287178,3.0
1059.301032,356,1377.986611,356.0,705.5085865466576,126.8800832954815,136.95883398969966,35.249999999999844,-9.900000000000002,-38.24355504274371,-65.5411304950714,-53.2940558244543,-20.09215645489282,-70.2742116720194,-31.2231213430699,-12.728240900166107,0.727470923444136,5.179592974922248,1.0
487.76043,173,1385.161353,173.0,317.44779085342407,61.03773420173877,63.944862002315155,17.55000000000001,-4.84,-19.383487000465397,-31.851660406589517,-26.094919743338963,-8.687172433333732,-31.19053169548144,-17.576209420509194,-5.595976513553695,0.7830344388975118,2.7092991585853907,0.0
857.136621,299,1397.741142,299.0,560.0104406369938,100.08039647646073,114.85827728023777,27.899999999999913,-9.560000000000006,-35.21744426250457,-53.608373181521905,-43.14042969010173,-15.346262788413085,-45.23530142408702,-31.714973198023806,-10.88970883643465,0.8304404888489922,4.966034123316974,1.0
329.594629,121,1402.061129,121.0,202.51201596893125,42.593054082989106,45.14044778476259,11.550000000000017,-3.119999999999999,-12.624865002632134,-21.380115786194807,-17.58769455734038,-5.814275805694649,-18.3910784215623,-10.346544780956064,-3.9363142845004373,0.7683738715584797,1.859464769171521,0.0
359.175483,129,1407.530414,129.0,250.55993694928816,41.568220453831195,47.434623871742176,12.300000000000018,-3.5299999999999994,-14.965712170600883,-23.120038387179378,-19.42588748568169,-7.296718445772923,-35.92933219208118,-12.772572205597394,-4.647037698803547,0.8718774719772742,2.2494438777013674,0.0
66.349982,55,1409.723368,55.0,28.17788384464272,13.544459143258212,18.03443952069329,2.0999999999999996,-1.13,-6.880796804428103,-13.582091757655146,-8.199625259604558,-2.9493900766014356,-1.8870435824778218,-13.582874399582142,-2.2949789404927636,0.5112010129834408,0.5623211142817849,0.0
480.605505,173,1416.75285,173.0,309.1695752921983,59.49745000263732,63.9185578163085,15.450000000000026,-6.460000000000002,-19.85428156375886,-31.910463941097255,-26.424361255543506,-9.178093473382637,-23.17532039910232,-17.002007334495403,-6.425550035951771,0.7333653343755269,2.537444056939323,0.0
750.12195,249,1427.281793,249.0,536.6903710246831,82.11081610475038,97.00257071731536,25.349999999999937,-8.840000000000003,-29.645596580505366,-45.16266084462404,-36.684231694273706,-14.132261731526794,-67.95735297332452,-27.565579906416684,-10.044124435318569,0.9574134039064555,4.767918751454149,1.0
308.534593,123,1432.274799,123.0,212.2439238840974,38.32263000771996,45.30573504324216,9.750000000000012,-3.4699999999999998,-14.942945322990422,-23.251312072575097,-18.469440153310572,-5.887743259529892,-23.0673756646869,-25.457973932152942,-5.5409055774011655,0.8262004525881496,2.0324531133668478,0.0
1180.875988,379,1448.432905,379.0,794.0750272864562,130.570169578012,146.22171739070535,39.5999999999998,-10.580000000000004,-44.19803762197496,-59.37496528998022,-56.94332908781469,-18.25434920663704,-78.42129186650453,-27.840876100066016,-12.9780767018132,0.4693634376192256,3.55777485715373,1.0
279.778795,111,1453.245907,111.0,173.75258575429132,39.70627221652178,41.46891268322639,9.750000000000012,-5.01,-12.85087162494659,-22.239953817427157,-16.66298102819817,-5.666006484798678,-16.922145787032147,-12.234890863320796,-4.312126407543919,0.725592503504455,1.6108153577798903,0.0
541.019801,200,1461.785286,200.0,349.3558928859876,64.86428359588258,75.6959428791953,18.6,-6.75,-23.892074475288375,-34.77640418410304,-29.323376277329977,-9.811429794934757,-31.364679326996924,-23.807698779285342,-7.770655246095241,0.8286458582024587,3.314583432809835,0.0
489.670397,180,1469.467157,180.0,307.3266490397766,62.3721347608229,68.26432650265684,17.100000000000016,-5.500000000000001,-19.45180461883545,-33.03807561844587,-26.2038484078272,-8.445900758967829,-27.978814771073537,-18.829461151064958,-5.944808348317545,0.7498390980157336,2.699420752856641,0.0
1803.731685,591,1492.830629,591.0,1208.5006500791646,206.4027774599109,229.15437194529855,65.39999999999962,-14.04000000000001,-65.82159293174732,-95.86142803393295,-89.66066780353152,-31.55663816600914,-114.86121590727302,-63.716113042530345,-21.208459076194234,0.6364710834772196,7.523088206700735,2.0
501.095017,178,1500.48052,178.0,329.99018969994927,57.662291200458654,68.06368597495208,16.350000000000023,-4.249999999999999,-22.238581891059873,-31.988138996437183,-27.304152796590152,-9.476241188263385,-28.22889890760491,-18.031514312917444,-7.453621334385113,0.8465049573070884,3.0135576480132347,0.0
462.733541,165,1507.358655,165.0,319.03866639752204,54.19684624118242,62.43300338716932,16.950000000000017,-4.249999999999998,-19.16622930049897,-29.095854127407076,-25.460845306365584,-8.517022144070626,-39.61267672160047,-22.345912878853564,-6.436434673886696,0.8821317990267369,2.9110349367882318,1.0
2310.683582,762,1539.351958,762.0,1542.8939993326271,263.00863604947676,297.64002163088605,80.7000000000002,-18.22000000000002,-90.66785869598388,-121.18310703784232,-114.62264560036574,-38.546580701859796,-145.1177131642714,-76.39920858817095,-30.80196132470112,0.09281381087543754,1.414482477741668,3.0
641.986971,218,1548.406156,218.0,466.43565985027203,71.73527536880884,82.81664666798332,22.649999999999963,-3.5399999999999983,-26.094466919898988,-34.547429020702864,-32.428646646197045,-10.689154175793945,-68.99171381870667,-34.646238654433084,-8.712962110234455,0.9729901211122963,4.242236928049612,0.0
478.866712,172,1555.54192,172.0,302.03163208641735,57.21005590474973,64.35740702676344,18.000000000000007,-5.46,-20.281931796073938,-28.154253837466232,-24.912026838304662,-7.545146575313076,-26.729393035868238,-15.704455087596486,-5.94517570806802,0.7963463660842054,2.7394314993296667,1.0
421.443391,148,1561.73428,148.0,296.0290285307032,48.25349970851948,55.42385592049678,13.20000000000002,-5.440000000000001,-18.134080772399894,-27.517990846931937,-23.5279969796476,-8.090602253875183,-31.78183314682929,-18.052934391607202,-6.917554681820163,0.9695271354527194,2.8698003209400493,0.0
1687.460059,568,1587.771241,568.0,1085.3857487452483,200.44579810485595,220.88500446425942,56.84999999999964,-15.060000000000013,-66.08034758090973,-93.04013279266653,-83.30344246622406,-29.418083660361443,-89.83476438914494,-47.70663399381845,-19.66308759099968,0.750209075835659,8.522375101493086,2.0
2987.151122,1000,1633.871693,1000.0,1912.80114651435,355.511942730156,396.97570637258497,106.05000000000116,-27.690000000000005,-121.42161580324179,-156.09314913153648,-144.66352215332793,-51.92752121225299,-152.95945975250814,-91.73219513942333,-37.70021091441793,0.588397214190082,11.767944283801638,4.0
490.754047,180,1642.046174,180.0,320.5371753172811,60.388208612257166,67.43621016190993,19.499999999999993,-3.5299999999999985,-21.111888480186472,-26.985032448172568,-26.31701172965751,-7.371524686673678,-47.54813281590251,-18.122918423898795,-6.1210381950397625,0.8843178242319005,3.183544167234842,0.0
524.252396,173,1650.091405,173.0,362.10161411527747,59.4185322964818,65.46931302660612,18.150000000000006,-4.2,-21.63337553024292,-27.138083462417104,-25.68074937527564,-7.38535219828547,-48.06656753499081,-13.27667560364652,-6.506259867082699,0.9317396532631066,3.223819200290349,1.0
2508.029149,830,1685.139993,830.0,1648.7173975290075,282.9304764037724,326.9162621143838,86.25000000000041,-21.32000000000001,-101.39434405326851,-135.2607040733099,-118.25793010508632,-43.31874333595168,-156.30552299762584,-59.06870664401173,-31.859035618399968,0.6161005566591797,10.227269240542384,3.0
258.630675,97,1689.559575,97.0,161.3363013503582,31.152048170025317,36.69470396941532,8.100000000000009,-2.0999999999999996,-12.210123648643494,-17.479829399287695,-13.783987265852426,-4.398584769749876,-12.431492531896957,-10.35330539128338,-2.8950558830103104,0.8034239291852089,1.5586424226193052,0.0
905.39305,308,1703.271183,308.0,590.3446903444636,105.8653615347989,118.45556923698781,32.999999999999865,-6.81,-38.65058473110199,-51.82402645871046,-45.799194240744576,-13.760157324292738,-57.38798447226094,-24.44807212527853,-11.592552112740144,0.505898208148747,3.1163329621962816,1.0
698.669557,261,1715.428466,261.0,412.80125769126636,93.26036511177044,102.07545434361326,26.549999999999926,-8.120000000000003,-32.857763824462886,-45.09711834788322,-37.79893232643711,-12.286417269360962,-30.83309917459398,-20.262475176968564,-9.761714318487458,0.5050992650128583,2.63661816336712,1.0
270.916304,108,1720.234722,108.0,174.52110276910372,33.06398930209579,39.57148948886015,10.050000000000013,-2.6799999999999997,-13.872915859222413,-21.551161098480218,-15.93070489296589,-5.628567158371924,-19.960988298825633,-10.378326220325517,-4.287613941135462,0.6941800266573086,1.4994288575797867,0.0
358.438199,125,1725.573204,125.0,245.04243457553764,42.55828584863278,45.964223262795144,11.850000000000017,-3.34,-15.014675612449647,-20.811608318984504,-18.515676333320844,-6.391813472896407,-29.678334965832068,-13.964535053655265,-4.260101112201279,0.9007584247538084,2.251896061884521,0.0
332.87038,119,1730.63183,119.0,216.7483681660934,41.2773477980151,42.02532118061373,10.200000000000014,-2.7899999999999996,-13.369489421844488,-21.52767148017883,-17.93923048186723,-6.378937672939659,-21.361236751870788,-9.101975708889125,-3.9121151559733827,0.8383597453691841,1.9952961939786582,0.0
1013.507324,346,1745.433005,346.0,669.0902226661469,119.66220846498945,131.34058179562493,33.59999999999986,-9.280000000000008,-43.779728302955654,-58.94466292336582,-50.854303060037346,-17.096826170558003,-58.01727304220536,-33.13110123555748,-15.0817945906255,0.2549129300864099,1.7639974761979564,1.0
1274.685281,411,1762.109212,411.0,857.0906494115688,141.49536542848574,159.77147208861732,46.34999999999974,-11.46000000000001,-51.38847084045412,-64.47726532369849,-59.90285597498929,-20.468921948273735,-88.44443686212527,-29.593222705156418,-15.287032326743821,0.5378196207797975,4.420877282809935,1.0
1005.571162,339,1776.585808,339.0,648.0638408007845,116.4716377674553,130.2468815293493,36.149999999999835,-7.780000000000002,-39.80366050243379,-52.46017735376957,-50.291515201290906,-17.455212313784525,-54.649260589321436,-30.38386226636999,-11.537509786933628,0.827426124304726,5.609949122786042,1.0
653.212502,227,1786.247516,227.0,431.80958415942536,76.18424375875483,86.28183958513897,24.299999999999947,-5.910000000000002,-27.898251266479495,-37.12637803778053,-33.99515091632654,-11.24403628146214,-46.8416225194266,-20.235040257538227,-9.112686364532227,0.6226067266443605,2.8266345389653966,0.0
331.474603,134,1791.999102,134.0,213.8301364471987,43.64814594936133,50.118767347206685,11.550000000000017,-2.5499999999999994,-17.315635957717898,-20.800788044929508,-18.70460126165576,-5.569653567367182,-31.502891885716323,-20.479366075004457,-4.749510167403372,0.7458283255481329,1.9988199124689965,0.0
604.413909,210,1800.874288,210.0,412.79479331598344,66.57524261816958,80.24858093976205,22.199999999999967,-6.010000000000001,-25.778474116325377,-34.74935734272003,-30.50633244624496,-11.516664161443623,-50.97624348244232,-19.246098835044926,-8.621537133089639,0.9627144201747365,4.0434005647338935,0.0
210.262262,86,1804.336846,86.0,128.61353938766263,28.710560057828722,30.203442191806325,7.500000000000007,-3.65,-11.178069624900816,-16.77251632660627,-11.687353233384862,-4.560814134104696,-12.31536970065903,-7.755905226989933,-2.8452512534494496,0.7092760478905614,1.2199548023717657,0.0
276.155688,102,1808.461401,102.0,187.07776124159645,34.930221475186535,37.554654778048686,10.800000000000015,-3.5899999999999994,-12.052645320892337,-15.830485981702799,-14.601339546247708,-6.008041000260947,-22.318442067839683,-18.676715717278768,-3.1292794864121642,0.8369495816728448,1.7073771466126035,0.0
736.299666,237,1818.628322,237.0,503.7914439356649,80.89016727169881,90.56927846507962,26.699999999999925,-5.009999999999999,-28.956998987197853,-33.82155543491242,-34.93994646041244,-11.889718707063569,-61.69318874111061,-18.06374094417742,-8.276074826408987,0.9993531722179567,4.736934036313115,1.0
164.018903,70,1821.700819,70.0,108.33548650876192,23.216308201590575,23.57897284403015,6.450000000000005,-2.09,-8.679756264686587,-12.995782174170019,-10.544482442471244,-3.1562938079591087,-15.808564620564196,-11.55465586128758,-2.7323297044149197,0.7312741513083267,1.0237838118316576,0.0
366.088195,134,1827.33958,134.0,258.5029361278864,45.56839586776874,48.080821097533324,12.450000000000019,-4.109999999999999,-15.894035191535956,-24.912314794957645,-20.020170111219198,-5.702351300576269,-43.68413047335893,-12.80527569931042,-5.385680493861625,0.8975794563441726,2.4055129430023827,0.0
733.265598,242,1837.939639,242.0,492.35745080974647,80.33656183642078,93.07098849704558,25.949999999999932,-6.9700000000000015,-28.418078947067265,-37.16318084597586,-35.31248434893058,-13.696628770749953,-49.46404230847026,-20.246616374417272,-9.178371959861897,0.8954761837431856,4.334104729317018,0.0
70.478637,77,1841.004048,77.0,11.123927104486276,26.012170684364378,26.10130834040938,2.5499999999999994,-4.640000000000001,-10.213993568420413,-21.025662952661513,-11.332439956208525,-3.7931645249230512,-2.1680593030937416,-16.143090852733906,-2.9923575797517175,-0.024025517165625284,-0.03699929643506294,0.0
725.898291,235,1850.347039,235.0,496.5651065533327,76.72791901873127,90.34801055442483,24.89999999999994,-5.07,-28.486438188552835,-35.866995345428585,-35.21046355530761,-11.083366094466857,-54.79811088500261,-17.78674089314832,-9.340630434409494,0.8641628122940092,4.061565217781843,1.0
300.897837,106,1854.780151,106.0,197.96694124916127,34.091096650018144,39.01876192243567,10.350000000000014,-1.6599999999999995,-12.609325027465818,-17.28928709775209,-14.536183692063936,-4.918673820937924,-20.70029408999532,-11.24616773720405,-3.5690316237365978,0.8242435676123876,1.7473963633382619,0.0
337.497601,123,1859.926591,123.0,238.05341353545188,37.908064456166855,45.016999529273235,10.950000000000015,-4.1899999999999995,-14.494219455718987,-21.174595724791285,-18.818051610482517,-5.939909156193546,-28.15129172629509,-18.960105428572742,-5.702703194047901,0.7925253319019482,1.9496123164787924,0.0
630.015945,203,1868.424905,203.0,450.2649644984696,66.83344989772795,77.87627644183287,20.84999999999998,-4.54,-25.944326105117803,-31.33785035386679,-29.804510954818475,-11.402076510976244,-53.9405002391688,-23.276850395669737,-8.562631710256042,1.0037399654407002,4.075184259689244,0.0
648.30823,227,1878.002858,227.0,411.01324839434204,80.85804105952153,86.72783825342312,23.99999999999995,-6.700000000000003,-26.78960644960404,-36.45022307634353,-32.38745184478488,-11.16827757624486,-41.04827047314233,-18.471372796495373,-8.27569539935248,0.2049844205294248,0.9306292692035887,0.0
626.87902,207,1886.860802,207.0,433.71541534412466,66.94707538293456,79.56553358380708,20.549999999999983,-3.9299999999999993,-25.248130543231966,-30.48454610407351,-30.26061999985888,-9.620128653764487,-56.72009189227167,-16.244464005548448,-8.391022742064974,0.9884130312633523,4.0920299494302785,0.0
1544.026857,487,1907.421202,487.0,1055.5002623878067,171.60558698789234,190.52659031049723,55.94999999999965,-11.03000000000001,-60.32674632310865,-70.7422468647361,-71.49317293799449,-24.51724912110298,-120.87672129147205,-38.86844569307942,-18.70100088813898,0.9090995960923279,8.854630065939274,1.0
366.243819,129,1912.687287,129.0,250.3595783821425,40.09913184901346,48.237114133404845,13.500000000000021,-2.7599999999999993,-15.804928684234621,-20.989385491609585,-18.576937966254064,-5.112834190036275,-36.94561253949597,-9.64214124466524,-5.120165472937733,0.8973894274686711,2.3152647228691716,0.0
448.191779,161,1919.512615,161.0,298.1036456580249,55.73833597002501,59.05489897431912,14.700000000000024,-5.3100000000000005,-19.201771311759938,-27.711067767441268,-23.5535923576322,-7.360477668916249,-32.99529923765528,-17.87298050023396,-6.399912943464096,0.5322535306152798,1.7138563685812012,0.0
509.080219,208,1928.061345,208.0,314.4746383326698,66.71101920994728,78.40659890697145,19.64999999999999,-5.460000000000001,-25.54469664096833,-39.21021536886694,-30.996770531304577,-10.71854930603887,-26.20705007169646,-31.522443276009078,-8.502312594739633,0.47612674449230186,1.9806872570879759,0.0
678.187729,238,1937.366911,238.0,448.33441334274977,80.50746554022732,90.35475849564591,22.649999999999963,-6.8800000000000034,-29.526594004631068,-38.53436344340444,-33.65429014928337,-10.767539041810144,-51.76550556611108,-21.625777698568502,-8.904838953550946,0.7754299163536955,3.6910464018435905,0.0
1046.895979,330,1951.451352,330.0,718.4559568032139,114.86102146189212,126.71020733821643,36.74999999999983,-8.870000000000005,-41.645272383689885,-45.22802252024411,-48.02426975284362,-17.630586175691484,-82.81386205938944,-22.298603533350974,-13.370589810985823,0.861960076790827,5.688936506819458,1.0
269.866857,99,1955.811579,99.0,190.9646661261972,30.624687473596865,35.96324466667884,9.300000000000011,-3.4099999999999993,-12.289004778862004,-16.611892032623285,-14.504635522510968,-4.962089330037711,-30.87090553308935,-9.338246602278042,-3.998967783588047,0.965367745084082,1.9114281352664824,0.0
420.170565,159,1962.598564,159.0,243.1415341679546,53.13004351341421,60.960649195937975,16.050000000000026,-4.919999999999999,-19.897390565872186,-25.676052665710465,-21.837705104759102,-7.813789647056375,-15.371138315962774,-11.092059165043242,-5.503526124679795,0.7456627852939273,2.371207657234689,0.0
1001.480681,344,1977.145112,344.0,657.381236034428,118.49098680320544,134.04705548408415,35.249999999999844,-8.130000000000004,-44.73274333000185,-50.59313002675773,-50.26450025604587,-15.803491544122403,-68.7016425238278,-34.860131951567325,-14.602957952925712,-0.14322293520770446,-0.9853737942290067,1.0
1551.936314,495,1998.190485,495.0,1068.902570103833,168.15663503602087,194.06420282669492,54.59999999999966,-13.230000000000011,-61.709385104179354,-72.30864826515322,-73.0509621256727,-24.063940711904294,-126.85241938042776,-38.901492996007285,-18.670245602032267,0.9942171756836696,9.84275003926833,2.0
609.42189,202,2006.640016,202.0,408.48779575867314,66.41757103543935,77.5276530947961,21.299999999999976,-5.640000000000001,-24.969070472717263,-28.129608949646347,-29.661027742388338,-8.841136195231044,-41.58008172837616,-20.258354714760785,-7.231849645319895,0.7344342422920592,2.9671143388599193,1.0
313.431441,168,2013.639751,168.0,148.8043672599962,59.00436895603678,64.46265955808744,14.700000000000024,-6.16,-22.564555869102474,-36.7699795871973,-24.26515022574419,-8.592035827605228,-13.790818793771587,-22.567992477165934,-6.829422039541648,0.45925653639114444,1.5431019622742452,0.0
532.662939,194,2021.126885,194.0,353.3324581469912,66.5903367409331,71.36925582427972,16.200000000000024,-5.98,-24.357415332794176,-33.10346901789307,-28.52388192276293,-9.728684851092565,-38.31370930823122,-20.06854890657907,-8.753402079648591,0.5489125294155762,2.129780614132436,0.0
492.507918,171,2028.28004,171.0,336.7861087778054,56.27885787219907,63.55252705919608,18.6,-4.6499999999999995,-21.018130855560305,-24.963277167081838,-24.83062997275763,-8.305257294809973,-44.663353060521665,-19.19752976623723,-6.081397163787242,0.9200145440532889,3.146449740662248,0.0
443.930485,152,2034.557198,152.0,298.7544006891411,50.848883707267184,57.93843936376259,17.55000000000001,-3.6199999999999988,-18.462678709030147,-22.053793361783026,-22.217606752900043,-7.733820440822043,-43.67191773526855,-9.881148051345928,-5.520274022290181,0.5315155607567751,1.6158073047005963,0.0
513.120324,171,2041.990723,171.0,342.1498792868446,57.24701286805215,63.95842225619484,19.94999999999999,-4.229999999999999,-22.06070343971252,-27.56800950914622,-24.271941225410803,-7.888178072964629,-33.93617883147607,-15.593950071861816,-5.636029676676292,0.6821669054748493,2.3330108167239842,0.0
660.443686,227,2053.271521,227.0,437.6467881668966,78.64992921031138,87.01843636358868,20.99999999999998,-7.000000000000002,-28.199150991439808,-36.99663618132472,-32.78384679453201,-11.697599889971027,-43.88084156920806,-21.895484672417936,-8.41790715800326,0.8434503794856585,3.8292647228648895,0.0
1341.511872,420,2071.527138,420.0,918.0154576244838,147.31617799682093,162.3458509143047,46.799999999999734,-10.370000000000005,-52.56913176536561,-58.01661517396572,-60.950526617206165,-22.548318127248667,-101.06146672644654,-31.553242109988606,-15.896313634406068,0.05788329196750161,0.48621965252701355,1.0
390.242662,134,2077.273117,134.0,268.175081811277,44.2357675313099,50.07281352412626,13.950000000000022,-4.7,-15.848189563751223,-21.847671535611145,-19.198015251132414,-6.1417897849770755,-37.6873312876006,-10.581260425507603,-4.186742629755662,0.9560407868340696,2.5621893087153067,0.0
569.919106,212,2086.551363,212.0,366.268543644992,70.78448319287729,79.85422976773177,20.099999999999987,-6.83,-26.284749021530164,-32.641599294543255,-29.723644198332345,-9.719753456837445,-35.14344582446686,-31.28997082260002,-7.454988045769554,0.6937514238537371,2.9415060371398454,0.0
583.279264,196,2095.614467,196.0,407.1644593532301,64.69602048708684,73.8512005861471,18.9,-6.36,-23.128454399108875,-30.69572211503982,-29.35534724730306,-11.301905893449145,-45.618297424038694,-23.36717761536092,-7.505511382064936,0.9029764679467027,3.5396677543510746,0.0
626.103699,220,2104.696206,220.0,413.7578211058967,73.14863639020173,85.71308110724468,22.199999999999967,-6.13,-27.52398520469664,-38.2558901719749,-32.14388214256238,-11.091406144043969,-39.23426047949223,-26.25188977435149,-8.08452575484009,0.8892684111330222,3.912781008985298,1.0
1443.987581,523,2127.531854,523.0,897.5203261278164,178.33681694613486,203.94434817775186,50.2499999999997,-15.280000000000015,-65.08004908084874,-83.2809784993529,-74.24340954903806,-23.84263468014294,-75.8374418946196,-51.935420858527955,-19.563975317496777,-0.11953591745274485,-1.2503456965557112,2.0
1296.017319,420,2145.253688,420.0,872.259988794678,143.4944698916307,163.5334691441878,45.749999999999744,-11.630000000000008,-50.7258267211914,-61.10496408790347,-61.21449931169462,-22.882010548822947,-98.14343933247244,-28.153397561595533,-15.166471072105352,0.8241171214814688,6.922583820444338,2.0
1105.47688,371,2161.139509,371.0,735.5532124144494,126.44372299365936,143.77407692053166,38.54999999999981,-10.550000000000008,-46.82667811632157,-55.61257219314574,-53.56816152963617,-17.82104545130449,-75.10865327424132,-35.0890642675114,-15.267957337990538,0.08218313967204001,0.6097988963665368,1.0
817.589149,276,2172.854318,276.0,536.1955642487987,96.95061832648584,105.27178263889236,29.099999999999902,-6.820000000000001,-35.59775356292724,-40.713078433275236,-40.62342587258311,-13.277396730935656,-57.368047612258366,-21.47156947289019,-10.057544946122293,0.8099278934266979,4.470801971715373,1.0
823.703105,279,2184.594679,279.0,549.440870518061,93.42636737424662,105.66054202051986,29.699999999999896,-7.770000000000006,-33.74069483041765,-46.788229545205795,-40.33181479811865,-14.042979201253287,-54.65292009127383,-26.61561436483829,-9.582422077384575,0.8706711802575662,4.858345185837219,1.0
371.885544,141,2190.372325,141.0,248.4231324742592,47.56419910007582,53.35410095491318,13.650000000000022,-4.009999999999999,-18.17934756755829,-24.934652779996405,-20.1468722617097,-6.154128738486817,-33.44862111495391,-19.946729227268296,-5.285536515683399,0.8257320786862307,2.32856446189517,0.0
547.353168,192,2198.189605,192.0,362.94466628992393,65.24555555097515,71.47481787752956,18.6,-4.43,-23.067324604988116,-29.13530993759631,-28.317835610139955,-8.060449385644477,-38.54291685292487,-23.880372797820762,-7.4776620840289,0.8186905484408288,3.1437717060127826,0.0
1158.27629,384,2214.520931,384.0,807.0913849745231,126.31304266832107,149.08421344769684,40.64999999999979,-9.470000000000002,-48.21223996639253,-56.985834662616234,-56.19291516066916,-18.66972730663194,-97.73193131733825,-45.92450737066476,-15.675195140414434,0.43438907994955644,3.3361081340125933,1.0
707.970756,226,2224.235579,226.0,470.1540398207532,78.46013698937959,86.05923601626148,24.89999999999994,-5.800000000000001,-28.801493191719064,-30.522794197499756,-31.860396486930973,-11.87072523814038,-43.91215510704546,-17.22044888384291,-7.6146438323908034,0.6715280618721384,3.035306839662066,1.0
600.721726,199,2232.663585,199.0,438.73801190009857,64.39812364896034,76.68044191601814,22.94999999999996,-3.909999999999999,-24.34247122764586,-29.413115072250353,-30.557184009056613,-11.072863531443224,-65.0499857607223,-28.204072695226333,-8.495159645652501,1.016950154253019,4.047461613927016,0.0
462.217516,160,2239.491636,160.0,297.87503534251357,55.94984308175244,60.76673905481638,15.900000000000027,-4.53,-19.254446825981145,-27.455265748500832,-23.023294210520984,-7.137031594851088,-31.200500225539702,-9.782946254647777,-5.89061692563798,0.7991822876876101,2.5573833206003527,0.0
777.3235,260,2250.270486,260.0,510.00286589226897,91.28550324738694,99.02030044064269,28.19999999999991,-7.950000000000003,-32.98847889900209,-42.83702748268843,-37.7310236427143,-13.553424633956528,-43.911466163134364,-22.1906211597082,-10.023127776217766,0.434131020068255,2.257481304354926,1.0
609.215858,201,2258.581983,201.0,422.8516446411961,68.75719241504484,76.50979788402256,20.099999999999987,-5.64,-25.65543294906616,-32.525952024757856,-28.881829595651098,-9.21838236064907,-53.297367279504684,-16.9883290758471,-7.795483556803748,0.39812639688165796,1.6004681154642653,0.0
1824.661518,608,2283.983201,608.0,1247.0171231664815,208.4439532881045,237.59296736901527,61.649999999999594,-13.450000000000006,-77.15759923458107,-92.59693016856916,-89.20455312284398,-31.644475921694884,-133.80083376295872,-73.55735921315198,-26.63077480379477,-0.4460883419433313,-5.4244342380309085,2.0
782.43888,262,2295.59988,262.0,515.4470527981402,89.93109914372094,100.10204766828312,26.549999999999926,-8.050000000000002,-32.7670421266556,-44.139647996425616,-38.722855132889336,-14.454890033258183,-45.02376951869476,-18.402155553187143,-10.03095973510387,0.5429034503790864,2.8448140799864126,1.0
1860.636682,597,2322.528753,597.0,1273.1209762899782,209.95593716998832,235.26994883540914,59.54999999999961,-16.280000000000012,-77.56971579074856,-83.86047076061358,-85.05356260288502,-33.02556864529327,-136.86835516199298,-56.68615454139269,-24.91635233719926,-0.04189647940514009,-0.5002439640973726,2.0
760.684276,263,2333.874655,263.0,504.3444610717814,94.67532935623161,100.38872580605226,26.999999999999922,-7.7200000000000015,-34.936948595047,-43.51496141478418,-38.16486167468532,-12.336064470984226,-57.902567946311706,-23.415405458879857,-10.733430623537828,0.5848254140291924,3.076181677793552,1.0
263.730361,105,2338.378187,105.0,167.95235102602246,35.994282506216194,36.750262588185045,8.40000000000001,-2.7099999999999995,-13.465284929275507,-18.429021373391155,-15.246070369653298,-5.535014750733031,-13.544780810865324,-17.37248950351001,-4.063873446336761,0.7480048935332364,1.5708102764197964,0.0
578.53881,192,2346.635738,192.0,406.70152475953944,66.11084248803348,73.04382106432053,21.89999999999997,-4.339999999999999,-24.45556838989258,-27.372680114954715,-28.25619465356857,-10.183597178466645,-62.17469122799767,-17.170196611194648,-7.264450625306862,0.9042942401134247,3.4724898820355508,1.0
1214.902563,396,2363.434469,396.0,812.6457131380918,134.12755786130126,152.9441732856741,42.89999999999977,-10.080000000000007,-49.8059542655944,-56.53168278485541,-57.86477090892492,-20.385209251207314,-81.27502755586563,-32.74126947870842,-15.030966689142645,-0.00931054827888225,-0.07373954236874743,1.0
542.939141,177,2370.011609,177.0,370.9087544210076,58.136970517012884,68.3318986176693,19.349999999999994,-3.869999999999998,-22.64884514331818,-26.32384403049946,-26.03058459196935,-8.06590043916941,-44.19328337843667,-12.687540161888599,-6.968484587212298,0.7429230721665799,2.629947675469693,0.0
818.400894,273,2381.299568,273.0,559.1150641418058,93.26265587904085,104.53186011984317,31.199999999999882,-7.990000000000003,-33.775077724456764,-41.138620114326486,-40.032020085374405,-13.72089165737143,-67.23315571683312,-28.16907500268486,-10.649846322187178,0.48061127784867497,2.6241375770537654,1.0
1174.840664,370,2396.753089,370.0,794.3105239075494,128.3992925658147,142.18848778039253,41.24999999999979,-7.850000000000002,-45.35778117656701,-54.05414275825021,-55.14636956813176,-19.395734724690858,-77.6858747692179,-28.276000068817282,-13.541737391167933,0.6066302800800988,4.489064072592731,1.0
606.973182,213,2405.486346,213.0,404.07102178920826,69.25657891789294,81.20562661326396,24.299999999999947,-5.780000000000002,-25.662793025970466,-34.36802294552324,-30.956198323419763,-10.620173980634252,-51.21106434204181,-18.40318818805127,-7.8586041903144785,0.8158297596876429,3.475434776269359,0.0
418.417641,153,2411.997684,153.0,257.40590339764185,48.14354968321126,58.71663288551896,15.150000000000025,-5.490000000000001,-19.096965799331663,-23.438964875042444,-21.03206709786023,-6.028743559578025,-22.575571065181823,-10.928169406659835,-5.407962758096162,0.7362930947272464,2.253056869865374,0.0
603.09138,201,2420.008187,201.0,431.24950757808193,67.38178116257828,76.51890390422189,21.74999999999997,-4.780000000000001,-24.686139674186716,-29.959153348207483,-29.910295046000122,-11.779052203014782,-57.950137203828966,-27.744740664101116,-7.999294969236334,0.9832681174660056,3.952737832213343,0.0
593.787858,215,2429.040027,215.0,385.8023254067571,72.79939507789253,81.32256589552918,19.349999999999994,-5.53,-27.309711065292348,-33.47645142674445,-31.578453591830982,-9.952215095586434,-43.117271099183995,-21.2781583729718,-8.244167752434945,0.4478164794714864,1.9256108617273915,0.0
739.558946,249,2439.43146,249.0,510.40808250063384,87.39189162930778,95.64013167082285,25.649999999999935,-7.190000000000002,-30.69041279792787,-39.919941739737965,-38.13911458960207,-14.627369866734206,-58.62420372323049,-28.60606159630599,-10.734055026209303,0.7685306216551675,3.8272824958427343,1.0
286.814167,104,2443.885716,104.0,193.64329354603024,35.11349272942206,37.02231766856805,9.750000000000012,-2.34,-12.863013167381288,-18.148233918845655,-16.1757324224716,-5.637889874053833,-16.936894959064382,-16.207690818528782,-4.405482193888644,0.8674492735698572,1.8042944890253032,0.0
1151.372553,383,2458.823739,383.0,775.8917234885048,134.8992850748371,148.5769271161985,38.399999999999814,-11.14000000000001,-50.27523510932922,-59.814957226067754,-55.5527322854093,-20.67920612742227,-78.6504879562119,-36.33377985036777,-16.94898433922484,0.4964202318867404,3.8025789762524314,1.0
449.487493,158,2465.453472,158.0,289.29358184352907,53.52590470361777,59.6287593878338,14.250000000000023,-3.279999999999999,-20.09381667613984,-26.04494222998619,-22.707046374885408,-8.694065418649235,-26.40395276905752,-12.52368050262655,-5.463249389516225,0.7365680249126184,2.327554958723874,0.0
548.335145,195,2473.787105,195.0,367.36243378368647,66.69935301001935,73.29500941647007,17.100000000000016,-5.830000000000001,-25.775048999786364,-30.93817144483327,-28.880891937138387,-11.033400898250276,-38.14806507192392,-22.163359120253887,-8.35271368488644,0.5394609405963936,2.103897668325935,0.0
367.142035,132,2479.401562,132.0,260.8892495895304,44.34134092045569,49.0995369096927,11.550000000000017,-4.790000000000001,-18.037815165519717,-23.30489183291794,-19.607319288729066,-6.983936968047003,-35.87363188767417,-15.613620223574566,-6.526877237372279,0.8733846717533977,2.30573553342897,0.0
742.082464,263,2490.289185,263.0,492.0094464998819,91.45011491460569,98.81280498028056,24.599999999999945,-7.830000000000002,-31.81652237892151,-45.10219091624022,-38.656072086016266,-14.84340800255343,-46.057841513246125,-33.48012359822781,-10.003743919853127,0.6502316259661338,3.420218352581864,1.0
267.736284,97,2494.329259,97.0,180.15385308145096,31.79598537160742,34.5743143757783,8.40000000000001,-2.7999999999999994,-12.101805486679078,-15.350392748415466,-14.520304343458413,-4.915416303802195,-20.36397191745062,-10.108155824722008,-4.02782196404919,0.8723535704576737,1.692365926687887,0.0
419.04983,152,2500.597025,152.0,269.7304493275758,52.83454386420772,55.574908096911194,13.800000000000022,-4.3,-17.679043035507206,-24.671995197236537,-22.54137261533133,-7.8166094289053945,-31.890142736628853,-11.048222247807061,-4.942685839502939,0.8026588356623113,2.4400828604134266,0.0
929.670397,316,2514.216139,316.0,632.7529667917286,107.02182249306456,122.52872910534877,33.74999999999986,-7.9700000000000015,-42.98768933773041,-47.87843693830073,-44.804996581285785,-16.49994360880769,-72.79280533304731,-35.391304739198276,-14.057944403528031,0.3532219800291168,2.2323629137840184,1.0
583.188213,193,2522.37242,193.0,391.8268288707606,66.09799238167513,73.0827041350502,21.149999999999977,-4.229999999999999,-24.020101461410505,-31.13112721685321,-29.39659377185768,-9.503619290615875,-37.040315360192366,-18.51959819545791,-8.127956882478491,0.7958129058440664,3.071837816558096,0.0
420.022557,150,2528.927722,150.0,289.7763185972253,50.03524845050571,55.31672124675928,15.300000000000026,-3.469999999999999,-18.383495750427244,-24.74421253353357,-22.917655979518685,-6.244824326463675,-37.97838585891344,-20.772665818384166,-5.894491038556,0.8730603011090544,2.6191809033271634,0.0
436.456945,153,2535.572734,153.0,302.7667341080951,50.74338138827386,55.331866948749045,14.850000000000025,-5.230000000000001,-18.46280896425248,-24.84817081168294,-23.15659702130304,-7.849208604341744,-41.55575413519304,-13.033239286544053,-6.0992583425509945,0.9919109614141155,3.0352475419271934,0.0
488.452256,172,2541.805054,172.0,336.9699692812548,58.90873360264956,64.5271915402081,17.100000000000016,-5.790000000000001,-22.051864385604873,-32.187801614403725,-24.96431525082208,-9.245668142596452,-41.731042825709245,-17.23045531065331,-7.852491388905115,0.7238748380912086,2.4901294430337573,0.0
753.760077,248,2552.231833,248.0,533.1144551727433,79.65944619902385,95.53156848866733,26.24999999999993,-6.580000000000001,-32.39091624259949,-37.191437307000164,-35.02935801466717,-13.87492907888934,-72.26403647437408,-21.07612587680551,-10.388589416892213,0.561055043562653,2.782833016070759,1.0
374.473712,142,2558.050084,142.0,242.9444811251096,44.977395978558626,51.2383113588471,13.800000000000022,-3.7799999999999994,-17.9563556098938,-24.293527494370927,-21.697248815074673,-6.878393019463865,-22.013196445869497,-18.232781575038008,-5.634973718917197,0.8934617997463594,2.5374315112796606,0.0
1232.944008,390,2574.396764,390.0,862.9468504514857,128.57163769054682,152.5005575504434,40.79999999999979,-9.600000000000001,-52.562000064849855,-54.2839227184653,-55.358936632838336,-19.056639536029365,-101.33091133593942,-32.16618729415162,-17.516440229838516,-0.20975062125203253,-1.6360548457658537,1.0
461.973657,176,2581.612494,176.0,295.7364113406985,61.79287771160904,63.9303298773247,15.150000000000025,-6.190000000000001,-21.945021114349363,-30.878239440545446,-25.558091834375535,-9.425190869255335,-30.450499857339917,-19.684165792698217,-6.504752964041511,0.5888422867290153,2.072724849286134,0.0
506.441001,176,2588.716316,176.0,332.62653328972704,62.61287761821904,67.23608825485934,15.900000000000027,-5.8500000000000005,-22.42780200958252,-30.15737975090742,-25.817082491692172,-8.904035678062167,-35.57140179770603,-12.469644058005834,-6.73715196884451,0.7324075752750309,2.5780746649681086,0.0
705.829714,248,2598.768593,248.0,469.06623354198945,84.29067810894249,94.2050154219318,21.89999999999997,-7.390000000000004,-30.691991484165186,-38.541644735634364,-36.857079300300846,-11.444195896651992,-49.766793261535646,-26.398010416289342,-10.54249846186289,0.6562355360198014,3.254928258658215,0.0
634.526683,215,2607.440926,215.0,422.9409229521467,75.5038262184397,82.49241378101829,23.399999999999956,-5.399999999999999,-26.323876638412454,-33.737643551081426,-32.40997393206514,-10.725405859722565,-46.33895185565194,-21.601471431157584,-8.273156337839593,0.8068709970456592,3.4695452872963344,0.0
1118.673598,366,2622.724207,366.0,771.0098781109482,125.15259081428205,142.29780322693887,38.69999999999981,-9.690000000000003,-48.25454692840577,-53.74869252908974,-51.97765816535754,-20.530240914268244,-92.4598516493197,-31.34172623169574,-16.483957925091534,0.08106396694913232,0.5933882380676486,2.0
656.406873,223,2631.328424,223.0,458.4342650068851,71.90193770090853,84.30327992467332,24.449999999999946,-4.609999999999998,-26.50657704353332,-35.53623871766029,-33.337436624904086,-11.057179303696472,-65.82309062013286,-20.68163327639865,-8.130454018674126,0.9812601934051767,4.376420462587088,1.0
951.017831,316,2644.536709,316.0,635.8693873789086,108.56943099438112,122.57201577894098,33.59999999999986,-6.9300000000000015,-39.486159524917625,-46.153359640389695,-45.63522419163485,-15.20405724811314,-73.97954108176647,-25.488205053239717,-12.716456367779925,0.9395871258779747,5.9381906355488,1.0
564.16487,192,2652.424822,192.0,386.0231942684064,63.77993023742898,73.55565998419335,18.75,-4.809999999999999,-24.78202867031097,-28.628515566885465,-27.09869321469864,-10.637601615011109,-51.24453217184973,-15.828606667291988,-6.913936396681112,0.37553202950533926,1.4420429933005028,0.0
377.808766,141,2658.127987,141.0,243.12373035920822,49.72572690367531,52.035299604337915,13.500000000000021,-5.180000000000001,-16.872083063125608,-24.002161397039895,-20.70762722291564,-6.552269860108496,-31.394290770465055,-12.218993760686061,-4.648564645487223,0.7058978250231904,1.990631866565397,0.0
433.835678,152,2664.47683,152.0,305.7140445435866,48.95659538601933,58.10677750403084,16.200000000000024,-3.4699999999999993,-19.36936008930206,-26.480082403123365,-22.709387031386683,-8.695186886430077,-42.86407136854253,-17.31384007285477,-6.239811368010758,0.7592350574558485,2.3080745746657794,0.0
675.169984,227,2673.999098,227.0,461.28594782224803,78.86184403495893,87.50793285998525,24.299999999999947,-6.700000000000001,-28.221427593231205,-33.280157665163266,-32.49540577823401,-10.747482425373905,-63.02841457553179,-20.965758480943087,-8.347094681411804,0.7749531028258947,3.5182870868295617,0.0
787.233131,261,2684.973532,261.0,537.8815721030975,89.83516104168548,99.66871634589964,29.699999999999896,-6.040000000000001,-32.32026547908783,-39.08084598295391,-38.603590272877405,-14.111893487561522,-70.34954108593851,-20.396494695190007,-9.949687292604034,0.6687719230001568,3.490989438060818,0.0
301.596929,129,2690.301919,129.0,165.5103418006139,40.05020823095518,48.833088834464874,12.450000000000019,-3.2899999999999987,-17.249152493476867,-22.685002846270795,-18.431975923427526,-6.541786352512983,-9.636937430570931,-10.375848603501415,-6.036006711088746,0.61380044338316,1.5836051439285528,0.0
793.177576,268,2701.357807,268.0,517.3124129152313,92.31680949630898,101.11273204781976,27.749999999999915,-5.9799999999999995,-33.23630426883698,-37.39365521073339,-39.379682734494814,-12.937423994845727,-50.53961072286417,-23.482406684242658,-10.365295131258552,0.4634753617217835,2.48422793882876,1.0
1006.322754,362,2715.829231,362.0,610.7726163369861,129.1967663695738,139.61826805805686,36.299999999999834,-10.220000000000004,-47.19814766883849,-50.46658561974767,-50.50204630978281,-18.412558923988875,-51.331268199116224,-30.37982597659416,-13.054463928135972,0.11592966991999255,0.8393308102207461,1.0
901.64795,320,2729.34176,320.0,588.6055435909358,112.19348987750767,123.23709221404114,34.64999999999985,-8.760000000000003,-41.259144849777236,-48.17177476659414,-45.69928522950005,-16.15126272946453,-71.93358695482883,-32.78746533784107,-12.275656178533191,0.7138605128329318,4.568707282130764,1.0
396.667811,138,2735.218899,138.0,276.1752445141661,42.84293010540834,53.04728917772077,14.100000000000023,-4.369999999999999,-17.607190580368037,-22.692461740225543,-20.694371679288366,-6.624858045875168,-32.97988529566104,-15.878838518126082,-6.650046479826944,0.8315932843079409,2.295197464689917,0.0
1017.66938,345,2749.857222,345.0,684.8437134913513,119.24628457940686,131.75272506763991,35.69999999999984,-10.080000000000005,-44.90583360671997,-51.16661409959198,-49.36215421825163,-17.42757589064938,-79.32357189747282,-31.85855937356579,-14.749034180401672,-0.20655084592101663,-1.4252008368550149,1.0
394.927819,159,2756.546918,159.0,234.43777279850624,54.10887194250212,59.68518138148609,12.75000000000002,-5.820000000000002,-19.75386744499206,-27.054642161726957,-22.34337734193682,-7.510209155440399,-21.41572127312292,-15.900308812653313,-5.255880832997307,0.6555285559484259,2.0845808079159944,0.0
617.650921,220,2765.78509,220.0,421.2887579764793,74.4381083508822,82.42556068629573,22.04999999999997,-5.799999999999999,-28.291969642639156,-32.062537686526774,-32.59333799123381,-10.83075629324899,-60.609735048789105,-23.46257127892274,-8.90059802540489,0.8946420777048456,3.936425141901321,1.0
841.639048,267,2776.943302,267.0,584.0701784140217,91.04935798756267,103.3398162654546,31.34999999999988,-5.949999999999999,-32.76161903858185,-35.03797469139099,-39.02041914445951,-13.633545118962125,-78.87945353683075,-19.73867511613368,-10.148617935631638,0.979023877503232,5.227987505867259,0.0
1710.373986,531,2798.811629,531.0,1202.6808719023245,185.76000056536063,207.47581508167795,60.7499999999996,-10.800000000000006,-67.0731055665016,-76.23264230415224,-79.17037117470504,-28.009403319381107,-150.670555395754,-42.007479714192485,-23.32914368954416,-0.16836091563220623,-1.7879929240140304,2.0
741.663307,248,2809.889811,248.0,501.977096666807,83.27452167336298,95.20741910192281,27.449999999999918,-7.190000000000002,-32.96892741680146,-34.28113254159692,-34.927813763010896,-12.438895010073448,-65.50085864705694,-16.549395076698698,-10.388707913556983,0.7703614505591906,3.820992794773585,1.0
1075.954031,390,2826.314159,390.0,659.2616785489364,136.60128837594644,149.29324801004648,37.199999999999825,-11.24000000000001,-49.86085433006294,-57.52012330144645,-54.43343538515153,-17.105161970588888,-60.5866629854689,-29.90276483250688,-15.753180822061754,0.03385897391457852,0.2640999965337124,2.0
401.738996,163,2833.268013,163.0,235.13554969786833,55.69479846883268,61.71083660337705,14.100000000000023,-5.340000000000001,-22.05743444919585,-28.962227925658226,-23.649181941021396,-8.29204649772345,-14.397776706158712,-18.615202927559846,-6.588317894212426,0.3893403158750359,1.2692494297526171,0.0
1265.466134,425,2851.179729,425.0,813.1823042926185,152.32761714505972,166.70259890561587,45.44999999999975,-12.670000000000003,-56.712579460143964,-59.02631527781493,-60.474228944461835,-21.808588324501912,-73.50680921581893,-35.76822921239585,-17.22963565934551,-0.0908961440086703,-0.7726172240736976,1.0
997.491998,335,2865.139315,335.0,677.6581139579669,112.09001342316353,130.78424484552517,35.099999999999845,-7.6800000000000015,-43.2939457130432,-47.96459688916805,-48.74368786465425,-17.93633538739719,-85.38785222520731,-28.4461920700437,-13.687764253225321,0.3375831792562982,2.261807301017198,1.0
770.696123,280,2877.315264,280.0,488.74978422226246,97.8943310852774,107.62551295145501,28.19999999999991,-9.880000000000006,-37.228037900924676,-42.480043080076584,-39.00293491717799,-14.093752384010834,-51.861204291183455,-26.25828569912505,-10.969246951025216,0.36721727600483317,2.056416745627066,1.0
668.808258,219,2885.744457,219.0,476.8614646367151,73.42979969453765,83.34964977133522,22.79999999999996,-5.66,-28.304482154846202,-32.24295571744442,-31.67366562994934,-11.772414661734661,-64.18153748662091,-22.864666556983387,-9.932934157760373,0.8488946874974661,3.7181587312389013,1.0
543.314823,192,2893.918865,192.0,359.56714179136407,61.10708177576438,73.09333114565369,20.249999999999986,-4.669999999999999,-24.116962871551518,-26.786777199804778,-26.4504339874229,-9.447999817403888,-46.38746647291898,-17.762503829884277,-7.080587743720633,0.21004280215304308,0.8065643602676854,1.0
507.084682,176,2901.339607,176.0,348.13563039287084,58.917615315793306,67.21499235217158,17.55000000000001,-4.519999999999999,-22.358629336357104,-25.699725449085243,-26.56172346638338,-7.93212479988844,-50.37182711490346,-16.33933134163901,-6.9501942554960054,0.9413348131586394,3.3134985423184107,0.0
1162.733732,402,2918.024562,402.0,723.7908575167662,142.0739047475749,155.91103250565519,43.499999999999766,-8.830000000000004,-49.67837750434874,-55.79916688203807,-57.083650072342394,-17.979379478190353,-73.5058322828927,-27.122202326652346,-14.54345428390284,0.7122941047352696,5.7268446020715675,1.0
574.050627,190,2925.996027,190.0,389.6717233097554,63.66496671890869,72.60896212654704,20.399999999999984,-4.129999999999998,-24.48590288639068,-26.52416862994432,-27.622151589469105,-8.17121227462298,-47.57640635269961,-16.15019981479258,-7.634983870116287,0.761794856349902,2.894820454129628,0.0
917.821683,310,2938.759222,310.0,615.6742539485368,105.80690560461126,119.98936439478824,30.749999999999886,-8.030000000000005,-40.066639885902376,-43.7002122811973,-44.38750206763565,-15.693134370830197,-72.99879666224066,-27.04253749011241,-12.480018130008506,0.08890451630267929,0.5512080010766116,1.0
540.096054,210,2947.627423,210.0,315.7963638684778,74.70231821151974,79.43025817800452,18.9,-7.110000000000002,-27.08082308769225,-33.12224317789075,-28.356853000226874,-10.351686334423318,-23.148625187533835,-21.959692289028432,-7.602963316293532,0.5480520425676506,2.3018185787841325,1.0
1175.339185,382,2963.64713,382.0,788.9427689346885,131.70948821340124,149.41518826355258,44.09999999999976,-8.290000000000006,-49.05093707561495,-51.400257728248825,-54.73334384745221,-20.177006641960865,-97.00060229945578,-25.36489723434951,-14.811215320209143,-0.2651464916856255,-2.0257191964781787,1.0
1085.114132,370,2978.200565,370.0,699.9700230320743,132.3696137521338,140.9002426107747,38.99999999999981,-10.700000000000005,-46.51471987247469,-55.09786879569289,-53.85608692558292,-19.866913455001924,-67.23037746265513,-29.877588112132113,-13.982192391487692,0.31886288235245974,2.359585329408202,1.0
772.307516,266,2989.077707,266.0,504.1824306318403,92.43410238777459,101.59798772068133,26.999999999999922,-8.510000000000003,-32.28786190986631,-36.359901167452364,-38.36232820685776,-14.20309368463831,-59.586186506225914,-18.916621440999194,-10.681011368440277,0.9018411728967748,4.797795039810842,1.0
539.590103,187,2996.966021,187.0,377.3913241683682,58.738231795660106,72.05475362610262,18.6,-5.68,-24.564326238632187,-30.385695821046838,-27.2738901446298,-9.281420978595179,-49.628209431401956,-18.713783215339333,-8.666880938299137,0.60824454104885,2.274834583522699,0.0
259.603281,101,3001.138872,101.0,183.30853863066713,32.79480617582075,35.48953808652246,8.70000000000001,-3.209999999999999,-12.055163283348087,-17.091504479944707,-14.436367884045072,-5.345527864079629,-31.71169319946358,-13.774677572700387,-4.06466761224758,0.9417046704643252,1.9022434343379369,0.0
2620.076832,876,3037.684886,876.0,1700.5502058113814,310.9573490850315,345.1260052030613,95.55000000000076,-21.96000000000002,-110.93459680080429,-122.30805381461985,-124.21992005503125,-48.00994510161514,-171.88280556142462,-72.34585041778635,-36.44555597677419,0.038840455469738994,0.6804847798298271,3.0
898.623166,381,3053.274229,381.0,479.0047342516697,130.61284082217847,148.181148175954,36.149999999999835,-9.650000000000006,-51.30785923480992,-59.97484945915638,-50.92120579169265,-18.561259853240323,-33.94474991561283,-39.05966514428812,-12.905968209199997,0.3029684573619135,2.308619645097781,2.0
28.618176,86,3056.351577,86.0,-31.980521529245216,27.902492120749436,30.564049126101164,1.05,-1.44,-12.814356203079221,-13.939856727421281,-11.610210506262165,-3.266704404885273,-5.902412404991627,-33.241193931656625,-2.703110034562234,-0.02043255808525952,-0.03514399990664638,0.0
637.414578,203,3064.972267,203.0,443.2155853165005,69.29291112951088,77.59428722724608,23.09999999999996,-4.409999999999998,-25.33075037479401,-25.75243006460367,-30.056026235630295,-10.668305654522324,-57.227515557443354,-16.742022667649646,-8.601155166990797,1.0020962847761286,4.068510916191083,0.0
1083.828752,354,3079.665461,354.0,751.3759056499352,120.59054985400324,137.21500123695856,38.249999999999815,-8.840000000000007,-45.25473890304564,-57.84733930826188,-52.08901235806146,-19.68213869773407,-88.63970262240933,-29.85558932092117,-15.394183293980475,0.6128387848490296,4.33889859673113,1.0
425.486184,147,3085.920616,147.0,281.8735778807718,51.47736487450961,55.247013439491,15.450000000000026,-4.890000000000001,-19.05677287101746,-22.45227922052144,-20.513121658101543,-7.756472943453255,-35.3985690279797,-9.769237299995094,-5.725319343176477,0.7309887984234353,2.1491070673648998,0.0
643.936156,223,3095.48099,223.0,425.6778677596705,78.34986429416648,85.77509660238476,22.349999999999966,-5.760000000000002,-28.697614426612855,-33.398911166191105,-31.362749019566806,-11.598368241835372,-49.96142948360872,-21.71035484885803,-8.727245872014919,0.6126070126866192,2.7322272765823215,1.0
325.222092,112,3100.039393,112.0,231.55793529747183,34.09377407910131,42.00312815643225,10.950000000000015,-2.4200000000000004,-13.837239065170287,-18.04817247241735,-16.98206002694384,-6.167710084263038,-31.276997753978716,-11.724999760884957,-4.925566107631893,0.9339815575251538,2.0921186888563446,0.0
512.17314,178,3107.504492,178.0,343.3455064023413,57.550438881292514,68.13159917520068,17.85000000000001,-5.0600000000000005,-22.0754806470871,-29.075483147799968,-26.672135933765283,-9.72182255192781,-37.268991504930085,-15.411371910659536,-7.419118688957236,0.9205218407376596,3.2770577530260683,0.0
664.646247,227,3117.060712,227.0,435.5984356502896,76.8887931744034,87.32164858140446,23.09999999999996,-6.6400000000000015,-29.99052764415739,-31.622424896061425,-32.9116944236849,-10.885773776030977,-41.69916524082774,-22.12098872333652,-9.39205559223033,0.8538327164906296,3.8764005328674584,1.0
517.731943,179,3124.558635,179.0,357.555048993897,58.588054366678556,67.6512899468887,17.400000000000013,-4.92,-23.02205447673797,-28.627792613953357,-25.43529792253067,-8.934157883872558,-47.91346490579225,-16.086988302640677,-7.522694652245423,0.24352921661973415,0.8718345954986483,0.0
750.457919,244,3134.549526,244.0,511.36704308307003,84.93282035737862,92.86452059357812,27.29999999999992,-5.640000000000001,-28.71897938251495,-35.08540860861541,-35.78521763356502,-13.126274514496663,-63.71631439969697,-19.58825571725111,-8.34601497506276,0.7375388900961044,3.5991897836689897,1.0
625.016769,214,3142.504506,214.0,397.38705393691225,75.72941845948554,80.9881317262387,22.04999999999997,-5.960000000000001,-25.590265026092542,-28.830672681331627,-30.409556819718357,-11.075707674231676,-41.9006503169551,-13.56073440211765,-7.810247765375839,0.6478428619131021,2.7727674489880774,0.0
487.792442,164,3149.263784,164.0,335.82602806506213,52.659398386669615,63.442289829596334,17.70000000000001,-4.649999999999999,-20.621461553573617,-25.146877542883157,-23.59310731199634,-10.036136291888747,-40.34889014310456,-14.083204082749793,-7.355597476294797,0.7621341518721166,2.499800018140543,0.0
333.567791,123,3154.530585,123.0,211.0625436735831,43.48626740928215,46.119600206477195,11.400000000000016,-3.149999999999999,-14.953953666687012,-17.637568068504336,-18.228783287186456,-5.927713427048224,-25.93318098654195,-11.125599419490728,-4.5438212309120765,0.7230632224400462,1.7787355272025136,0.0
453.820826,160,3161.426903,160.0,297.89634549341815,48.521364574673434,59.74856915601807,17.250000000000014,-2.629999999999999,-19.750596399307252,-19.113149347901345,-22.26473784807211,-8.012134559093901,-38.537784215118855,-13.708671044372876,-5.578379412964642,0.7630363975181872,2.441716472058199,0.0
864.441266,281,3173.261491,281.0,584.8421557689228,92.68284490942548,107.4000709428413,32.24999999999987,-6.350000000000001,-34.73157053470613,-38.42324695140125,-41.31819760982819,-14.334094141766535,-66.99153841466196,-20.524022101801012,-11.061136183942178,0.4807770303648289,2.7019669106503383,1.0
789.667321,272,3184.809307,272.0,489.9859357853754,96.47012288013478,102.81800486195193,29.3999999999999,-7.340000000000003,-33.322233366966245,-36.61498875766993,-38.4948900299752,-14.209012626481927,-41.54317213078552,-19.559056902926894,-9.923388294592417,0.29528459511795,1.6063481974416483,1.0
168.198178,119,3189.636187,119.0,54.22904862044899,38.961100429312125,41.26897411943384,5.5500000000000025,-3.059999999999999,-15.816810197830197,-16.65378262847662,-16.7213008037764,-5.806793223401249,-6.503367173004552,-22.55044718315209,-3.6984443967199145,0.4195649335220264,0.9985645417824228,0.0
372.192381,129,3195.01038,129.0,249.4412178199497,42.49861246926322,48.93139929616947,13.950000000000022,-3.199999999999999,-15.491487154960632,-19.968739908188574,-18.744567856093425,-6.401541303619315,-29.147759187795337,-13.801301843595155,-4.8734518182519695,0.8679640114125549,2.2393471494443915,0.0
354.728498,131,3200.693575,131.0,225.48200889264427,43.4727476098108,48.68980644382382,12.90000000000002,-3.2499999999999996,-16.61724006652833,-21.28297220468521,-18.654661646582912,-6.739477948741152,-23.226634023887282,-12.194584767657302,-4.850494384330998,0.4023828124370297,1.0542429685850179,0.0
569.269903,189,3208.52065,189.0,380.2918939411512,64.11879389867623,72.74137128173415,20.69999999999998,-5.490000000000001,-24.076019091606142,-27.383589377999293,-26.091617108240854,-8.698266047002674,-43.93252042650548,-13.829147410987645,-8.080996305687325,0.911949688943447,3.4471698242062296,1.0
1500.112343,489,3228.374136,489.0,1006.9545248462396,170.01064325965697,191.88344261155066,50.849999999999696,-16.38000000000001,-62.26371989250185,-66.80798122808338,-70.00946692295184,-27.46478725415292,-105.92088622871506,-38.28053206227713,-21.458894184770752,-0.30823772267583427,-3.014564927769659,1.0
654.720312,223,3237.712131,223.0,419.56415137720757,74.29808482713894,85.51104546081278,24.449999999999946,-5.019999999999999,-26.970659503936776,-30.486190888285638,-32.44962003826527,-11.150533019940276,-40.28428677158996,-17.660669239905104,-8.081010365536677,0.6859128570035417,3.059171342235796,1.0
548.820407,188,3245.552406,188.0,367.6761002575446,64.68423328563647,70.44475748440178,20.399999999999984,-4.099999999999999,-22.98842953205109,-26.767558634281148,-28.533239246251817,-9.044600132670888,-49.71329403392666,-14.354666797292195,-6.882895897752618,0.5842385565712281,2.196736972707818,0.0
549.553498,190,3253.383643,190.0,385.058821015421,63.84861580798403,71.80864309010914,20.399999999999984,-4.519999999999999,-22.432747054100027,-31.02894753366708,-28.21805635464337,-8.933097945669193,-57.49014261380718,-21.45894273176511,-7.480647878282629,1.0110382439135817,3.84194532687161,0.0
999.871899,335,3267.561143,335.0,650.566864329098,113.30420093758778,129.86026014906614,34.34999999999985,-8.090000000000003,-41.56908220291137,-41.23954664692284,-48.204363459408235,-18.06947142601737,-67.75111757180487,-26.561278385678904,-11.72456664991426,0.8378756739347485,5.613767015362815,1.0
127.785791,75,3270.847918,75.0,56.63034881674961,21.591516077486922,26.35627707990777,5.5500000000000025,-2.57,-9.849944372177124,-15.66491999179125,-10.640203008758006,-3.843901476183603,-2.0702200797843133,-10.403380328191984,-2.2997812274832614,0.13697520370962715,0.20546280556444071,0.0
354.837723,122,3275.949519,122.0,255.48811878659137,40.32808382129196,44.91119373397125,12.60000000000002,-3.319999999999999,-15.023811259269719,-18.167162298411135,-17.896157693087755,-5.851594200384055,-41.6394280453629,-13.749789853333048,-4.841730303280203,1.0590756131287695,2.5841444960341975,0.0
555.594251,190,3283.76948,190.0,376.0940013214666,64.64349391954832,72.17971402531894,20.84999999999998,-6.400000000000001,-22.854221138954156,-28.179855599254378,-27.513765311572875,-10.987399290992274,-47.962079768075164,-16.895726847525026,-7.379910050373071,0.9081949098047579,3.4511406572580805,0.0
989.987264,341,3297.968514,341.0,649.5632542505805,114.18598717860081,132.4265247555465,35.099999999999845,-9.610000000000007,-43.730394005775466,-45.335048268735406,-47.2953172271998,-15.941704227649124,-78.10820790551243,-28.291069709824033,-13.976761109567876,-0.4834769105361144,-3.2973125298563004,1.0
583.042865,206,3306.41535,206.0,383.3194705023691,70.70130727600153,78.79253279011206,23.84999999999995,-3.7699999999999982,-25.070241723060597,-29.414152480661862,-29.178203075676077,-10.55600657499683,-59.19618107939536,-15.428815276745024,-7.006845024283385,0.8664342709498203,3.56970919631326,0.0
1481.40353,483,3325.851637,483.0,980.3729046589478,166.18356694203356,188.4237956295904,52.049999999999685,-11.910000000000009,-61.360334138870215,-63.41841644123197,-69.01371160540481,-22.219913356727318,-99.30665236417207,-41.160847616541695,-20.23686140525047,-0.11783590234266013,-1.1382948166300968,2.0
434.823951,186,3333.653754,186.0,233.66362897639715,62.7646697556402,72.25389565291083,14.250000000000023,-4.930000000000001,-23.470702052116415,-27.2342156365514,-24.913653761296864,-8.202243697336536,-22.23856201430817,-17.56922599498661,-5.549640687988073,-0.012795217996629275,-0.0475982109474609,1.0
652.200232,216,3342.486962,216.0,432.1037048922126,76.89776905354441,82.13183995566129,22.79999999999996,-4.619999999999998,-26.926802577972417,-31.80274692215024,-31.528133759356365,-11.13984802606607,-48.04672142691378,-14.873011976379034,-8.795817618136116,0.562470615958501,2.4298730609407246,1.0
1855.834986,604,3367.330744,604.0,1229.655409557484,208.23420096419227,236.0928713902976,66.14999999999965,-13.780000000000006,-75.02167008399974,-77.45275773257018,-86.24593813711674,-30.387843854997193,-127.22087723710554,-51.689438550116215,-26.49896986833108,-0.03768328879363954,-0.45521412862716565,2.0
1056.154963,346,3381.875512,346.0,695.1720776344747,121.259933087601,133.0144363160443,37.79999999999982,-8.680000000000001,-43.16576487541197,-44.920771870762096,-50.21358675796853,-17.8888942603514,-76.93674285841507,-21.189864538704594,-14.095859239991503,-0.23265615373888698,-1.6099805838730978,1.0
938.239632,306,3394.594226,306.0,601.5870390435475,108.02807990711858,119.56232251679452,33.89999999999986,-7.650000000000002,-39.450427441596986,-40.473322857171325,-41.53564926619063,-15.043535521509776,-56.73481763297872,-17.804405150295096,-12.145651409726073,-0.032956950141886356,-0.2016965348683445,1.0
1582.925415,494,3414.905455,494.0,1067.0948594344222,170.39107804742335,191.70743468615106,56.54999999999964,-10.700000000000005,-62.42203262329106,-62.75619369195775,-69.43946059914606,-26.85805708096294,-112.00039314405154,-32.1932452807018,-20.44857505991735,-0.5787593178832038,-5.718142060686054,2.0
937.919586,339,3429.309853,339.0,557.8067392829461,120.29338334391257,131.54498333043918,34.79999999999985,-11.010000000000007,-42.525624756813045,-46.529247673787175,-47.37273550197365,-16.01567853753698,-46.61341236080025,-22.426375039800423,-13.032446291598859,-0.05366511640933888,-0.3638494892553176,1.0
935.241209,360,3444.548154,360.0,559.4460069852655,124.05784884350886,139.61481312681462,35.249999999999844,-8.320000000000004,-46.205580987930304,-45.51520863994958,-49.82489352649631,-16.776472883419043,-43.13616374219309,-60.28495330458544,-13.064187061078272,0.24530693214307997,1.766209911430176,1.0
696.515258,263,3455.817684,263.0,446.5210466078527,90.08453715889233,100.35128807386053,23.99999999999995,-7.190000000000002,-32.55086160182954,-42.758660733699784,-37.44864546423943,-12.937319160068663,-40.274578653272734,-42.37910701986896,-11.902441675489127,0.20699707766281258,1.0888046285063941,1.0
513.167303,194,3464.077949,194.0,312.4270986902045,65.71539858834143,74.21611298800222,20.099999999999987,-4.329999999999999,-22.583198213577255,-32.57425472438335,-27.82797087529191,-10.038180906210648,-26.13977561447572,-22.7717622328989,-7.026164946942732,0.6348482586017605,2.4632112433748308,0.0
794.086286,264,3475.658314,264.0,506.71248126247474,91.54472767213827,101.35305466856957,29.699999999999896,-6.870000000000001,-32.69383367061615,-37.01673983335494,-38.17842010918458,-13.952797716532457,-44.56556190218155,-16.15809140535988,-9.78853251830175,0.34503493488277104,1.8217844561810312,1.0
525.139782,170,3482.164298,170.0,361.97538866242655,53.387334609831925,63.55058272187675,19.499999999999993,-3.269999999999999,-20.929741449356076,-23.73756272159516,-25.310228073336045,-8.273712537133614,-45.58459634078803,-9.223029872551306,-6.944653040976872,0.8026670887085848,2.7290681016091884,0.0
735.334423,237,3491.448256,237.0,501.13108862263726,81.54100141563991,90.15378006959565,26.849999999999923,-4.369999999999999,-28.23553128719331,-35.70216682180763,-35.423431206187345,-12.315537812337997,-60.81216330183522,-15.43457664875709,-9.048039931302636,0.1754372940699831,0.8315727738917199,0.0
525.715384,168,3498.474895,168.0,356.48202081948483,56.96392646374767,63.74487503617334,19.349999999999994,-4.019999999999999,-19.918870820999143,-22.649292928725483,-23.931193857194796,-8.737101143358172,-41.03709294387968,-13.309388511831175,-5.222498210486885,0.8980690714133881,3.017512079948984,0.0
604.876568,202,3506.985503,202.0,392.73270620213344,69.06340435487175,76.92208171997503,19.79999999999999,-5.199999999999999,-25.280184359550486,-28.606503945589083,-28.60403877674323,-9.60779634634053,-38.10268020791972,-12.393103423525442,-7.847317223983368,0.5312182954283589,2.14612191353057,1.0
622.923223,213,3516.084609,213.0,405.56843542005583,71.36753728362109,80.8152795184647,21.599999999999973,-6.1400000000000015,-24.691146368980398,-32.236747962236414,-30.48408121136902,-12.064261851132025,-39.182810947005805,-17.297704119249506,-7.33127637279614,0.4494475919044812,1.9146467415130897,1.0
311.932459,118,3521.033278,118.0,191.21661943174078,42.31235341223943,43.65043557619482,12.000000000000018,-4.319999999999999,-14.439666247367857,-19.75479778498411,-17.696687042929145,-6.190628046568618,-14.416548205343988,-13.39565202404661,-5.032970511600234,0.6814511136100276,1.608224628119665,0.0
455.361284,166,3527.757536,166.0,292.5093533021698,52.9451798605778,62.700441068352696,15.600000000000026,-4.78,-20.222680392265328,-24.652636195719243,-23.416626402868577,-7.878843971632652,-35.29910775382962,-11.969209543316408,-6.174585581008844,0.5955028367856092,1.9770694181282227,0.0
296.973775,107,3532.096959,107.0,199.93832273605204,33.214485885987244,38.81298925427682,8.70000000000001,-2.9099999999999997,-12.772005476951595,-16.189436025172473,-15.719645231063984,-4.35281992419359,-25.430020097555992,-9.452862367332912,-3.8652336348387615,0.7891141693681929,1.6887043224479328,0.0
637.071075,205,3541.027632,205.0,456.5115632021424,65.17504510050279,77.91943051084493,23.09999999999996,-4.009999999999998,-25.094776763916002,-23.728793703764673,-30.491026024884636,-10.914654175768861,-69.82267756713307,-17.72287786409817,-8.85015801464467,1.0462494167867145,4.289622608825529,1.0
520.02059,174,3548.352091,174.0,358.7941923516978,59.580303540403634,64.98309545953066,16.50000000000002,-4.679999999999999,-21.484083027839652,-25.318827556073664,-25.82425875347373,-9.180653248634961,-44.88997943262859,-15.199274779148665,-7.259924932885594,0.4863288827968736,1.69242451213312,0.0
521.348063,179,3555.905471,179.0,335.9368057651518,60.587971884974365,67.05724637863517,18.300000000000004,-7.2600000000000025,-21.325506777763383,-24.873596614599226,-24.918310792824975,-8.659854855153984,-32.99357262433368,-13.646024145611873,-5.8570955944652106,0.6733534014353174,2.4106051771384363,0.0
1295.581631,412,3572.210057,412.0,854.027690541708,146.06284214202512,159.16803704896645,46.94999999999973,-10.160000000000009,-49.7485556650162,-55.60810345187783,-59.06236132880838,-22.060629419616696,-79.77294034935451,-31.087196205177104,-15.127152490899162,0.5733240584234535,4.724190241409256,2.0
306.921841,186,3580.068808,186.0,103.45778227688223,66.43736157842602,72.21919099725683,10.950000000000015,-3.1599999999999997,-24.155690641403194,-25.09241535142064,-23.253291663603196,-7.164438507023488,-13.605953857675107,-30.068739732798843,-5.641963966632137,0.333896932157379,1.24209658762545,1.0
505.231099,171,3587.155392,171.0,343.945518823808,56.12931086139379,65.73797403732212,19.64999999999999,-4.239999999999999,-21.118341054916385,-22.736222010850913,-23.934253988925786,-8.354154232450973,-46.61878411086723,-17.78047312858466,-6.44947616128297,0.8519867223636475,2.913794590483674,0.0
885.773054,308,3600.144429,308.0,562.7821989818399,106.35074127870699,118.9297892941464,33.44999999999986,-5.500000000000001,-37.786325435638446,-42.78474975526334,-43.78316383751161,-13.891550911736458,-65.94282238136381,-21.703125151069063,-12.347938236672109,0.19278727398546538,1.1875696077504667,1.0
675.661279,224,3609.389966,224.0,475.77509460570855,74.1603395173542,85.71986029493138,23.09999999999996,-4.809999999999998,-27.750902624130255,-32.26039915382862,-32.50091254924824,-11.216602291538052,-66.44450441529891,-23.188186595500067,-8.922508187389871,0.97600005773518,4.3724802586536065,0.0
342.819842,158,3616.052598,158.0,184.56337654951568,54.198158873338514,58.56010404656131,12.75000000000002,-5.140000000000001,-19.307101464271536,-28.09137654304505,-22.68380620703687,-7.396223136615364,-10.015882208965827,-26.612633859373545,-6.00477424312812,0.39777587617043536,1.2569717686985757,0.0
579.471621,201,3624.436464,201.0,397.17941014541407,66.16455285019258,76.9801139787912,21.89999999999997,-4.88,-25.83424944877625,-27.947080854699028,-29.11415605464022,-9.623249512870448,-54.450831841537955,-22.624902736222452,-9.277985806930717,0.8204361666275186,3.2981533898426254,1.0
551.396601,188,3632.007293,188.0,368.6258871694797,61.07200122271652,72.98035505625622,19.79999999999999,-5.960000000000002,-23.384305896759027,-28.29309435710311,-27.88984754640627,-8.700172129984256,-39.961671829564324,-16.548375009285955,-8.344175698681184,0.9332798064828566,3.509132072375541,0.0
1045.96757,329,3645.660889,329.0,724.8573883872194,112.11100535722773,127.66539098417287,38.84999999999981,-6.36,-39.78244929790497,-45.48170717805623,-48.63703103100048,-18.515864135321713,-92.62687060314683,-22.612821834645725,-12.499470729889762,0.5043613682471273,3.318697803066098,1.0
859.456272,290,3657.180548,290.0,541.0214225789064,104.14096918789602,111.52610187355316,32.09999999999987,-8.760000000000003,-35.88924944400789,-40.44850730523465,-40.28567133541309,-15.035817043113537,-48.33785710741564,-20.370759386582648,-10.204360364443374,-0.2039238331914667,-1.1827582325105068,1.0
571.237565,195,3665.555636,195.0,360.4360384634023,67.72725613090219,73.59275789319577,21.89999999999997,-4.569999999999999,-24.334772143363946,-31.419186967611303,-28.24390078267334,-9.355916235107872,-27.11556525379388,-15.214941013657375,-7.164205045379435,0.646580620643413,2.521664420509311,1.0
646.355909,206,3674.208079,206.0,465.66064046566305,69.36491916921238,78.68530693683583,23.09999999999996,-4.489999999999999,-26.18811618328092,-27.927500375360253,-29.831890143121296,-10.461311980334102,-71.57186562162103,-17.686313848487902,-8.297959207029765,0.9890000125459385,4.074680051689267,0.0
374.225957,133,3679.638165,133.0,258.1661215583431,43.284948939226474,50.05872918735403,12.450000000000019,-3.919999999999999,-15.53176546812058,-21.646069154143344,-19.5561634812825,-6.162094893443617,-40.08316938539366,-10.171563501670054,-5.663017102711714,0.7557424117284699,2.01027481519773,0.0
473.917201,177,3687.219033,177.0,283.9315637787864,62.19829860939324,65.77939143524814,18.300000000000004,-4.97,-20.81189202547073,-30.525435824692252,-24.866708975781467,-8.774976184110042,-19.77031958785004,-16.17003458982882,-7.4026851429598315,0.6391167276361114,2.262473215831834,0.0
923.826383,300,3699.648272,300.0,633.0449157194545,97.6902008068294,117.93010184244817,32.849999999999866,-9.080000000000005,-37.98623822689057,-40.92821926698091,-41.56247118597034,-14.698723270956163,-79.2232895688991,-22.740544765320898,-11.469349456458318,0.6748274434238665,4.048964660543199,1.0
504.67003,170,3706.975857,170.0,347.10175704031474,51.72748506994511,64.18952372702338,18.150000000000006,-5.500000000000002,-21.145278887748724,-23.30734292417765,-25.259261624536503,-8.772036720677738,-43.62761898118868,-12.008408860047554,-6.878787668273703,0.7761553214151874,2.638928092811637,0.0
319.050705,139,3712.747142,139.0,171.3638753920708,43.07306196799106,52.39825372616093,10.950000000000015,-4.09,-16.769072613716116,-20.66619932502508,-19.25134254403513,-6.97622359818847,-11.01782591901401,-14.663043020534074,-4.300778799481383,0.47500911208279434,1.3205253315901684,0.0
238.11033,91,3716.476868,91.0,161.91791387744243,28.78789802156148,32.58235033978056,7.800000000000008,-3.9999999999999987,-10.936518778800963,-15.260672962665561,-13.212778482869545,-4.9790824440876005,-25.675053160293555,-6.267709440040197,-3.6460171797002694,0.8784654746263103,1.5988071638198849,0.0
462.530276,162,3723.098278,162.0,313.6647244780521,50.781601481964216,60.07871885858955,16.050000000000026,-5.320000000000001,-21.02488800048828,-26.46468550562859,-24.04559026549214,-7.2645274771024235,-31.635828852681044,-16.603651797188196,-7.685596973426452,0.8926516731466878,2.892191420995269,0.0
1922.850015,645,3749.499405,645.0,1225.9467712899357,228.9462094884352,253.41005733369295,71.84999999999987,-20.979999999999997,-83.0797432994843,-88.0595226824284,-88.87473146632612,-32.21065162301659,-113.89914237272299,-49.8114589945435,-25.38777314337877,-0.41982198653275543,-5.4157036262725455,3.0
609.859634,202,3757.880342,202.0,435.43017217423926,65.47348763198352,77.54042917451056,22.199999999999967,-4.869999999999999,-25.00871238708494,-27.367846830189233,-29.401534230827345,-10.000600264149151,-67.03135205490602,-21.23020565347958,-7.874203790221041,1.0926595742461693,4.4143446799545245,1.0
134.626824,84,3761.535912,84.0,58.66559408928573,27.207035817091597,31.571269647887757,4.5,-2.7199999999999998,-10.910083451271054,-15.009628969430926,-11.534663485700383,-3.9314260243355315,-4.760613131689464,-19.699549803171795,-2.7511103888077417,0.5625857257840904,0.9451440193172718,0.0
471.281141,159,3768.30043,159.0,339.3183031730099,51.68111951872704,58.5272122864414,18.300000000000004,-4.019999999999999,-20.43366188049316,-26.170418915152556,-24.42741924345424,-10.635637168721646,-40.22279205698257,-22.508822092497606,-7.126742490444608,0.7145224530290054,2.2721814006322374,0.0
991.44146,327,3782.104417,327.0,668.5119383790195,108.49404686293136,126.22882203851391,37.349999999999824,-8.870000000000003,-40.08069503068926,-46.81039092391725,-47.500650798227404,-17.219845596934665,-78.04784160333591,-24.71483409933755,-12.899088926392356,0.13327300105528875,0.8716054269015885,1.0
547.514769,192,3790.134033,192.0,364.2688988237252,64.46330239258609,72.24971321508502,20.69999999999998,-5.52,-23.212873668670657,-27.046343812346464,-27.5335558111339,-10.402583554699719,-43.48924200049906,-22.051133157436848,-6.911413336969848,0.8913210383199992,3.4226727871487967,0.0
292.262102,101,3794.287428,101.0,200.5279070484245,34.010015798203,36.00327310570398,9.750000000000012,-3.4099999999999997,-12.215469336509704,-17.51911617219447,-14.871950723839914,-5.525764355493296,-24.18929243113667,-7.611437829541479,-3.686062918961389,0.7287834258608867,1.4721425202389913,0.0
583.793203,242,3804.351156,242.0,329.92893760908566,88.7295341720694,92.11146525814021,22.199999999999967,-7.950000000000005,-29.292752432823203,-42.3388835579157,-33.2207961826619,-12.48818315579564,-29.63692449704185,-27.28379378385944,-8.965400405196007,0.14814952974637252,0.717043723972443,1.0
340.780315,123,3809.480386,123.0,215.25222273583825,43.9013609348166,45.02415334362837,13.800000000000022,-3.8999999999999995,-14.82788471698761,-19.95681139677763,-16.541470430138332,-5.82965269390344,-22.08084410309799,-13.012108074544164,-4.048650974321545,0.48892541143947177,1.2027565121411006,0.0
331.343849,122,3814.595193,122.0,241.63807342917272,40.3618072230852,44.35861203242212,12.450000000000019,-3.4899999999999993,-14.367255840301516,-19.967729421705013,-18.59831482061713,-6.2160343865581025,-40.2626464300504,-21.798083960150127,-4.764578653178776,0.8666313816646342,2.1145805712617074,0.0
705.235845,243,3823.962441,243.0,460.06421333032193,80.69567799463046,92.9348743827863,27.449999999999918,-6.9300000000000015,-30.211256742477417,-36.97435461431745,-35.52552411012165,-12.227594055063301,-44.97893603098217,-22.843715441384656,-9.217539682180227,0.5999285670707801,2.9156528359639915,0.0
1542.406619,479,3843.740506,479.0,1065.3933329270048,160.92241657613516,185.64685659369647,57.149999999999636,-10.700000000000006,-59.96842642784115,-59.176390893012275,-69.43207896877648,-24.603813773070616,-126.5100668837314,-35.326378229034844,-19.988831754971365,0.057842982993390746,0.5541357770766834,2.0
643.423844,227,3852.964202,227.0,418.5977131752993,74.34873760628774,87.4701145894314,25.799999999999933,-5.4,-29.059042773246784,-33.550278832018364,-30.6332267740931,-9.98040272153707,-54.25607910258207,-18.26690846742621,-8.646782677434258,0.8362056330550884,3.7963735740701017,0.0
1320.878423,446,3871.511208,446.0,838.084975963459,151.41680581546652,174.36321287316292,47.849999999999724,-12.360000000000008,-55.63788938999177,-64.64870464801787,-61.751806183410075,-22.340058612831246,-71.682756122302,-30.493472522388274,-17.921884525969993,0.07217163923700969,0.6437710219941264,1.0
730.365751,273,3882.785463,273.0,440.2877325135249,94.56857134900682,104.14289350743394,28.649999999999906,-5.32,-33.285261564254775,-40.06886087432503,-39.49977745792721,-12.444501402803512,-42.11919214916817,-27.891459102224772,-9.654394135754401,0.7348034979938657,4.012027099046507,1.0
595.557534,193,3890.804781,193.0,407.39641234599355,64.60915093931838,74.86815657738197,20.099999999999987,-5.5200000000000005,-24.15922898769379,-27.43033937662842,-27.182493054489647,-10.291521619307394,-48.066626236075656,-14.079279931303358,-7.6866970968389445,0.46772422433971916,1.805415505951316,1.0
785.586753,271,3902.300084,271.0,527.8751836281349,90.60143861188953,105.53633436007226,28.799999999999905,-5.7700000000000005,-35.33958621978757,-38.01316662058233,-37.94412672090313,-13.971938610086182,-68.22750982712388,-27.53718543987122,-11.422690647383597,0.11479599728806143,0.6221943053012929,1.0
676.336385,227,3910.840182,227.0,454.6883407332278,77.60625921194868,86.00191243531124,24.14999999999995,-6.280000000000003,-26.556013553142538,-30.93226294368504,-33.298127024408224,-12.267473947184339,-52.71071873877255,-22.67385789833187,-8.391673401561484,0.8641797087299383,3.92337587763392,0.0
535.700447,178,3918.231282,178.0,364.65802452007136,59.637101232085016,66.50060409144527,20.099999999999987,-4.9,-21.974083571434008,-27.494549442827704,-26.598574065241486,-10.258851372619086,-41.0333176677996,-13.302388847050656,-7.633518073624894,0.9373453691219183,3.3369495140740293,1.0
902.857251,287,3930.71206,287.0,628.0960455997446,96.82362458390318,110.99784103896013,32.09999999999987,-6.650000000000004,-36.74328225135806,-38.23189641684293,-39.909600345771096,-15.89809856100033,-81.59210705619874,-20.75041193008,-12.384863956264283,0.12724090768056226,0.7303628100864274,0.0
356.5585,144,3936.832602,144.0,191.08175240111746,51.769047877450326,54.22247780873131,15.450000000000026,-4.859999999999999,-17.700058865547184,-22.701325867697587,-19.968241160361558,-7.298584244744705,-11.698159639418009,-11.137896689659915,-4.6005117783412715,0.4138750387332934,1.191960111551885,0.0
911.613375,282,3948.800749,282.0,623.4870383162206,95.26570763070072,110.00113605661612,33.89999999999986,-5.710000000000002,-34.34969417095187,-37.092931894958014,-40.38398581179776,-14.258439922470325,-66.03794420152396,-23.71580715073408,-11.491704245249162,0.872454793068888,4.920645032908528,1.0
897.699386,298,3961.453455,298.0,600.9280391085571,100.6211060062419,115.32164176094311,32.849999999999866,-8.360000000000005,-37.31478564262389,-39.76988235078753,-41.47209415456453,-17.742540230517676,-69.07190694161882,-24.008981870185476,-12.281210102282317,0.059767277646226906,0.35621297477151237,1.0
823.156116,258,3972.116044,258.0,560.6762761414027,88.55523598715946,98.95123882305768,29.3999999999999,-6.4399999999999995,-33.174222192764304,-33.039997049421075,-36.99147399155271,-13.299231167111177,-62.82936795857556,-15.71099120150743,-10.94135150055982,0.35471679555128466,1.830338665044629,1.0
996.213029,357,3987.228735,357.0,643.1202816775063,124.31871883354059,138.41714322649872,35.99999999999984,-10.550000000000006,-45.346217064857484,-54.25234617292879,-49.644480354074666,-17.394511512146064,-74.1624469416488,-37.18594623100592,-14.107166865444762,0.2670690373363419,1.9068729265814814,1.0
715.418337,232,3996.120001,232.0,484.04556911989,79.1545489178695,89.8330560481124,26.399999999999928,-4.98,-29.334380288124095,-28.085973303019994,-33.38117392968534,-13.836353633792113,-61.56055711465908,-16.541257039630278,-8.295141734351096,0.930715789099003,4.318521261419374,1.0
913.39387,296,4008.836025,296.0,634.15029469667,100.26819853393643,114.97176676125191,34.64999999999985,-7.010000000000003,-38.68505014419556,-37.97938013374801,-41.28871809874761,-16.090569299163132,-83.50788463030327,-30.014785503829373,-12.070002185017117,0.4729643221643442,2.7999487872129176,1.0
403.413006,146,4014.882952,146.0,247.96000253048683,51.30283752422079,54.61965560530913,15.750000000000027,-3.879999999999999,-17.35787724971771,-21.392790563404567,-19.869400571902744,-6.979988716647629,-23.87613831437131,-14.140230375287375,-4.723064267740552,0.6614089032603859,1.9313139975203268,0.0
271.97133,94,4018.890058,94.0,180.38856673394528,32.28409682379414,33.62616076656417,9.150000000000011,-3.079999999999999,-11.03169877052307,-15.402456855773925,-13.606806495477485,-4.246663937656577,-19.145311685093098,-7.216611696115157,-3.7479451353000974,0.5547468363423391,1.0429240523235976,0.0
693.745783,225,4028.165463,225.0,485.8822647831611,74.29622136071744,85.4555780755268,23.699999999999953,-4.59,-28.770735912323005,-29.21132070422172,-31.570208950306757,-11.586454254574338,-64.7365281217501,-20.417178389578442,-9.70585519829368,0.891933361447189,4.013700126512351,1.0
1418.394828,452,4047.676562,452.0,951.0696272898093,154.9808179226075,176.93365210220145,50.2499999999997,-12.620000000000012,-58.139942688941936,-59.392886781319994,-62.69386295659864,-23.29759495832487,-94.1034792592599,-37.100581666714234,-19.49092098823775,0.16199358924021673,1.4644220467315594,2.0
878.579309,289,4060.051892,289.0,596.654501050893,95.26293401164514,110.55029468682991,31.799999999999876,-8.470000000000004,-35.99406111717224,-37.8244089782238,-41.051593504762025,-14.319130348457964,-67.71010939662155,-27.747958563735963,-11.571158421902542,0.45368543112662935,2.6223017919119176,1.0
1172.950964,383,4076.108657,383.0,801.4698273891358,127.96778457517009,149.02420593893507,42.74999999999977,-10.100000000000001,-49.20448275089271,-50.495150387659706,-52.51966356547059,-21.11139689792216,-99.1276320731478,-33.48159944601017,-15.220929082403847,-0.4917611841963232,-3.7668906709438357,1.0
450.913775,158,4081.77929,158.0,302.2121425582635,52.42130581157677,59.003918872231864,15.000000000000025,-3.969999999999999,-19.33811465740203,-23.59522772654893,-22.12280401468673,-7.400642637179066,-38.69734201397345,-15.102068066276622,-5.497393415398542,0.5945122819431032,1.8786588109402065,0.0
880.776368,289,4093.733891,289.0,605.1679291830487,96.69213520091547,111.35731937131885,32.09999999999987,-7.730000000000001,-37.041648097038305,-37.945411726832376,-40.544009582439905,-15.195194919530435,-76.36607090301948,-26.188898480991497,-12.529781712282613,-0.44035733000450517,-2.54526536742604,1.0
1377.755053,486,4113.917737,486.0,860.7816871683503,171.80640674287716,189.31113847518924,50.849999999999696,-13.93000000000001,-62.99332980155944,-63.27499510310588,-66.78355743260408,-23.109231794270855,-85.75496514088485,-45.718634710684746,-19.42946550028855,-0.29450879494514765,-2.8626254868668353,2.0
365.25726,129,4119.226581,129.0,255.42203842227008,40.64800728083685,48.22446701036202,10.800000000000015,-3.3699999999999997,-15.809958014488219,-18.027029533684267,-18.22563071188627,-6.345230274182913,-35.227901256318496,-15.705143748660037,-6.126359271699422,0.9619671784645368,2.481875320438505,0.0
978.001523,312,4132.197,312.0,688.7505789008168,102.25413851455816,122.04694773324061,35.54999999999984,-6.560000000000001,-40.51239528656005,-41.056857488676926,-44.09838234009854,-14.505503923108567,-97.59871855841423,-25.104178963507284,-13.164105907719877,0.04252682064822808,0.2653673608449432,1.0
656.825855,217,4143.056596,217.0,453.6382495651325,70.77358820471372,82.75170259462018,23.84999999999995,-6.250000000000002,-26.31902825593949,-27.99325909465553,-30.066937924572205,-11.436647021882145,-60.71317530103342,-20.729266226817064,-7.679371574829418,0.6598713688541682,2.8638417408270898,0.0
501.327644,181,4150.55166,181.0,325.6728543193118,64.1155034436108,67.92055622419078,17.85000000000001,-5.610000000000001,-22.986933736801156,-25.805900882929574,-25.448671578639203,-9.005223067683634,-39.67922826457739,-19.325176726593412,-7.3701355383045595,0.08967060952909463,0.32460760649532255,1.0
499.303189,176,4157.768857,176.0,338.0549546052139,59.27447616124508,66.24935380028411,15.900000000000027,-4.859999999999999,-21.35600565910339,-26.359157313406474,-24.630267807912766,-8.846065202991872,-39.294329605292795,-23.842535182744236,-6.987234443303836,0.23116166346272754,0.813689055388801,1.0
905.576544,291,4168.994562,291.0,628.6697881418642,98.90751275251492,111.81025587383215,30.899999999999885,-7.8700000000000045,-36.51496862411498,-36.51752972602844,-41.2532223590939,-14.387171723921831,-82.6041578924815,-24.36825676459504,-12.195705579374994,0.815835201710026,4.748160873952352,1.0
854.018796,281,4181.050942,281.0,581.7581849783212,93.02288165466662,109.52278670367733,30.29999999999989,-6.660000000000001,-36.33082049369811,-37.35543282926081,-38.8038314752772,-15.13708645527452,-72.19686783597047,-23.318634954944688,-11.7823833392988,0.5371929480947406,3.0190243682924423,1.0
841.87843,278,4193.074356,278.0,578.90547185287,94.72618162977585,107.38223659557036,32.24999999999987,-5.360000000000001,-36.78540299892425,-38.329839902371155,-39.26330358143852,-14.199111450759752,-79.20040136460536,-23.325995897757497,-12.92140523091774,-0.38190441425964705,-2.123388543283638,1.0
461.503802,158,4199.737331,158.0,302.2350622942191,53.565634513217134,59.484498663148834,15.750000000000027,-4.319999999999999,-20.397032361030583,-21.79598792046308,-21.034162601017385,-7.7085734484729524,-34.13924323201392,-12.137728408144488,-5.998665090954607,0.6482802571829638,2.0485656126981655,0.0
716.584779,239,4209.928557,239.0,479.1177494762659,81.59785639426808,91.46669378815717,23.99999999999995,-5.0600000000000005,-30.02596637248993,-35.40656080991028,-34.24480741226381,-12.9813129326174,-44.98408005616679,-26.03275642253456,-9.862036503979771,0.5606300625087737,2.6798116987919385,1.0
608.526497,202,4218.521105,202.0,419.8818781216454,66.69192948840804,77.48989900048778,22.649999999999963,-5.34,-24.81412382125856,-28.62497299164533,-28.353042677237855,-11.154350583625126,-58.22228879764157,-15.410092511312936,-8.268337843743284,0.8727460268726083,3.5258939485653373,0.0
602.471695,205,4226.959471,205.0,432.5356919914561,66.05074343622522,78.40018986775524,22.79999999999996,-5.5200000000000005,-25.711028232574446,-26.37652620598675,-28.54593321678853,-11.911302702847374,-75.58131231086867,-20.142864994311932,-8.525962581159238,0.7064842557599093,2.8965854486156277,0.0
659.976684,212,4236.055118,212.0,459.99046291432865,68.53900888228982,80.77763138063118,24.599999999999945,-4.549999999999997,-25.889555768966687,-27.569636479765187,-30.879934685490195,-10.256389011009523,-64.01503970013226,-14.551041453202028,-8.218822162759125,0.8348978781968651,3.5399670035547084,0.0
1526.565794,488,4255.829954,488.0,1049.814159032106,162.81603313621824,191.12140215757296,55.64999999999965,-12.89000000000001,-62.046684741973905,-66.30624283254147,-67.96617216806136,-25.1964187715306,-125.04598816462888,-41.32436369023727,-20.059929979092544,-0.4514431459533923,-4.406085104505109,2.0
433.592355,153,4262.604086,153.0,286.0951493730265,51.610089765715394,58.728508599724066,14.700000000000024,-4.8199999999999985,-18.81094315052032,-24.78920617103577,-21.603246686275305,-7.818846765909305,-31.607883395853186,-15.233564616505214,-5.857702325297636,0.44196410771755634,1.3524101696157225,0.0
518.014993,207,4271.099578,207.0,290.97578381703585,72.74913154402648,79.4957081489765,20.099999999999987,-5.299999999999999,-25.81363395690918,-31.832247626781466,-30.265395086597238,-9.37089361176142,-17.39066660854273,-23.951926307867065,-8.380867599932975,0.4330076345062515,1.792651606855881,0.0
989.967288,331,4285.194147,331.0,686.0761301914094,111.89475367374372,128.7103792099481,36.74999999999983,-7.640000000000002,-41.10650589942928,-47.28284684792161,-46.42536625885592,-16.991522719787973,-97.18400320857864,-34.386734123745725,-13.446996046477986,-0.6888412453425004,-4.560129044167352,1.0
353.321069,131,4290.745899,131.0,231.526591655089,44.126310947025296,49.26875145069479,12.90000000000002,-4.339999999999999,-15.42722447872162,-21.965166957676413,-18.339199715104137,-7.459536541106643,-33.300657179576596,-10.303833322051792,-4.364967268789326,0.5858564339606958,1.5349438569770228,0.0
307.610782,118,4295.778206,118.0,188.59714961376258,39.51084659159765,44.047005555770085,12.75000000000002,-3.0699999999999994,-14.719736981391911,-17.656423377990734,-16.86333689828712,-5.547862424558515,-22.779914050723452,-10.190010723621667,-4.4669350330931925,0.3694007477620694,0.8717857647184837,0.0
653.183898,247,4306.296086,247.0,390.52879353809124,85.24780308000115,95.26491619211679,25.349999999999937,-6.159999999999999,-32.641258716583245,-35.78537340238693,-33.42898679585698,-13.58787918882374,-34.4932177348848,-24.46776932032415,-9.643129660210885,-0.23998931225568476,-1.1855472025430829,1.0
535.684044,194,4314.547077,194.0,346.27573086781354,62.41467739290924,74.19299690614046,18.300000000000004,-6.040000000000002,-23.736706614494313,-27.723712611198415,-27.410743997264316,-9.328949382752795,-43.40632083674768,-15.043428339909665,-6.809499348417562,0.8547768635829351,3.316534230701788,0.0
427.382398,144,4320.62624,144.0,301.3626160069425,45.85269401230811,53.71953038734051,15.600000000000026,-3.779999999999999,-18.326971364021308,-20.959978267550465,-20.307479452373812,-7.141175736407346,-42.952398099406174,-13.242300935110618,-6.442138883641016,0.9477891239228247,2.729632676897735,0.0
547.83278,180,4328.137148,180.0,386.3267873546183,58.988382660896406,68.11958572294047,19.499999999999993,-2.5300000000000002,-23.513825526237486,-23.383338528871544,-26.102603105523126,-8.316912060565725,-62.01354508177368,-11.503923491609045,-7.73782817576693,0.6105553337810178,2.197999201611664,0.0
747.121282,241,4337.247894,241.0,514.1671293334018,78.27512691887928,93.31590784084264,27.14999999999992,-4.929999999999998,-30.01041218280792,-28.25053966790438,-34.22440330451385,-12.949212069415578,-68.96771538366627,-18.400224577169485,-9.054375020185878,0.7755867494869798,3.738328132527243,1.0
511.069633,193,4345.241585,193.0,297.8205865127769,67.2098190340742,73.87325689410092,19.199999999999996,-5.040000000000001,-25.294500360488897,-28.60712016969919,-25.200808780554727,-8.958429913108352,-25.21585600407223,-14.59025677764407,-7.12705791141774,-0.20521269424952612,-0.7921209998031709,1.0
960.793208,324,4359.198784,324.0,625.3551932404649,116.28752700353458,125.89010289777555,32.54999999999987,-8.770000000000005,-41.88923758506775,-42.752735127508686,-45.499410626685496,-15.979069213633581,-63.89096657546414,-30.409513874874822,-14.098682233731799,-0.3981015112514105,-2.5796977929091405,1.0
551.602105,193,4367.411032,193.0,349.98405931582954,66.56992420513328,73.53045864181261,20.099999999999987,-5.750000000000002,-24.009951410293574,-30.6073157094419,-26.681684609143147,-9.304590661947977,-34.36316421802797,-14.170134449849305,-6.695496330826693,0.3341929020238556,1.2899846018120826,0.0
1108.355811,408,4384.6585,408.0,650.9729128480687,143.3389795529972,159.879847578885,41.399999999999785,-9.590000000000007,-52.95680489063263,-53.83963080681862,-54.09254925040476,-19.552483424965878,-58.25339203429617,-31.81732013043593,-15.133748523497976,-0.17381523357399808,-1.4183323059638244,1.0
903.587953,315,4397.827956,315.0,576.4514241420395,110.10145759936867,119.39185437798182,32.849999999999866,-8.150000000000002,-40.23106263160702,-44.34135493114591,-43.85043085233087,-16.901469746488303,-56.16740726370483,-29.17818514165933,-11.386872505425144,-0.08408266586024574,-0.5297207949195482,1.0
813.954237,282,4409.869305,282.0,519.8414842731916,97.30819155919951,108.83011301998448,29.699999999999896,-9.510000000000009,-36.58828262805937,-38.592971036583165,-37.18167430625479,-15.91935163242316,-52.16541644250322,-23.01819484407222,-10.749660842649794,-0.18158869668245348,-1.0241602492890376,1.0
846.720853,269,4420.436287,269.0,585.7642963477394,89.73256389757307,103.40634431181614,29.2499999999999,-7.200000000000004,-34.07058950901029,-33.2750950112939,-38.10901043453151,-14.934720496676343,-72.17402470646559,-19.76476821880899,-10.904143012192144,0.1971919768245108,1.0608928353158682,1.0
468.926054,169,4427.352913,169.0,303.64619812313384,59.66809269941982,63.717009995448514,17.250000000000014,-5.480000000000001,-22.643321342468294,-25.940762718021865,-23.49016256324255,-9.56772921678899,-32.67292163873799,-17.822183393218754,-6.738165543020591,0.20041647368874382,0.6774076810679541,0.0
595.05504,207,4436.127424,207.0,400.58519706426483,68.38449615344153,77.68395223047807,21.74999999999997,-5.119999999999999,-26.611365628242496,-29.705149345099915,-28.869661236948005,-9.380776453346053,-53.52128693460653,-18.86969523765358,-8.270671051113123,0.8783073545925695,3.6361924480132375,0.0
204.589484,101,4440.3817,101.0,96.05486736090316,35.64709305146547,36.946545838125765,8.55000000000001,-3.0299999999999994,-12.992075839042661,-19.24810465574264,-14.264004702997939,-5.564065330764706,-4.565605157568585,-10.462702095579962,-3.4824640673722422,0.3370649680944134,0.680871235550715,0.0
779.354238,261,4451.250241,261.0,511.35215619330194,88.20603860620729,100.89562896684689,31.799999999999876,-5.209999999999999,-34.045364999771124,-34.402024108916535,-35.84955892513398,-14.744931667589087,-61.44223607800706,-19.818811174846743,-8.386658984096375,0.36135423063272504,1.8862690839028247,1.0
528.819392,188,4459.221972,188.0,331.5410890164811,63.393862685359615,71.45732899882128,18.75,-5.129999999999999,-23.739160108566292,-25.99987041056154,-26.0101982998746,-8.918020734443502,-32.55920021999986,-14.984697895221654,-6.9817414398672,0.5118837419719643,1.924682869814586,0.0
1148.781185,373,4474.977759,373.0,791.136374458627,125.71246565508739,144.53622578406527,41.09999999999979,-9.340000000000007,-47.005285263061516,-48.50430092439054,-53.14638626403661,-21.45396208887137,-100.66772562299673,-31.19097767748301,-15.395243000406731,0.6755386156395611,5.039518072671125,2.0
838.64339,295,4487.328948,295.0,537.3261023313735,100.49046404173347,113.47949861041157,32.54999999999987,-8.440000000000005,-37.860391316413875,-42.58426410630346,-40.62460880230473,-15.018989400085616,-48.21732927726776,-34.66602335908955,-12.791069019030807,0.03763798500086968,0.2220641115051311,1.0
487.504365,170,4494.596234,170.0,329.2347251802621,57.23524414402067,65.84450680920685,16.950000000000017,-5.289999999999999,-22.061583800315844,-23.301382908225055,-24.364663168310326,-8.556100427789572,-46.85118457155203,-14.352443981968817,-6.982752547850792,0.3790893622475716,1.2889038316417434,0.0
469.053636,167,4501.345135,167.0,301.5851992364038,56.54586313064928,62.44968164071712,16.200000000000024,-3.649999999999999,-20.886580538749687,-22.624870835244657,-23.174994226888792,-7.862233727140185,-35.972901663893545,-15.318513508248428,-5.237013263781563,0.8203018257416297,2.739808097977043,0.0
977.336299,346,4514.847327,346.0,610.3718038366,123.18128825579228,132.7352438591594,34.49999999999985,-10.400000000000006,-44.11519976139073,-47.71140340715647,-47.58717725113989,-18.0246525043132,-55.555086254103514,-32.2377444515468,-13.820773285872656,-0.012669508269429182,-0.08767299722444993,1.0
382.985747,147,4521.117454,147.0,246.99563506149684,47.4110689979956,54.97972600479851,12.75000000000002,-4.01,-17.54564553260803,-23.09329795837402,-21.20822764049607,-6.544981455167265,-30.53526155056603,-16.923534013969405,-6.2897348288939945,0.2446337185649688,0.7192231325810082,0.0
439.621065,150,4527.434337,150.0,311.8833690767364,47.84141622514828,56.2782480031775,16.200000000000024,-4.289999999999999,-18.48553390026093,-20.22385218739509,-21.153821740542092,-7.266946924312612,-46.911510654575046,-18.422854444632073,-5.827448515501463,1.0010346067515274,3.0031038202545823,0.0
399.968474,139,4533.488743,139.0,281.0979555916691,42.47803420876972,53.058660203289364,13.800000000000022,-3.599999999999999,-17.49539477348328,-19.318848110735413,-19.672154085904474,-6.234347382777773,-41.14867342344687,-16.831438052176264,-5.165320665038378,0.8745718368910601,2.431309706557147,0.0
1625.985623,559,4556.729542,559.0,1021.3622978898266,194.98946874918815,218.31373912453122,62.549999999999585,-12.690000000000005,-74.80969292163842,-70.90433966815466,-76.77972807604596,-30.22422599941445,-105.41572341671868,-37.940587956591216,-21.465584928721594,-0.31005217147388514,-3.4663832770780356,1.0
994.084188,348,4572.007406,348.0,636.9200657046831,118.3583684517172,134.92294257264564,39.14999999999981,-6.670000000000001,-45.02121329307558,-45.59914771057667,-49.00465065284694,-16.425963142476647,-74.92170326424777,-31.959659093084873,-13.66485187522963,-0.35133800172600355,-2.4453124920129845,1.0
938.216005,315,4586.222809,315.0,615.4743273320763,107.7952664520466,123.0317335427514,34.049999999999855,-8.500000000000002,-41.49672264099121,-42.835798899829385,-43.53200982051955,-15.812974240297434,-67.76071384201417,-24.010875667360988,-13.186227656540424,-0.10021497036612337,-0.6313543133065772,1.0
620.167675,214,4594.502872,214.0,401.11670859208056,70.56814204536471,81.28705508978511,24.449999999999946,-4.6000000000000005,-27.961225333213807,-27.380377377569687,-30.22695528340499,-9.98864042567341,-42.20680450048508,-21.031317808118555,-7.858910105577741,0.22207964658562387,0.9505008873864702,1.0
1128.158476,386,4611.601745,386.0,747.5649424477028,132.33006159446654,149.68233011818336,41.84999999999978,-9.790000000000006,-50.8132747745514,-51.45779521018273,-53.52258020429616,-19.906143537478695,-85.17133113359532,-42.889533419578896,-15.718199828929206,-0.4034510459351472,-3.1146420746193364,1.0
381.038879,135,4617.281768,135.0,263.52122594418177,44.33839999159794,50.244425911896556,13.20000000000002,-3.659999999999999,-16.79305347919464,-20.269142851606,-19.64305793561529,-7.134244140698686,-41.34551692186758,-10.851338934800271,-5.568818670762445,0.98650837690524,2.663572617644148,0.0
1108.176741,392,4634.126739,392.0,679.9721253128297,137.63501968113695,151.22863592573142,41.84999999999978,-10.930000000000007,-51.072151961326654,-51.638792153447866,-54.70432707546578,-21.547456762198024,-64.7351909996807,-26.155496014769724,-13.725625210552987,-0.22165508717501942,-1.7377758834521522,1.0
574.769357,208,4643.010142,208.0,367.9780620392592,70.70824111945511,78.50360528028341,20.249999999999986,-6.970000000000003,-26.508552851676942,-28.329456496983777,-28.624661991146912,-9.784030948829182,-39.51827116988761,-22.605863889061418,-8.329714329374927,0.6252375448774645,2.6009881866902527,1.0
678.142256,244,4653.322452,244.0,433.1658767955866,83.41215619254609,93.9662574996644,25.349999999999937,-6.4,-31.75056089401244,-32.50583591163161,-33.80553381455258,-12.856963259780384,-50.33129462559268,-24.766810569075325,-9.3350352327253,-0.04822417024413539,-0.2353339507913807,1.0
829.675531,287,4665.24755,287.0,546.8896022128959,93.87086150900474,111.22796738392645,30.749999999999886,-6.430000000000002,-38.6284829044342,-38.958739468827844,-39.389790606918055,-14.812100323402529,-64.08854699682244,-26.302312212335213,-11.452927872855268,-0.5495090982173504,-3.154182223767591,1.0
1010.507392,341,4678.765841,341.0,689.5865440354276,111.70347691102046,133.60058414764455,38.69999999999981,-7.890000000000006,-44.770587339401274,-43.37016712706538,-47.69763706530421,-17.912665448324052,-99.87044798137461,-28.746683235234755,-13.82502530903284,-0.2079088053856887,-1.417938052730397,1.0
697.67872,276,4690.290193,276.0,394.9943103971682,97.17295970835347,106.02977049472338,26.849999999999923,-8.210000000000004,-37.37944188594818,-36.07138594016434,-37.685595492925366,-14.4507665697621,-24.48782117543726,-33.92691919129887,-11.156389924649456,0.02887990104767779,0.1594170537831814,1.0
694.676936,271,4701.296632,271.0,406.1296776306524,92.8328634218836,104.40551900126542,26.549999999999926,-9.92,-35.319441409111015,-41.20819432362916,-36.37465428379482,-13.987386035078728,-32.12431928699232,-26.975178381984065,-10.331950739636298,-0.19344978200950871,-1.0484978184915372,1.0
510.664336,185,4709.038413,185.0,331.5426815876052,62.16561044144406,68.31277540352099,20.399999999999984,-4.229999999999998,-23.99810883522034,-26.979482195526373,-26.997558456295323,-8.321087072832086,-42.549453168341465,-15.942276533374914,-7.738764784439835,0.3354562914015131,1.2411882781855985,0.0
523.792725,172,4716.551434,172.0,381.33801418542487,55.61455653695289,65.29615444174354,17.55000000000001,-3.7699999999999996,-22.319997801780712,-22.03721705861389,-24.558859342817353,-8.699822388552668,-60.3281446470962,-19.01056731981745,-7.28139143390353,0.695522495697087,2.392597385197979,1.0
906.83661,308,4729.564826,308.0,591.9551135461877,106.31340753301372,119.4696103815901,31.649999999999878,-7.720000000000002,-39.61638531208039,-41.816663455218055,-42.817978896861504,-15.410545042181507,-59.29050239979762,-31.9003207623556,-11.979125767365746,-0.013524087926960115,-0.08330838163007431,1.0
1224.778834,497,4750.545745,497.0,648.4387078492349,179.29417059395632,192.68152957691106,45.89999999999974,-14.960000000000013,-65.84220651626588,-66.92837656885386,-66.06203370797523,-24.229832077840587,-40.73427878496934,-41.54422921576341,-18.234617185833258,-0.15640131140228983,-1.5546290353387608,2.0
514.310042,174,4757.841623,174.0,344.3199391158058,62.012891183498176,66.24538868666512,18.150000000000006,-5.9300000000000015,-22.94496773242949,-27.523024763166895,-23.72898172067727,-8.950072643320956,-37.88648784313366,-16.0805686268488,-7.374073267831322,0.5146569915089484,1.7910063304511403,0.0
1160.357294,374,4772.679967,374.0,773.7604307641305,131.38271504525733,146.08238840552485,40.349999999999795,-9.490000000000004,-48.75615890026094,-51.88745645582676,-51.736840985246246,-19.790590460961575,-75.75619623715592,-31.81547325413354,-15.985523429275501,-0.5346628218415632,-3.9992779073748927,2.0
811.380389,292,4785.111488,292.0,535.457266142108,96.94930194387895,112.65547592692366,28.799999999999905,-5.66,-37.47473649024962,-44.32707273587581,-41.271791503687815,-14.803451021000015,-73.11247601989068,-25.497569834257785,-12.334557056347773,-0.46592977525402923,-2.721029887483531,1.0
501.44186,172,4792.198303,172.0,338.0789339891101,55.5268620606777,65.52010176698316,16.50000000000002,-4.999999999999999,-21.63297736167907,-27.255886394530517,-24.489317140739306,-9.059630370169725,-39.585198850639074,-12.926512910702566,-6.234514925545965,0.4528392305628654,1.557766953136257,0.0
836.238746,284,4803.972678,284.0,561.8175788046065,96.95199243452609,110.24843530130084,31.649999999999878,-7.880000000000004,-36.99309046268468,-37.98223849311471,-38.89186129833915,-14.779174735709697,-68.86708298120234,-32.16889337240654,-10.866919397943112,0.3064761804744112,1.7407847050946557,1.0
770.47272,267,4815.395037,267.0,506.1788149062653,89.2547618210057,102.98689645348533,30.149999999999892,-5.390000000000001,-34.47344516277314,-33.864443275332476,-37.59481382828003,-12.700329088404587,-65.21132185530362,-25.80771847400139,-10.055681444933494,0.7345426282289721,3.922457634742711,1.0
271.174866,128,4820.956047,128.0,144.3587982790488,44.410526198788475,46.940916512346035,11.100000000000016,-3.42,-15.85057755947113,-20.008147630095472,-17.001986539804772,-6.16806792620084,-18.919638719024718,-17.70652672520012,-4.560429562263599,0.18282975630659062,0.468044176144872,0.0
583.749332,208,4829.933553,208.0,392.12665320215234,70.92615153344676,79.79669105647741,20.99999999999998,-6.359999999999999,-25.76533824443818,-35.239219208061684,-29.32362467697381,-9.433980487076166,-54.05360834696015,-19.19501995362532,-8.72937248333403,-0.1822557992811844,-0.7581841250097271,0.0
926.337596,318,4843.273793,318.0,636.6616276475642,105.38222531679261,122.75415962299148,34.199999999999854,-7.360000000000004,-41.916740155220026,-42.326946159452206,-43.69402319747339,-14.954053244357961,-94.670402054973,-32.92045532014685,-12.81779624375727,0.29769879615537714,1.8933643435481988,1.0
488.103295,172,4849.904078,172.0,345.5336290228463,56.9812359724809,64.20939850267412,16.65000000000002,-4.039999999999998,-20.951001825332636,-24.829302744567396,-25.214336741575888,-9.640319675240837,-51.556345671771766,-23.828093789986916,-7.211567623830407,0.524420402578499,1.8040061848700364,0.0
830.458197,292,4861.86655,292.0,519.08102062137,103.56179500152312,111.73514956638776,31.649999999999878,-7.980000000000002,-37.64789532184602,-38.74310008957983,-39.791646258268806,-13.46374060116411,-53.746260111807096,-25.103917423682688,-11.093208151855675,0.026705674053426037,0.15596113647200804,1.0
626.996318,287,4874.145666,287.0,298.8939109681609,97.7697229913625,110.10794286504412,24.299999999999947,-7.540000000000002,-37.00242637157439,-40.54594550728798,-38.57841278289309,-13.251847394676036,-15.868995375029899,-28.530398659378424,-9.757232462691126,-0.04375662599769555,-0.25116303322677247,0.0
693.481991,234,4883.85423,234.0,473.06593277396314,77.48326884372261,89.4457714697174,23.84999999999995,-6.530000000000002,-30.627210922241215,-30.958003993332373,-33.30013941236205,-11.47700142460688,-58.68544456676473,-23.090922672347286,-9.694258677266582,0.2171132240756662,1.0160898886741176,0.0
414.844918,146,4889.838635,146.0,304.6553399925174,47.14048293390449,55.40539511456368,15.150000000000025,-3.0,-17.68649932384491,-21.61613816320897,-21.41809042617828,-8.057402706925517,-59.051425453115456,-16.704797137769507,-5.971946736539822,0.6908999284056812,2.017427790944589,0.0
1144.762471,386,4906.212554,386.0,774.3568640264449,130.4770323365309,150.80159300745242,41.549999999999784,-10.340000000000003,-51.500740332603435,-49.47774434909222,-53.75366732642343,-20.13133993384931,-105.74155673837775,-31.657327140590862,-15.820642451763817,-0.6102581944933021,-4.711193261488292,1.0
713.139495,300,4918.776575,300.0,383.265020757627,99.30288419827444,117.51783509977301,26.999999999999922,-7.720000000000003,-39.218318490982064,-42.23046531900766,-40.40623064874806,-13.650188735223576,-27.25413222048963,-32.61979866446708,-10.847110847464327,-0.110972940603095,-0.66583764361857,1.0
723.400667,268,4930.289684,268.0,480.3599394100367,91.16530405677072,103.76507874709733,26.849999999999923,-7.360000000000003,-35.53111262798313,-41.255225120484816,-36.89965421806878,-13.918998589300564,-71.0636170041501,-29.30567485102551,-11.405373120649504,0.331418219416226,1.7764016560709717,1.0
550.070952,181,4936.974354,181.0,374.0166916344881,57.6554782807141,68.12374654944462,20.249999999999986,-3.9499999999999993,-23.448907408714295,-23.1019493997097,-25.303972195645194,-8.981245486837777,-46.61022960559312,-12.363475266465448,-7.215185013180724,0.7064316605295902,2.5572826111171163,0.0
671.11875,252,4947.604939,252.0,401.74238482038487,87.24293308937946,97.50216124029943,27.749999999999915,-6.360000000000002,-32.44596239566804,-36.24960567057133,-35.15143758827873,-12.668157217522948,-37.148135955948035,-24.88906717796618,-10.206362899384095,-0.20912639795081805,-1.053997045672123,1.0
1153.913641,449,4966.324206,449.0,663.2323041382947,159.2282102282939,175.43136825033991,43.04999999999977,-12.82000000000001,-58.00020456790919,-62.52243828177452,-60.3526115396536,-23.947970716696965,-56.395354814530265,-45.548537188807465,-16.441124397250917,0.053152249735520615,0.47730720262497517,2.0
867.869154,291,4978.855348,291.0,593.1934068974052,95.84853560053138,111.23805338455928,31.649999999999878,-7.050000000000002,-37.475920267105096,-37.14615277722477,-41.256278660116074,-14.633212786510637,-85.57074789878021,-20.554540405623598,-11.373989188339394,0.5562049093346569,3.237112572327703,1.0
433.440684,152,4985.371473,152.0,303.6792417794609,51.36588147262439,56.49482643468153,15.300000000000026,-4.269999999999999,-19.48647588729859,-21.756754892319442,-21.419197306367,-7.806455288923497,-49.87674303747284,-14.790890704747971,-5.992748970305939,0.9821105187632219,2.9856159770401947,0.0
117.004685,88,4989.211232,88.0,26.004290191083925,28.71964077996795,31.900725841547573,2.0999999999999996,-1.93,-11.09057246208191,-16.413323941826818,-11.942522252094722,-4.009442234828645,-0.5613169821399214,-11.441107626560077,-2.3316862465277235,0.21233174009844744,0.3737038625732675,0.0
541.234425,196,4997.442234,196.0,373.0986985187655,65.08169825109165,75.28711648043672,20.84999999999998,-3.959999999999999,-25.452054672241204,-28.427721158787612,-27.837501347665164,-8.853168093958432,-64.6066344035169,-21.52093664910904,-8.425071713900287,0.6876596156162723,2.6956256932157876,1.0
1007.632746,350,5012.52602,350.0,635.5949224009606,122.69548776858112,135.39455030554694,40.349999999999795,-7.5200000000000005,-45.25171226978304,-47.57756450865418,-48.65118947437191,-17.603602832458737,-64.04829282941729,-32.904922717320424,-12.844929703604704,0.2533199255703553,1.7732394789924872,1.0
435.087055,152,5018.662801,152.0,313.0066035442407,48.437112483681545,56.74211102234677,16.50000000000002,-3.3299999999999974,-19.338664264678943,-21.351883856207124,-22.26512590498595,-7.148708259572457,-50.441144617965726,-21.07682045474229,-6.646424986168746,1.0121589975238352,3.0769633524724593,0.0
1437.068538,502,5039.232573,502.0,888.1344031814708,179.71689297175368,196.17026730089972,55.79999999999965,-12.800000000000006,-65.20543238639829,-64.2581957422197,-68.45962770473481,-25.442410619003418,-82.78952015436809,-46.486994274209025,-19.31084504603584,-0.12854225204316763,-1.2905642105134032,2.0
652.563232,258,5050.372604,258.0,375.1811671624727,94.81674458402144,96.13014466896065,22.04999999999997,-8.430000000000005,-32.199836034774755,-37.99080303907396,-35.13890685873521,-12.174367793644183,-31.092531398323796,-27.912481734896076,-8.67589769738156,0.4300385073667444,2.2189986980124012,1.0
962.833037,329,5064.297817,329.0,643.1798625110919,113.81443359998384,128.75988751484752,35.54999999999984,-7.230000000000004,-42.66064652919765,-47.49002773799004,-45.67809806295476,-16.75312402822817,-83.06877730148757,-30.621101778919783,-13.969371040764889,-0.3012662601748425,-1.9823319919504636,1.0
289.581528,153,5070.546403,153.0,118.66434748190629,54.298438964705184,55.42087333914678,11.100000000000016,-4.459999999999999,-18.88913224697112,-26.950780793279407,-21.807721520769228,-7.280862202129926,-5.416520903118371,-13.356128210441963,-4.740986235352639,0.30971412481445815,0.947725221932242,0.0
891.266898,328,5084.40435,328.0,554.5561242837919,115.91381289243033,126.60692047624048,32.849999999999866,-9.720000000000006,-42.57475191593171,-45.3675617583096,-44.88621692968891,-15.490073388020077,-68.55191066003681,-27.45037663038137,-12.619068593870034,-0.200079935388069,-1.3125243761457328,1.0
124.509723,72,5087.339515,72.0,50.90028755298011,23.745198720439593,27.772754069723213,3.5999999999999988,-2.56,-9.504222717285153,-14.219387128949162,-9.63322284698516,-3.002264048599813,-2.7959666045228158,-9.50166055923962,-2.2917938724134665,-0.10824403902514541,-0.1558714161962094,0.0
704.267368,247,5097.607681,247.0,453.3199278120071,80.71041400678956,94.15236261006699,25.04999999999994,-5.74,-30.23247416496278,-31.66300020143392,-34.49114194255291,-11.92851441931839,-51.111200279031664,-21.58415299940653,-9.214852891228954,0.5684816116310352,2.808299161457314,1.0
984.553601,371,5112.35751,371.0,579.0559271141498,133.1932182981645,142.93168176497346,39.14999999999981,-9.330000000000005,-47.38018534183497,-52.82232814133166,-51.52650370159082,-19.793290650198234,-54.04905910362947,-31.42231721057138,-14.453542381927337,-0.3982995753194502,-2.9553828488703204,1.0
827.906784,307,5125.251656,307.0,503.87560315766933,106.62174874523723,119.24602704767491,32.849999999999866,-9.140000000000008,-40.10164670467373,-43.69684296995405,-41.28062025031272,-13.793552153769712,-54.03510532258137,-26.97413958320852,-12.664687712710874,-0.16970123365615217,-1.0419655746487744,1.0
396.581558,156,5131.981583,156.0,227.2265921679432,56.50655017842972,59.337389759050104,15.600000000000026,-3.5999999999999996,-21.22869674682618,-26.972551433742037,-22.156618908460473,-7.461965736442248,-15.429705050221308,-14.713532855157407,-6.525903491338575,0.055420545660652965,0.17291210246123725,1.0
1023.751829,367,5147.780937,367.0,650.4793670907663,125.62505796689939,144.0793804863303,38.09999999999982,-10.630000000000008,-48.733916106224065,-52.19423847869036,-50.524122909142086,-18.392707137858125,-71.4693626336135,-33.86369122939562,-15.723938369922967,-0.2650103179469593,-1.945175733730681,1.0
812.849562,284,5159.801265,284.0,532.3596131449016,95.88891425189368,110.31289377972416,27.14999999999992,-7.600000000000004,-36.98318368911744,-39.07021628171203,-38.30352788328874,-14.458300084003511,-64.3813635150068,-25.497796122380667,-10.56747133729119,0.4702761963046048,2.6711687950101553,1.0
741.720836,258,5170.757332,258.0,480.97336538840545,89.56898414878275,97.18743880366897,25.499999999999936,-7.850000000000002,-31.561638994216917,-34.46654036566617,-36.25059279872201,-12.809101693742095,-54.37576676282443,-22.66001735837802,-9.535294481008394,0.48532555693108503,2.504279873764399,0.0
1015.246489,363,5185.719279,363.0,649.7935718300675,123.00258680379339,142.00881327215924,38.249999999999815,-10.820000000000011,-47.10010339736937,-50.508834855258456,-47.71641332430257,-17.742935412035024,-74.23886207316787,-37.65125262422835,-15.030081717736357,-0.39624741115153744,-2.8767562049601616,1.0
1100.11323,453,5203.930149,453.0,575.1685190638832,162.65146095525066,178.13899738619142,42.74999999999977,-12.000000000000007,-58.60834779739379,-68.29029805660244,-60.66841884796971,-22.00462368056527,-32.66786111656415,-40.8450040327965,-16.51119422308031,-0.18468758860019288,-1.6732695527177477,2.0
2609.683512,945,5243.343641,945.0,1550.4117462704526,341.1152468552698,372.5952103754845,96.90000000000082,-21.650000000000016,-126.98055446624753,-122.57497060298932,-125.8494240634618,-44.82135982622783,-130.97389543052284,-84.98462903513281,-38.50385784696959,-0.24536599241041515,-4.637417256556847,4.0
2827.923963,976,5283.341502,976.0,1722.866787193688,352.3409212361747,382.10599797965455,103.80000000000108,-25.000000000000014,-128.1515983486175,-124.42788487728689,-131.32326405731826,-46.116488563594444,-142.36584050077175,-72.40264682698725,-39.40202033204348,-0.23453410540721698,-4.578105737548875,4.0
744.36236,255,5293.862469,255.0,499.7775878291152,83.80686764474797,98.62460627573282,26.849999999999923,-6.510000000000004,-33.06783798694611,-34.91847425997257,-35.62474880666791,-13.27829174829316,-63.00036862820545,-22.406906568314284,-10.890073515525177,-0.02472621969871132,-0.12610372046342774,1.0
1000.507073,339,5307.963135,339.0,641.0751666433471,118.84447248028106,131.69900344767643,37.349999999999824,-9.340000000000003,-43.7078123283386,-42.455008055828515,-46.05191820941909,-17.24202790917947,-70.89917929788683,-24.2816126830281,-13.4840112504598,-0.4113222657330498,-2.788764961670078,1.0
507.908024,174,5315.301162,174.0,355.4865517893112,52.80654021476447,66.56856089776831,18.9,-4.71,-22.302278060913093,-22.53096559345721,-24.18489983845656,-7.685545290091264,-54.862193723528904,-16.01526765947501,-7.562478942389387,0.6990035789220705,2.4325324546488054,1.0
1319.015951,467,5335.117328,467.0,809.2228520565192,164.70195157811284,182.20123078999754,48.44999999999972,-11.470000000000008,-60.97371678352355,-62.28901407644159,-62.50502383047395,-24.030712951511063,-72.09116927129472,-40.633022187511244,-18.56742445887805,-0.3029550294763041,-2.82959997530868,1.0
1566.855513,559,5358.657209,559.0,961.8266284575315,200.769712623062,218.24327528625452,58.94999999999962,-13.810000000000015,-74.53078643798833,-77.23953034430743,-75.92124773028155,-27.235798511612764,-92.74531666232606,-46.02608798205792,-24.425336065328327,-0.0790250069752485,-0.8834995779832783,2.0
1380.548068,476,5377.577708,476.0,861.3798126158131,166.6210577086016,186.2664858119629,50.999999999999694,-12.260000000000007,-60.416913251876785,-62.28715326935046,-65.43801854340626,-22.823937628747846,-87.78773876383552,-31.94026243364837,-17.765264651003445,-0.24561437614256992,-2.3382488608772656,1.0
932.39126,352,5392.387114,352.0,544.3216510150602,127.21504575184808,135.60165493108167,36.44999999999983,-12.69000000000001,-45.58507581233974,-48.533954744040955,-48.04136406653015,-16.52726825534495,-52.53059723016928,-26.68259425924164,-12.60623687451547,-0.3503306658047107,-2.4663278872651633,1.0
1371.77127,485,5412.82296,485.0,846.5181426344769,172.35125097293147,188.8253992299087,48.899999999999714,-13.650000000000011,-62.46619741916658,-62.59241832643752,-64.7810668661228,-23.736668879682863,-85.22571233201413,-37.68620974291777,-19.685248959424154,-0.43567917854020577,-4.226088031839996,1.0
699.263659,241,5422.879536,241.0,484.9879397626068,79.31399278506208,92.86200687241505,25.04999999999994,-5.47,-32.11620593070985,-32.30007882565256,-34.35469331135011,-12.895863394866403,-67.20690074149736,-28.336096638093935,-11.270442029028874,0.16197179470139775,0.7807040504607372,1.0
1005.890297,364,5438.238759,364.0,631.2347121245894,123.93666031279392,140.8016795603607,37.94999999999982,-8.780000000000005,-47.954517083168035,-49.219198909774406,-49.90057657190714,-18.186056836856082,-73.82584040637988,-29.788042971003126,-14.378522601744741,-0.45934018863539866,-3.343996573265702,1.0
1217.155374,463,5457.178707,463.0,700.4210859220257,165.58670896366655,179.25083199487582,46.19999999999974,-15.020000000000007,-60.305990037918086,-61.96945416368544,-61.47203979600602,-21.35201732617575,-65.4139778827428,-34.821490303874015,-16.948283706260618,-0.013183382977504722,-0.12207812637169371,1.0
472.34812,164,5463.949965,164.0,326.79026967036276,55.57023137481407,62.86375082753463,17.85000000000001,-4.3199999999999985,-20.831311335563658,-24.109071284532558,-24.00428337426604,-8.403231900520408,-46.667249557239266,-19.807847854119892,-6.583136668763232,0.6168120858634638,2.0231436416321613,0.0
282.89969,105,5468.466509,105.0,198.50731981569714,33.41135161348796,38.077914567103925,9.150000000000011,-4.159999999999999,-12.42659365177155,-17.21085749641061,-16.15134667373442,-5.239673249470288,-31.712890228599424,-9.88134423322194,-4.464190907718983,0.9193584221032215,1.9306526864167652,0.0
916.694078,325,5482.387534,325.0,570.2937436241635,114.55552037051994,125.47327130619871,35.099999999999845,-8.370000000000003,-42.09010842323303,-48.312544994801286,-45.42166366808113,-15.879401926510386,-49.51018695289526,-31.831805681446802,-12.312745621241136,-0.2390016875543128,-1.5535109691030333,1.0
1095.343229,379,5498.493657,379.0,694.3883001623786,135.83469882180793,145.93376827201683,40.1999999999998,-10.910000000000007,-48.55697824954987,-49.70361183546484,-52.92764766945719,-19.02543761792376,-77.93785964340447,-27.325110416481795,-13.62689237366509,-0.07785625586739046,-0.5901504194748197,1.0
718.219284,242,5508.644254,242.0,477.72569838272943,81.87191548593688,92.66263509593676,28.19999999999991,-4.84,-30.495427098274206,-33.06266500465573,-34.50345169319677,-12.006587223288863,-59.560130891501146,-20.727557358119633,-9.045146101635304,0.10748095674035447,0.5202078306233157,0.0
1186.555451,436,5527.20909,436.0,694.3734290763119,157.99376457749221,166.88276143850183,44.09999999999976,-12.380000000000006,-56.669041404724126,-57.57191507071259,-58.60775244630458,-21.06188628293109,-60.317903756208594,-30.276171205052556,-15.909833539580639,-0.17938636502226993,-1.5642491029941938,1.0
2711.074602,962,5566.785359,962.0,1644.641033156263,346.7321439430957,375.6437866913511,96.3000000000008,-23.49000000000002,-127.06209542274486,-122.99981196019807,-129.47047546026258,-49.685788132608984,-146.0520261908614,-74.96106878282905,-40.52109593805471,0.030599788941712103,0.588739939238541,4.0
1784.10073,629,5593.464142,629.0,1088.6693830360969,230.72989765825776,244.26203977325926,61.649999999999594,-21.370000000000026,-82.28338696002959,-83.98504252955314,-83.7275954165054,-30.800051762210472,-92.34103952508998,-50.98307361209014,-24.720400584847283,0.0511172894807944,0.6430555016683935,3.0
725.35329,278,5605.164184,278.0,419.9100983222923,96.82858505973783,106.2100692860775,27.599999999999916,-8.960000000000003,-35.2168151807785,-39.02574434876441,-37.728920323362516,-12.69750438661141,-35.508180007290576,-23.962541486987675,-10.095757261645067,0.14852509974640402,0.8257995545900064,1.0
887.955342,318,5617.844797,318.0,570.4756329401137,106.77041540898448,120.94865404873417,32.24999999999987,-8.010000000000003,-40.39625023365021,-42.23923679068686,-43.486821509594634,-16.434449005169398,-68.85923555407666,-29.069489573180903,-11.993877603819383,0.03530498885686332,0.22453972912965073,1.0
1156.694467,392,5633.784923,392.0,765.6537648353597,133.1783343615538,151.10182887025294,42.29999999999978,-8.980000000000006,-48.8553065633774,-48.89502974115315,-55.79119794679418,-20.377324295979793,-89.18043089647138,-40.82400595496434,-14.63616552658283,0.11146321242992194,0.873871585450588,1.0
562.557141,207,5642.504721,207.0,391.5173347818997,68.27442121840475,79.58005839607735,20.249999999999986,-6.9200000000000035,-27.031004214286813,-29.13183195292949,-27.770389731891655,-10.25231593378277,-57.74261550011529,-36.56185208802261,-8.654663875930947,0.5916943993694984,2.449614813389723,0.0
857.955876,326,5656.110507,326.0,512.0074443654973,115.36084126366897,123.93626239374822,32.24999999999987,-8.410000000000005,-41.33406744003294,-46.28389533981683,-44.389798253805154,-13.320123944695968,-54.15768481570522,-31.780560282399364,-11.922542023206953,-0.27767105805366615,-1.8104152985099036,1.0
1108.432374,391,5672.624829,391.0,721.9150324138352,136.60827630363906,151.1646318298327,38.99999999999981,-10.77000000000001,-50.74546323299403,-50.115632720291615,-53.89305961052597,-20.057735271956115,-85.57422515890516,-44.38045185416122,-15.718999052108517,-0.47541837525236197,-3.7177716944734707,2.0
763.259945,275,5684.289886,275.0,495.88258286193127,96.76339951252542,105.27108323237353,28.19999999999991,-9.600000000000005,-35.789759063720716,-37.16422399543225,-38.66394317460906,-13.929220586537761,-63.41281051090711,-28.877194275975253,-10.419969468574608,-0.08730130710336742,-0.48015718906852084,1.0
810.124976,292,5696.55356,292.0,507.30769668043877,102.06535901738495,113.24067028426943,29.999999999999893,-8.630000000000004,-37.318275241851794,-42.80923894532027,-39.82038778896266,-14.969776116674138,-59.280609609532725,-21.413114531717778,-10.247347754981337,0.18351625674695718,1.07173493940223,1.0
609.06267,217,5704.935521,217.0,383.82618962693977,74.06656746153433,83.17803423408932,22.199999999999967,-6.320000000000001,-27.591453642845163,-31.152174216508858,-30.825829161936188,-9.766719694946845,-38.8851895763632,-17.700957335416163,-8.965797893243204,-0.11396132602215492,-0.49459215493615233,0.0
879.074678,299,5717.5467,299.0,583.9224252335005,100.09624448269618,115.170018905619,31.649999999999878,-6.800000000000001,-39.008764400482164,-37.00186748169363,-40.872734674193076,-15.757572033524713,-72.8874418119276,-26.235582099830854,-12.200047673231987,-0.2433910752281587,-1.4554786298643891,1.0
1079.294656,351,5732.763901,351.0,712.6251485417372,123.52914956228862,136.78886443804097,40.1999999999998,-8.190000000000005,-45.85763176918031,-44.15537177547813,-50.267338688812764,-17.80587734484991,-81.09366384901722,-23.02237241349018,-14.45625092308009,0.017421520345102158,0.12229907282261715,1.0
1870.976745,624,5759.280794,624.0,1202.6395080436796,216.3780453843207,245.2969664163435,68.69999999999975,-14.230000000000013,-83.21160556316389,-77.57672302499417,-85.05202704198695,-29.764876964168735,-128.76011958973513,-41.460137268483216,-25.982285743067663,-0.5541100704586244,-6.915293679323632,2.0
2379.955437,849,5793.943574,849.0,1428.3601841516788,305.33023934322773,329.8021744716744,93.30000000000068,-23.26000000000003,-109.21349438190447,-109.71029476150864,-116.1465165838973,-43.52472342179907,-131.94578916460316,-60.34857401659003,-31.6877687263446,0.17764498546281265,3.016411853158559,3.0
2135.889787,741,5824.924341,741.0,1323.1362335046701,265.4473560472496,290.9559601092862,73.04999999999991,-22.650000000000023,-98.38736182689674,-100.12175780758244,-99.84069151751115,-35.447884596046734,-111.03271990866968,-58.02450894277253,-32.19483827726469,0.08494678151588526,1.2589113020654197,3.0
918.103096,314,5838.000819,314.0,586.3458737763218,109.82767995691688,120.33878164495808,34.199999999999854,-9.520000000000005,-40.53745963096621,-45.927760249376256,-43.08103818730346,-16.826982571648085,-57.046662961274215,-21.161591679058077,-12.507744489603168,0.2600931127557727,1.6333847481062524,1.0
1470.090484,550,5861.248943,550.0,877.2231401704784,197.56711334021307,213.16422077631628,53.39999999999967,-15.030000000000015,-71.57486091136933,-74.4513401135803,-72.87808347303863,-26.08072882044726,-82.69342817782378,-58.71000452800836,-19.845544734734915,0.029941918658939505,0.32936110524833456,1.0
616.761518,225,5870.834534,225.0,397.7008490254021,77.33136066272557,85.25974556725672,22.94999999999996,-5.610000000000002,-28.063051304817204,-35.09043366163969,-31.716696343746527,-10.37007070615653,-50.8072021371586,-21.866656861056484,-7.956326357212863,0.3529363786493595,1.5882137039221178,1.0
1676.516568,604,5895.395097,604.0,1008.9608656641324,217.3414919370555,234.21654557609236,65.69999999999963,-18.75000000000001,-78.24098154067991,-80.45561863481998,-83.12058537420333,-31.595735399248866,-93.131638339653,-46.114883636029674,-22.292892001001526,0.11469092875915966,1.3854664194106487,2.0
2108.641145,748,5927.310605,748.0,1290.8486420891738,268.3305587104666,294.51653957144543,78.30000000000011,-21.070000000000014,-98.47601169586183,-101.11607783734803,-101.80382722197479,-36.07266905228034,-127.2589368777099,-55.87130568587289,-29.685767046928326,0.3336009712474689,4.990670529862135,2.0
2253.857095,883,5963.997171,883.0,1184.2890079110723,324.26795068624693,343.17084132548047,93.00000000000067,-23.97000000000001,-112.73821684837334,-115.225097593665,-118.06267790743692,-42.15577756252232,-75.42040471656037,-55.8511162261033,-30.447414282890392,-0.06703885171763486,-1.1839061213334316,3.0
887.183285,311,5976.739092,311.0,557.9818968276667,108.60123902980551,118.5036538948952,33.89999999999986,-8.460000000000006,-38.64144151687622,-41.12923880517482,-44.34412306184093,-16.0782608384102,-57.29338102357938,-24.7757884462505,-12.081271072805656,0.3415848694466131,2.1246578879579334,1.0
984.399947,346,5991.281747,346.0,622.7966178929163,121.1772800210225,134.39540108813495,37.64999999999982,-9.630000000000004,-45.18474893093112,-47.50698107928039,-47.12640773077739,-18.37043888148556,-70.18989406242541,-25.608604372796403,-14.002276899574879,0.12022520950978138,0.8319584498076872,1.0
728.094166,271,6002.922264,271.0,442.0086747764204,95.2606577114027,104.94586178467291,27.749999999999915,-8.870000000000003,-33.87086945533751,-38.45128874815998,-37.133464419315416,-13.273543211090967,-45.868511218173644,-24.594317743806542,-10.809033478100481,-0.37485987950966926,-2.0317405469424075,1.0
868.453901,300,6015.885977,300.0,567.375706091748,104.29352270898545,113.91871315915792,33.29999999999986,-7.790000000000004,-38.11343327999114,-39.90324442237616,-43.07852873234229,-15.50777545052424,-69.40234004845347,-24.50280059315333,-12.135918411600363,0.317275761334861,1.903654568009166,1.0
674.453067,244,6026.037587,244.0,439.22766896891073,83.79682245245861,92.98137685381835,25.949999999999932,-5.710000000000001,-31.038414149284375,-36.93884258344769,-34.83955279439616,-12.919687670922261,-49.721414773908066,-30.514279055198433,-9.820610042683988,0.21344970246901504,1.0416345480487934,1.0
1025.238633,385,6041.947023,385.0,618.6185519150042,132.63658521979252,149.68553312918655,39.449999999999804,-10.380000000000004,-49.589474530220016,-51.42984218392519,-52.489321450226214,-17.722606485237687,-73.62657831260488,-29.899031406685808,-15.015182763238291,-0.32021150522844605,-2.4656285902590347,1.0
924.288998,317,6054.625642,317.0,612.9460221788752,107.69178514904165,122.67693100595484,32.849999999999866,-8.620000000000006,-40.77630535125731,-41.792223482578976,-44.2170760098132,-16.454302925795762,-84.27542019046169,-19.857789403379275,-12.882623084862043,0.6258404376970081,3.9678283749990313,1.0
2103.417126,818,6089.066674,818.0,1160.584106140774,296.1227771368562,321.2855308754669,81.60000000000024,-24.36000000000003,-108.04643350601191,-111.32995611876258,-108.5900755712306,-40.419340652855375,-74.49537805550307,-74.63972884494154,-32.29437523420023,-0.08730709864794022,-1.4283441338803018,3.0
2726.767211,1000,6130.366552,1000.0,1557.814906191117,364.89727649427465,396.0539354228862,104.4000000000011,-25.990000000000027,-135.2793453264236,-130.96859748885038,-130.7129245067699,-50.631718940374256,-102.81336886656692,-79.86278095797931,-40.14017094787006,0.13041032836987612,2.6082065673975223,4.0
948.970728,353,6145.09181,353.0,561.0201157219371,125.88211190171452,134.55152571400288,37.04999999999983,-9.570000000000002,-44.750865225791934,-46.236932892352336,-48.86435018388076,-16.719630133934196,-57.338132699160305,-26.673849222409395,-12.379264698295152,-0.46729499128805907,-3.2991026384936974,1.0
423.203671,176,6152.474943,176.0,239.12550136466444,61.68167209016548,66.09113728432153,13.950000000000022,-5.43,-20.913561415672294,-29.019922952353944,-23.8646036453372,-8.038757024914945,-21.98357385201889,-18.91608203228723,-5.47813853083028,0.5263549843341495,1.8527695448562063,1.0
2638.930957,1000,6194.188007,1000.0,1425.050159479285,371.77580222188766,391.67235127917337,97.50000000000084,-30.90000000000003,-132.53695001602173,-123.78992466181512,-133.99885647469108,-46.89992043394669,-89.53761631097522,-54.576736816937625,-34.82735108169844,0.08906722603045918,1.7813445206091836,4.0
738.336533,354,6209.143597,354.0,327.38546585053115,131.1605064869924,133.64587560743277,26.399999999999928,-10.280000000000006,-44.522787256240846,-54.06133615002034,-47.09581748928518,-17.000332487669855,-16.527433273266904,-33.90622624552262,-10.861381821701318,-0.08008689481564436,-0.5670152152947621,2.0
491.822685,252,6218.73172,252.0,225.01894779197627,91.937543425422,96.73688853403577,19.199999999999996,-8.120000000000003,-34.68287056922911,-38.757939733192316,-34.02033099439447,-10.160738619447004,-18.957863581497467,-38.633888263594216,-9.73706343901438,0.20252943791488906,1.0207483670910409,1.0
1701.422419,622,6248.115377,622.0,998.2898855341672,224.4285470056964,240.23055614439434,66.44999999999966,-18.500000000000018,-83.4329052877425,-84.92107557058338,-86.14091401534188,-32.55670432177671,-75.74319116328533,-42.86402154765825,-25.817757752145777,0.09960882188653296,1.23913374426847,2.0
694.420633,252,6258.702697,252.0,435.00164514286615,88.0160973442201,94.08681000414275,24.449999999999946,-7.520000000000003,-32.144358882904065,-32.53158166706562,-34.680281628679104,-11.938997040473037,-48.15348248977966,-22.630114695548063,-9.5351032447708,0.49161437270174285,2.477736438416784,1.0
345.089188,130,6264.168965,130.0,221.59570251165925,40.54712609628219,48.43856509738885,11.400000000000016,-3.6299999999999986,-15.982564706802371,-17.623008925467733,-18.1343529223808,-5.345605314243696,-30.926529035551425,-10.695289602870567,-4.554855576464926,0.7035330085241691,1.8291858221628399,0.0
1558.892358,527,6286.122479,527.0,997.4066900918596,184.63884122099745,202.7198168907291,56.54999999999964,-14.270000000000014,-67.02351358413698,-66.97103517651558,-73.78474196371279,-27.336653004940647,-101.12713928537094,-39.40971714577272,-19.500189582294198,-0.5785251213851503,-6.097654779399485,1.0
1143.240215,460,6304.298105,460.0,608.7470208800463,166.59453705890382,175.20729406682673,42.14999999999978,-12.010000000000014,-56.81469747543337,-63.74083757475018,-62.67792696398415,-22.46782238819803,-40.725237070899134,-36.0384457458721,-14.983670195983889,0.02862517239800808,0.26335158606167436,1.0
1516.336273,533,6326.637887,533.0,924.7818639304345,188.16931317750078,207.93896440224995,56.84999999999964,-14.11000000000001,-69.72385527133937,-69.08448840603234,-73.10346956454286,-25.367355821727543,-80.8666759374067,-39.734408605118944,-22.41361469236648,-0.10420060759553784,-1.1107784769684335,2.0
133.986664,65,6329.369199,65.0,74.08764895400762,20.617119101457018,22.73943343351631,5.400000000000002,-2.6999999999999997,-7.780167293548585,-12.32816963493824,-9.406614999434517,-2.535542587708877,-10.291802224353136,-6.317993831800737,-2.4972467635592066,0.11368022270332616,0.147784289514324,0.0
602.473138,209,6338.053464,209.0,420.7478172074971,68.26977508197592,79.13765613583563,21.599999999999973,-6.530000000000002,-27.247292623519897,-28.209027051925638,-29.242431679429302,-10.855325480856077,-54.227469826837606,-31.42521606970606,-8.545348141111694,0.2842276445096074,1.188071554050159,0.0
1567.405508,519,6360.009733,519.0,1012.067816112714,181.09320964060228,200.11740457960795,54.44999999999966,-12.100000000000014,-65.19173933506009,-68.8061429593712,-72.88622962125261,-25.78368244984128,-93.40739277593646,-39.44208746255594,-21.705647883704952,-0.437506632980899,-4.541318850341732,1.0
891.178109,292,6372.155707,292.0,594.4812612896598,99.14100042928548,112.81548783282011,30.44999999999989,-7.320000000000001,-35.50652120590208,-37.867552892118674,-40.88626429267156,-14.842018971353376,-69.2401715613036,-20.901441931689327,-11.145669531679486,-0.030583651737597826,-0.1786085261475713,1.0
653.005152,266,6383.133656,266.0,349.4480759201024,96.44028588998643,99.22645986526183,24.89999999999994,-5.600000000000002,-33.660056762695284,-35.787000397592784,-36.43623140186715,-13.35269682358074,-30.91219169392095,-18.1238351019877,-9.137657710009215,-0.08773160765073335,-0.46673215270190144,1.0
560.459904,202,6391.032685,202.0,350.1005753142917,69.15227556050714,76.22553711230249,18.6,-5.970000000000002,-25.699613566398604,-26.173069476336238,-27.322371885246515,-8.373680123523284,-35.0429768900699,-18.897791908286827,-8.138980396471005,-0.024551822210786486,-0.0991893617315774,0.0
2715.829482,1000,6433.290323,1000.0,1523.588838611931,371.2583383822284,391.7014626343491,100.95000000000097,-28.140000000000043,-132.8004516029359,-126.50674963667991,-131.87814978385592,-50.90664021264224,-97.70922300794868,-63.60957998032994,-40.11836351694486,-0.053269410569249165,-1.0653882113849833,4.0
517.135074,180,6440.88817,180.0,333.2706577928256,60.873766615687664,68.60282480502562,19.499999999999993,-3.6699999999999995,-23.421754751205444,-22.60005353838205,-24.86555168874135,-8.804018978209312,-39.783110044036704,-14.29051073148776,-7.677175392830223,0.04478525492283442,0.1612269177222039,1.0
2900.997872,1000,6481.700893,1000.0,1734.124743618389,366.0963921433834,392.3087177876687,111.45000000000137,-24.12000000000003,-132.86427165031418,-121.35799289047723,-136.32658572576472,-52.56919479681334,-130.6884322067058,-65.25278098326923,-39.802722975198364,-0.18386896315679838,-3.6773792631359674,4.0
804.978345,288,6493.709218,288.0,524.3636218672624,99.09559284261928,110.80459549458621,30.899999999999885,-7.910000000000003,-37.650561327934234,-38.94021093845369,-40.589973540028055,-14.785469178633921,-62.16273555707861,-33.606332794081666,-12.540181731978004,-0.04514115314626071,-0.2600130421224617,1.0
1150.642164,396,6510.392895,396.0,744.3815702171948,136.73492290430767,152.674706437484,41.24999999999979,-9.270000000000005,-49.79372127056121,-54.12834391891956,-56.53203317231481,-19.017687582912206,-91.22313331251691,-26.15405578624141,-14.280060957133783,0.19575996363979792,1.5504189120271994,1.0
277.987929,132,6515.946235,132.0,147.81672408013637,48.597184554722524,46.0525572954084,10.950000000000015,-3.2099999999999995,-16.279265880584717,-22.756661953032012,-18.333865033681533,-5.733950317384773,-13.763278665284787,-23.267336204617536,-4.084179262890533,0.3392718053738997,0.8956775661870953,0.0
674.18091,249,6526.481138,249.0,415.03606262006747,89.361088834953,92.32813235404943,26.09999999999993,-6.240000000000001,-31.530879683494554,-33.20236047431826,-35.619918935261346,-12.287520102569491,-47.92897261382415,-22.31850381223231,-8.51621822739051,0.07908806872649853,0.39385858225796266,1.0
555.613735,206,6535.07485,206.0,362.9654070176023,73.02630596194584,76.92921017830393,19.64999999999999,-5.23,-26.69352344512939,-35.08643140867351,-29.682963181771736,-10.352392085918689,-41.331617156357105,-26.085049217457765,-8.49521157943642,0.5741034088009156,2.365306044259772,0.0
1531.916146,577,6558.448857,577.0,875.110802811382,211.69662373534055,220.2132707451902,59.399999999999615,-15.350000000000016,-73.65980347633368,-72.50366034358734,-79.5389822532166,-26.877711514120183,-83.229138132894,-39.00626072688685,-21.338994373530237,0.14691288672972982,1.6953747128610823,2.0
1348.589997,526,6581.002881,526.0,759.6335010061758,186.51157228083633,204.72553952384237,47.699999999999726,-15.210000000000012,-67.629287390709,-70.02087306603795,-69.21343439555035,-26.746319129650242,-71.93339388310613,-36.61207579999415,-18.615231877824336,-0.4595149038397583,-4.834096788394257,2.0
2843.181864,1000,6622.946622,1000.0,1663.6790881656045,364.3796688900106,394.986200018779,104.85000000000112,-22.77000000000001,-130.40007435321803,-120.61470097079871,-133.8608276333498,-49.41324979875733,-122.4143784016996,-67.1272305530006,-38.11263114922623,-0.14784726119998298,-2.9569452239996594,4.0
986.428732,348,6637.635014,348.0,629.8722372240761,120.45453957614046,135.35466786885448,38.69999999999981,-6.620000000000003,-44.71290056228634,-45.27783217430114,-48.83240060919806,-16.81237409353923,-79.96181787280766,-29.528361828096333,-14.207025463390439,-0.42152580750774193,-2.933819620253884,1.0
680.794015,246,6647.014427,246.0,435.62443191746496,85.3979698665166,91.70123518478793,22.349999999999966,-5.690000000000001,-29.942918779850025,-34.362811383605006,-35.16589577689008,-11.605605247711221,-50.70801047776786,-23.781795896492874,-9.022584317501934,0.31702465717727346,1.5597613133121855,0.0
1385.828045,447,6665.579722,447.0,946.8571822509971,152.9243895621676,173.7670680544437,49.04999999999971,-10.830000000000004,-60.141473388671905,-56.075689966976626,-61.5276503347609,-25.873516389156062,-114.07960893386549,-33.911137974529545,-21.331517461142152,-0.46367382799581647,-4.145244022282599,2.0
765.368952,257,6676.427986,257.0,503.351781043727,86.81703050905847,99.62637781285702,29.3999999999999,-6.2200000000000015,-34.237830567359936,-32.60869685709474,-35.92663593678007,-12.267096979360945,-59.00149363888896,-20.395585167072518,-10.168897998535716,-0.2580885636462781,-1.3265752171418692,1.0
670.013043,254,6687.104209,254.0,398.71225667642466,89.24582823041334,94.67827631314739,24.299999999999947,-8.200000000000003,-32.38904670238495,-32.39892584085463,-34.50882733193054,-13.191612097753792,-32.886276107690314,-27.48496416104085,-9.863666003539118,-0.19524477396153994,-0.9918434517246228,1.0
976.635402,368,6702.444229,368.0,584.0295768856155,128.23041942447486,141.28748937403975,33.59999999999986,-10.460000000000006,-46.69462577342982,-47.16420521065591,-50.41883914470339,-16.181785479591635,-56.797832352555126,-34.96677023248773,-15.828025562701098,-0.18298763136740498,-1.3467889668641007,1.0
1352.926198,457,6722.014377,457.0,863.9473924074271,158.62102946129335,177.55108451107114,51.899999999999686,-9.730000000000008,-60.478567509651214,-55.10255712792276,-63.25481655390297,-20.93766741723255,-92.517974581145,-34.574060590677014,-19.497664139913635,-0.48471341445664834,-4.430280608133766,1.0
1073.988331,376,6737.425021,376.0,670.350768909263,128.2025416781999,144.8457976216743,42.29999999999978,-9.940000000000007,-49.704040431976324,-47.260897900164096,-51.55932616642242,-18.255339020196008,-65.4663371239607,-29.647153758146427,-15.877683192124165,-0.5344981351318276,-4.019425976191344,2.0
555.800244,211,6747.246627,211.0,349.1586526105339,71.57729914380674,78.60548766862672,20.69999999999998,-4.349999999999999,-26.228939428329465,-30.819542872160675,-30.619826379792457,-9.291030091372761,-48.872149700975186,-16.74961610110899,-8.310091134783775,0.12585670414998004,0.5311152915129157,1.0
2772.723581,990,6790.44893,990.0,1636.036605040833,356.29197832851673,386.3202698520324,105.60000000000115,-24.330000000000023,-129.44844905376442,-128.1578953281046,-135.56071294380334,-46.717674136267625,-118.39180126222962,-77.52803410263965,-41.390705203476514,-0.21666555669912724,-4.289978022642719,4.0
1081.224592,395,6807.372404,395.0,637.7939118635582,142.76280324940086,154.95706202922042,40.0499999999998,-12.210000000000004,-51.52046993732454,-54.5232520818711,-53.02013569603727,-18.135085650518864,-54.36815648299469,-29.877062130680955,-15.685022675225595,-0.2903066753872595,-2.2934227355593504,1.0
624.705085,220,6816.232196,220.0,402.86474622356235,74.85109747168546,83.20851637925553,23.09999999999996,-5.4,-27.077099528312672,-28.91403769031168,-31.08345343112276,-9.397746554299177,-51.84979023376115,-17.489085007351264,-8.108063059882783,0.20154877910550337,0.8868146280642148,0.0
1373.447022,465,6840.140323,465.0,865.932026838134,162.4479118925381,181.71248448198466,49.949999999999704,-11.610000000000007,-60.24396891117099,-54.954706297442335,-65.29305100207014,-23.329347054315235,-86.64171953181801,-30.94383702284674,-18.578771567073208,-0.3946910070725987,-3.6706263657751683,2.0
707.618166,252,6853.021581,252.0,449.2658024710617,86.53825526275925,96.87353070902269,26.549999999999926,-6.23,-31.204139199256915,-31.541598265618095,-35.81090197314293,-12.798518086708945,-59.00172396001922,-17.74820044179924,-9.274340951535605,0.13184954883242184,0.664521726115406,0.0
949.110991,308,6867.181896,308.0,633.5219644113556,106.61448156657264,119.66649297573494,33.59999999999986,-7.5400000000000045,-40.197535052299486,-39.86611611247062,-43.59756062549975,-15.698832562677785,-68.37966931706715,-22.821514188365274,-14.190720154240346,0.16107606945168335,0.9922285878223694,1.0
1827.579282,681,6900.05466,681.0,1056.147100730022,242.5792683742877,267.07976060689015,73.94999999999995,-19.030000000000015,-86.90013041019435,-90.18565477728838,-90.79420712061398,-30.006454630364694,-95.1773443304567,-54.12832449854107,-26.954732258922032,0.27340183933776896,3.7237330517804135,2.0
1978.41391,694,6934.290122,694.0,1191.9182853106704,253.88400617180892,269.0836199127548,71.84999999999987,-19.840000000000018,-90.9624345874787,-83.68908615559339,-96.03153598890032,-34.73220192587451,-100.45058033785718,-49.42276230691367,-27.19340005121676,-0.017350215114149976,-0.2408209857844017,3.0
2808.587764,1000,6979.323907,1000.0,1642.9426082705463,366.65389918081354,396.04947830733937,106.20000000000117,-27.280000000000026,-132.73456036090846,-125.33798602744938,-133.6056162644661,-47.84057264018257,-117.11662784037557,-77.51775335701576,-41.825105525020035,0.10140612294188192,2.0281224588376383,4.0
2387.310714,863,7019.304322,863.0,1407.2144035593803,310.3150348076154,338.87757103883433,89.25000000000053,-24.290000000000028,-109.61479756951331,-111.38628844916819,-117.77770704250682,-44.36656136165275,-118.15242477604943,-64.1350631114445,-31.62345356560108,-0.14332204430400794,-2.4737384846871775,3.0
2248.847493,810,7059.793765,810.0,1325.4613212081126,299.00007672697916,313.90878617016347,82.80000000000028,-22.480000000000025,-103.17883172988883,-101.42437741383911,-111.25002763197885,-39.98491361063087,-113.68614091151758,-60.373517245633494,-29.944882284740395,0.03430995688704983,0.5558213015702073,3.0
494.246419,191,7069.011617,191.0,297.10570520530086,63.53536424317481,74.05029325678174,18.150000000000006,-4.629999999999998,-24.563905539512643,-28.119780063629157,-27.16047401067693,-8.670244361793893,-29.030939623105354,-19.447221759294656,-7.972378572911823,0.019610045399984156,0.07491037342793948,1.0
529.148104,195,7078.741283,195.0,333.09153819066546,65.21073433037863,74.45614338054038,19.94999999999999,-5.220000000000001,-23.71953971862794,-25.920982159674182,-27.9596970452848,-8.234347404890443,-40.96785674217432,-19.50786711660351,-7.030021290811875,0.30120018649694386,1.174680727338081,0.0
886.963321,300,7093.366053,300.0,591.0908558472709,104.14804560883555,116.27712167397033,32.54999999999987,-7.150000000000002,-39.657724819183336,-37.819724436104295,-43.500560259188184,-15.13623678795909,-75.22508663898492,-25.47607239413898,-13.137296866942771,-0.4942166052900985,-2.965299631740591,1.0
642.631327,232,7104.29956,232.0,414.49105347496067,76.14437453631042,88.32420909620751,24.14999999999995,-6.440000000000004,-28.96796324729919,-29.672817256301652,-33.03152950058054,-10.794819596551909,-60.71589708197377,-14.102836444228018,-8.752446775241618,0.7978758792182652,3.7021440795727503,0.0
802.06716,268,7116.282516,268.0,545.7172088290566,88.436085533172,102.184527814061,29.999999999999893,-5.930000000000001,-35.15311270236971,-32.79314425066114,-38.072624868549624,-14.41420500968037,-73.72441037148414,-21.000765413285688,-11.182399928127708,0.3492716249369485,1.8720959096620442,1.0
1147.611564,418,7135.440013,418.0,689.8636687451416,148.11950171299733,161.927199413272,40.79999999999979,-12.380000000000011,-52.42326670169828,-53.07634601108734,-57.50332131681397,-20.374549724671226,-70.27815747469221,-29.71530336624911,-15.347861691328651,-0.30584973302104235,-2.5569037680559137,2.0
974.605826,329,7151.23571,329.0,646.8473617072349,114.36061322961937,126.84866748310512,33.89999999999986,-9.560000000000008,-43.06824987888335,-42.2936190977693,-45.68574000523668,-16.60989985110129,-77.14057456154474,-27.123218738313383,-14.869514440017007,0.11405194632090754,0.7504618067915716,1.0
899.541328,332,7165.715366,332.0,530.1675315725913,117.00860882748397,129.0490203547483,33.89999999999986,-8.880000000000006,-41.78627965450286,-43.161553691327555,-44.87328161205766,-16.43413269482909,-51.0727167950121,-24.370032847989,-12.005835275543392,-0.27502995748205966,-1.8261989176808764,1.0
2515.688761,936,7209.068147,936.0,1469.9518797973076,337.0955102422771,365.8495116905742,86.40000000000042,-28.66000000000004,-122.71853336811071,-118.88617584370083,-124.10822234813187,-48.07287546071162,-115.47546139308216,-83.60947124207264,-38.077400589987604,-0.2853788941884168,-5.342292899207162,3.0
1266.634027,459,7230.790503,459.0,747.3562077508651,162.70138814814965,178.50362495990345,52.19999999999968,-11.77000000000001,-59.87431139469152,-56.42330099791285,-64.75569986500328,-23.236095784078493,-61.82566094795645,-36.938798809147464,-18.303325740631163,-0.12973003687916723,-1.1909217385507551,2.0
575.384368,205,7240.023735,205.0,350.31611182880107,71.1114312695882,77.08708852641827,20.399999999999984,-4.8999999999999995,-26.146674647331228,-26.848790777474637,-28.40748503576553,-8.557209071235366,-29.639205944873453,-16.695681386142027,-7.335216951926855,0.6364370086396481,2.609391735422557,0.0
915.02196,334,7254.502256,334.0,554.1324200838835,117.92659620905323,126.90300882506558,33.74999999999986,-9.020000000000003,-43.420205240249615,-45.53829064741732,-45.05644818576519,-16.519184717917963,-50.83515009369334,-27.520089517815485,-13.78069657139043,0.24223777728102844,1.61814835223727,1.0
1364.614435,500,7276.012961,500.0,842.3414675634434,173.67240292640534,194.28225362978856,48.899999999999714,-11.28000000000001,-66.56681655406953,-65.33344387412068,-69.14559121021618,-25.765319190839232,-89.70473089938795,-45.985275748165265,-20.800511784183193,-0.21694130745967027,-2.1694130745967026,2.0
2784.513598,1000,7319.492605,1000.0,1572.8148087969016,373.54739495316124,392.60587529022035,105.90000000000116,-30.78000000000003,-128.75045926570886,-117.46728808358296,-134.94098454372443,-49.65443847859806,-103.26233919897324,-59.718886606850674,-35.780084520661674,-0.07333059644678032,-1.4666119289356063,4.0
689.130219,250,7330.072632,250.0,446.5076862828248,85.36999446434983,95.84885495051778,24.89999999999994,-5.8100000000000005,-32.160727329254144,-34.70120263770222,-35.4337096752245,-13.000102637404899,-62.94237208566078,-19.59850896579052,-9.849693281796462,0.19111130023782721,0.955556501189136,1.0
2692.263369,1000,7374.985882,1000.0,1488.2649752604134,373.0878855874744,391.0180359177778,96.15000000000079,-27.580000000000027,-128.94518455028538,-118.55549840405595,-131.37233724399587,-45.45919610048268,-97.50843083750627,-70.43307594386148,-36.403804727613725,-0.00855908480651093,-0.1711816961302186,4.0
710.763563,232,7384.947006,232.0,468.29343994450045,77.7250665274253,87.53639941167967,27.599999999999916,-4.5699999999999985,-30.072844214439396,-28.24666791670024,-32.98052188018618,-12.282489966616497,-48.08560628769547,-16.422740142584875,-9.730472916884727,0.4813812806330448,2.2336091421373276,0.0
540.981044,191,7393.094372,191.0,361.9704228391494,61.59432433156223,73.0119686506566,20.399999999999984,-4.279999999999999,-24.92073574543,-23.770241597294795,-26.056250468152598,-8.663102194548697,-55.06983892063037,-16.314680011950905,-7.920822673804029,0.6467919969736079,2.4707454284391823,1.0
1481.434511,547,7416.587824,547.0,870.9931462340671,196.44960949419644,211.0222115511076,54.74999999999966,-14.460000000000017,-70.00537710189815,-73.53295276910072,-75.75038400649784,-27.7074238967276,-79.32014279793718,-36.9082764445607,-21.095898988291754,-0.32922154133012854,-3.601683662151606,2.0
367.672776,136,7422.599134,136.0,228.2015837106376,46.60446526270734,49.32633866840156,12.000000000000018,-4.91,-16.776908845901495,-19.45325969904661,-20.0058550875538,-7.033292239749888,-18.57518618525579,-12.13828539120273,-5.566823843394861,0.5170026648868506,1.406247248492234,0.0
1166.838425,394,7439.523185,394.0,742.4362768818468,140.45107620607712,152.03125955992016,41.399999999999785,-11.030000000000005,-51.17319135189057,-51.428851065784784,-55.25054360696582,-20.22832285153014,-67.38498044846497,-30.856398655405847,-16.12789971136952,-0.4005986978281463,-3.1567177388857925,1.0
1078.802864,393,7456.609162,393.0,648.7539888072688,140.8534407188227,150.35694975776858,39.449999999999804,-11.310000000000004,-50.47491988658901,-50.67735419794918,-53.407442246591295,-19.228669050793698,-63.78685187454969,-29.15083247853667,-15.575445151059716,-0.23948426211818885,-1.8823463002489644,2.0
1607.71288,611,7482.211167,611.0,914.1853357143981,220.8890111816305,237.56114650225544,57.74999999999963,-19.520000000000017,-77.23773843288421,-81.12317491918802,-81.9227539278008,-28.77871177199124,-68.90870554722136,-52.307845505362636,-23.87368286872918,-0.01833894393781937,-0.22410189492015273,2.0
1630.844902,598,7507.741472,598.0,975.2302475588715,216.27478417254184,232.68473222420482,61.79999999999959,-17.38000000000002,-76.6719895291328,-77.06280111074453,-82.00667543729904,-28.657051711728283,-105.28500113869327,-43.60975652724148,-22.471586831893894,-0.07051363876429986,-0.8433431196210265,3.0
668.631023,234,7517.780913,234.0,447.23913612354545,79.89110609797375,90.23370345839648,23.09999999999996,-6.6800000000000015,-29.318208861351014,-33.02086344063283,-33.330910770416914,-12.765732214411974,-58.77792319999109,-22.161184721835067,-9.778099929481563,0.4315255730705675,2.019539681970256,0.0
435.555446,159,7524.568172,159.0,265.3892730568379,55.17633026305487,59.06991005608064,16.950000000000017,-3.879999999999999,-20.49127377033234,-21.079956883937125,-21.919356628895937,-7.770993669569489,-20.634249860735622,-17.320317673414138,-6.933918675580472,0.46728449348991496,1.4859646892979297,0.0
491.594538,208,7533.417195,208.0,272.434666164429,73.67629835076644,78.36104554727238,19.199999999999996,-5.980000000000001,-27.16536353588104,-31.170099324733016,-27.729462185346637,-10.437463863256207,-24.489967716790368,-25.397070083375382,-7.70804538197551,0.3632496297367892,1.511118459705043,0.0
1978.642182,733,7564.002968,733.0,1131.242911720133,271.12873690276336,285.40086050841006,76.80000000000005,-22.320000000000018,-94.97014460086828,-96.57489926218986,-102.24959713091697,-37.68497709193748,-82.31747078529098,-54.90740455972201,-27.905833487158667,0.2551927508915272,3.741125728069789,3.0
450.953164,233,7573.962816,233.0,207.44639469227334,79.93934712015741,81.41178125704263,16.200000000000024,-7.340000000000003,-29.818126068115248,-27.9737123951316,-30.903689403871066,-10.58961700968296,-9.329544701193134,-44.179344520900855,-6.910325105668591,0.2524516008223849,1.1764244598323137,1.0
888.721051,335,7588.468122,335.0,504.4074970180694,125.18585733613627,129.11156930402268,33.29999999999986,-8.270000000000003,-41.15640602111816,-41.434691553655995,-46.414010967961445,-15.708815088922353,-43.94642578094255,-30.489412323476373,-10.864111061106767,0.36386332228903484,2.4378842593365335,1.0
372.212644,192,7596.942787,192.0,153.90647188181777,70.07377049458515,69.25059215673332,13.20000000000002,-6.560000000000004,-23.86785031318664,-30.17118350416423,-25.45932643860495,-8.248093020845316,-8.093732312262913,-17.958475973564358,-5.859529096950413,0.08094749609946926,0.3108383850219619,0.0
1002.165488,378,7613.371118,378.0,568.4672916272456,135.8803015854275,144.292042987883,38.399999999999814,-9.740000000000004,-47.5869147014618,-51.235456486046324,-52.15049129756614,-18.944599736128016,-39.75865780001533,-29.178566766187007,-14.27946150008855,-0.4312994170291055,-3.2606235927400378,1.0
735.839666,260,7624.724326,260.0,489.5841290531186,85.84458406672512,99.26826405146983,26.399999999999928,-5.930000000000002,-33.54247523784639,-31.177241104096165,-36.93714877169625,-12.11019517848732,-69.18498461551542,-25.135297863583837,-11.239968167345296,-0.1700342120886699,-0.8841779028610834,0.0
787.557446,323,7638.83211,323.0,425.8898568523518,115.56575581664431,121.9344699141265,28.499999999999908,-10.830000000000007,-41.751146893501264,-44.411270681023616,-43.87378365740035,-16.136351285615994,-23.517110310116678,-34.15001882346865,-12.662954860729899,-0.03823799312472878,-0.2470174355857479,1.0
672.368538,245,7648.459451,245.0,407.3527045962786,88.67429935838832,91.58443636595169,22.499999999999964,-8.260000000000003,-30.560371298789974,-32.76481212377549,-34.16299434713406,-12.856808421179943,-37.86454792895842,-17.381862705118813,-8.891505106437664,-0.026764854248485383,-0.13114778581757838,1.0
1047.593735,350,7663.192943,350.0,691.5958027616451,122.0684644610487,136.34592646984473,37.79999999999982,-10.190000000000007,-45.74038894653323,-47.27257038541138,-48.498288237729625,-16.772989440914323,-69.10687678575576,-36.74296665334526,-15.89237866918683,-0.11429907732903623,-0.8000935413032536,1.0
2774.654389,1000,7706.289257,1000.0,1579.7005225745552,365.75200897764796,394.68809221111707,112.2000000000014,-22.87000000000003,-131.9633566379548,-119.82438922896992,-137.51066496696774,-47.56708768433252,-105.45389687571917,-73.60573153516815,-38.89110762926087,-0.032483430544298746,-0.6496686108859749,4.0
336.80941,166,7713.268623,166.0,156.35885814975828,56.37199092418887,60.8636459897595,15.150000000000025,-4.750000000000001,-20.07656702041627,-29.134057334065435,-24.6943286084908,-7.738206828181522,-6.218690130050752,-19.125856265202092,-6.197379229905399,0.40091932872118863,1.3310521713543464,0.0
714.424427,262,7724.38163,262.0,470.92360248069247,86.40114232031031,99.90440618696702,27.449999999999918,-5.36,-33.57401127815247,-32.803353346884236,-35.894428943833354,-13.72825573971795,-78.9586865307707,-21.799385300115638,-10.136602941667324,0.05264692003326274,0.2758698609742968,1.0
992.369238,354,7738.693325,354.0,613.2405620998761,125.4985651886767,135.53960421428644,35.54999999999984,-9.050000000000004,-45.03170007228856,-44.21421287059785,-49.08751817075497,-17.202640091575244,-67.30857095252446,-25.16265778980367,-14.402193407988161,-0.18493075536277337,-1.3093097479684355,1.0
1692.647002,594,7764.465279,594.0,1032.3350239035663,213.77893058478105,229.61185754698357,64.7999999999996,-15.620000000000006,-77.05401469230657,-68.76617144122721,-82.57104960640774,-30.19836123233665,-98.04503955321518,-44.36533397454044,-25.258839839205617,0.09511122177045923,1.1299213146330558,2.0
276.549842,132,7770.219611,132.0,128.56758483091727,45.46598020735921,48.701118267827745,11.400000000000016,-4.239999999999999,-16.455835876464842,-21.206299701333048,-17.58286757304663,-5.569239844313627,-5.580272262615136,-14.967852597381219,-3.9824737842143323,0.4526690686004505,1.1950463411051893,0.0
2598.783552,1000,7813.075313,1000.0,1386.4563323945183,372.1414354131932,389.5000248844508,101.25000000000098,-26.82000000000003,-129.10119490623478,-120.76831189319495,-135.60062616207438,-48.96985092208722,-85.92548026365913,-66.50848794924896,-36.870288275980585,-0.056625313617243614,-1.1325062723448722,4.0
792.246343,313,7825.637094,313.0,465.00746934531867,109.42365324106727,119.42301679082651,29.2499999999999,-9.140000000000004,-39.88647166252135,-45.484211518615496,-42.44883006042541,-14.77537642188844,-44.68097063322934,-34.45426426359426,-12.987672139992533,0.4706498370940771,2.9462679802089227,1.0
2217.099165,769,7857.896185,769.0,1368.9732759739838,277.6888525548717,295.75432516288134,83.85000000000032,-17.00000000000002,-101.02405903339384,-89.91181098185473,-106.00239257624347,-36.60335610292647,-129.92366399503666,-66.40916861586531,-31.292837435801612,0.06896828471060248,1.0607322188490662,3.0
1425.571366,483,7878.078803,483.0,897.0738833859599,174.02937527482953,184.56040144097966,54.74999999999966,-10.380000000000006,-61.371028380393966,-58.72520881444216,-68.67627280546152,-24.525861798575164,-85.69869224609984,-38.752500577107156,-19.712729519735856,-0.09418896066724709,-0.9098653600456069,2.0
1929.820582,708,7907.145359,708.0,1128.7679968092316,254.9530568709134,274.1515447286608,73.34999999999992,-18.060000000000006,-92.52481052875521,-86.4556278735399,-97.8716205957003,-34.77119062058699,-97.08583905597882,-54.151289922914316,-28.481637595542832,0.06930182132422014,0.9813137899509571,3.0
1379.922057,458,7926.669302,458.0,890.2818276888847,162.710999323996,177.33835961029635,50.5499999999997,-11.510000000000007,-58.23251385211944,-54.984745707362855,-66.37762792672098,-24.345538167534258,-83.26670706093346,-40.95171676454341,-19.29027998598404,-0.255194572267055,-2.337582281966224,1.0
1513.932585,533,7949.110765,533.0,943.1586784101584,193.46253530570038,203.84267477910612,57.299999999999635,-14.230000000000011,-68.38170848846438,-67.29728050678962,-72.68028248052563,-25.846272077907138,-103.20889824374477,-43.93374359405026,-21.253117963256912,-0.2651533852555944,-2.826535086824636,2.0
1182.154982,433,7967.411011,433.0,710.6779854454601,153.97553624810877,167.90102193039561,43.19999999999977,-11.31000000000001,-56.43573212623595,-53.85086002461614,-59.85782050661387,-20.745493696869005,-70.41692904025982,-36.08976381046504,-17.892962128790412,-0.07044716817804637,-0.6100724764218816,1.0
2784.55379,1000,8009.40215,1000.0,1614.6909110444642,363.1145397302181,394.18666091064904,103.50000000000107,-26.58000000000005,-133.39025318145752,-113.99774516224865,-136.15797361874522,-48.74795557932481,-121.43455943257004,-69.34151472346869,-41.288320176580214,0.16118198647320697,3.2236397294641397,4.0
1288.030024,509,8030.964369,509.0,696.9700269837634,185.55128864013042,195.3277855066129,47.699999999999726,-13.02000000000001,-66.07706269264217,-62.82168941795823,-65.74035057472466,-23.897619654059064,-48.76831154426351,-48.13564287111573,-18.05840014959435,0.23250007194981073,2.3668507324490733,1.0
903.002873,306,8043.978157,306.0,586.7084682867364,104.79070809759921,117.27178684925696,32.09999999999987,-7.980000000000004,-40.33776840209959,-38.39608489274979,-41.90881833723453,-14.065927193533765,-70.35885173384736,-17.78359408761378,-13.037045924615205,-0.24678168963739316,-1.5103039405808463,1.0
929.41069,352,8059.252122,352.0,546.8831313002264,124.63561540721494,135.0594683645453,32.69999999999987,-10.120000000000005,-45.14572568416592,-46.9314502924681,-47.960892483165665,-15.754183396467244,-55.1000458905883,-26.544429978285844,-14.310797796780006,-0.28581238379720747,-2.0121191819323405,1.0
602.977317,291,8071.302487,291.0,250.64721458170015,104.3477987524572,109.66970878020878,25.04999999999994,-6.8400000000000025,-35.44423861980439,-41.06544944420459,-38.76489768897265,-11.951751888684697,-10.432537043508754,-24.492006910467417,-8.746523725591922,-0.1872050798658427,-1.0895335648192046,1.0
1088.358459,395,8086.725731,395.0,647.8430417079704,141.0200682978853,150.34574436257253,41.84999999999978,-12.300000000000006,-50.353332519531264,-50.57005962580442,-55.075714650314126,-18.161608938615423,-56.990258780488475,-28.96366164204266,-15.285759044316103,-0.29282492666221355,-2.313316920631487,1.0
832.776393,274,8098.246336,274.0,567.939268125893,93.52538781020047,104.63366447350391,29.849999999999895,-6.630000000000001,-35.832145371437086,-34.89736288040874,-38.507279798138796,-13.852291670893615,-64.31562055611386,-31.236003287076674,-11.90122382342003,0.39697052317382486,2.1753984669925606,1.0
780.199535,279,8110.05019,279.0,484.62900556317766,97.00412527239949,105.66430635327264,27.29999999999992,-6.490000000000001,-34.47392700195314,-37.120731598883864,-39.219080264233924,-14.563866308118126,-48.85077478431614,-22.140241095975792,-10.53928070891289,0.5206789496781118,2.9053885392038636,1.0
1183.115973,393,8126.402512,393.0,761.8129287968375,139.24197886048609,152.38931534122858,42.449999999999775,-9.450000000000006,-51.6577997112274,-49.45584482401605,-54.119826035592,-21.697385872300927,-70.88277232221357,-32.15989921938794,-16.354721824690646,-0.1878870083384998,-1.4767918855406086,1.0
914.81694,319,8140.13809,319.0,585.1835155917521,106.41546347662354,121.53512415691127,34.49999999999985,-8.510000000000003,-40.917452082633936,-38.09245903491978,-45.813422109920005,-14.483340542269666,-68.82626269774548,-22.966118330713595,-12.208108922967535,0.7632488964808146,4.8695279595475975,1.0
1832.047101,667,8167.356288,667.0,1060.602294716447,242.2318369400876,257.9162927949022,72.7499999999999,-19.77000000000002,-83.93216733932503,-81.71603628322458,-90.7968135307714,-32.04000022522209,-83.28124227048713,-49.87436274458887,-27.04270104933581,0.16033133836534083,2.138820053793647,3.0
642.963585,218,8176.684015,218.0,421.9011071707908,70.68082244343987,83.60691315337556,22.499999999999964,-4.6000000000000005,-29.250077280998227,-26.10557431392371,-31.156978123658018,-10.277215539219181,-44.963600851512176,-17.815026699144102,-9.556785330858055,0.9294850414081508,4.052554780539538,1.0
983.149411,331,8190.889863,331.0,632.7887744156278,113.65282744217174,127.89119831403096,37.04999999999983,-8.570000000000002,-43.885197663307224,-37.13572428300976,-47.080500491527076,-17.465176178043546,-69.95696716452822,-20.86827936264216,-14.271543712324034,-0.07822123112836063,-0.5178245500697474,1.0
674.472324,238,8200.849373,238.0,420.60172666482407,81.24106922324904,90.50163825158337,26.849999999999923,-5.820000000000002,-29.54854492664336,-30.17113755047322,-34.03048245755143,-12.021448378437688,-40.08800592472373,-21.28574571153931,-9.756745272296627,0.22576661481512364,1.0746490865199885,1.0
808.179108,283,8212.687197,283.0,530.8718823965673,91.63623070139853,108.21754877588901,31.34999999999988,-5.789999999999999,-37.34956259727481,-33.87679348737002,-39.87132801377585,-15.09876855186017,-67.86181638423534,-25.783426371882843,-11.264858304960214,-0.2288451064149974,-1.2952633023088853,1.0
2663.319656,966,8253.017318,966.0,1562.208672468734,350.8485908916559,377.2169019426321,106.35000000000117,-23.26000000000003,-125.8602341318131,-115.71937014330179,-131.26595078137623,-47.623532658299546,-146.4666768261165,-68.83069498097385,-40.278049699677155,-0.049433330017998926,-0.9550519359477393,4.0
1744.927939,585,8277.457883,585.0,1127.8882240348025,204.4066822150121,228.00041809993616,65.99999999999964,-13.740000000000004,-78.94680572509762,-69.99997823983433,-80.88529910018265,-30.96779580061103,-113.49871532086094,-50.13989071232323,-28.188900903417487,-0.31589009471951124,-3.6959141082182816,2.0
1699.294918,587,8302.298389,587.0,1070.5676167651052,205.48896372234626,224.86469763736937,61.79999999999959,-13.180000000000009,-75.07455179214473,-70.80755291935054,-81.80491843450544,-27.93802719407635,-101.78444933638454,-56.10526127697916,-23.73159903785161,0.17546951054920504,2.060012053847667,3.0
2300.156423,850,8337.086483,850.0,1308.0367108388043,307.2576133726006,328.2159562953001,88.6500000000005,-20.90000000000002,-107.73894606113423,-98.16022663265461,-116.1794852038139,-42.12003626413796,-103.09618374851549,-62.06771777587619,-31.74126207712768,0.3155495740221447,5.364342758376459,4.0
2750.366666,987,8378.611175,987.0,1604.5346808698182,359.4597334896988,384.17265451917245,106.50000000000118,-25.640000000000036,-126.31249845981584,-116.35485805384806,-134.51206972752752,-47.54068263338203,-134.78648529666614,-66.44767801292407,-39.706131059509396,-0.22405360201706317,-4.4228181038168275,4.0
2061.603539,783,8414.713051,783.0,1161.0546352104918,283.53364656855337,302.315179752312,78.0000000000001,-19.450000000000017,-98.78131324291219,-92.90550659969442,-107.53105327846117,-35.840036653557455,-98.76726268925343,-63.32299243495776,-29.701757690793972,0.21863001932786505,3.4237461026743667,3.0
2479.709997,1000,8456.007293,1000.0,1249.713640431236,374.92319748013335,391.0774545767521,93.9000000000007,-32.56000000000003,-128.00494340896603,-119.58630730137226,-133.61391184897658,-45.01439959359011,-68.71765218278865,-64.5804523932505,-37.82662840918369,0.03503950079521518,0.7007900159043036,4.0
692.97654,245,8466.510525,245.0,453.12900382627424,80.35952684158269,93.46655827706752,27.29999999999992,-5.840000000000001,-31.571512613296502,-27.900774327665573,-34.48953003862322,-11.81273075849878,-61.97121211876684,-22.507246091521743,-10.1855425903801,0.6402595638777804,3.137271863001124,1.0
2158.32316,736,8497.898294,736.0,1342.70325246247,264.8409504861797,286.0813326840176,83.2500000000003,-15.500000000000016,-95.28933237552637,-87.35433294773107,-101.74935013251152,-37.61834743615549,-128.45772932016607,-57.96472876142437,-30.61855497455625,-0.2850693828873842,-4.196221316102296,3.0
386.347119,143,8503.273974,143.0,260.26483780667155,46.32589020732411,52.22897691633655,14.250000000000023,-3.1399999999999992,-17.32085548877716,-21.110495646297927,-21.208037208478757,-6.689618147831382,-41.103751270611205,-13.132420538353674,-6.017407691099524,0.16105338794691612,0.4606126895281801,0.0
1787.675917,660,8530.982747,660.0,1018.585110398751,239.01517584261532,251.14331596170854,66.89999999999968,-15.440000000000008,-82.34687437534332,-76.29318411722782,-90.94358120734718,-28.469095961544554,-78.48067477662805,-50.800750591904766,-25.193524142729434,-0.1611956449565272,-2.127782513426159,2.0
187.772353,102,8535.308432,102.0,89.10726937774098,34.921079913505324,35.62206522782711,4.950000000000001,-3.32,-12.265142354965208,-17.3699495665729,-13.933543816295222,-4.469871110048361,-9.400735827167166,-14.861101045615978,-3.2077177892866158,-0.10043225058741256,-0.20488179119832164,0.0
2517.897548,910,8574.285552,910.0,1462.9453216895363,329.2720226516506,354.82949001072774,97.65000000000084,-22.700000000000028,-115.93679158687573,-105.89230644404888,-124.20347770753993,-46.19958179628801,-120.70032743502689,-66.01918120216075,-35.14762024888962,-0.04061146168674728,-0.7391286026988004,4.0
2698.616042,1000,8616.036198,1000.0,1487.746004651864,371.6130969868157,392.79766734111263,107.1000000000012,-28.600000000000037,-127.67506690502158,-117.89935044720775,-134.38153954493947,-49.681893212607456,-94.11039138005367,-69.65884161980486,-38.633643648743075,-0.05247490930023226,-1.0494981860046453,4.0
2722.009723,1000,8657.88293,1000.0,1526.4416238257863,371.0115582389605,392.84387475491076,105.30000000000113,-27.77000000000002,-127.71921459197992,-121.66115695014602,-131.47660904341902,-48.09355920142671,-99.7518093398945,-76.44652488812334,-40.668459481632055,0.21940325993379034,4.388065198675807,4.0
1623.693349,641,8682.635996,641.0,876.9775429166339,236.05258611346608,245.91848618783055,64.49999999999959,-16.270000000000007,-78.97425102710723,-82.98678685575729,-87.54842019091369,-30.150501921579185,-63.78093371733538,-57.392081880251055,-23.65229029241617,0.1765426439727668,2.2632766957308705,2.0
2759.641901,1000,8715.2026,1000.0,1566.6276824375016,369.5253748621681,392.1037007411942,103.95000000000108,-24.580000000000034,-131.11550096988663,-116.75898197311902,-137.4307818747482,-46.159162975908636,-106.58559618878878,-69.59111295530063,-40.34372037471797,-0.16021779195086155,-3.2043558390172313,4.0
1577.658591,583,8734.063994,583.0,909.8993407441329,209.61132135688652,226.71668560809985,64.04999999999957,-16.54000000000002,-73.44922394275669,-73.37703375667334,-79.61493411860951,-29.508988086719818,-83.0346170494735,-37.92186103840389,-22.17209843377386,0.0566764555477321,0.6608474716865563,2.0
556.247094,203,8740.634538,203.0,337.6916817166348,69.61382603781747,76.28109825170708,19.499999999999993,-5.319999999999999,-26.16408744335175,-23.69306709915397,-28.655995931631015,-10.018499393777407,-31.32352446946496,-16.669901397173106,-7.994436361534457,0.29392367776407125,1.1933301317221294,1.0
390.810265,138,8745.140148,138.0,270.10739433797676,45.40054226174237,51.54316938111128,13.950000000000022,-3.479999999999998,-16.70906808376313,-19.49542421847582,-19.5615304846938,-7.418599422270294,-39.05335480988185,-17.153888839309,-5.318974641898577,0.5957396071933535,1.6442413158536557,0.0
1849.150095,680,8767.41645,680.0,1101.7462536082712,240.78009977211352,264.5476301462189,71.09999999999984,-14.290000000000003,-87.09337355613711,-82.93858124390246,-92.99355941656168,-31.97106026249974,-112.11328436834133,-60.71725608369212,-26.906773934063054,-0.3082326682782916,-4.191964288584765,2.0
2910.89137,1000,8799.98464,1000.0,1728.7036868456767,368.74407386884485,394.09482510815366,111.30000000000136,-26.250000000000025,-129.47074598789214,-120.09210346247993,-135.86658194350957,-49.60852986503534,-130.83940181184775,-58.124953053597295,-41.69889957220403,0.07618760322103363,1.5237520644206726,4.0
2647.682183,1000,8832.560757,1000.0,1419.0992887607752,372.46448266171075,391.6238871323957,108.30000000000125,-22.680000000000028,-128.9859086656572,-115.26277249157418,-135.98308176747375,-44.951306037085295,-89.1728403238339,-66.87400914998253,-39.89555666276839,-0.09552392440439036,-1.9104784880878074,4.0
2325.693985,916,8862.268342,916.0,1235.2657503596631,335.1121619773755,353.5857721688854,89.10000000000052,-22.880000000000035,-114.96700603485105,-108.62507045865037,-123.64586568544347,-41.204175802439266,-90.0661475928038,-67.95184241591267,-34.029591468595825,-0.037295087740018405,-0.6832460073971373,4.0
2540.04514,879,8890.81663,879.0,1547.3922174666018,312.94524558699584,341.13021755042644,98.70000000000088,-21.420000000000034,-112.85983941555027,-100.9577966056764,-121.49264030387432,-44.63604944617493,-142.77297003791506,-59.31173457801041,-35.671510525845896,0.14859202844967342,2.612247860145259,3.0
941.660046,309,8900.91359,309.0,631.6834527752305,104.99026464506368,119.11085673226728,33.59999999999986,-5.99,-40.731310544013965,-33.9985156364739,-42.79883565167144,-16.057938952006115,-75.05525058504098,-28.307461915163522,-13.785215137838845,0.020637734691369702,0.12754120039266476,1.0
686.866351,242,8908.813899,242.0,453.1664960267794,81.14959014893664,93.75796516677643,26.549999999999926,-5.920000000000001,-31.98549399375917,-30.123264963924893,-33.550151037926675,-10.219482995887454,-68.18108852334413,-18.22686089285165,-11.551357963096246,0.06635456525367896,0.32115609582780613,1.0
2632.676386,1000,8941.338763,1000.0,1397.6081576143404,371.3792923515972,395.2867799806393,103.80000000000108,-24.15000000000001,-127.17844859600058,-113.41090922057623,-133.27189928009614,-46.63709314658307,-84.6731385792869,-67.43252512393573,-38.643829897708336,0.1649773135597596,3.299546271195192,4.0
423.091528,226,8948.67547,226.0,176.8234309553462,79.11231468190013,80.81099393441704,12.90000000000002,-5.760000000000001,-27.665415415763853,-27.20041574984788,-31.03981006574275,-9.535118850817257,-14.57407492981029,-30.242415040617608,-6.5379613662917695,-0.1299309887508006,-0.5872880691536189,1.0
1052.228224,411,8962.127035,411.0,589.1041763913709,148.19688179359443,157.90856686509548,40.79999999999979,-12.98000000000001,-51.42047964572904,-52.23876585960386,-55.90875045294181,-20.155955769740057,-55.01630467104325,-31.838124509957087,-15.22302056053176,-0.13587296932645498,-1.11687580786346,1.0
501.579299,217,8969.208719,217.0,282.6910969471146,75.13521974491672,81.01957854350327,20.099999999999987,-7.090000000000003,-26.59377886295319,-29.399600012600413,-29.88184128712377,-10.466637230894323,-37.805716688472295,-25.581430465828838,-7.54759210636242,-0.35176841302125167,-1.5266749125122323,1.0
451.393257,200,8975.712047,200.0,232.7935593804163,71.39493315205131,75.88618196127986,16.65000000000002,-6.530000000000003,-25.55798998355865,-32.046434977650634,-28.28778592130306,-9.894204344749944,-13.347253247109345,-20.413112795045567,-9.254636690531123,0.3461698620509701,1.3846794482038804,1.0
1756.654697,675,8997.707972,675.0,960.2440870702469,241.50171375628136,259.72151522789017,67.64999999999971,-15.550000000000013,-83.93370975017545,-78.14477792903784,-93.46157666841685,-32.38358032404447,-64.0805921084686,-54.79787290977466,-25.110508873507445,-0.4548080866808184,-6.139909170191048,2.0
1327.039785,475,9013.102734,475.0,787.5646113607023,168.21239898253506,182.7973335361055,52.049999999999685,-10.440000000000008,-59.14756719350817,-56.70236047282814,-65.7165120791292,-22.004129764546608,-70.30092239488525,-36.930139564677155,-17.34292766843142,0.2938995857568388,2.7920460646899685,2.0
429.900608,222,9020.346997,222.0,176.77062751579018,80.15833906722271,84.43679818186175,15.150000000000025,-4.489999999999999,-27.866669635772695,-29.22226780131459,-29.8848659046873,-10.335964835303333,-6.785869471937898,-32.45742884826692,-7.572090196320491,0.16016617966176813,0.7111378376982506,0.0
1271.064077,435,9034.493665,435.0,815.814333091091,148.64496202317977,170.7231708394577,49.64999999999971,-9.320000000000011,-57.77199251174926,-50.782031306996885,-58.92581623775182,-21.351337514299257,-98.42991840044782,-31.580887371351672,-20.606405515773055,0.4675853165036474,4.067992253581733,1.0
1424.913239,525,9051.485617,525.0,824.2493136554717,188.0493775508256,199.33389104549912,55.49999999999965,-10.66000000000001,-65.8543586540222,-60.5747465081513,-72.07744810294665,-25.03691444108177,-72.92280275903511,-39.90493723053602,-20.18813544144832,-0.023092743986818362,-0.2424738118615928,2.0
1362.716176,567,9070.071036,567.0,703.9512632302883,204.52432922326037,223.09637930704412,53.39999999999967,-14.360000000000008,-72.03840000152594,-70.29503669105468,-74.37717644190161,-27.654349601784034,-41.7559067428523,-69.02388800971501,-19.751038163645088,-0.015754452111695287,-0.17865548694662456,2.0
2552.781821,1000,9102.651531,1000.0,1327.106128402054,368.13429534169745,394.237591157374,101.40000000000099,-24.69000000000001,-126.75776972770703,-117.69357402026657,-131.5363500605078,-48.17377476531324,-78.24436880717452,-75.13281778499889,-35.867538409460174,-0.15200039358559142,-3.0400078717118286,5.0
1095.301258,544,9120.325405,544.0,447.205471862588,199.83903520910923,212.23690058388624,40.94999999999979,-15.850000000000012,-67.91572493553153,-71.12662521637978,-71.27830729230634,-22.32369951780742,-28.53271635912855,-52.67094021321941,-19.232136595922384,0.08467227958760754,0.9212344019131701,2.0
1194.682512,426,9134.249928,426.0,730.2752281795301,150.22564600305816,164.5211675584957,46.04999999999974,-9.580000000000004,-54.946715750694324,-53.54862246736883,-61.07905502057363,-19.80923997968286,-70.41556391496474,-35.603377569079825,-17.40695547832105,-0.513043909374122,-4.37113410786752,1.0
466.282674,162,9139.423787,162.0,314.47520758551036,52.643964235077235,60.587195127152356,18.450000000000003,-4.209999999999999,-20.745448842048663,-20.3252657495439,-23.406453848984167,-7.968750147682888,-48.24173031904292,-10.5503464895462,-6.425697695813754,0.5510772681364198,1.7854903487620002,0.0
2532.181959,991,9171.641602,991.0,1379.2716281433345,359.1401048385465,389.6100338242358,101.10000000000097,-23.730000000000025,-125.22712259292614,-125.45324120484287,-132.1940174830846,-49.57893971899597,-113.42713140148248,-80.09775024349612,-38.23160520568214,0.3088312616741399,6.121035606381453,4.0
133.778682,92,9174.627309,92.0,42.17210146300173,29.911293115685584,33.80382476326982,4.800000000000001,-2.0,-11.961499905586242,-15.400724917650226,-12.517216848844322,-4.4272494875297195,-1.6321131028205902,-17.62430584705692,-3.345427462874333,-0.10219819275629645,-0.18804467467158548,0.0
1162.237721,423,9188.356201,423.0,686.8060063386846,148.93833716469288,162.52286361904046,44.99999999999975,-9.520000000000007,-52.54428093910223,-49.885034560412166,-58.49770524688625,-20.133455437515128,-67.25564138603067,-31.030353217001117,-15.163015187366014,-0.09296151961312996,-0.7864544559270795,1.0
545.076618,194,9194.605807,194.0,346.1687275036386,63.69362721946292,72.53096895437221,21.149999999999977,-4.57,-24.048197898864746,-24.125697767734525,-27.550181483273672,-9.06280836793444,-35.37333071089814,-20.019133116421045,-7.717356625116569,0.6711284145211992,2.6039782483422527,0.0
1693.064395,609,9214.391669,609.0,980.5904762610763,217.38712008678195,235.50416651884376,65.99999999999964,-14.570000000000011,-76.07924568653115,-69.56225328743452,-83.34508361087552,-29.27003851791185,-80.17097672891643,-37.73942780736492,-24.68034210950479,-0.19147485246012674,-2.3321637029643436,2.0
2861.304267,1000,9246.998155,1000.0,1670.5534157093987,366.7772606599774,391.585283748585,108.60000000000126,-23.61000000000003,-125.22019211292272,-114.74649138338866,-137.52453223275936,-47.73860531243238,-121.9016778910907,-63.59706527322632,-41.87312923788475,0.016539954359456533,0.33079908718913065,5.0
1437.488698,518,9263.83692,518.0,851.2763346408019,183.98950907139667,200.88264319681215,52.949999999999676,-12.580000000000013,-65.2715348958969,-58.772805832326455,-71.01680616200527,-26.934766058532965,-76.91266794581156,-37.48086945223903,-20.64033851757338,-0.1963117940602258,-2.033790186463939,2.0
2937.50505,1000,9296.33394,1000.0,1787.376230466581,361.3185593607572,393.2736546709968,113.55000000000145,-26.490000000000023,-129.51720736503597,-115.24832141622898,-139.74617949968984,-50.273369493666344,-141.11942596787236,-73.61587770539735,-42.00301323366069,-0.0670604530792629,-1.3412090615852579,4.0
1952.705973,699,9319.177248,699.0,1159.0283497130786,250.4077993333881,271.240203702215,72.7499999999999,-19.80000000000002,-87.52612557411194,-85.92088578417892,-97.03611997650953,-34.29296334366278,-96.13423894507426,-51.43745288397355,-27.572592959401522,-0.30255264328933323,-4.2296859531848785,3.0
1184.480844,510,9335.723801,510.0,569.6201487036174,186.87587825507322,193.00892388158852,46.799999999999734,-13.140000000000015,-63.92933440208437,-62.851976242661486,-70.35380959286219,-22.82801714857634,-29.33086877388166,-41.096800656723985,-18.293300376859705,0.10548993086575506,1.0759972948307017,2.0
1227.550391,390,9348.342537,390.0,823.8592074485655,133.92474861322535,150.76448012417302,46.19999999999974,-10.010000000000003,-50.44431619644161,-45.52780506238342,-56.43372462546219,-21.88996316098566,-92.45057836516231,-23.505540986469335,-16.93611665369031,0.5493723044205744,4.28510397448048,2.0
1142.743636,396,9361.237317,396.0,718.9726685149408,138.12955343801588,155.214920590697,41.09999999999979,-11.540000000000008,-51.73071205616,-52.4635847508907,-56.00079099978109,-18.70959249098525,-71.53589948858912,-26.629111053993554,-18.063815531708098,0.42759363931129457,3.386541623345453,1.0
1125.415555,382,9373.504417,382.0,715.1522179316031,130.1967150005983,148.43063977242394,41.69999999999978,-9.620000000000006,-49.31018741130834,-46.07915320023895,-52.494443042681,-18.620213509763268,-68.040709843945,-31.127452652336576,-16.771857777732354,0.2816830098721766,2.1520581954234292,1.0
1244.448382,468,9388.647904,468.0,714.8561942991496,165.59966349814312,180.753594082415,48.749999999999716,-10.840000000000012,-58.56164748668676,-56.58443563692269,-66.0957443036281,-22.79363504943812,-68.21133605859427,-32.66870838266517,-17.755562713802394,-0.23089983804045186,-2.161222484058629,1.0
1399.392894,579,9407.238219,579.0,701.2729607872196,206.9099799977585,223.761431721989,51.29999999999969,-12.400000000000007,-73.5608827543258,-65.613038457185,-78.09430060598261,-27.39276564821914,-51.116641717430454,-33.75258292134082,-20.921266751941936,0.0849283569379986,0.9834703733420238,2.0
2743.487709,1000,9439.618794,1000.0,1525.8659806279202,365.694356353897,387.7456521247311,112.3500000000014,-23.010000000000016,-127.92078228950506,-108.85918685421358,-138.5803489014328,-49.70383913896415,-96.71623681937199,-66.00322792327256,-37.37465808796148,0.09922312128228378,1.9844624256456755,4.0
210.143946,104,9443.014515,104.0,90.32574363652495,38.44246543235364,38.68075950558829,6.0000000000000036,-2.0,-12.92453155517578,-13.634563924372193,-13.47827366679393,-4.179291206645009,-7.970438583279974,-10.19811007341402,-2.919813455606527,0.4132790363954699,0.8596203957025774,0.0
647.585669,226,9450.512856,226.0,434.89235966966356,75.45648178956182,86.955077902682,21.449999999999974,-6.450000000000002,-29.452425942420966,-27.281745872646567,-31.885610265418638,-11.681598492889657,-63.76730753458871,-17.27657779132262,-9.372984140919014,-0.06781033751953706,-0.30650272558830755,1.0
2689.405687,1000,9483.179948,1000.0,1461.5445653743693,368.4983244850227,390.90909938612555,109.8000000000013,-26.910000000000018,-125.05599149227137,-114.16681945770995,-137.8277060012874,-49.17309964202426,-92.63898866939005,-57.34876338882725,-38.224933199655126,0.10075252114698112,2.0150504229396224,4.0
2104.632291,749,9507.500501,749.0,1250.516119358688,266.8167258230448,289.1254684791645,81.90000000000025,-21.300000000000026,-94.96534732818613,-85.72330582737926,-105.39775667209985,-38.122714925202374,-117.08889981205438,-41.6759471017898,-28.45205134053595,-0.0024094572316481102,-0.036093669330088694,2.0
1284.083678,425,9521.389567,425.0,838.6740754430595,147.42039668859366,165.0840138755651,47.849999999999724,-7.69,-55.38398037433625,-48.83335678018624,-60.22560647582361,-22.11841775543539,-89.80098629448042,-36.70742856630222,-19.18503205571721,-0.055708671147202474,-0.473523704751221,1.0
913.657914,332,9532.238899,332.0,567.1892786795697,113.16415868565227,128.89232990601295,36.59999999999983,-8.060000000000004,-42.750426535606394,-37.98498012982307,-47.02037766608997,-17.22552734046563,-72.711483139229,-24.62413737978303,-13.810920601338212,-0.3178781142835471,-2.110710678842753,1.0
800.255938,315,9542.525253,315.0,428.9156623055951,113.98031593769088,116.68299207687392,31.949999999999875,-9.730000000000006,-39.451371936798104,-37.49625268578527,-43.57477934616917,-15.293667571904402,-25.43902440869686,-23.940001488039176,-11.34793529998988,-0.010973935980663874,-0.0691357966781824,1.0
678.594265,230,9549.988521,230.0,461.5709479334561,75.3250811383884,87.29117903087824,26.24999999999993,-4.459999999999999,-29.749314956665053,-26.081167108193043,-31.893289898238134,-12.538241670635355,-59.33561565122476,-26.311243696773218,-11.47407004330538,-0.0554688352257739,-0.25515664203856,0.0
551.62284,202,9556.56173,202.0,352.7179420501474,65.45430397234178,75.25079742684947,22.499999999999964,-4.119999999999997,-25.635611791610707,-25.7882772013545,-29.09347806646144,-10.416373324984201,-42.28240218752983,-20.463392638429394,-8.500668050340495,0.37702089789567383,1.5231644274985223,1.0
2593.602019,1000,9589.153531,1000.0,1378.2653504704292,371.6506941111576,391.41880564548853,100.95000000000097,-28.54000000000002,-125.02641740798926,-118.92998799532654,-137.0083942706637,-48.53892019924929,-81.88505543115461,-68.7528591135022,-40.00119660362238,0.07528740256060441,1.5057480512120882,4.0
199.040802,91,9592.113838,91.0,109.31923979291997,27.645782855713808,31.36593906107991,6.900000000000006,-2.69,-11.104760575294492,-13.738772791624063,-12.587478997716854,-4.417133738313788,-11.977827523425079,-7.352632834694565,-3.3215529114002345,0.5450774628812474,0.9920409824438702,0.0
1384.035635,493,9608.162649,493.0,852.2652421716805,169.03646864549128,192.92796304065297,50.5499999999997,-11.610000000000007,-63.8597686195373,-55.26929778531191,-66.63650098391345,-24.471108868195593,-86.20508008518068,-44.789650181785845,-20.90263254739988,-0.5041783797866876,-4.97119882469674,2.0
510.92913,183,9614.117203,183.0,335.65527067326843,62.49577954119396,67.83825666625424,18.75,-5.21,-22.645652790069587,-23.772567401826375,-27.029434852243046,-9.217873715180714,-38.646079777449636,-22.907486596921537,-7.381081288367088,0.8030229681537011,2.939064063442546,1.0
911.871209,350,9625.468551,350.0,520.6416836611977,119.28488820625823,134.88672161676863,35.69999999999984,-10.550000000000006,-43.04811944007875,-41.49413242042065,-49.28008839651151,-18.56936632941826,-53.14531981193817,-18.886591515974704,-13.6684668257506,0.13040746663556443,0.912852266448951,1.0
495.535892,204,9632.05188,204.0,251.49644940615462,67.7629462349269,77.75506108429303,21.74999999999997,-5.710000000000001,-27.405310668945305,-23.381261543184507,-26.722920840285273,-9.525668997463839,-12.867451475582651,-14.456048322880676,-7.159903071089332,0.4633011909598104,1.8902688591160266,1.0
375.537951,182,9638.032626,182.0,172.70499739437457,63.12938939957441,66.91243958775472,10.500000000000014,-6.240000000000001,-22.383301086425778,-22.758327935636036,-25.299172677302852,-7.591546007829229,-12.812955553448766,-16.695798250487766,-5.927773730921417,0.42567956844800675,1.5494736291507447,0.0
2304.478501,826,9664.89045,826.0,1438.1359416977396,285.59271772900047,321.24793524553587,87.45000000000046,-16.29000000000001,-108.05884633541108,-95.82983096949768,-114.00101131415516,-41.327700602348685,-172.3408599804596,-70.10346851964395,-35.996375565395425,-0.29108299559260203,-4.808691087189786,3.0
2728.587618,1000,9697.480493,1000.0,1556.336111811457,361.04926496057624,393.6250906648837,103.05000000000105,-22.280000000000026,-132.01181198120128,-107.67165037319052,-134.81772859792702,-47.77784432669075,-120.08308342779681,-78.61968506971945,-42.211045361026954,0.10238837885541849,2.04776757710837,4.0
688.745797,277,9706.467777,277.0,398.90147955642215,94.61498215047189,103.8028885213123,26.699999999999925,-5.420000000000001,-36.29688096523284,-36.46909076720477,-40.052447790369605,-14.216748350182774,-40.39159089277283,-27.708323208705607,-11.718471687215992,0.31059978582633885,1.7207228134779171,1.0
2022.910818,692,9728.957112,692.0,1224.8028184136278,247.90159774073499,269.3623867078873,80.10000000000018,-13.48000000000001,-89.85827917098997,-77.81642511710527,-93.48752568886862,-33.243292843657535,-111.94100206025706,-42.56862363240624,-28.8608359298996,-0.1487046522492841,-2.058072387130092,3.0
486.482356,171,9734.467675,171.0,329.35992475065905,57.74616355297891,64.91486474442127,18.75,-3.5799999999999996,-21.779831161499022,-22.94473026543857,-25.138453617418204,-8.419272591277275,-43.91777336284766,-21.977895751926454,-7.530639902039899,0.727009121685868,2.4863711961656683,0.0
2754.136926,1000,9766.966665,1000.0,1546.1621931646441,365.7667369816586,387.8545482650978,107.1000000000012,-21.560000000000013,-127.82599074840542,-109.45044589079912,-136.31298199236002,-48.840453181794764,-110.00253954351345,-60.21184296346537,-38.542297787139624,0.20504978666990498,4.1009957333981,3.0
439.693473,172,9772.539343,172.0,282.9539734125705,57.44923502124206,64.0278290298039,17.85000000000001,-3.5199999999999982,-21.89562744140624,-22.156387445330623,-25.084297555957896,-7.660975964235748,-47.84095777277153,-19.467747688070887,-6.96157039589678,0.16315288162024238,0.5612459127736338,1.0
527.104966,248,9780.53219,248.0,251.8508636075957,87.83270857015627,96.17931166463461,23.399999999999956,-6.6800000000000015,-33.23738448619842,-33.14480582475664,-33.21372602135567,-12.596402145988552,-24.152018458279958,-27.086255966832724,-10.047325411191597,0.3363150121583747,1.6681224603055387,0.0
1231.828238,431,9794.446285,431.0,767.770504577688,151.24492547527203,167.3814726464187,45.89999999999974,-13.700000000000014,-55.49947342395786,-53.39423807933928,-59.66287214578478,-22.029936977371182,-74.3466325752999,-32.86687958348633,-19.968631792738616,-0.10401821158032461,-0.8966369838223982,1.0
721.140372,244,9802.35327,244.0,491.12155212356157,78.83944134080824,91.49050368596754,27.29999999999992,-5.3100000000000005,-31.85280233383176,-30.11854139715434,-34.405815539729986,-12.379402389418823,-66.66031745638965,-19.966488467996296,-10.91775788348622,0.7203749543011999,3.5154297769898553,1.0
880.921294,306,9812.2894,306.0,552.3654931500897,103.87898664752527,118.21577900598813,34.49999999999985,-5.34,-40.47444129467011,-34.46460231617091,-42.491592625371624,-14.069935088518934,-67.23595542015373,-15.880266723127276,-14.082171563159966,0.49848334461859006,3.050718069065771,1.0
1908.082466,724,9835.969691,724.0,1057.7376246578428,264.73870727027156,282.990047758948,77.55000000000008,-19.260000000000016,-92.73952682018285,-84.78517921045426,-97.75882561321838,-36.00054464312425,-93.43631705885456,-44.637713212446414,-30.315807175277207,0.29342201170704024,4.248750729517943,2.0
669.031059,231,9843.518785,231.0,442.1036505311352,76.87889912195477,88.62488270594753,24.749999999999943,-5.590000000000001,-29.51420655250549,-28.793389788270005,-32.004704074816274,-11.289607945031728,-59.50006324963253,-17.77288269143654,-9.86151896095363,0.48248088190983585,2.2290616744234417,1.0
169.748588,112,9847.163657,112.0,71.14212034585773,35.752399209562114,39.53779370734864,4.65,-2.9899999999999993,-14.625458717346197,-18.223787604272353,-17.21884400318365,-6.3817456454346155,-11.435461782461337,-18.316714935481798,-4.141712474956953,-0.23130646432241767,-0.5181264800822156,0.0
1361.191538,473,9862.555027,473.0,852.499718695462,164.08879930144627,184.2655512049035,50.5499999999997,-12.190000000000007,-61.72912338256838,-53.93121809437875,-66.43778034055184,-22.95682165779176,-88.15393430578322,-37.68095272717793,-20.13270056535533,-0.3053050391242588,-2.888185670115489,1.0
1673.059813,598,9882.059476,598.0,994.3490592853435,210.6933455446785,233.49414369530956,66.44999999999966,-16.56000000000002,-76.77712640762336,-66.17383321970703,-80.3973309397017,-30.250284436353468,-96.19224091282705,-39.45799240245673,-24.117927341159355,-0.3743729765104774,-4.47750079906531,3.0
2736.346811,1000,9914.582501,1000.0,1487.0156073106261,373.245406961404,389.5557643987942,111.00000000000135,-28.12000000000004,-122.93329341411601,-107.27045164369059,-136.3956998643576,-47.623916368052974,-91.10145642647399,-52.18697951306736,-38.838170737227365,0.1493154570827751,2.986309141655502,4.0
1788.621593,677,9936.368662,677.0,992.8821804375773,246.06844923188305,263.9374892376953,67.64999999999971,-18.290000000000013,-86.03528787612922,-78.87938546538342,-90.40876131231752,-31.56551823157734,-73.38269231171346,-52.38414200694942,-27.97073889614688,-0.2187900781932489,-2.96241765873659,3.0
814.789692,317,9946.584041,317.0,464.22224219693254,112.14872311097876,120.2495704891835,31.049999999999883,-8.809999999999999,-40.14160039901734,-37.02623505964878,-41.949704802310855,-15.760872829172381,-51.949317447092355,-20.885385890896107,-13.357727176888103,0.42956450020955084,2.7234389313285523,1.0
2624.860674,970,9978.141119,970.0,1477.5813891363007,349.65851743278927,378.2662441390027,105.45000000000114,-23.690000000000012,-123.24918519973748,-106.57206251956515,-132.02717639812658,-44.60967783438006,-120.4711882748442,-67.3016523643851,-38.174534103016796,0.14303537016540013,2.774886181208763,4.0
629.322829,206,9984.844902,206.0,426.89329484613273,66.28936202182973,77.9839921390527,21.449999999999974,-3.4099999999999984,-26.88580673694612,-23.523223254829652,-29.019799835806843,-9.846708668971553,-47.010544550349444,-18.66814812832539,-10.92958911192441,0.9417394384884363,3.879966486572358,1.0
644.036133,267,9993.496513,267.0,337.6625773520287,95.37572184996147,101.49172688450417,27.449999999999918,-6.780000000000002,-34.90839951992037,-33.986090118438035,-37.016289992646875,-13.12613948215093,-20.107680265648174,-27.572898943625134,-11.446394696593956,-0.05536912253693579,-0.2956711143472371,1.0
1884.088878,672,10015.363394,672.0,1106.5854169395066,240.9438486280843,261.3883056255369,74.54999999999997,-15.930000000000012,-85.34803110599513,-74.67913042120641,-91.47041302677289,-33.465836338206124,-96.63534306115396,-46.173786508046376,-27.676152382604677,-0.2148236136962835,-2.8872293680780503,2.0
905.236704,310,10025.476388,310.0,574.4574071309821,106.68103876200736,120.51606090193906,33.74999999999986,-7.770000000000003,-40.447300949096686,-35.62127701640131,-41.65847602532137,-14.467157671977098,-62.126636725991474,-23.247792385567017,-14.829162029962419,0.06328815124018865,0.3923865376891696,1.0
612.256693,246,10033.556564,246.0,369.73259321055843,80.94530038003725,95.1222774799781,20.99999999999998,-5.169999999999999,-31.36972372055055,-30.330386757850654,-34.88636681321373,-12.699330363677621,-51.35584210837207,-24.95407610706765,-9.777751932527986,0.24861082104198903,1.223165239526586,0.0
2776.732949,1000,10065.919404,1000.0,1569.156588503651,369.3721199514757,391.93234125112286,114.30000000000148,-23.200000000000014,-127.550313487053,-108.84304057918487,-135.18330956170183,-47.9326389095394,-101.45687147314506,-82.02798156509415,-41.833945133725784,-0.0724956094244047,-1.449912188488094,4.0
396.795836,194,10072.179679,194.0,185.16227770444587,70.11455930381479,72.33626109656949,14.850000000000025,-5.49,-23.263269319534302,-28.349832665920257,-26.774343362075328,-9.382124720764365,-14.787553515198026,-24.53850665280506,-7.081631369626728,0.0645525697531303,0.25046397064214554,1.0
650.786756,308,10084.529243,308.0,305.86191810236454,112.28589414912076,118.31430750995344,28.34999999999991,-10.690000000000005,-41.18238305091859,-42.983215360715974,-41.71434668890079,-14.336338952828882,-21.098415765586314,-37.04973300230633,-12.970930512259821,0.23523745284641906,1.4490627095339415,1.0
231.559304,109,10088.091511,109.0,121.94980896347994,39.27510972002536,39.464376233890704,9.450000000000012,-2.8099999999999996,-13.39579201221466,-17.31756162941456,-15.35643357510943,-5.798822931282473,-12.127259941928129,-16.56179132883139,-4.2123296307526985,0.14397407626904485,0.3138634862665178,0.0
1926.667687,707,10111.108542,707.0,1122.841188576243,248.4200518954704,272.92078663470744,74.09999999999995,-19.41000000000001,-92.37886458873757,-83.04485556036234,-96.03754505766197,-33.4102876976421,-76.67295428851595,-65.77830313949615,-31.881530087232616,-0.19635696014285542,-2.7764874164199758,3.0
2644.809449,1000,10143.921618,1000.0,1454.290533093074,367.2615329406462,393.17471170062356,102.30000000000102,-25.530000000000022,-128.08708440780623,-112.00131834372876,-132.69831579219203,-47.15018526809025,-103.6705269450845,-81.9549502344593,-41.12494816183793,-0.10624048559521142,-2.1248097119042284,4.0
569.711704,234,10151.794888,234.0,308.08131297145815,80.6057896826974,89.26255596378442,24.14999999999995,-6.270000000000001,-29.487207355499258,-31.678696502000093,-32.22368473141992,-11.605024987381055,-18.97493078448177,-26.996813102177427,-9.151596675913297,0.16996653934142236,0.7954434041178566,1.0
909.070213,397,10165.542218,397.0,442.92416801773015,142.98281306956497,151.30358122839192,38.249999999999815,-11.46000000000001,-49.07179648399351,-51.59887761101127,-54.8626767347059,-19.507572219196067,-22.42461373334148,-39.56470741304421,-14.900105483599853,0.17828470327719512,1.4155805440209293,1.0
980.465297,399,10179.151867,399.0,538.4912913555786,141.2874004136408,148.31503696406256,35.249999999999844,-10.440000000000003,-48.261422047615035,-47.00466391593221,-55.640137000025895,-18.819011140244704,-54.91996840625935,-32.54504534512726,-14.248183581234995,0.14304111842138711,1.1414681250026693,1.0
1327.945397,477,10195.102836,477.0,817.9255019294328,169.28493088624234,183.0759826365198,52.049999999999685,-9.950000000000006,-61.76368427753445,-54.57958777435127,-64.51641334845995,-24.1651425639052,-99.44603645572677,-37.51089445005869,-19.45925923310491,0.6380884097724495,6.0873634292291685,2.0
2775.941031,976,10226.939832,976.0,1643.6575079828694,348.6054423178414,377.89109978772916,110.25000000000132,-21.870000000000026,-125.70935889720896,-105.15639534369116,-134.59907783064392,-48.29695701180239,-147.04517491947152,-59.05464904603951,-38.731406137380446,-0.11009714754619455,-2.1490963201017177,4.0
218.764293,93,10229.983116,93.0,135.2222125395436,30.975664055463888,33.60715713049851,9.600000000000012,-3.08,-11.637557640075684,-16.982663938403128,-13.558876569871616,-5.0440293891934385,-16.24518184752602,-13.115222719905411,-3.977208180785799,0.42163350390779303,0.784238317268495,0.0
2147.354705,778,10255.395743,778.0,1273.2962923943626,279.91545782899016,304.3620098947852,83.2500000000003,-22.980000000000032,-98.97393175125137,-91.42972060143953,-105.91834785218863,-39.799732777858324,-115.23577816830169,-62.339130295083976,-34.79241350000811,0.06525331615990056,1.0153415994480528,3.0
959.628198,374,10267.55374,374.0,571.7272283338298,130.72988143728324,141.62230082465092,34.64999999999985,-9.000000000000004,-46.89726407527924,-45.13308400958773,-51.62036528508894,-18.38674213423025,-72.21068104092987,-34.087418652067285,-15.765657112437346,-0.07250611396143909,-0.5423457324315645,1.0
668.965158,250,10275.7147,250.0,397.06756503581005,84.48681016793307,93.78400489506257,27.749999999999915,-4.8500000000000005,-32.107794647216785,-28.891873639822016,-33.88583734166542,-9.916375145294072,-47.50747685235324,-17.141061284180278,-9.822802977980597,-0.22542677778027853,-1.1271338889013927,1.0
829.206832,266,10284.310925,266.0,588.1300917933864,86.87019992570796,102.5847846249749,31.049999999999883,-4.599999999999998,-35.86804632186891,-28.52408862560988,-38.187486697419935,-14.478802440056114,-92.5107980858238,-19.047370700430584,-12.211651297280193,0.9104207414981265,4.843438344770033,0.0
491.518054,179,10290.08357,179.0,300.56170703412135,63.292011276623455,66.67828276447933,17.100000000000016,-5.12,-22.646524047851567,-22.339820414781578,-25.868685419906743,-8.924478785794651,-29.70270097494374,-12.94135467995574,-7.570383187153019,0.04770275176772085,0.17077585132844064,0.0
790.700675,258,10298.475841,258.0,533.4962776685306,86.27394675591674,99.236517559437,28.949999999999903,-5.119999999999998,-34.05579975128174,-30.035286272317162,-36.835266785693676,-12.922666785660633,-67.85890347490596,-16.13600229563743,-12.292141438518696,0.9645373581893828,4.977012768257215,1.0
1068.945195,377,10310.647843,377.0,632.131839526616,135.1220445347007,141.71016424543663,43.04999999999977,-9.870000000000008,-47.136361784935005,-39.338902454078166,-51.44055306913981,-19.220172643717216,-57.20457630729003,-21.225382086792045,-14.632904673546458,0.025088766879329084,0.18916930227014128,1.0
436.8146,159,10315.802831,159.0,287.3527554770462,51.07080622689965,57.937985909618156,15.900000000000027,-3.9599999999999995,-19.584041047096257,-21.306382797658443,-22.791916609444034,-8.097402284770697,-39.070320505156,-13.303932158863844,-6.332952480020818,0.7580756337490738,2.410680515322055,0.0
816.151731,324,10326.333576,324.0,454.93299202717003,115.21500177432375,123.83997699561957,35.84999999999984,-6.660000000000002,-40.05419961452483,-38.867978829145414,-45.48550443909063,-16.444891062641982,-42.52564005102805,-35.73636804380663,-11.911658166494488,-0.30052256649121645,-1.9473862308630827,1.0
630.791485,217,10333.375977,217.0,421.451142958727,70.899887788791,83.23890559444288,23.84999999999995,-3.2699999999999987,-28.549067249298087,-26.553950764983888,-29.660525190126435,-10.673470442505478,-58.82212565638796,-18.417528004552747,-9.701783673425,0.869815335240823,3.7749985549451717,0.0
1243.363198,418,10346.910992,418.0,818.0203081076954,148.19174475052742,162.06566206698392,47.54999999999973,-8.180000000000003,-53.48506549835202,-50.12264267876744,-59.18977367547588,-21.771028288218417,-106.61188148708376,-32.579737080223914,-18.52438847309011,0.08581894735838572,0.7174463999161046,1.0
384.595264,138,10351.386195,138.0,259.0072538854581,44.749590048096145,51.53167453801216,12.75000000000002,-4.97,-17.800223426818846,-17.13412948660553,-19.419199247851044,-5.473037086636159,-38.46477651138705,-11.826285429530618,-6.355603547937144,0.6286695250598323,1.7351278891651374,0.0
709.939084,305,10361.272914,305.0,346.20390323979586,101.66104783023012,117.87480575907996,30.599999999999888,-7.020000000000002,-39.14202797889709,-36.087371549010285,-40.51392656306698,-11.788422311965592,-19.585340410235165,-25.48028493456408,-11.783298977983153,0.11453978091162531,0.6986926635609144,1.0
2468.627113,1000,10393.791538,1000.0,1218.9991603808762,372.5171901514229,388.9947856433197,96.75000000000081,-29.180000000000042,-124.62756504058845,-105.9317092850805,-132.84660051920753,-46.361368177309735,-66.28654612528939,-64.59338215219883,-38.8068523114794,-0.04574868283145576,-0.9149736566291151,3.0
1743.12889,630,10414.177525,630.0,1015.2870169643003,225.01775487433733,243.35930627859014,71.54999999999986,-14.060000000000008,-79.80335127353678,-70.87697084769601,-86.66756897264334,-31.749311242745378,-87.28903502209674,-47.03160946492928,-24.607340998235518,-0.2610876315296952,-3.28970415727416,2.0
183.03557,110,10417.774386,110.0,58.40676524766088,38.749378511679964,39.02100470617198,5.5500000000000025,-2.38,-14.855949335098272,-14.623114575073128,-14.836721613783649,-3.6291895690534126,-2.032366439439372,-12.725871434282196,-3.6083650034096912,0.12558963587550123,0.2762971989261027,0.0
2655.372431,1000,10450.469252,1000.0,1417.8065752012592,371.21609431319274,389.14808621187973,102.00000000000101,-24.630000000000038,-125.75063697338122,-106.53405536301428,-133.15837104983717,-47.550556190179826,-87.13717293585498,-61.14106001772287,-38.89647207281955,0.16056416040322624,3.211283208064525,4.0
2553.701638,1000,10483.04826,1000.0,1305.672947420377,370.9340621337873,388.80210844631273,102.00000000000101,-28.670000000000037,-125.6362853527071,-106.112588199228,-133.55652191001496,-47.72418501376333,-75.18833701013307,-57.71297396487769,-39.10658848264042,0.16518495305666075,3.3036990611332153,4.0
441.909887,231,10490.570576,231.0,181.2776770589542,82.28027172550223,82.20988425344218,15.750000000000027,-4.790000000000001,-28.026579499244683,-28.903743148595115,-31.251533638002147,-9.091331997557473,-13.977626335288795,-26.939415821269574,-7.627715928849645,0.08297116213539663,0.3833267690655324,0.0
2359.713374,869,10518.772745,869.0,1369.0770676195093,311.7539276550031,339.3808415190335,91.2000000000006,-21.750000000000025,-111.35103338241585,-97.697556393966,-116.32501166477921,-41.78205831036287,-122.91701023032407,-71.33326869609968,-37.5425244447686,0.19743148022815482,3.4313591263653307,4.0
1424.416378,531,10536.078149,531.0,803.8814873413772,189.84433610657297,208.0297936604073,53.84999999999967,-10.87000000000001,-68.4953696727753,-60.832670290395605,-70.33099594606512,-23.999428898137563,-65.56018716203366,-38.77328517462474,-23.327301472934824,-0.09243276477965179,-0.9816359619599021,2.0
2629.28641,867,10564.222527,867.0,1642.9268143067166,311.6830236692694,334.31491525687125,100.05000000000094,-20.580000000000023,-113.36181034088142,-86.1077070169149,-119.56058095064361,-41.65013757333812,-159.98968599094115,-48.654148168673096,-36.78427350281583,-0.030145971967016662,-0.5227311539080689,3.0
2009.601999,776,10589.446625,776.0,1080.5629635517666,279.33739600759174,302.3721524486574,77.8500000000001,-16.59000000000001,-98.81958270549777,-85.82526002079261,-105.23067368596516,-34.808594595163484,-73.18355868217543,-58.771864096308974,-33.29097890359362,-0.23047949071365448,-3.5770416958759172,3.0
2433.201639,1000,10621.94798,1000.0,1181.3228452609972,371.0151105613815,395.0584656331441,93.30000000000068,-27.30000000000003,-126.30798794746391,-108.42177556902176,-128.07432686614757,-44.26080384028497,-65.21194566712323,-70.21737759058674,-37.700565079992515,0.09319173036283904,1.8638346072567806,4.0
1865.923502,735,10645.800005,735.0,963.5759400013239,272.6823855622139,282.0235012062118,73.64999999999993,-19.870000000000015,-91.01162248134604,-82.71592246070503,-98.25488768895883,-33.42669012352939,-59.133818397660576,-49.15726175324235,-27.43812164977715,0.12654600145266592,1.8602262213541891,3.0
968.03405,341,10656.919223,341.0,593.541380106051,119.26273046368576,129.00858104777635,35.84999999999984,-9.180000000000005,-41.80350180625917,-38.43193968310952,-47.66241161796765,-16.76381010590492,-54.2423728125438,-29.12023636575991,-13.424369482486295,-0.16192889105139172,-1.1043550369704915,1.0
2742.175515,1000,10689.988039,1000.0,1528.0785067363604,364.04776722920104,395.08644591561665,109.05000000000128,-26.74000000000004,-130.8068131828307,-107.13379027061164,-132.1273833301899,-47.31172384705429,-98.5955663031963,-66.72677281556946,-44.64515521468769,0.10685136001588343,2.1370272003176685,4.0
2492.559404,1000,10722.490626,1000.0,1221.780039630556,374.8775527881903,390.7946837253117,102.30000000000102,-27.620000000000015,-123.99864326000208,-108.86064829751865,-133.28513125004991,-44.5231384017185,-65.53748793878066,-57.57422221227511,-35.79360106198676,0.12619873956703578,2.5239747913407156,4.0
1665.564512,609,10742.539422,609.0,967.1167457697239,216.94279344006617,234.6633701874137,67.3499999999997,-13.040000000000008,-77.08215765476221,-64.15630327612159,-83.50417503832013,-30.14331477157026,-98.43894444574387,-40.59704460512568,-22.54645718239527,-0.3377853976806931,-4.114226143750842,3.0
1565.008538,560,10760.779566,560.0,944.6041470374018,195.29874532567186,217.25832418733026,58.79999999999962,-13.87000000000001,-72.75332395553589,-63.35475647225978,-74.96401039401691,-23.473751654373963,-88.38816469636522,-49.23795541324558,-24.91071632220049,-0.16400930450685516,-1.836904210476778,2.0
1628.421251,584,10779.848114,584.0,976.8726126784032,202.85066626421255,222.8516991170475,64.19999999999958,-10.48000000000001,-73.47693212509162,-61.03042932190002,-78.86105798266456,-27.679496138416688,-109.08553765545128,-39.382103921707674,-22.358169633934917,-0.24730182902740694,-2.888485363040113,2.0
2575.65213,1000,10812.206082,1000.0,1328.0301609200915,369.23654235012464,387.47251907269236,103.20000000000105,-25.050000000000026,-126.95162714004516,-105.4970756396652,-132.52279996785623,-44.663882412230635,-75.62704807196474,-63.608940753337386,-38.365718541906546,-0.13143709229024156,-2.6287418458048313,4.0
2588.237452,1000,10844.555984,1000.0,1336.8563017361018,368.53255129292285,391.7676574554121,105.90000000000116,-27.11000000000002,-126.55498833179476,-104.96948456168182,-133.4367496724779,-44.91096099755205,-77.53201847161321,-62.09100351934756,-38.213853174764324,-0.0666188959544439,-1.332377919088878,5.0
999.801279,377,10856.839647,377.0,566.7257908587649,131.81346307157304,144.20332948736566,37.349999999999824,-7.8900000000000015,-47.026389155387896,-40.49964266791944,-52.16057343137899,-17.776700789821636,-51.59475788577062,-26.749487706087645,-13.593752730581654,-0.3598047924648503,-2.7129281351849714,1.0
301.541935,140,10861.465106,140.0,149.6040773075901,47.2466070053575,48.416491604494446,11.850000000000017,-4.470000000000001,-18.722704720497127,-18.080452260375033,-19.52217083866411,-7.0346926264691065,-9.966328863217042,-12.506155992962118,-5.272735408202676,0.41501340182028473,1.1620375250967974,0.0
314.651191,138,10865.920109,138.0,154.56120398055566,48.57149477448671,49.589546090466335,12.75000000000002,-3.4599999999999995,-18.432389488220217,-16.320024904608726,-18.955926622484096,-6.256733641488365,-10.160064047953624,-10.430437412114522,-4.8054773396688,0.4226804992170687,1.1665981778391097,0.0
216.605651,106,10869.329005,106.0,102.36277828054783,33.56807088381822,40.47255249042105,9.750000000000012,-2.4200000000000004,-13.525192747116089,-19.588258424401285,-14.571180626490476,-4.054179438273049,-4.320327096767504,-13.32917610544945,-3.739436398366515,0.5644054757691737,1.1965396086306481,0.0
693.608776,243,10877.158917,243.0,423.5040560751648,82.38861398666478,90.79057065928504,25.499999999999936,-6.3100000000000005,-31.234684014320365,-26.47137740030886,-32.89957671987768,-10.70103040665342,-36.50523781539956,-17.149658008889897,-10.302900489910709,0.10878669206390983,0.5287033234306018,1.0
2689.859882,1000,10909.545613,1000.0,1454.1778871800482,366.32156346033236,384.96048167088907,105.45000000000114,-22.850000000000033,-125.42945968627936,-102.72525505572563,-137.67423676721577,-46.77112226806806,-91.40669668973578,-57.33892257983648,-36.85435693925551,-0.08987791252681432,-1.7975582505362864,4.0
735.964898,285,10918.773158,285.0,406.9817554404145,102.47652186946218,107.90750504678203,30.149999999999892,-7.410000000000004,-35.341926097869845,-32.945775619894285,-39.038776629209075,-12.580460276617776,-33.09028699630122,-25.687717887131864,-10.455940901521371,-0.0618011823891686,-0.35226673961826105,1.0
2065.418203,763,10943.41397,763.0,1181.8495107047086,276.38815123060743,295.16301897758063,79.20000000000014,-15.390000000000011,-99.02099879741675,-81.19862092137343,-102.62771872930358,-34.84918624896072,-96.57435902741247,-68.17001095139454,-32.35158279432389,-0.13416654482690626,-2.0473814740585894,3.0
2743.57405,1000,10975.934724,1000.0,1515.3751630315091,372.6368866331662,385.3605230506317,106.50000000000118,-26.65000000000003,-128.30413152694706,-101.98071197122329,-133.36846757463226,-46.82067945249355,-101.53866057418345,-59.28291151576691,-38.352959933601156,0.13557303743586993,2.7114607487173985,4.0
2755.805493,1000,11008.49476,1000.0,1530.3892380581383,367.0383670025713,392.5554908556884,103.95000000000108,-23.26000000000003,-128.68359261512774,-100.04148976579305,-133.31276044299395,-46.08203930791057,-101.84006795608124,-63.2110742239484,-41.696578501845046,0.13151508988682062,2.6303017977364123,3.0
2811.493953,1000,11040.937387,1000.0,1586.3887763732696,368.12479616375083,387.01138482590017,107.55000000000122,-22.310000000000016,-127.23821428298957,-104.92011547647418,-134.52580594275028,-45.47902864854356,-104.21329335625906,-59.40189539810115,-39.492651386242066,0.18150630193716974,3.630126038743395,4.0
555.812836,213,11047.759485,213.0,334.63164605511184,72.98990377940896,77.12694200578801,20.399999999999984,-5.200000000000001,-25.716263980865474,-27.774266974627974,-29.56752549133855,-9.67582116249288,-31.103304677603916,-25.662404201397155,-7.636069458335687,0.7294697856530962,3.1075412868821894,0.0
2334.393052,834,11075.085658,834.0,1362.055304500504,304.08485650438143,325.3054977297752,89.40000000000053,-21.520000000000014,-105.7022799444198,-94.4241961404681,-113.19579389078287,-41.61847440201387,-109.79689299689018,-58.6831993530929,-35.51176978207139,-0.1499608004336373,-2.50134615123307,2.0
322.456808,204,11082.725711,204.0,96.22382314063722,73.72744963851876,75.60025670190521,13.950000000000022,-6.580000000000003,-26.786420359611498,-26.73832372054458,-27.29155483179184,-10.092761300220142,-15.00536045299343,-20.52384251991883,-8.026457928597203,0.1865193931283947,0.7609991239638504,0.0
658.964617,221,11090.267131,221.0,422.06929595526515,75.38943376813305,84.10276104385109,23.84999999999995,-5.780000000000001,-28.556732945442196,-22.89554474279286,-30.184221614298806,-9.819280930127668,-44.31751144181183,-16.291003826221196,-9.602578158871218,0.7031436305741258,3.107894847137636,0.0
2639.138986,1000,11123.153749,1000.0,1423.0599425328596,363.5435602876329,389.81306619175103,99.3000000000009,-24.180000000000017,-128.89225210666677,-102.23207812309263,-133.52803340733357,-47.71540596179017,-88.9513641420939,-71.82832173259642,-39.25012747500659,0.13054634427048134,2.6109268854096266,3.0
1075.15967,510,11139.775575,510.0,502.20126555707384,186.32844552696685,198.67635389163553,43.04999999999977,-12.610000000000008,-66.10153658866881,-58.646435150504104,-68.03292249115201,-25.94214307338372,-40.638962329675934,-73.67019661665917,-19.454198279005272,-0.2046796774764492,-2.087732710259782,2.0
1379.344178,506,11156.236441,506.0,778.9533725955112,179.21442370029553,190.87886406768388,53.39999999999967,-12.500000000000007,-64.41930036544801,-50.525721503049105,-68.90812208141784,-21.73239084802375,-59.20051255238821,-32.3796972921693,-19.43673789361132,0.22276225228472196,2.2543539931213865,1.0
160.651292,123,11160.277236,123.0,55.88854956790628,41.087846072576006,37.090284433001955,5.400000000000002,-4.710000000000001,-16.76397375583648,-16.438623030483726,-16.590639481067793,-5.445763904603834,-4.896148875969445,-33.29099022502922,-3.6792492985290552,0.1695179599609714,0.41701418150398967,0.0
1027.399951,406,11173.473814,406.0,552.0634096064189,140.85502654596414,156.53329049613134,40.94999999999979,-9.330000000000002,-52.271712274551376,-48.13486871421339,-56.338496494160836,-18.853444523491845,-33.35495429466254,-36.29428300613736,-14.424016823840534,0.09608934971041808,0.7802455196485949,2.0
447.843348,180,11179.325675,180.0,277.4793122086237,60.42968243265266,64.8259485028592,16.80000000000002,-3.6,-21.871452918052672,-24.0682755842805,-25.552697636800453,-7.719155436894703,-37.189998730252896,-24.765710498164317,-6.924304724504469,0.769084090192068,2.768702724691445,0.0
2125.525493,732,11205.960248,732.0,1305.2355757675791,262.7894335410753,284.5820565073948,78.60000000000012,-16.43000000000002,-94.28680640220642,-85.04409432262183,-101.53084187711492,-32.196702861978856,-124.03333409932962,-54.10665190287199,-30.053141051524307,-0.1902946846661729,-2.785914183512771,2.0
531.7211,209,11212.884388,209.0,322.0215752268867,67.5720963686453,79.23505856462982,20.099999999999987,-2.9599999999999995,-27.02970337867736,-24.024399370700117,-28.6294409128788,-9.116086682041164,-42.687459737434104,-23.448061469981162,-8.312479038471132,0.06302810434083746,0.26345747614470055,1.0
552.07733,185,11218.953284,185.0,366.6736703292996,59.60882838433341,69.58592492144817,19.94999999999999,-3.399999999999999,-24.06749003887176,-19.45866370610893,-25.233623910410753,-8.026804227506194,-51.28002374271246,-9.642467515171008,-7.632020025770007,0.8420620642610993,3.1156296377660677,0.0
2160.894792,723,11242.631359,723.0,1356.1466560029146,253.6269406644661,279.4946876283286,79.80000000000017,-14.930000000000012,-94.79086501598353,-74.34086984377358,-97.05929579729226,-33.043383159030384,-127.8117162520791,-57.78600369931562,-31.41135877106764,-0.39956308050732664,-5.777682144135944,2.0
546.334896,267,11251.365795,267.0,253.0470947923353,96.08842623138251,98.84694115492634,21.149999999999977,-8.830000000000005,-35.268270378112774,-36.3435164362192,-35.39591089918182,-11.897515750434911,-14.167409565896248,-38.32294567477009,-9.571997838003144,0.09276744003331218,0.49537812977788703,1.0
1121.462876,405,11264.551953,405.0,683.2301662904208,139.09167874592075,156.7115868737346,38.09999999999982,-9.880000000000004,-53.38559074401855,-43.51289027929305,-53.75931764768035,-19.23230854715004,-77.2930673442418,-27.154041410397674,-16.453340063946147,-0.3462449827613257,-2.804584360366738,2.0
2000.740189,684,11286.939167,684.0,1221.2334522958954,243.97200158386906,261.39868356282216,77.25000000000007,-14.550000000000017,-88.64790209293362,-69.65029014498,-94.9890436835676,-32.963560651247356,-107.57284711172314,-51.02895675229019,-27.711348137913316,-0.35239212359551547,-4.820724250786651,2.0
1376.936984,519,11303.859701,519.0,802.7134535850879,180.7007237299821,201.6397889163666,50.849999999999696,-12.360000000000007,-65.16255053997043,-60.67187463268636,-70.11023984186927,-25.095981921486842,-90.21939380011949,-35.71179618369143,-18.635145335893338,-0.46146306990804353,-4.789986665645492,2.0
823.892067,317,11314.149271,317.0,478.1141580573356,108.72163385536228,120.5942102322957,31.049999999999883,-7.910000000000004,-40.06771322727203,-36.86031732484697,-42.52616807886565,-15.980869611948886,-54.34306013446178,-22.544727411886868,-11.355079271393581,-0.2274045049136411,-1.4417445611524844,1.0
2747.650989,1000,11346.779191,1000.0,1540.7800730067356,370.83196496433555,387.1969391069746,94.50000000000072,-21.470000000000034,-129.6939708280565,-103.24010145999492,-131.0148209217922,-46.76210354380983,-108.20586474473538,-65.39214862146643,-39.87897774406178,0.0734803620793475,1.4696072415869499,4.0
950.059974,376,11359.067787,376.0,538.2194969911116,132.21083322369262,142.65826024021766,34.49999999999985,-10.110000000000008,-46.64791260719299,-43.28955899924043,-51.29795607008909,-16.334252465035195,-44.437448039080834,-47.37808948899144,-14.033399070482076,0.5687247720292522,4.276810285659977,1.0
439.306483,231,11366.557287,231.0,187.51689483911233,80.70768571411108,83.47696805788603,15.450000000000026,-7.770000000000005,-30.463826022148133,-35.243285159766685,-30.296550657686648,-12.16100590542666,-8.204232905621359,-26.942357147992944,-7.763807708175294,0.28287192721874127,1.3068683037505848,1.0
513.891906,186,11372.613343,186.0,338.9898636529296,63.04045439595682,68.86224470423068,18.75,-4.37,-23.068280639648442,-21.014341580867764,-26.044643611150686,-9.715498751151868,-45.99183053482611,-24.574459880083474,-6.971601976537946,0.5481574393403584,2.0391456743461336,1.0
343.506379,180,11378.456824,180.0,138.67892349433853,64.0004485226276,68.16903264738691,10.350000000000014,-6.600000000000004,-23.5929074192047,-24.176771553233266,-23.744205407044582,-7.74203641988156,-6.259734679548077,-19.56548961752859,-6.010880179311615,0.35951219045529914,1.294243885639077,0.0
833.036227,354,11389.972276,354.0,414.6639819003863,126.30273711046398,135.61465602218567,29.849999999999895,-11.340000000000007,-44.945588717460666,-43.07043530419467,-46.36867905837573,-15.612161087478539,-23.812743880301362,-29.406847846364048,-12.83869227924473,0.021922453299027568,0.15521096935711517,1.0
1895.188196,697,11412.585005,697.0,1080.9610184318258,252.03114400879267,266.44114311034895,71.99999999999987,-16.49000000000002,-88.40299470424654,-77.59626126810915,-93.89380975771479,-32.09939018124856,-84.66036695293799,-53.16075407757317,-26.941532452517116,-0.1320599668122124,-1.8409159373622408,3.0
79.31745,95,11415.665824,95.0,-7.931844466608621,31.979556547641916,31.600330920801152,3.149999999999999,-2.53,-12.855400691032413,-17.558777829259636,-14.065404872121611,-4.195797503734439,-6.6611521180094995,-13.556774477215326,-3.0572859043611573,0.13983396969411188,0.2656845424188126,0.0
884.079355,399,11428.615836,399.0,393.22215045934246,148.13120636629148,151.16469402867307,32.999999999999865,-10.350000000000007,-47.68298934459687,-45.728821459412615,-52.6913863186045,-16.77296559564063,-23.168596830436154,-31.916392209329207,-12.127544125730427,0.27256506668048275,2.1750692321102525,2.0
637.539164,332,11439.424092,332.0,246.03632185699593,121.00363720260592,125.05177231759221,23.99999999999995,-10.200000000000008,-42.97355204582222,-39.06346466168762,-44.12314265694888,-15.279395249605276,-12.690501060989618,-35.569441931296765,-10.653069624907605,0.09113316501996906,0.6051242157325946,1.0
268.186608,142,11444.045862,142.0,104.95302806606706,50.151551258755916,53.01847711916764,9.450000000000012,-3.8199999999999994,-18.995945501327512,-19.422521027922627,-18.384992768072305,-5.847681443642844,-5.520869639584259,-14.29017457639133,-5.104263977606036,0.3618859396613231,1.0277560686381575,0.0
384.077398,174,11449.68943,174.0,187.8216822322397,59.68808359396191,64.0610609318094,15.000000000000025,-3.58,-20.76251548767089,-20.912806062400346,-24.230406752477943,-7.734821565057065,-11.4092200067127,-21.955455313094685,-5.908203158441176,0.5027542751664081,1.7495848775791003,1.0
547.199748,194,11456.021351,194.0,388.6529863904166,60.67190352870761,72.61075202009918,19.049999999999997,-3.479999999999998,-24.841791968345632,-24.13697043880819,-26.605879093063372,-8.492308439904868,-67.51683112835234,-24.92552121408718,-7.786591648684012,0.9080206713546105,3.5231202048558887,0.0
330.591018,147,11460.83008,147.0,158.85562830760063,49.92722851958052,56.66733466280236,14.700000000000024,-3.3499999999999996,-17.44340725898743,-20.615559923648835,-19.90627421599102,-6.352490651779417,-12.349280057400675,-11.713191206030457,-4.828970092517678,0.2856529880091959,0.839819784747036,0.0
788.78157,262,11469.385041,262.0,524.2712379331377,89.79573645300376,97.36081742361577,28.19999999999991,-4.690000000000001,-34.22024038791657,-26.044568383321174,-35.131023795300855,-12.523754449862425,-66.94171341108834,-23.2541775104568,-10.040743379204402,0.3631638720277463,1.9029786894253908,1.0
2565.536632,1000,11501.843611,1000.0,1311.6379207221767,372.3338595791325,379.22600906263426,102.60000000000103,-21.720000000000024,-126.6956297826767,-102.05927186235782,-133.5670835837344,-46.15265385165347,-74.29482854481635,-62.421709452358996,-33.3499797934458,-0.05897614541414453,-1.1795229082828906,5.0
1755.627171,621,11522.041275,621.0,1006.6994106410853,224.01246183661996,237.01013977467193,73.04999999999991,-13.640000000000006,-77.9887969589233,-65.7436678666622,-84.8677801842288,-26.292005010291398,-78.80759443136196,-36.369074725484886,-22.435922369860354,-0.2995339688722657,-3.72021189339354,2.0
2544.271982,1000,11554.47771,1000.0,1340.8393567348494,363.1191179413164,388.3598463923689,102.60000000000103,-24.27000000000003,-129.00894666671743,-110.82820079065863,-131.82785660930088,-47.93941710759143,-79.94827282226302,-86.95128635922259,-39.872358770487125,0.03721518044217918,0.7443036088435837,4.0
870.012674,302,11564.237963,302.0,551.6415075288985,106.6216467612979,113.51524308663181,30.44999999999989,-8.770000000000005,-39.02939400672913,-36.11019955426456,-40.99867298666899,-13.185875420250486,-62.095895298694685,-21.765999036342926,-12.259687420014021,-0.2420213329787543,-1.461808851191676,1.0
1171.727678,389,11576.844713,389.0,782.2648012031018,130.68837484168967,148.39985737027732,43.04999999999977,-8.980000000000008,-52.46173869132994,-40.576162502914684,-54.91285345980442,-19.97257611336056,-87.2099723289234,-40.79822124861525,-16.76383144681374,0.7674308804856026,5.970612250177989,1.0
1438.98963,544,11594.510811,544.0,819.5282192947312,193.63001346790352,205.67410786331413,55.049999999999656,-15.110000000000019,-67.80665132522581,-60.600646388530684,-75.64434973413348,-25.63271225018085,-74.17567902825216,-40.030189795508704,-19.892481968537226,-0.3426813579018142,-3.7283731739717387,2.0
2497.037128,886,11623.172235,886.0,1458.435460058982,322.77904016155173,331.41498921423334,92.40000000000065,-19.240000000000023,-112.87727416992195,-92.25167743414649,-119.73925624072561,-38.23931169023527,-121.20704195660068,-57.74952817687132,-32.68827169364228,-0.22802357388511418,-4.040577729244223,4.0
2705.23704,1000,11655.717345,1000.0,1480.2049195789546,368.22918548193377,389.8304184801055,106.80000000000119,-28.140000000000036,-128.67501074790954,-109.90990236774094,-134.60174948182032,-46.08755388032099,-91.03834454928277,-62.44806287975615,-38.92685985849498,-0.05845228691843305,-1.169045738368661,4.0
1800.759615,709,11678.903443,709.0,941.6236859120332,258.0155728647573,268.5720334114397,70.94999999999983,-20.430000000000025,-88.35471524477008,-76.66329856961968,-95.62940688353963,-30.40377054666131,-58.86717184903354,-51.60985626141178,-25.443458034422807,0.14990840028561805,2.125701116050064,2.0
2829.766184,1000,11711.527745,1000.0,1656.189138388937,366.5403959594446,381.77780984790235,102.75000000000104,-22.040000000000006,-126.83345104217516,-106.25314993634812,-137.07292000590215,-45.48145072358228,-130.88582169480534,-69.52636906622146,-39.39799763517361,0.13295572157619587,2.6591144315239172,3.0
2736.550611,1000,11747.217257,1000.0,1509.4345178592093,368.1365310066754,383.16813359488657,104.5500000000011,-22.620000000000022,-127.93388859271998,-105.90551510602232,-135.68013213761392,-41.59989659331369,-104.8552976918454,-53.54187580500656,-36.60196602731009,-0.29218133963154835,-5.843626792630967,3.0
2942.398967,1000,11780.496987,1000.0,1786.157415640401,363.6186641768125,388.91458336498147,110.10000000000132,-24.110000000000046,-128.9558600234985,-105.8624157048762,-139.1099016181418,-50.415991872841666,-161.87880485761815,-57.03235708125801,-39.02636454935219,-0.22947123725471466,-4.589424745094293,4.0
705.666216,250,11788.580581,250.0,443.4751960713175,86.64660068206938,92.76833695319449,26.09999999999993,-5.8999999999999995,-30.74080913066863,-30.101316529512406,-35.11539374055845,-11.961648980856989,-44.051204325755464,-26.330000337863275,-9.123544268038316,0.6534367661360319,3.2671838306801595,1.0
2346.571774,902,11817.710004,902.0,1304.505934294552,325.4839791721032,350.45776869830445,93.60000000000069,-23.500000000000036,-114.5387760925293,-104.19548023864623,-120.63697085510312,-42.153947742162316,-124.01698470305482,-64.09992009783954,-36.333827961827566,-0.12941858078493246,-2.3347111973601815,4.0
470.692968,171,11823.265922,171.0,296.8840368090699,56.681395852340515,63.70241276053965,16.200000000000024,-3.88,-20.787262067794792,-21.348935276269916,-24.064408874652255,-7.357756622854698,-39.67489727649612,-10.198981370567154,-6.4626358532614265,0.6057497532640633,2.0716641561630964,0.0
1577.62764,559,11841.363745,559.0,964.5537281275779,197.06876648416946,212.9471665252698,53.69999999999967,-12.160000000000005,-72.31602020263674,-63.23528038337819,-76.26323324659334,-25.877221001541074,-102.68131483893359,-35.0984477113916,-22.010504087035446,-0.525889426887111,-5.879443792597901,2.0
2505.369676,1000,11873.940294,1000.0,1278.7349157125584,372.45508599161735,384.4164323710173,92.25000000000064,-25.130000000000038,-124.9388788986206,-112.97845696136369,-131.70825529848764,-44.598132800364475,-73.9782876410368,-70.69344708684086,-38.46129949172217,-0.3125662817692283,-6.251325635384566,4.0
1651.981253,599,11893.435304,599.0,954.0261636817004,216.08985686248198,226.72586154967524,62.24999999999959,-13.860000000000014,-75.79711175441739,-69.50746198669077,-84.09117759958328,-26.875387304523453,-71.01937553085516,-41.75524870865451,-23.204866420858284,-0.3387489012643787,-4.058211837147256,2.0
2795.850225,1000,11926.458231,1000.0,1587.0115951919124,369.5984300788358,391.84142967160835,106.80000000000119,-22.870000000000033,-130.6114141416549,-108.89234068542714,-133.1958419107465,-45.866149902441805,-112.3176810288881,-61.484495979096124,-44.16330651505607,-0.06485826296108191,-1.297165259221638,4.0
2694.02568,1000,11959.082819,1000.0,1470.205605415101,367.23356431161415,389.03478390187996,100.80000000000096,-26.410000000000025,-130.60218910217284,-105.83304419443013,-133.55046613254797,-45.447292678706646,-95.33348156663648,-56.503196474106424,-39.56860361681314,-0.03157065671574212,-0.6314131343148425,4.0
1168.33342,416,11972.675915,416.0,694.4084137034832,146.923444537724,154.60121632410306,42.89999999999977,-8.140000000000002,-53.914271790981324,-42.857974734902356,-57.30649089042605,-18.50150521067576,-59.628019839451504,-30.129008676983783,-16.022383265900565,0.7276211216004741,6.053807731715945,1.0
2515.909893,1000,12005.053524,1000.0,1278.820149352782,369.7668380704176,385.83848704743247,95.85000000000078,-26.470000000000038,-126.97169324398052,-110.53060635142036,-131.2573548791891,-43.09288207962538,-74.14562102588005,-63.974367227040275,-37.923056690989,-0.07832367570066442,-1.5664735140132886,4.0
1023.147531,358,12016.738109,358.0,688.171910936471,120.96601945671524,137.72627680516254,36.74999999999983,-7.100000000000001,-44.346639409065254,-48.37809998542065,-52.8106138993393,-18.418020217329282,-98.51883415317246,-32.562689190773625,-16.331778851790144,0.6296556403496979,4.508334384903837,1.0
2775.380551,1000,12049.330769,1000.0,1560.6580297137605,366.05413414983735,385.50849451439285,102.75000000000104,-22.290000000000024,-130.9601756572725,-104.92642790116365,-134.94687809426046,-41.81070795441195,-101.76301881486697,-61.05791885760576,-41.83497982317018,-0.11398150931819213,-2.2796301863638426,4.0
1525.908561,559,12067.423935,559.0,869.3166189503323,198.50529745623803,215.66870470335277,63.44999999999958,-13.390000000000006,-73.9798306703567,-64.72792233303188,-75.48570753960142,-25.42266364229181,-60.32869609216663,-42.08543142677848,-24.611808020019215,-0.1757725638539259,-1.9651372638868916,2.0
1195.228195,429,12081.278272,429.0,715.1712444201175,150.50043891915448,162.58918576123617,44.39999999999976,-9.980000000000006,-54.13079612731939,-48.69347016066312,-59.94144322682645,-19.99204245661356,-63.33050862626079,-33.42578146933527,-16.938631552668927,0.5283435696156425,4.533187827302213,1.0
2735.466374,916,12110.94383,916.0,1699.582296448004,328.8741266916597,354.19059507953,99.45000000000091,-20.08000000000003,-122.41987739086143,-97.87862496823075,-124.20369339217036,-43.60135518047865,-150.6343624045099,-62.364965008523626,-41.44776582955673,-0.2054877455052123,-3.7645354976554892,4.0
2444.69618,862,12138.9445,862.0,1422.1040667381224,316.204074388601,326.5585535810917,92.25000000000064,-22.700000000000035,-110.25920064449312,-92.55421509612341,-118.83246993930871,-40.08451486817098,-109.46671774867693,-47.131077689041085,-33.392318647524654,-0.132252213486535,-2.2800281605078636,3.0
1120.052015,419,12152.550861,419.0,641.1682047594155,148.57801913685358,161.37683245222527,42.599999999999774,-10.46000000000001,-53.95495872497558,-49.4531827848405,-57.695904866002536,-17.590907887014453,-47.07449651241289,-37.44014428550651,-19.001445795407985,0.5111683302778693,4.283590607728546,1.0
709.234865,263,12161.044636,263.0,445.9144811098237,89.79567305908198,96.52918371163699,27.14999999999992,-6.020000000000001,-34.220783319473256,-29.114798808284103,-37.20434751404664,-12.5342162353451,-58.85454259239497,-24.473027679739232,-10.73275706293667,0.3191910544325347,1.6789449463151325,1.0
756.227876,302,12170.765345,302.0,414.26607166607795,105.43849213936726,112.33626517178133,30.899999999999885,-7.010000000000003,-39.02549517631529,-35.927894993871455,-41.91851691440255,-14.228936196309714,-29.829640162275943,-28.860539362946668,-11.91192979063941,0.5500417124816185,3.322251943388976,1.0
2984.238357,1000,12203.131259,1000.0,1816.279588012635,364.6228813933908,392.27428930224096,103.65000000000107,-22.370000000000026,-131.5783619976045,-107.75659618079672,-135.53854289124808,-42.29253582424978,-143.2139023752022,-64.05095181406404,-45.787510507717606,-0.16647984344389183,-3.3295968688778363,4.0
1817.708066,662,12224.451114,662.0,1046.9449890240294,233.99140039750569,254.32954252285924,68.54999999999974,-14.990000000000016,-86.31014971256255,-70.72458926439288,-87.79300756238229,-28.282532343749743,-82.57987065398471,-51.75388797671772,-25.673828741078367,0.029342443109639436,0.38849394677162613,2.0
556.847054,215,12231.410396,215.0,320.02281946791453,74.07861268040669,79.72873379766361,22.649999999999963,-5.55,-26.670729432106015,-26.203759370744223,-29.615952854604522,-9.713709327988582,-28.50521199445549,-20.966759868605422,-7.406988655019296,0.4263970401946044,1.833507272836799,1.0
693.351503,250,12239.474783,250.0,429.3273853159875,87.77633834122355,94.48236240492751,23.549999999999955,-6.560000000000003,-32.90953050613404,-27.78152205944061,-35.035307707612944,-12.520875481791949,-43.24893660197114,-22.973730839070516,-10.754680017448145,0.6450324829162681,3.2251624145813405,0.0
860.342061,313,12249.613231,313.0,507.0865020725292,112.01391837171855,119.4897366294616,32.849999999999866,-7.2700000000000005,-39.74078601837157,-35.133083492517464,-43.099924948104025,-13.880535726547063,-49.46983153020925,-24.543900348336656,-10.960033912681213,0.061260642051985954,0.38349161924543207,1.0
660.472287,236,12257.26717,236.0,426.66180368253595,80.57175130312048,87.8015228651546,23.09999999999996,-7.020000000000005,-29.619091715812694,-26.893844650685796,-33.46256227300508,-11.822821369143535,-56.043061436623056,-19.936284224049334,-8.865125108767144,0.7994355549664101,3.773335819441455,1.0
739.619506,248,12265.320525,248.0,493.4063310830972,86.01585975397899,93.73598256884719,25.949999999999932,-5.240000000000001,-32.95559697151185,-29.914837571606043,-36.35251172218573,-11.149003713461273,-54.27155321436977,-25.436943918648847,-12.168220331171161,0.584002069546042,2.8966502649483683,1.0
1946.622511,719,12288.761745,719.0,1124.5291813002254,254.08930539876042,269.5176658863127,73.04999999999991,-15.05000000000001,-91.4821748924255,-75.95905040130017,-100.02177804006749,-31.561219422015586,-97.4196608260408,-55.22552803747878,-26.84422961815451,0.008912575153725543,0.12816283071057333,3.0
1590.708069,605,12308.472164,605.0,900.9341654562021,216.042860679794,227.90055011922965,60.5999999999996,-13.700000000000015,-76.57852678298943,-65.32971505224702,-82.96192584351941,-27.75781261660261,-90.3341309024829,-40.20818260866746,-22.899213915278835,-0.38699708905846913,-4.682664777607476,2.0
2813.571201,1000,12340.921259,1000.0,1609.6516300437465,363.46484217129733,383.0412262320697,105.00000000000112,-17.640000000000022,-128.9022112274171,-102.16437320187696,-135.33914522147847,-44.412302816279315,-118.16839938709866,-59.9347184817889,-41.02534733078342,0.016542274166382365,0.3308454833276473,4.0
2534.742077,1000,12373.355245,1000.0,1308.9517303170442,367.57481874958575,385.42680518901625,94.50000000000072,-24.66000000000002,-126.27403839111341,-101.8064360145479,-132.63796923055014,-45.59839603258585,-84.60264145021323,-71.2781872086627,-34.853609128469614,-0.06057098673915644,-1.2114197347831288,3.0
1253.408438,459,12388.193017,459.0,728.243500714809,161.94205603043548,175.4140684223307,50.3999999999997,-9.340000000000009,-58.52570106506348,-52.15485915541653,-63.96604698745222,-20.264759472574042,-56.3291534750489,-42.66222878457766,-18.34843824332539,0.18242946812765093,1.6747025174118355,1.0
2307.061123,829,12415.240415,829.0,1327.0717011525014,297.16379391895157,322.92307897374883,90.90000000000059,-19.990000000000023,-107.26911303997035,-90.90261359736319,-112.35767229148807,-39.65610412997874,-104.17873081485791,-51.47802722938921,-34.16518992065192,0.03109663589825801,0.5155822231931179,3.0
2906.523912,1000,12448.345077,1000.0,1726.5487319810752,366.5076264351803,390.8217081489269,111.00000000000135,-20.93000000000002,-128.78220478534703,-106.42739214636374,-137.5519534850287,-46.52344499896533,-135.30163214586295,-70.2443820887866,-42.593144845881696,0.11499546604826823,2.2999093209653645,4.0
972.715981,346,12459.60737,346.0,604.6849915683033,122.19237002511022,131.01513277620165,32.999999999999865,-7.320000000000004,-44.62955648899077,-39.07708107307552,-48.91339404723589,-15.71882354396554,-62.19982701216438,-31.932041034994278,-14.385790517219222,0.0002255642278008148,0.0015609044563816383,1.0
2076.748678,749,12484.053978,749.0,1197.3794839040327,270.339167126913,285.9020147774027,77.70000000000009,-14.860000000000015,-95.64686952590937,-77.45589624159042,-102.7649181805194,-33.54706526756314,-99.22016688712083,-50.025770669096694,-30.05130122610068,0.017810956811408114,0.26680813303489354,3.0
2464.41847,1000,12516.310578,1000.0,1215.0951841827218,373.74418711483975,380.34594152879987,97.20000000000083,-25.350000000000026,-125.10087739944447,-105.0349556595088,-135.463957870276,-45.54108737474198,-65.07819401913207,-64.75006403937068,-35.64770659560003,-0.08474146905834354,-1.6948293811668707,5.0
1092.99784,360,12528.037406,360.0,716.703702595836,129.31113141499225,135.34341172720275,38.84999999999981,-7.250000000000002,-46.92403832912447,-38.97728518545628,-51.66044295736678,-17.142054017277633,-84.53612091545244,-25.441992426214664,-15.278471601037932,0.36394668102335254,2.620416103368138,1.0
684.794022,241,12535.906198,241.0,431.1070408039946,82.77213555698279,88.55627208794037,27.599999999999916,-4.509999999999999,-30.757446074485784,-28.16922939047218,-34.5677392976996,-12.07132665131698,-45.31515854654467,-21.71953246246576,-9.13099360320492,0.7750026316304921,3.735512684458972,1.0
2889.269227,1000,12568.332317,1000.0,1673.4006442038167,367.2359456404803,386.9300202404476,112.2000000000014,-21.570000000000025,-130.6108246803284,-98.50258229970926,-138.54271768951463,-46.748706754850645,-119.30170153639617,-56.138255410375486,-39.08259505528817,-0.0294369953823921,-0.588739907647842,4.0
1072.474905,382,12580.840714,382.0,631.7974387641718,135.2499371870422,143.40306483201448,40.0499999999998,-8.110000000000003,-49.012214357852955,-42.067840606719265,-53.90150492511602,-17.842697025583227,-48.83781799260264,-25.299871003275122,-14.953590083209878,0.37054882317829146,2.830993009082147,2.0
1477.886689,563,12599.18986,563.0,828.1542186242436,202.3355344985551,210.95655290890247,55.049999999999656,-11.320000000000006,-71.52875465869914,-60.54572579097004,-76.9414167135709,-25.77105866707403,-78.68715509948053,-37.343332748365654,-19.472173233459834,0.013448410439195698,0.15142910154534356,2.0
816.678376,325,12609.994417,325.0,441.0170698760368,114.46259657232106,123.14628943142155,34.199999999999854,-5.170000000000001,-40.94646841049195,-37.60804823935029,-44.55726597087686,-14.18789879315719,-35.43900427542964,-30.432564909673225,-12.806329573322136,-0.32888954890129923,-2.137782067858445,1.0
1939.214917,731,12634.334135,731.0,1066.812921725885,263.4300378919543,284.84347936783996,76.65000000000005,-20.77000000000002,-94.43205737113938,-79.72858407627793,-99.42076261766272,-33.49421796339085,-70.23239616157672,-55.419355929951564,-30.024148050005937,0.029604872344614043,0.4328232336782573,3.0
348.565878,130,12638.71303,130.0,228.90014826362216,42.83376146884886,47.92632709123072,12.450000000000019,-2.919999999999999,-16.423016271591187,-16.422244412451985,-18.40366171301243,-6.007684190157621,-34.62486530911551,-13.176193405852215,-5.566693735957385,0.8394349179083236,2.1825307865616415,0.0
2134.666037,721,12662.980928,721.0,1312.5858880835467,258.84901420319903,279.2440377683448,72.7499999999999,-20.030000000000022,-94.79454469203955,-76.35452948436142,-97.1745355089528,-33.234789292261986,-112.82395518643996,-42.975392335232165,-32.37515608539639,-0.05180760908852896,-0.7470657230565876,3.0
554.780862,193,12669.311156,193.0,360.9245388131827,64.80192107648111,73.02097676731194,17.70000000000001,-5.54,-25.506372289657605,-23.71687976010143,-26.322749864751422,-9.4333097111058,-41.58262721075254,-13.954677953190235,-8.609957733989367,0.49398635132698027,1.9067873161221438,0.0
597.859131,221,12676.439545,221.0,378.46861278821564,75.45566071675017,83.28300586549373,22.199999999999967,-4.83,-28.78276871681213,-27.333420659601696,-30.725031153549082,-10.029105114275282,-44.76580415935528,-26.76960143910543,-9.312417335975256,0.7081740695027138,3.1301293872019946,0.0
1818.418395,665,12698.012747,665.0,1076.6161917548086,236.65030403183468,253.57883134622983,69.59999999999978,-12.140000000000013,-85.94288734912871,-73.39533248655492,-92.69334786830242,-30.566711849333917,-115.37641989640672,-47.177190083879175,-25.735042382102197,-0.1737387323720596,-2.310725140548393,2.0
1224.488279,440,12712.232343,440.0,753.1520774033339,156.41423103221075,169.53563971785027,43.79999999999976,-8.910000000000004,-57.25112034797661,-48.17560748681423,-60.54296296597429,-18.599506735451456,-85.39627682091682,-39.966538156714506,-19.57165626284293,0.33553310955670756,2.9526913640990267,1.0
2106.71559,760,12737.028882,760.0,1271.0550188751622,273.34051620086785,288.5449024608816,69.59999999999978,-15.140000000000015,-99.34717333793641,-84.54306861571965,-102.3503111460374,-35.11699247752184,-123.86518224932234,-63.712458274450384,-31.749661082696182,0.5483498529975429,8.334917765562652,2.0
803.786713,291,12746.349811,291.0,474.41728051299356,103.36975132217083,107.97069077709818,31.199999999999882,-5.170000000000001,-36.47139665126802,-34.36888856738806,-41.18893951968845,-13.173909726692486,-37.71789680029915,-24.834707629166537,-11.245270656234513,0.43837888965256405,2.551365137777923,0.0
456.444051,189,12752.377576,189.0,239.25361644710105,66.32193415427962,69.29656345613049,19.349999999999994,-4.739999999999998,-24.23784412384035,-25.493181263655423,-26.890702519034505,-9.555208279051351,-13.800359339094287,-15.149809999344146,-6.910957639508689,0.61919324907837,2.340550481516239,0.0
465.732531,177,12758.108726,177.0,280.41757555134086,62.191320696920116,67.37450655139095,17.100000000000016,-4.299999999999999,-22.0808830690384,-23.121745754778388,-24.224343721751836,-7.313416702393924,-29.72273978048488,-20.039215347951565,-7.548527845263586,0.743207073721798,2.630953040975165,0.0
951.295101,360,12769.614779,360.0,563.3453222874489,127.77767450048319,130.8330951797703,35.39999999999984,-7.600000000000002,-45.47101630687711,-38.574394726753276,-51.21707712515398,-15.537081264256852,-64.62280858015548,-28.526885892058562,-14.511727228699305,0.622175950653464,4.479666844704941,1.0
1452.758195,541,12787.385677,541.0,840.1482157069424,193.92703596407551,202.2916650281359,52.49999999999968,-13.160000000000009,-68.469232506752,-57.320979786664246,-75.22173471448106,-24.738285274087257,-85.63444835481873,-32.10656583401214,-20.45747496481129,0.34883488284077047,3.7743934323371366,1.0
527.440843,249,12795.597259,249.0,249.82766983073972,91.81299840750657,91.78933497385857,17.55000000000001,-5.8100000000000005,-32.223480625152575,-34.43658780753612,-36.126915772059945,-10.546223269948248,-21.406215470170928,-21.555615313045635,-10.434122089628683,0.24129219281129136,1.201635120200231,1.0
762.84359,274,12804.541586,274.0,454.7494648803579,91.94626081060355,104.53132757477037,28.799999999999905,-5.42,-34.432195649147026,-31.539110909774895,-37.26685068009976,-12.267634605760186,-38.50825033949396,-20.709225197903777,-11.040196259774866,0.667554240095012,3.658197235720666,1.0
2086.112306,743,12828.849654,743.0,1227.6490030322016,267.84104967909116,281.7587232576572,76.80000000000005,-17.560000000000013,-95.3964062166213,-77.79986346065995,-102.723179281947,-32.25962676497452,-103.61205813667486,-52.11977354168036,-29.465562981776554,0.09264240968235551,1.3766662078798029,3.0
618.233028,237,12836.587901,237.0,370.37059769678723,80.7444847492776,86.72954281739024,20.84999999999998,-7.340000000000002,-29.101462187767037,-27.62623542472721,-31.852556935928483,-10.355829730398469,-36.583531657920155,-26.692681386381416,-7.909300280116075,0.7209559720293577,3.4173313074191554,0.0
873.335702,289,12845.966118,289.0,575.8748813116224,98.0220019611375,109.4887598098295,31.649999999999878,-6.0100000000000025,-36.893526453971845,-29.936005409434447,-40.51222171311126,-14.090482540927354,-69.63376306380344,-22.227331198524,-11.396610560063218,0.9507829078890708,5.4955252075988295,1.0
1332.415932,441,12860.22601,441.0,860.535545208729,156.1719676807451,166.7676417964467,48.14999999999972,-9.900000000000007,-55.914778356552105,-47.073179535567796,-61.755096267059166,-22.371267779377817,-94.33660301612275,-32.179654959367355,-16.678642742620053,0.25232498710940005,2.2255063863049087,1.0
761.366053,277,12869.177301,277.0,449.12363390760413,97.56787262383088,102.54663940626715,29.999999999999893,-5.930000000000002,-34.713703193664564,-31.331073608994483,-39.64063563891201,-13.548409687309562,-43.79344998944486,-15.952889286476449,-9.961931289200884,0.5898860895555191,3.267968936137576,1.0
864.212915,310,12879.17512,310.0,553.0862397929046,109.44324619947926,120.54939723950775,28.34999999999991,-8.100000000000003,-40.23832725048062,-38.43431707173584,-42.07889392219305,-13.23146486816328,-79.64166148070042,-22.26636032279262,-13.22494294358492,0.9438097288880994,5.851620319106217,1.0
700.753757,258,12887.522454,258.0,433.98856291741737,88.20353211192696,98.18567084775354,25.799999999999933,-5.1000000000000005,-33.48001274108886,-28.61841683536768,-34.41330492873282,-10.25460685489594,-57.610296176808724,-23.269999039737392,-10.677372615521145,0.2715790854948508,1.4013480811534302,1.0
1798.050018,589,12906.751677,589.0,1150.8525711215582,206.9678560114811,224.19148491498567,68.24999999999973,-12.84000000000001,-77.44925782203676,-56.69166037999097,-82.5399401202228,-26.85163248907784,-123.09892614136474,-37.78880377928703,-23.951673184731547,-0.019947477719149353,-0.23498128753157935,2.0
446.196045,174,12912.406971,174.0,258.76842847705154,62.59555022595871,63.70979209557759,15.450000000000026,-4.860000000000001,-21.352072606086743,-23.954346509277826,-24.781118894624043,-7.509996682692339,-24.29356682069381,-14.854039799309403,-6.722584364899454,0.49810394144227566,1.7334017162191193,0.0
1226.057929,422,12926.021623,422.0,759.6961748136042,150.8191094528954,155.5969446305546,43.499999999999766,-7.920000000000004,-53.970416207313505,-44.22579117566348,-59.17858971372737,-19.9707574293705,-70.52921129903054,-34.32754427554636,-15.431989753175381,0.15431025067136583,1.3023785156663275,1.0
1488.836433,489,12941.919994,489.0,992.1379502822131,166.6409650771948,189.6902581536927,50.6999999999997,-9.810000000000002,-64.47296162605285,-55.57590679116545,-68.4930747691665,-22.99085557777086,-117.63811504337922,-38.68338014586905,-21.66844685576282,0.1971603525317873,1.9282282477608796,1.0
105.049713,73,12944.294322,73.0,38.15322920396095,24.296658891515314,25.315683517042824,2.3999999999999995,-3.06,-9.534192185401917,-13.24692602753639,-10.117201557942977,-4.177002490739748,-0.6515631972433479,-15.36092062283717,-1.9680523927625713,0.25502506626733285,0.37233659675030595,0.0
948.466274,350,12955.665613,350.0,568.3212858035773,121.56243357429369,134.17251003543745,33.29999999999986,-8.260000000000007,-45.31771737098692,-38.33296613246203,-46.47130122825865,-16.162046935494566,-59.30670839083696,-30.685142104240935,-14.35407300225668,0.5617507969236393,3.9322555784654747,1.0
293.948415,104,12959.081713,104.0,207.19414802808544,32.603970258978634,37.632448321241064,10.800000000000015,-1.85,-12.942053933143614,-15.31667564287782,-15.252399478808897,-5.099270001885338,-33.985036984735004,-9.58792195164952,-4.248793493240217,0.9240002684115608,1.9219205582960466,0.0
2583.900074,1000,12991.493894,1000.0,1342.6879506279981,365.73617868710596,391.80448443267585,104.70000000000111,-20.900000000000023,-127.74250587940232,-106.03892966806887,-132.77800339177043,-45.12651723024941,-77.77169413952078,-71.71475871838629,-38.95613059678923,0.2082830571006117,4.165661142012234,4.0
600.641981,227,12998.865851,227.0,320.6339577248982,83.59886934659224,84.19048895291324,24.449999999999946,-4.88,-28.618511023521428,-25.34202691018583,-31.443945036239878,-10.531662022380205,-21.384736072920834,-9.611793834091888,-7.418659774628014,0.536360394006003,2.4350761887872534,1.0
1617.025965,662,13020.473331,662.0,810.1875928475156,234.6562890081934,252.16946834025197,63.44999999999958,-15.870000000000013,-84.17166399955748,-68.57202879041435,-91.3624017816725,-29.10044923310374,-48.38512812392352,-43.57193379893938,-24.403779702932685,-0.1475790595496671,-1.9539467484375925,2.0
301.165761,113,13024.141433,113.0,207.76449878349138,36.91043840442803,38.48206434771933,10.500000000000014,-2.959999999999999,-14.404629187583922,-14.242036260664467,-15.832875085811486,-5.571087645742297,-29.54870781135314,-18.933579263000645,-3.9983251557786494,0.89649724822331,2.026083780984681,0.0
2827.410389,1000,13056.58753,1000.0,1610.107030213626,370.57205507700996,384.79176260107675,107.40000000000121,-21.53000000000003,-128.58885694980614,-97.77350882515292,-136.0130945070517,-44.72592916090666,-115.51947882866544,-62.58191989275514,-38.727670844645594,0.0006772963171323852,0.013545926342647705,4.0
2548.104873,1000,13089.548904,1000.0,1307.118443237013,368.53374230601617,387.560390554674,99.3000000000009,-25.93000000000004,-125.64806929111481,-99.64019920639689,-134.49606681045904,-45.67995876099427,-78.51764659980087,-67.98556136645637,-36.510201135318674,0.18110555014922128,3.6221110029844255,4.0
1649.681191,561,13108.66368,561.0,1059.8370726267826,195.48041501617934,215.35263761185436,55.49999999999965,-11.120000000000005,-74.22971431970602,-61.5551935397089,-77.81906921997106,-25.333564220572732,-114.25154730192148,-47.58583454851766,-25.594011141197157,0.7032746703934464,7.890741801814469,2.0
2767.849909,1000,13142.240009,1000.0,1536.6325965140875,374.1727043252835,384.17009967194923,105.30000000000113,-24.750000000000032,-125.76751152515433,-100.87001397460712,-134.6109920955382,-43.91672376050983,-99.09691982743063,-65.74255076367851,-37.670779247402,-0.08828343245405035,-1.765668649081007,4.0
845.235755,376,13154.898209,376.0,388.35280163134524,127.67009747719744,146.98297576159126,31.949999999999875,-7.420000000000004,-47.81759932994843,-41.85525171905756,-49.45296161795049,-16.437960476886268,-21.775127485074293,-26.837391756147206,-14.123827908322843,0.4542717722427713,3.4161237272656404,1.0
542.650405,194,13161.544825,194.0,319.91909863486455,70.08984947912425,71.60661466601046,18.450000000000003,-5.800000000000001,-24.97290528297424,-20.553726310282936,-26.50929816165665,-7.5423932893742816,-26.93246967010372,-12.193128044341549,-6.9112366469985504,0.6813112395524987,2.643487609463695,0.0
553.385516,200,13168.376312,200.0,342.04396642250566,70.88330821142313,74.40103603423924,21.149999999999977,-5.630000000000003,-24.840271630287187,-23.13343752920628,-28.076271943351735,-10.502060912457003,-40.60957020425383,-14.911494597771524,-7.389687804123222,0.21465058537699389,0.8586023415079755,0.0
825.776294,308,13178.84711,308.0,484.0104112168167,109.9420847843955,114.04587650220502,29.699999999999896,-6.370000000000003,-39.38390088081359,-35.786045177280904,-43.57334114232114,-14.930654408572508,-49.93647803204235,-18.81385011915252,-11.127808554231875,0.4410719990608353,2.7170035142147455,1.0
2580.261048,1000,13212.571149,1000.0,1347.9655003871044,364.6466902445299,389.4073323641124,100.20000000000094,-24.140000000000033,-128.43632834434501,-104.4175387412311,-132.7094620083673,-44.79677319685055,-78.36382736322408,-68.78869830916426,-40.30584722294615,-0.12671616691091925,-2.534323338218385,3.0
2727.711565,1000,13246.762683,1000.0,1515.310870962035,372.1942293694878,389.4286835378719,100.35000000000095,-20.71000000000001,-129.3759361267089,-101.24651306718587,-133.1184871031018,-43.193178454325434,-106.59859329674572,-73.98201915884476,-41.34749183313373,0.10346724720058402,2.0693449440116805,4.0
594.267432,212,13254.292423,212.0,399.0411664841315,70.32896293544319,79.79428629287084,21.449999999999974,-4.91,-28.12777449131012,-26.232624085992573,-29.5850250083796,-9.813921351997584,-54.958478552495414,-25.763516723550243,-8.955643440949048,0.904084177921334,3.8333169143864563,1.0
827.964279,384,13268.460769,384.0,381.5023403525728,139.20392845832293,137.57002501969865,33.89999999999986,-9.690000000000007,-49.871019983291625,-43.18979127630588,-53.43114636538365,-19.205818591704165,-22.372881261845002,-36.76185105822473,-13.689506265444383,-0.10766168376154346,-0.8268417312886538,2.0
542.943984,178,13274.853991,178.0,384.12123486429505,57.32094491988198,65.143921790228,18.75,-3.5099999999999985,-23.14631149291994,-20.85233287774028,-26.1124266301602,-7.828214039904547,-55.14927561927685,-16.053012356111402,-7.740544915737724,1.046336665500848,3.7249585291830183,0.0
1129.69122,394,13289.456428,394.0,685.5601122517452,140.64507544983277,149.7236129014093,42.29999999999978,-8.270000000000005,-50.05993535995484,-40.19397072568535,-55.383714713647805,-17.052733781148603,-71.56298040121621,-24.407694928765288,-15.606550586397313,0.27038713688939353,2.130650638688421,1.0
996.719749,389,13303.890447,389.0,543.9004580362356,136.76742882847236,144.10410806702166,38.399999999999814,-10.05000000000001,-49.01721203327178,-40.53888294594367,-53.9660187667975,-18.85939059109564,-39.8696500404466,-29.53198645871826,-13.619105239073887,0.1927000758659114,1.4992065902367908,1.0
2141.872164,774,13331.527571,774.0,1238.7071562750223,280.2995327746424,299.4108139414456,84.30000000000034,-18.61000000000001,-98.46564343929292,-83.12252492755657,-107.97396803581377,-36.26953730146099,-105.57089236061086,-52.948056246469115,-31.8847171352256,0.054351094922131284,0.8413549493945923,3.0
653.711851,241,13340.088983,241.0,384.20919238053506,84.02305528781528,91.52029902471229,24.449999999999946,-5.429999999999999,-29.658321108818065,-28.18722716867924,-33.58135551018331,-11.157259052866022,-36.25401422677542,-17.560581010873378,-9.661937783603095,0.47881220518072276,2.3078748289710838,1.0
572.306124,199,13347.217909,199.0,377.49356972141874,65.86311059791161,71.40375023483915,20.399999999999984,-3.979999999999998,-24.65736018657685,-21.964448320493087,-28.88256320840306,-9.835971602142767,-44.864689860690895,-19.929835128655135,-7.739438557145349,0.6978089896057684,2.7772797786309584,0.0
1614.299817,576,13373.841173,576.0,970.7062062959484,199.85829326282376,219.04249861826347,57.149999999999636,-13.280000000000019,-74.00197535991673,-58.207209120690806,-77.27897282746044,-23.334872785668928,-96.6829803029597,-42.5199530039735,-23.15121822587487,0.11259426526130037,1.2970859358101803,2.0
1046.132152,381,13387.690113,381.0,623.8353414773804,132.12446496823597,142.31986508028808,38.09999999999982,-10.000000000000009,-48.256284694671656,-38.69742515645919,-53.73403917606203,-18.119681255621444,-61.90727160922234,-26.735678376676056,-13.797139391942736,0.13687718316088626,1.0430041356859534,1.0
1786.409694,569,13407.328119,569.0,1201.838872328826,191.78812934399156,220.65602807019425,58.349999999999625,-11.050000000000006,-76.74419229030609,-58.2117310754955,-79.36749120654686,-26.909712304256562,-132.61419247773,-42.933712982956074,-27.39230298876212,-0.23340117365100777,-2.6561053561484687,2.0
942.847716,350,13419.425667,350.0,547.6595072621815,124.48633322402031,129.0923754764807,31.49999999999988,-7.900000000000001,-44.17271744251247,-38.30770927667616,-49.54934188572545,-16.161439052776114,-45.541455989372075,-25.03511105072632,-13.222725688321002,0.5889519591009347,4.122663713706543,1.0
2808.437809,1000,13455.288744,1000.0,1578.2777311296861,370.74835955114776,385.29504771163334,108.00000000000124,-21.670000000000023,-127.59209012508394,-99.00931362956761,-135.60426596796907,-45.4255166594558,-105.50464945347046,-58.083057257997496,-40.99443617350698,-0.010734014802890147,-0.21468029605780292,4.0
2788.675803,1000,13489.426243,1000.0,1626.2413358375018,360.9824669339929,386.2252461129255,104.4000000000011,-22.080000000000034,-127.07222129821773,-103.41471943706267,-136.31659287263525,-45.152713814794836,-146.9394830553669,-66.98649846927273,-41.21101674506065,-0.4265281897329084,-8.530563794658168,4.0
2759.231578,918,13522.386267,918.0,1730.2045858599627,326.9884565958693,351.90772852156886,100.80000000000096,-19.81000000000003,-120.85497222900402,-91.97122764214878,-128.90172357977937,-46.147262999801654,-163.671625348701,-57.18661365593503,-40.125767337326,-0.3732803533756419,-6.8534272879767855,4.0
988.512901,388,13536.243246,388.0,533.449291492355,138.75970639646474,146.17339417407118,39.299999999999805,-10.740000000000006,-48.707781572341915,-46.882827077060874,-53.862488109544024,-18.34877410326044,-32.86805711191431,-31.393886480110545,-14.365676632448533,0.3756307747632219,2.9148948121626015,1.0
524.732794,195,13543.259432,195.0,304.0476759849236,69.55597099076628,72.25111188383008,19.94999999999999,-5.060000000000001,-23.835235166549698,-21.53677995353936,-27.448515730025974,-8.846167004285148,-26.84452919254254,-15.572071021885144,-6.928666900200101,0.21270864773274462,0.829563726157704,1.0
2742.25667,1000,13579.235327,1000.0,1512.2165568556309,371.188507808239,380.23200088752776,108.60000000000126,-22.550000000000026,-126.46110921859743,-99.80882455110542,-139.72401454579318,-46.16295495884006,-98.32910655407329,-60.56297636701935,-36.38140897376233,-0.2873103112906762,-5.746206225813523,4.0
1785.783933,649,13603.683748,649.0,1010.0498087551404,235.94676447202684,247.0343268699773,69.74999999999979,-16.030000000000012,-81.50398240566244,-70.34230107963083,-90.70524404863141,-30.70478450681789,-73.6248614243776,-35.11122468159777,-27.974568893139967,0.043892582760975726,0.5697257242374649,2.0
1084.102064,401,13618.34538,401.0,613.9012585183311,144.673764833642,147.7820718876266,41.24999999999979,-10.960000000000008,-50.386087894439704,-46.39987364970146,-55.91014755506853,-19.161109552434052,-43.0786409758211,-24.25927637502996,-14.349895428622721,0.17410132078553778,1.396292592700013,1.0
1974.863764,801,13647.629215,801.0,1006.5788472147136,295.0936611891672,299.936611827393,77.25000000000007,-22.900000000000027,-98.8075460100175,-84.72509930357334,-110.76697582902277,-37.16395213439217,-73.94206983170585,-49.09897585052509,-27.59073690235418,-0.07437766615609348,-1.1915302118206175,3.0
1468.120749,534,13666.016298,534.0,846.6663767533453,194.37941374724886,196.78143754751235,53.84999999999967,-15.120000000000012,-67.11324407100672,-58.34511053860191,-73.40990219492106,-25.14090275732743,-67.09943242187245,-31.840765213044364,-19.487121682449306,-0.2510210321456811,-2.680904623315874,2.0
490.35033,178,13672.336472,178.0,304.72439357341625,63.06555727553758,64.59004665601604,17.400000000000013,-4.72,-22.238162512779244,-21.712289245799173,-24.34296189151199,-7.738390083368498,-35.1032464048111,-14.822962738528929,-6.751654846106641,0.7662110095900855,2.727711194140704,0.0
737.898173,275,13681.788563,275.0,447.90061458083585,94.38866363335357,103.14585776217196,23.699999999999953,-7.470000000000001,-34.967512378692625,-32.10927739292386,-37.13891283433946,-12.332332862081165,-50.003783939896564,-21.14996379488305,-11.065180095457588,0.7531498228038926,4.142324025421409,1.0
1338.520604,454,13699.460454,454.0,827.9145288352685,157.90177993387329,175.7289958528931,48.44999999999972,-8.920000000000007,-58.44168977737426,-47.441831995174304,-63.108216553233355,-20.61865887852928,-80.98172940571797,-26.82117779945554,-19.14139617110227,0.5987448629498677,5.436603355584799,2.0
1610.574412,596,13722.550824,596.0,929.5235900961073,213.09224178766488,223.34104980896763,62.99999999999958,-13.700000000000006,-74.61487119197847,-61.902269451320215,-84.62256895061232,-27.337175916763186,-85.87485208840157,-43.36718017154116,-22.96355210193988,-0.07404089408552439,-0.8825674574994508,2.0
2941.438809,1000,13759.086537,1000.0,1754.3477678438117,366.58182142114106,386.5600774102379,110.70000000000134,-23.23000000000004,-129.3765910053254,-98.81541541777561,-140.0430169823943,-49.394386256436874,-131.01459845112328,-62.73004440385609,-42.14680490247497,-0.2629751584195258,-5.259503168390515,3.0
852.342333,352,13772.289341,352.0,462.46328479930514,122.94408376216852,131.04003832833357,29.849999999999895,-8.19,-43.50070052146909,-38.715676040947415,-48.15702772763356,-15.316091893452837,-49.92418908334413,-29.245076487379887,-12.90631217966258,0.06862749707378794,0.48313757939946717,1.0
466.051888,203,13779.249578,203.0,237.42373842449945,69.25394862052238,75.9327763520156,18.450000000000003,-4.85,-25.002259182929993,-25.122230701148517,-28.602125939829342,-9.103288401387935,-16.10716762388474,-21.47176707568784,-7.749736860686791,0.18125363585014923,0.7358897615516059,0.0
1548.2362,530,13797.558774,530.0,965.1590797348593,186.7680557523855,201.25738131588173,59.09999999999962,-10.42000000000001,-68.68102666378024,-54.06324911490083,-76.07958762374147,-26.484710414224182,-97.93530986846694,-40.304714451410945,-20.079718520883866,-0.12652949000259392,-1.3412125940274955,1.0
