#{"t_start": 1783133905.655947, "env_id": "None"}
r,l,t,rc_alive,rc_forward,rc_upright,rc_height,rc_single,rc_air,rc_ctrl,rc_action_rate,rc_torque,rc_slide,rc_lateral,rc_yaw_rate,rc_joint_vel,ep_speed,ep_dist,ep_pushes
-41.388174,58,1.141253,58.0,-56.917264433246906,13.360658107976793,17.6537773853983,0.15,-3.19,-4.339849920272826,-22.094962656497948,-8.8046231106301,-3.2872140033042596,-6.682369966494667,-23.444513800770153,-1.7918115442025533,-0.35725213154454566,-0.4144124725916729,0.0
88.502871,98,1.277636,98.0,34.88974503321566,29.15174975809706,31.10434150075982,4.35,-3.8199999999999994,-7.915069506168367,-40.01584227085115,-15.905053449136648,-4.975135633406394,-5.8648647855886855,-26.212957727019138,-4.284042077522491,-0.21917639658500357,-0.429585737306607,0.0
-22.815761,51,1.348275,51.0,-30.940857403455077,13.777742090507978,15.725963011662515,0.6,-3.2599999999999993,-3.9260754323005678,-18.294012904167175,-8.001321192404074,-2.192010227079249,-4.5212298008036464,-30.6640019511375,-2.1199575660217387,-0.2608946835205449,-0.2661125771909558,0.0
-31.704435,66,1.436752,66.0,-47.260241200526075,19.52037901083918,20.88468762933448,0.3,-3.4899999999999998,-5.075916585922242,-25.156125521659852,-10.572527345554189,-3.1662366330986234,-5.598636349606034,-35.65835809653681,-2.4314598457614633,-0.3065407248394474,-0.40463375678807056,0.0
8.209235,58,1.52191,58.0,-22.312748149687472,17.794318909589574,19.06963802522986,0.6,-1.6999999999999997,-4.808658790588381,-23.86313318014145,-9.172886968369054,-2.489446413982887,-2.234908195704013,-18.6381531008899,-2.0347871235554362,-0.15082437641747487,-0.17495627664427085,0.0
-33.627407,66,1.615459,66.0,-58.886651924853474,17.717964850444528,20.90582693593125,0.0,-3.9499999999999993,-4.720567436218262,-24.37672002315521,-10.219232780146742,-3.5672951687981187,-6.810368813889642,-23.10769197051308,-2.612670445283607,-0.4581965657761547,-0.6048194668245243,0.0
-61.143596,60,1.703122,60.0,-70.79071583086369,15.622620579936267,17.37064046589484,0.44999999999999996,-4.03,-4.685372548103332,-24.442393779754628,-9.158916000736324,-3.1102735600414886,-10.067738519756773,-25.84703096282352,-2.454416243945432,-0.4509439873835116,-0.5411327848602139,0.0
-9.694559,49,1.774158,49.0,-29.290452246511737,14.346458710375778,15.34845414652058,0.0,-2.3999999999999995,-3.905670037269592,-19.557274293899546,-7.37579637038551,-2.399213578003356,-3.4172168719190967,-18.42072211893579,-1.6231262748889757,-0.35062016890811915,-0.34360776552995675,0.0
-4.994881,42,1.835387,42.0,-22.71825814863393,10.163992997632313,12.390333364772967,0.15,-2.7099999999999995,-3.369751763343812,-14.751614916324616,-6.416409765813917,-1.8637703954498506,-2.951167735267363,-13.316892701849659,-1.6013419698015026,-0.33608449114127026,-0.282310972558667,0.0
-13.556995,65,1.931053,65.0,-37.84171245532255,20.02134492321045,21.061486193748507,0.44999999999999996,-5.1800000000000015,-5.626876313686373,-29.10122467279434,-9.97007201723166,-3.289862555180384,-3.947674055783559,-22.630792490580728,-2.501611353295661,-0.371152942491872,-0.4824988252394336,0.0
-27.684872,59,2.014793,59.0,-30.345889352654908,19.00418846458244,19.368195959905982,0.44999999999999996,-2.4499999999999997,-4.716812360286713,-23.467826402187338,-9.475641452695296,-2.1003975752504758,-3.420395371323457,-47.05387956632403,-2.4764144676013333,-0.2112310868285566,-0.24925268245769677,0.0
-47.699329,56,2.096075,56.0,-57.81700232615549,14.708161816270376,16.81083160914628,0.0,-3.7499999999999996,-4.738460233211516,-24.09624621868133,-8.833154384324237,-2.969707073979735,-6.700441742492885,-24.373360796511733,-1.9399496893868846,-0.41568541836236766,-0.46556766856585186,0.0
-45.617454,47,2.159657,47.0,-52.78078989042034,13.063211856314258,14.98642147228753,0.15,-2.36,-3.69170606136322,-18.037016212940216,-7.333421064077997,-2.5973273047014804,-7.639359432927471,-24.634706800880153,-1.7427606590251432,-0.4678489793510438,-0.4397780405899812,0.0
-27.349573,52,2.225828,52.0,-32.8067609835611,14.454434170582088,15.688591661704177,0.15,-2.9699999999999998,-4.404681780338287,-21.5909582734108,-8.108646985964649,-2.605748054838898,-3.982132731416903,-31.47599381179706,-1.697676020611255,-0.24089967170375454,-0.25053565857190474,0.0
-38.361498,67,2.322115,67.0,-49.496330784269446,21.00127631817451,22.912293869310428,0.44999999999999996,-2.44,-5.482579267024995,-26.217368078231807,-10.524300175085273,-2.87512464947483,-6.672388394355638,-43.186221379775915,-2.830755654559486,-0.3048190829630534,-0.4084575711704916,0.0
-48.819518,51,2.39418,51.0,-45.35591514043565,14.228623778773487,15.775965664019479,0.3,-2.0300000000000002,-4.17859516620636,-20.451326477527612,-7.90015281404525,-2.165482901538643,-6.218132769004844,-39.717139563413724,-2.107362934321256,-0.34984167360060636,-0.3568385070726185,0.0
-39.63877,46,2.458163,46.0,-51.379090918012146,11.467852388162102,14.049045659238594,0.15,-2.88,-3.775232644081115,-16.76421678066254,-6.907555962938806,-1.880098126902643,-6.281694478733105,-19.846465646324383,-1.5913137166520122,-0.5055035444881224,-0.46506326092907263,0.0
-34.156414,56,2.540133,56.0,-50.093520275057415,16.582679040701517,19.22005714872454,0.15,-3.9999999999999996,-4.5055484056472785,-22.92412140369415,-8.509392076799626,-2.2535656977612635,-6.300829402484011,-25.202249024765816,-2.319924218589127,-0.43129636591196946,-0.4830519298214058,0.0
16.678439,79,2.652609,79.0,-23.859893306521986,24.234608983482953,26.13656854695402,1.05,-3.1099999999999994,-6.258018641471861,-32.40706143379212,-12.369266762406596,-3.102036864212448,-3.392639767494231,-26.355180394807974,-2.888641290557164,-0.26515868263734627,-0.4189507185670071,0.0
-49.004145,68,2.747434,68.0,-67.44425647956358,18.56155493993137,21.515022824955867,0.6,-3.8899999999999997,-5.366944706439972,-27.05824365019798,-10.582309918620867,-2.574445430968624,-9.047725587145306,-29.65642529415506,-2.0603714732785914,-0.39793951468656347,-0.5411977399737263,0.0
-13.6075,56,2.831892,56.0,-26.380802224894115,16.662597323341963,18.863747251223234,0.44999999999999996,-3.5899999999999994,-4.441027073860168,-22.7197756767273,-8.952396848381662,-3.3636590281065564,-2.4709103488430704,-31.4891348724208,-2.1761386287084763,-0.28129350661612407,-0.31504872741005896,0.0
-20.760464,50,2.902356,50.0,-30.793436466963705,15.210942515796766,16.770903274294398,0.15,-2.15,-3.97080774307251,-20.249256825447077,-7.816896245373525,-1.947321790413745,-2.756948535858106,-31.31478780516327,-1.8928543047108435,-0.2297416725081942,-0.2297416725081942,0.0
-37.28896,66,2.995198,66.0,-51.15867043848097,20.41081164687609,22.1713942250727,0.44999999999999996,-3.57,-5.162217302322388,-25.00179596543312,-10.668570740975776,-3.614336830717698,-5.620001021236945,-38.924119215507694,-2.6014543661044027,-0.2837563852621763,-0.37455842854607274,0.0
-62.694813,54,3.065228,54.0,-69.91192173629256,13.81312601621174,16.69391598695482,0.3,-3.7899999999999996,-4.22712209701538,-20.174754035472862,-8.456855386146911,-3.3071638153339644,-9.515040386780495,-26.04171560549905,-2.07728209566605,-0.5178055598620196,-0.5592300046509812,0.0
-38.92923,42,3.11604,42.0,-47.04737516946615,9.890388087201229,12.449713862227282,0.3,-1.8499999999999999,-3.4966280126571654,-16.406286323070525,-6.792527962337763,-2.1072174536016983,-5.099080268488312,-19.15598008011664,-1.6142370096550864,-0.46795169746924764,-0.393079425874168,0.0
15.970707,86,3.222507,86.0,-33.83794767672723,27.097739910023495,29.373923591430763,0.75,-4.920000000000001,-6.7871650218963655,-33.83456833362581,-13.532465456606605,-3.478169853494541,-4.494948524348758,-23.28377571631952,-3.081915955266372,-0.2576883852772815,-0.4432240226769242,0.0
-34.68687,64,3.31184,64.0,-46.98963232161689,19.111592847889856,20.836156782057696,0.44999999999999996,-2.9699999999999993,-5.252786545753479,-25.393010032176978,-10.374086212786755,-3.2519164333768846,-4.484856686811074,-37.768037021663666,-2.6002940242599255,-0.3120747449133046,-0.39945567348902994,0.0
5.996961,102,3.45075,102.0,-31.097543984094173,31.131453456809517,33.957830338540624,1.4999999999999998,-7.370000000000004,-8.348306801319124,-42.94335390329362,-15.988553087182147,-5.421069677441758,-5.291720431896722,-42.17104132001809,-3.960733921197774,-0.13811784792501286,-0.28176040976702627,0.0
-43.487987,51,3.519759,51.0,-44.1565103507437,13.157263306190668,16.17282661173012,0.44999999999999996,-2.6899999999999995,-4.185437490940094,-22.22697696685792,-8.094213182424756,-1.8939437939439263,-5.387341865305439,-33.66520749854252,-1.9684462112105723,-0.3342943310258623,-0.3409802176463796,0.0
-27.896794,55,3.591924,55.0,-44.05354441921417,16.760506318410016,17.84162030364333,0.3,-4.14,-4.526412160396575,-21.466400051116942,-8.554311754299654,-2.1597634850577854,-6.174207298453455,-24.400017815803366,-2.324263270927457,-0.15196563283147335,-0.16716219611462071,0.0
-11.931767,58,3.670423,58.0,-33.92435851734261,17.65211010989042,18.86593552951817,0.3,-3.6799999999999993,-4.430382592678069,-22.555584859848025,-9.080316783421413,-2.789603627952038,-4.157291052773826,-23.860948592525855,-2.2713269930941653,-0.2563516822361314,-0.2973679513939124,0.0
13.76374,77,3.776142,77.0,-24.721067033434046,25.35124457210518,27.727700108918782,1.05,-4.8100000000000005,-6.38076816558838,-30.673950713872905,-12.063223279705422,-2.8737481560456812,-1.9329997166926725,-30.645274786291147,-3.2641725960673473,-0.42261358140912436,-0.6508249153700515,0.0
-40.419573,56,4.632328,56.0,-44.905907209402415,16.152095853662132,17.435860391142434,0.0,-3.2399999999999998,-4.453925268650055,-22.670830655097962,-8.936221574937928,-2.1345940720299783,-4.997798216322882,-36.49282441553319,-2.175427511531193,-0.29805087865058516,-0.3338169840886554,0.0
-47.891369,49,6.704013,49.0,-59.18769911040689,12.261991821783596,14.511666137695741,0.3,-3.4599999999999995,-4.244152817726135,-20.210511398315433,-7.749930883653255,-2.4515161293048746,-8.859984503853104,-15.83224828275859,-1.9689842325714617,-0.46467124033701157,-0.45537781553027135,0.0
-4.688874,91,10.526704,91.0,-34.60931346544242,27.479611519451268,30.68076034851019,1.05,-3.749999999999999,-8.054919071197508,-36.314605247974384,-15.064558999895945,-4.827961528917608,-3.134885499836758,-45.255544656491054,-3.8874576470569857,-0.26411475981642596,-0.48068886286589524,0.0
-49.180541,47,12.539032,47.0,-54.84928505305232,13.660538003434475,13.008766522814597,0.15,-2.2800000000000002,-4.548048515319825,-19.741457664966582,-7.698321325416432,-2.0971000870454994,-6.164462258052833,-23.251451593648174,-2.369718845358623,-0.4309757430704632,-0.40511719848623545,0.0
-19.77905,46,14.394714,46.0,-32.875894307586705,13.430929755550649,15.289880776450255,0.15,-3.8,-4.3197876167297355,-19.05478090047836,-7.484725955037129,-2.768714939283466,-5.066415499576024,-17.081249737539803,-2.198291298656523,-0.2871554887412141,-0.26418304964191697,0.0
-1.14923,52,16.474677,52.0,-19.76568186151942,14.77935212997918,15.090675952012338,0.3,-2.45,-5.247083950042726,-18.88038767576218,-9.05915271421913,-2.8419068006640424,-1.7905342463522609,-20.142996828704014,-3.141514128400247,-0.3824933494419539,-0.39779308341963204,0.0
-17.566176,39,18.042181,39.0,-27.00889072429584,9.172301981024395,10.804170493964609,0.0,-1.52,-3.9483900165557873,-15.538451027870178,-6.660825999168217,-2.320481235764816,-3.282946357849521,-13.733269375299953,-2.5293937701779745,-0.4324566827481691,-0.3373162125435719,0.0
-32.276434,73,21.096943,73.0,-44.823650633411006,22.328764468509583,23.00028155792366,0.3,-3.67,-7.7616521692276,-32.0486857175827,-12.52199863899451,-4.005612503173207,-6.377345053512751,-35.90723852548758,-3.7892964927352817,-0.2540660801587422,-0.37093647703176363,0.0
-18.40198,65,23.667915,65.0,-29.241134757208304,20.647433741075577,22.004962876594504,0.3,-3.24,-6.91355533361435,-29.147932684421544,-10.874879801671058,-4.562478537919107,-4.31323948504484,-34.88187920259463,-3.17927721811651,-0.17893144652097864,-0.23261088047727224,0.0
80.777756,72,26.687595,72.0,60.75494631366525,20.397177863682607,25.677815794484236,2.6999999999999993,-3.3599999999999994,-8.114882974624633,-30.16177715063095,-12.17971514651538,-4.139127942742725,-5.578717993405654,-33.17535777789339,-4.042604821815779,0.2359471367160253,0.3397638768710764,0.0
73.31354,63,29.166936,63.0,41.47479343117118,19.66353885391103,21.8590741646022,2.6999999999999993,-4.14,-6.952936244010926,-29.59635252952575,-10.401103816747343,-2.808365547340653,-3.0011007922820583,-15.019360168861109,-3.464646945064978,0.39242481709141874,0.49445526953518765,0.0
85.003333,64,31.809154,64.0,56.58075706666337,21.57559278805884,22.299745213396555,4.35,-2.5,-7.1650087594985985,-28.83814313411713,-10.25093296723612,-2.921921771903849,-8.403507458117891,-20.698085845163916,-3.025162628093317,0.3325244180382819,0.42563125508900085,0.0
78.452166,57,34.030687,57.0,54.70706949517367,17.390083428219064,19.66932676943934,2.6999999999999993,-1.8799999999999997,-6.067076854705809,-25.85817462205887,-9.249116488742475,-2.576012303202346,-7.0108368527655385,-17.453508842242684,-2.919587715418656,0.34133770988673323,0.3891249892708759,0.0
106.109898,60,36.441638,60.0,69.7823737953866,20.968892904620873,18.921917343589044,3.299999999999999,-1.8299999999999998,-7.170474128723144,-22.78673464208842,-9.491754259641525,-2.352199869906965,-7.243242881276518,-13.626005415346746,-2.3628744288683396,0.431998750416165,0.518398500499398,0.0
65.131278,87,40.013093,87.0,18.384070737860082,29.221109540930414,30.72736764695254,2.6999999999999993,-4.2,-9.932557582855223,-33.85054839849473,-14.648433938811579,-4.151464624956228,-2.2462295386136195,-29.247967918906294,-4.624067623671918,0.17050446421176846,0.2966777677284771,0.0
86.956217,52,42.070202,52.0,73.32104339719358,17.75046430693663,14.969154235688512,3.149999999999999,-3.0999999999999996,-5.860907125473022,-20.38599699735642,-8.65909286842745,-2.7203257779364702,-9.271296466702601,-21.85725974842296,-2.379565846899112,0.45246494885947297,0.47056354681385193,0.0
75.803586,57,44.356477,57.0,53.87632667005684,15.548578433044007,18.95452947418339,3.8999999999999986,-2.17,-6.451540489196779,-24.61409566998482,-9.428757640188417,-2.6600897823885914,-4.036554143542785,-21.440112189421658,-2.674699099495085,0.5811233667545447,0.662480638100181,0.0
18.337652,56,46.610237,56.0,-7.447195178169909,16.494596128712235,17.576956709478605,0.75,-2.74,-6.316041860580443,-24.315883386135102,-9.550840604753551,-3.339783417136558,-1.2975180882124306,-14.931711680459811,-2.5449267108754325,0.05325734262453778,0.05964822373948232,0.0
117.541465,63,49.0769,63.0,92.66366766474619,21.379863365837462,21.122091517089256,5.5500000000000025,-2.54,-8.052515530586245,-24.220055365562445,-10.307658307044763,-3.712155811276661,-14.003583078302327,-20.368959268695246,-2.969230562549284,0.5962357363610374,0.7512570278149071,0.0
113.77431,59,51.522542,59.0,86.33460619366473,21.01563832555375,19.936985731731113,5.100000000000001,-3.0199999999999996,-6.975543699264528,-25.00008544325829,-9.628623054736186,-2.7293831900194667,-11.199212249274288,-16.784535340141527,-2.275537045638831,0.6059167946887739,0.7149818177327532,0.0
104.864844,71,54.521307,71.0,67.66234688977967,23.17400238222921,24.9765514806117,4.049999999999999,-4.18,-8.307042784690855,-35.30794306993485,-12.35612063098807,-3.0524300396034434,-6.942225845593082,-12.48279628185872,-3.369498452596604,0.44654929094820683,0.6340999931464537,0.0
61.888609,75,57.536678,75.0,26.323276345214786,22.190418846395865,26.92662987620138,2.849999999999999,-3.829999999999999,-9.1232630443573,-31.576236462593073,-13.046250448746175,-3.327728949194122,-3.4086272931393866,-23.28202126210723,-3.8075882731598463,0.1420753817700443,0.21311307265506646,0.0
35.77369,69,60.419698,69.0,-5.0924162299345355,21.756042564736433,24.282276077164582,1.4999999999999998,-3.2099999999999995,-8.530086245536804,-27.700884425640105,-11.71622722953077,-4.129076580072443,-1.1169017818397275,-15.747527215047915,-3.521508484507142,-0.006059991654389436,-0.008362788483057422,0.0
105.314493,64,63.055781,64.0,71.95222442955652,20.931071273265314,21.980764655302092,3.5999999999999988,-2.89,-7.884072098731993,-30.174698746204378,-10.717219826058523,-2.686088940476564,-8.782848465373137,-11.70881289509508,-2.30582619511138,0.45394698227434893,0.5810521373111667,0.0
45.056587,98,67.219885,98.0,-8.262379430099568,33.042354917283724,35.22339552417483,0.9,-5.440000000000001,-12.13167051315307,-46.68874709606172,-16.561358350784268,-4.160380218675913,-2.5947128589582764,-22.828891645436002,-3.4410229325223836,0.16482006756718726,0.32304733243168704,0.0
80.202885,44,68.973082,44.0,56.721453198505564,15.347023564090046,14.780708981545663,2.2499999999999996,-1.66,-5.362911539077757,-19.08499845266342,-7.217324025412572,-1.8368272084347508,-6.733387367938214,-9.060927810367966,-1.9399246944477633,0.5352473869607718,0.4710177005254792,0.0
83.410474,50,70.936804,50.0,59.032398073933884,17.03332749469107,16.590017310204466,2.5499999999999994,-1.3,-6.117720618247987,-24.662705266475683,-7.97236513748973,-1.7200699735228167,-8.277470925659427,-10.204032485301619,-1.5409048560358238,0.43585634925795674,0.43585634925795674,0.0
98.890017,70,73.753119,70.0,56.82051210799408,23.0635305757833,22.91068059398723,2.6999999999999993,-2.9299999999999993,-8.640124197006227,-30.8413143157959,-11.808430557456493,-3.4861833586592645,-3.4229767505298536,-12.635285606230632,-2.8403912008428334,0.4625274617944731,0.6475384465122624,0.0
27.4598,82,77.079559,82.0,-24.348203134508868,25.2962019247399,28.366905990497234,0.44999999999999996,-4.14,-10.361352624893188,-33.350612163543715,-13.862141184435455,-4.022114739448947,-1.0689497374940904,-13.490276494953061,-4.009657745840263,-0.08488809639847607,-0.13921647809350077,0.0
90.157838,61,79.516256,61.0,78.8918771381575,21.52402126191675,18.659739662338612,3.449999999999999,-2.33,-7.70222668647766,-27.114210247993466,-10.130049656887065,-3.2845811800105618,-9.076635009372158,-31.229508785964573,-2.500588116596203,0.43285098481468665,0.5280782014739177,0.0
74.245553,57,81.788336,57.0,52.89694709254624,17.849269219957986,19.56162801417034,3.299999999999999,-4.22,-7.2214932346344005,-33.14283618927002,-9.629943379480661,-2.827476930766844,-4.442601255141396,-12.189643214015458,-2.6882974357750076,0.4737187671879365,0.5400393945942477,0.0
113.052396,85,85.344814,85.0,63.87828304557054,31.58044262199934,29.175438050593513,3.149999999999999,-5.16,-10.325802712440492,-41.01730586290359,-14.117849995400567,-4.421939359493681,-7.289651044502048,-13.492846911962523,-3.9063721655504837,0.22084643893520225,0.3754389461898438,0.0
89.596294,80,88.553393,80.0,43.775547097010545,25.991505774404235,27.318246369105356,3.449999999999999,-4.2700000000000005,-9.277705569267274,-40.95651582479477,-13.562832011702017,-3.3179386791935928,-3.2751013878013566,-13.133344774548432,-3.1455669478537533,0.28020932758481043,0.44833492413569676,0.0
2.844631,51,90.628309,51.0,-14.808857454372056,14.370891702270299,17.644198805204674,0.9,-3.0599999999999996,-6.784884152412412,-19.00640035644174,-8.895947745360221,-2.257919488358831,-2.9727373487373536,-20.447898174117505,-2.8358151088213956,-0.1894561727568528,-0.19324529621198988,0.0
-16.803751,52,92.764863,52.0,-12.524184803251853,14.829635932608404,16.25421141578434,0.6,-2.33,-6.876639962196353,-20.43584720492364,-9.343946693853923,-2.7695662527619542,-3.1355859091029687,-39.95432378996598,-3.117503318351894,-0.004741553552806998,-0.0049312156949192784,0.0
108.577838,67,95.596294,67.0,77.73576643120754,25.559999736160744,22.13672069884713,3.8999999999999986,-3.9299999999999997,-8.265754256248472,-34.525594615936285,-10.510758051643503,-3.492757451537023,-8.095333520860933,-16.65289280944637,-2.2815584149065398,0.4810063870445067,0.644548558639639,0.0
121.43216,80,98.983804,80.0,87.17511672281506,29.61253930032959,25.693520768604674,2.5499999999999994,-4.860000000000001,-9.369369068145751,-36.25175335407257,-13.286620909804707,-3.4235281596294747,-11.193218619705135,-21.734656900356566,-3.4798701545753516,0.47537760845462,0.7606041735273921,0.0
82.271867,78,102.111063,78.0,34.951190415903184,26.87083384551566,27.748006150853296,3.449999999999999,-4.48,-9.461868863105773,-34.343209242820734,-13.103142439935153,-3.7692604478146237,-1.6851227415934273,-18.648380937737127,-3.2571784603769176,0.4135421524141802,0.6451257577661211,0.0
-26.427433,52,104.271466,52.0,-31.759786820275007,16.375208768181935,17.550946679758667,0.0,-2.09,-6.320918564796448,-26.80934807956219,-8.445207376577025,-3.46097927543641,-3.4359092955679365,-27.5555104720128,-2.475928887441805,-0.14274021519513785,-0.14844982380294336,0.0
-27.479988,55,106.637879,55.0,-39.83927132313835,15.224080369783533,16.57128995635615,0.15,-2.06,-6.528394336700439,-19.18508525490761,-8.999314153284123,-2.5402831873426193,-4.189090409371794,-28.309279514430102,-2.7746398436405766,0.09172357638875898,0.10089593402763489,0.0
101.516585,73,109.697535,73.0,62.145742649866946,22.74917588927305,25.692230433096196,5.5500000000000025,-2.85,-8.806919269561766,-33.34097032546997,-12.438521148609649,-3.134608639866489,-5.954520622055177,-17.662503695526347,-3.432519836441596,0.3625797086423412,0.5293663746178181,0.0
121.931643,103,114.198744,103.0,58.54463112109619,32.598382499344694,39.52394455584329,3.149999999999999,-5.28,-12.107444510459898,-44.32954316735269,-16.999720724103028,-4.747256059770141,-2.633764425302991,-23.284731330716617,-5.502854989848685,0.29295870985804,0.6034949423075624,0.0
93.673349,60,116.804599,60.0,63.49594364020351,19.07768323568729,21.159544732501946,2.5499999999999994,-3.1799999999999993,-7.259252562522889,-27.96178430318832,-9.796096865146648,-2.3600725781832224,-8.999749467476889,-10.038104302098157,-3.0147628652039,0.4428919611162808,0.531470353339537,0.0
79.568406,56,119.229264,56.0,54.623866960861584,17.837783237165485,19.989926724798394,3.149999999999999,-2.27,-6.1721139764785775,-22.46378824710846,-9.437348823070625,-1.7317621505457828,-7.50878794927274,-19.918770798215707,-2.530599176274516,0.3966045300025685,0.4441970736028768,0.0
91.775834,59,121.715909,59.0,65.33727992130977,18.54333595574804,20.390712891132168,2.5499999999999994,-3.7999999999999994,-7.028665676116944,-22.466836845874788,-9.64278231253256,-2.8165608779502977,-5.353688940693262,-20.308512635872386,-2.628447906157232,0.519304382164597,0.6127791709542244,0.0
99.988946,63,124.324479,63.0,76.03580897793681,20.61239117191337,20.68209823213766,3.7499999999999987,-3.7799999999999994,-7.443922281265259,-31.511835658550268,-10.27152083738826,-3.1977136789425056,-9.273029559050768,-15.921620396577698,-2.6917102946583773,0.41678400979646735,0.5251478523435489,0.0
100.645271,65,127.035926,65.0,73.20231919068146,23.388009013315674,23.219892253623165,2.5499999999999994,-3.7499999999999996,-7.271401829719542,-33.96388392448425,-10.068657648822898,-2.9004296072496105,-7.56297480245112,-18.501067598015503,-2.696534085997874,0.34188845214229424,0.44445498778498255,0.0
96.252292,66,129.879352,66.0,56.6175400637231,23.763183382969885,20.622179691547224,3.299999999999999,-3.4599999999999995,-7.560084128379821,-25.25740886330605,-10.719659668135458,-2.8457456310913103,-3.4046488762585656,-18.228737041631206,-2.574327140032479,0.4026501761788864,0.53149823255613,0.0
96.172958,95,133.771801,95.0,28.048716900951852,32.468230801428255,32.512281410706606,1.3499999999999999,-3.7699999999999996,-9.699759840965267,-39.69969156384468,-14.487491607704673,-3.7337286072188163,-0.7099236330774167,-17.909126565192953,-3.1965493769617623,0.311899392489318,0.5926088457297042,0.0
65.923598,90,137.545604,90.0,20.4378567062748,26.661427348797176,30.545922100524454,2.3999999999999995,-6.100000000000002,-9.59369490623474,-44.892675048112864,-14.766969204986395,-3.7152105220160823,-0.6556509440348828,-21.11580699510265,-3.2816008612277385,-0.17476603303624563,-0.31457885946524217,0.0
105.236111,136,143.147559,136.0,27.36582385188582,44.88710393331999,44.56146981502414,2.0999999999999996,-7.440000000000004,-14.36963736534119,-57.37562673091888,-22.385559238149106,-7.221358468888953,-1.3780234621145409,-34.07638493849127,-5.431696207333593,-0.12031915351491627,-0.3272680975605723,0.0
43.75911,106,147.523343,106.0,-29.388257089816683,37.75231090462519,37.91851759314659,0.6,-4.3999999999999995,-9.992870454788205,-44.79076180458069,-16.939014513188894,-5.301668642699108,-2.7466055787960304,-20.82879343230879,-4.123747351697926,-0.161382561053132,-0.3421310294326399,0.0
136.790612,113,152.468731,113.0,65.86262123420933,40.4713256507353,41.48436529366469,3.5999999999999988,-5.040000000000002,-12.521848859786985,-45.98868859410285,-18.632616536213312,-5.693370170108295,-6.4698474992221,-28.524322236440582,-4.757006347848645,0.24460477932689856,0.5528068012787908,0.0
142.050145,114,157.091534,114.0,77.25573419887667,33.62262049360286,40.92651535480923,5.5500000000000025,-5.260000000000001,-12.643182075023647,-41.992288750410076,-19.097063490177845,-5.456977560718393,-4.250035257271719,-35.41499132373381,-5.190186611637676,0.30062602153211787,0.6854273290932288,0.0
76.697695,48,158.796189,48.0,51.50009566415047,14.724452221636952,16.19521839429738,1.9499999999999995,-2.8,-5.225597600936889,-18.443146622180933,-7.980388527146703,-2.5250977776206267,-7.098781957806511,-8.96891694878919,-2.6301416378396696,0.41759562990669596,0.4008918047104281,0.0
103.325475,69,161.264158,69.0,64.00229268227908,17.24306566750451,24.02341256430939,4.5,-3.11,-8.357287058830257,-24.224463480710973,-11.222067509742285,-3.317845583621175,-8.346286757033353,-13.62865986009836,-3.23668548346818,0.4006868206436502,0.5529478124882373,0.0
78.367199,89,164.924017,89.0,6.006009921148063,28.69538458245518,30.554719507634513,1.9499999999999995,-5.360000000000001,-9.79102957248688,-27.416107541322717,-13.813940176851542,-4.653199286264483,-1.5363014162591606,-11.581449136126288,-3.686888167578264,-0.10720995365091279,-0.19083371749862477,0.0
94.619404,60,167.529318,60.0,71.24401559726154,21.028485605288978,21.09404152464679,2.3999999999999995,-3.2499999999999996,-6.861501188278199,-26.01384910345077,-10.060264977535162,-3.1616318391691967,-10.334197922563499,-18.467271361817755,-2.99842280368107,0.5162457541975679,0.6194949050370815,0.0
122.431028,84,171.06367,84.0,65.98265510352317,31.62572366174767,28.36475127412908,3.299999999999999,-4.32,-8.946932916641238,-33.89328958988191,-14.096204857052511,-3.66760272790958,-6.400948621935927,-16.715078385098277,-2.802045383024235,0.3526645398780538,0.5924764269951304,0.0
89.33789,51,173.237731,51.0,64.285971786774,17.948293196405672,16.16684011824125,2.5499999999999994,-2.9899999999999998,-5.71729148864746,-20.41856527328491,-8.414625210181589,-3.3347192331186,-8.821360416745438,-10.334090128898671,-2.582563774156331,0.5188266522363956,0.5292031852811235,0.0
115.24872,78,176.587913,78.0,71.13659463500082,27.307476545346802,26.79583118826457,3.5999999999999988,-3.6999999999999997,-8.421579093933104,-34.69105392694473,-12.5686386913158,-4.292095114241477,-7.080058362827202,-17.544954644600846,-3.292802690463562,0.3368588323683967,0.5254997784946989,0.0
39.337474,94,180.681255,94.0,-12.68236390626641,28.72260118186801,32.46461231880767,1.05,-4.06,-9.88438562870025,-35.65387753844261,-15.111663839845908,-4.752545276214866,-1.530821331077168,-29.42834189152355,-3.795740104052336,-0.16905818715423926,-0.31782939184996983,0.0
70.006658,109,185.204423,109.0,2.2008861163159956,36.744360322912286,39.16225981510722,1.4999999999999998,-5.1400000000000015,-11.801507649421694,-52.61264884769916,-18.085764231402297,-5.830904602905174,-1.509928339641615,-19.279441747437666,-4.340652678131605,-0.00412473707067502,-0.008991926814071545,0.0
68.736209,98,189.371587,98.0,12.369934873578297,33.102460240409435,34.97911159250933,2.6999999999999993,-4.74,-10.02792981147766,-44.166114795207996,-16.142201097659516,-5.313301979597413,-1.9525483126943735,-26.30353272318971,-3.7696694051710806,0.18561316752880147,0.3638018083564509,0.0
26.709129,63,192.059243,63.0,-8.464457718937535,16.768358882787172,21.18437628668017,1.05,-2.11,-6.92725302696228,-25.80816995799541,-10.463232426439456,-2.664941088747763,-0.8663852123623824,-15.423014662198101,-2.5661523377346094,-0.3396291337419527,-0.4279327085148604,0.0
-1.780213,60,194.539502,60.0,-27.604975413522318,20.302810483592303,20.352691326254917,0.3,-3.999999999999999,-6.960438113212585,-26.11310919523239,-9.622836064534852,-3.0960685293733943,-2.195012003887724,-20.034481071200506,-3.108794130125277,-0.10733025675905157,-0.12879630811086187,0.0
4.57333,77,197.760017,77.0,-45.53789691406768,26.601872773007415,27.480330953309934,0.0,-3.9399999999999995,-7.895827326774597,-29.63932747840881,-12.068789650229562,-4.3216478468346455,-3.836282830470011,-16.058288468721134,-3.2108132076478877,-0.3251030190593993,-0.500658649351475,0.0
-5.532537,84,201.322574,84.0,-51.21480806375868,29.277649368412522,30.602986474737627,0.15,-5.6400000000000015,-8.780406045913699,-41.412629714608165,-13.741789782971601,-3.3641519706612026,-4.547699125381029,-18.235469683734376,-2.626218688652678,-0.24801031826915462,-0.41665733469217975,0.0
37.988819,84,204.869795,84.0,-16.207727200394025,27.926040882169673,29.359736124900177,0.6,-3.9899999999999998,-7.622661895751951,-36.38517225980757,-12.984990275854699,-3.2931224254210765,-1.6417570485201871,-18.835063344348143,-2.936463404172004,-0.18885746572727072,-0.3172805424218148,0.0
32.758964,75,208.040714,75.0,-13.385740767806233,22.663804857487094,24.255212405854103,0.0,-4.14,-7.597458486557006,-35.805469334125505,-12.266547117438758,-3.5428656643709826,-0.8586691459708847,-9.270467054622264,-2.2928358728536224,-0.1468187672602173,-0.22022815089032596,0.0
62.205806,81,211.455074,81.0,14.607595678113597,25.236154278128005,27.86880591304817,2.0999999999999996,-2.55,-8.377299139499664,-30.8779740422964,-13.604288233784281,-2.4774345918190406,-1.1689993926234168,-26.259184270609083,-3.29157033494419,-0.10965920229899281,-0.17764790772436836,0.0
34.665726,99,215.41099,99.0,-28.648459371472992,31.289879364655466,36.411572479927194,1.2,-4.740000000000001,-9.5137935590744,-42.5323496222496,-15.668682635806915,-4.118548278382689,-1.7958695371364457,-22.363868383727564,-3.854154262806435,-0.13664422221005273,-0.2705555599759044,0.0
158.441174,115,220.245136,115.0,71.23023456909813,39.97171898143544,39.648536872440324,4.800000000000001,-4.8,-11.231700773239133,-38.69812213182449,-18.759310602817173,-6.073626468089563,-6.112344026851444,-21.84720015211923,-4.687011861147489,0.2995422896166079,0.6889472661181982,0.0
229.964833,188,228.221564,188.0,91.11528933034703,66.78670843716947,68.52144715772918,6.0000000000000036,-7.500000000000001,-19.125587840080264,-66.26059415042401,-31.66064976089208,-7.7759531340772,-9.614944031459334,-40.529509260965945,-7.991373902640237,0.2266609548493505,0.8522451902335579,0.0
39.509222,70,231.147019,70.0,-4.0520076853414695,23.922305131245814,25.34038109822356,1.3499999999999999,-2.93,-7.045515794754028,-20.40650550723077,-11.403523995693877,-2.7550625954151067,-0.7817141119300015,-28.367200820909385,-3.3619338236733194,-0.17539221907148397,-0.2455491067000776,0.0
95.839712,97,235.045914,97.0,45.753082684497976,33.998456457036276,34.03347460824381,3.449999999999999,-4.800000000000001,-10.125972409248353,-36.604596441984185,-16.147825534908215,-4.354617145806773,-2.5689792579052737,-39.07549122061945,-4.717819623234871,0.2803788166456808,0.5439349042926208,0.0
136.410072,70,237.912869,70.0,102.2697195921807,22.10205001452967,21.66988014422495,3.7499999999999987,-2.939999999999999,-7.923549394607546,-23.720083916187285,-11.573280938183297,-2.9593641245516524,-12.600401375949325,-18.621439717015175,-3.0434578400968615,0.7400729402975224,1.0361021164165314,0.0
40.274629,53,240.154071,53.0,10.50176914291651,16.44746492810171,17.48201281453639,2.849999999999999,-2.33,-5.692168736457825,-20.41177376508713,-8.620659204727124,-1.6757325674275845,-0.5425085473420291,-18.53461964083695,-2.1991558373347395,0.06094309257159217,0.0645996781258877,0.0
119.483373,62,242.810909,62.0,78.86640934000766,20.180456985216367,20.104082363485162,3.7499999999999987,-2.67,-6.727875480651854,-23.163363873958588,-10.300167083579112,-3.277813965300637,-6.504129524563395,-9.798356720565963,-2.975868939752704,0.5717604469119688,0.7089829541708413,0.0
114.923858,69,245.323801,69.0,66.97830148316342,24.711767436970224,22.1552585982934,4.35,-3.579999999999999,-7.1160278081893935,-25.998305797576904,-11.177421706261141,-3.9230855901281485,-7.228721020242857,-10.568318980008746,-2.679588310215894,0.3844313119134951,0.5305152104406233,0.0
159.06609,93,248.831167,93.0,107.25320614208874,34.487365327036414,32.16519539436378,5.250000000000002,-4.039999999999999,-10.438189086914065,-37.53397363424301,-15.622026315336239,-3.3658204384548536,-10.353034962106186,-27.17905077668874,-4.557582035955962,0.4467436299504564,0.8309431517078489,0.0
117.699673,76,251.990861,76.0,70.6378467753006,28.625818736192404,26.06984032969884,4.5,-4.05,-7.830914754867552,-33.157059013843536,-12.440909485007806,-4.172323887202823,-6.83881115794059,-16.305382258132425,-3.3384318630897876,0.38575647420111203,0.5863498407856903,0.0
146.795205,98,256.066528,98.0,86.4212437884399,37.50724901261864,32.68727061200222,2.6999999999999993,-4.62,-10.011774158477785,-42.607114571332914,-16.019442429970418,-5.004533368964428,-8.8205651742554,-20.05831991518841,-3.378808678279333,0.09305017187529188,0.1823783368755721,0.0
145.532136,103,260.319069,103.0,74.36553284709345,34.41156932086124,33.71935544005764,4.5,-4.039999999999999,-10.72693252086639,-37.609488344192485,-17.0287115357895,-4.592031780604748,-2.770892623680999,-23.046391866165468,-4.649872745694279,0.3586947891430998,0.7389112656347857,0.0
128.27688,117,265.38601,117.0,48.58548252766161,40.34555012316277,39.86766435432466,3.7499999999999987,-5.520000000000002,-11.037219552993774,-47.62791064977647,-18.61886588402335,-5.98144118188985,-1.409031335743197,-26.983839000820915,-4.093509894327851,0.3111068216757461,0.7279899627212458,0.0
88.414515,74,268.846042,74.0,43.55707540614714,22.53319444466519,24.100880247698136,3.8999999999999986,-3.15,-8.19691997051239,-28.13628107905387,-12.120582195191046,-3.8868265462530203,-2.8494826851326387,-17.767101904526896,-3.569440960764085,0.3108389016469475,0.4600415744374823,0.0
139.231491,112,274.257628,112.0,61.63698328007671,37.81033605770039,39.08313778492447,4.049999999999999,-6.2200000000000015,-11.93988827228546,-45.01892293989658,-17.77844221951917,-5.400131986032596,-3.7517006675053604,-21.14598918556061,-4.093890715094974,0.4036899848563165,0.9042655660781491,0.0
108.299855,62,277.12698,62.0,82.3833446053369,23.304015157758585,19.83901096930629,4.199999999999999,-3.3099999999999996,-6.9523452425003045,-30.251696670055388,-9.844528619539817,-2.527742301458104,-12.665306177806288,-15.323986822392692,-2.5509103441110046,0.4201782210321908,0.5210209940799166,0.0
-20.139093,79,280.788413,79.0,-50.363247928141696,25.91795726115016,28.32133204127704,0.15,-3.7099999999999995,-8.92763461589813,-26.25030433535576,-12.899422642344305,-4.2408858409520995,-4.274133402440926,-39.23434769480751,-3.6284056750344282,-0.22914573490868442,-0.3620502611557214,0.0
113.227923,87,284.803378,87.0,59.902667725084775,26.05454661138784,29.351464926873277,3.8999999999999986,-3.9899999999999998,-10.080389375686648,-27.33215237259866,-14.364888649385446,-4.252521956753422,-5.792545578312503,-23.35155395977677,-3.816704666736992,0.18571477591812402,0.3231437100975358,0.0
161.821152,90,289.145606,90.0,109.81772888389466,30.691000351003623,30.7297698793034,5.250000000000002,-5.270000000000001,-10.088484988212587,-36.95190736055375,-14.725401615760342,-6.073149354686297,-7.073036674314114,-20.299647070939674,-4.18572038774863,-0.03590914761366515,-0.06463646570459727,0.0
5.194185,88,293.358327,88.0,-45.88369200429903,29.46042199792933,32.25509861155137,0.0,-4.760000000000001,-9.130511260032653,-35.017497056722654,-14.188283557258929,-4.186132083388476,-5.576148456316701,-21.907558071202956,-3.8715127714898556,-0.11226891826130435,-0.19759329613989565,0.0
116.739543,91,298.098339,91.0,60.744915162877604,31.393998897484487,32.469433816697524,3.8999999999999986,-3.9899999999999993,-9.385939507484435,-33.53352030664683,-15.513654394942812,-5.097025890333234,-2.91541060501756,-27.551224445065937,-4.782029353380437,0.3438738759747162,0.6258504542739834,0.0
52.847972,68,301.146536,68.0,-0.06963173168817283,23.59706061481546,24.73075764632579,1.2,-3.8699999999999997,-7.245290727615355,-23.97474024295807,-11.01914050292204,-2.9834881485691285,-3.034657334246081,-9.29116192945374,-3.1917351956010216,-0.13981087317428845,-0.19014278751703229,0.0
43.993434,45,302.974365,45.0,19.003990871784026,12.327340284134316,13.979653370295923,1.05,-2.0300000000000002,-5.5725384426116955,-12.827094316482546,-7.437177135897867,-2.095083088393294,-1.5946303650437366,-13.023764352742617,-2.7872626093958495,0.32349160781539177,0.2911424470338526,0.0
144.067098,110,307.742606,110.0,55.48915153937855,39.22415452120399,39.519807624605335,4.35,-5.160000000000001,-11.175961146354675,-39.6853191435337,-18.41669298697922,-5.662283079175982,-2.022085853082407,-17.621742937097693,-4.771930544705626,0.25156605057474307,0.5534453112644349,0.0
14.589499,105,312.175812,105.0,-52.40067674474614,35.360270176138535,38.592171605926296,0.44999999999999996,-5.14,-10.167464661598203,-40.34077550768853,-16.518030145183427,-5.8990465211019325,-3.6655340076704777,-26.796519584366422,-3.8848951455263903,-0.18421627742438865,-0.3868541825912162,0.0
56.163672,63,314.94428,63.0,3.5795051974601453,21.89159409972983,21.513343397871616,1.3499999999999999,-2.4,-6.961229114532474,-19.860747361183158,-9.776604427128264,-3.579690380792038,-0.7921056936065429,-9.171023151958568,-2.6293703096505148,-0.19626329830104805,-0.24729175585932056,0.0
77.809712,86,318.677934,86.0,13.56009481842482,29.12781898614478,30.998482719491296,2.2499999999999996,-3.9099999999999993,-8.588762989044195,-36.382623839378375,-13.45916297616531,-4.656122030300494,-0.2220550825379656,-13.624448834731796,-3.2835086238593836,-0.19522329949709571,-0.33578407513500463,0.0
52.660346,136,324.605674,136.0,-45.76248932594458,49.992746378555964,49.45705027849657,1.3499999999999999,-6.1300000000000034,-14.024576303958893,-54.43657988384365,-21.61878630010412,-5.924675204142133,-2.5809153290570976,-28.934643359635327,-4.726784615779542,-0.14887568106352078,-0.40494185249277653,0.0
157.767102,167,331.842644,167.0,21.238187341267064,59.627023227475874,56.53519048121888,2.849999999999999,-9.840000000000005,-15.069650137424466,-61.02883795201777,-25.81840293975989,-7.545773638867188,-0.8867624856920909,-23.885164608533756,-5.408707142708876,0.019821560916022527,0.06620401345951524,0.0
45.639434,131,336.768128,131.0,-33.55276769076681,44.47429826879804,46.389072072172844,1.4999999999999998,-8.680000000000005,-12.5962327671051,-51.41350848823786,-20.70721738463199,-6.731589424550337,-5.221954131498762,-33.56706846617275,-5.2535980654102685,-0.0798184662021805,-0.2091243814497129,0.0
166.601029,224,345.598569,224.0,-9.735155524298026,78.85962959326405,81.27577205788803,2.0999999999999996,-11.430000000000007,-19.340770328044904,-88.94529781341555,-35.22574364120256,-10.558039012241146,-2.3398949585235815,-35.15477670234432,-6.904694194018392,-0.0009619634642535183,-0.004309596319855762,1.0
313.981275,211,354.884722,211.0,149.25091495210884,78.6421833070836,77.49331783783934,9.450000000000012,-8.970000000000006,-20.290321390628826,-85.35585915446279,-33.832215401985145,-9.720174320598286,-15.361344735824078,-30.413034801901546,-7.912191276018019,0.25378295514334076,1.070964070704898,0.0
116.648455,70,357.804148,70.0,69.62439481941227,22.4701700466884,21.991441645386136,4.049999999999999,-4.42,-7.479603278636932,-23.540588742494585,-11.311318329346292,-4.135791885578034,-4.432544925662911,-13.02856998839592,-3.1391342594431486,0.5698298497163551,0.7977617896028972,0.0
200.72536,144,363.891103,144.0,99.1103871666261,50.45362666442726,51.93754714472039,6.300000000000004,-6.250000000000003,-14.055004305839537,-55.942746794223766,-23.34091852262006,-7.23661380473327,-8.5107099836652,-29.673645116279033,-6.066562596002404,0.289267556205231,0.8330905618710652,0.0
111.8059,64,366.717297,64.0,60.172832421740054,22.233313665491472,22.276686142635064,4.199999999999999,-2.9399999999999995,-6.380612089633941,-20.796507084369658,-10.341602549483738,-3.024960831437408,-3.0636084309779026,-11.42069393022492,-3.1089468444452644,0.4165703681467763,0.5332100712278737,0.0
197.559237,119,371.738775,119.0,97.60989114046635,40.59668350651406,43.96911005220782,7.200000000000006,-4.32,-11.564114902019497,-42.4278889834881,-19.1062120804681,-5.493737577556317,-5.430846392543514,-17.513200949027777,-4.960447057788606,0.4066464316401414,0.9678185073035365,0.0
49.12332,71,374.627187,71.0,7.889050626786769,22.19541735181005,23.91136999008471,1.3499999999999999,-3.4199999999999995,-7.08919555425644,-28.612694683671,-11.484356303024084,-2.9601487080202773,-1.0243365517259309,-20.05466212227759,-2.5771237217420593,-0.08903556151774834,-0.12643049735520265,0.0
110.467947,65,377.355411,65.0,67.03245940783773,23.135541592690004,21.42505160015264,2.849999999999999,-3.9099999999999993,-6.6285959291458125,-20.6586761534214,-10.4868666186188,-3.528064377795941,-7.674646403018102,-13.535732345395823,-2.552523688370268,0.41613065025256435,0.5409698453283337,0.0
133.227448,84,381.028173,84.0,76.40150245068331,28.61530645011955,28.085543304387432,3.8999999999999986,-3.1899999999999995,-8.673356709480283,-29.213843685388564,-13.13042853568427,-5.148458897099564,-6.356736243058576,-18.777253115168463,-3.2848270186593713,0.3716916658418931,0.6244419986143804,0.0
176.244108,106,385.505475,106.0,99.66642338215834,36.493122111564126,35.81546957659492,4.950000000000001,-3.6399999999999997,-11.41942610263824,-39.030510270595556,-16.798574093347554,-5.21728059171886,-10.937011191600199,-15.729749011415528,-3.9083555727217507,0.2336635964688392,0.4953668245139391,0.0
40.334227,67,388.314674,67.0,-9.08117440715037,22.437836800392628,22.31801845509758,0.44999999999999996,-2.77,-7.7037280988693215,-17.12820244133473,-10.33372545864618,-3.2546501012289184,-0.5746383187140781,-18.08312472727332,-2.942384871401911,-0.052212022131547665,-0.06996410965627388,0.0
125.814285,75,391.458902,75.0,88.36911523675306,25.826958918934395,24.118377569320536,4.65,-3.92,-8.427410674095153,-31.617416244745264,-12.478261439977887,-3.5767088130839233,-12.521601699798193,-16.395898195692116,-3.2128699064694226,0.4033965581817718,0.6050948372726577,0.0
152.014343,99,395.799373,99.0,106.58631033816559,34.88226421926208,36.127540220065654,4.049999999999999,-4.1899999999999995,-10.9468847990036,-41.24270899295807,-15.42066928983945,-4.781285789525485,-12.812716047112612,-35.312165801718535,-3.925341231600375,0.4783858596409905,0.9472040020891612,0.0
150.160915,92,399.716461,92.0,82.97211943723951,32.21434775539185,33.49175937580003,4.35,-5.760000000000002,-9.172085075378416,-38.177474105358115,-14.384885611285055,-3.3279473370349324,-8.62370329166491,-11.969917391175771,-3.4512984102705757,0.3825399215964594,0.7038734557374853,0.0
11.454483,105,404.064651,105.0,-56.276607650587366,30.784880083971323,35.0578961802457,1.05,-4.990000000000001,-10.778475236892701,-38.23387694954871,-17.584844654683334,-3.966718815925458,-5.952731931850841,-19.426591625115677,-3.2284459195672897,-0.20974361824357693,-0.44046159831151155,0.0
126.478543,151,410.449698,151.0,0.9646313141431262,53.3353713886698,56.56308396701097,2.0999999999999996,-6.5000000000000036,-15.0882878446579,-56.83713276386261,-23.80528397728289,-5.299613150904157,-0.832143433539009,-23.717870244407063,-5.40421226927134,-0.023340587143154106,-0.0704885731723254,0.0
136.184654,93,414.440634,93.0,79.11060924917871,33.8582512838596,31.729819711785613,2.2499999999999996,-3.619999999999999,-10.307700536251065,-37.50923585295677,-15.10295823480562,-4.764644381278848,-10.412848273956378,-18.062201534312237,-3.984437231022425,0.4127709021842533,0.7677538780627111,0.0
119.610344,135,419.975533,135.0,20.01106358992106,44.54879587558851,46.54014955506602,1.9499999999999995,-5.870000000000002,-13.24371990203857,-46.306302469968784,-22.182823139659043,-7.436658132180521,-1.0210728129302002,-27.58690844304555,-4.7921805232747126,-0.016652303288094823,-0.04496121887785602,0.0
148.415077,168,426.141059,168.0,8.400250784951167,59.63252614150676,59.2326286281311,1.2,-8.170000000000005,-15.418498628139492,-59.65142366588116,-26.30177087888621,-7.989160986844131,-1.591521702490552,-23.466980748708572,-5.460971648291851,-0.06253191287842322,-0.210107227271502,0.0
132.730126,103,430.392913,103.0,48.91806178482823,35.42826036148532,33.485006934703385,3.8999999999999986,-4.329999999999999,-9.695236208438875,-36.19605773389338,-16.498000158811752,-4.251296340713768,-1.417173214179421,-15.78857542392908,-3.8248637044017575,0.2757212288172914,0.5679857313636203,0.0
327.500764,230,439.94263,230.0,158.60588373112378,82.38508486561568,85.15378142236763,9.750000000000012,-8.070000000000002,-23.79562273502351,-84.88282637894147,-38.479802481694364,-10.267793810537237,-9.228003883295056,-54.132928979937034,-9.537007395086224,0.07366167614995793,0.33884371028980653,1.0
173.130501,111,444.786308,111.0,105.71791488437994,40.24637214736425,38.38354751500437,5.5500000000000025,-5.500000000000002,-11.662846331596372,-48.26920941472053,-17.231729135783457,-4.682951989361498,-11.238889959774248,-25.256137193762942,-3.9255691169032243,0.3706580414040407,0.8228608519169703,0.0
174.565014,106,449.428721,106.0,109.21373781063981,37.77774428973333,36.38802512756561,5.250000000000002,-4.53,-11.077539649009704,-37.31398449242114,-17.258460632038243,-5.347311171730775,-12.162247991816887,-27.378762963330004,-4.996185886519611,0.33006694917613266,0.6997419322534013,0.0
161.692874,82,452.901956,82.0,110.88554162030415,27.420630595169023,26.99837038589078,4.950000000000001,-3.4699999999999998,-9.398938245773316,-27.065711355209352,-12.492241335276445,-4.547621922969806,-11.843060252441417,-17.93410003944612,-3.809995561471039,0.6429054172959571,1.0543648843653697,0.0
225.648574,218,462.066841,218.0,49.34038079673201,80.35346836367353,82.39799366363023,3.8999999999999986,-10.660000000000007,-21.15714294195174,-79.96072350740435,-34.63724814207727,-10.102956473130817,-2.2970841171725445,-42.02633857010841,-7.501774880434805,0.10180377603267766,0.44386446350247466,0.0
216.556803,122,467.042556,122.0,130.11084419387987,45.51298076282378,41.658491177068555,5.400000000000002,-4.699999999999999,-12.479152538776399,-47.392136752605445,-19.234105146812837,-5.932586034092754,-11.80442065511933,-21.597544912756057,-4.985566843997775,0.03616121565643118,0.08823336620169207,0.0
96.575867,60,469.578114,60.0,65.63727628568819,19.3842574730578,20.649698944625573,3.5999999999999988,-2.6,-6.803914604187013,-26.03536079525948,-9.97954437017298,-3.015037234515788,-9.115312367252601,-12.242643177314074,-2.90355328516248,0.41399893971093027,0.49679872765311633,0.0
138.243753,76,472.738812,76.0,97.38351446144934,25.315534496936877,24.784288264138784,4.199999999999999,-2.7799999999999994,-8.549209680557253,-31.0632363319397,-12.87093234099423,-3.2118514922718395,-13.307145611601657,-13.947157249983379,-3.7100513082985276,0.6062961133311553,0.9215700922633561,0.0
230.150087,122,477.856012,122.0,139.18766086496692,44.603413635364014,44.288068384320304,5.400000000000002,-5.03,-12.571295149326323,-45.59236948490141,-19.315978030328772,-5.579962731657876,-13.998305894418088,-18.260019667287462,-4.981125252331417,0.5171170344013261,1.2617655639392356,0.0
179.341903,102,482.238404,102.0,102.98385556147944,34.75360671392404,35.85783405385984,5.700000000000003,-3.9499999999999993,-10.244357526302336,-32.9651954650879,-16.194573309525428,-5.3210442273371905,-12.269886498739888,-17.018038497398962,-3.9902976248586115,0.22739793257342086,0.4638917824497786,0.0
114.549888,59,484.58728,59.0,80.94526147375396,17.335337384591043,19.945106062518622,4.800000000000001,-1.87,-6.97686005115509,-21.269877302646638,-9.599288470922804,-2.909124043848987,-12.75477559016308,-9.328354453576818,-2.7675371055562485,0.5905012412020633,0.6967914646184347,0.0
151.265694,77,487.654985,77.0,103.56795193267635,23.981290485735297,27.34548597390343,5.100000000000001,-2.6100000000000003,-7.939251077175141,-30.11609215140343,-12.878510790894751,-3.243821112751154,-11.97600821441995,-13.616375296639308,-3.348975531686651,0.5764617794464196,0.8877511403474863,0.0
251.665739,135,493.181171,135.0,157.31265742930998,46.99102638668997,49.09390759486578,8.55000000000001,-5.510000000000001,-14.315480532646173,-47.70559744834899,-22.24006717969317,-7.056503004203419,-14.808945079114572,-27.708571791933384,-5.936686946977777,0.46454667624244866,1.2542760258546115,0.0
265.43783,130,498.713603,130.0,176.5649326377069,43.60779041928681,46.68803265469206,6.450000000000005,-4.449999999999999,-14.52689641952515,-44.04587669372557,-21.663334450893974,-6.654423772725208,-21.164552196548556,-18.964235741835136,-6.403606001231394,0.6089388261161576,1.5832409479020098,0.0
218.702269,130,504.09341,130.0,131.97819337242794,47.793022887375926,42.89057976582706,6.750000000000005,-6.790000000000002,-13.400572667121887,-46.04354940652846,-21.06709711499873,-6.026141429795758,-10.618083494195975,-31.58945267254034,-5.174630234611676,0.4070036876604792,1.058209587917246,0.0
153.091029,74,507.047462,74.0,111.83341397559238,23.394897631070606,24.44120216566235,5.5500000000000025,-2.7299999999999995,-9.076739592552187,-23.500096869468695,-11.99180307959414,-3.4539212366420853,-14.89038913510752,-17.29433612987059,-3.1911984725768976,0.5815622142112895,0.8607120770327085,0.0
345.263754,229,515.770828,229.0,140.75309959950508,85.95778522190781,81.70108955832671,7.200000000000006,-8.780000000000005,-22.707088167667393,-79.78505573272703,-36.59779168631297,-9.307581912363045,-12.218818867520262,-22.99116846950004,-6.960715600090477,0.2295488951644109,1.051333939853002,1.0
112.763978,67,518.548496,67.0,80.66841445434082,21.696979155494258,21.95935058183522,3.299999999999999,-3.7699999999999996,-7.378315134048462,-25.01043993830682,-10.709411039549988,-3.221366684277399,-10.305649410268549,-18.979347127625804,-2.486237311799189,0.5468843857615531,0.7328250769204812,0.0
160.541081,107,522.887956,107.0,66.09068594819058,36.777148363833255,35.17320115689001,4.5,-3.8199999999999994,-10.33565288066864,-31.794272488355624,-17.05879096213106,-4.142035940334182,-6.7036575679581905,-11.645950304024703,-3.4995947994394947,0.11210420621856053,0.23990300130771955,0.0
223.112502,118,528.038208,118.0,122.51517217401063,39.96501548538191,45.11531721708939,8.85000000000001,-3.86,-12.77552617073059,-36.82349770069122,-18.665075515976085,-5.6796447459859465,-5.767938218586627,-22.787032571917646,-4.9742880167664545,0.12588509253654023,0.2970888183862349,0.0
402.895444,218,537.425376,218.0,234.7780660699087,78.02745279736239,81.28824640806613,12.60000000000002,-9.470000000000004,-22.814341723918908,-85.29087854623793,-35.07801270855697,-11.391544574045545,-20.398744024551785,-27.61532848189667,-9.73947134186431,0.4189705861200082,1.826711755483236,1.0
216.784503,115,542.150816,115.0,113.46783324312347,37.04357553026448,44.190273324046586,7.500000000000007,-4.12,-12.237557616233826,-35.11010136306285,-18.353646236331784,-5.3279813845494965,-7.017019646345156,-13.2096826901723,-5.041190485977139,0.39989172496985914,0.9197509674306761,0.0
57.460973,124,547.313687,124.0,-27.900784903540504,42.219916275231725,46.22139381402255,1.3499999999999999,-6.300000000000001,-13.289800293445591,-41.859576624631906,-19.99780700087625,-8.219755716591713,-1.5747398863680369,-32.040582522746455,-5.147290265224282,-0.19104170784311997,-0.4737834354509375,0.0
217.995749,136,553.091496,136.0,103.67619599033115,47.92610390063466,50.27865005039073,8.100000000000009,-7.4600000000000035,-13.531762180328377,-47.27842243313791,-21.406550938911284,-6.6583155426746155,-4.903863703837043,-21.03356884565157,-5.712717266009792,0.38298113292887004,1.0417086815665266,0.0
153.92676,176,560.639968,176.0,5.4041769557056,57.156772868844506,61.28294586063317,3.7499999999999987,-6.440000000000001,-17.364340252876282,-58.6209411352873,-27.5861384579769,-8.300646907008854,-3.7145106399873504,-22.447223693256422,-5.193334977592374,0.06229102331359593,0.21926440206385767,0.0
301.311574,151,567.151803,151.0,207.36514777824786,50.398568092513024,55.40282770486683,6.150000000000004,-5.610000000000001,-16.60435336589813,-53.77398260831832,-24.434829571249207,-7.520995496800285,-23.143842742726257,-31.088410748512395,-6.828554800431692,0.6913761951141687,2.0879561092447894,0.0
188.199555,107,571.700029,107.0,105.12393395287434,35.77706253863321,38.74101172648307,7.350000000000007,-4.800000000000001,-11.99390727758407,-37.63091434240342,-17.998036248867358,-5.312230375044117,-5.0964596154210255,-17.815732624980477,-5.145173063892316,0.5835271471013542,1.248748094796898,0.0
259.243159,164,578.644469,164.0,131.2959543806961,58.54704348219355,60.350044842698445,7.950000000000008,-7.560000000000002,-16.524530074596406,-63.81584208905698,-26.384203636902253,-9.553077009497274,-6.133921292447486,-25.743106440782558,-7.185202830330428,0.4120034579209,1.351371341980552,0.0
358.152279,222,588.331636,222.0,166.08343691117827,80.29104197569404,78.46319115630848,9.450000000000012,-7.720000000000002,-21.623615243434905,-75.57224611937994,-34.425483951931106,-10.632171806390126,-12.620082510081033,-28.260104385060558,-7.281687354151784,0.34127916480817216,1.5152794917482846,0.0
122.803211,82,591.954827,82.0,53.181683975995355,28.464858637704072,28.77803751247895,3.8999999999999986,-4.5,-8.9032830619812,-25.822338581085212,-13.28162392163051,-3.981862468960589,-2.3279000333667823,-11.612252758962676,-3.0921078089851837,0.308291764735938,0.5055984941669384,0.0
132.06729,72,594.765307,72.0,74.25848545701368,22.00019134702254,26.591645610272185,6.150000000000004,-2.9699999999999998,-8.064915685653686,-20.227980931103232,-11.36742589429465,-3.2279483795455817,-4.674754198462872,-15.345646912739596,-3.0543600845911767,0.5468109064307747,0.7874077052603154,0.0
142.935468,73,597.428369,73.0,89.48113977519861,22.816419723992848,25.57430139629391,4.950000000000001,-3.0799999999999996,-7.957455506324768,-23.151885235309596,-11.648409035083517,-3.0884800059510216,-11.136306817764277,-9.956041580230643,-2.8678146722842905,0.4121196713588986,0.601694720183992,0.0
327.150371,172,604.985065,172.0,189.64140121115688,59.75917352352116,64.38471464141878,9.750000000000012,-7.1700000000000035,-17.127421002387997,-57.804643291234996,-26.263975032483405,-7.454824389189644,-23.387430404304986,-23.142282613631362,-6.034341561934749,0.23548057226060246,0.8100531685764725,0.0
179.77568,88,608.943063,88.0,105.57327378218652,30.992851879892402,30.784881525524636,5.250000000000002,-4.1899999999999995,-9.395567064285277,-28.50935642123223,-13.826356056959078,-4.346234576210229,-7.949738709555951,-9.573934346920979,-3.034139907571621,0.42759320969381803,0.7525640490611197,0.0
181.939855,101,613.230081,101.0,95.56112505751602,34.441859866450635,34.74524645401588,6.150000000000004,-3.5,-11.284779095649718,-33.25976295471191,-16.237918620918894,-4.194592095433971,-7.820403150329112,-9.750212222463919,-3.9107078240493953,0.4674181216539963,0.9441846057410725,0.0
177.160418,99,617.355557,99.0,104.07570831868217,34.98803747155412,33.83258082094863,5.400000000000002,-4.06,-10.416713247299192,-34.9071481704712,-15.193824600111915,-4.095110607466248,-11.018704246448166,-16.81976873650083,-3.6246394608070283,0.4584225230316908,0.9076765956027477,0.0
100.454147,80,620.657924,80.0,45.09927603357631,26.28071081288689,27.06347112246465,3.7499999999999987,-2.96,-8.531023135185242,-25.028717553615568,-12.624855828478188,-3.457943995677044,-3.038453928676529,-22.711168121518956,-3.3871488162121155,0.550678655370522,0.8810858485928351,0.0
250.573894,146,626.909417,146.0,128.09258888284847,49.75889481043449,52.156299625351885,8.100000000000009,-3.5399999999999996,-15.134461646080013,-44.41137536466121,-24.133472252826934,-5.96819923057472,-10.811192993718608,-23.66205133066051,-5.873136557981413,0.34794917678880855,1.016011596223321,0.0
182.77879,87,630.720057,87.0,117.29911125198032,31.302499442732277,31.4059135977206,5.5500000000000025,-3.999999999999999,-8.860643873214718,-31.045331001281745,-13.809787934671842,-4.100326634693745,-12.571373095496341,-11.865349929024502,-3.5259216427573232,0.4263351083764894,0.7418230885750916,0.0
33.583078,72,633.757746,72.0,-13.386441813001055,24.292653823482436,23.267337759632465,0.6,-4.039999999999999,-7.779892683029175,-24.556285846233372,-11.50832780507674,-3.6642174316441527,-2.2169352996052694,-16.306399857137254,-3.118412611906762,0.19026923595395867,0.27398769977370047,0.0
226.916942,106,638.178274,106.0,125.11041328658887,39.49615334194984,37.934805005904664,7.500000000000007,-3.579999999999999,-10.043007438182832,-34.73449312448501,-16.648396447139152,-5.326640432639469,-7.653242669944887,-7.499935762795727,-3.638713628517942,0.49280328159866726,1.0447429569891746,0.0
215.96664,101,642.531123,101.0,135.70103974546987,35.54753398562502,36.88306688315671,6.600000000000005,-3.879999999999999,-10.374862051010137,-33.37608454227448,-16.391188509477157,-4.939128242960512,-14.702195370782752,-12.08245443486117,-4.019087153704001,0.4850158888234857,0.9797320954234411,0.0
163.133567,95,646.735229,95.0,82.48233296616718,32.399073277111704,32.34598242824451,4.5,-2.7299999999999995,-9.917298893928525,-33.392123213410386,-15.063899527999594,-3.1686075870215444,-4.044436562454125,-11.761828928156689,-3.5156264679942124,0.5190906728878402,0.9862722784868964,0.0
248.052211,120,651.736496,120.0,154.9147904574306,37.99212816877293,41.28783647715702,9.300000000000011,-4.5,-12.662760500907902,-36.92657360136508,-19.644831576683735,-7.2744552858971385,-9.467025495361804,-20.35250047301058,-4.614397175948052,0.6298055442224718,1.5115333061339322,0.0
348.786643,167,658.788335,167.0,211.82792822605634,60.968175275593474,59.426551524691256,10.950000000000015,-5.640000000000001,-16.771461913585664,-55.504271730780566,-26.914421182570198,-8.212649603348622,-20.430610682754576,-21.02371734870403,-6.88887935078335,0.37801374417372674,1.2625659055402472,0.0
299.941728,137,664.439678,137.0,174.31534329991732,50.43819615522712,49.92020415302915,10.500000000000014,-4.13,-13.947679352760307,-43.1400822043419,-20.818705773870114,-7.373177217731456,-13.00688452782852,-14.907823678766377,-4.907663161929126,0.517612973301522,1.4182595468461705,0.0
202.890019,103,668.723371,103.0,131.88510067122124,34.32542193584554,32.16594314717728,8.100000000000009,-2.9299999999999997,-10.72612699985504,-26.326493100821967,-16.5935854082774,-5.331970006691703,-11.189139263270578,-29.869603423030924,-3.619528619639142,0.5572451157949537,1.1479249385376047,0.0
81.461777,72,671.823637,72.0,27.181059701253567,23.04239360316519,25.52689860610663,1.9499999999999995,-1.8199999999999996,-7.806181387901305,-25.129263079166414,-11.561142115203353,-3.4918993214152723,-2.4076840478932433,-12.626629934270952,-3.3957746731773475,0.41089928197244263,0.5916949660403173,0.0
194.963972,86,675.351554,86.0,134.42558370393576,29.975480831127634,28.795823408742592,4.5,-3.7699999999999996,-9.044218764305112,-29.401971548795707,-13.68205989878291,-4.29636321662601,-15.926453833121512,-9.3533953181409,-3.25845314401741,0.7022265405746307,1.207829649788365,0.0
205.709805,117,680.045496,117.0,95.32481156041113,40.44687227034588,40.972182042599925,8.85000000000001,-5.48,-10.873448355197901,-37.52488729357719,-17.573727306514815,-6.157934940021049,-3.8199167635744957,-11.763938716569534,-3.690207933067544,0.3893162020533912,0.9109999128049353,0.0
244.078398,121,684.360811,121.0,139.3272085935643,40.296047591763774,44.31714410830471,9.450000000000012,-4.44,-12.388065936565395,-33.848469051718716,-18.08788214714078,-4.512228739638728,-15.154214709350176,-17.248012887919188,-4.63312891907915,0.5550767913503067,1.3432858350677424,0.0
175.054543,94,688.067465,94.0,100.76285398856999,33.559015327894144,32.59099389076629,5.250000000000002,-4.950000000000001,-9.49293979167938,-31.322698676586153,-14.409746424530631,-4.9709343004500655,-6.228004251048552,-16.25916663839321,-3.4748303149573387,0.5507985082147412,1.0355011954437134,0.0
143.74504,75,691.202,75.0,92.61604476206521,23.721766802474715,25.210530570152507,6.0000000000000036,-2.8299999999999996,-8.181100225448612,-25.916871500015255,-11.960519121553526,-2.8805714885913822,-6.764139647521594,-17.042482717922034,-3.2276173143353573,0.5712297703401069,0.8568446555101603,0.0
231.786097,113,695.957657,113.0,143.99748353519942,39.72840890275552,38.57629579068547,6.750000000000005,-5.230000000000001,-11.659685220718384,-34.34269370734693,-17.995009038283943,-5.507731384559626,-14.238997858063623,-16.184646036284025,-5.107328317251358,0.6234014805840088,1.40888734611986,0.0
330.856437,176,703.916345,176.0,180.85803451341752,67.11545607097877,62.6840502131943,9.300000000000011,-6.130000000000001,-17.118727133274074,-60.99578728973865,-27.57521190351216,-8.020120593772724,-17.655722329097166,-21.078218346675175,-6.527315998201486,0.35194262332605625,1.238838034107718,1.0
484.529236,232,715.096616,232.0,280.7338556213359,85.00442722416302,86.54647511181828,16.65000000000002,-8.270000000000005,-22.299419820308696,-72.26606602668762,-36.102178020694225,-11.033765836335881,-23.091877921677245,-33.19423340630854,-10.14798113451506,0.29876602989800305,1.386274378726734,1.0
329.192265,140,721.881668,140.0,201.84627911646075,48.77246533580046,51.73797682379646,13.350000000000021,-4.23,-15.105789771080017,-37.75490251481532,-22.354121168862235,-6.8534087504845544,-18.054661187640274,-16.68061694081198,-5.480955847763874,-0.020281213378756505,-0.05678739746051822,0.0
179.482367,88,726.120425,88.0,118.95901279066129,30.036179473204353,29.649838450239407,4.950000000000001,-3.3399999999999994,-9.294659113883974,-28.59929277300834,-13.885420411437918,-4.323342255472887,-14.069187468234238,-15.190512086017874,-3.4102500456153355,0.2605418687093366,0.45855368892843246,0.0
364.026526,182,734.973559,182.0,191.02734306690394,66.65125023393107,66.6301428864913,11.850000000000017,-6.580000000000004,-18.09606199741363,-53.1451119959354,-28.400657891527917,-10.103811610870727,-9.621320975366496,-21.31556206400275,-6.869683402996359,0.1016558167023532,0.37002717279656566,0.0
182.640335,94,739.685329,94.0,106.25300703928387,32.503049768994394,33.462847428739245,6.150000000000004,-3.4899999999999998,-9.092701220512389,-27.40716871917249,-14.176086785327687,-3.734650194716124,-10.983030288622597,-17.291151436193918,-3.553780776942576,0.48944892245445865,0.9201639742143823,0.0
435.334877,239,750.714249,239.0,232.8000557797041,85.40192680420299,91.06383208152641,14.100000000000023,-8.930000000000005,-23.70700101613999,-74.59812660217281,-37.63098641325519,-11.09071483301201,-22.277336531761534,-38.50321799074239,-10.2935546108955,-0.2765322136299621,-1.321823981151219,0.0
329.227,144,756.860292,144.0,210.1889066054577,53.56624192627872,49.636810780286844,9.450000000000012,-8.410000000000005,-14.140227696895593,-45.87999520897865,-22.18830074417936,-7.667955029543722,-15.450485460454672,-18.743550577413927,-5.134444690654217,0.6055624413796785,1.744019831173474,0.0
300.032814,124,762.63542,124.0,195.52284576378014,40.226114447508145,44.985485566177005,10.050000000000013,-4.31,-13.091751494407657,-33.87061396241187,-18.930827095784608,-6.2171329223109515,-15.931938545424766,-17.975677780794868,-4.423689921802168,0.7188100107990232,1.7826488267815774,0.0
248.572796,105,767.514327,105.0,151.93626670949772,35.40276473318897,37.87766358439831,9.450000000000012,-2.3499999999999996,-9.976870720386506,-27.94256426990032,-15.955558328524978,-5.13527661241036,-16.756914582744418,-8.689796943199081,-4.286917697852321,0.6608704189238175,1.3878278797400168,0.0
387.977209,164,774.469815,164.0,241.18990785409358,57.51743641158728,61.6678364044329,13.800000000000022,-4.79,-17.35971649646759,-48.71452396512034,-25.57684632342095,-6.529001772497694,-22.206711620044864,-18.096236990332468,-6.924934195766862,0.3209899498174822,1.0528470354013417,0.0
357.46318,150,780.317693,150.0,230.087279533605,53.04766045448259,55.480710905173154,11.100000000000016,-6.2700000000000005,-16.138604571819304,-40.94454399347307,-23.08771996556745,-10.418385496577141,-18.204713838002533,-20.01871311074716,-7.169789789443098,0.7163144189261299,2.1489432567783897,0.0
261.584571,119,785.466871,119.0,166.719645160708,42.34072154221854,42.685709768672275,9.00000000000001,-4.750000000000001,-12.116615152359008,-40.33164862096311,-18.450566907062665,-5.241021338453877,-18.071129336465344,-14.934151859858586,-4.2663722546328025,0.6182956322127113,1.471543604666253,0.0
161.563097,67,788.564931,67.0,110.28706285038491,20.078770970061566,23.165415063215516,6.600000000000005,-2.06,-7.90614095687866,-17.20654284358025,-10.535064940425855,-3.126708173512866,-11.223776575062193,-10.75541642173714,-2.7545016575606125,0.7018557330634246,0.9404866823049891,0.0
215.961193,86,792.496494,86.0,159.41722797694945,25.013450472395757,31.928432280220093,7.6500000000000075,-3.5199999999999996,-9.978580508232117,-26.79200380742549,-13.709305706767829,-4.181715924375288,-22.17234559333218,-9.834104629900223,-3.859861308728605,0.8433047943048533,1.4504842462043477,0.0
164.543012,77,795.962492,77.0,113.48927460796209,19.25367883261252,26.769658766192958,6.900000000000006,-2.6999999999999993,-8.180340886116028,-18.732923734188084,-11.953743380717794,-3.9190051472611334,-14.558172083795874,-15.460522570078043,-3.364892302987645,0.6779846152962183,1.0440963075561762,0.0
223.261602,97,800.3259,97.0,135.14737274713016,31.638240357489224,32.381420307325534,7.800000000000008,-2.939999999999999,-9.847305135726927,-27.542823344469078,-15.361965233525597,-4.952096053142256,-9.295358890195475,-7.190838903673615,-3.5750433896999243,0.6855304457104717,1.329929064678315,0.0
191.661113,76,803.773812,76.0,134.25816512489638,23.429650864814224,26.85718953916315,6.450000000000005,-3.3099999999999996,-8.213370656967163,-19.380987513065346,-11.19739962573983,-3.4884702788151802,-17.582425636797073,-9.169692980058644,-2.9915459763972283,0.8951541301579676,1.3606342778401108,0.0
175.727654,77,807.225545,77.0,122.63234112133952,26.338350495800753,26.448533429138614,5.850000000000003,-3.2999999999999994,-7.9859138679504404,-25.32286921739579,-12.053460590203809,-3.605781083654647,-16.0163864852869,-11.568168606335512,-2.6889916147123625,0.6841897400078786,1.053652199612133,0.0
176.454273,82,810.878163,82.0,106.35804015881908,26.079552928395163,24.18425188743357,7.350000000000007,-2.9399999999999995,-8.56348608016968,-22.962034142017362,-12.99911543882061,-5.116233272363607,-4.6467962799662175,-9.709694575410708,-2.580212102002052,0.5786883808203821,0.9490489445454268,0.0
156.329868,73,814.340047,73.0,92.34358492513604,25.55272411801652,23.57921006568632,4.199999999999999,-3.5599999999999996,-7.394770460128784,-21.294002807140348,-10.917740956727645,-3.328658467086641,-6.8848722897571015,-6.624726203901026,-2.340879454649069,0.44525367996492327,0.650070372748788,0.0
193.304125,82,818.94641,82.0,122.76463705803205,23.85616259021609,28.373015627153368,7.800000000000008,-2.27,-9.003971982002257,-24.701896470785123,-12.711049742486669,-4.229715987664395,-8.750685988686072,-6.74668666490195,-3.075683669171386,0.8260340879892615,1.354695904302389,0.0
298.004338,120,824.090266,120.0,211.6999871515805,41.876468549555256,42.17739468705849,8.70000000000001,-3.539999999999999,-12.908233323097233,-35.09442956447601,-18.968521836019505,-5.94782659042845,-28.244414283371896,-16.395965621632097,-5.350121419782289,0.8069266107655341,1.9366238658372816,0.0
237.639781,113,828.936854,113.0,134.70885192458434,40.00315524941563,39.51779216653553,6.900000000000006,-2.9199999999999995,-10.999483680725096,-30.388541489839557,-16.72475680895025,-5.2513505740559765,-12.547692725663778,-13.863309207081587,-3.7948842254673,0.45154034699123374,1.0204811842001884,0.0
473.983264,229,838.840143,229.0,250.70590482879672,85.78100469695826,79.33140067055584,16.80000000000002,-10.100000000000009,-22.852417449951172,-63.43934251368046,-34.96374732845254,-11.91295412306496,-13.421394927723988,-22.908678906444823,-8.036510752284133,0.45004637283346355,2.061212387577263,0.0
627.061379,277,850.70564,277.0,348.9029050071645,101.98121344413744,104.87135736181119,21.149999999999977,-11.950000000000008,-26.49535256147385,-78.48882425427438,-41.543070884664445,-14.82370102191462,-18.832056173260288,-24.98679769416248,-9.72429450974315,0.4882763702389527,2.705051091123798,1.0
225.209122,102,855.104965,102.0,135.66742864315034,35.03320386461592,35.85708108749988,8.40000000000001,-3.609999999999999,-9.892258386611937,-27.927101486921313,-15.662416730583354,-3.856097556054932,-15.598078586710033,-12.066187699582557,-3.1364512555277435,0.622129077845098,1.2691433188039998,0.0
177.918253,101,859.231375,101.0,95.65276186472786,34.355299634296756,35.85234591127703,6.900000000000006,-3.6399999999999997,-10.862841506004333,-28.938831418752684,-15.899276956395793,-5.2586173021420155,-5.362630272555331,-21.684158138429773,-4.1957984249820095,0.46812478112406364,0.9456120578706085,0.0
335.921958,138,864.825167,138.0,229.1373312400383,48.49827240170519,48.2313369783173,13.350000000000021,-3.9699999999999993,-14.888111629486083,-37.094539763033396,-21.55286094295086,-6.0885323018899955,-25.127432172159573,-27.083699606530484,-5.489805904277903,0.7558621759682186,2.0861796056722834,0.0
301.817644,124,869.391028,124.0,211.83009361630667,41.12126995562157,44.62953494587324,11.100000000000016,-4.31,-13.118203830719004,-35.191390705108645,-19.543504508513916,-7.350564043546243,-25.371655923555338,-20.839024808589237,-5.138910459164389,0.7314032435907625,1.8138800441050908,0.0
155.859657,82,872.890793,82.0,81.46223682868268,28.67564225123957,27.260450741315797,6.0000000000000036,-4.31,-8.288065867424011,-23.243982641398897,-11.846016208223572,-4.967280054877813,-3.659853095478453,-10.805460887641768,-2.418014483044998,0.5936999575864806,0.9736679304418283,0.0
377.35951,160,879.307564,160.0,232.04939059608884,54.4971616181157,58.20896917470822,13.05000000000002,-5.580000000000001,-16.117575757503513,-41.57676501870154,-24.39474402326196,-8.758555815221346,-18.31685195140781,-19.376652712616426,-6.324866268808563,0.6435515056284786,2.0593648180111317,0.0
475.695281,186,887.450592,186.0,301.29664747519763,65.96666068767757,67.97981570878488,15.000000000000025,-6.100000000000001,-19.450056509971628,-47.74702417850498,-28.622362206825333,-9.052618917036437,-26.13998014045488,-16.171480600120322,-7.264320016031317,0.6614399201057777,2.460556502793493,0.0
707.61485,314,901.133053,314.0,393.7020345941198,115.09066284218834,114.08286726199212,25.19999999999994,-12.13000000000001,-31.35546003580095,-77.93325251936906,-46.66492549438959,-14.571225529825641,-24.784803901594564,-36.09590225650025,-10.925144582038778,0.2981075194699251,1.8721152222711295,1.0
432.819142,182,909.127539,182.0,250.9956555455986,64.18987395324206,66.0249622505137,16.80000000000002,-5.5600000000000005,-19.91204701423645,-39.04197011590003,-28.666277320549902,-9.243206710847424,-18.406087833367927,-19.61423456616295,-6.747526419403576,0.6228357034025984,2.267121960385458,0.0
305.252362,125,914.482318,125.0,204.9346623336579,39.841157951642884,45.19880989349493,12.300000000000018,-3.4000000000000004,-15.032152175903313,-30.67138720750808,-19.67795413792248,-6.923273933908952,-19.858910448183916,-20.266329926862067,-6.192259910136781,0.6662608499504743,1.6656521248761857,0.0
400.72696,163,921.359339,163.0,248.4891088953255,58.92161142194893,59.205121963004736,13.05000000000002,-6.210000000000003,-16.277809765338887,-43.753454136848475,-24.651523543850853,-7.925305944597057,-21.156013735332145,-15.840232918793223,-6.124542190905075,0.5652375709791903,1.8426744813921605,0.0
912.126203,403,938.218024,403.0,506.6323575657224,147.13031099976232,152.40651635223176,35.69999999999984,-12.750000000000014,-42.78804050922395,-93.78163720369338,-60.77021587768116,-21.467070438138542,-32.678284684554505,-54.42854098630068,-14.079192499705467,0.42129998063061214,3.395677843882734,1.0
236.88275,152,944.600815,152.0,93.18480667724626,53.04160424662756,55.59282103506063,9.600000000000012,-5.990000000000001,-15.42908758878707,-37.7724803477526,-23.014345317705022,-7.31201747969119,-8.557440359677196,-22.802858548937696,-5.658252044692366,0.48709619375881996,1.4807724290268127,0.0
173.083135,79,947.748003,79.0,108.50965194733703,28.47540800160296,27.069286209513045,5.100000000000001,-4.36,-8.77009745597839,-21.629592025279997,-12.592928784084167,-5.356133010093038,-10.274044566777022,-9.155148197251755,-2.9332672376103406,0.6754722122301028,1.0672460953235625,0.0
93.4257,113,952.277518,113.0,9.243266239082566,31.49719884461398,39.13882119265179,7.200000000000006,-3.5199999999999996,-13.08480131626129,-26.85503152012825,-17.049215414560194,-5.752296168248822,-14.342621363275189,-21.78850283436753,-4.261117454838552,0.2815004492748417,0.6361910153611423,0.0
191.715212,85,955.539913,85.0,112.97559971372543,27.595362179175915,28.50736196683891,6.750000000000005,-2.5,-9.98910979747772,-16.849721873179075,-13.200557560480421,-4.00422564234573,-6.682751975638656,-12.812166425629458,-3.074578176928939,0.7158450892224192,1.2169366516781126,0.0
359.129987,152,962.034792,152.0,216.05390575310616,52.67249332783663,56.19125996016152,12.90000000000002,-5.12,-17.845774831771845,-39.78926163315772,-24.21414038048355,-7.574086732965408,-13.020937077578633,-16.97410761297403,-6.149364232871561,0.6945981332214781,2.1115783249932933,0.0
778.528791,358,977.31167,358.0,399.79363929327695,128.97049816107346,137.1340582284761,28.949999999999903,-12.980000000000013,-36.7696268463135,-82.32733009457593,-54.3815414595636,-17.654144992517498,-19.990746513434225,-37.298195747034995,-12.917818988779894,0.2518245311923172,1.803063643336991,1.0
204.795541,96,981.438563,96.0,120.988740301466,32.842968096338375,34.47733232797987,7.050000000000006,-4.04,-9.778044977188111,-25.16264383494853,-14.812594425946596,-4.424442846579312,-11.64592546674523,-13.222230588124809,-3.4776180185210785,0.5027788741347471,0.9653354383387143,0.0
222.001599,120,986.450556,120.0,108.19993848703687,41.267365541401105,42.25399652047509,8.40000000000001,-3.1999999999999997,-12.912441477775575,-26.49941080808638,-18.369593974775288,-7.555913666761326,-5.441317012814323,-19.438085690903083,-4.702938985484862,0.3679926765837677,0.8831824238010425,0.0
437.728566,171,993.710505,171.0,289.62137309438134,58.37047618342351,62.84833507986238,15.600000000000026,-4.79,-19.790820560455323,-39.832985162735,-25.962552846513184,-7.94919052676839,-37.040684684860146,-17.445238465184488,-6.900145856195388,0.7799644980235675,2.6674785832406007,0.0
343.170044,134,999.460451,134.0,225.22274233980986,42.826233493438465,49.034827051350796,13.20000000000002,-3.649999999999999,-14.753972442150117,-27.559214527905002,-19.49371226926458,-5.802699005212709,-22.49016608249569,-22.719011201503147,-4.644982881605486,0.6860360924222543,1.8385767276916416,0.0
185.460801,105,1003.93331,105.0,88.98305474479429,32.365747539425804,37.30014735541198,7.800000000000008,-3.499999999999999,-11.559131679534907,-26.486971703171722,-16.59338678579048,-3.955181540155898,-6.015100408461284,-13.992070228619932,-3.88630677720387,0.47745330009307246,1.0026519301954522,0.0
466.739418,185,1011.746759,185.0,298.5854406544528,64.48890211721925,67.83373264237352,17.400000000000013,-5.17,-19.851257324218743,-46.75945194810626,-28.72358948885581,-9.824806848515491,-29.46182528506305,-19.64713887102796,-7.13058804076754,0.7132549152933507,2.639043186585398,1.0
529.511635,207,1020.476239,207.0,344.55349180173596,70.77018997839001,77.58502219853443,17.70000000000001,-6.270000000000002,-22.197639541625975,-51.27812397181988,-31.577553048177183,-10.44386185995507,-37.10092856623387,-20.91251868626168,-8.316443390829146,0.7502748092765049,3.10613771040473,0.0
300.007057,135,1026.337952,135.0,170.982481983061,46.30126727946941,51.78274947791488,10.350000000000014,-4.880000000000001,-15.961287617683412,-30.36726474761964,-20.964190480201257,-6.6249554322906326,-13.020749113180221,-17.349917126859697,-5.241077606567823,0.7195853457958514,1.942880433648799,0.0
221.890359,89,1029.974742,89.0,144.18257550451025,32.08951725999606,31.109254193429578,6.900000000000006,-3.01,-10.177011089324948,-20.01296839416027,-13.976459490270921,-4.252946179818768,-14.879816191005338,-11.759414514490029,-3.3223722513254965,0.749809065426945,1.3346601364599622,0.0
387.017249,141,1035.916405,141.0,248.67534996089228,47.20773283654934,52.18336353260376,14.400000000000023,-2.51,-16.49882053375244,-31.327503587305547,-21.64876521868839,-7.501217200647133,-21.23893695046538,-10.56272563070677,-5.161228398566555,0.8367395790107717,2.359605612810376,0.0
257.036073,106,1040.079272,106.0,171.12277696185444,35.563808265918524,36.94600317768893,8.85000000000001,-3.1699999999999995,-11.989043531417849,-25.42047695368528,-16.086756510574485,-5.409277271912924,-19.999114403150923,-15.585817701903586,-3.786029339935187,0.6657118282480096,1.4113090758857803,0.0
375.841812,150,1045.792071,150.0,236.83990148357884,55.09428004909977,53.72146778849584,12.150000000000018,-4.449999999999999,-15.96070825099945,-36.74845567643642,-22.75219623557983,-7.791910342046005,-23.717096812590462,-15.905848882318411,-4.637621239401354,0.6343581747068393,1.903074524120518,0.0
488.347256,205,1054.544866,205.0,263.4454038995112,71.6618259031844,77.46439469709429,20.099999999999987,-4.76,-21.056114292144773,-44.61111025363204,-30.56108627088168,-8.506548468266613,-15.375236041101585,-18.435256674939975,-6.019016521516109,0.5555684225992173,2.277830532656791,1.0
310.294446,121,1059.630809,121.0,200.64960870905034,42.551132094427686,42.563506628548694,9.00000000000001,-4.049999999999999,-13.246871676445005,-26.838545116782186,-17.06169984672195,-6.5970105624287205,-21.18859757238032,-12.48568901399904,-4.00138774337282,0.7447277290297217,1.8022411042519264,0.0
300.233617,113,1064.520554,113.0,201.22472078228503,38.18276670271411,41.175484695224235,9.450000000000012,-3.3699999999999988,-13.098364386558531,-23.446990412473674,-17.274569085805428,-5.303992059753009,-20.606024422303747,-15.508716733166581,-4.190697924055154,0.728976924932897,1.6474878503483474,0.0
361.450769,143,1070.455014,143.0,230.1543046265694,50.19085791120875,52.12516025280146,14.400000000000023,-5.09,-16.11997880458832,-32.56214130967858,-21.73233026199634,-7.0050826942837965,-18.270169487166317,-22.838979845854638,-4.800871306516641,0.728269143201836,2.082849749557251,0.0
599.788974,215,1079.626351,215.0,406.9290333235437,78.47262755833948,81.34658029895913,17.70000000000001,-7.700000000000003,-25.09769289016723,-48.041249431669705,-32.525239270357716,-11.617374806389389,-42.06767482108236,-24.481627186148245,-8.128409208200948,0.783642113970063,3.3696610900712707,1.0
603.863104,222,1088.965792,222.0,391.748630287318,79.48099837894284,83.50351265067698,21.74999999999997,-5.78,-25.65944410324098,-45.60701477676626,-34.12173889775228,-12.228528995897912,-37.96184398490125,-24.707795041289973,-8.553671794486268,0.7908121313807085,3.511205863330346,1.0
341.422352,127,1094.3257,127.0,249.33737181859286,42.312009676004685,45.15282100434853,12.150000000000018,-2.869999999999999,-15.314519476890567,-29.287631717324263,-19.744685012331097,-7.219127716404969,-35.47021584890333,-19.623574303944515,-5.000096363289831,0.9610094194164024,2.440963925317662,0.0
294.86953,122,1099.646548,122.0,177.81603646831684,43.225895374035,44.72598475745237,10.950000000000015,-3.7599999999999993,-14.277721753120419,-25.342860370874398,-18.47605052249004,-5.957601744576227,-13.650949258428957,-18.006366144225343,-4.37683712041355,0.7845381745156307,1.9142731458181388,0.0
842.821644,313,1112.89623,313.0,525.4980810572954,112.9736850719981,118.16528319913091,30.44999999999989,-9.020000000000005,-34.91726907968524,-64.8271264590323,-47.74494792860479,-15.279477140895501,-46.47078067288696,-28.07812795786843,-10.92767575428743,0.6493897041163866,4.06517954776858,1.0
461.598638,166,1120.619966,166.0,313.8199075928782,58.48471276423077,62.44587227060612,13.950000000000022,-4.39,-18.885326955318448,-33.30296172499657,-25.198841873922238,-9.39298730218622,-35.87997291352136,-19.461132465932515,-6.590631183411375,0.7824535680376584,2.597745845885026,0.0
326.100541,128,1127.02859,128.0,216.38793726094664,42.733823248817195,47.86380788130725,12.150000000000018,-3.789999999999999,-14.202147455215451,-31.437042191624645,-20.29558987914938,-6.319592443090153,-27.31795794700096,-12.42948701708363,-5.243210869423723,0.6669912269969744,1.7074975411122546,0.0
244.540072,100,1130.894664,100.0,152.65917342483107,33.04925080941064,34.53637980771244,8.85000000000001,-1.98,-11.170485539436337,-20.289446103572846,-15.678715728547786,-4.772622871456111,-15.640533987541229,-11.06473638513791,-3.958191515087993,0.6555301367029395,1.311060273405879,0.0
315.659052,113,1135.770454,113.0,211.68441926647154,36.84015583265157,42.22131211473757,8.55000000000001,-3.5199999999999996,-13.10757887363434,-26.113617819547645,-17.39539070449329,-5.662639628494468,-19.070879766719305,-7.643252203287244,-4.123475745661471,0.8453769681802089,1.9105519480872724,0.0
332.640234,119,1141.377445,119.0,228.19928928889527,38.99457762805134,43.6403958326568,10.200000000000014,-3.6099999999999994,-14.18523386478424,-24.99011638611557,-17.656008299573184,-6.355996796714411,-24.74215814699024,-11.643820947011308,-4.210693884937727,0.8332515391341625,1.9831386631393066,0.0
260.318525,98,1145.967361,98.0,200.5718625909487,32.54115139648449,35.4729056604034,9.750000000000012,-3.6199999999999997,-11.897393765449522,-19.73170737624169,-14.733283402412914,-5.500914628194959,-25.127978025695228,-31.231396683505004,-4.174720546318916,0.8496954438630363,1.6654030699715512,0.0
388.089354,155,1153.374699,155.0,230.84803148645142,53.328846853606926,55.295261644282434,13.950000000000022,-4.36,-16.447399766445162,-33.83971338570118,-22.929399077582577,-7.130155396786422,-16.039908076022588,-14.393304204106995,-5.192906324949176,0.6495220685310332,2.013518412446203,0.0
261.669077,101,1158.003015,101.0,178.6871666427784,32.121464993876046,35.92289811375568,8.100000000000009,-3.2899999999999996,-11.280315437316897,-20.88657075166703,-15.58878301294759,-5.553521857521898,-19.84182393114215,-13.774700109498985,-3.9467374414567358,0.7784294471275907,1.5724274831977332,0.0
522.133772,189,1165.995233,189.0,342.26026101817297,69.01938012742902,71.07914859022488,17.85000000000001,-5.840000000000002,-21.027387027740478,-43.88808489143849,-28.746503085376826,-9.510617316175017,-32.685081031409446,-18.9393404494567,-6.438003615583248,0.7543482764497844,2.8514364849801854,0.0
275.591869,121,1171.260225,121.0,149.01291709160375,38.7778114658222,44.793108362315536,10.800000000000015,-2.5299999999999994,-14.484384331703183,-25.29027489721775,-18.728444861764487,-5.645116403133658,-8.249023537691972,-9.97157493643835,-3.8931486786204,0.6814889764228654,1.6492033229433343,0.0
341.542211,130,1177.059093,130.0,224.23885892608715,44.911432511675585,47.27012454216757,11.850000000000017,-3.5499999999999985,-15.072628812789912,-28.51577174961567,-19.5728079884972,-5.8590424215018135,-23.697951885474684,-15.462036011984326,-4.997966018761161,0.8204186797972983,2.1330885674729756,0.0
440.609133,157,1183.65181,157.0,294.68363376633914,54.26104429982301,57.687710034839775,17.100000000000016,-4.490000000000001,-17.626945457458493,-31.79885008856654,-23.145245512439665,-9.72079510535488,-29.031347734498244,-18.35952055261614,-5.950550666190565,0.792035217399301,2.4869905826338052,0.0
393.156123,149,1189.7294,149.0,254.56022002387155,49.107000621682154,54.334264056480635,12.150000000000018,-5.000000000000001,-17.78805787086487,-31.34452557563783,-22.545134623694544,-6.8991035694126746,-24.309451353100467,-12.701630227749048,-5.4074583483189285,0.680722096432861,2.0285518473699256,0.0
471.493002,183,1197.751651,183.0,295.29368554618156,64.90365177813158,66.97547274296095,15.150000000000025,-6.27,-18.97212425708771,-38.73945788741112,-27.581975346294136,-10.439500878863557,-29.615409030854977,-15.353485963203681,-6.857854943517607,0.5995279569415565,2.1942723224060967,0.0
335.140018,150,1205.034748,150.0,176.32199839232678,51.42465073309225,57.249768202540444,13.650000000000022,-4.079999999999999,-16.334554257392885,-32.383072850108164,-22.204945964169674,-6.939362945078438,-10.644846343376296,-15.053747292411252,-5.865870029892202,0.6541195664631364,1.9623586993894093,0.0
526.173837,198,1214.509835,198.0,313.6089026259207,72.29481428253266,73.96449715679066,21.299999999999976,-5.160000000000001,-22.069974420070647,-38.83134691417217,-30.138853015351863,-9.407678383514652,-29.160416141513405,-11.173062291985097,-7.053045688509944,0.7087077076798796,2.806482522412323,1.0
196.547707,78,1218.16745,78.0,129.80745944443493,25.67582342326009,27.888959605633744,7.800000000000008,-2.2199999999999998,-8.823905181884767,-18.080828005075457,-12.264852147205376,-4.387302304192241,-12.455526723043292,-10.874682014111764,-3.5174392991639407,0.7227713423046688,1.1275232939952833,0.0
442.19196,158,1224.984858,158.0,304.05487816964666,53.24000514934797,58.7680825071849,15.900000000000027,-4.449999999999999,-19.125638122558602,-30.487390626966935,-23.544726820078623,-7.504192691906507,-32.3043224728896,-24.206132291033878,-6.14860242178515,0.800589860525886,2.5298639592618,0.0
343.78382,126,1230.633277,126.0,229.86921199878898,44.935913124529904,47.07786632703551,12.000000000000018,-3.549999999999999,-14.455934510231017,-25.977001839876177,-19.39173754899289,-6.348804675340803,-29.104015864252435,-11.946743858989494,-5.324932974193717,0.7145755073178637,1.8007302784410164,0.0
270.307674,101,1235.230357,101.0,176.76240269045874,34.21765723586585,35.939158045578715,9.150000000000011,-2.8,-11.58587570667267,-21.14728722572326,-15.601326263218615,-5.791983797937334,-20.552411967954978,-5.920819099782007,-3.3618403782657884,0.792909485946431,1.6016771616117906,0.0
404.295476,145,1242.001983,145.0,263.88025338042735,48.922776500355106,54.342816262843996,14.850000000000025,-4.5,-16.729862751960756,-28.363829756528144,-22.12651231634047,-7.542552359615505,-28.28204144010536,-9.86672070397503,-5.288851196392249,0.8191326488104236,2.3754846815502284,0.0
455.990953,161,1249.15885,161.0,304.60745932062673,56.11830478847001,59.921556950704,16.80000000000002,-4.06,-18.535385031700134,-33.18084770441053,-24.402670568136024,-7.647207658600213,-33.5008181744789,-15.167707092068904,-5.961731930295133,0.8007282948709087,2.578345109484326,0.0
257.498372,99,1253.631501,99.0,164.85964098008836,33.905083082931824,34.649845896658185,7.950000000000008,-1.6499999999999997,-11.158347027301781,-20.129956126213063,-14.556748388080525,-4.491248383018205,-16.324189387550927,-11.063724347864696,-3.4919846952119036,0.6710180325884377,1.3286157045251068,0.0
9.507183,67,1257.105302,67.0,-21.284267057920037,17.987836825778313,21.55706642806536,1.7999999999999996,-2.9799999999999995,-8.564366888999942,-18.036118072271346,-11.073472585061173,-4.114936379767153,-6.280602637945196,-23.405664687546192,-3.0982921506348866,-0.16255108027930926,-0.21781844757427443,0.0
697.471981,229,1267.101784,229.0,479.73236045758284,81.47896485456191,87.25152106479652,23.99999999999995,-6.870000000000002,-25.1589623308182,-42.813499975204465,-35.277715733454016,-12.468170221559763,-51.18632275330592,-21.87749223623623,-8.338702102634187,0.8791685540469025,4.026591977534814,0.0
171.647263,69,1270.073547,69.0,106.67984911083803,23.463381928633027,24.251783983295656,6.0000000000000036,-2.1199999999999997,-7.1276197814941415,-13.394737026095394,-9.33902379782709,-2.567581724908834,-14.131601356297656,-7.176408647303509,-1.8907794279882217,0.6743789056365525,0.9306428897784425,0.0
390.126645,143,1276.14565,143.0,252.2677270799622,49.78846319768751,53.65365231308407,14.250000000000023,-5.320000000000001,-16.38985271930694,-27.80950003564358,-21.469821123807137,-8.023244389803061,-23.291548037238705,-15.681720548656676,-4.8475109774973335,0.7552236265887867,2.15993957204393,0.0
404.587845,149,1282.436119,149.0,267.17579590738205,52.49598205160357,55.492953995771984,13.20000000000002,-3.989999999999999,-17.762537047863006,-30.693428162485354,-21.87087554861772,-7.425633706703541,-32.080967459312305,-13.39074449307981,-5.562700216301528,0.8180887780237982,2.4379045585109185,0.0
286.319451,109,1286.927492,109.0,191.85261792175206,33.39226155380957,40.22519997451465,11.250000000000016,-3.619999999999999,-12.800591418743135,-20.43751839101315,-15.997590802297038,-5.022000252401429,-20.177756800905254,-17.081595922621723,-4.26357457884027,0.7761302952529474,1.6919640436514254,0.0
282.32567,113,1291.578193,113.0,183.4917639259241,38.05952769497405,40.09013104727052,10.050000000000013,-4.2299999999999995,-12.479380722045896,-27.193997561931603,-17.227965314882077,-6.124542780197007,-18.433054237781057,-12.485478383858176,-4.191333238936394,0.7651720387338175,1.7292888075384276,0.0
377.503704,138,1297.39363,138.0,241.07973128077256,44.88375790069124,50.48396443909259,14.850000000000025,-3.6099999999999994,-14.55267084598541,-25.198374047875404,-20.425606590262678,-6.835288042016066,-20.88660034441914,-16.030496619297594,-4.254713216660706,0.7095263618560608,1.958292758722728,0.0
221.969023,84,1301.757334,84.0,150.62382187473992,28.432275557018784,29.970527463014925,5.5500000000000025,-2.3499999999999996,-9.316988716125486,-20.38602306246757,-13.341820214523898,-3.989859528084926,-16.517089322648857,-7.608763789768193,-3.0970574743256205,0.8174384552759011,1.3732966048635138,0.0
375.597177,131,1307.761761,131.0,253.5223409869074,44.382799302356126,48.78309620352409,12.150000000000018,-4.119999999999999,-14.90153915405273,-24.46348201334476,-20.598116356622263,-6.1106573298024465,-27.23569481137508,-11.574705509756823,-5.236864566963532,0.8408834927137603,2.203114750910052,0.0
527.522143,178,1314.353115,178.0,351.29995818756237,59.6895411288321,65.86485875478458,17.100000000000016,-3.929999999999999,-20.76758029937742,-28.948706804215917,-26.799335491874857,-9.77788701520284,-35.29494218874294,-12.708530487125085,-6.2052332163278106,0.8606505125690672,3.0639158247458793,1.0
333.09665,118,1319.446024,118.0,244.90802517639605,37.66351466244658,43.4420729515376,10.500000000000014,-3.679999999999999,-14.653233370780942,-23.901756787300105,-18.244288610592715,-6.064637479219273,-39.440080572117104,-9.881508339311162,-5.5514575288848125,1.0259379227908558,2.4212134977864195,0.0
271.891159,194,1328.507788,194.0,107.03679672526519,59.43293953107425,71.15838734997182,8.40000000000001,-4.4700000000000015,-20.814429976940147,-48.32786019146442,-28.976102809823235,-8.194217653853388,-8.740029939813562,-41.7477467936119,-6.86657681503146,0.2891739963411575,1.121995105803691,0.0
603.590254,210,1337.542925,210.0,384.77536730681436,75.17308445721753,79.72543993997694,23.249999999999957,-5.560000000000001,-21.550181577205656,-38.2165065214038,-30.86597223763026,-11.404344762995512,-34.54541216587128,-20.423941777177674,-6.767278618854334,0.7541714465557804,3.1675200755342776,0.0
410.65726,149,1343.935651,149.0,256.57175651203084,52.515293964552,55.99658381583968,14.550000000000024,-4.31,-15.970411646366122,-27.650016361474997,-22.92333604798574,-6.948388328332065,-23.168459484423277,-11.925741015149285,-5.080021302799968,0.7061632943289636,2.1043666171003115,0.0
724.826524,265,1354.977276,265.0,460.48985308787155,90.45220531886427,102.26386507250336,25.649999999999935,-7.940000000000002,-29.08366779088975,-52.98546953797338,-39.665759253796104,-12.621815200534465,-42.43150558433514,-23.98138380396061,-10.319797817379314,0.7449054712896547,3.9479989978351697,1.0
862.807703,297,1367.705105,297.0,553.8839745447186,105.85042652527427,115.12256311416779,31.049999999999883,-9.180000000000007,-34.09317653894424,-54.07665670663114,-44.817581761105046,-14.714891393955531,-49.969664359275995,-22.82731824675829,-10.419971748018455,0.5823588064783652,3.4592113104814897,1.0
1468.510241,521,1389.776664,521.0,917.7836844414272,188.31015373939888,201.61858379486716,55.199999999999655,-17.560000000000013,-56.137852859497016,-98.22315173000099,-79.2953334206058,-27.15260561739162,-72.69193194539834,-46.535680872847365,-17.805624258454415,0.6111835068365783,6.368532141237146,2.0
758.923592,277,1400.755759,277.0,470.3730903827958,101.39649552329102,106.10618777853185,27.29999999999992,-9.700000000000006,-29.60500238895418,-52.196366348862675,-41.39697982427295,-13.940148426354291,-40.84300716558819,-25.792540928797347,-9.778136557647187,0.7673182367589014,4.250943031644314,1.0
562.091488,201,1408.93825,201.0,394.90766803423884,68.9492289138639,72.65505781388536,18.300000000000004,-4.8500000000000005,-22.739722259044648,-36.30997696816922,-30.37806778214621,-11.908217478426328,-52.22462016886194,-27.11237673490101,-8.197485230300439,0.9262284032048635,3.723438180883552,0.0
188.007012,84,1412.372345,84.0,118.0629130477739,25.42138536555335,29.730934706166977,6.450000000000005,-2.4399999999999995,-9.760887722969057,-15.559425649046894,-12.348769659143866,-5.309476343292147,-8.035561117948555,-19.22708382934663,-2.977017198760651,0.6856554395157259,1.1519011383864195,0.0
477.798101,176,1419.632597,176.0,327.50930179810433,61.40085429273166,65.27463197499259,17.85000000000001,-4.759999999999999,-20.92920812606812,-35.936115854978574,-26.33384411175066,-9.019301804750722,-43.72226647540583,-22.757557353216363,-6.7783929401878655,0.8689977754064926,3.058872169430854,0.0
904.895511,340,1433.767464,340.0,561.4098156168601,114.41834894337532,130.19031525711227,32.09999999999987,-10.400000000000007,-38.470198645591715,-58.34111770763996,-51.48113883629487,-16.514176141445514,-59.10925764437429,-27.790056786949037,-11.117022693515901,0.7270123400324939,4.943683912220958,1.0
280.001853,150,1440.23423,150.0,138.62730412696297,48.06107272906662,53.64365612152129,9.600000000000012,-5.910000000000003,-17.54308012008668,-38.01396315693854,-22.236739687116252,-6.590408357150068,-7.197138597165945,-16.617460483500086,-5.821389218469746,0.4891368955131157,1.467410686539347,0.0
381.926964,138,1446.08852,138.0,236.18655601351267,49.77944153521537,49.65808332504484,14.100000000000023,-4.169999999999999,-16.332242555618286,-25.389443719014526,-20.445830602208023,-7.1606138741045715,-19.037645455014708,-8.81141672325916,-4.449924321784495,0.7633219184655008,2.1067684949647822,0.0
926.603123,295,1458.775784,295.0,633.2042633977179,102.54514562283137,113.9746689032402,30.44999999999989,-8.710000000000004,-34.609435591697704,-48.32025156095626,-42.8670460339804,-15.319517994127064,-61.80792529382822,-26.54169206265638,-10.395085894074413,0.39662529522012674,2.340089241798748,1.0
585.872579,224,1468.213994,224.0,355.18530638670904,81.69974996623729,85.44800114959963,21.149999999999977,-6.660000000000002,-25.43809945106506,-43.928740580379944,-32.994551113762704,-10.514401903215585,-27.96766572201443,-25.52099919070085,-8.58602005035426,0.4992982682512977,2.236856241765814,0.0
215.319103,87,1471.871833,87.0,152.23308035096773,26.844366790904083,30.702082672183277,7.350000000000007,-2.6,-9.394483451843257,-18.938471403718,-12.822206812174029,-4.193082156839923,-23.269576264891644,-14.586238865006413,-3.00636817029141,0.8295420110778454,1.443403099275451,0.0
516.383332,191,1479.591192,191.0,354.20470760460006,62.12995481884124,73.42387054129571,15.450000000000026,-7.920000000000003,-22.59709600448608,-36.88745693564415,-28.33720415357365,-10.699016564090227,-36.13512442144053,-28.617675366807095,-8.631627096139876,0.8027440117249992,3.066482124789497,0.0
1107.831228,374,1494.198931,374.0,726.7888509479176,131.90839246610818,146.46181179538942,38.249999999999815,-12.160000000000009,-45.46369257926942,-66.17000430822372,-54.66678458414293,-19.342717778301378,-66.66789131162948,-31.188462525118478,-13.918274498317306,0.8489001656339,6.349773238941572,1.0
882.584288,296,1506.792182,296.0,599.7140555049118,99.29951369969663,114.44195057263629,32.39999999999987,-9.460000000000003,-35.27533744812012,-48.59351215362548,-44.18556230288995,-15.621871156860855,-67.62355148080343,-27.324597914305773,-11.186799497443152,0.9401168173307384,5.565491558597971,1.0
144.910956,60,1509.322168,60.0,94.6549054317976,20.010726635592935,19.836534755220352,4.35,-1.9300000000000002,-6.751924495697021,-13.14412209093571,-8.680963608119177,-3.27471713479295,-10.770535508914984,-7.43304896844345,-1.9558994954074653,0.7416066736693204,0.8899280084031845,0.0
424.688788,155,1515.84962,155.0,295.23791921241775,50.4791632835983,57.45241775826021,15.150000000000025,-4.039999999999998,-17.546129865646353,-28.60233920663595,-23.6459411492889,-8.696695838107985,-33.0665864006419,-26.679013152127744,-6.354006916588877,0.7872941214457949,2.440611776481964,0.0
205.100092,88,1519.613413,88.0,139.63634150647516,28.675673281798048,32.21054544833895,8.85000000000001,-2.9399999999999995,-10.157032985687257,-21.41234757006169,-13.068771376553794,-4.534322989636052,-16.610515193573313,-20.114640092845665,-3.434837951445706,0.6877222777174108,1.210391208782643,0.0
1225.144615,404,1536.452417,404.0,833.1644307605503,136.94534590593366,155.13635966498896,43.649999999999764,-10.690000000000007,-47.65860155344013,-69.68049435466533,-59.50282539770244,-22.418522723594673,-81.00024098308428,-42.11338630765033,-14.687449554154728,0.8241585131494963,6.65920078624793,1.0
509.733708,181,1543.98772,181.0,338.0226155150937,61.88540949440289,67.37301695561396,19.349999999999994,-5.9700000000000015,-20.878371696472172,-33.38116120845078,-27.92242537270835,-8.554509916642004,-34.42142814054062,-19.48067801553244,-7.288759934532577,0.8647101757036114,3.1302508360470735,0.0
1005.955539,378,1559.78703,378.0,643.2544904378035,131.79332730703865,145.9621978582542,35.39999999999984,-11.310000000000004,-45.0529209947586,-75.53066285252572,-55.426208728883864,-16.586287238667175,-63.23954549346403,-47.65487045915442,-13.653980459723275,0.47535775275886244,3.5937046108570003,1.0
734.276263,245,1570.298072,245.0,525.4597762399399,80.64171121473774,93.43863110454407,25.499999999999936,-6.8100000000000005,-29.887856636047378,-42.74887007474898,-36.306072759069835,-13.433390778959463,-64.69456720708975,-31.892627232574,-9.990470634872189,0.9668326619673882,4.737480043640202,1.0
514.12267,173,1578.308623,173.0,365.59341596531925,55.37433854090856,65.81569881852123,17.70000000000001,-5.010000000000001,-20.989490537643437,-27.80571640431881,-25.556411089210407,-8.745524184598157,-47.62253632723074,-20.44490415774189,-7.186200876696221,0.9792952131968597,3.3883614376611346,0.0
807.222754,271,1591.13465,271.0,543.9820955916346,94.886943091153,104.68234403261897,27.599999999999916,-7.840000000000003,-33.09321502685546,-45.63976765722037,-40.37166184424842,-14.61519681807618,-57.65195464333453,-24.227858966415347,-11.488973783270184,0.7227138034627768,3.9171088147682505,1.0
180.728555,74,1594.355989,74.0,123.31014671806301,24.081723300065235,25.567581081734648,5.400000000000002,-3.0199999999999996,-8.268785290718078,-17.453889209032056,-11.461386865122385,-4.062243153325719,-17.3485859826968,-7.258723556849915,-2.757281925672293,0.7820868922492227,1.1574886005288496,0.0
511.015834,172,1602.415824,172.0,354.56838207217714,59.105253969173184,65.2871031055334,16.65000000000002,-3.9999999999999996,-20.470483689308157,-27.9704050384462,-25.488985719169616,-7.694393712492508,-41.22828307734451,-23.259545926392438,-6.482807639494342,0.6797308745835299,2.3382742085673427,1.0
1676.744345,563,1627.501152,563.0,1089.8403112827177,193.9193591042733,219.9867016667367,60.449999999999605,-13.650000000000004,-70.19766570568092,-88.97995504774154,-81.52986437391624,-26.399713827679946,-95.18286910571338,-53.27936271046696,-21.232596570036215,0.6393176224271796,7.198716428530042,2.0
1238.402038,404,1647.113733,404.0,827.1738467730585,139.95100464128177,156.3221815633945,44.09999999999976,-10.190000000000007,-48.66101244926456,-70.06163529753682,-59.60406281571478,-20.611677917870043,-79.93404527198511,-29.060823772420687,-15.021737812135719,0.7406380512865343,5.984355454395197,1.0
426.340086,166,1654.464988,166.0,267.1414352187695,56.87801392846228,61.568239566998166,14.400000000000023,-3.7099999999999995,-18.879654312133784,-34.635123760998226,-25.764748928833892,-6.667948118194275,-23.320564509335455,-20.254166899085522,-6.415395853392467,0.5860438471622694,1.9456655725787348,0.0
635.979368,234,1664.828427,234.0,399.0606996657258,78.0103284320304,90.05039223457257,23.249999999999957,-5.15,-28.874202527999874,-40.62293552756308,-34.45785563613613,-10.499036438719328,-29.38464052419647,-30.053610001096157,-9.349772103180182,0.8022929102151861,3.754730819807071,1.0
915.747638,308,1676.896381,308.0,595.3837094716511,111.91077665413636,118.81424245730169,33.74999999999986,-5.819999999999999,-38.26425664901736,-49.29359548464419,-43.55260369592261,-13.611684563935942,-65.33199269144932,-24.41496560734355,-11.82199232386254,0.17422807658847606,1.0732449517850124,1.0
4.105145,54,1679.163173,54.0,-29.735916338400074,18.52799266502647,19.23023847199808,0.6,-2.23,-8.011953802108764,-17.248473578691485,-8.78971563158432,-2.3749857856555914,-6.957473366694053,-10.218963879171401,-2.6856040985453684,-0.1900677260799441,-0.20527314416633965,0.0
754.834775,287,1692.00059,287.0,445.5841825751885,99.41377170725222,110.66442715166541,27.899999999999913,-7.0600000000000005,-35.29047907352445,-51.1513600960374,-41.63694064542333,-13.738636641123694,-31.28599698985198,-23.933193434355918,-11.630999459314536,0.5777131084863075,3.316073242711405,1.0
1128.916044,404,1710.414367,404.0,688.7280659440561,144.3657035646895,157.40213618797367,39.449999999999804,-10.220000000000002,-49.08125347852705,-66.52395400702954,-58.0353360015949,-18.82952332177965,-48.38198992430306,-39.739261367688506,-14.21854348177433,0.1552510402553169,1.2544284052629606,1.0
621.129722,211,1719.949093,211.0,417.2803810478457,72.69322842100836,80.34253353381504,21.449999999999974,-4.7299999999999995,-25.02047342777251,-31.80742792375386,-32.51333652965437,-11.685517824012534,-41.56194469906789,-25.833796161070307,-8.483924554864045,0.9090767335549341,3.8363038156018217,0.0
735.897837,242,1730.251637,242.0,495.68732755380313,83.97067225549003,90.25486118569263,25.19999999999994,-6.390000000000003,-29.052051987648003,-40.07738062590364,-35.92451769057254,-12.53728420531375,-51.69228627518241,-17.423513802276126,-8.11798987651702,0.7604954780659794,3.68079811383934,1.0
454.386169,175,1737.819248,175.0,276.78253108020635,60.680367442751944,66.3520790207954,17.55000000000001,-5.500000000000001,-21.139158363342286,-33.59515579491852,-25.712412245503156,-8.25096403017921,-19.045603573925007,-22.240443432928203,-6.495070617702614,0.7215455781579213,2.5254095235527245,0.0
95.037354,59,1740.25691,59.0,41.46298037261278,18.20570863434523,20.301044626124657,3.5999999999999988,-1.29,-8.208636631965637,-11.525142739713191,-8.690310512772369,-2.647551263123165,-3.0165373352751894,-10.219995818321424,-1.9342048969310672,0.5328329539265015,0.6287428856332717,0.0
609.682064,207,1749.195019,207.0,402.3451750800441,70.78655529167206,78.74486625361813,22.199999999999967,-5.5299999999999985,-24.895737910270697,-32.18168260306119,-30.64070267559663,-10.358657552117688,-43.36868367220355,-17.00078651414494,-7.4182817648334956,0.8527109865579987,3.5302234843501146,0.0
30.655883,68,1752.125012,68.0,-17.974018527887623,20.361297827081213,21.242489360839556,1.4999999999999998,-2.28,-9.01357295036316,-16.817323768138888,-11.16512447834316,-3.520334073500331,-2.6137555200748515,-14.14422579033305,-2.9195488443567035,-0.21984926564092702,-0.2989950012716608,0.0
401.080623,160,1758.076954,160.0,240.51276202085248,53.84697130844355,59.78388069491397,15.600000000000026,-4.8100000000000005,-18.756085128784175,-30.052348619699465,-23.47391990419259,-9.16469204987791,-15.425491899405051,-21.50069175639114,-5.479761929350145,0.7317125162615664,2.3414800520370127,0.0
832.028056,269,1769.56814,269.0,558.0312304153508,95.35246723712036,104.16535251619484,29.2499999999999,-6.889999999999999,-34.17407754898069,-44.13343676626681,-39.061015192067465,-14.148214641919846,-55.187551049905586,-19.621550424670012,-10.555149019193244,0.4257026928469909,2.290280487516811,1.0
299.963822,125,1774.833093,125.0,161.9738609199605,43.51363396166437,46.878636734518366,12.60000000000002,-3.7799999999999994,-14.702348752021788,-21.199182087183,-17.460122053227266,-6.427193005215304,-9.137389286927498,-12.848893706357089,-4.447180489591534,0.5654499583437282,1.4136248958593205,0.0
584.403683,231,1784.628199,231.0,333.1426443644343,77.4980071983895,89.47645772805993,22.04999999999997,-6.9700000000000015,-27.15445370674134,-41.333295716345326,-33.68115493482561,-10.457757209213032,-21.45332150667195,-19.137928991403875,-8.575514125242432,0.5580009972608705,2.577964607345222,1.0
27.147254,61,1787.265116,61.0,-5.202032085571835,15.416647897054713,17.889599126393612,2.5499999999999994,-2.6799999999999997,-8.40832371234894,-16.886006709933277,-10.064071130358883,-4.7900225283630515,-5.225739523658494,-13.87163505032499,-2.581162087278448,-0.008720129440211439,-0.010638557917057954,0.0
721.425244,238,1797.408147,238.0,490.210778880044,83.0571896898009,89.05418458021188,24.449999999999946,-6.050000000000002,-28.310285263061534,-34.73009623140097,-35.29687993754249,-12.788425743005401,-56.97609277600807,-20.901976253678047,-8.293152588636493,0.9243795471107532,4.400046644247185,0.0
457.744521,156,1803.845165,156.0,329.0150004002409,50.4733892750437,58.96185551858238,16.50000000000002,-3.139999999999999,-18.972133960723887,-23.52013664916159,-23.940297620294874,-7.853201760321703,-39.46157862426281,-29.97956458219082,-6.338811020947544,0.8651967804298984,2.6994139549412832,0.0
1062.473501,375,1819.674455,375.0,692.438905598891,124.66452170085273,145.72258661033405,37.94999999999982,-11.270000000000008,-45.05336798191072,-63.823582574725144,-53.54606234013921,-19.744798306971575,-72.29334398549251,-33.67027590559759,-13.90108177105122,0.4956139320682957,3.7171044905122175,1.0
940.230209,313,1833.147759,313.0,628.9393420103465,108.34882151429069,120.23417140544254,34.79999999999985,-6.940000000000002,-38.14455479145053,-47.227806171774915,-45.13301491672665,-16.119319682140162,-71.35823902780501,-27.70383944992219,-12.465352102059068,0.6806951688052311,4.261151756720746,1.0
501.082908,171,1840.441733,171.0,356.80799549781347,57.48370389986153,63.75413742792334,18.6,-4.74,-20.19362663269043,-28.27913018316029,-25.820453904132126,-8.904492924419966,-51.32199412809638,-20.930336313487746,-6.372895144807484,0.9762697027083925,3.3388423832627026,0.0
553.199143,192,1847.851994,192.0,363.6384718103541,68.23689819584875,72.86273135086158,18.150000000000006,-7.190000000000004,-23.505580158233645,-31.84364319965245,-27.459478730722825,-9.863220611106284,-37.69228577442656,-17.007807231918324,-7.126942995952274,0.8164130762704884,3.1350262128786754,0.0
711.213175,239,1857.975716,239.0,515.2412390505531,79.16453831723214,91.69376506091936,23.99999999999995,-5.350000000000001,-30.86430074214935,-36.13797044903039,-35.15242539374178,-11.584361005102899,-79.71700193647305,-28.68257060317902,-10.397736827954462,1.104937963759585,5.281603466770817,0.0
704.758068,242,1868.046004,242.0,476.36833371063517,80.54508964139076,92.07067753006947,25.949999999999932,-4.98,-28.970065934658052,-43.248509950190765,-34.581607535660666,-10.618619906853759,-52.21476291395157,-27.720101000818136,-9.842365346491476,0.28512301103756554,1.379995373421817,0.0
899.29364,289,1880.260917,289.0,617.4960919568542,94.27565097516369,111.50062789273456,31.49999999999988,-6.7500000000000036,-33.81838240146635,-46.17866780981419,-41.845095352995806,-14.545428274774538,-71.09037004405519,-19.78526941284411,-10.465517840895119,0.8957106605497969,5.177207617977826,1.0
647.652748,220,1889.571802,220.0,449.48180924268854,75.21909860118555,84.2221720313019,22.649999999999963,-5.98,-27.127544679641726,-35.56425808966158,-31.986282971542796,-11.314915704881754,-57.57308947404277,-25.132031200853856,-9.242209669832166,0.9116172204306784,4.011115769894985,0.0
219.050761,85,1893.130988,85.0,146.70160077190388,27.710692504459185,30.401655646743915,6.900000000000006,-2.49,-10.073305304050445,-15.68334604203702,-12.46810028246347,-3.5808906792993076,-20.366588223233485,-10.32961741016621,-2.6713397247436372,0.8179058494492679,1.3904399440637554,0.0
591.062049,204,1901.782326,204.0,401.9452622344311,69.42062046583912,76.83089345065609,20.99999999999998,-4.989999999999999,-24.859735145568838,-32.02167028188705,-30.58530373703992,-11.164893710381346,-38.53422535043947,-31.96234844966975,-8.016550630402639,0.5774863237748907,2.356144201001554,0.0
610.9119,204,1910.376641,204.0,432.96379413159053,67.30850775084221,77.43786987935657,21.74999999999997,-3.7199999999999984,-25.586191802024867,-29.159727291017774,-30.78619868050518,-10.27972816471262,-64.79353723036103,-19.568236770156165,-8.65465160778857,0.8619821676973316,3.516887244205113,0.0
346.976646,127,1915.671899,127.0,235.98243349519532,41.95148077143374,47.50858589123816,12.60000000000002,-2.84,-14.387787909507749,-23.73910282850265,-18.59774192872168,-6.687505739510518,-28.54494276170976,-18.80113137217386,-4.4676420699309745,0.8436467067596618,2.142862635169541,0.0
666.252509,219,1924.912154,219.0,470.1734474466061,74.8842965779541,82.90087848132606,22.79999999999996,-6.790000000000001,-27.522234067916884,-32.397869248688224,-31.39315678178493,-11.399007329544617,-62.19380691251946,-23.10383104206227,-8.706208196870554,0.8696709151673278,3.8091586084328957,1.0
393.451527,137,1930.075015,137.0,261.3184708463065,45.896041477230916,50.162621654571204,13.650000000000022,-3.7099999999999986,-16.24885382652283,-21.35618600547313,-20.029813054953618,-6.086551359201946,-33.43705037191829,-9.36599427527972,-4.341158287986057,0.9072794582455675,2.4859457155928553,0.0
765.272996,257,1940.538896,257.0,538.684343699365,88.59240767305864,99.36496451719154,27.14999999999992,-7.300000000000004,-33.2857261276245,-38.97645272165536,-36.11870232213625,-13.42116612299121,-63.85087712294447,-41.803178566023526,-10.76261668604755,0.632642403772564,3.2517819553909786,0.0
963.590053,311,1953.933321,311.0,653.3172836171705,102.8666728742845,120.59814334910271,33.74999999999986,-6.260000000000001,-38.51998092174532,-43.40432718694208,-47.02679845655831,-15.064050279651422,-69.25556091625623,-25.129897239997717,-13.28143223050106,0.6908206433199828,4.296904401450293,1.0
333.047197,129,1959.493161,129.0,209.59827078043483,40.65695947812316,47.89106755701896,11.550000000000017,-3.269999999999999,-15.928277726173402,-23.593814438581465,-18.509200150906032,-5.452562371207246,-21.357821173000225,-13.33776155042498,-4.19966323833237,0.7118501081084487,1.8365732789197977,0.0
910.663287,305,1972.429341,305.0,594.2066440353914,107.90505479156977,118.1585756594704,32.09999999999987,-8.620000000000003,-39.282935638427745,-46.02619719281793,-42.83792013542619,-15.758202717209903,-54.890929590270055,-26.633523446072576,-12.657278487469304,0.2495096132782744,1.522008640997474,1.0
829.578388,267,1983.787347,267.0,564.6154620588114,91.49009542070299,103.10221947361521,28.799999999999905,-4.509999999999999,-33.81831114292147,-38.79965101480483,-40.15210978596067,-12.933615688626835,-62.245032874694246,-23.398588772215962,-9.57207982022311,0.7649124375877776,4.0846324167187325,1.0
395.448499,161,1990.735619,161.0,238.92679320610577,55.00745245138714,57.27607588523593,13.650000000000022,-4.55,-17.92134316921234,-26.700388863682754,-24.138246714238683,-6.293108491592874,-27.404041521712095,-18.321044299661956,-5.083649680475762,0.6486397949395692,2.088620139705413,1.0
228.189299,122,1995.783685,122.0,101.70403751911037,41.23830142293076,45.20068333339211,7.350000000000007,-3.3099999999999996,-14.528596105575566,-21.109327121824034,-16.415034643374955,-5.100728477247092,-11.717798009184833,-13.454650279583536,-3.667588549167794,0.3647356827049274,0.8899550658000228,0.0
793.602204,269,2007.093467,269.0,522.8961452757071,91.22859463123054,104.83880112014228,27.29999999999992,-6.660000000000002,-34.7081763601303,-40.87775137946012,-38.21296596070013,-12.710886030766957,-55.059305988854234,-23.018961420975128,-10.41328988857017,-0.11778278483393188,-0.6336713824065535,1.0
530.824155,177,2014.344304,177.0,380.19316488011026,57.90057389563764,67.32115394644968,18.450000000000003,-5.350000000000001,-23.273140869140622,-27.030750413238994,-26.226711724643057,-9.451988844795274,-54.39850346292833,-17.10875110782819,-7.2008914021532515,0.8677972793339908,3.0720023688423272,0.0
530.413573,179,2021.322416,179.0,363.5176186591174,60.79008727428418,67.49852069790795,18.000000000000007,-4.129999999999999,-22.381770930290216,-28.186843253672137,-27.19033294122462,-9.45082240292131,-43.61039193861245,-15.353675108515132,-8.088817176763449,0.6608963453261155,2.3660089162674938,0.0
732.256319,236,2031.110106,236.0,497.4382983793548,80.17926794774384,91.61186091342988,24.299999999999947,-4.6899999999999995,-29.60568678379059,-33.544350202754124,-35.29073655782012,-11.791886147740339,-58.44720922034467,-13.784143701445226,-10.119095665304696,0.784469223659752,3.7026947356740294,0.0
501.260858,182,2038.846877,182.0,332.3070310136125,60.79596365577042,67.27784453096781,16.65000000000002,-5.58,-23.12657958984374,-31.35099828541279,-26.447442189427782,-8.5767720868949,-36.24502973770889,-19.620735050722683,-6.822424500196103,0.7661250486299657,2.788695177013075,0.0
366.468418,134,2044.678821,134.0,237.41004448198677,45.46512179509304,49.05163512494796,14.550000000000024,-3.339999999999999,-15.858239865303036,-22.763298964500432,-19.941323872395486,-6.197518562497418,-26.824265626777187,-13.782629420249327,-5.30110743421076,0.7685268224238937,2.059651884096035,0.0
897.116485,302,2059.219372,302.0,601.3845524256074,103.80185085047007,117.24172579665466,31.199999999999882,-9.360000000000005,-39.72585570812224,-47.682366037368766,-44.04647660893607,-15.49223523174869,-62.17834660357447,-26.874277473176008,-13.152085973667926,0.5232391971113347,3.1603647505524615,1.0
894.764356,316,2072.961447,316.0,575.6982994867615,103.25436972638138,121.09237990484749,34.199999999999854,-7.310000000000004,-41.75809352874756,-51.57314969673757,-45.050277351264874,-15.843780098050381,-49.08635265747889,-31.825311063890187,-13.03372903131116,0.5228660346680201,3.3045133391018866,1.0
470.12274,164,2080.043843,164.0,317.17350544774683,52.4169538921848,60.87924442926661,15.000000000000025,-4.73,-20.572468481063826,-27.88077413290738,-23.829391805468806,-6.678347637454058,-32.010910354760135,-17.59986129420807,-6.045209931333879,0.8428020687981755,2.764390785658016,0.0
454.544559,173,2087.613903,173.0,293.3064322793873,57.59066526813844,64.46097526229309,16.50000000000002,-6.080000000000003,-21.16935304641724,-31.260387578606597,-25.153267739465047,-7.75866334013955,-26.137229461370538,-26.018303700495053,-6.736309434935866,0.5131744963026844,1.775583757207288,0.0
995.720406,358,2103.488146,358.0,621.1951733570138,123.50713635719428,137.49178527059638,34.49999999999985,-8.150000000000004,-44.773058841228504,-58.25953358858823,-53.06696876360626,-16.252233531974905,-44.98260676853532,-39.67993948775226,-13.809347634649866,-0.29854063202191056,-2.1375509252768796,1.0
528.795287,181,2111.036957,181.0,360.91908323209543,62.31936123527636,67.96893317497523,16.950000000000017,-5.100000000000001,-21.85789186954499,-30.172474548220627,-27.221969509746543,-10.078611892145796,-42.291564113210356,-15.747681087722052,-7.8918972987405995,0.7528307569628335,2.7252473402054576,0.0
366.397554,131,2117.03553,131.0,238.55146300899892,41.47597272138671,49.117637767652646,13.350000000000021,-3.7599999999999985,-15.661656541824337,-21.4951989725232,-19.513388595086468,-6.9910310559388895,-26.18770947836957,-8.86222219268776,-4.626312333396469,0.8636614173267331,2.2627929133960407,0.0
624.024213,208,2125.907277,208.0,428.78678644179837,70.45215138494278,79.95867242245671,19.94999999999999,-6.060000000000001,-26.48482858657834,-30.81220730915667,-29.86356157486274,-11.030667807750344,-51.5465701704588,-18.71396312218435,-8.611598814917375,0.7633551999699075,3.1755576318748155,0.0
878.201307,280,2137.716358,280.0,595.6325667212853,95.89017729359183,107.86226492234093,31.49999999999988,-7.540000000000002,-32.24298858165743,-42.30821565762162,-40.39292811986245,-15.263194911051247,-65.16963445322672,-20.000873833144308,-9.765866543989958,0.7829258923105178,4.3843849969389,1.0
832.126014,266,2149.095314,266.0,590.2109380169252,89.08745170384795,102.85951241641214,29.099999999999902,-7.300000000000004,-31.768978893756884,-43.763708290457735,-40.11598270785258,-15.361309538852913,-72.33112847668015,-24.001772581543833,-10.489007925692738,1.029016147263931,5.474365903444113,1.0
1683.804255,542,2172.162666,542.0,1155.0434130042738,190.93550789537198,212.97858460876577,54.44999999999966,-13.130000000000008,-68.81412089824681,-82.7593306094409,-78.11237365512025,-28.102855751245528,-131.01548614572414,-46.92211473758432,-22.746968226236156,-0.2955171765603476,-3.203406193914168,2.0
392.36149,142,2178.184046,142.0,265.61093666209354,48.10276539258762,53.311387714642585,12.75000000000002,-5.08,-17.34685526371003,-26.291241106390952,-20.62984441982311,-6.443111536141231,-37.13291381209199,-11.373559243407975,-5.1160747874759185,0.8960695978411345,2.544837657868822,0.0
746.466467,243,2188.544724,243.0,508.65244704232197,83.44048312727091,92.82021075743076,26.549999999999926,-8.290000000000001,-29.865185213088974,-37.876538936793786,-35.50812260874563,-14.028811855650252,-53.07628939494481,-21.394525161168723,-7.957200578045334,0.8873899452574231,4.312715133951077,0.0
480.412861,189,2195.785862,189.0,277.4263953225631,65.50297783381866,70.22850994778089,16.050000000000026,-4.799999999999999,-24.02992046833037,-29.86879884600637,-25.702861841872632,-8.145509844276528,-18.977745153540553,-19.966215671863328,-6.3039697901598,0.5936668957748,2.2440608660287444,0.0
417.326466,144,2202.178122,144.0,288.46722346977594,50.73080488661061,53.12744013181065,14.700000000000024,-3.4799999999999986,-17.428932642936704,-20.764825946837657,-21.407358970009387,-8.389442834946735,-37.58554978654627,-19.705501199496503,-4.937391528465648,0.8956638017001051,2.5795117488963024,0.0
197.12148,96,2206.271178,96.0,117.01929499727277,28.792155508353094,33.52586831224861,8.250000000000009,-3.379999999999999,-11.007383210659032,-19.517891633510587,-14.09072633154157,-5.2671944867644145,-8.993358403122933,-20.47978637098891,-3.729498085212778,0.7213110915829687,1.3849172958393,0.0
309.372069,112,2210.886123,112.0,207.08440158266032,39.4595603830876,42.22592461399679,10.350000000000014,-3.14,-13.397933816909791,-19.08188175112009,-16.20122700751385,-5.391125024517732,-21.92473863382345,-18.589096282955385,-4.021814749925461,0.7558797923905224,1.6931707349547702,0.0
1048.989583,358,2226.136278,358.0,676.7820673033393,121.24657462635152,140.73594573449085,34.64999999999985,-10.050000000000008,-46.544415965080226,-54.88771200999616,-49.47092280965854,-16.227063996318563,-67.79357500641581,-24.191991151040202,-13.259323306992512,-0.0449757249694977,-0.32202619078160355,1.0
1221.747076,394,2242.845286,394.0,810.7802297571017,141.5596589495819,151.98722010525037,42.74999999999977,-10.420000000000009,-47.79659193515776,-55.49183086156844,-57.85313031824356,-20.303720187804007,-77.80824274020651,-35.12711436611964,-14.529402390359962,0.40693327056966544,3.2066341720889637,1.0
776.207446,258,2253.607799,258.0,522.0617550948828,87.99109969937861,100.40474660265691,26.699999999999925,-6.790000000000003,-32.01597483158112,-41.435611186921584,-38.62253736077715,-13.515501686581512,-53.982083900001186,-22.709465881092523,-9.878980925858322,0.7725243636290967,3.986225716326139,1.0
1341.459965,433,2272.230411,433.0,963.6510994822293,148.07519589306253,169.2491690569816,46.649999999999736,-12.670000000000005,-56.217013783454895,-64.82528953924779,-63.65489770578432,-24.528887355525924,-127.42157232240578,-50.53853579016707,-19.309302820269227,0.13870877058922187,1.2012179533026615,1.0
493.052877,168,2279.07321,168.0,358.39183020440277,54.30970766122042,62.79129000803032,17.100000000000016,-4.6,-21.44314920425415,-29.361910007894043,-25.680144959346897,-8.549484494451555,-47.549179905198656,-23.531959736241397,-6.8241225961845275,0.976278694738314,3.280296414320735,1.0
658.057244,223,2287.890634,223.0,458.12794906009634,75.195579033758,84.45602775822175,24.299999999999947,-6.210000000000002,-28.84978792667389,-34.930025815963724,-32.65485771821762,-12.00831421743002,-60.13443198550189,-23.383107733224634,-8.851785977767857,0.88403368715307,3.942790244702692,1.0
588.081524,214,2297.65547,214.0,394.2409720172871,71.00430214548965,81.05232738356324,18.9,-5.94,-26.21139275550843,-37.50100071951746,-32.326118146134775,-11.450158863898908,-49.3286231120377,-20.175025258989937,-8.183758476893411,0.650916219544205,2.7859214196491973,0.0
996.962033,337,2312.698675,337.0,648.4728018672516,117.22963566783798,130.185112916126,34.049999999999855,-11.190000000000008,-41.66487412929538,-50.18123941719535,-48.12769969833446,-17.76758969647674,-63.985365101315956,-25.238328208900572,-11.82042168250007,0.8235799813349187,5.550929074197352,1.0
631.718811,212,2322.46992,212.0,435.45162882198554,71.77331258659379,80.10393989219223,22.349999999999966,-5.120000000000001,-25.367306432724,-33.240451591834436,-31.583855701342404,-11.158836479610251,-62.32631951524992,-13.599294043029882,-7.564006740273883,1.0053275384972322,4.262588763228265,1.0
1161.893506,413,2340.218575,413.0,761.2968824278996,142.15662933519948,160.1085678508396,37.94999999999982,-10.23,-50.66776251792907,-65.23691427707669,-61.06512486866069,-20.3780413221926,-87.62497917409328,-41.853233583358964,-15.562517610703804,0.3242463474633116,2.678274830046954,1.0
833.896226,275,2351.943652,275.0,592.3166997770077,94.27620246802175,106.91172303135959,26.849999999999923,-8.840000000000005,-35.742586183547964,-43.78677181787791,-39.81932584730282,-15.983824989247617,-79.22151563850026,-26.337406455572236,-11.726968167139407,1.0193178411080412,5.6062481260942265,1.0
416.406817,145,2358.030486,145.0,283.71187381056467,50.97197079981943,54.0743660241,15.300000000000026,-4.059999999999999,-18.410778050422667,-21.78594318479299,-20.670077085631853,-7.158559389127511,-35.03354476297259,-20.365721348948515,-5.166770299630876,0.724610370691322,2.1013700750048336,0.0
544.110687,184,2365.734191,184.0,367.2048248331145,61.48334184996495,69.96265928052667,21.449999999999974,-4.429999999999998,-23.243173336982718,-28.405730087682606,-27.421757202822917,-8.64809170728273,-42.65627809432264,-18.51354782904471,-6.671560919120715,0.7648976683552817,2.814823419547437,0.0
1873.093391,612,2390.482538,612.0,1274.6285176585984,212.77101984485174,241.2514271918215,62.39999999999959,-14.51000000000001,-80.39092116832734,-86.61589384078974,-87.7796808787252,-30.08380966977738,-155.82491691603622,-49.13195176440905,-25.620399385320912,-0.3397587919431309,-4.1586476133839225,2.0
951.036558,314,2403.58842,314.0,635.5681892128918,106.63254087010307,121.58514355537629,33.29999999999986,-7.2299999999999995,-40.85674662113189,-47.069130100309856,-45.56624033798399,-16.590814957487062,-65.45748374936146,-24.968603238609777,-12.310296585642,0.5970639062630918,3.7495613313322167,1.0
758.27412,250,2414.013438,250.0,521.1116668174099,86.94279945875964,95.76747356506391,25.349999999999937,-9.400000000000006,-29.864250001907358,-43.0263735830784,-37.24338223567156,-13.33758674132745,-57.32522028977913,-20.5355561327097,-10.165450603559151,0.7431594632634402,3.715797316317201,1.0
427.102909,155,2420.143656,155.0,261.27759378723545,52.59249631677914,59.010348240161555,14.700000000000024,-4.4799999999999995,-19.456459918022148,-24.927814106643204,-21.91688277918883,-7.33228548957435,-19.322645218391536,-12.271953902396012,-5.769487556503187,0.3230890046156704,1.0015759143085783,0.0
291.734014,132,2425.713945,132.0,161.98232691559198,43.872259519729226,48.88539207242967,10.500000000000014,-5.3500000000000005,-16.609620018005373,-28.058147859573364,-19.544850943051586,-6.16376613978187,-10.427578674831066,-14.52214133335817,-4.829859330816441,0.6260660295118582,1.6528143179113057,0.0
458.567623,165,2432.635348,165.0,305.4632876227197,54.522390946752445,62.125311163095965,16.65000000000002,-5.8,-19.488062014579768,-25.648614460229876,-24.471243192771038,-8.785221137664205,-33.86949131879619,-20.524855778035967,-6.605878620266442,0.8034434634317024,2.651363429324618,0.0
773.841786,264,2443.731113,264.0,515.8780373599586,89.85697044719637,102.33321832465774,27.899999999999913,-7.2200000000000015,-34.114678115844725,-40.787773501873,-37.05775264104563,-13.923289360268608,-59.72318229167924,-23.238440903791474,-10.06132324700051,0.7994900593789677,4.22130751352095,1.0
677.747336,243,2453.31075,243.0,442.46432203187265,85.25399229097796,93.44357994515661,24.749999999999943,-7.550000000000004,-31.446853895187356,-42.01646666377783,-34.69447267750226,-11.910378408762236,-51.14655700723995,-22.829190361933716,-9.570639714834302,0.8093504954230931,3.933443407756233,1.0
866.301496,271,2464.202533,271.0,618.4620222727133,91.8761395627652,104.56352555942911,30.749999999999886,-5.959999999999999,-33.5832604932785,-40.284390921890726,-40.69679940338968,-14.019320501498402,-86.99079722046314,-17.238874621510444,-11.57674803076229,0.8315598501042735,4.507054387565162,1.0
182.683734,86,2467.831874,86.0,95.93345368036132,27.979886466240934,30.479715397408874,7.950000000000008,-2.6699999999999995,-9.181933946609494,-17.808692193031312,-12.455010297366446,-4.022007625350011,-4.547932972662549,-12.005868058981706,-2.9678768617366225,0.5784793583334877,0.994984496333599,0.0
821.599638,276,2479.594632,276.0,557.46019566642,96.36351187658084,106.77439686667827,26.24999999999993,-8.100000000000003,-36.66666256427768,-43.53956410214305,-40.21107057336496,-13.46116212879933,-62.39906916395808,-24.89382453408342,-11.97711323188052,0.332553550246037,1.8356955973581244,1.0
525.049213,195,2487.572226,195.0,351.6834487433302,68.40325827313924,73.5286953490632,17.70000000000001,-6.28,-24.672681570053093,-33.453750264644626,-28.842581161933172,-9.762068937588294,-46.27566578318676,-24.528529221007236,-7.450912071346889,0.8257347576967806,3.220365555017444,0.0
992.924457,332,2501.435048,332.0,657.7331341682433,114.74587325422459,126.73006594183592,35.249999999999844,-8.430000000000003,-41.351912589073144,-45.67874236218627,-48.19534776645657,-17.260905961467994,-74.99188620605248,-24.62337657946936,-13.002444863495343,0.6930947930112763,4.602149425594875,1.0
878.295146,310,2514.784364,310.0,561.0899798460309,107.12008514078305,120.18851410540357,33.149999999999864,-8.270000000000007,-38.576849250793465,-49.40536432564261,-45.315186999493456,-16.78869152909452,-58.18105845436935,-25.841720722883533,-10.874561508340806,0.670151845615722,4.154941442817477,1.0
726.81648,238,2524.938742,238.0,510.2627894268614,83.35926860914635,90.37315615130613,27.749999999999915,-6.0200000000000005,-29.321338014602635,-41.2957098007202,-36.06461031945637,-13.102121114360123,-66.39870151160292,-20.813967472334674,-9.91228623788963,0.8819572727083421,4.198116618091708,1.0
451.790614,155,2531.689749,155.0,316.65190616816744,51.2617611834272,57.50353678533604,17.400000000000013,-4.449999999999999,-18.234902825355526,-29.85551521927117,-23.743553743835164,-8.170632923713397,-42.836432044079835,-12.774002889760464,-5.961550989526396,0.9706065248078507,3.008880226904337,0.0
483.447037,170,2538.518654,170.0,327.55229953455466,56.46361336359839,63.76836520219422,16.65000000000002,-4.069999999999999,-22.377545928955083,-27.363777812570348,-23.673511345214056,-9.709090905551202,-39.6835804669797,-17.439667484137072,-6.67006765419957,0.8713048277382389,2.9624364143100124,0.0
400.867818,143,2543.843032,143.0,261.3391217591041,48.597741355618616,52.15444318616605,13.950000000000022,-3.4499999999999993,-17.36318300247192,-26.67447144836188,-21.708848701325437,-7.1529114466668275,-24.150383496567308,-12.247340477116035,-5.426350072342196,0.7779858198606885,2.225039444801569,0.0
468.811199,160,2550.645926,160.0,332.1145344393267,52.27737917594322,60.7510269428206,13.500000000000021,-4.92,-20.096825041770927,-26.350178714096554,-24.241308175832753,-8.286511115809308,-44.55611530549068,-14.577346280834863,-6.803456710417654,0.881527305262945,2.820887376841424,0.0
583.179828,202,2558.973002,202.0,392.4582126206884,69.23262443562358,74.5285066264595,21.89999999999997,-5.28,-24.318928141593922,-30.441990058869134,-29.3476068111968,-10.198833887728485,-49.29524952568833,-20.685732007124237,-7.3711753052340825,0.8994306428535777,3.633699797128454,1.0
430.695294,157,2565.72714,157.0,291.67150483923615,50.2132918971424,59.635728964695694,14.100000000000023,-3.8499999999999988,-21.087427692413325,-24.569859132356942,-22.731822808576265,-7.148543619893524,-34.72853470142297,-21.409762987808243,-6.399281244677548,0.7508800958509053,2.357763500971843,0.0
553.702901,192,2573.702641,192.0,371.1005802167045,66.8599196563973,73.14389123062298,16.950000000000017,-6.250000000000001,-24.239000248908997,-28.479463905096058,-28.75700601359672,-9.500463191619579,-39.529054553970106,-21.563974628023445,-8.032527705706842,0.6491438291230377,2.4927123038324646,1.0
546.858429,184,2581.210109,184.0,354.2199033687828,64.32345368575842,68.7136481209498,18.6,-4.13,-21.650473847389215,-32.61328425258398,-27.248312029616873,-6.886823021015389,-29.766677602240975,-14.706134481726252,-5.996871090246148,0.8097316479189923,2.979812464341892,1.0
659.697306,212,2589.802553,212.0,458.2489329377097,71.58518932355943,80.68595880535548,23.249999999999957,-5.249999999999998,-24.621349725723277,-33.84386957734823,-32.135344445372894,-11.426885567488153,-57.84730427677032,-13.244681369765162,-7.703340426038355,0.9537423275575388,4.043867468843965,0.0
768.792662,252,2599.975141,252.0,539.4402551040876,83.56691136219041,96.31102330219997,28.649999999999906,-5.8100000000000005,-31.706243004798893,-35.89356540888549,-38.26161457134038,-12.678986084019348,-69.43021062448,-26.876770536208205,-10.518137258536033,0.8217786650006764,4.141764471603409,1.0
769.375906,254,2610.274075,254.0,532.6285633397607,84.33695516368059,97.66543323237934,27.749999999999915,-6.930000000000002,-31.81686799049377,-41.53148089796305,-37.057735069540215,-13.052937519611865,-61.79271876942602,-24.144026445970187,-10.679279392315955,0.6301474938865124,3.2011492689434826,1.0
584.174718,191,2618.351321,191.0,390.541733234395,64.42171930608329,72.8076600940724,21.89999999999997,-5.580000000000001,-22.806795697212216,-26.83779187873005,-28.187466487093996,-10.028615918081242,-42.48451613532164,-13.317642376631584,-7.253566543650485,0.9078422362688512,3.467957342547012,1.0
590.035926,197,2626.010579,197.0,398.1336055579027,62.5745496662375,75.9577349728149,21.449999999999974,-6.640000000000003,-24.313660459518445,-28.335114847868674,-27.71695532242189,-10.382345129110645,-46.48957014615785,-14.093970756756157,-7.108347829957519,0.4718184027648086,1.8589645068933458,0.0
498.377594,171,2632.970598,171.0,319.3126025194856,55.64973168837834,64.15638822835825,18.6,-4.509999999999999,-21.310499739646907,-25.94687747806311,-24.678054751281614,-9.55959340871121,-28.590287278035266,-9.272455998103203,-6.473360144867683,0.8270804638528398,2.8286151863767124,0.0
396.473391,133,2638.68053,133.0,270.86618499956296,43.77919978040705,48.48542625676166,13.350000000000021,-2.8999999999999995,-14.968566203117373,-19.58724949806929,-19.470337638925738,-6.49865855208975,-33.59901412862142,-11.09734165737067,-4.886252305316786,0.9243318586471274,2.458722744001359,0.0
357.356631,123,2643.712721,123.0,244.26126237949873,41.43342630865603,45.73552549106486,12.000000000000018,-3.8099999999999983,-14.469190354347235,-19.11522078886629,-18.16128269453707,-6.7505532642457196,-34.393462337048774,-8.241428287448983,-4.132445250129967,0.9446336048421375,2.3237986679116585,0.0
430.964752,148,2649.662117,148.0,320.6692392296509,45.27279181366954,55.66229424371644,15.300000000000026,-3.75,-18.631833791732788,-23.951360361278063,-22.2097389183466,-7.760465504249874,-55.16310227764466,-15.807391952782694,-6.665680167456066,1.1246026383296386,3.32882380945573,0.0
416.320404,143,2655.646875,143.0,282.3746938259146,48.110737728470035,53.65199662497891,13.05000000000002,-3.9299999999999984,-17.44098088502885,-22.476222371682525,-20.534401014377202,-7.170882894958717,-32.133319612175654,-14.585409830609905,-5.595807134095632,0.8373162850135136,2.394724575138649,0.0
645.282286,224,2664.856121,224.0,417.2945371532109,74.76724714689516,86.53332907764428,24.14999999999995,-5.499999999999999,-30.301796717643747,-36.40877889990806,-31.41035316633848,-10.868575188956838,-36.96460809002205,-20.558806878980597,-9.449908140689297,0.5368387294076324,2.4050375077461936,0.0
648.832035,223,2674.241274,223.0,431.2358469212003,74.3093968604023,86.23478037791028,22.199999999999967,-5.71,-27.77798142910003,-33.03638368509709,-32.24934717776521,-10.634330422723343,-55.97007332581822,-14.90342742597866,-7.866445494191978,0.808959658026854,3.607960074799769,0.0
659.993978,227,2683.747885,227.0,426.06033882335277,80.0702094984917,86.29756286332912,25.04999999999994,-6.01,-27.120203366279608,-33.077157952636476,-32.95365562170855,-12.191337082371136,-39.229598384421756,-25.693755134434177,-8.208425691186996,0.8550231651723331,3.8818051698823925,0.0
785.090373,289,2695.690512,289.0,455.8415988781274,102.43902847651113,109.96332778837204,29.549999999999898,-6.950000000000002,-35.21444378852845,-39.57862856090068,-39.73728151938786,-13.927040043682888,-37.9033123382818,-18.61090923297032,-9.781966644879098,0.3942314368830021,2.278657705183752,1.0
1043.556352,364,2710.516893,364.0,661.498951033905,127.8122767020902,140.3432018170683,38.54999999999981,-10.270000000000007,-45.53530299901965,-57.81528289467098,-53.08093826855073,-18.268843462213404,-59.64645574818936,-30.606233571339597,-13.42502087643017,0.7873528697471122,5.731928891758977,1.0
41.742679,48,2712.262546,48.0,6.835968949472671,14.518788817021806,16.76371249695322,1.6499999999999997,-1.9199999999999997,-6.517131338119508,-12.779217384755611,-7.309920612805661,-1.8400387097992061,-1.3138669061986457,-12.777237897592428,-1.5683784644825054,0.09086390132512381,0.08722934527211886,0.0
1941.411053,662,2740.124783,662.0,1224.6845371873408,233.7549272591708,257.4070512582224,69.59999999999978,-18.29000000000001,-86.23152121305468,-91.88138700742265,-92.12760358652086,-34.66510291138683,-101.88360222051936,-54.89906542087468,-26.057180309077285,-0.2723976498035895,-3.6065448833995246,3.0
503.83198,190,2748.304104,190.0,307.2221531805749,64.90909565420156,71.2328780096711,18.9,-4.51,-23.291724750995648,-31.913282872736445,-25.876645769591505,-9.413033686605882,-31.684700626463254,-14.95679231624574,-6.785967098179276,0.6559558188796054,2.4926321117425005,0.0
499.785773,189,2756.229092,189.0,324.67221422940816,64.55822107357571,70.68130584404169,17.55000000000001,-6.540000000000003,-23.37671257495879,-33.62450867444277,-27.21114663222051,-8.056557901406393,-32.923310416525176,-27.081677333609367,-7.862054210548807,0.778302076608674,2.941981849580788,0.0
696.815585,237,2766.160592,237.0,453.1480305018988,82.8853856226569,90.8585009162846,25.799999999999933,-6.480000000000004,-28.772424592971813,-32.04604380354285,-34.85876966157126,-12.245773238843508,-54.045238960184086,-15.774468123941785,-8.653613587480251,0.770840894005323,3.653785837585231,1.0
626.616875,214,2775.20321,214.0,410.24614410431934,75.60148643142718,82.46959440615294,22.499999999999964,-5.620000000000001,-27.704043645858768,-33.021748961508266,-30.774873717143432,-11.262573377232961,-44.21242379742488,-17.053656074482156,-8.551030193398482,0.22688729151305478,0.9710776076758745,0.0
336.904572,144,2781.092382,144.0,188.64584455934357,45.82179083404435,54.39163044650077,12.90000000000002,-3.529999999999999,-18.512041599750525,-21.74802856743335,-20.49815738227419,-7.124453825956078,-15.328840836567155,-16.650648595001822,-5.462522598650441,0.5282141599284611,1.5212567805939679,0.0
592.08212,195,2789.296261,195.0,406.2871794949925,67.83757204317173,74.19542093701749,22.349999999999966,-5.34,-24.060948433876028,-30.772407846152774,-29.153337062515654,-10.771806420887957,-52.7613021233476,-13.129985312716206,-7.598265740763045,0.9238886952800386,3.6031659115921504,1.0
679.984598,245,2799.248692,245.0,458.4205438672129,83.56908329372257,92.57043779954162,25.799999999999933,-5.76,-31.155171294212344,-38.32039846256372,-35.91675597062157,-11.587422576953776,-69.5357620413068,-23.764776885295717,-9.335180220494452,0.5003737718843628,2.451831482233378,1.0
538.375082,187,2807.789817,187.0,367.9312270408358,62.81191557306922,71.14729030058655,19.049999999999997,-4.77,-23.825770649909977,-32.23455415293576,-28.355705932767027,-8.55329362525582,-44.410380268210425,-19.491789173459996,-7.923856675146689,1.061268564772235,3.969144432248159,1.0
1360.986171,490,2828.392508,490.0,823.4814718931492,176.09079393561547,189.5335450656062,49.49999999999971,-16.510000000000016,-63.77149749755865,-72.9529258627445,-69.70920969631482,-23.402354895135606,-60.040755251289355,-42.354233827679934,-18.878662486786716,-0.12181821163804162,-1.193818474052808,2.0
456.803147,169,2835.532437,169.0,292.18151690468653,57.53720313361202,62.46275538776249,17.250000000000014,-5.6899999999999995,-21.97224455356597,-23.739833182096472,-24.45076579877337,-8.72194642598431,-30.367811108502437,-20.31164626675672,-6.374081321446663,0.537749186075555,1.8175922489353757,0.0
773.646151,276,2847.270362,276.0,499.9417925364752,96.71262965840155,105.87728557694962,30.149999999999892,-8.440000000000005,-35.7767322015762,-44.74099465832112,-39.44971919571814,-14.473514778918837,-46.053487349007696,-34.676983073314645,-11.424125424667972,0.6370404010129344,3.5164630135913977,1.0
568.558096,201,2855.586422,201.0,373.4383054117791,68.9002027738934,74.30055180220113,20.249999999999986,-5.8100000000000005,-24.76544505119323,-30.58148438557982,-30.10870874549729,-9.91795209058214,-44.45835366648831,-15.764030621559868,-7.9249894709415685,0.8727665458582196,3.508521514350043,0.0
423.918549,154,2862.034313,154.0,257.47200709306344,53.393304089057395,58.67064310906403,13.650000000000022,-3.7499999999999987,-19.491544146537777,-26.2519068747759,-22.567296107327174,-7.4626124542257175,-19.22640130785918,-8.96094081837564,-5.55670350611782,0.7580362953611882,2.3347517897124597,0.0
579.12568,194,2870.034072,194.0,389.3312535154603,65.76233005285933,73.56332960738439,20.099999999999987,-5.56,-24.094834203720115,-28.92202016934752,-28.60574853967909,-10.429026716986064,-48.058874013474004,-10.558764397092878,-7.401965415167213,0.7940417170846201,3.080881862288326,1.0
583.901463,204,2879.227335,204.0,416.50689773739236,67.29708366301539,77.85013158285905,22.349999999999966,-5.360000000000001,-26.92931488513949,-28.768761102110147,-29.321659171391957,-10.703521561775679,-74.87391526807025,-19.790635097739433,-8.354843207210635,1.0299795386825805,4.202316517824928,0.0
682.188541,233,2888.14905,233.0,465.1380462516716,77.22285060313787,90.40246309009079,22.94999999999996,-7.670000000000004,-30.57109483242035,-33.58265194371341,-32.37250204695215,-11.55900951777937,-56.518706621365695,-24.697236603141388,-9.553617390907913,0.8201031665129407,3.821680755950304,0.0
2540.719297,813,2922.300496,813.0,1732.8388729918404,278.7671414122648,320.6224522156638,92.55000000000065,-16.70000000000002,-106.26893934249884,-104.21210973821587,-114.63766669521098,-42.407237309879704,-208.99090778038385,-68.97446126614388,-34.86784740150598,-0.19637297002442913,-3.193024492597218,3.0
875.365694,282,2933.762195,282.0,609.0225432827018,92.97173485561429,108.12133245150707,30.44999999999989,-8.570000000000006,-36.824045441150666,-40.38708870783449,-40.95399129146502,-14.332808581664505,-64.7836438762858,-28.656537219024944,-12.691801397546133,0.8177012155230561,4.611834855550036,1.0
526.182548,180,2941.522633,180.0,364.97921806264327,62.442220516431405,67.38521924690723,18.450000000000003,-4.390000000000001,-22.158503346443165,-27.01854984983801,-26.633388918172496,-9.14310947248061,-42.927536809991444,-27.596152719863102,-7.206868796242496,0.7088692627885229,2.5519293460386825,1.0
829.039469,287,2953.426843,287.0,530.9841435006936,100.57289180203202,110.93105155302834,28.499999999999908,-8.480000000000006,-37.18547650337219,-42.472382396459565,-40.559129145580904,-14.667079652962025,-42.197345495781605,-31.68204444805956,-11.705160079255835,0.5890802048035803,3.381320375572551,1.0
2127.158254,662,2980.360341,662.0,1480.1618763397714,229.07673070326442,260.8129399091347,77.55000000000008,-14.130000000000004,-86.68572135925274,-83.79571385905139,-94.43646058038554,-35.87493014047857,-183.29845011253036,-54.248726830334384,-29.973290014238426,-0.12398103576574988,-1.6415089135385286,2.0
921.133118,310,2993.173728,310.0,616.7192134203794,108.19881386058557,119.95133803800078,32.09999999999987,-7.28,-41.10119968414306,-42.987619260698565,-44.40359263797894,-13.904260072244584,-67.23225837544149,-36.037464290772334,-12.88985331631768,0.5086695744910741,3.1537513618446593,1.0
440.274972,154,2999.468058,154.0,310.5604748509785,51.06820888327816,58.32597762939184,15.600000000000026,-6.150000000000001,-19.273748960494995,-25.54910185337067,-22.146677689308035,-7.337335229514363,-49.849426498182844,-12.575690477605663,-6.397708474525771,0.5528638131369258,1.7028205444617315,0.0
1342.861071,447,3018.128159,447.0,884.5543553911733,154.61119265553802,174.35558456011879,49.949999999999704,-12.800000000000011,-58.688178458213834,-62.55818317458042,-62.023037853020305,-22.03984518618971,-94.40487927332853,-36.829748026810975,-18.266189741140224,0.31333899413624944,2.8012506075780697,1.0
866.709655,287,3029.875208,287.0,595.2015701334469,96.15877599317216,111.78771270532135,30.149999999999892,-8.340000000000003,-37.792766971588144,-38.489992483705294,-41.05338082200787,-13.814106262197148,-76.11692842761074,-25.528761812037406,-12.452467164006976,0.43699343364713733,2.5083423091345685,1.0
625.333143,216,3039.129746,216.0,412.82067061599275,70.98545740942473,82.20889173599666,21.149999999999977,-6.050000000000002,-27.484551877975466,-31.219497029483307,-30.93503551257305,-11.172631835213515,-45.69405091047811,-16.95825386750859,-8.317856136327748,0.7706919483979573,3.329389217079176,0.0
1298.725041,446,3056.859236,446.0,848.1863433688214,155.62546310443196,173.93882223103662,47.39999999999973,-10.710000000000008,-56.14072840213774,-65.41101171299809,-64.39737805492572,-23.680906935953267,-109.01606913442208,-25.94826258987168,-17.12123059274014,-0.6455260487111233,-5.75809235450322,2.0
542.001017,186,3064.772649,186.0,378.1983203477836,61.60025515408747,70.59703920368455,20.249999999999986,-5.179999999999999,-23.85306759357453,-28.57506110519171,-26.429121884760267,-10.043818652285111,-58.61082256101766,-14.504533654534894,-7.448172655747306,1.033960642445742,3.84633358989816,1.0
214.429109,138,3070.467507,138.0,99.7165562419402,44.0384277850294,50.63200519223223,9.750000000000012,-5.820000000000001,-19.154215407371517,-26.557484820485108,-19.668926670710192,-7.827658210166061,-12.047570457566684,-30.79812446410331,-5.8338999383749135,0.1841775251689724,0.5083299694663639,0.0
701.738845,239,3080.406495,239.0,466.87830109182744,81.68801102025917,92.08727955684316,25.499999999999936,-5.819999999999999,-29.50547873973847,-38.426749314367775,-34.911014484387586,-11.924120347536537,-49.00494933433264,-24.54092397554147,-9.28151003391174,0.6078376919254104,2.9054641674034616,1.0
1138.282256,394,3097.14915,394.0,725.3479970933934,137.0030427232773,154.617851564657,45.14999999999975,-9.040000000000006,-49.21855326652528,-55.906633286178106,-56.66893889901471,-21.07503092805969,-84.54849055272912,-27.470312637092672,-13.90867612401411,-0.029303000584017726,-0.23090764460205968,2.0
955.816143,303,3109.764025,303.0,663.3118597055371,101.95731023038927,116.96282471770313,35.69999999999984,-6.570000000000001,-38.484985766410816,-40.91463320851326,-43.07764617107372,-15.344566958281407,-79.77357081216354,-28.567020411068945,-12.383428242387089,-0.06983466555886741,-0.4231980732867366,1.0
512.423672,187,3117.669333,187.0,316.4172470967492,64.81727290919092,70.8410907825911,18.000000000000007,-4.31,-22.826261887550356,-31.213860925287,-26.842367021304153,-8.465260700972394,-26.42682337389475,-17.741234262233966,-6.8261310379941245,0.6630716143447454,2.479887837649348,0.0
452.907768,166,3124.660837,166.0,293.9352406351393,53.676571858822705,62.7617893784364,17.400000000000013,-4.279999999999999,-20.620511536598205,-24.859924571216112,-24.88197969353406,-8.220095156778145,-35.29655175893087,-15.94674820733309,-6.7600232869585986,0.39575473341271755,1.3139057149302225,0.0
362.889565,129,3129.991586,129.0,253.66281211341973,43.9330029616765,46.937300214387236,11.250000000000016,-3.079999999999999,-14.970450201034549,-21.781759181618686,-19.48674511218186,-6.486577866464575,-39.02061830018187,-12.464318953850865,-4.603080434262252,0.9589888065533365,2.474191120907608,0.0
304.857521,108,3134.369983,108.0,209.12480025889568,34.72752089882635,39.123295837905005,10.800000000000015,-2.9299999999999997,-13.257170968055728,-16.98083508387207,-15.947013284989305,-4.787559096145353,-32.320355467685204,-6.606897129268454,-4.088265065496281,0.9848510629812682,2.1272782960395396,0.0
577.20949,201,3141.796969,201.0,399.1439691514539,68.18500858942522,75.07183783545128,20.549999999999983,-6.260000000000001,-24.260920000076304,-31.624929027259345,-28.590211507485186,-9.647758153260229,-57.60582341140363,-20.987220413831782,-7.76446342170696,0.2280448384236107,0.9167402504629151,1.0
494.832692,170,3148.77787,170.0,342.36487168556437,58.631090249652395,63.70190074403082,18.300000000000004,-5.43,-20.76178833007812,-24.743538177013402,-24.749746804408275,-9.155476081849093,-51.61268301167142,-15.413942938715362,-6.29799516190594,0.7538923495228413,2.5632339883776605,0.0
177.083297,86,3152.440237,86.0,83.12483075618367,30.95417414916712,30.129570550658592,6.900000000000006,-2.1399999999999997,-10.96225254535675,-13.61542859524489,-11.430226400168749,-3.8836421808968153,-5.146486966417864,-10.25799346979441,-2.5892487198840666,0.4838778684576974,0.8322699337472396,0.0
370.373966,125,3157.782928,125.0,258.02486355479147,44.38472071836438,44.89086019725595,11.700000000000017,-3.0299999999999994,-15.181624555587772,-22.151184457540513,-18.439203754776816,-5.440293350329188,-32.99980606381538,-11.681432723542558,-4.702933984441945,0.8805771253440741,2.201442813360185,0.0
279.52148,101,3162.174834,101.0,196.73047190075002,32.548368883650845,37.0385456360016,9.150000000000011,-2.2100000000000004,-12.799635171890257,-15.344301273301244,-14.867117336512106,-5.109276435234173,-27.49326826759868,-15.130028247487585,-3.9922800816319692,0.9543546866401524,1.927796467013108,0.0
460.937365,164,3168.964249,164.0,308.40523429075415,52.68010894292417,61.97043076145539,15.900000000000027,-4.499999999999999,-20.637571277618402,-21.903990869969125,-23.522393743308076,-7.624240623278275,-41.77077047035809,-14.997890290997468,-7.061552216719324,0.8885163742687158,2.9143337076013878,0.0
476.124009,162,3175.883351,162.0,336.21669273475817,52.588644281278604,60.160578060095126,16.65000000000002,-3.879999999999999,-20.249534721374516,-22.778469063341614,-23.44350221664636,-7.678710166907999,-43.629979153308106,-23.066162976727423,-6.765548265088435,0.9541293602631845,3.091379127252718,0.0
338.983476,130,3181.510594,130.0,215.39537537308007,44.96783243156129,47.98171562663443,12.150000000000018,-4.119999999999999,-15.57267634868622,-22.923674630373725,-17.450104820767514,-6.6806204072626,-25.373635867125408,-14.813130911781434,-4.577604281572102,0.5620990440366882,1.4614575144953894,0.0
494.702164,190,3189.28872,190.0,297.0855521200509,65.75104153600098,71.3250994688039,16.65000000000002,-6.09,-22.247593908309938,-28.533137062191965,-25.84473205801247,-8.30993620712805,-30.497165768693346,-18.760189566830142,-5.8267745233382575,0.7137689100421831,2.712321858160296,0.0
1397.844989,470,3209.018234,470.0,874.2973166635766,165.82363899271655,182.8105865861147,50.849999999999696,-12.240000000000004,-59.99520288467409,-61.23336755409842,-64.88452379382939,-23.657954331704985,-74.64755222540133,-31.06117040989205,-18.216782159269986,-0.12379147446476867,-1.1636398599688256,1.0
1447.345806,474,3228.266143,474.0,951.3381209208629,168.92219665884997,184.21079509412868,49.799999999999706,-13.530000000000014,-59.40915717601776,-60.556892416626226,-68.33236726566923,-24.160439731255114,-97.27943707690704,-38.59698883204371,-19.060024252440627,0.020264626982842215,0.1921086637973442,1.0
491.377405,189,3236.113232,189.0,318.1325952197128,60.40910692738362,71.44405872170748,18.6,-4.869999999999999,-23.246366572380055,-29.043911786377443,-26.698828148318874,-8.123178692255912,-44.82038601941337,-21.73355351896674,-7.672130889626909,0.8115348109977533,3.0676015855715075,1.0
799.093735,276,3247.78439,276.0,506.6375939766492,95.98776987278183,105.46559119474158,31.049999999999883,-6.980000000000001,-35.60713671684267,-39.34153299629688,-38.30032534054388,-12.555609752552336,-51.62767084108144,-21.757383760021476,-9.877560983156977,-0.21319823229545873,-1.1768542422709323,1.0
1319.784585,429,3265.66951,429.0,884.7194156962757,147.06311030219211,167.74993722499735,49.49999999999971,-10.610000000000003,-55.03145928859714,-55.85894706621763,-60.96273324833891,-23.41776423802944,-93.25656775524365,-40.68078901099404,-18.42961729652309,-0.32902329896959054,-2.8230199051590867,1.0
528.985308,176,3273.215031,176.0,363.6944339721405,57.18877242251261,67.10912774802735,18.450000000000003,-3.8399999999999985,-20.736626532077796,-26.963858272135276,-25.98044940564002,-7.920052099843903,-49.34254726605606,-12.461514046981652,-6.211978020861229,0.940123019611827,3.309233029033631,1.0
762.700096,247,3283.406672,247.0,520.0244087104962,85.71603287014673,94.5472475470309,28.499999999999908,-3.7199999999999984,-29.847129769325257,-36.69268427193164,-37.571255146562955,-12.25712016442692,-65.19448191889782,-17.986177064272194,-9.818744694339264,1.0216753793860218,5.047076374166948,1.0
520.538774,184,3291.245964,184.0,337.5545149094555,61.01260787106296,70.45615384830776,20.99999999999998,-4.8100000000000005,-22.66691972255707,-27.991758459806437,-25.77801403670966,-9.072191336534813,-40.292457106125774,-15.594444902970977,-7.27871703348031,0.24674679422252754,0.9080282027389014,0.0
573.590243,192,3299.038125,192.0,397.93905448290934,59.45287421277064,73.95530798850486,21.299999999999976,-3.269999999999999,-23.76368129253386,-23.8191973283887,-27.974396424857325,-9.393689133681379,-56.27400466811214,-18.589853454869882,-7.972171326474393,0.9575501294834936,3.6769924972166153,0.0
935.83612,325,3311.825711,325.0,607.9275117760104,109.1612914985113,126.38921385408376,34.94999999999985,-7.840000000000003,-41.2754004430771,-46.45611358731987,-43.96943907095681,-16.136715306281477,-70.43544056057229,-29.608642140143218,-11.870145706058231,-0.43729954429498513,-2.8424470379174034,1.0
586.322841,211,3320.442666,211.0,375.2799078078437,72.34735614105135,81.06711965751234,20.549999999999983,-6.430000000000002,-26.38012890815736,-31.81257644146681,-31.551838126334843,-9.17890560657057,-41.58697489138474,-18.25117078078412,-8.729947897723534,0.665657005455729,2.8090725630231765,1.0
903.068245,327,3334.289943,327.0,549.6766665528927,113.27973195229018,127.1216325518214,31.799999999999876,-9.290000000000006,-41.62880525112148,-47.76873508486895,-44.73087897544863,-15.50787539449361,-46.28764405217419,-27.31435503548935,-13.281492318175104,-0.062488020575087705,-0.40867165456107357,1.0
762.732592,256,3344.63108,256.0,506.8615600713327,89.86375470260445,97.42240166115126,22.94999999999996,-7.860000000000003,-32.76542174339294,-36.38297909833493,-37.714316403761174,-13.058253582370805,-52.11680173353538,-19.212650805451215,-11.254700629256543,0.24918073456727838,1.2758053609844653,0.0
603.380453,202,3352.854434,202.0,416.0946122347695,67.0039584845963,77.43370621567222,21.599999999999973,-5.530000000000001,-25.863487558364877,-30.671757586300373,-28.294422961555743,-9.537491514289355,-53.44409855304027,-18.6763923971258,-8.734173748199398,0.23465464787261445,0.9480047774053624,0.0
686.738061,235,3362.566133,235.0,471.6632540722736,76.85491781023904,89.71984097206084,25.799999999999933,-5.970000000000002,-29.448043870925915,-32.40696737840772,-33.082787785604104,-12.322891471848553,-74.11216216493891,-16.03244474555818,-8.924654163218012,1.0278746362445714,4.831010790349485,0.0
1336.080392,440,3381.1429,440.0,868.8169640036949,160.141308754667,170.79398035409213,49.04999999999971,-9.660000000000005,-54.72216121673587,-60.93363636434082,-62.64190529815986,-22.89218217252909,-88.4677836288312,-35.95180202055576,-17.452390008856554,-0.04807419434239874,-0.423052910213109,1.0
989.332952,330,3394.79361,330.0,648.373220577539,117.31870014931897,128.00703426397365,34.64999999999985,-9.400000000000007,-40.51959876537324,-43.98648984432215,-46.16787204209618,-17.81136112824238,-70.44002647393924,-26.93222850034664,-13.758426137203609,0.12704392836204095,0.8384899271894704,1.0
640.048797,223,3403.531501,223.0,424.68467380856794,74.75297682107154,86.18336767591556,24.14999999999995,-6.180000000000001,-28.039073438644433,-32.33598216027019,-32.79189362115247,-10.808588333057115,-45.837066747886325,-27.62419879113074,-9.105418012966654,0.8707981622923976,3.8837598038240935,1.0
786.384549,249,3414.198815,249.0,550.0506518966893,82.11005595714936,95.01842588891776,27.449999999999918,-5.409999999999999,-31.54826129913329,-33.52759565412997,-36.51493255389448,-12.5754378405055,-63.70659843274605,-22.787239998804015,-11.174518724092232,0.7206059851704518,3.5886178061488505,1.0
583.198251,196,3422.487363,196.0,382.92872807298613,68.73922634440899,74.16866529309601,20.69999999999998,-6.790000000000001,-23.888557424545294,-28.414513343572633,-27.715009772203295,-9.098950349195624,-41.64123006834712,-14.189797723996849,-7.600309757090633,0.33771569746456026,1.3238455340610762,0.0
456.922043,160,3429.328878,160.0,312.5792548868017,52.824428142077686,60.3324926341798,15.150000000000025,-3.499999999999999,-19.46496887683869,-23.449353882670398,-24.20801704327725,-7.328165535899801,-41.936582886169646,-17.140019664632163,-6.937024944256811,0.8556865367393923,2.7381969175660554,0.0
1188.660418,383,3445.520993,383.0,791.0121586258051,135.6808398519287,148.83204467887137,41.99999999999978,-10.56000000000001,-48.38237796306606,-50.99432345554233,-53.959112429962914,-20.364578730875472,-77.27336226431684,-35.20358308004373,-15.127287470120411,-0.17448779683740065,-1.336576523774489,2.0
1733.252239,573,3470.377119,573.0,1096.1696583167834,204.51601927282513,222.09813997141865,64.6499999999996,-13.560000000000006,-70.44350142955777,-72.3286526486277,-80.35077990132632,-28.309155252078938,-92.13026111248304,-48.540002261065325,-21.519225706116778,-0.09632528057659011,-1.1038877154077227,2.0
658.899093,213,3479.261326,213.0,447.25936834534167,70.31463483387803,81.494384822399,22.94999999999996,-4.88,-26.89149958133698,-27.414886846765874,-30.052583376757877,-9.703113547194116,-52.39524977419938,-16.804674820514172,-7.9772868738905816,0.6277209598079152,2.6740912887817188,1.0
640.701099,219,3487.440577,219.0,433.7046113461504,72.18528064064054,82.62475041716344,24.89999999999994,-6.340000000000001,-26.909055223464954,-30.033027917519217,-31.611345335202373,-11.381715454463597,-52.75071145826429,-24.682230597475005,-8.005457519142611,0.7081071383605763,3.101509266019324,1.0
297.145431,108,3491.793298,108.0,202.7383846007506,34.78880639619323,40.754390524132276,7.950000000000008,-2.5799999999999996,-13.43695531845093,-19.49640718847514,-15.615773243589652,-4.704628122638247,-23.663474934327485,-12.894674941989448,-4.694236714227979,0.5258974925213609,1.1359385838461395,0.0
642.987112,217,3501.009829,217.0,419.1042298106898,76.60334841558327,82.70174787183122,22.349999999999966,-6.590000000000001,-26.973065443038934,-29.890677668154222,-31.748748771073576,-9.961461602514293,-44.226001854427686,-16.884642450541822,-8.497616526994626,0.5781765946926309,2.5092864209660184,0.0
241.370062,101,3505.115231,101.0,150.04223131213953,32.179542711132946,36.44020130698507,9.150000000000011,-2.38,-12.322728018760683,-20.576397764682767,-14.900839768876295,-5.477242453546805,-10.557165865052399,-17.47380986298905,-3.7537300288008395,0.5337107092558456,1.078095632696808,0.0
610.406818,211,3514.189586,211.0,402.0895472889425,70.53172806346295,79.44083692890797,22.94999999999996,-5.170000000000002,-25.261415090560913,-30.437969945371155,-30.47776191859366,-11.404312592475186,-45.066778073370855,-20.247246813127873,-7.53981012024512,0.42809766498591073,1.806572146240543,0.0
375.727723,128,3519.516929,128.0,258.71061543543476,40.811350158687276,48.50439561371229,13.500000000000021,-2.8899999999999992,-15.356979990005499,-19.970184558629995,-19.011133696645754,-7.166292823733059,-36.9170114385386,-8.069235442410779,-4.417800553221529,0.9393216553734167,2.404663437755947,0.0
740.187217,240,3529.274349,240.0,503.7334600277727,80.78316720901859,91.11743964138843,26.699999999999925,-5.4799999999999995,-28.346126866340633,-34.199730884283774,-34.82942089661303,-12.664983285702618,-60.85746318236436,-16.223023286926015,-9.546101515045265,0.8823768573314128,4.235408915190781,1.0
698.340208,223,3538.828473,223.0,478.29194320166033,75.21244358263539,84.80299188517567,26.09999999999993,-5.28,-26.85900562763214,-29.247256802022456,-32.44315701693548,-12.28066385266021,-57.81031652522404,-16.731602131381926,-8.415168795690139,0.12450303981120911,0.5552835575579926,0.0
514.275158,173,3546.078943,173.0,358.2403775297478,55.17557908869834,66.84560891684362,18.6,-4.079999999999998,-21.500201048851018,-25.729746191203592,-24.386369984238534,-8.315989576763316,-45.7788733338799,-21.20898707284986,-6.586240233322766,0.8893639996332194,3.0771994387309394,0.0
199.619122,82,3549.660577,82.0,116.01726460539349,28.859175969904516,29.79902363528123,8.100000000000009,-2.8499999999999996,-9.592558441162113,-12.533333374559879,-10.652084179176407,-4.034779376048084,-14.31175672613519,-9.079279714384292,-2.102549915347195,0.659755268407386,1.081998640188113,0.0
929.587888,310,3562.70369,310.0,605.2826324429357,106.95794924150333,118.17367763182799,32.39999999999987,-7.930000000000002,-37.02242927074434,-39.55913739353415,-44.26565508183718,-14.894072530777821,-66.43592915841629,-22.018264187965528,-11.100883304910782,0.5399221098828461,3.347517081273646,1.0
446.831898,147,3568.130656,147.0,313.51451280357077,48.48461725180211,55.247432363181694,14.400000000000023,-5.03,-16.61753343582154,-21.40577142462135,-21.649181491429964,-7.793782206191675,-40.25852820429934,-13.52557783445519,-5.53429028810437,0.969198784251055,2.8494444256981017,0.0
1971.553007,607,3593.289561,607.0,1357.2657829531229,210.4999448066248,236.4162652139429,68.84999999999975,-12.560000000000006,-76.64335309028628,-79.0848853815347,-86.85301589365768,-30.87318886063675,-156.1181732696138,-40.6202709825772,-25.72609838684094,-0.21777774233673713,-2.643821791967989,3.0
877.546101,294,3605.710742,294.0,575.6378189320646,101.08807465492826,112.991388839529,33.59999999999986,-7.080000000000002,-36.55149598598477,-39.738188996165995,-41.805007061451015,-15.076642193918026,-64.49654047700322,-23.113016124198637,-11.910290247654604,0.12449576205237312,0.7320350808679539,1.0
297.399591,112,3610.266384,112.0,193.857924431824,37.68476332845655,40.84430969979888,10.650000000000015,-2.5700000000000007,-13.781714463233941,-16.310591676831248,-15.095532185079152,-4.14258629464155,-28.2979662119301,-13.638774403613567,-3.800241612903954,0.8342480802026206,1.8687156996538705,0.0
942.332915,291,3622.410188,291.0,660.5002423149706,96.85161597527814,112.26539640656536,33.89999999999986,-7.200000000000002,-35.28959648609161,-38.15187770351769,-42.640455266504226,-14.80342496858322,-85.8302400565542,-16.079477001060575,-12.189268212931015,0.493565112278478,2.872548953460742,1.0
581.54213,198,3630.50019,198.0,397.87100103515667,65.32944413243474,73.9924782107795,20.84999999999998,-4.800000000000001,-23.370042800903324,-27.36895357072354,-29.499008487100486,-9.96912466050486,-55.36540911085138,-16.335903767239856,-7.792351294617858,0.6085878178717596,2.410007758772168,1.0
491.042939,166,3637.281932,166.0,330.05272820793,58.41109747864347,61.9543781176847,16.350000000000023,-5.029999999999999,-20.245613436698907,-25.19157986417413,-23.94472757223732,-8.192388204633351,-38.12394206091035,-15.233182684086344,-5.763831355884019,0.8852169857846552,2.9389203928050556,0.0
150.652115,66,3640.033324,66.0,87.79939957678165,22.216948632572574,23.39200166001711,6.300000000000004,-2.51,-7.99951092004776,-15.235320605337618,-9.156185775752673,-3.0219360620296385,-7.824619585824295,-7.144240391331424,-2.1644211340554302,0.5002872589968437,0.6603791818758337,0.0
879.598308,290,3651.839615,290.0,612.3082148340953,98.99880025553635,110.89512976156101,31.49999999999988,-5.8800000000000034,-36.15520153522491,-42.26067369170484,-41.46711964303584,-15.958282437689073,-82.24437874289625,-28.323926082033616,-11.81425514123063,0.7225666434390715,4.190886531946615,1.0
662.7383,217,3660.765414,217.0,441.47679868633435,73.99058155842954,82.53304055745181,23.549999999999955,-4.809999999999999,-27.040960340499883,-29.43236571326852,-31.10579994776666,-11.159147927362211,-45.21462773662351,-18.377012989810968,-8.672205923576016,0.4306778785025101,1.8691419927008939,1.0
497.389492,188,3668.664592,188.0,320.95303082391763,64.44253234696396,72.47195038330968,17.55000000000001,-5.2,-23.340116372108458,-27.559540181420733,-26.36587925209105,-8.857988799311887,-49.261331894482,-17.17882907072216,-8.264335916828664,0.819341517657903,3.080724106393715,1.0
705.788751,246,3678.905163,246.0,484.11421815131484,83.3354966363074,95.23617099393822,23.549999999999955,-5.870000000000001,-31.630075564384473,-33.185957928746916,-34.75603277521449,-11.050517298255814,-64.82231498537416,-34.33458007343549,-10.797656365218305,0.017145272777819055,0.08435474206686976,1.0
369.862932,128,3684.358896,128.0,262.57907067618305,44.031775041306304,48.79062629536088,13.20000000000002,-3.549999999999999,-15.947440843582156,-18.908045515418053,-18.46076997750097,-6.31715872351671,-45.0746494986749,-13.782432735975092,-4.698042391138336,0.6164427256649407,1.5780933777022483,0.0
618.0826,212,3693.31402,212.0,407.4053022457005,71.4106158240001,81.76723151891393,22.649999999999963,-7.070000000000004,-25.815702791213997,-29.95749533697962,-30.007725757046774,-10.357021435979036,-47.01837368617223,-18.902706318754817,-8.021524561976335,0.5361975648217691,2.273477674844301,1.0
362.069396,134,3698.824961,134.0,232.31133434109665,40.93895544341655,51.10881510791667,12.60000000000002,-3.929999999999999,-16.135404577255255,-19.439337737113235,-18.49150829420825,-6.300348715714074,-25.88764863218695,-13.933662776840041,-4.771798097582448,0.7714776951679663,2.0675602230501497,0.0
577.865201,195,3707.170868,195.0,383.5706748048385,65.51333030893743,72.86010696691784,22.94999999999996,-4.419999999999998,-24.448702883720408,-27.305339062213896,-28.48770494088441,-10.05065229664378,-49.79763253279569,-10.459180851161376,-7.059698879629698,0.46849478251363824,1.8271296518031892,0.0
288.974902,110,3711.688566,110.0,198.6779235588452,35.434688770787545,40.086272133832985,10.350000000000014,-3.9599999999999986,-13.5061421585083,-18.4917961359024,-15.22149447346286,-6.463015080329183,-28.538976811254503,-14.664546446648092,-4.7280118320898445,0.657268409171986,1.4459905001783693,0.0
563.301581,187,3719.389241,187.0,384.0431902606961,60.9154499579206,72.1747321962908,19.349999999999994,-3.479999999999998,-24.268571844100954,-27.935915979743015,-27.11794661793867,-8.208366125850619,-41.86956392040336,-18.683564258038295,-8.617862238467639,0.2197638968450215,0.8219169742003805,0.0
788.497656,254,3729.985859,254.0,544.0029249607308,86.50693447841172,97.98118938752195,28.19999999999991,-7.5100000000000025,-32.09268555164339,-35.566570141166466,-36.421690244743175,-13.349423354689232,-65.77589639077848,-21.220090408902628,-10.257036659546001,0.7677040949830655,3.899936802513973,1.0
588.997698,196,3737.815776,196.0,403.4645470618826,64.11331863013578,75.1988926324191,20.549999999999983,-4.4799999999999995,-24.58351989269256,-26.134315600246197,-27.83294795069214,-8.990364036508513,-56.21237129187562,-14.193638565156505,-7.901902623576245,0.7659957290707265,3.002703257957248,1.0
390.611127,134,3743.106621,134.0,273.9671644488843,42.77671467413932,50.50919519483319,13.800000000000022,-4.249999999999999,-16.18436935901641,-20.058611020445817,-19.236232091941254,-6.124813144341211,-40.79747940347419,-12.66800674889765,-5.122435241847093,1.035974545041107,2.776411780710167,0.0
873.448098,288,3755.125597,288.0,593.9917310601135,100.26485234286241,112.59614523525995,29.2499999999999,-7.250000000000004,-36.452178525924694,-43.25654122233389,-41.43384902423521,-16.480214099738742,-75.18942996678824,-18.215920626402227,-12.376497099945059,0.499744806497731,2.8785300854269305,1.0
949.032604,301,3767.98691,301.0,634.3641249595277,99.86835455506535,115.73551286476925,35.39999999999984,-6.260000000000002,-37.37849389553072,-37.375254254043114,-42.89987066990717,-16.065133991724156,-66.15742427652953,-19.967912622783384,-11.231298367645909,0.6781544536752334,4.082489811124906,1.0
257.87889,99,3772.169888,99.0,171.79288040374203,33.64719411532729,35.07137299901986,10.350000000000014,-2.4999999999999996,-12.564011497497559,-15.3627450093627,-14.122600313960621,-4.228674963498154,-27.111219987172877,-12.176983096800532,-3.916322762815731,0.597065092775839,1.1821888836961612,0.0
593.06694,206,3780.886702,206.0,397.8550013832499,66.76227477929883,79.05718059636881,23.399999999999956,-5.920000000000001,-26.23548742771149,-29.7168692395091,-29.827973820077112,-10.58021979885742,-45.48501614122623,-23.42774282939327,-8.814207149345435,0.6842570394048229,2.81913900234787,1.0
645.218298,236,3790.718345,236.0,371.9480274733681,86.20178700752348,88.69386268693253,24.14999999999995,-7.750000000000003,-30.0066377019882,-33.2747067555785,-32.63720645347636,-12.426812836183961,-23.916794176368118,-13.904769029614625,-7.858451725040322,0.45884432522904733,2.1657452150811034,0.0
481.771579,159,3797.195462,159.0,328.89579313110943,52.585308763321365,58.94344584499062,19.349999999999994,-2.9199999999999986,-19.206216111183164,-22.46562188714743,-23.337588991509882,-7.864508445160083,-38.374695801440964,-16.683260489190936,-6.151076622671239,0.5744498218662738,1.8267504335347506,0.0
579.440254,203,3805.71131,203.0,389.27095722860156,67.12319094646283,77.1940427187339,22.04999999999997,-5.11,-25.196413758993135,-29.126882717013345,-29.618682418481555,-10.599171671655593,-50.83674964272438,-20.326157772051758,-8.383879030436619,0.4529967279311269,1.8391667154003755,0.0
1810.023859,617,3830.610425,617.0,1137.8374670630226,215.01517682602423,242.69202895349179,65.99999999999964,-15.290000000000019,-79.2824082708359,-80.62736496217545,-82.55600103767864,-31.599800571861632,-108.78096920721164,-46.77397423644928,-23.61029521353879,0.20810403339016437,2.5680037720346283,3.0
573.356758,191,3838.543836,191.0,386.0228426799864,65.86593550433199,73.16537696364146,20.69999999999998,-5.339999999999999,-23.69040503501893,-28.265356434881678,-27.658408754420318,-11.599198858798811,-49.22847418071796,-10.237316921791278,-7.378237185908576,0.68127916403851,2.6024864066271083,0.0
204.436342,121,3843.545728,121.0,88.50300602017317,40.22050228519427,45.039475475691546,9.750000000000012,-3.7999999999999994,-16.080507521629325,-21.19529260620474,-17.29677021400954,-5.360847195744606,-6.597245271359789,-24.84751779948438,-4.898460746116947,0.5050283458584364,1.2221685969774159,0.0
322.930046,112,3848.061952,112.0,211.98796295979386,37.24102931276204,40.71612390275659,11.100000000000016,-3.209999999999999,-12.968833770751946,-16.687071134150024,-16.58383787122836,-6.060616540841145,-19.860011679738715,-10.772211063046392,-3.972488436796732,0.9158694091175553,2.051547476423324,0.0
625.099869,213,3856.802745,213.0,434.3800847753114,67.26105590418986,82.24186122592917,22.349999999999966,-6.210000000000001,-26.968984460830683,-29.321932112425575,-30.11380894226806,-9.476199403242966,-60.82306598235816,-22.678614626616124,-8.540527759962444,0.4790318234973087,2.040675568098535,1.0
1155.149354,358,3871.733433,358.0,812.5927645287397,117.70569326199731,138.7633924229512,40.349999999999795,-8.770000000000005,-43.372639861106876,-46.119452092796585,-51.96195353856658,-20.521256562423673,-100.61528093226603,-26.49806074472201,-14.403852584757884,0.22448210499904345,1.607291871793151,1.0
799.84275,269,3882.845907,269.0,545.1300478434946,89.76005981914275,104.09043945322682,31.199999999999882,-7.520000000000004,-33.713128747940054,-35.2960276335478,-38.20959834132707,-14.961752091768886,-71.38121719817413,-28.035896318999928,-10.22017692382407,0.8704693451166001,4.6831250767273085,1.0
826.143702,300,3895.40113,300.0,517.999874987625,102.18307134454273,115.65217271247707,31.649999999999878,-7.680000000000002,-37.141112957000736,-45.63469340801239,-42.469228745960216,-14.63262697903679,-48.207301962504594,-33.43553131468487,-12.140921513645871,0.22296204205212433,1.337772252312746,1.0
615.54741,206,3904.054272,206.0,416.8957591391749,69.79468329749781,78.49863484614953,23.549999999999955,-5.750000000000002,-26.147006816864007,-27.140979507565497,-28.909791337646173,-11.35337117259417,-54.39404328060356,-17.34351476196887,-8.152960280355398,0.23104173022885258,0.9518919285428726,1.0
1799.727784,567,3927.306541,567.0,1208.4719885795287,195.6915519954723,223.05636128977338,64.49999999999959,-15.110000000000012,-73.23472630977625,-75.06506685353813,-80.23604490544473,-31.162092363534388,-121.847440627662,-38.03392451858729,-24.302822052681,-0.34664453232826054,-3.9309489966024747,2.0
642.284435,261,3938.357013,261.0,341.7983395879398,88.93013085885259,99.71943443833457,27.14999999999992,-7.900000000000004,-34.69575915813445,-38.70771537460388,-35.16823646879686,-11.889321170274075,-19.682347225486136,-19.658650179373133,-8.611440208406405,0.4562305947047568,2.3815237043588304,1.0
848.874871,282,3950.336315,282.0,569.6613323895408,96.75745319264352,108.47638489556806,31.949999999999875,-6.050000000000001,-33.77383477926255,-39.47943914383651,-42.06888580593504,-13.767907538965492,-65.37147119014813,-28.220456153679887,-11.238304930406974,0.38081849909164117,2.147816334876856,1.0
904.609797,303,3963.120597,303.0,612.1659791237014,100.21214321625519,117.75744502922669,30.149999999999892,-9.090000000000002,-38.10559247016908,-42.27594378031789,-43.449229621562935,-17.548180783674134,-75.5425433887703,-20.097391348087168,-12.56688873791325,0.7168290536356455,4.3439840650320125,1.0
1695.235255,602,3988.360034,602.0,1030.636848469563,212.9530020540984,235.38952967631937,63.599999999999575,-18.68000000000002,-79.45209551811224,-79.90109081342814,-82.4389462083518,-30.706820527726002,-74.01433502791373,-59.717800828615225,-24.43303622497947,-0.2035029524374876,-2.4501755473473508,2.0
610.791115,208,3996.25633,208.0,395.4764878055515,70.0708502152446,79.65646436184151,23.84999999999995,-6.510000000000004,-25.77404619216921,-30.217914050072437,-29.468563589504058,-9.804582412020926,-41.800284283210296,-15.996098850911377,-6.691198007994936,0.5042884182641503,2.0978398199788653,0.0
1701.238795,553,4019.712148,553.0,1084.6338691334743,197.65041757805304,215.21409857781154,61.499999999999595,-13.890000000000017,-72.02371296405792,-69.13042623475198,-76.84771857660516,-27.433725328862014,-99.7767267632455,-31.181779047209183,-20.475501644566354,-0.2154039841529625,-2.3823680647317653,2.0
1356.120981,450,4038.81277,450.0,934.328151216057,149.6985456524458,177.83559798171584,48.14999999999972,-11.330000000000005,-57.455816364288275,-61.39148879125712,-63.756301742440485,-24.67414398690056,-119.42919463959569,-46.84246872721642,-19.0118994918884,0.272833369437119,2.455500324934071,1.0
477.180274,167,4046.019009,167.0,321.55226406705924,52.89558361798481,63.697932717704376,16.80000000000002,-3.939999999999998,-21.485837578773506,-21.27797110602259,-24.01262851845015,-7.816220198552964,-43.64635929866876,-15.821821144065213,-6.764668672326043,0.7848320813303639,2.621339151643415,0.0
1168.574718,368,4061.668728,368.0,782.3774348910566,122.48720320773006,142.93695636302363,43.94999999999976,-8.930000000000005,-45.67503118991853,-47.278506166487894,-52.55352586301394,-18.91589249885206,-78.00449289399441,-26.46908524933559,-13.350342299563492,0.6420814408206332,4.725719404439861,1.0
801.156081,266,4072.85873,266.0,530.6987522006573,90.80319556705005,103.08418308183182,29.2499999999999,-7.1400000000000015,-33.57503941774368,-34.432118746638324,-37.23595302688596,-14.622957876621678,-61.4749933713071,-20.486981168112926,-9.712006247232917,0.665764233041301,3.541865719779721,1.0
461.897667,159,4079.013292,159.0,296.17137752781053,55.490841451693704,60.18709504348124,15.000000000000025,-4.569999999999999,-20.42319730520249,-22.957095666229726,-22.343621477523435,-6.9538100689313245,-27.99546350582666,-13.272064972634398,-5.436393543662602,0.2121384360462442,0.6746002266270565,0.0
251.887013,99,4082.689462,99.0,145.4574550209558,34.20691963891006,35.76764044054251,9.300000000000011,-3.6399999999999997,-11.72835325241089,-17.53477643281222,-13.732207115018765,-5.018851739760582,-9.835706528475813,-7.212854756225377,-3.14225214904273,0.6189565724365799,1.2255340134244281,0.0
443.224175,154,4088.95549,154.0,305.80081646528583,47.886678842574106,57.64194763937879,15.000000000000025,-4.2799999999999985,-18.786633472442634,-22.34906529486181,-22.097397525092873,-9.349579311619479,-39.68601008416492,-14.479531056898619,-6.0770508948304185,0.46659297687161433,1.4371063687645722,0.0
761.732241,255,4099.629695,255.0,529.1907795243635,84.71561269324557,97.10937111303907,27.749999999999915,-5.7700000000000005,-30.051894488334668,-33.63458273410797,-35.656417546944745,-11.766117524874176,-76.18653163316502,-30.017743155030626,-8.950235558824787,1.035930217171894,5.28324410757666,1.0
413.55246,146,4105.813293,146.0,280.3793352252841,49.94046465233821,53.39816814303267,14.400000000000023,-3.519999999999999,-17.947706508636475,-22.776058308780186,-21.485114377547234,-6.79862978256071,-35.51903540764669,-16.577851538334883,-5.941112509735288,0.5644152308767997,1.6480924741602552,0.0
660.083908,222,4114.907885,222.0,450.09008115613443,73.9425278279199,83.81457390018949,24.449999999999946,-6.270000000000001,-27.305571036338822,-31.4685088530183,-32.04524644335525,-11.673860501233282,-52.90280858078908,-23.667570333858226,-8.879709185173395,0.70961134391512,3.150674366983133,0.0
821.685107,270,4125.969519,270.0,556.7945527831296,89.87698709441433,104.08467112556683,30.749999999999886,-6.900000000000002,-33.67431272506712,-34.710279436409465,-37.84012512224902,-14.091060729377663,-65.54509551216006,-25.616113621841553,-11.444116528412614,0.6457937084655911,3.4872860257141927,1.0
401.044517,150,4132.347024,150.0,236.99999009303428,50.728384582929955,56.61953330099324,15.600000000000026,-3.06,-18.94537226200104,-19.21927082911134,-19.65061254896523,-6.816093372506642,-22.04490865024256,-14.523107473463305,-4.644025431254059,0.5770538698245821,1.731161609473746,0.0
770.526967,247,4144.447763,247.0,522.1785236005569,84.33438866678533,95.15528830554547,27.29999999999992,-5.590000000000001,-32.149501204490676,-31.51335081979633,-34.98238918021238,-12.137774855317334,-59.79501517466819,-18.286797008848282,-10.986405135150646,-0.036522505463215366,-0.18042117698828392,1.0
306.885809,118,4149.33467,118.0,210.80139824905837,41.29322749368223,42.23958625399839,10.950000000000015,-3.6399999999999997,-13.77784161090851,-22.629541304707537,-17.724426525848017,-7.551567721069944,-27.75793113395456,-18.667433124081708,-4.649661806078636,0.6464090275750215,1.5255253050770508,0.0
619.580794,206,4157.787899,206.0,429.3312328395394,69.1918329412827,79.0308679716237,20.69999999999998,-5.379999999999999,-26.248309650421135,-30.381351914256815,-29.72892430972568,-9.326312219964006,-52.45436820479602,-22.5465822663119,-8.607290965209442,0.6366452064309027,2.6229782504953194,0.0
210.866774,160,4163.933879,160.0,79.2553869485868,53.737735793672044,58.38009737461669,9.300000000000011,-5.590000000000002,-19.850412163734436,-32.4276930719614,-23.489800577835567,-9.557481829092833,-12.269511231091688,-39.568145968748816,-7.053401216860756,0.36701511019551397,1.1744483526256448,0.0
616.224161,214,4172.521418,214.0,411.3402643817405,72.68499677936592,82.08039027445615,21.89999999999997,-7.110000000000004,-27.217125153541573,-30.323397034406657,-30.16447444133465,-11.933579158532812,-49.586245810530066,-20.740899875550166,-8.70576864541433,0.12937774591729007,0.5537367525260015,1.0
666.844532,222,4182.126536,222.0,442.1774499414882,71.56909058942108,83.15489623270801,25.799999999999933,-3.439999999999999,-27.90322533607482,-25.903940887749187,-31.305834664789014,-11.300214426467281,-52.71051553775063,-16.79173092751166,-8.501443280013083,0.7355662041842647,3.2659139465781353,1.0
290.46377,107,4186.691525,107.0,186.47343848520822,34.921767391905675,38.11700647564497,10.200000000000014,-2.9499999999999997,-12.56180520057678,-15.11568533629179,-15.124173594410788,-4.142200188396775,-18.89391300324825,-13.145336638874754,-4.315328185129069,0.7752256739895887,1.65898294233772,0.0
1186.523443,404,4204.072768,404.0,757.2349128059457,141.21214756116805,157.5065359432646,43.649999999999764,-8.780000000000006,-52.96982146263121,-50.43676975760615,-54.65003993216385,-18.81768043902259,-81.91979493668231,-33.17883684738295,-16.327209858282938,-0.0688015426307561,-0.5559164644565092,1.0
696.132159,230,4213.843628,230.0,471.6113229852501,80.03702852736409,87.40374164909264,24.749999999999943,-5.56,-28.690386748313887,-30.410597358644004,-32.25500165327322,-12.328185691411273,-53.31115176656911,-25.39556503838741,-9.719046284736276,0.3752459271238658,1.7261312647697828,0.0
286.070488,102,4218.103878,102.0,186.9809060440621,34.799414721096305,36.78016798405046,9.600000000000012,-3.039999999999999,-12.33490910053253,-15.887152118980882,-14.523643625355923,-5.105962670844066,-21.257776779204352,-8.27882688969881,-3.6617292361732248,0.8997755438119456,1.835542109376369,0.0
469.446323,161,4224.685198,161.0,324.4459485044108,52.203197196395195,61.484350217938314,17.100000000000016,-5.029999999999999,-20.09443667888641,-22.685154952853917,-22.958521118355105,-7.642455018809587,-46.17189468236095,-16.046035457193707,-6.158675165655627,0.45119283092359336,1.4528409155739708,0.0
854.331036,295,4237.280714,295.0,547.5430754126262,104.01663622356261,112.63313254451147,31.949999999999875,-8.650000000000002,-38.19075828075409,-39.04046148732305,-41.72364970282106,-15.894271150378348,-60.440534246540246,-21.073139734819456,-11.798993438516517,-0.15969887983267272,-0.9422233910127692,1.0
759.318767,269,4248.461589,269.0,479.9088843362455,93.22625670746346,102.8869345027384,26.549999999999926,-6.3900000000000015,-35.38672687053682,-40.273198093473916,-37.54066472520234,-14.860812242156776,-44.646547703923,-23.249323007419214,-9.906035560262533,0.08534308884133152,0.45914581796636356,0.0
1540.063441,484,4268.462688,484.0,1045.7505203483147,168.88203502696123,189.2468963994842,53.099999999999675,-13.96000000000001,-62.72170933246615,-65.3494991268963,-66.92681708869398,-26.181164658146873,-107.49940158507157,-39.07798629331356,-19.199432443031903,-0.3014644374151167,-2.9181757541783298,2.0
282.290718,101,4272.583901,101.0,183.39333649154736,32.37032378784276,37.004676872996356,9.150000000000011,-2.58,-12.205731091499333,-16.199355939775696,-14.141495825754077,-4.619477371812269,-19.738373501322606,-7.417321748831664,-3.725863204336064,0.7547102312843434,1.5245146671943737,0.0
1267.882797,408,4289.974731,408.0,846.3149569293886,142.54991489460733,159.90494333979106,43.34999999999977,-12.060000000000006,-54.22127104759219,-51.79532348364595,-55.13271242660656,-21.60466436322967,-87.59661056892413,-31.749457368914253,-18.07697909915904,-0.5973537553617647,-4.874406643752001,1.0
1080.747992,365,4305.462827,365.0,687.3148767926302,122.99518465627308,141.92995573370547,37.94999999999982,-8.690000000000005,-47.81349284648895,-45.4409608878195,-49.287590810126304,-18.348073493633972,-63.44754838017645,-25.8133077403096,-15.6010512848973,-0.48538773826342274,-3.5433304893229858,1.0
410.811295,146,4311.787978,146.0,269.359844823415,50.50017737650836,54.800468668512245,12.450000000000019,-3.7899999999999987,-17.89112708568574,-21.501584983617057,-20.31701422715149,-7.167130260750745,-30.39602120037027,-15.612964850717804,-5.623353463385164,0.5493329264084903,1.6040521451127916,0.0
815.538324,263,4322.731938,263.0,557.7160440944433,86.01731397389747,101.86643770757325,28.799999999999905,-6.870000000000001,-33.268829956054674,-35.25382264405488,-36.83080367785257,-12.987924574033073,-66.45273403470979,-19.128386945304293,-11.068969669112459,-0.3338081244493503,-1.7558307346035826,1.0
559.718222,183,4330.453732,183.0,394.9991595032361,60.13497841206971,69.21067023544497,19.049999999999997,-4.049999999999999,-23.28719192028046,-24.273769984394303,-25.5469390401051,-9.64997726573094,-55.146088069243966,-17.676009320555536,-7.046610769588275,1.0464501372474508,3.8300075023256706,0.0
588.689764,196,4337.640128,196.0,409.83014991104966,62.966242037637564,74.430352152729,20.249999999999986,-4.909999999999999,-24.83023814201355,-24.294278478622434,-27.440615335082704,-9.445030791101413,-56.18910469030225,-19.220806106070338,-8.456906571647243,0.5934898797335281,2.32648032855543,0.0
563.108375,201,4346.034538,201.0,371.4678205028648,66.94296968124085,76.85985063343882,22.199999999999967,-5.430000000000001,-26.792209739685052,-28.901866990327843,-26.992307140563998,-9.729320303986135,-52.216726627439535,-16.588651873626738,-8.71118302095321,0.23315283105445098,0.937274380838893,0.0
613.267147,217,4355.421413,217.0,401.9715152928318,74.52537643551408,83.22895280756072,24.14999999999995,-6.780000000000003,-28.29869781494141,-29.831223152577895,-29.801694590916743,-11.153936106916648,-43.42440119478505,-29.628533788414906,-8.690210682836565,-0.27080382797979763,-1.1752886134323217,0.0
360.452881,129,4360.972432,129.0,240.4236622235525,42.8399997747794,47.260004378629645,12.90000000000002,-4.059999999999999,-16.01115783214569,-17.13367011770606,-17.86673526656801,-6.587344319471847,-32.57779949463565,-12.713555759836423,-5.020522368482363,0.2955533162923842,0.7625275560343512,0.0
653.443301,227,4370.637444,227.0,450.5818671258752,72.49375730914554,87.39590249612517,23.84999999999995,-5.420000000000001,-29.278235106468205,-29.745970011129966,-31.62254913170878,-12.830264387976577,-66.78583617275122,-22.340865280085275,-9.854505386830965,1.0353739742812196,4.700597843236737,1.0
501.503287,171,4377.935323,171.0,347.37650323861783,54.12948510037425,65.38016421577197,18.300000000000004,-3.2599999999999993,-22.012796735763544,-24.681740568578252,-24.587475802465573,-8.14824233526142,-50.444023623068055,-14.656562479424837,-6.892024355466905,0.38238968000486895,1.3077727056166517,1.0
1228.940227,415,4395.246098,415.0,769.5017338504932,144.25647629459246,160.12912604902553,46.649999999999736,-9.260000000000003,-51.959048514366195,-53.38396973535417,-58.27582286302179,-21.72506425401729,-67.37666543121483,-29.486494843695187,-15.130043285604392,-0.46333492581875213,-3.845679884295643,1.0
691.570814,248,4405.802522,248.0,433.685900416883,83.67792695895602,96.83167566248926,27.449999999999918,-5.400000000000001,-31.9226550912857,-35.18958700373768,-34.53927622414902,-12.485661772681963,-44.805072947121815,-23.79199166330959,-9.940444267312014,-0.48517572913747875,-2.4064716165218947,0.0
472.426529,163,4412.693403,163.0,337.1528048103055,50.58911416782461,61.71835040588509,15.750000000000027,-3.7599999999999993,-20.209377689361574,-21.688794957473874,-23.369095187329325,-8.245053839720587,-48.70064572228089,-22.523469532032756,-7.28730332710474,0.9157731391700946,2.9854204336945087,1.0
655.989849,240,4421.767299,240.0,401.8071461229434,84.86623663546902,91.32016409577805,25.04999999999994,-7.830000000000004,-31.775456523895265,-34.74133315607905,-33.47506789182495,-11.988861126494221,-35.824577294193794,-22.646211872574195,-8.772190462040587,0.41309902956272226,1.9828753419010667,1.0
1108.280167,351,4436.670487,351.0,736.8008465974661,120.55383951829224,137.2411720993088,41.69999999999978,-6.880000000000002,-46.02094715595242,-43.45717601999639,-49.055360136634484,-19.200089478419635,-81.29174458810245,-18.053571687396953,-15.056802641662854,-0.04007246432363486,-0.28130869955191673,1.0
494.685791,168,4443.649197,168.0,336.6047010229098,58.25560098932966,63.2513945434949,17.55000000000001,-5.41,-21.952327723503114,-23.03377606347201,-24.26465287338804,-8.797768397731758,-43.40801524742516,-14.851947814109256,-7.257417568212931,0.34699884153069005,1.1659161075431186,0.0
641.248322,217,4452.772177,217.0,435.24811402659935,72.49297416584419,82.82538135705738,25.04999999999994,-4.920000000000001,-28.095898637771615,-29.50073248595,-30.44116508315146,-10.738790321356255,-63.553963160071305,-16.388258372720877,-7.729339016774663,0.9605195640453967,4.168654907957022,0.0
677.285407,243,4463.115952,243.0,432.0082866928602,84.77531492093985,92.2305806926029,25.349999999999937,-5.43,-31.04567285060882,-36.09606815725566,-34.34169091796393,-12.79566301627508,-50.545957480283846,-21.01231861256452,-8.81140377784669,0.21289090933856736,1.0346498193854374,0.0
477.271547,163,4469.93248,163.0,324.2412713370568,53.19073511088137,60.794671724519326,17.55000000000001,-3.8899999999999983,-20.98589897632598,-20.487297947704786,-22.720959883706154,-7.46646308232204,-45.79838714656018,-14.000175721111818,-6.155948239313771,0.8801631888364024,2.869331995606672,0.0
868.401057,307,4482.660551,307.0,545.7478152486805,105.95268510865768,118.35787554301699,32.09999999999987,-8.500000000000005,-40.81285116195677,-41.917623500525956,-42.43729777652461,-15.94728275817462,-53.591047881209555,-25.93215523782166,-11.61906069064265,-0.02119196247243159,-0.13011864958072997,1.0
603.432212,201,4491.42017,201.0,401.35801423563714,68.98144030480145,77.3691317643047,21.89999999999997,-4.7299999999999995,-25.785206551551813,-28.998438054323184,-28.598474260862705,-10.057510559970565,-44.75626665456991,-15.79411728895235,-8.456361173262948,0.5347556843398628,2.1497178510462485,0.0
761.634978,264,4502.116261,264.0,499.95972772775104,94.60312443886508,101.42875783420678,26.699999999999925,-9.060000000000006,-34.39305772304534,-38.099457386881106,-36.09713144261123,-14.071174415898232,-53.4660011543331,-29.102003400201163,-10.76780678756911,-0.3117563027011584,-1.6460732782621164,0.0
483.346901,166,4508.205363,166.0,320.0404665810758,51.18333060849386,63.405794157076265,16.50000000000002,-3.2899999999999996,-20.874016942977914,-21.575155249238005,-23.14336961602978,-7.871215740805953,-37.36384277584413,-13.080577745760067,-6.584511942024075,0.9916355267197405,3.292229948709539,0.0
265.689659,129,4513.626112,129.0,132.41300830199887,41.98867886628802,44.35541088436673,9.00000000000001,-3.0599999999999996,-14.889885010719304,-19.798621834814547,-17.39347184524409,-5.584503420909706,-8.84983859056626,-18.171233257051743,-3.3198847415400894,0.4448149893922514,1.1476226726320087,0.0
630.340044,227,4523.226937,227.0,399.1925174081993,78.05376803995111,85.87330646508624,24.449999999999946,-7.180000000000004,-30.038929009437556,-32.325713778287174,-31.93311091047593,-11.804929161204464,-38.5660416542109,-24.62760586099781,-7.7532178200972215,-0.11737189309927529,-0.5328683946707098,1.0
737.647778,259,4534.280082,259.0,479.5177465207393,91.81097558642158,98.00435636277516,28.649999999999906,-6.8400000000000025,-32.673039960861196,-34.91610609926283,-36.905476862105935,-14.402792280671406,-61.56658060622022,-22.177880063986954,-9.853424626738027,0.8771759954893099,4.543771656634625,0.0
203.075877,108,4538.628968,108.0,91.5977864911183,37.59577501735349,40.1173350206125,7.500000000000007,-3.849999999999999,-13.81315013408661,-21.57896394729614,-14.779962068393447,-5.356395222698187,-3.7107625661140697,-14.788147377932267,-3.8576383454393874,0.21994901483490628,0.4750898720433976,0.0
1497.235376,532,4561.032801,532.0,936.6454518801262,185.6077506362742,208.17638176608617,53.54999999999967,-16.030000000000015,-71.66061769962302,-69.15057484060517,-70.47767728586761,-27.050941951757686,-96.79780132670358,-46.23245795603164,-21.34413677658351,0.14480551188891375,1.5407306464980424,2.0
692.335812,238,4571.573793,238.0,445.51861147402514,82.72526197950104,90.39909870706906,25.799999999999933,-5.9,-30.264505190849313,-31.868794853985296,-33.550940025306765,-10.897287112343651,-47.178337956718714,-21.57784738040394,-8.869447692537229,0.13586617725442104,0.6467230037310441,0.0
1196.9327,398,4589.185311,398.0,792.8033798998918,134.836980466775,154.96142895923714,43.649999999999764,-9.120000000000001,-51.204447736740136,-54.72751368843019,-55.12343924421343,-18.989943661472612,-94.38590062840711,-27.843133041053804,-15.924711036197548,-0.588901347742055,-4.687654728026758,1.0
401.078207,135,4594.27711,135.0,296.24412848493705,42.591838812661145,49.85752337745114,14.400000000000023,-2.859999999999999,-17.584812507629398,-20.827885710448026,-19.904103124608042,-6.533515112490354,-49.32236493104267,-13.699124659847413,-6.283477705224063,0.8357690159047891,2.256576342942931,0.0
1520.544574,527,4617.300816,527.0,948.0070087455256,186.18380336874367,206.17538271601182,57.44999999999963,-16.410000000000018,-69.89798028469085,-68.6331915603951,-71.55515336171437,-28.02484462029281,-85.38611984412465,-44.41447043922596,-19.949860446285424,-0.07113008331303794,-0.74971107811942,2.0
797.458427,287,4629.574524,287.0,520.349964735765,96.73877856901201,110.90092188438948,29.3999999999999,-8.470000000000002,-37.75357481479645,-40.1608977280557,-38.35852507720914,-15.151103799404765,-64.67176678865229,-30.810123030965375,-11.555247438188186,0.20627504066331287,1.184018733407416,1.0
529.659371,196,4638.043266,196.0,357.47440028629455,61.022017665237925,74.54361497779887,19.199999999999996,-6.570000000000002,-26.078770599365242,-28.88280095607044,-27.645588054568925,-11.203337479941307,-46.77796158386043,-22.883722953572637,-8.538480091326509,-0.08545320032112871,-0.33497654525882453,0.0
636.665577,208,4646.751646,208.0,431.58958757050095,70.37896285938113,79.16296417753323,25.04999999999994,-5.950000000000002,-26.258837780952458,-27.314805305004132,-29.287627552514156,-10.351374725156987,-54.55974953893459,-16.10893787717085,-7.684604542951351,0.3196379087938942,1.3296937005826,0.0
581.825084,204,4655.441132,204.0,379.7910197016641,67.75806259212659,78.438998056854,21.449999999999974,-5.940000000000001,-26.595083065032956,-27.00103539228438,-28.81071332550428,-10.504676122328245,-43.974223926201844,-19.274188942878524,-7.513075211650119,0.17280608600412667,0.7050488308968368,1.0
828.803587,275,4666.851593,275.0,563.8992959433444,94.80813430092871,106.18396019635495,29.099999999999902,-6.3900000000000015,-36.29409070014956,-36.185790199786396,-38.59632166582242,-13.977170739564796,-68.36813314077978,-28.147683531822512,-12.228613335192433,0.6369675614339109,3.50332158788651,1.0
166.182921,86,4670.354133,86.0,87.42950407703026,24.531387145510827,31.5802800612105,7.050000000000006,-3.63,-10.300318582057956,-16.335139384865766,-12.271521486977294,-3.4620080786369294,-4.8508851668212705,-15.613614764790361,-3.944763115744104,0.12379849151572965,0.212933405407055,0.0
429.874805,166,4676.988345,166.0,249.60137983586327,59.71034617575153,61.66044460047927,15.300000000000026,-4.6000000000000005,-20.48290559768677,-25.761239891499297,-23.843328084714628,-7.670411678044711,-18.463772545224582,-15.262707362990355,-6.3129999593131725,0.6048935597613614,2.00824661840772,0.0
1037.782457,353,4691.384771,353.0,660.873574273048,121.28261133481223,137.1889584795016,39.14999999999981,-8.930000000000005,-46.27325927734379,-44.77325754016635,-48.029618837089814,-17.46675403833417,-64.05067787839916,-30.252375383490865,-13.93674378396611,-0.2433261726891234,-1.7178827791852114,1.0
1078.182329,397,4707.735286,397.0,636.7874692357186,142.10937914708154,154.41309275338367,38.84999999999981,-11.550000000000008,-49.75726501464843,-53.93837933912873,-53.58324592866796,-19.367510960497718,-57.82782233933101,-31.487247006764715,-13.46614118047517,-0.30485128323082017,-2.4205191888527122,1.0
445.415698,154,4714.367702,154.0,310.37684418617863,47.521086736004634,58.16683622423513,17.85000000000001,-3.5799999999999987,-19.85648267269135,-23.86255612149834,-22.10465279495892,-8.223236454804088,-46.264074329081616,-12.595873486930852,-6.012193490228926,0.6872155492831467,2.116623891792092,0.0
538.351991,188,4722.335102,188.0,364.73341709557474,65.26588447030146,71.8151803489298,20.99999999999998,-4.779999999999999,-23.675104794502246,-27.056098225712766,-26.202929880394105,-9.405791149519828,-46.89132342687006,-27.473036098095257,-6.97820692745512,0.7245634386573794,2.7243585293517465,0.0
821.777222,268,4733.858289,268.0,590.9162021084854,88.05501040658918,104.50471918149859,30.44999999999989,-5.770000000000001,-35.14231974601745,-36.494569015502954,-37.82536438766591,-14.545392241116067,-92.69268554134132,-25.9218010117828,-11.756577693519748,1.1130202936407858,5.965788773914612,1.0
1923.196674,672,4761.864966,672.0,1186.3707578225108,238.92805633315206,262.22882829487924,71.09999999999984,-17.78000000000001,-88.32886440277096,-83.10069516114879,-92.26605441034515,-34.69244267157069,-116.26372133153667,-49.25081266040302,-25.748378123045377,0.19093370687355307,2.566149020380553,2.0
427.812005,151,4767.454881,151.0,285.0935301325128,49.70668127346861,56.22801466020403,14.550000000000024,-4.229999999999999,-18.706740732192987,-20.148244456946845,-21.527158578922222,-8.574310954286881,-37.02019797254277,-12.66697263136685,-5.892595768654804,0.49356215539510706,1.4905577092932234,0.0
854.807186,285,4779.563688,285.0,585.5375634560467,93.88557827181712,108.05154911214787,32.69999999999987,-5.369999999999999,-36.035221657753,-38.21483267694713,-40.101455930992486,-15.990278916956942,-75.37815126495596,-28.78417134271042,-10.493393236074098,0.6127697577985041,3.492787619451473,1.0
705.364997,250,4790.032087,250.0,435.26533908886677,87.2124652531105,96.14072590413093,27.749999999999915,-6.34,-32.31831466674806,-30.937941070646048,-34.36131716218972,-12.2390670004145,-46.1627972865218,-19.6093810477401,-9.034714989138427,0.2135091243746165,1.0675456218730826,1.0
742.449927,244,4800.039504,244.0,506.798038387457,79.85649634590564,92.50524995680827,25.799999999999933,-4.669999999999999,-31.080739889144905,-31.266381318122168,-33.88780192523873,-13.817190409187903,-58.1172637852795,-24.2853870323037,-9.385093018780026,0.32659409969604225,1.593779206516686,1.0
771.029397,256,4810.832408,256.0,510.7215832248673,89.22214898046165,99.21665366761489,26.999999999999922,-6.450000000000004,-32.91354340076447,-31.276850908994653,-35.36839691600022,-12.78842921091798,-62.424953088685946,-20.3533295676792,-9.555486226290743,0.12019744382852117,0.6154109124020284,1.0
716.835646,245,4821.546679,245.0,475.6473320615544,81.83705292574132,92.89979296038514,26.09999999999993,-7.310000000000001,-31.51950242519379,-31.413607613742368,-34.53663615503325,-12.180211848313451,-59.40396598872992,-18.74642883777443,-9.538178725136822,0.8741384370731831,4.2832783416585976,1.0
208.8528,92,4825.521626,92.0,112.47132781194433,32.981343495661726,32.47535572376429,7.050000000000006,-2.5799999999999996,-11.177271952629095,-16.096352231502536,-13.370512608265534,-4.198876897012209,-9.007220261161978,-8.584291752673792,-3.1107009034263804,0.37315493748495027,0.6866050849723085,0.0
197.562327,88,4829.281567,88.0,111.45404089558345,27.366194723513413,32.89563323771625,7.350000000000007,-4.11,-10.165433940887446,-16.833055911958223,-12.179365443939147,-3.809242649654172,-9.946837159348176,-9.398162108686957,-3.061444380962008,0.44494816952060967,0.783108778356273,0.0
1487.216329,485,4849.206155,485.0,974.3138627834225,170.05541389214193,188.43909074134427,55.049999999999656,-12.080000000000005,-64.02346790790557,-58.69191589318214,-66.62906443832709,-25.47930044860695,-100.46247052077891,-37.62126455719168,-20.654554557433414,-0.13722570838001685,-1.3310893712861636,2.0
859.898421,321,4862.286905,321.0,510.56540816537796,114.10838743964459,123.76079625038602,34.199999999999854,-9.280000000000003,-41.209314064979544,-45.13846215233208,-43.34210389164183,-16.371193260503833,-46.36373854001531,-30.389937755525835,-11.6414213937648,-0.23909581776295774,-1.5349951500381886,1.0
707.77194,235,4872.441243,235.0,489.4297982418116,79.99811749453589,90.72779762974206,24.599999999999945,-6.610000000000001,-30.78456413745882,-31.3446598082781,-33.92108974072046,-12.509640649555106,-70.25648012354954,-16.68318503230083,-9.874154329031962,-0.1490147454450247,-0.7003693035916161,1.0
571.582502,193,4880.345811,193.0,394.00085042992566,63.72498164588381,73.35042532051953,20.399999999999984,-4.479999999999999,-24.73242685794829,-25.17645309716464,-27.285556423362383,-9.36717071289844,-54.89872077448613,-19.038741819295044,-7.914686066356008,0.9588296378360105,3.7010824020470006,1.0
682.28266,226,4889.693029,226.0,485.48129482296645,75.04895192058277,86.17159614838587,25.799999999999933,-5.550000000000001,-29.07809543609619,-31.62064286768437,-32.29984436112026,-9.824136859998644,-77.10383143332757,-21.056927460871805,-9.685704517185748,1.0220057983143305,4.619466208380774,0.0
976.315646,354,4904.763453,354.0,580.0845438558645,125.856036862675,137.77367292540086,36.59999999999983,-8.870000000000005,-45.15541770935064,-52.137522968649854,-50.28331741220364,-16.86052322963664,-42.72732092286289,-29.006702733146756,-12.957803165413836,-0.13130560479266554,-0.929643681932072,1.0
1050.521101,358,4919.741415,358.0,703.8193036423844,119.49383168758236,138.84415770872118,39.5999999999998,-7.319999999999999,-47.297564888000494,-44.61672951728107,-49.60053398708287,-19.08898581754376,-93.78244936103474,-33.98360656124013,-13.546321526496492,-0.13531910331723834,-0.9688847797514266,1.0
1497.398899,480,4939.231716,480.0,1006.923214123987,167.11697274773726,186.2529346642989,53.69999999999967,-11.600000000000005,-62.711028761863716,-57.49153051897888,-67.50800136445076,-25.157720356851204,-116.79526026653356,-36.44730949211195,-18.88337166648767,-0.5108531964799908,-4.904190686207912,1.0
686.927921,237,4949.174666,237.0,454.0351072440083,81.41162757924882,91.33034331080744,24.599999999999945,-7.730000000000004,-30.885734024047842,-31.639057930186397,-32.24654972675583,-11.228388974573514,-59.05845108507028,-18.632879743716515,-10.028095874563366,-0.15810349301428406,-0.7494105568877064,1.0
365.7166,135,4954.744943,135.0,245.43498451643208,44.80317137352066,49.732614004296,12.75000000000002,-4.539999999999999,-16.71374228477479,-20.852919158339503,-19.207305630652606,-6.9159709413617305,-34.21110455205175,-13.991943734563632,-5.5711831738294695,0.5548595705960528,1.4981208406093427,0.0
630.981887,214,4963.800948,214.0,427.539403229873,68.74492449826084,81.80391110647565,23.99999999999995,-5.08,-27.427136955261226,-26.47125456035138,-30.35709506044667,-11.25366974239433,-57.731946879838894,-18.64086008209165,-8.14438830833153,0.4922401458497785,2.106787824237052,0.0
679.737371,234,4973.719752,234.0,422.93503388464376,83.29930964298626,88.32522700260742,24.449999999999946,-6.980000000000002,-30.454131627082834,-31.476933835446818,-31.814771330332437,-11.700305283864672,-34.697091686675805,-17.480056909113184,-8.668909313026107,0.62896749883839,2.9435678945636647,1.0
539.913832,200,4982.332417,200.0,355.15524752280066,69.13890397293416,75.31516273570861,19.049999999999997,-6.380000000000002,-25.030863270759582,-27.78930042237045,-28.1743687882527,-9.293506235500422,-51.39405178430364,-22.860407828612622,-7.822984401058817,0.01744434766679699,0.06977739066718797,0.0
412.516248,144,4988.585251,144.0,297.6022425831426,45.395469953849606,53.98603464592862,13.950000000000022,-4.159999999999998,-18.503050804138184,-22.39493508040904,-20.811243445225564,-7.614522702526151,-47.52271898995366,-15.260560237370745,-6.1504675477839195,0.6506594254626139,1.873899145332328,0.0
167.41136,84,4992.009897,84.0,89.65710754990165,27.62569459298304,30.40553364639231,8.40000000000001,-1.9699999999999998,-10.265830497741696,-18.910489261150364,-12.756352926443578,-3.7448090536943575,-6.642611651285065,-15.274547345122555,-3.112335493455169,0.0545058981355251,0.09156990886768217,0.0
879.695905,307,5005.276817,307.0,573.7297183333038,105.21058416707658,116.61072752821221,33.29999999999986,-7.460000000000003,-39.12464700698852,-41.40908898189662,-43.49323907789343,-14.75710311197298,-74.12881310287669,-24.480711132323496,-11.301523077972135,-0.4055809299227655,-2.4902669097257806,1.0
1180.775288,427,5022.485758,427.0,743.7865762968951,148.87957666917518,166.87839477490914,42.14999999999978,-11.080000000000005,-55.53969288349149,-58.166448383778295,-58.2951021507067,-22.834304745783694,-83.71859656368905,-40.99322715691375,-17.291887666180312,0.13483786231418005,1.1515153441630976,1.0
1743.496709,614,5048.659893,614.0,1054.3619501674768,219.2456656290088,239.8463517081801,67.04999999999968,-15.980000000000011,-80.62693450927732,-78.83959582895031,-85.4736021099962,-30.432598047313242,-81.90735853242302,-53.99453646122077,-23.75263264956064,-0.27728686509234857,-3.4050827033340405,3.0
736.499935,267,5060.15197,267.0,493.256325652367,88.52979235115397,102.76989890389244,27.749999999999915,-7.240000000000002,-34.6965940618515,-38.980574777722396,-37.57968064634988,-13.867509341748676,-60.712342327151916,-38.12379581229108,-11.60558504902637,0.0823115438528763,0.4395436441743594,1.0
818.832912,291,5072.02894,291.0,505.165175121986,100.73153696466841,112.29817263461426,25.949999999999932,-8.940000000000003,-37.13904360294345,-42.87911375761033,-38.97810501672223,-14.623855998407121,-40.860673396485836,-21.946689683288923,-10.94449117091243,-0.15541217080676464,-0.9044988340953702,0.0
1462.135092,481,5092.198771,481.0,961.1156576565855,164.43144800500508,189.67683716939024,53.69999999999967,-11.610000000000008,-63.875903968810995,-58.66648162789644,-66.95756717018747,-25.515097559165305,-107.79808411815607,-33.43566867426726,-19.930047826003406,-0.23714356667088088,-2.2813211113738743,2.0
1837.678577,615,5117.011171,615.0,1170.988336371559,214.26925291198864,241.2720771056754,67.4999999999997,-15.140000000000017,-80.98316139221195,-77.08119381181899,-83.92643483787177,-29.985871921372656,-111.7281742526098,-47.4977508968201,-25.00850276680186,-0.20428832039860662,-2.5127463409028614,2.0
576.394675,200,5125.527367,200.0,378.8922219263567,67.23261643299598,77.10306874052121,20.249999999999986,-5.749999999999999,-26.545823907852192,-27.341675456240775,-28.30059985087784,-9.543202070031596,-42.51357704758689,-18.100967441692156,-8.987386537332505,0.22960212480983394,0.9184084992393358,1.0
1574.842046,541,5148.848152,541.0,1001.4892796121843,189.44867539230816,210.80897089703817,61.79999999999959,-12.280000000000012,-70.91072260379792,-69.01115636751055,-73.88579079016131,-27.698331204890547,-107.153379116327,-47.196199685067135,-21.569300404981902,0.16616558806534948,1.7979116628670813,2.0
723.32841,266,5160.082906,266.0,448.1038508456729,94.98688084891788,101.85755463659792,26.549999999999926,-6.78,-34.59414892196658,-40.074047890678074,-37.12867451591333,-12.012583671819424,-52.67700061397518,-20.893264185038277,-10.01015649319385,0.1940771821055584,1.0324906088015708,1.0
1117.117236,390,5176.436451,390.0,685.9750519688048,137.71919239325908,152.31915405997248,43.649999999999764,-10.800000000000008,-50.74415428161616,-52.26306458935145,-51.70489138439913,-18.299775268571018,-56.56892867976703,-35.930920844916265,-16.23442776271692,0.09694686912666807,0.7561855791880109,1.0
1562.292982,550,5198.614567,550.0,944.7486588469782,191.10677663255834,213.44456392832478,59.99999999999961,-16.12000000000001,-71.54025123596188,-67.44127756059176,-75.41097923280897,-28.65458072083855,-73.60325283709142,-42.680226123876224,-21.556449309434196,-0.3079555307408066,-3.3875108381488728,2.0
422.484079,151,5204.91363,151.0,273.4210515150173,53.26200830017745,56.48172254086843,15.450000000000026,-4.42,-19.251573662757885,-23.894396425038565,-21.97603301736015,-7.212514404409974,-27.10769952794216,-16.46092408157348,-6.807562202288002,0.604310939025764,1.8250190358578073,0.0
953.142996,352,5219.59842,352.0,560.3958871984971,122.8970932829677,135.3806903230883,36.44999999999983,-10.280000000000006,-45.932650785446164,-46.35010535195474,-46.546385834246244,-16.62093962510094,-48.19468371634944,-26.669649320697573,-13.386260463202534,-0.2993171373945708,-2.1071926472577784,1.0
571.462959,202,5227.987749,202.0,391.6405649097874,64.37844100847714,76.49794140178417,22.199999999999967,-6.7600000000000025,-27.63974162101746,-25.36074292659761,-27.130882724310812,-10.534532875444738,-49.69393270032156,-28.98909703300579,-9.145058802619612,0.02546537429996896,0.1028801121718746,0.0
1018.497866,370,5243.44964,370.0,621.2191845926449,132.28875687845158,144.32309299485232,36.89999999999983,-10.780000000000008,-47.76513685226439,-52.40051798373458,-50.92372276238377,-17.770001583315132,-57.62142052881893,-34.67122706311606,-14.301141235474736,0.6631861321980402,4.907577378265498,1.0
625.945243,218,5252.564562,218.0,420.27634436765214,71.27021654099153,83.60721667806347,23.399999999999956,-4.929999999999999,-28.586839909553525,-29.828653688356283,-30.357098745816685,-11.114567735456687,-57.33822797351874,-19.001542115753164,-9.451604826811655,-0.20817321477503978,-0.9076352164191734,0.0
635.578419,233,5262.356467,233.0,400.1816195773689,77.21019505557366,90.00049884419266,24.14999999999995,-5.800000000000002,-29.456565899848954,-28.821953899785903,-32.225637027589876,-10.99535276355717,-57.561625960459175,-16.571382711946146,-7.531375971361931,-0.4499473143425314,-2.0967544848361963,1.0
776.626011,257,5272.940468,257.0,518.9058495362569,88.45927293850467,98.9208824576147,27.599999999999916,-6.070000000000001,-32.70944725513458,-34.90355771481992,-35.4268873574757,-12.155707300074614,-64.94469530428233,-17.79535053511813,-10.254348716410737,0.5308907903045065,2.7287786621651633,0.0
1705.673278,594,5296.958578,594.0,1071.253885837129,207.73675378679226,233.29659452534872,64.19999999999958,-14.110000000000003,-77.93899927616118,-76.61866764351728,-78.310514597992,-29.4917154651026,-107.88060386204333,-57.27100907657514,-23.192446480160367,0.17506133627700313,2.0797286749707973,2.0
805.104689,290,5309.053265,290.0,500.3574471705128,102.21194357036926,113.09900892202114,30.599999999999888,-8.120000000000003,-37.59694490432739,-41.87125498726966,-38.28885830893159,-14.337617647533545,-56.51592710993906,-23.645386760090123,-10.787720669163493,0.26542588419794083,1.5394701283480567,1.0
1466.053818,509,5330.615954,509.0,925.6530101677989,178.76438901736037,197.1475801221368,56.099999999999646,-14.490000000000013,-66.36349491119383,-66.08530318215486,-70.67068204875473,-25.82523145121494,-92.21933422150568,-44.503074090134106,-20.4540416429606,-0.28729106123766923,-2.9246230033994727,1.0
1371.317817,458,5350.03544,458.0,898.2686821881978,158.71114968683818,175.72465525276124,49.64999999999971,-10.330000000000004,-59.18921478271487,-56.16005397103728,-62.84126619433096,-25.686052463113267,-102.36448656135752,-34.730074542905314,-17.735521289355123,-0.5474431729354576,-5.014579464088792,2.0
2035.678301,736,5379.741766,736.0,1211.9558016177643,265.35023725087456,287.42970516341416,78.30000000000011,-19.570000000000014,-95.9605263137819,-95.76618147641435,-101.67890329927747,-36.32821732339419,-109.26398725187077,-57.26198554624322,-27.52764206810543,0.16077199621274893,2.3665637842516642,2.0
1390.72534,462,5399.198561,462.0,942.7121578395574,160.79067840014466,179.93761047561765,52.34999999999968,-10.060000000000002,-59.66770778179166,-62.69084193632006,-63.82844499751161,-23.19780248461934,-125.59414536856188,-42.2060551868154,-19.820108563817847,-0.20652241951478553,-1.9082671563166185,2.0
761.634982,258,5410.042586,258.0,520.4228125965901,85.47957916212644,99.72424163994798,27.899999999999913,-6.290000000000001,-33.16166737556455,-35.29084390699865,-35.538447635540464,-14.231142651341052,-71.05840508273903,-23.343543727633374,-10.977600754438257,-0.3502273311419226,-1.8071730286923209,1.0
623.578047,214,5419.006079,214.0,406.4454467690954,72.96710048076666,80.66451391967055,23.09999999999996,-7.480000000000004,-26.564688796997064,-30.584102250635635,-29.957460764466013,-11.90719688262377,-44.897655870474985,-13.34081327485894,-8.867096499033792,0.2200783537301683,0.9419353539651203,1.0
2011.246501,769,5450.722968,769.0,1097.076862305886,283.5736619774257,299.80614644875,79.05000000000014,-23.860000000000028,-100.52498406410216,-104.53625648692244,-101.37320357211235,-36.07922429937416,-67.79112002637025,-55.94700924341737,-27.14837222018519,0.04268297554250342,0.6564641638437027,3.0
815.804825,267,5461.963923,267.0,544.1311911966578,89.53137637366272,101.73400731536613,31.049999999999883,-5.47,-34.13333329200744,-32.938036312535395,-37.90147980790082,-13.035585816124028,-59.86524691369425,-23.28441001428806,-11.013658178550896,-0.08093429201392158,-0.43218911935434123,1.0
1073.132496,383,5478.250522,383.0,664.7081916744036,131.17890048144616,149.67983409144264,41.84999999999978,-9.980000000000006,-50.212240028381316,-51.40836774706842,-51.171048242940856,-17.50323453047797,-67.40290716374328,-33.82987391620923,-15.77675872589673,-0.3082369912244176,-2.361095352779039,1.0
543.534666,181,5486.004045,181.0,381.44127225190255,59.23304161130349,68.7335570862435,19.64999999999999,-4.799999999999999,-22.583440103530876,-25.409817243367424,-25.533617449121287,-9.189900752979455,-54.56735155299324,-17.11036299989774,-7.32871522831333,0.7209873325484685,2.609974143825456,0.0
988.086377,335,5500.318812,335.0,629.8702680524706,117.76835615918831,128.81592363855768,36.299999999999834,-8.670000000000002,-44.51752002716062,-46.445962851494535,-47.26863348280759,-16.256507344596184,-55.156634016810806,-27.064470947005443,-14.288442243833456,-0.3106170167656215,-2.081134012329664,1.0
1485.340185,529,5522.787432,529.0,898.0845796585252,188.8223502460267,205.15933840891577,54.59999999999966,-12.350000000000012,-69.02320486068724,-71.01184421256184,-73.64773936105628,-26.811442271047717,-75.39895760614246,-42.109168747888134,-19.973725870726184,-0.00010839945494559682,-0.0011468662333244143,1.0
647.386907,246,5532.5875,246.0,391.2213313941369,83.8908168778447,95.32032531244404,26.999999999999922,-5.32,-31.84634967327119,-31.636824797838926,-33.97402714313606,-12.161577359949085,-49.84809758079531,-21.77405100991001,-9.484639489876468,-0.5122981536732726,-2.520506916072501,1.0
1782.998004,593,5557.045123,593.0,1159.862937717738,211.69187620321082,230.7989913998913,64.49999999999959,-13.010000000000007,-78.04861708164218,-77.25015569850791,-82.73800763270023,-29.30923440332428,-122.111012562694,-49.80772553528876,-24.58104819322119,-0.4279044886650122,-5.074947235567044,2.0
593.396487,209,5565.881437,209.0,395.7142685939425,69.36440795128686,81.09796811992582,22.499999999999964,-5.410000000000001,-27.402948722839348,-30.17542135119438,-29.322729916286765,-11.298522477850085,-52.513218924629285,-18.564553686554692,-9.59276212700692,0.30691690015013334,1.2829126426275572,0.0
889.786637,292,5578.503433,292.0,613.4916795948569,100.73896302679493,113.05147492584204,31.949999999999875,-7.240000000000001,-36.948544087409985,-37.7846701044589,-41.84842193755725,-15.73049851412696,-87.31590686260239,-23.231731121435036,-11.345708307482003,-0.0661165865079051,-0.38612086520616573,1.0
1343.348898,490,5598.913744,490.0,825.899761537714,170.87046200693462,191.66227977904703,48.14999999999972,-14.850000000000012,-64.28904486179356,-68.13728755414486,-66.47896159456515,-22.96048459329501,-83.11595186261164,-44.269625517510065,-19.13224972356026,-0.25323222799155815,-2.48167583431727,2.0
1320.435772,446,5617.224908,446.0,873.1131110473013,153.53281782526514,171.51852895598728,47.99999999999972,-10.010000000000007,-56.49220638751986,-59.85837350040677,-61.44555603296583,-21.295997889084667,-96.19227323881053,-49.037040139605786,-17.397238259449615,-0.4397688372198909,-3.922738028001427,1.0
2138.710553,757,5648.387883,757.0,1294.7350272336557,272.99771682327463,292.4654008832975,79.95000000000017,-17.66000000000001,-97.61761975765243,-96.43570867553342,-105.12553982653516,-38.73320100372551,-118.23037461363678,-55.65630972109524,-28.97883829043081,0.1534859424030361,2.3237771679819663,2.0
438.51012,154,5654.826953,154.0,303.54858883708494,46.574617890052274,56.733424228168566,17.100000000000016,-3.859999999999998,-19.0590827512741,-20.83554556965827,-22.871147192255783,-7.604216262947969,-43.50285526966534,-16.077183106676884,-5.636480857261493,0.977154901811227,3.009637097578579,0.0
1095.869401,422,5672.599405,422.0,631.7873236659394,152.4144190661965,165.16743680749957,39.5999999999998,-9.020000000000001,-54.7136084318161,-60.35237505137921,-57.32992722642096,-20.563323936281044,-55.816948079539756,-40.30610874057352,-16.99748664346996,0.22585622275675232,1.9062265200669894,1.0
467.312774,174,5679.794804,174.0,315.93889803980466,58.912315853837725,66.48777256821059,15.750000000000027,-4.369999999999999,-22.201873416900643,-27.94403251260519,-24.891480956836567,-7.657713474661987,-57.615526798651345,-12.109567949856043,-6.986017756216936,0.43644671798442297,1.518834578585792,0.0
1447.067685,498,5700.900086,498.0,898.7507522151027,181.7812324541858,193.27234751320253,49.04999999999971,-14.630000000000013,-65.6619098901749,-67.45144218131904,-66.9474432463954,-24.065289532684247,-75.84998853249905,-38.12531157863773,-21.055262586016806,-0.05316046609551133,-0.5294782423112929,2.0
2038.912135,709,5730.460712,709.0,1280.3404459136814,251.044003128803,278.29533911430906,78.30000000000011,-17.600000000000016,-94.856200017929,-93.72156756147739,-96.09451421624507,-36.230501882794,-122.33448351299036,-67.52134712759175,-29.70903847528362,0.20366872134562916,2.8880224686810214,2.0
2163.460951,783,5763.745277,783.0,1283.8640400860925,279.5591252737954,306.113912695438,81.90000000000025,-21.54000000000001,-103.84947554111469,-100.50951940640802,-106.08873009119573,-37.665849629894225,-117.00656612480925,-53.71654458126526,-30.5994417591797,-0.052071454808032165,-0.8154389822937838,3.0
1611.163205,573,5787.354974,573.0,982.0727464040955,204.52114992626446,221.94623112264262,60.299999999999606,-15.180000000000012,-73.99598805904394,-76.48898211792113,-78.66174371106442,-29.89606809222278,-83.2761115216206,-51.82059167354642,-21.357437340190586,-0.26871044854943793,-3.079421740376559,2.0
922.970824,327,5800.462586,327.0,586.5847967372749,113.6546431772462,126.96486138063138,35.099999999999845,-10.060000000000006,-42.05596399784091,-41.73924856409431,-45.89369457399433,-16.59433233164836,-65.74186393708608,-31.24634968247827,-13.002024317111212,-0.07524648496055739,-0.4921120116420453,1.0
609.029271,208,5809.306744,208.0,404.66343581241017,71.87642625789671,78.9551329149523,21.74999999999997,-6.390000000000002,-26.75567525386812,-27.889906559139508,-28.472760726009586,-10.875404327033472,-50.14955603475518,-17.557190303970046,-8.125231126310782,0.8524090699305803,3.5460217309112143,0.0
1244.598453,423,5826.981628,423.0,808.2320091639834,146.08025372558814,165.489466018131,48.44999999999972,-7.9300000000000015,-55.4506187295913,-54.51045428402716,-58.390261319467584,-20.486530991465678,-95.77777741465655,-36.92988646737633,-17.177747102473806,-0.6173206124747442,-5.222532381536337,1.0
1165.48178,418,5844.39128,418.0,726.873137563026,147.3951154485353,162.3450298514883,43.94999999999976,-10.970000000000004,-54.27313263416289,-56.17706851493565,-57.354265894898,-21.177958301698396,-76.26513302289668,-40.489972279102155,-16.373972061342275,-0.40069737819877976,-3.3498300817417985,1.0
1639.105543,589,5869.365937,589.0,992.4445313099876,211.56680781121844,229.36336698506355,59.99999999999961,-14.310000000000013,-77.71204431056978,-76.44018473699687,-79.15183792048911,-28.195485384032388,-95.95608586558009,-47.891862732680636,-23.61166235342373,-0.2627529240445019,-3.0952294452442324,2.0
2094.109958,794,5902.091641,794.0,1170.8938192908965,290.5366923964547,311.70167356090303,80.25000000000018,-24.200000000000014,-103.1910508489609,-109.54557210803046,-105.16016710727466,-37.81310140825624,-90.13933859323356,-53.05117084636337,-30.171826554736302,0.06728594554530927,1.0685008152595112,3.0
1097.002188,356,5917.206986,356.0,750.175516035185,120.91617212144035,136.3370146022767,40.94999999999979,-9.170000000000003,-43.987334403991724,-45.88990884721281,-50.75981490481092,-20.466433154750792,-90.94266857577024,-32.49187356787344,-13.668481742190401,0.41251191648433366,2.9370848453684557,1.0
1049.543562,329,5931.25638,329.0,725.5521670545496,107.61676697453122,128.64619111187272,38.84999999999981,-6.21,-42.529920940399165,-40.47521878816186,-46.952952597046895,-15.944725544223504,-90.42913496320985,-24.3860847906481,-13.193525753981412,0.34993253003215335,2.302556047611569,1.0
799.700504,274,5942.994858,274.0,526.546708390465,96.84522067611204,105.72956728584396,29.2499999999999,-7.930000000000003,-35.254013223648094,-39.07045509293674,-38.48447591354996,-13.836057530991516,-63.179692340468385,-23.784314071276906,-11.131983725811034,-0.20408159067014597,-1.1183671168724,1.0
1371.44321,505,5963.492375,505.0,826.3157525905876,181.03764727498813,195.88053996032687,53.69999999999967,-13.280000000000006,-65.30669870376583,-70.89025448858742,-67.541598153727,-25.02960382991677,-94.1706088239722,-35.4218056208658,-18.85016054663647,-0.10227033959996217,-1.0329304299596178,2.0
2432.010462,860,5999.552559,860.0,1479.9658551487246,308.47997121573576,335.91981071493586,88.20000000000049,-27.460000000000026,-112.79365013599396,-116.63224737141279,-116.10599595207458,-41.24647381884387,-124.19077447245299,-69.01053298045538,-33.11550080536601,0.037612256477974164,0.6469308114211556,3.0
1353.915214,466,6019.496161,466.0,865.4886964471742,162.12795778753986,180.78694742068868,49.04999999999971,-13.11000000000001,-60.942397732734676,-61.540819943696235,-64.649225077934,-22.53294921894253,-90.95351227861578,-37.2773157966218,-18.53216719262823,0.12800296833487576,1.1929876648810422,1.0
271.901347,119,6024.41765,119.0,170.78955692704224,38.198557638515936,43.055193642902125,9.450000000000012,-3.59,-14.289735231399531,-20.083294272422783,-16.8120803483084,-6.026234684189489,-25.26645142875704,-18.238273895575627,-4.285891467228986,0.04207512653439214,0.1001388011518533,0.0
1306.556787,449,6042.832632,449.0,850.6335954602954,160.03240195257152,175.2532669360254,45.29999999999975,-14.980000000000011,-59.722647933960005,-65.08816010728476,-61.481120070968544,-24.656538573584548,-87.3671988813121,-41.105122155585164,-19.26168985077564,-0.38085706839462496,-3.4200964741837323,1.0
808.039039,286,6054.337245,286.0,526.8267764602201,99.22261039972035,110.30234709254319,29.849999999999895,-8.580000000000004,-36.400876307487486,-38.664810796827126,-40.632835340577714,-14.942418391772378,-73.16015868490075,-21.553974279940736,-10.22762116995221,-0.25656727998509293,-1.4675648415147315,1.0
627.138634,211,6063.115869,211.0,430.33481486597583,71.15935455479797,79.98076763042413,21.89999999999997,-6.050000000000001,-25.91894943237305,-29.12388436496258,-30.52963781521467,-11.74491231413085,-60.23429201168472,-15.440413997725571,-8.19421337997135,0.4325680917623884,1.825437347237279,0.0
2704.82443,1000,6105.076079,1000.0,1529.3924869576085,369.76146400776435,395.6827760740793,107.25000000000121,-28.920000000000023,-132.45809266567224,-130.47303465567532,-134.01389536030888,-51.75545657204219,-106.12698247204112,-75.1027699025854,-38.41206496946535,0.07643323692394219,1.5286647384788439,4.0
485.09351,163,6111.953883,163.0,338.5850490035592,52.0184066687921,62.98536913970749,17.85000000000001,-3.9799999999999986,-21.416868524551386,-21.535082974284883,-23.20136310649949,-8.784496285986052,-49.44411756000842,-13.22223158105287,-7.761154415525563,0.5379805880513708,1.753816717047469,0.0
1056.145566,376,6127.693434,376.0,636.5684555821731,132.3053299349439,144.23611897660743,39.7499999999998,-12.390000000000011,-47.36891418457031,-51.64642462432382,-52.37718920503995,-16.614583666727587,-56.59072813079161,-21.775485722245115,-13.951013207962669,0.08435560298576224,0.6343541344529321,1.0
132.472556,74,6130.35016,74.0,65.51631510311267,26.16587621731125,26.128965126149367,4.800000000000001,-2.4099999999999997,-9.567434797286987,-16.86149339228868,-10.974295564480459,-3.1157334485342645,-4.125307859350052,-14.301081456498187,-2.7832535021470424,0.4635532513112706,0.6860588119406805,0.0
1130.633778,395,6146.841419,395.0,709.312691090548,135.9187030662271,152.51216561058465,41.09999999999979,-9.970000000000006,-51.40173039436342,-52.01830332353708,-54.05819067466837,-18.816512325565277,-73.95861523518387,-28.27825489910714,-14.708174557855656,-0.1736331534555542,-1.371701912298878,2.0
2285.119764,836,6181.679861,836.0,1345.3763871058168,301.37224715989714,326.17437442381635,85.05000000000037,-26.160000000000032,-110.13884191513084,-110.78305870182803,-112.86961093485358,-41.83671327809962,-114.4603489811864,-58.527382937954975,-34.077287463245476,-0.13389270810794818,-2.2386860795648933,3.0
541.323443,238,6191.636004,238.0,274.09051604727233,86.97474246765388,91.24205295318797,20.249999999999986,-6.560000000000001,-30.77870981693268,-34.83728872388602,-31.914141885321214,-11.242432592223487,-22.023999940158127,-23.083227305808528,-8.794068457412765,-0.12355677599976003,-0.5881302537588577,0.0
2247.05084,867,6226.940946,867.0,1255.419535224895,311.23658933038325,338.27279936066424,87.15000000000045,-23.470000000000034,-114.15467658042925,-116.37730548307299,-117.90598936595485,-40.53639303400591,-93.69726798232224,-73.68301166215554,-32.20343937424377,-0.1305126425673106,-2.263089222117166,3.0
203.711461,106,6234.89978,106.0,99.64808022564755,36.33679176565732,36.486823759757826,8.55000000000001,-2.97,-12.646672043800356,-20.65169835537672,-15.97370220572852,-5.030626156321292,-10.188604418688293,-11.878775951229754,-3.97015513439638,0.03960428989938757,0.08396109458670166,0.0
2068.332294,723,6265.200896,723.0,1280.0672031942079,255.60432258480662,280.33517916724435,76.80000000000005,-21.260000000000023,-94.23545199871077,-91.15745680034154,-100.00022840035044,-35.85617549355727,-125.74611358916812,-50.918926809067074,-28.300057789144006,0.48034467430225447,6.9457839904106,2.0
1980.385534,682,6293.579268,682.0,1230.1758547562204,245.07443525859512,265.5743247672342,79.05000000000014,-18.390000000000022,-89.2898871707916,-84.0639369867742,-95.53371016032517,-35.689363135880704,-123.09183442941037,-48.99053691464441,-26.439811593287143,0.303612215206051,4.141270615410535,2.0
2919.37244,1000,6334.378351,1000.0,1743.5958469545672,368.70713574190444,395.4610037826231,111.90000000000138,-25.690000000000015,-132.82284378051764,-125.43068627268082,-134.844992941175,-49.84006448300892,-128.70339766292304,-63.10224287370879,-39.85731835190601,-0.19673950840889748,-3.93479016817795,4.0
1789.620024,573,6358.666441,573.0,1168.1476124040535,198.9510317297802,223.25005841138133,65.54999999999963,-14.390000000000017,-75.93543840408327,-68.19919392243028,-78.7818445421482,-28.216378526597392,-117.65455724791961,-31.228034028834976,-24.87323211507921,-0.22882637971574493,-2.622350311542437,2.0
2171.373154,812,6391.904471,812.0,1220.6788021603538,300.1416942822452,309.2833986247868,74.99999999999999,-22.62000000000002,-103.63247237682332,-98.18420141190293,-110.31542272911092,-38.78882215946006,-82.4516810135546,-62.734219169041815,-27.00392231311157,-0.10075692557719589,-1.6362924713736613,3.0
2407.47048,870,6428.456745,870.0,1422.3045219213188,318.84517444487966,336.0788792079078,87.45000000000046,-26.27000000000003,-112.83182495117202,-112.67316745370628,-116.20814703835298,-43.606575262870344,-110.60462742006405,-71.07581085296715,-33.937942279571615,0.1595681497464975,2.776485805589057,3.0
322.979763,168,6435.610348,168.0,137.08393217200998,59.6027088009171,62.41869680382767,15.150000000000025,-4.289999999999999,-19.098501224517822,-29.78572745621204,-24.095308967241294,-8.889273824873118,-6.9286964407247496,-20.03033532055956,-6.157731968593351,0.23617075877040827,0.7935337494685718,0.0
2218.50203,801,6468.870893,801.0,1267.5739964715103,293.8602966240505,309.5292529825949,86.70000000000043,-18.17000000000002,-105.12773848533632,-99.3059518948197,-110.2351665904194,-39.68361653841944,-82.24682322036426,-53.81692404036632,-31.575295535975386,-0.07996207732499692,-1.2809924787464506,3.0
2615.341029,1000,6510.168991,1000.0,1426.8313259385218,375.5645718664122,388.82278488611826,98.55000000000088,-29.820000000000032,-132.07121562004096,-123.49956068992603,-131.20217726957867,-49.8287703182896,-93.77262602830854,-76.68780415604377,-37.54549933806925,0.013788135548668567,0.27576271097337135,4.0
2244.233001,702,6539.817392,702.0,1538.8032724784784,242.03809416395106,278.2219777800096,73.49999999999993,-14.85000000000001,-94.85342207908623,-82.63842409253112,-96.76149205968373,-34.76257944313431,-177.3697246144265,-57.047681908115344,-32.047019117080666,-0.013017847201400473,-0.18277057470766267,3.0
1848.896382,655,6566.462676,655.0,1127.5911589035286,232.68324167245342,254.1648796424164,67.4999999999997,-15.930000000000007,-84.87695893764499,-85.9067237187177,-91.1719147407474,-32.216287734766695,-110.97725313434887,-42.8288320643938,-24.134927890566566,0.2182656446494674,2.859279944908023,2.0
1658.430982,633,6593.55259,633.0,952.4726714050644,230.24556237888706,245.61243177979244,62.24999999999959,-19.77000000000002,-80.62641898632053,-86.12548994421962,-86.511054671125,-31.284292897346244,-86.01666467321824,-52.15533447302757,-22.66042835710838,0.2804774283980551,3.5508442435193777,3.0
631.172628,232,6603.395617,232.0,395.7836797073857,81.20387707959426,88.03586683786153,22.649999999999963,-5.320000000000001,-29.14963013172149,-35.56415169723332,-31.36256185002752,-10.29250588520351,-46.55278098365835,-20.91192111613992,-9.34724417996239,0.40109987456226787,1.8611034179689228,0.0
1251.4387,439,6621.545485,439.0,783.4047126528293,154.69719600699165,169.37862528474713,49.34999999999971,-10.550000000000006,-57.18330620765685,-56.548886918276565,-61.081432498964936,-24.206925223458377,-85.82024979918535,-32.302612763756926,-16.698420763478676,-0.5387741329522724,-4.730436887320951,1.0
1245.087179,441,6639.727678,441.0,767.0032578114183,155.37862815883014,168.3695317007131,44.09999999999976,-11.930000000000007,-55.72310061454778,-55.220379054546356,-62.357747669732504,-23.880493264856373,-75.83466496380066,-30.103595248315372,-15.714257379859202,-0.42966866510497864,-3.7896776262259118,2.0
1000.128561,361,6654.35626,361.0,615.1827390745532,126.38702525086443,140.39418854735948,35.249999999999844,-9.960000000000004,-47.2086658477783,-47.8871967758983,-49.66353020524772,-18.842973444357494,-63.11970970243185,-26.398483650655244,-15.004831749023028,-0.3461428151982942,-2.499151125731684,1.0
2580.298852,865,6690.557144,865.0,1660.5006086583744,306.1279761679065,339.59219376555853,95.55000000000076,-23.52000000000002,-114.92715636253362,-109.70128638148314,-116.89720335086515,-43.84374335966986,-169.7622080090306,-69.31258632700226,-38.5077428567247,0.14846947143321876,2.5685218557946845,3.0
1761.273592,600,6715.789495,600.0,1089.9521951223396,212.35969990348818,234.02376322490937,68.24999999999973,-14.72000000000001,-77.55205596446994,-73.31292542293676,-83.25200490006065,-28.456990441147994,-99.01592767103352,-43.12145399452503,-23.880707536321104,-0.3723395011601794,-4.468074013922153,2.0
1475.333861,529,6737.810498,529.0,895.6819597198587,186.77877901326087,204.07223879482987,59.09999999999962,-12.950000000000006,-69.70298243999478,-64.27086508683864,-72.84302900078295,-26.489518751894934,-98.02601945649121,-35.20012067228829,-19.816580674490506,-0.4176305303618152,-4.418531011228005,2.0
193.398684,100,6742.45966,100.0,95.21032609699571,35.22257899130719,34.92174999787771,5.5500000000000025,-2.67,-11.550712485313419,-21.32005106508733,-15.27504027044034,-4.526916035139381,-8.68864207920397,-9.342976059157706,-4.131632666444202,-0.01643038012665296,-0.03286076025330592,0.0
2146.869589,823,6779.0313,823.0,1189.4189787497123,296.6154417239981,318.75970648332145,78.90000000000013,-27.780000000000026,-105.07044524192807,-104.74877750724539,-112.00673235335827,-39.34785992791654,-86.00914954136172,-55.635512465823666,-29.226061138557505,0.09804255835635996,1.613780510545685,3.0
76.830257,55,6781.274472,55.0,31.524825813966356,17.75133511873365,16.2947226065051,3.7499999999999987,-1.3,-6.68361629962921,-10.538241443037988,-8.361862269355855,-2.699061914048195,-0.9990953524696082,-14.589182847498321,-2.3195662838231574,-0.01783910485418845,-0.019623015339607298,0.0
1072.34035,369,6797.078771,369.0,679.0752269247076,126.9178639998965,142.71833541816784,39.14999999999981,-10.48000000000001,-47.97016477584833,-46.899054912850275,-50.50465236985369,-18.776828173637302,-68.39435222957151,-26.305256123247297,-15.190767738559114,-0.35942513985010766,-2.6525575320937946,1.0
2507.00811,862,6836.904986,862.0,1507.878919905346,308.93629052215556,336.46665985606944,93.7500000000007,-22.400000000000002,-111.2539975404738,-102.98255507647998,-119.03213668812492,-41.274852970234086,-118.08010341282963,-54.144511323986336,-32.85560375404394,0.1478872471195466,2.5495761403409833,3.0
810.928999,312,6852.835481,312.0,469.50380816239345,111.73963744230755,120.80888458990357,29.849999999999895,-8.280000000000003,-39.92108309745789,-44.677544407546534,-41.1709598229966,-13.326008679082278,-41.82778132000855,-32.04029162425147,-11.729662404040035,-0.2191033641287439,-1.367204992163362,1.0
2651.634081,1000,6900.444832,1000.0,1446.8660194666147,371.0021329665972,390.9350143200246,95.85000000000078,-29.170000000000016,-128.49416968822467,-122.64188516512512,-131.7002460291712,-47.61108021245486,-88.45237864676757,-68.55962060729887,-36.38970574698147,-0.09115868045694972,-1.8231736091389945,3.0
472.283888,175,6909.672075,175.0,313.42561907754316,58.16417694817382,65.70671413600257,17.55000000000001,-3.859999999999998,-21.488646898269657,-24.281161013245587,-24.273062890685527,-7.552851376875995,-48.55895882340605,-20.831916238735296,-6.716024873439868,0.38968039803907584,1.3638813931367655,0.0
1768.776491,620,6939.168513,620.0,1084.9641275166446,223.9331802179765,239.63838132969894,67.64999999999971,-14.390000000000008,-79.88746931552878,-76.4022191438824,-86.97992578365245,-32.139732416299054,-114.81171550709419,-39.239627703770054,-23.558508137251437,-0.23976038702835933,-2.9730287991516557,3.0
2322.210723,778,6973.729598,778.0,1427.7058748430588,277.5661188552034,305.7255272732456,84.90000000000036,-21.450000000000035,-102.21266761302954,-93.07172758057706,-106.12607621344262,-39.642920521253,-112.10575511896633,-47.56134816559667,-29.5163025512662,-0.11775692842836,-1.8322978063452817,4.0
1780.109267,636,7003.582489,636.0,1048.2736978652501,232.73323540497853,245.1026460590376,68.54999999999974,-17.080000000000013,-80.87894371986394,-79.08768364079292,-87.43203114150975,-28.750056126714682,-89.47707771071163,-44.89161864039688,-22.952901107030257,0.034810438320374,0.44278877543515727,2.0
2121.523066,740,7038.811566,740.0,1290.9844636791702,264.1179095479472,288.3231132170766,77.55000000000008,-17.67000000000002,-97.68170254230493,-90.08581651449215,-101.97772721620508,-35.85603299453534,-114.33055190164055,-51.51160537036529,-30.33898406958744,-0.16821627582050436,-2.4896008821434648,2.0
1454.030909,532,7065.431553,532.0,875.0911708173593,189.94395708493226,208.3377517540143,53.39999999999967,-16.170000000000012,-68.79526840686799,-70.81451965793961,-72.04048807816427,-26.966310306186674,-81.51043469034441,-47.569556059779636,-20.875393648278653,-0.16257282691023767,-1.729774878324929,2.0
2276.437034,815,7105.191468,815.0,1367.2035640295053,290.04929781493496,318.6961462617961,84.30000000000034,-22.340000000000025,-108.2084171533585,-100.9810183688998,-110.61135594843968,-40.26557524114863,-120.8695135189962,-61.79859648042344,-33.73749779788712,0.3833335351566095,6.248336623052735,3.0
927.301812,306,7118.852597,306.0,606.1193061669541,103.6622554551348,119.19834985873446,35.84999999999984,-6.930000000000003,-40.317792387008645,-40.98168712928891,-44.213901199537624,-16.504305968079784,-61.45769089983798,-20.155579774922995,-12.967142081369985,0.6001432243307592,3.6728765329042465,1.0
814.194431,303,7132.663622,303.0,502.5380447727837,105.95343258638475,116.15202218255595,31.049999999999883,-9.730000000000006,-39.158035402297976,-41.13037959486245,-42.00131263007605,-14.956691640151732,-61.58440894582666,-23.71631771964192,-12.221922257165206,-0.411289124211904,-2.4924120927241384,1.0
1176.223657,408,7152.162686,408.0,760.3122940190156,136.59331954501172,158.3122182632872,43.499999999999766,-9.250000000000004,-54.45564889907836,-48.51242605373265,-56.52440074653707,-20.654289671753894,-95.35323880517474,-28.211007220744236,-17.533163620848192,0.3753247422887173,3.0626498970759335,1.0
1076.044022,395,7169.370066,395.0,632.7843783073373,144.9249623272873,151.05963893785605,38.69999999999981,-12.260000000000007,-50.67610375881197,-55.168749605119224,-54.268106245230456,-20.295548156888604,-45.93544346109511,-31.127989784371117,-16.6930167108791,-0.09728560717375577,-0.7685562966726707,1.0
1312.324361,486,7192.288316,486.0,758.9725135582181,174.91451994671365,187.12471875477368,51.44999999999969,-13.91000000000001,-61.21090785980227,-65.25577826276414,-68.22780532743789,-22.422100120266304,-69.84734411354987,-27.358446191652924,-17.90500964039635,-0.2776157212181278,-2.698424810240202,2.0
1161.003959,450,7212.833691,450.0,645.3385139691744,165.52388618271056,173.37502238918452,44.699999999999754,-15.180000000000014,-56.408996124267595,-57.913832098245635,-63.49821626269525,-20.53503843986636,-46.80247157363309,-40.90923883528243,-16.68567045711599,-0.37458565258367904,-3.3712708732531116,1.0
1121.151776,397,7231.711857,397.0,690.7272558890807,139.88099217403393,152.7335157570464,41.399999999999785,-11.990000000000014,-51.106971545219466,-51.0702115125954,-56.55571335669528,-20.37595176663369,-63.90716554344339,-30.62002787667909,-14.963946394477166,-0.25853697887476895,-2.0527836122656655,1.0
1915.296415,674,7261.276323,674.0,1178.9024751757481,234.5788496064117,264.37546778086005,71.09999999999984,-16.48000000000002,-89.26314697742458,-84.05333787016582,-92.14091092326582,-33.852307240618174,-109.72190375462498,-55.39738118545183,-26.75138982999649,-0.31252418086100786,-4.212825958006386,2.0
1118.790826,357,7276.629956,357.0,774.3343111657955,121.72671134237379,139.26558387436071,39.14999999999981,-8.320000000000004,-48.174435238838186,-45.13936520665879,-50.39360930374975,-19.806967535684006,-98.15502369041627,-26.562155146381212,-16.134224198431653,-0.2775847467255433,-1.9819550916203792,2.0
1881.884769,646,7303.868928,646.0,1153.133279693154,232.2581233726949,249.96287987134812,73.04999999999991,-16.810000000000016,-84.74402520179748,-76.12972877994183,-90.27655309727676,-32.27861765105283,-98.85711211020345,-47.12998691379222,-26.2934906424776,0.05697339952368399,0.7360963218459972,2.0
1071.553161,366,7320.605332,366.0,678.8522680257782,129.26715142202147,142.57836418301451,40.79999999999979,-9.190000000000007,-47.84149847984313,-47.04828267544506,-50.37332956829584,-17.155160434924067,-68.9212925106494,-30.81023909310613,-14.604820030623703,-0.2667824630630997,-1.9528476296218902,1.0
1276.009107,455,7340.14925,455.0,769.7088945826567,164.83813271667452,176.35177746876212,47.54999999999973,-12.410000000000009,-58.403842592239435,-55.86840416491036,-63.21483937783616,-22.465760944868677,-75.84671658817871,-31.49426441436029,-17.73586990508056,-0.23497644836096848,-2.138285680084813,2.0
888.138449,318,7354.246241,318.0,555.7215138149774,109.08895730882747,122.66457446962275,33.89999999999986,-7.4700000000000015,-40.75322530746457,-42.219473497569574,-45.39113378952492,-16.06654449190056,-60.594450991205456,-26.297689922911978,-12.444078844143016,-0.43861570722147886,-2.7895958979286055,1.0
1387.144742,499,7377.11744,499.0,861.4078355063267,176.48954093725916,193.45949286010062,52.049999999999685,-13.430000000000014,-64.20284128665921,-67.58074441328645,-68.06447338215723,-25.295250657723397,-93.7653423749727,-42.153589130946294,-20.769885619234557,-0.48114568509967315,-4.801833937294738,2.0
227.152337,105,7381.745093,105.0,141.39849654419982,34.7574295225001,37.89442872775121,7.6500000000000075,-2.9699999999999998,-13.067980089187616,-18.69820930957794,-15.340183614556095,-4.605746937357356,-23.713571459298233,-16.776796191257308,-4.375530550238849,0.6029294654208803,1.2661518773838487,0.0
2966.450243,1000,7424.585374,1000.0,1829.8419671398374,364.2917242481397,395.4290589278885,110.10000000000132,-27.140000000000015,-133.98349852561958,-114.70094055086388,-135.69150156405198,-50.138756169495544,-155.41065025603862,-73.57540068164428,-42.57175978067918,0.025879122753079825,0.5175824550615965,4.0
1279.320045,457,7444.167399,457.0,790.1799820394727,165.11484399833245,174.28606653129694,49.19999999999971,-11.180000000000005,-57.67332658767699,-61.383981701359154,-65.63851799442567,-23.508430073124842,-81.06405423440745,-38.47423208957495,-17.538304883475966,-0.4507063940784312,-4.119456441876862,2.0
823.669749,296,7457.178185,296.0,531.7970308273502,101.10495712945817,112.21978762715945,32.09999999999987,-8.570000000000002,-38.55150517940523,-39.23112383112311,-41.72519901877924,-15.643864586473766,-66.8490691253187,-26.34585951715903,-12.635405078879783,0.7037999886307915,4.166495932694286,1.0
2139.547048,725,7487.721964,725.0,1327.383384661439,262.350898594869,280.9274083647398,81.30000000000022,-17.870000000000015,-93.2062035226823,-88.73471367582677,-99.78349250079782,-36.11232100253997,-119.11843291037104,-53.04820337791411,-29.54127672172953,-0.16995062471045908,-2.4642840583016565,3.0
1822.48756,655,7515.705793,655.0,1093.5231025536605,233.6257602440267,253.49585092400295,68.84999999999975,-17.280000000000015,-84.63479059219374,-78.73708213195208,-90.94728839501651,-30.839386461129372,-101.28983225880637,-52.28803410694558,-25.990739289778283,0.26322091011830445,3.4481939225497884,2.0
691.294388,247,7526.167621,247.0,452.85095457777845,83.86655146195481,95.14542980399874,25.19999999999994,-7.340000000000003,-31.34262625694276,-30.698706683516487,-34.37714510823929,-12.74965398460449,-65.82787478309463,-19.743592251301333,-10.688948340432285,0.14791940284052596,0.7307218500321984,0.0
2894.690863,1000,7568.102971,1000.0,1737.161186788078,368.8465375215701,392.86819401556244,107.55000000000122,-23.47000000000002,-131.58522119522095,-120.12215853258981,-138.78806440645386,-52.204778580079434,-131.36762712517015,-73.84406751556232,-40.35313755264341,0.26289130007935074,5.257826001587015,5.0
728.298941,273,7580.037644,273.0,435.49914563040045,95.28015558104435,104.48782947879893,27.899999999999913,-5.550000000000001,-35.28103106498722,-38.283883921056976,-38.283436548778646,-13.08021605791581,-41.9370342910078,-24.532153114223963,-10.920434966555387,-0.4376359818301107,-2.3894924607924044,1.0
1606.52311,610,7606.532974,610.0,874.8402932418131,226.89557758582825,233.09345947243852,61.1999999999996,-20.31000000000002,-75.73489482879633,-76.5604784652591,-83.19756736556393,-30.928990608801747,-58.435881427187276,-33.73031476499735,-20.608093288206476,-0.10805733170838368,-1.318299446842281,3.0
323.530639,132,7612.152243,132.0,187.31315414509717,42.87965047567555,47.669458210515636,11.400000000000016,-3.5499999999999985,-15.79192764759064,-17.7111552670598,-17.960697269014375,-5.169721233273242,-21.576754822090173,-11.921212742512887,-4.0501548589489795,0.15088532090094203,0.398337247178487,0.0
776.010256,287,7624.743235,287.0,482.8249141377633,94.58002235823338,111.93655452513569,32.09999999999987,-5.700000000000003,-37.769604692459126,-33.95847232043744,-40.154618799283824,-13.109976214316369,-68.14806843421724,-22.149730485639047,-11.44076369899995,-0.2082918329764521,-1.195595121284835,1.0
1023.093597,378,7641.200846,378.0,602.002577209815,135.4584999574503,145.10410405456554,39.5999999999998,-10.33000000000001,-48.43765539646154,-46.80936780422927,-52.80314856415464,-19.631997554449303,-58.644841105148224,-26.60721121127501,-13.807362349226805,-0.28343483609803377,-2.1427673609011353,1.0
446.391254,175,7647.812264,175.0,275.1088744692869,57.88237783729997,65.91475618975555,14.550000000000024,-4.739999999999999,-22.539085459709167,-27.76155785918236,-24.98664671938201,-7.60590261100712,-23.037674663606563,-24.834874838670736,-6.559012423047791,0.48137352292884966,1.6848073302509738,0.0
1198.306227,464,7667.562692,464.0,669.9878763535406,166.22365143620087,177.81870241724275,46.649999999999736,-14.32000000000001,-58.54856120586394,-59.93352402150634,-62.816634840518596,-22.223936252718424,-57.33645442316311,-33.886520983617785,-17.308371835827014,-0.32229739745482444,-2.990919848380771,2.0
2823.250358,1000,7710.47408,1000.0,1635.8586167741569,369.0214940168314,392.9640889687036,109.6500000000013,-27.100000000000016,-130.8102180337907,-116.49826470427217,-138.27781463858315,-49.47278549002154,-111.15727741205077,-73.54723435330544,-37.38024719131891,-0.0708884667299853,-1.417769334599706,5.0
694.481944,253,7721.207747,253.0,433.29938303240925,86.53883978122968,95.90679064649837,26.24999999999993,-7.580000000000002,-31.13066360950469,-31.576781871169814,-36.24507332908421,-11.412421475673865,-54.88037384365912,-18.687351944001787,-9.000403546368545,0.11235744524400906,0.5685286729346859,0.0
377.794588,143,7727.268111,143.0,235.77326703998946,49.14124808730139,53.760493138616326,14.100000000000023,-4.38,-17.848615651130686,-20.684666000306613,-20.05359673938109,-6.948150809316289,-29.69264194329949,-12.686799881187167,-5.685949680845947,0.47474017359866205,1.3577568964921733,0.0
1351.194862,467,7746.530969,467.0,833.6002988457025,165.6922702935827,177.83586614672583,48.59999999999972,-11.740000000000004,-61.4631246900559,-55.234925025701536,-64.92665783687231,-23.716024314041665,-72.80382112055885,-32.42536715729602,-19.223653288020525,-0.42282469781435733,-3.9491826775860974,2.0
1104.789463,426,7765.03785,426.0,627.6655173251856,153.8933389474831,160.86908712788548,43.499999999999766,-13.040000000000013,-55.017062487602246,-56.8225307911634,-58.76123813413121,-19.528951232358985,-46.14119490077578,-41.51922579650356,-16.308276687667,-0.17388297916692588,-1.4814829825022084,1.0
2580.302626,1000,7808.075767,1000.0,1365.385412358271,370.6920044325478,389.20270417701164,103.95000000000108,-30.420000000000027,-128.73371214866626,-119.10246389061206,-137.4451642690035,-47.08308563796698,-79.08375816834346,-70.94401361090124,-36.11529752266203,0.07644867356468929,1.528973471293786,5.0
576.1709,227,7817.511984,227.0,325.518432412969,79.94274638079587,85.12911641579223,19.79999999999999,-5.620000000000002,-28.330741024017335,-32.708528919517974,-31.042295232069424,-10.27808129079512,-28.277130410497787,-17.38428399534401,-7.5783338809972625,0.14223614744919563,0.6457521094193481,1.0
1199.967316,416,7834.30445,416.0,762.5836171194022,147.758221677732,158.86144938902854,45.29999999999975,-9.370000000000003,-55.503565053939866,-51.25647775735701,-58.26566878869081,-20.303009375632822,-77.81783766468585,-40.4527141994423,-17.56669946234289,-0.331149861561552,-2.755166848192113,1.0
2619.612446,1000,7876.388945,1000.0,1443.863654469607,366.46203861446656,388.8408802761356,98.70000000000088,-22.08000000000003,-129.82504052639007,-118.71486241482214,-136.96926130195232,-49.908653114666095,-91.25551080302512,-90.96498131204996,-38.53581792098899,-0.09773563981399486,-1.9547127962798971,3.0
733.914997,264,7887.613243,264.0,455.0520057565389,93.0480292726526,100.38094037897004,28.799999999999905,-5.409999999999998,-34.201285252571104,-35.62565741017464,-37.44400228963208,-13.598654773456357,-48.66192090227783,-21.662708105346628,-10.76174951848509,-0.09967278152936575,-0.5262722864750512,1.0
922.887507,336,7901.806074,336.0,568.7146337640969,117.2274734289809,128.939267981835,33.59999999999986,-9.140000000000004,-42.558471899032604,-43.720826966874334,-48.2743292852616,-15.446485748281026,-63.5769978148827,-25.73869808152145,-13.138058666674175,-0.3589827147421257,-2.4123638430670846,1.0
1062.176659,354,7915.855663,354.0,694.2618962478566,122.26470234549716,138.33185451227914,38.249999999999815,-9.400000000000002,-48.202094249725334,-40.87951260283588,-46.786342140640784,-17.616315293779216,-80.57328504153872,-25.32353514927133,-16.15070944871158,-0.28443487166705583,-2.013798891402755,1.0
614.754838,212,7924.878732,212.0,403.4403501713426,69.64802376106549,80.8284413939961,23.249999999999957,-5.15,-27.199280900955188,-25.652496711164712,-30.132214576736132,-11.743826168064727,-43.368850673955194,-22.922971610445806,-8.242336257048398,0.6417423206612501,2.7209874396037006,1.0
1404.770828,578,7949.255872,578.0,721.0945529498425,211.7077597702841,222.55589425334315,56.249999999999645,-17.460000000000015,-74.51294432163236,-77.9480169944465,-78.0865652228007,-27.703284386025803,-39.98664581655064,-47.65086926465619,-21.489052990531608,-0.1694778400987373,-1.9591638315414033,2.0
782.803767,274,7960.705912,274.0,493.8631337767648,95.29255901224425,105.40360628074684,29.699999999999896,-5.300000000000002,-35.4235416173935,-32.653549429774294,-37.36933059309788,-12.409178666790263,-60.60612642149548,-21.334248140551015,-10.359556733304384,0.11894934610297181,0.6518424166442855,1.0
1338.801891,477,7981.202003,477.0,803.5081068022196,172.0906175472256,183.74465050543242,51.899999999999686,-11.740000000000007,-61.808576827049286,-56.7535738885403,-65.73209088632773,-21.645723975593548,-70.75204461212438,-41.855115191747984,-19.154358016875573,-0.17092250318452265,-1.6306006803803463,1.0
1029.732683,352,7995.283231,352.0,669.9084297584307,119.82453296107367,136.76117637856896,35.99999999999984,-8.650000000000004,-47.42892285346983,-39.97727481275794,-48.659410205075396,-17.12267357624396,-83.58435291417923,-22.998205161657324,-16.340616933362426,-0.4432082159960251,-3.1201858406120166,1.0
882.678391,346,8010.204917,346.0,497.2392585802647,122.02619134736585,130.11661845995798,33.74999999999986,-8.650000000000002,-43.056062068939184,-43.88306561410426,-48.59085570543994,-16.149153275142144,-42.89055099415219,-30.80246027590629,-12.431529809487111,-0.12918554060540083,-0.8939639409893737,1.0
438.021579,261,8021.393129,261.0,177.96006493372116,93.16082228143162,94.86255685429195,18.9,-8.030000000000003,-34.50757864952089,-39.93965883329509,-35.398392296070774,-13.129592391178104,-12.566915748839168,-55.21258340080125,-9.077143993464876,0.13394282823216114,0.6991815633718811,1.0
1212.668518,406,8038.415227,406.0,804.7824798215235,138.98562524757375,158.91268198860837,45.89999999999974,-9.200000000000006,-54.81004321098325,-50.1492208112032,-56.0335146869103,-19.50268870439088,-102.17298374838485,-30.682173503051047,-19.361644466622792,-0.2085476808609626,-1.6934071685910164,1.0
1159.155305,442,8057.631323,442.0,654.8813090611876,156.9147416943735,166.93904189886547,44.699999999999754,-10.550000000000006,-55.63337964534759,-54.726458001136805,-60.67743502598523,-20.010927367787477,-50.046809275265446,-38.47662271417147,-16.15815600602442,-0.07051550204981544,-0.6233570381203685,1.0
2792.655496,1000,8098.305063,1000.0,1597.303382723057,370.5895162361243,393.8690999899608,103.65000000000107,-26.96000000000003,-131.31914349079136,-116.11406871639198,-131.5164175043386,-49.89685292422167,-108.45116106258824,-68.29527822334123,-40.203580895554936,-0.053976766755656116,-1.0795353351131223,5.0
890.418937,310,8111.430131,310.0,584.1788905780513,105.03903222686105,119.94223219816573,33.29999999999986,-7.410000000000002,-40.228809838294985,-38.40332228541372,-44.27200249700493,-17.092055517757476,-73.79518088333903,-27.87392118988498,-12.965925650832657,-0.15568748696508064,-0.9652624191835,1.0
2173.850923,727,8142.137605,727.0,1370.0552701395486,256.322496504822,284.5180483793296,77.25000000000007,-19.740000000000016,-97.69789850234986,-88.98865651935336,-98.79000645822443,-38.536864069994124,-107.81909389554063,-57.33710515688265,-32.38526746067385,-0.07059911986589242,-1.0265112028500758,3.0
1169.550897,413,8159.29498,413.0,727.2821143149579,142.04357004560535,159.2230518944962,41.99999999999978,-9.340000000000007,-53.47043271064763,-48.53380478620529,-56.86827870051979,-18.570950923690695,-75.0569147688834,-34.19869775569047,-17.958759273802748,-0.2837034039137345,-2.343390116327447,1.0
443.584396,171,8165.803228,171.0,267.41432053383585,54.332094150175344,65.10383096440222,17.55000000000001,-4.2299999999999995,-20.852890605926525,-25.152149745821948,-23.20196842051349,-7.770107792706211,-28.473002264750477,-15.8832487234725,-6.252481902871884,0.16567346846216266,0.5666032621405963,0.0
1041.113955,414,8183.482662,414.0,556.3772801596408,151.981005709481,156.8090813564158,41.24999999999979,-11.260000000000009,-50.56627570152288,-55.20883263647558,-56.7374338618319,-21.121588377984235,-37.53351836401069,-32.343700495274604,-14.532062701500905,-0.06968626801889312,-0.577002299196435,1.0
2159.63178,744,8215.030042,744.0,1340.7531229190924,262.11498035846427,288.5183375530827,79.95000000000017,-16.09000000000001,-98.77583474636089,-85.85318240150809,-100.27102323886348,-35.2687505406608,-129.48796661684787,-58.43319200376836,-31.524711074809762,0.09584307627591895,1.426144974985674,2.0
447.581212,163,8222.037259,163.0,299.5015085162139,49.79678952022969,62.51932290468107,16.65000000000002,-3.6099999999999994,-21.06244318962097,-21.39624606091529,-23.01382545747671,-7.450160045583075,-44.55348182996472,-16.017852248481706,-6.782399973344457,0.8792070529385729,2.866214992579748,0.0
2709.845106,1000,8263.552971,1000.0,1511.2049194319086,370.8125035814476,391.039528946758,104.5500000000011,-28.74000000000003,-128.07883743762972,-119.32796177268021,-136.43342605419423,-47.42182316555116,-96.67307920006758,-74.08827028305701,-36.99844805316369,0.1360335754711641,2.720671509423282,4.0
2659.359538,1000,8305.620909,1000.0,1428.6158561633604,366.0604962244267,391.31880891362107,110.40000000000133,-23.180000000000028,-128.5822845554354,-112.05353094488366,-136.5127419695708,-50.27422989865259,-86.89028998546087,-62.44848815699518,-37.09405751327177,-0.023809252657704175,-0.4761850531540835,4.0
1537.870453,541,8328.326667,541.0,955.6602153134696,191.2067424989935,210.0406145925353,58.64999999999962,-12.860000000000015,-69.86913258552546,-61.301001816615496,-74.19212964388147,-29.870087054902882,-96.43954407710173,-51.50273302794548,-22.65249116454122,-0.10209417084272433,-1.1046589285182773,2.0
1119.882775,361,8342.418332,361.0,761.7929914304306,118.95691912936853,141.07040817525981,37.49999999999982,-7.530000000000001,-48.58253850936895,-41.817110050469644,-50.247658567853435,-15.880162846712514,-86.41256234271019,-33.18620943435323,-16.781302288768586,0.05101999215905094,0.3683643433883478,1.0
2383.683494,920,8381.251397,920.0,1292.6120085726366,340.09907849267756,352.33316921876855,93.30000000000068,-26.71000000000003,-115.80808160305003,-115.4487471811472,-124.70128356985558,-42.28832896196286,-77.07115205030736,-77.9317028671309,-34.70146589634572,0.03500118219012056,0.6440217522982183,4.0
707.691681,264,8395.875541,264.0,431.41740361312344,90.32639496879874,100.57725185207318,24.749999999999943,-7.400000000000003,-33.2454547214508,-33.59613186866045,-36.004178550346744,-12.085326034850723,-46.71361121071332,-23.015594830269038,-11.319072204020111,-0.18489858904385592,-0.9762645501515593,1.0
2303.48389,916,8433.459971,916.0,1193.2461198213352,341.98563883293804,355.9215537778147,89.55000000000054,-28.170000000000034,-114.82700361251818,-116.91797056272628,-123.31565545796313,-42.318018902152275,-68.69755247851619,-64.4142611284724,-34.55896076444103,0.028770152860824922,0.5270692004103126,3.0
2593.895931,1000,8475.617121,1000.0,1381.3805485606429,371.47661340882036,385.79081022174785,94.65000000000073,-23.830000000000037,-127.66938000679016,-111.42740130964653,-135.0923880567781,-47.343569844639916,-87.51584017929562,-71.21882055867704,-35.30464130677569,0.017055070938298236,0.3411014187659647,3.0
1341.244489,498,8496.854489,498.0,791.758434358986,177.716990456502,191.46296403954508,48.899999999999714,-12.890000000000008,-64.9186981058121,-57.24530299678445,-67.65130083217915,-23.52776257882165,-75.63901526638409,-44.80061291858716,-19.921207200594843,-0.4271345663556079,-4.254260280901855,2.0
825.019756,270,8507.451704,270.0,543.4378518341189,94.98058798104427,100.97596109783906,29.699999999999896,-6.260000000000002,-34.48886110067368,-34.23304335288704,-39.09291404373931,-13.524069302747188,-59.179925029617,-16.09458701444848,-11.201244705541564,0.6622025635948993,3.5758938434124565,1.0
560.811552,200,8515.980661,200.0,354.71521790372447,70.52944035995722,74.70906517730415,20.099999999999987,-4.03,-25.039813656806945,-25.23480651006101,-27.047421588387646,-9.491958661044498,-44.36954256048265,-16.31618341724453,-7.712445038111489,0.25491188358008254,1.0196475343203302,0.0
2673.422527,1000,8558.538817,1000.0,1469.7077926941413,367.8904037905392,392.2810000737281,101.40000000000099,-28.390000000000025,-127.46006470680247,-121.94930610060698,-132.2098452810124,-47.648162515184275,-92.74648690615577,-67.69823253706546,-39.754571800163646,-0.054980481383239396,-1.099609627664788,4.0
457.570596,154,8564.909559,154.0,318.2605436782775,50.75330233555606,55.700609007002534,14.850000000000025,-3.7399999999999984,-17.95884150505066,-21.03128670975566,-23.11246895818599,-8.314763056914982,-43.368018232510565,-12.783432391414443,-5.685047731933357,1.021021928434563,3.144747539578454,0.0
2666.561847,1000,8607.126754,1000.0,1465.4961163257408,367.61688073776554,393.14095086250876,105.45000000000114,-28.280000000000033,-128.48626566886895,-114.72093060538171,-135.19531128302512,-48.173947292226366,-93.26459901577783,-78.14693237873475,-38.874114803560545,0.09246772563407704,1.8493545126815407,4.0
2423.199519,894,8644.667959,894.0,1397.644178036815,323.254412625835,348.8774416066036,93.9000000000007,-25.42000000000003,-114.28600866079321,-107.11785272601992,-122.62799556785417,-43.16331203497214,-122.11155369039963,-65.43875309693605,-34.31103782164447,0.03177840112594994,0.568197812131985,4.0
662.558669,265,8655.428503,265.0,382.01822071043534,97.04228819596315,101.77520937549089,23.549999999999955,-8.600000000000005,-32.388357462882986,-37.493223380297415,-35.05615177117166,-14.465528998430559,-47.41381009929545,-22.0612193913545,-9.348758470180009,-0.5135132073957996,-2.721619999197738,1.0
1298.469694,428,8673.286426,428.0,849.2253223354539,145.38203722504014,167.41587108208515,46.49999999999974,-7.750000000000003,-56.890264062881485,-49.06114312838766,-59.16023113281592,-19.290308244526802,-90.63610067629251,-33.97095382738386,-21.294535935151377,-0.22465901171139988,-1.923081140249583,2.0
2527.638028,946,8704.739179,946.0,1434.765037776158,342.9477277946115,367.09822720829493,102.00000000000101,-26.180000000000028,-121.6352527475358,-109.51495724469419,-131.42136897519853,-44.87607887398342,-119.86988816789919,-73.98400524765714,-37.691413601290485,0.1688185563520297,3.1940470861804022,4.0
1512.07328,524,8721.725079,524.0,940.7560948893524,186.10535925012894,204.8053661702227,57.149999999999636,-12.730000000000008,-67.47130862712865,-66.04981191381817,-71.94792642655568,-26.655386175856027,-91.92165272553295,-41.793998080280296,-22.17345672043236,-0.3878473285255285,-4.064640002947539,1.0
1581.563894,638,8742.38661,638.0,827.3091058933296,231.92314241747042,244.25607434107238,62.699999999999584,-17.67000000000002,-80.65010149478914,-77.05789939910174,-86.02979212991889,-30.89634405434384,-51.93201430095094,-55.157639306354255,-23.23063785404058,-0.14024076623895415,-1.789472177209055,2.0
2197.441487,823,8769.318536,823.0,1213.434229770326,301.25308128422864,317.33110309592166,90.75000000000058,-20.440000000000033,-106.03502122402175,-96.40396476052703,-112.65147458448376,-39.21518521032545,-79.15276222891174,-62.59862868006969,-31.829890851851257,0.08262916705302577,1.3600760896928041,4.0
2610.103218,1000,8801.897119,1000.0,1374.5760095932153,371.71395543380976,388.81355479394074,103.95000000000108,-20.57000000000001,-128.19482529163358,-114.0026194754987,-134.75263990257156,-45.46789171995057,-79.73319576864964,-67.69401921845453,-38.53511044718702,0.03297145280456172,0.6594290560912345,4.0
1172.168687,433,8815.955041,433.0,683.7625887496506,152.8785688603303,167.42622540484533,42.74999999999977,-11.610000000000007,-55.6114621305466,-53.32921300381424,-60.357447944053426,-20.83278753504379,-55.599418853162554,-32.771336909253755,-17.537030025082473,-0.21684917580504012,-1.8779138624716474,2.0
927.646498,353,8827.526917,353.0,551.5331720174586,125.47076357573873,133.66507536568338,35.54999999999984,-9.010000000000007,-44.758937683105486,-43.23712005391714,-48.82125519286796,-16.843569634115063,-73.49289250852848,-22.640756833821392,-12.767980984101,-0.10860586112471736,-0.7667573795405046,1.0
2640.74127,1000,8859.92929,1000.0,1426.4217910644766,371.0590336218092,391.75980087514455,109.95000000000131,-29.410000000000032,-128.14648391246791,-119.72796280905621,-132.79025916037338,-48.56299764391525,-85.78833861888155,-75.35441062300656,-38.6689024573467,0.0011988700959416794,0.023977401918833588,4.0
940.833209,343,8871.1433,343.0,575.991751616282,121.09899131371212,132.69594765489452,35.84999999999984,-8.600000000000003,-43.46130534648898,-40.397420419380055,-46.050873254580495,-16.765864144688177,-68.70815924937759,-29.496858653772737,-14.323000826485767,-0.19993884778051482,-1.3715804957743318,1.0
685.650432,230,8878.588136,230.0,465.09566119166334,72.36188765231793,89.77787878335879,28.799999999999905,-3.7699999999999987,-29.666012320518494,-24.961979849636567,-32.92304856563524,-11.991219708695164,-60.59109784352697,-26.789727310869456,-9.691910289330844,0.8602138977273777,3.9569839295459377,1.0
445.032111,171,8884.141456,171.0,272.20271953493955,56.86330998816616,63.871659298431894,16.65000000000002,-3.7099999999999986,-21.5680196905136,-20.88982114717363,-24.25070694327934,-7.795383965938481,-37.708473979957304,-12.339896683231725,-7.293275114260889,0.5383773391054331,1.8412504997405812,0.0
113.898285,106,8887.522152,106.0,10.979832669506763,35.76934745100619,38.27833768470748,3.299999999999999,-2.52,-14.417687668800356,-17.98994012326002,-14.940274271191745,-4.480981054672111,-2.8156072243652512,-19.77379920690148,-3.4909430652019005,0.21350535581987237,0.45263135433812945,0.0
1053.204157,388,8900.209796,388.0,609.5623421095901,136.8460639072069,149.41895706168657,42.89999999999977,-8.390000000000004,-48.87442078590391,-46.25575964525342,-53.51144563545504,-17.76957266568658,-54.80489664945366,-28.421062003202355,-15.49604866786434,-0.1303256393625269,-1.0113269614532086,1.0
1511.627879,572,8918.895879,572.0,862.4918311833706,205.75715490905853,217.66110421324106,57.89999999999963,-13.770000000000014,-71.27054884910584,-66.12786817774169,-77.77119720663057,-25.509920928205496,-87.07739206705817,-42.74493760619075,-19.910346337165333,-0.22194542531170183,-2.539055665565869,2.0
206.736981,105,8922.298528,105.0,100.26972980542907,31.886350786256408,38.26355015284013,7.050000000000006,-2.3000000000000003,-12.631721301078798,-16.945840004086495,-14.830420398682296,-3.952850786682428,-6.282168234756963,-15.163000647556975,-3.6266481541004905,-0.20445779888572854,-0.42936137766002996,0.0
2559.648289,1000,8954.820177,1000.0,1338.3147034121162,369.30371743355005,391.2749069122018,102.75000000000104,-26.76000000000003,-126.55395749568926,-117.20732357762752,-135.98272695033813,-47.32979833828691,-87.5194210790749,-63.76518127694277,-36.87663015346987,-0.019925933321083673,-0.39851866642167344,4.0
946.639915,377,8967.127111,377.0,506.8828203635968,135.31285426229925,145.04972828302311,39.299999999999805,-9.390000000000006,-46.91458850860595,-50.24597535133362,-50.61783284796878,-16.28500615825516,-33.61736683563863,-36.25620420170165,-13.578513943324024,-0.15083075850207714,-1.1372639191056617,2.0
513.816609,213,8974.074245,213.0,306.7286852835318,72.57909512748289,80.31070475528537,21.449999999999974,-5.800000000000001,-25.88768691062928,-29.733381079882374,-29.833035662039322,-10.087257793017747,-43.57480706121502,-26.15207476274849,-9.183633268449544,0.17922911865899466,0.7635160454873172,1.0
2517.113497,962,9005.383999,962.0,1376.7715536391645,350.34341725339357,370.93416674336186,97.50000000000084,-24.84000000000004,-120.08580049991612,-111.47716365121292,-130.01999787191022,-45.632485125909355,-100.61544431379828,-72.1725006825733,-35.59224876088799,0.09999385307558135,1.9238817331741855,4.0
769.072139,320,9015.759596,320.0,420.6123540350376,111.55677806453569,122.96454658252641,28.799999999999905,-9.050000000000004,-40.30919818401343,-46.99386799111962,-43.870281541662195,-14.304944386657118,-32.88955313006552,-35.47731683410799,-11.96637783025503,0.23421593576898694,1.4989819889215166,1.0
1146.219999,461,9030.783376,461.0,618.880522566924,162.17771765239974,176.97074834392203,39.299999999999805,-13.360000000000007,-58.42311584472653,-55.09461741149423,-62.421956521302356,-21.124225561444334,-53.288199626573196,-32.239512142610245,-16.157362709087938,-0.15919783387995776,-1.4678040283732106,2.0
329.262605,213,9037.661109,213.0,87.19891635731086,78.3538392615745,78.96825005805205,11.250000000000016,-5.630000000000002,-28.83322532653809,-25.42928363271058,-27.621792557667312,-8.302071713260553,-10.518555969804302,-26.995227079000664,-6.178244439169876,0.061879534183874915,0.2636068156233071,0.0
2597.90854,1000,9070.289999,1000.0,1358.571609069521,370.91730894540996,391.12210003503384,105.75000000000115,-25.470000000000045,-123.15353142738354,-115.52504980266104,-135.80786695910683,-48.87811565218321,-80.83719791753062,-63.10754875755565,-35.673167056340176,0.0788161113517007,1.576322227034014,4.0
1283.965433,589,9089.490472,589.0,579.6425673742164,215.9167271931715,225.46569601256135,49.799999999999706,-15.100000000000009,-76.23671174049375,-69.05298672839992,-76.2649365553708,-26.77975006028301,-34.748471121576735,-58.15027453164072,-19.526427040773513,0.003072676774440639,0.036196132402910725,2.0
2361.406526,1000,9122.018709,1000.0,1122.0665417156526,368.52645286389287,389.30475963821846,93.60000000000069,-28.75000000000003,-122.51850350856776,-117.40465352833255,-129.04868457738655,-45.793226578389884,-57.20033053707769,-75.95103594908232,-35.424793537417735,-0.013251453383353354,-0.2650290676670671,4.0
1483.405133,594,9141.289142,594.0,768.9337020469056,218.77701617492366,225.8309455393293,58.94999999999962,-13.450000000000008,-72.29159630298626,-71.62220885977149,-81.90778855921329,-27.702605072751272,-47.14147278895134,-48.755820651401244,-20.215038860216737,-0.028593038664266004,-0.3396852993314802,2.0
618.802307,226,9148.609024,226.0,400.2121918935916,73.69483688857778,85.09474804147455,22.649999999999963,-7.030000000000003,-28.556486248970035,-30.891883625090127,-31.85222874528355,-11.243864111632357,-51.03257822549048,-19.4377216173491,-8.804707654009317,0.7168666301388543,3.240237168227622,1.0
2664.141794,1000,9181.141558,1000.0,1428.7098686558052,371.8322402440347,392.7580896354621,106.35000000000117,-27.010000000000037,-125.21486450195292,-118.61344924867156,-133.76366109212424,-47.977837492167914,-86.78766571899229,-57.977914484797786,-38.16301157338077,0.10318840060675669,2.063768012135134,4.0
1036.681587,369,9193.089819,369.0,664.4806601945618,130.5003545119945,142.6921166106751,38.399999999999814,-8.630000000000004,-46.85862164974215,-45.77024495750663,-51.11861804514856,-18.621205892633625,-86.49844646645812,-35.57698353216597,-15.317423766258607,-0.47238625420769265,-3.4862105560527716,1.0
779.060669,249,9201.152623,249.0,518.2235400954423,85.60108326927705,95.13525571683178,28.34999999999991,-6.990000000000003,-31.823171954154972,-31.56609175950289,-35.753532704425176,-13.814456675177643,-53.9279166782148,-13.078903204678305,-10.29513714060604,0.873163995114421,4.348356695669817,0.0
1636.249742,575,9219.876884,575.0,996.6225212354515,204.40357530937936,223.6691700909183,63.29999999999958,-16.090000000000014,-73.21255579471585,-65.1116723410786,-80.79214512641934,-30.109378009642278,-92.29575150621945,-46.80843647700445,-22.32558568274923,-0.2727405784593412,-3.1365166522824235,2.0
842.279459,281,9229.057752,281.0,556.0414265976749,93.43921266818973,107.75074495281595,30.899999999999885,-7.990000000000002,-35.467573709487915,-32.56330110803247,-39.925017337061185,-14.229536454399971,-65.9369599007854,-18.603332821517174,-12.136204227777293,0.45459941249578356,2.5548486982263037,1.0
1315.032922,467,9244.288729,467.0,793.0232880764114,165.4299969262524,179.5738694727722,48.59999999999972,-11.79000000000001,-58.566595201492326,-56.81569110974672,-64.62886598798795,-21.723672414087524,-72.30015375289958,-32.57688415575367,-20.192369801586853,-0.1973951934263434,-1.8436711066020472,2.0
2296.655905,807,9270.484099,807.0,1381.1408739344045,288.75322730966843,314.75538622065454,85.05000000000037,-20.55000000000002,-103.13579167366028,-93.93335487842552,-112.04175445353715,-40.143406265874525,-125.73996668337672,-50.750253820458276,-33.74905441819744,0.12995317085916328,2.0974441776668953,3.0
861.428561,371,9282.506582,371.0,424.03543969863404,135.3095539993991,142.54958225464975,31.049999999999883,-10.160000000000007,-44.8870604610443,-46.78550292700528,-50.5366190140446,-16.58452637757419,-34.66091397026996,-25.990355586881986,-12.911036800708782,-0.13706703381440022,-1.0170373909028496,1.0
1433.485451,507,9299.066069,507.0,876.3478221843586,177.81102637629985,198.88281424616164,54.44999999999966,-11.130000000000006,-66.16883561134345,-58.612069753184926,-70.00418729555194,-25.48202254074846,-89.18839451940734,-37.922367200878085,-22.49833493464228,-0.2987250538128118,-3.029072045661912,2.0
505.666505,178,9304.903485,178.0,342.08226174511867,58.59017897059755,67.29198049640938,18.9,-4.449999999999998,-22.4189970064163,-21.2425059735775,-25.328621828920202,-9.521360829083786,-48.15892513274268,-20.63379147102924,-7.4437141584248705,0.0688198979495017,0.24499883670022607,0.0
311.513161,167,9310.293374,167.0,130.5232642953793,57.03033062698681,62.811073284219304,13.20000000000002,-4.3999999999999995,-21.74219116210937,-25.112892207875856,-22.57683020621796,-6.657141177691878,-5.834642085231014,-26.323481293884498,-6.404329060522813,0.27649387421110055,0.9234895398650759,0.0
847.447057,294,9319.91728,294.0,552.4982947104364,101.4275950520757,113.79768612459279,29.849999999999895,-7.150000000000003,-37.48054481029509,-36.568153208494174,-40.39512696904356,-16.511269998025398,-72.94285947026847,-19.945910999161644,-13.132653274392943,-0.535617944351235,-3.149433512785262,1.0
1054.748832,365,9331.795575,365.0,686.6887978558279,125.37873741979722,143.15635196482907,38.249999999999815,-9.920000000000003,-47.76900377750395,-46.37637279406188,-49.67656296162312,-17.509579551433703,-84.5229737603892,-32.356635013803455,-15.593927046724117,0.3102096898547588,2.264530735939739,1.0
643.61995,261,9340.232013,261.0,354.8961682818744,89.32903149788123,100.18692768316717,25.799999999999933,-6.66,-34.20618555545808,-32.62127595096826,-36.59248587415207,-14.473302539074618,-26.341337712231624,-25.756871128383175,-10.940718271386888,0.39065382285953515,2.0392129553267733,1.0
307.775852,167,9345.643234,167.0,108.72279630357713,60.927685218307,62.71729092506917,10.050000000000013,-3.869999999999999,-21.32475309371949,-21.473151220381258,-22.28446001383092,-7.252092348740103,-6.549215017562955,-13.88730715648742,-5.000941388066491,0.147742314123803,0.49345932917350205,0.0
972.532415,390,9358.321483,390.0,515.9872268748633,142.52082243851328,150.01299388713852,36.44999999999983,-9.770000000000003,-47.68423641204831,-49.29236651062961,-55.32553967388464,-19.12159870795462,-34.93095718805184,-31.19585575522787,-15.11807432372544,-0.08929377852749674,-0.6964914725144746,1.0
1246.782936,472,9373.49005,472.0,711.4383312594226,165.54681427374072,184.27698037955514,50.2499999999997,-11.380000000000008,-59.99190660476683,-58.93375189751386,-64.6662591783508,-21.52964975079179,-67.17362599813823,-33.72957992634192,-19.324416686973375,-0.3583329206693296,-3.382662771118471,1.0
1166.236867,417,9387.01458,417.0,738.0296049174375,141.92700821139348,160.93837561372956,46.649999999999736,-8.470000000000002,-52.58242885112761,-51.36516398638482,-57.81856436371036,-21.596760846872495,-99.36832038595207,-29.70321932276754,-17.403664113035923,-0.015350049349244116,-0.12801941157269592,1.0
1335.702498,454,9401.524319,454.0,861.2757636690799,155.4040295224765,176.13259228449402,48.44999999999972,-12.180000000000009,-57.28600513935089,-56.00499845966693,-62.75155935017671,-23.218121014940923,-90.5180391438902,-38.33307922447735,-19.26808490043357,-0.054264170114112754,-0.49271866463614383,1.0
992.022166,378,9413.799509,378.0,569.1755443853385,132.24448013293863,145.6025842440055,38.69999999999981,-10.830000000000002,-46.16713343143465,-45.352374058961885,-52.024686480102496,-17.875567371160244,-51.88275442372623,-33.18699437109984,-14.380933037880709,-0.31376737710888913,-2.372081370943202,1.0
1403.098179,604,9433.374025,604.0,681.3086659808607,220.78827448488957,235.30422567716116,49.799999999999706,-15.31000000000001,-76.13450445175174,-72.69171492978931,-80.52764135851342,-28.27192199140428,-44.861506504702334,-47.58864086067757,-22.717057479390757,0.10338264805546626,1.2488623885100325,2.0
1517.425373,522,9450.432999,522.0,960.6652755456196,182.74209407763183,204.04742235703569,55.049999999999656,-14.500000000000007,-66.6076582956314,-62.4805683299899,-71.39266820443098,-26.555631394111778,-107.30454369965422,-36.50857099063565,-21.729778143128566,-0.3462447739687973,-3.614795440234244,2.0
841.803545,295,9460.058557,295.0,549.2815554649455,102.13130909573754,111.95566832658822,31.799999999999876,-6.590000000000004,-37.99548664569855,-36.25997773781419,-41.27953800534723,-15.667159450033704,-71.2111262178609,-26.710896250537306,-12.650803893873663,-0.5413370673845153,-3.1938886975686405,1.0
831.312939,350,9471.564952,350.0,435.96883319895954,126.07645984908311,135.61143304712604,32.24999999999987,-9.760000000000007,-44.216767101287864,-45.48985104709869,-46.87582263640911,-17.078845714413834,-46.92529682550992,-25.309225039980145,-12.937978330909528,-0.16407008234716455,-1.1484905764301518,1.0
1343.057378,505,9487.94417,505.0,771.4979655891078,181.1540876500609,194.2354713447416,52.19999999999968,-14.110000000000014,-63.97157596111301,-60.23910731151707,-69.35677172307777,-23.781037831938253,-74.0658639109968,-35.972292143666444,-19.533497881642834,-0.0730752903540066,-0.7380604325754667,2.0
1665.102131,616,9507.981481,616.0,944.1572809654832,219.52682518311215,236.8791353301479,66.14999999999965,-15.630000000000011,-78.3976774930954,-73.25294160842894,-86.81627920336379,-31.27853391764355,-63.98598666551196,-43.22047420457301,-25.029217414077905,-0.1325167191004814,-1.6326059793179308,2.0
1378.161055,462,9523.097997,462.0,862.0014103609928,161.8584460694797,179.1994449478669,55.34999999999965,-10.610000000000003,-60.53404821872711,-51.88951434195043,-64.45443886095394,-23.524361640830247,-88.83205099327165,-21.67803596143471,-20.725796356354287,0.20999021366926124,1.9403095743039738,1.0
2483.824443,912,9552.809937,912.0,1405.273896628809,333.5545783743238,351.6716987403998,100.50000000000095,-23.070000000000025,-114.62660166263568,-107.54888280900204,-126.93442363622077,-42.986855089791966,-110.68313666524884,-56.23744392479457,-37.08838649648157,0.04369974248028973,0.7970833028404848,4.0
1117.271549,398,9565.734012,398.0,689.6139038122047,139.30854386768965,154.45321427230658,42.14999999999978,-12.180000000000007,-51.295548624992406,-48.90900832489131,-56.06215195360455,-18.42540619161871,-70.66749301833734,-31.582841966841713,-17.13166249471163,-0.10983136838980517,-0.8742576923828492,2.0
1470.230524,544,9583.523673,544.0,845.167994231564,195.9515543736079,209.8067977533196,58.04999999999963,-14.330000000000009,-68.01078855991366,-66.42515099719165,-75.76100622423708,-25.97808711885526,-71.90763885004982,-38.59732102458141,-21.735829668840193,-0.004366347827118562,-0.04750586435904995,2.0
1909.764578,677,9605.552125,677.0,1152.3288202422934,241.84032315266086,263.31904425491336,75.60000000000001,-14.89000000000001,-86.95699024200444,-77.38102420605726,-94.39259794434935,-34.00216990259518,-110.29665914045535,-54.96318494004999,-27.440982911700658,0.04371273379358459,0.5918704155651354,3.0
811.726879,389,9618.2102,389.0,363.20751606371533,139.7333154763927,149.95021702789873,32.849999999999866,-10.000000000000004,-50.67785144329071,-49.61887512505054,-53.94896625951722,-18.22120919252888,-17.842597101397498,-47.01426058932044,-15.690410239676467,0.0569463096732233,0.44304228925767725,1.0
2577.305302,969,9649.672243,969.0,1431.9924083809192,348.7818474674931,378.5041807639083,102.00000000000101,-23.460000000000026,-123.92926597118372,-109.33712036460643,-134.41261317944424,-48.056322089017065,-105.70807344730027,-67.80586882180627,-40.26387121854851,0.06070914575937584,1.1765432448167037,3.0
724.805761,376,9661.922758,376.0,295.86901326141174,134.881693467919,137.8680491734006,29.999999999999893,-11.750000000000009,-47.96325486660007,-47.16009881347423,-51.86666916402145,-17.679430538484194,-22.98285662241874,-38.24320731145248,-12.167477426487759,-0.07984560856344948,-0.6004389763971402,1.0
1359.793353,515,9678.673625,515.0,787.4050086184116,182.58201649499384,198.9415722083495,49.949999999999704,-10.870000000000005,-67.06772337436671,-59.39964251965286,-70.32446692881494,-24.19521401977296,-81.43933119418125,-38.722687342294265,-22.0661788633378,-0.18928371074540995,-1.9496222206777227,1.0
2351.710157,830,9705.70176,830.0,1430.5529748605202,295.82471342330876,324.36496412890517,86.85000000000043,-21.120000000000037,-109.00923541069024,-96.97221110649403,-113.32583678751176,-38.590311728665554,-135.04088954659528,-65.00306246320899,-36.820948411430315,0.21692209639227647,3.60090680011179,3.0
477.163456,179,9711.544763,179.0,266.60122585281033,64.53752814402577,68.07919518962379,19.499999999999993,-4.62,-23.23013286113739,-23.40719051510096,-25.06513698776168,-8.779790640418359,-18.760850852812855,-9.973070374815771,-6.718320819222612,0.28495139040835016,1.0201259776618936,0.0
953.090952,340,9722.562792,340.0,589.4341198832273,118.5869308193636,130.8592169752682,39.7499999999998,-7.260000000000003,-43.32705222606659,-40.84596530869603,-48.8466946306366,-15.641808469882294,-65.6950564329771,-30.345641991266735,-13.577096631346057,0.07439512536939412,0.50588685251188,1.0
1755.258318,577,9741.279998,577.0,1131.2769488575946,199.4203030886926,224.6759053467569,70.0499999999998,-10.300000000000008,-76.36144924640661,-62.5812706213445,-82.58293881309795,-28.51251948273124,-120.69674782076964,-40.03040268349703,-26.099510573195595,0.2684786470632512,3.098243587109919,2.0
668.529545,226,9748.608581,226.0,450.32655724085424,73.877205849301,86.46143524058566,25.649999999999935,-4.31,-29.230862226486188,-25.52861865460874,-32.141873298245706,-11.56952719810998,-62.34923656912238,-19.50758539111799,-9.147949945215712,0.32960617190113267,1.4898198969931198,0.0
40.044112,80,9751.190477,80.0,-24.031717144104547,26.95013724291097,29.317609175008823,1.2,-2.2899999999999996,-10.966893720626826,-12.64062748402357,-11.280300071024195,-3.1877345811868527,-6.037272487995081,-24.31914353916,-2.66994531787513,-0.1296685386969334,-0.20746966191509345,0.0
1538.176221,535,9768.627052,535.0,952.563159105961,185.0775794886759,206.34272549824593,57.299999999999635,-12.820000000000006,-70.06299571990968,-61.32196010034533,-73.82439903294386,-25.824766555548997,-93.2190069043845,-39.46708727735443,-21.56702720717415,-0.5292288174862728,-5.66274834710312,2.0
1001.528027,327,9779.158488,327.0,704.6055832924815,108.2336079727372,127.58741560769346,33.44999999999986,-7.060000000000002,-43.87075751781462,-36.19008694030346,-45.13235806176885,-15.601720138669913,-113.00057304609663,-23.456960643427216,-15.036123160714467,0.6286025239593932,4.1110605066944315,1.0
1243.77114,485,9794.828211,485.0,673.8638991428627,173.65185406821482,184.72743901887333,49.34999999999971,-12.100000000000005,-60.211904635429455,-54.70466615557672,-65.5135742773242,-22.53439977674792,-61.15610817577274,-27.820617558394815,-18.780782149170022,-0.12240695326350517,-1.1873474466560003,2.0
1148.317212,415,9808.245006,415.0,682.7271872189232,144.09545579673474,161.47155363076428,47.699999999999726,-10.170000000000009,-53.0690024471283,-49.15748788714408,-56.91739153665287,-18.80617703553761,-65.33670907944673,-31.42005584323278,-17.800161058907616,-0.18193341372319516,-1.51004733390252,1.0
589.645716,230,9815.779886,230.0,355.14281052508125,78.08472499141925,87.31326524582086,21.74999999999997,-6.160000000000002,-28.71118421077727,-27.306006999313833,-31.1953898434236,-12.041173726497059,-50.03480395206959,-17.817960831778198,-9.378565553923845,0.6315076908765613,2.9049353780321825,1.0
1173.925166,461,9830.903094,461.0,631.5536716089881,164.0159805225462,175.65292615771548,49.04999999999971,-10.000000000000004,-58.08443500995635,-51.43938433341687,-62.44325334557958,-20.930092018000696,-51.45617574210169,-35.67448153980048,-17.319590089065642,-0.0031433860735900795,-0.028982019598500535,1.0
883.308788,323,9841.412751,323.0,534.8717989734796,110.99092125112871,122.63206585011538,36.59999999999983,-7.100000000000001,-41.52106819629668,-34.65404135212301,-45.919301634448715,-15.272549515283226,-55.68186538020014,-31.33643517359532,-13.300736415499484,-0.2574493019737171,-1.6631224907502127,1.0
907.451363,294,9851.000892,294.0,590.43392877252,103.52642969311036,112.65690769933111,32.24999999999987,-6.870000000000004,-38.465568628311175,-35.52896170318126,-42.281423562360686,-15.075356577421182,-56.726618138140346,-16.68480944963641,-13.783165111546616,0.11126366068399013,0.6542303248218619,1.0
529.465826,186,9857.063011,186.0,346.04918548612517,61.16797415676434,71.06805262356325,18.9,-4.189999999999999,-24.585154910087585,-24.472020094096656,-26.253501243271465,-8.224579235195408,-44.152688329551715,-12.557893144834386,-9.283549202297502,0.6640838445220888,2.4703919016221705,1.0
664.702198,248,9865.107371,248.0,411.8191318733722,83.96586558286718,94.37555341443965,26.09999999999993,-4.91,-31.565221414566032,-29.00163371115923,-35.18191335010625,-11.670783779130435,-51.90083349749962,-26.115606507617628,-9.212360718989679,-0.06147380991917865,-0.3049100971991261,0.0
2187.143705,813,9891.498359,813.0,1224.615518822882,294.78805949950015,314.22075217040805,83.70000000000032,-20.280000000000026,-104.25009293079374,-92.03355040252208,-111.68982501798094,-37.1859502001022,-99.37569844127657,-45.24201725185425,-33.123491712747274,0.14824092526836316,2.410397444863585,3.0
1479.544928,538,9909.089025,538.0,858.625986481867,192.37252169277693,208.73321548259494,54.74999999999966,-12.210000000000006,-68.92197927951808,-61.97814766950904,-72.51379873541731,-24.908433215342452,-72.66594179190157,-36.41923516236273,-23.319259945199658,-0.028572832763744442,-0.3074436805378902,1.0
812.51381,329,9919.830822,329.0,457.7580116989563,111.44531796732181,127.26766504923437,31.49999999999988,-8.620000000000005,-40.70941926002506,-42.017438060045244,-45.8753505432641,-17.068662783885497,-48.65216707212996,-28.109727579131217,-13.404419750460882,-0.4090504978208258,-2.6915522756610337,1.0
630.127663,252,9927.929164,252.0,356.2562711403012,86.38024304173841,95.98954901142199,23.09999999999996,-5.640000000000002,-31.219067988395697,-28.601163646578787,-34.22324152322907,-12.775971095893215,-38.75639831534549,-22.501663660288905,-9.880893550053505,-0.1261349029269688,-0.6357199107519228,1.0
1103.396674,372,9939.83454,372.0,701.1386933375835,127.50220127452306,142.48749733576784,41.69999999999978,-9.180000000000005,-49.46992496013639,-42.531187617778734,-51.41502933336425,-17.700821527214913,-68.5356938636589,-24.987115844412223,-17.61194490657113,0.04534861673418987,0.33739370850237266,1.0
665.189723,267,9948.449664,267.0,379.98183156209086,92.14711357324349,99.72992615649534,23.99999999999995,-7.330000000000002,-33.705505948066694,-34.39294973388314,-37.269694791954066,-13.703997122504951,-40.82093839505405,-19.415604016778722,-11.030458429051547,0.18000086500425133,0.961204619122702,1.0
2719.21974,1000,9980.983909,1000.0,1502.7188392260698,362.5588001812581,394.5060487663015,108.60000000000126,-25.930000000000035,-129.1684790325164,-113.45574629455808,-133.50390506040367,-46.84545103590833,-96.60418240950666,-61.269625637785765,-42.38655890548295,-0.16793146093615488,-3.3586292187230975,4.0
706.551742,256,9989.299534,256.0,439.58785532490396,84.06864649511927,96.30333564011735,27.29999999999992,-7.770000000000003,-32.65637436866759,-28.137133981287473,-34.59148833312365,-13.309913502177594,-50.103732529256845,-18.960483935608362,-11.178968668019666,0.5327930449111355,2.727900389945014,1.0
933.757918,355,10000.864775,355.0,530.9948042452131,123.76096613169753,135.78737388626377,35.69999999999984,-9.910000000000004,-43.982532646656054,-41.06773904934529,-49.04259891246865,-17.16273178542409,-50.91760795181289,-22.33481262570912,-13.06720302519185,-0.22658281149638446,-1.6087379616243298,1.0
1430.098929,500,10017.12786,500.0,885.535196572276,175.0579579189304,191.1572804657715,48.29999999999972,-10.89000000000001,-65.5729466152191,-54.20561261363326,-66.01919839431307,-22.866166611098837,-88.3991093262555,-39.182877390977524,-22.815594960329147,-0.4221099671659728,-4.221099671659728,2.0
1286.914178,475,10032.654801,475.0,732.4329081472355,169.27124687638945,183.03020039545322,50.849999999999696,-10.820000000000004,-61.10327403545379,-52.7264498658478,-63.81366222423399,-23.03482300734178,-50.9412742411146,-41.05513782775277,-20.175556152814043,-0.39351567123232606,-3.7383988767070977,2.0
1132.146548,418,10046.249477,418.0,659.7087064430057,148.0098793029642,160.33843830104615,40.94999999999979,-11.120000000000008,-52.60242015838622,-49.33331476524471,-59.401796059610476,-20.303183664865866,-57.35767584529555,-28.082672665539988,-16.659412745579306,-0.2825659341241,-2.362251209277476,1.0
725.552146,273,10055.028311,273.0,432.47083971426025,96.85459457579596,103.14661616245773,28.649999999999906,-7.370000000000003,-33.591158423423764,-35.27033546082676,-39.689430277840955,-13.298078848787666,-42.96363725856736,-24.814400994476614,-11.572863209872976,-0.2087111159002955,-1.1395626928156135,1.0
1993.567004,739,10078.894531,739.0,1153.0497281377484,270.43760214774744,287.18060095884874,73.49999999999993,-19.270000000000017,-92.89564975261696,-83.69452302977452,-100.93629872754843,-34.932570025406335,-116.67100516062125,-50.67010681187547,-30.530773859554028,0.18346907903952034,2.7116729882041106,3.0
1709.611667,736,10105.25623,736.0,850.2600009674172,269.7989331406727,286.2537673308093,70.0499999999998,-20.230000000000018,-94.47139125823978,-88.21296176351602,-99.38384674146604,-36.21075533017372,-49.46306635490981,-86.73684837957863,-28.04216417059359,0.09719010538601751,1.4306383512821779,2.0
514.963614,251,10113.416059,251.0,230.90486882962904,91.86802458296928,92.01285247026415,21.149999999999977,-7.820000000000002,-32.63555655479433,-33.01297205090524,-35.029088585380705,-12.166732783022304,-18.213105665599983,-24.704985627803083,-8.389690425002048,0.24129041539007612,1.2112778852581823,0.0
405.716237,175,10119.117308,175.0,213.5680563241217,59.453604226153466,64.81301233746325,15.300000000000026,-4.55,-21.348372149467462,-22.349582473933705,-24.07397693435528,-7.211457221392732,-15.010759755194258,-21.981887538527285,-5.892400239652826,0.46381490525352964,1.6233521683873537,0.0
683.976785,326,10129.598053,326.0,319.3531154430733,118.72641751425326,124.70454747371491,28.949999999999903,-8.950000000000006,-41.660972275733904,-42.01662492081525,-44.007722958748246,-15.089846669225635,-16.10013055653492,-52.42527490220481,-13.50672289557641,0.11608891356911032,0.7568997164705993,1.0
693.048473,288,10139.177157,288.0,368.2906270866127,104.47031277050776,109.10457994616398,25.499999999999936,-8.250000000000005,-36.793525485992426,-38.062517650425455,-40.515997795248026,-13.928166348427448,-24.661649151927683,-28.293891417704426,-11.811299201356904,-0.17688533037629334,-1.0188595029674496,1.0
806.462699,308,10149.625753,308.0,470.40047154125483,108.64516019476036,119.82457620464002,31.199999999999882,-7.400000000000001,-39.489754300117504,-42.56804234087467,-42.78369390922608,-14.836621472344499,-41.54737060539692,-30.018022325621377,-12.964003977558132,-0.11498153765167797,-0.7082862719343364,1.0
2622.848129,938,10181.815247,938.0,1559.7537091248014,334.37474295904343,363.64087972114913,97.80000000000085,-25.61000000000003,-120.10732748031621,-106.29241036139443,-125.96339605964114,-46.050763680877914,-127.61943785427887,-75.72785946999538,-43.35000806821716,-0.08735227799242348,-1.6387287351378645,4.0
2181.078352,764,10206.988967,764.0,1309.1711741594913,273.72621511787753,295.9401982951818,81.45000000000023,-17.450000000000014,-97.92174722194667,-86.00589724071318,-104.23136189329196,-36.96903395739305,-118.84456468980476,-48.8726769879754,-32.9139537951387,0.11286315603282188,1.7245490241815185,2.0
2848.235335,1000,10239.646818,1000.0,1620.3108797914538,368.6751230134328,387.83832259383297,112.80000000000142,-19.550000000000026,-127.68996758460999,-101.73153899237516,-137.94133972546086,-44.56481362495104,-109.79568120674887,-59.18985850453615,-40.9257909081612,0.1830099556300065,3.6601991126001296,4.0
1006.275161,360,10251.398847,360.0,624.8239122967677,124.37896501120439,137.92062057170696,36.149999999999835,-9.260000000000003,-45.96654285907747,-41.55654315054416,-49.514920218790486,-17.377395306040324,-71.03983134706485,-27.48878559387151,-14.794318676494202,-0.380216569879404,-2.7375593031317087,2.0
799.121682,356,10262.955345,356.0,398.9690917078286,126.52489099261463,136.67628925772547,30.149999999999892,-11.830000000000009,-44.68024020195007,-50.45270476415754,-49.564674936046295,-18.196439339175072,-20.810621307489512,-37.237954839301665,-16.425954731400665,-0.07912291235687266,-0.5633551359809333,1.0
2615.143904,1000,10295.396801,1000.0,1377.4982893437702,374.76436672928645,390.84715591832014,102.75000000000104,-27.340000000000053,-126.30446838378916,-111.84400975108146,-130.77713725307217,-47.975966153832964,-81.87882096086972,-62.96439329209778,-41.631112330198604,-0.01763560176044209,-0.35271203520884176,4.0
2760.522814,978,10327.087549,978.0,1651.6173188988528,351.6109995689885,383.1336688582926,106.9500000000012,-27.770000000000046,-125.35991634368888,-109.28841803446412,-132.38580998072035,-46.97526815105295,-158.56350469278516,-67.90468252937539,-42.54157395568585,0.20469599040993502,4.003853572418329,4.0
2226.745108,785,10352.550927,785.0,1327.0078348612947,281.1876530548887,306.7997363967545,86.1000000000004,-19.630000000000027,-99.70467118263258,-87.90517705418168,-109.0211008937518,-41.54605465199608,-120.04922369972762,-49.70631954723886,-31.787569011314922,0.09304330521945678,1.4607798919454715,3.0
2500.936707,930,10382.758442,930.0,1411.271125252247,333.4873558585348,356.5928149492564,96.4500000000008,-21.010000000000023,-116.67966804504408,-100.06637476012106,-126.48078000963409,-46.91124331068094,-118.33869045351291,-61.85934588329352,-35.518486262338406,-0.023187126777228804,-0.43128055805645577,3.0
1424.001466,539,10400.228813,539.0,803.5510406684385,189.8645338754152,204.11411012632354,55.79999999999965,-8.820000000000004,-66.87575456619268,-58.545016480982284,-75.76815727960577,-27.143222428466405,-74.1569214235712,-36.7828451338278,-20.236301003952942,-0.14643091813747064,-1.5785252975219335,1.0
2497.998097,963,10431.666433,963.0,1319.717737476088,351.683276282882,370.5546057110579,96.6000000000008,-22.860000000000028,-121.64681376457212,-112.06501612439752,-127.74446847438553,-42.49645111811872,-79.77284312431897,-58.76434993617553,-38.20758033389254,0.06068181371593306,1.1687317321688708,4.0
518.451854,212,10438.609409,212.0,293.3023655038132,73.82951790521757,80.05965384348693,21.449999999999974,-5.290000000000002,-25.97892874240875,-25.821462105959675,-29.816359221474816,-9.154452119143512,-36.32474746994119,-20.784778580020955,-9.018955082830805,0.20988141365504134,0.8898971938973753,0.0
2595.68244,1000,10471.120476,1000.0,1339.2207715991653,371.7223530299032,386.1515106691398,104.85000000000112,-23.53000000000003,-122.7081143474578,-105.27096184119593,-133.63533951093544,-45.44734642476062,-77.21260270961814,-63.015938804169956,-35.441891788307125,-0.0030956531948628458,-0.06191306389725692,4.0
1916.412863,766,10496.091097,766.0,970.0772683462025,282.17192003469006,293.8902944351197,80.40000000000019,-20.570000000000025,-93.00540971755983,-91.00375646576275,-104.56849077487031,-34.04750805196232,-62.59763407170575,-40.77471388396827,-29.559106971363107,-0.08760554306379002,-1.342116919737263,4.0
2166.246085,868,10524.2893,868.0,1093.9512623016426,318.5624119737358,336.48651274065804,87.60000000000046,-21.150000000000013,-106.81847550392138,-93.45660972148177,-116.26033673278573,-41.42352020595363,-70.18161159957313,-56.43358085820927,-32.62996712280652,0.013150183327846994,0.2282871825714238,3.0
2626.457332,1000,10556.727189,1000.0,1374.4845396817177,365.72166209759655,394.2856001677382,111.30000000000136,-21.800000000000026,-126.2839956426623,-105.01718384474522,-135.0326703018588,-46.361615426358895,-85.97998683819566,-60.75889971114095,-38.10011847906115,-0.032705974399128264,-0.6541194879825653,4.0
1174.765493,444,10571.238401,444.0,675.7199418035085,152.64556759572622,173.42353857773207,49.49999999999971,-7.970000000000002,-56.83117310047148,-55.708396005630455,-60.54272465404064,-21.556241352672078,-67.53930934425816,-32.60541736753471,-17.770293231010218,-0.4040626108121417,-3.5880759840118186,1.0
338.586919,127,10575.360052,127.0,226.44988699129652,39.5257970994364,46.53556527952423,11.850000000000017,-3.569999999999999,-15.519577226638795,-15.992633375525468,-17.785460822222795,-6.645344866065868,-34.72142543820562,-12.996428111379364,-5.543460488464562,0.601733240925677,1.5284024319512197,0.0
2507.618737,1000,10607.797618,1000.0,1275.5502816539977,372.2518605520259,394.47531023246717,95.55000000000076,-24.270000000000017,-125.1636031436922,-109.71958133354784,-133.5301074206851,-47.580488284265236,-78.60196261797886,-70.86638936882319,-40.47658283275647,0.022706733686896872,0.4541346737379374,4.0
362.214856,144,10612.48444,144.0,207.20376704273102,50.73131374370221,53.399762305014605,13.800000000000022,-4.03,-19.089418420791635,-21.93620155006648,-20.38898296513462,-8.101829201097615,-13.17258702916341,-14.31207540299499,-5.88889206677816,0.582412091324645,1.6773468230149775,0.0
967.933957,350,10623.887205,350.0,584.1780945462936,124.3718764198542,133.6285348445936,36.59999999999983,-7.650000000000004,-44.66859989166258,-39.541180975735216,-48.39548642389562,-16.222470204605777,-64.47433566432052,-26.242066538033413,-13.65040920509103,0.07836691128908353,0.5485683790235847,1.0
727.935073,364,10635.68202,364.0,310.27880058248877,132.30584178241565,138.6656284838644,28.799999999999905,-7.170000000000001,-46.68838902473447,-43.77421680539844,-49.101392263578646,-16.12407235038244,-26.30190777573809,-42.39702829870962,-14.558191251172563,0.30612600227683484,2.2285972965753578,1.0
2758.246895,1000,10668.665977,1000.0,1535.8475971606651,367.35020364712847,392.2160952798627,111.90000000000138,-27.480000000000036,-127.99628462314622,-104.14699127078056,-134.5056974470278,-50.19487170115733,-106.50249265052148,-56.15219738180257,-42.08846562860244,0.1775237727722726,3.550475455445452,4.0
2743.873834,1000,10701.243985,1000.0,1505.9998832880365,364.22347674412026,387.0114165118854,110.25000000000132,-19.730000000000018,-127.97268052101141,-100.70548315718769,-134.96089445766827,-45.0343457919046,-99.2088381870222,-56.91106779257746,-39.08763261926857,0.17111954360599752,3.4223908721199505,4.0
1585.451506,656,10722.614989,656.0,772.8479889468521,244.0656726328461,251.64648995534995,66.74999999999967,-16.340000000000007,-81.95569581031809,-73.28505026251082,-87.59691960609703,-32.843043062474536,-42.49237287903862,-46.70408952998639,-24.641474354893624,0.07267502370551711,0.9534963110163845,3.0
1019.656068,343,10733.809823,343.0,659.1222181386813,117.8468076456817,132.45693446283124,39.299999999999805,-7.750000000000004,-43.82656060218809,-39.981538006663314,-47.198866339527285,-18.52842129002438,-77.73906781252944,-22.194141005126372,-14.851297225507956,0.45766466086151947,3.139579573510024,1.0
1395.147502,519,10750.907825,519.0,795.8825096492889,184.39151995052168,196.22792752894193,51.59999999999969,-10.58000000000001,-65.2240672302246,-52.2381827928126,-70.10369508264691,-23.318915871737858,-76.44939379673865,-35.89208563089837,-18.148114714104832,-0.3273561153322752,-3.397956477149017,2.0
2483.182881,875,10779.441147,875.0,1433.9419604219077,316.7461738642045,337.1496417206861,98.25000000000087,-18.33000000000002,-112.10474761009213,-90.98315568827098,-122.16405484904348,-40.847539905600954,-103.18077939867196,-54.78300318476411,-35.51161450041919,0.1968494269242979,3.4448649711752135,4.0
576.230124,217,10786.445786,217.0,339.25737674866906,75.53179605481235,81.81476098975078,21.299999999999976,-5.050000000000002,-27.11883541107179,-27.169102000445108,-30.445433696267383,-9.46903194245592,-30.91642569455993,-19.36138039489602,-9.143600678355877,0.2450583313533416,1.0635531580735025,1.0
894.396845,317,10796.748672,317.0,536.9192263437892,109.37014614505256,122.13936264075409,37.199999999999825,-6.380000000000002,-39.93519571781155,-34.562694190442585,-43.73083226795392,-14.546206011703646,-50.07854729932603,-26.4513479492008,-12.547066666913858,0.32829817803898476,2.0814104487671634,1.0
1313.590679,514,10813.34605,514.0,706.7257161440353,184.12593648733503,194.8470047217312,53.54999999999967,-11.030000000000006,-64.17939903259281,-56.0405512347817,-69.87745843971727,-21.93893628320637,-65.46708984026495,-32.41246036533786,-18.712083264414844,-0.2576836979199088,-2.6489884146166625,2.0
505.95221,226,10820.701439,226.0,265.5019584002289,75.6836254629819,86.4282249625326,19.349999999999994,-4.820000000000001,-28.515980153083795,-29.102030760794875,-31.27888865647781,-10.41612350428891,-31.043877392384445,-22.716920296522865,-9.117777891765629,-0.05437067500082973,-0.24575545100375043,1.0
1674.508938,653,10841.80952,653.0,879.5634476121684,236.05091527745546,246.58495564862423,61.79999999999959,-18.32000000000002,-81.39425407409668,-67.09830054119233,-88.44535908435091,-30.088792714036988,-52.045830449293156,-42.51306873836574,-22.58477530004463,-0.33125069488974357,-4.326134075260051,2.0
1330.777277,464,10856.894558,464.0,808.9099224229352,164.64964257524377,177.8779526433971,49.19999999999971,-11.09000000000001,-59.591382927894635,-49.55369076989589,-62.44420933225949,-21.75354876861067,-77.731044630498,-32.698487623354445,-18.997876187320863,-0.45036955645476684,-4.179429483900236,1.0
1053.91454,387,10869.473778,387.0,604.4507969626443,138.10735647586156,146.14624178003243,40.349999999999795,-8.530000000000003,-48.31610558509829,-43.315600229054695,-53.1525612364002,-20.120466604792885,-45.86106272735702,-28.37191354892568,-14.472145334897448,0.10204154564154831,0.7898015632655839,1.0
840.791551,278,10878.44609,278.0,563.6033609372948,91.71835976936416,106.91769047077275,31.199999999999882,-5.22,-36.3205964612961,-30.462140787392855,-37.67721796691354,-12.520592213338102,-72.78486284665486,-23.66551175032615,-11.996938224374825,0.5241707695900724,2.9143894789208025,1.0
2618.721121,1000,10910.814469,1000.0,1378.3407775580993,371.3712003508783,384.0831417245242,99.3000000000009,-21.240000000000023,-125.4997628307342,-102.02756737433377,-133.96715051482968,-48.07822485393276,-83.42064686664717,-63.7628592849674,-36.377787000267794,0.017004407830634706,0.3400881566126941,4.0
1632.896409,600,10930.222208,600.0,913.8265120387185,218.9685746035027,231.13384928238636,64.7999999999996,-13.070000000000004,-76.42896393775942,-69.1087889291346,-82.22535646183952,-29.627334641627574,-60.67081199434881,-41.447501384878365,-23.253769929521788,-0.21059621346196442,-2.527154561543573,2.0
2818.735926,1000,10962.627774,1000.0,1613.0297500691224,368.7132309342659,390.1741350245443,108.90000000000127,-21.97000000000002,-129.52513668537156,-106.06853259019553,-133.85273245249311,-46.43285134758815,-115.88435659955911,-65.25696481873828,-43.09061544107072,0.08580510099511539,1.7161020199023078,4.0
954.375916,322,10973.124819,322.0,621.2255644924084,111.43829280944587,123.6609315440226,33.44999999999986,-6.480000000000002,-40.198704142570506,-39.90359125062824,-45.75394018584762,-16.48988554762217,-64.82264411243946,-30.43225726945923,-13.31785055051937,0.13182193419787255,0.8489332562342993,1.0
1470.350524,516,10989.875946,516.0,904.3019365731918,177.61101245706425,199.8722424666915,56.54999999999964,-9.730000000000011,-68.15440595149992,-56.71011694371708,-69.47137988876125,-25.726006320132747,-94.42766396643788,-37.902776566073065,-21.86231767490237,-0.06230222330260677,-0.6429589444829019,2.0
2600.591671,1000,11022.464892,1000.0,1364.0456893775581,371.55488239697655,389.15351155946695,99.3000000000009,-28.990000000000027,-125.33061707496657,-103.73662427775552,-133.7872119865375,-47.495109102139665,-83.75301713624376,-62.209046048019,-38.16078649170074,-0.007878063285031624,-0.15756126570063247,4.0
2708.484853,1000,11054.868085,1000.0,1470.7902431736893,371.8462510943581,386.61605087455155,102.75000000000104,-23.030000000000022,-125.74426015853888,-105.19268436916171,-136.98618143852653,-44.86620715533421,-91.05752575403105,-59.05215659781539,-37.58867688227401,-0.08554531359443382,-1.7109062718886763,4.0
316.365038,155,11059.856527,155.0,131.5074961952375,54.46966413812168,58.151141797959646,11.700000000000017,-2.709999999999999,-18.702675542831418,-21.850444343686103,-20.01208645938396,-5.479776863615585,-7.525836844577646,-14.1770420752001,-4.005402230411604,0.3082526903902321,0.9555833402097196,0.0
2316.282646,821,11088.002794,821.0,1357.3314626403312,291.52752337851456,317.6243307016456,91.50000000000061,-16.75000000000001,-104.50615309715282,-86.9212154470385,-111.34308771038859,-34.389056258437115,-121.64793454491993,-52.03744796758453,-35.10577541670567,-0.21755095631706683,-3.572186702726238,3.0
1531.386962,569,11106.900588,569.0,871.1998887153817,198.6831338306644,220.33288836477894,59.09999999999962,-12.880000000000008,-72.67006081104279,-62.59547780677669,-76.48212251180436,-25.54287065638329,-75.23711632257778,-38.8957721148492,-22.62552835578298,-0.22047866414333014,-2.509047197951097,2.0
2537.538533,1000,11139.528345,1000.0,1313.8679309022427,367.76819332648563,394.0006876020862,95.70000000000077,-24.090000000000032,-130.49807000160214,-107.82950980961324,-132.14954074831033,-45.290838723173934,-77.59076674454592,-76.44812416685365,-39.90142909373846,0.08415669728351546,1.6831339456703094,4.0
616.311118,220,11146.735708,220.0,376.16441787555976,75.13148233286113,83.14302069146625,23.99999999999995,-5.120000000000001,-28.53583874702453,-26.465978864580382,-30.90717180452346,-10.23668030167471,-37.79857217213868,-13.849125166571648,-9.214435494897254,-0.1741525260332055,-0.7662711145461042,0.0
927.995944,323,11157.219054,323.0,591.27409088394,111.34902193768927,121.2726912209524,33.89999999999986,-6.910000000000005,-40.28977212429048,-38.53183509856465,-46.56059839259457,-16.57174408947859,-61.321959453749116,-29.663716075520853,-12.950234529400129,0.6386162794881608,4.125461165493519,1.0
759.458386,286,11166.543278,286.0,454.51172225328577,98.46101197777864,109.50481778728965,26.699999999999925,-7.480000000000002,-36.43316333770749,-30.347480590641496,-38.21381772653337,-13.348714701566728,-44.78034504381474,-34.989760890908926,-10.125883433818363,-0.4218291919972592,-2.4128629782243225,1.0
2302.707811,750,11191.986388,750.0,1532.3514805895693,253.89778987034873,292.33001999022986,83.10000000000029,-15.810000000000008,-100.30404309272761,-82.35334450379021,-103.27777257241115,-35.82393499087435,-186.67681445586743,-51.34789150730674,-33.37767872679614,-0.1950581093524357,-2.9258716402865357,3.0
401.153604,220,11200.372864,220.0,140.74197115242671,81.91120535036676,83.31300293853027,15.000000000000025,-6.410000000000003,-29.026261758804342,-27.227488442510378,-29.872046325600476,-10.94290464568748,-11.613914347381401,-16.606346307653457,-8.113613359627601,0.22360877592824283,0.9838786140842685,1.0
1619.903967,519,11217.957813,519.0,1053.840016790381,180.30418537502794,199.05622029370775,59.54999999999961,-10.070000000000006,-67.37014511585238,-50.81045244410641,-72.33321048666211,-24.742171422384114,-100.69148479695923,-44.271147374683984,-21.557843635440904,-0.04006793635103145,-0.4159051793237065,2.0
2034.838158,777,11243.404439,777.0,1187.733383183297,276.0176228225103,301.9965836216232,73.64999999999993,-15.660000000000016,-98.62230539798735,-91.06060346402222,-105.82973518799646,-36.24138379424836,-122.1778325089255,-80.84368969879174,-31.123881280810135,0.0356330994078251,0.5537383647976021,2.0
590.76364,246,11251.451873,246.0,304.8913077698886,87.37998147040237,90.91794536713063,22.199999999999967,-6.36,-31.095381257534026,-33.68980095162986,-32.992555307876955,-11.26767665184504,-15.782228868833013,-20.57432060508631,-8.863630619614918,0.3430411104448957,1.687762263388887,1.0
1769.749199,622,11271.727764,622.0,1055.7498414426768,219.51115900805078,236.33412262037547,69.44999999999978,-12.79000000000001,-80.77665547370913,-71.97099899649623,-85.01958446879785,-30.214945713993764,-80.739123856649,-46.74237904059773,-25.042236916586013,-0.43357165106101486,-5.3936313391990245,2.0
1778.441735,601,11291.449793,601.0,1109.493453847645,208.0022320852167,224.9358950393992,65.54999999999963,-8.810000000000006,-75.48875781059265,-63.65891397744414,-82.60946318292055,-31.305735076227627,-104.1467906126701,-43.01135873683838,-21.508826262111622,0.4383846660765645,5.269383686240305,2.0
292.254788,172,11297.003897,172.0,106.87635554714898,62.01372735523326,63.37951045537369,11.700000000000017,-3.8899999999999992,-23.065285358428948,-22.63416546508669,-24.284695561335493,-8.173254816875119,-9.95819899197356,-25.924785895157584,-5.7844188752621815,0.16560879481409377,0.5696942541604826,0.0
648.695083,256,11305.336085,256.0,367.66228364468503,90.32550763331497,97.15903978286686,24.449999999999946,-7.03,-32.61841287612919,-31.403101247549053,-35.04296409155875,-10.950018942405173,-41.79673537528214,-18.97442125579126,-9.086094289287253,0.5483412197538274,2.8075070451395963,1.0
2735.200974,1000,11337.951763,1000.0,1524.1623261490813,367.4843931145776,377.8228318527026,103.05000000000105,-24.21000000000003,-126.69109090805051,-105.76366921179006,-134.63144463127966,-46.85400093095445,-108.2084327666766,-56.41127723863383,-34.54866113604212,-0.2081866290210606,-4.163732580421212,4.0
397.324693,192,11344.206265,192.0,187.9000674915424,67.65959740432436,70.29930913850643,12.60000000000002,-5.6000000000000005,-23.481008458137513,-27.021293067932152,-25.82747318872224,-9.323510018193032,-15.155412637888375,-20.93073958185863,-5.794844109595654,0.17018003434399295,0.6534913318809329,0.0
476.345118,199,11350.739637,199.0,264.9053856371031,65.07703509518923,76.20589189942216,16.350000000000023,-4.5600000000000005,-25.689343380928037,-24.166101610660565,-25.819487851155728,-8.451168818233691,-29.722999115694567,-20.34893048487016,-6.4351635286052495,0.33701236979406973,1.3413092317803976,0.0
2067.692899,818,11377.308989,818.0,1093.1896729638943,295.86350626820376,311.39881240469333,78.1500000000001,-22.630000000000017,-105.65383698701868,-89.47158424854281,-106.11762869003114,-39.39854283895133,-72.0928700081316,-65.33215138145046,-28.21247802056598,-0.031251888237734844,-0.511280891569342,4.0
378.257543,131,11381.554355,131.0,252.385529213202,40.61217919397017,48.94335970545711,12.60000000000002,-2.04,-17.426947283744802,-16.624031157791617,-17.57305237289686,-6.2427176502822945,-31.233295734524226,-11.137536325617992,-5.005944912888379,0.7928647966497492,2.077305767222343,0.0
2121.345419,795,11407.345989,795.0,1187.622743075685,286.9982456408331,302.97521559213385,78.75000000000013,-22.23000000000004,-100.30888580799105,-83.6759434971958,-106.68791219028624,-38.16413193064265,-100.63544597474701,-49.8405689001022,-28.457897252740473,0.2541751405631959,4.041384734954815,4.0
2228.108778,864,11435.450999,864.0,1223.0390395823988,318.1482528293049,324.92573352006286,81.45000000000023,-23.40000000000003,-108.41847204208379,-89.55512087643164,-116.3815429146256,-38.40069161018845,-103.73574509280661,-73.99358337183263,-29.56909174438281,0.21198113607834052,3.663034031433724,4.0
161.088468,106,11438.899619,106.0,48.66835636659632,33.06019899157893,37.707700413401554,4.199999999999999,-3.8999999999999995,-13.189539413452149,-19.08527641296387,-14.841621244281368,-5.461774725112349,-1.1408963747363714,-7.899553632930001,-3.0291259676291564,-0.23176349191297407,-0.49133860285550507,0.0
619.330257,205,11445.549004,205.0,425.46667812360886,64.28609946789834,76.77718792072422,22.349999999999966,-4.149999999999999,-27.039960255622855,-21.180251921713356,-28.931618074860705,-9.499618824600297,-58.97876922560862,-15.99520053915009,-8.774289693338234,0.9283550061028784,3.806255525021801,0.0
679.563532,254,11453.824712,254.0,406.54159848047146,87.75337360523044,95.99937034984131,25.499999999999936,-8.300000000000004,-31.56293323516844,-30.54205374643205,-34.035352367444425,-13.310919950480912,-38.98948698108571,-23.456915708405962,-10.03314843555463,0.35364107306914,1.7964966511912313,1.0
423.627072,225,11461.175516,225.0,170.51246519965702,80.79294059651274,85.37274135499533,16.50000000000002,-6.07,-29.715423159599304,-31.098377361893647,-29.91349787936747,-10.09012204394771,-10.480752667084673,-28.979218576735978,-8.203683150836074,0.4592402310117811,2.066581039553015,1.0
1932.336724,682,11483.382962,682.0,1141.0652727058134,244.49946813825767,260.50600496919117,71.84999999999987,-15.120000000000013,-87.94155646800992,-73.41370944306253,-94.03478984164359,-32.545932048142824,-90.81195919071148,-47.61146636692229,-26.104608481217955,-0.24355493985126664,-3.322089379571277,2.0
1673.175217,648,11504.378487,648.0,889.7824309641125,237.21823181579921,239.74716589248524,62.99999999999958,-15.310000000000004,-80.52152310848234,-72.05651319809257,-87.95140352908412,-30.84599608013419,-55.658041505618314,-41.32009912193826,-20.909035143050993,0.35010199031250316,4.537321794450041,2.0
1180.260438,384,11516.916578,384.0,800.9135566062944,131.7720171780847,143.54531581791596,40.349999999999795,-8.570000000000006,-49.392539548873884,-39.32343346029517,-53.44848703497794,-17.967019912407327,-100.13997355468219,-35.75784494485866,-15.721152926696142,0.6166237681970097,4.735670539753034,1.0
2984.233652,1000,11549.320388,1000.0,1791.9376521272493,363.6113756758419,385.23372970457416,114.45000000000148,-22.200000000000024,-129.9910692930223,-100.9333734028041,-137.54391548282018,-44.7717036472262,-133.40329819124756,-62.695621769571275,-39.46012394836682,-0.23816779859747114,-4.763355971949423,4.0
1425.060841,510,11565.843995,510.0,843.5382516956562,179.35426320583753,190.39430983853396,48.44999999999972,-10.730000000000006,-65.49789077758794,-52.7494350157679,-68.69115467573076,-22.956559894571207,-75.63254246681494,-31.92400709104453,-18.494394111891477,0.3124271619634687,3.186757052027381,2.0
1117.572736,383,11578.270238,383.0,733.6842697401871,129.33219829912028,147.76852642701144,38.99999999999981,-8.020000000000003,-47.80027032852172,-47.70596047937871,-54.78778931111947,-18.064701011814037,-92.31700403291357,-31.01243655665396,-15.50409686447635,0.4121911287610718,3.1573840463098097,1.0
1081.42554,388,11590.871082,388.0,633.2530343537961,136.69760960576087,147.75605361097263,42.74999999999977,-9.830000000000009,-49.18577884197237,-39.7165279276669,-53.63913782404349,-17.86976298274566,-63.686402022221905,-19.483784010245248,-13.619763692371347,0.042744300829898045,0.3316957744400088,1.0
867.255208,283,11600.013141,283.0,597.7911669321315,92.00333134201736,108.12012690358787,33.149999999999864,-5.700000000000001,-36.71092685699467,-32.26226242817937,-40.523652045823574,-13.43831443867973,-85.58882666661972,-20.261577200209945,-12.323857240217137,1.080714282865255,6.116842841017343,1.0
642.334516,224,11607.235739,224.0,419.52336808183327,73.71482785435335,81.82147795618859,24.14999999999995,-4.72,-28.582153935432434,-26.552554017305372,-30.623991274304686,-11.087981326842304,-57.00105917438976,-14.150219539043382,-8.1571985205548,0.8562283402203703,3.8359029641872593,1.0
2777.274113,1000,11639.650469,1000.0,1565.4883045801676,366.7650763234643,387.99841743533307,108.30000000000125,-23.69000000000003,-128.94858070373525,-107.12556648701438,-135.40646314410571,-45.375780660571316,-112.32712388175031,-60.074646909131225,-38.32952354726823,0.0760027157272811,1.5200543145456218,4.0
982.274023,373,11651.825883,373.0,580.7060988954571,128.78656095755375,144.09217543678676,39.449999999999804,-9.100000000000007,-47.28527616500857,-42.72219468895344,-52.01417656297388,-18.463164099984336,-69.64254636576015,-30.512797904415454,-14.020656349403266,-0.24070756839696358,-1.7956784602413483,1.0
78.479154,74,11654.250389,74.0,16.753578355173545,23.775720576984348,26.07007419582634,2.0999999999999996,-2.6799999999999997,-9.869968805313109,-13.702873009443284,-10.887927805236624,-3.824992747213071,-0.8483949396785668,-19.361107435584508,-3.0449542749702747,0.2290519956889509,0.3389969536196473,0.0
1305.331377,508,11670.87492,508.0,708.7537206585711,183.10023671237818,189.5771514727666,50.0999999999997,-13.360000000000008,-63.34243515491487,-57.55533830076455,-68.62744447752135,-21.24789586737669,-57.65548346978784,-34.62068626030613,-17.790448399559452,-0.04916654813696314,-0.49953212907154554,1.0
1185.79339,427,11684.82911,427.0,728.640768295458,151.39706712036568,161.71867034637006,41.09999999999979,-10.160000000000004,-55.76226153373717,-49.451640529930586,-58.067102074203184,-20.261500379566893,-72.42648065244411,-39.40931911082816,-18.524811217761282,-0.160303371998315,-1.36899079686561,1.0
2144.313676,771,11709.971094,771.0,1244.2889475995437,281.160711433414,292.85931820399077,78.75000000000013,-18.160000000000018,-99.74635301589959,-81.02012362107638,-104.22354018745693,-37.06721439129141,-96.2964382259189,-57.621667510305514,-29.60996463943006,-0.07955896463885481,-1.2267992347311412,3.0
666.251906,227,11720.553326,227.0,459.1640549479717,76.34227151903289,85.95916056405353,22.499999999999964,-3.489999999999999,-30.675259327888494,-27.518306313827626,-30.807527070963136,-9.984321428894601,-70.72886945024494,-20.79947301343465,-10.70982443575225,0.9786458968545593,4.443052371719699,1.0
1750.752252,634,11741.162907,634.0,1029.9365630647956,227.42451642244788,243.98067902502947,66.74999999999967,-16.28000000000002,-83.79407866001124,-70.61995414197447,-85.1831024587867,-28.789497512016002,-88.71129074292458,-51.66992404594115,-26.29165932096726,-0.3037451291627774,-3.8514882377840176,2.0
554.705869,190,11747.3408,190.0,382.01307628868256,60.910550925691815,68.76428103466898,20.549999999999983,-4.249999999999999,-24.434309110641486,-21.6867992017418,-27.270660240780426,-8.537921538739706,-51.14315481854858,-22.352016636333335,-7.857177927253424,0.9045495525349909,3.4372882996329657,0.0
1957.852391,724,11771.602831,724.0,1085.5633275992382,268.7358782935439,274.7105884205796,72.14999999999988,-20.570000000000036,-89.50268664836885,-83.23382469937212,-98.93110829094341,-34.39858352905985,-75.82464617459908,-37.97481733822796,-26.871737035692977,-0.2135588203573393,-3.092331718774273,3.0
1383.115491,568,11790.049389,568.0,686.0694444753649,210.25263413891557,209.36719058532736,52.949999999999676,-12.75000000000001,-68.00119468688959,-65.05860555320977,-76.33204448745893,-24.14951448920076,-43.74111393530495,-35.25400868472304,-18.23729663640098,0.20987014421929123,2.3841248383311484,2.0
2798.309606,1000,11822.361289,1000.0,1630.457897125752,366.1552568313908,393.2002091988931,103.35000000000106,-24.01000000000003,-130.0548700809479,-110.40503632016475,-134.98568997321186,-44.94044932139413,-144.10922729055218,-66.18749549706158,-40.160989112841094,0.0028081550194604663,0.056163100389209325,3.0
729.145484,349,11833.667065,349.0,320.49498504967573,123.48290087452052,127.20139244748972,27.749999999999915,-9.870000000000006,-45.15151683568952,-45.17913706377152,-48.17729971948055,-16.143030283868033,-16.047032471661595,-26.016497637229378,-12.19928048517019,0.09747856154876927,0.6804003596104096,1.0
2805.080337,1000,11866.235675,1000.0,1638.4230569402628,363.63893139496975,379.9920189750904,103.35000000000106,-22.070000000000025,-127.07372092723836,-107.36412775851801,-138.2993822415638,-46.37830165486271,-144.51254809028345,-57.023393833594376,-37.60219551833491,-0.1233437729345048,-2.466875458690096,4.0
1452.591656,513,11882.899836,513.0,893.2899031557607,183.00529075362064,195.87820355727237,52.19999999999968,-11.970000000000013,-65.20649845123287,-56.85934798717499,-70.68182367176824,-23.142654020691523,-90.74062249500071,-44.9374548616662,-21.243340052067882,-0.06699531402376167,-0.6873719218837948,1.0
1225.854418,422,11896.622235,422.0,772.8708093342141,149.82945105979965,159.43015422957612,46.04999999999974,-8.550000000000006,-54.522482690811174,-45.15008899345996,-59.54876501764404,-19.210803271716237,-76.1421487134289,-44.791914723901485,-16.40979362504784,-0.022151823103436653,-0.18696138699300532,2.0
407.541638,170,11902.247766,170.0,218.0806418930784,57.93345433005246,61.110006448083105,14.400000000000023,-2.7199999999999993,-22.836395974159252,-20.18765930756927,-23.92065286815047,-8.958957235509564,-12.860164984287662,-16.240680967381024,-6.257953530786158,0.5640592154030297,1.9178013323703011,0.0
2230.765998,798,11928.6492,798.0,1281.3556575862106,293.2914688885269,306.23702346748684,85.8000000000004,-21.460000000000022,-103.12717286586751,-89.01013631299143,-110.00020560290189,-36.11206249137239,-88.52555640248423,-51.86187660180397,-33.821142068852744,-0.05403551613894906,-0.862406837577627,4.0
1006.373768,416,11942.228923,416.0,519.7464759832125,149.66863965936824,150.55664149827933,37.04999999999983,-11.040000000000006,-51.85206829547877,-43.308331731706865,-56.08920099703581,-18.650918877371172,-42.45079538572852,-29.42300699621468,-13.83366714729285,0.5057918081978612,4.208187844206205,1.0
1270.331863,519,11959.135744,519.0,639.675047810085,190.77641623418344,193.23612701236075,48.59999999999972,-12.00000000000001,-65.59379886150363,-58.75222679637369,-70.48058322729966,-22.701555595691286,-33.16754178324185,-39.63026716944249,-18.629754529846025,0.19024707613388075,1.9747646502696823,2.0
2654.893577,911,11988.768441,911.0,1607.962897994971,321.5258543252336,347.7966801201377,94.20000000000071,-16.96000000000002,-118.63123628139482,-94.15202967450027,-125.26350384452533,-39.742120350876654,-148.52987100949352,-48.765190385278544,-35.54790344255185,0.23384453493779148,4.26064742656656,4.0
455.572054,196,11995.10884,196.0,266.67372595085845,64.6811593138684,74.94018669359444,17.250000000000014,-4.529999999999999,-27.074021263122546,-29.079712684452545,-27.604114024470054,-8.495291310499669,-18.692428987833377,-38.973021069137445,-9.524429117572819,0.6135096649041736,2.4049578864243606,0.0
548.029085,198,12001.513339,198.0,327.1790621833479,67.35771690673688,70.62757085804525,19.79999999999999,-3.6399999999999997,-26.255052890777584,-21.64269599243999,-26.95718243675605,-7.886500639975369,-28.72551819249255,-12.09546167561304,-7.732853266900962,0.5800946159399756,2.2971746791223033,1.0
2829.708557,1000,12034.093462,1000.0,1650.9435645036028,360.0635320019233,389.1788589485325,99.1500000000009,-24.670000000000023,-132.66742098331449,-104.5264696102589,-132.43521294672192,-42.94641379620697,-122.07482942740813,-67.38510132887457,-42.92195031002499,-0.13453242377052493,-2.6906484754104985,4.0
573.802119,220,12041.235658,220.0,361.4322803763623,73.72022183088708,81.96000093718851,20.69999999999998,-5.11,-28.248145227432264,-26.53077240847051,-30.769559719883585,-9.82923112925231,-49.269903095284235,-25.101057292812204,-9.151714926074318,0.8265648300113653,3.6368852520500075,0.0
2913.751151,1000,12073.673449,1000.0,1732.1639144800877,364.2822271352428,389.0684436370318,107.85000000000123,-21.27000000000002,-132.05800066471096,-104.49205434881159,-133.58566623427873,-46.20423545068372,-138.9080024638899,-61.04129000166694,-42.05418469775842,-0.05626641759669848,-1.1253283519339696,4.0
2979.229909,1000,12106.056078,1000.0,1802.9364698029106,366.6571846710281,392.97508865502533,116.10000000000154,-21.740000000000027,-133.6640128612519,-110.22909972220667,-136.46625309827195,-45.28979164949346,-148.47121596905035,-59.04298816562182,-44.535472737102346,-0.16482729777170613,-3.2965459554341225,4.0
956.26551,380,12118.383166,380.0,497.21153386493626,134.60000969294472,141.03194957685395,36.44999999999983,-7.050000000000002,-47.192110877037,-43.40804572626952,-51.8757373214473,-14.134909066227499,-30.702640332824295,-25.391593133373938,-13.272947157020685,0.21958847864300068,1.6688724376868054,1.0
652.943803,283,12127.547291,283.0,320.8538551587287,103.22728012112144,102.71375433165731,24.89999999999994,-7.230000000000003,-36.038748760223385,-35.15015881173312,-40.07796515300531,-13.152147162245365,-19.122903102370497,-20.41462760244919,-10.564535701789467,0.45855104370283056,2.595398907358021,1.0
1283.129546,441,12141.888772,441.0,818.0959711609304,153.1290601016049,170.54280857953077,45.599999999999746,-9.89000000000001,-57.88196635723114,-50.77993958219883,-61.38229440043251,-21.184188480343657,-91.88679222399197,-32.65790611092186,-19.575206393032293,0.3527110734194145,3.110911667559236,2.0
1741.350872,691,12164.230575,691.0,894.6893932557444,251.36154096052698,268.17191207800573,71.24999999999984,-18.58000000000002,-88.52114792823787,-79.56629873923951,-93.04391416534642,-29.206567347401894,-52.91373320022739,-47.273982407030346,-26.01633075908111,-0.0687342219143039,-0.9499069468556798,2.0
2837.760251,1000,12196.532107,1000.0,1636.375068179288,367.06302730323256,384.50340481342715,104.5500000000011,-21.580000000000023,-127.63651027679455,-104.74362460002305,-135.00228826143982,-44.00580864953612,-115.27642507809993,-68.41953324292491,-38.0670595966538,-0.15856333154346605,-3.171266630869321,4.0
754.999275,252,12204.733855,252.0,495.16202253374564,85.9785993823163,95.80582675776432,26.24999999999993,-4.529999999999999,-32.96263134479523,-29.117517223954202,-35.47849333299057,-11.210330864313576,-55.51769321305626,-20.364401001247014,-11.016106368639896,0.8645353972248665,4.357258402013327,1.0
933.170569,347,12215.949298,347.0,547.3914197066174,120.64045538848052,132.55191897333373,36.149999999999835,-6.530000000000004,-44.7765692996979,-43.55456015765666,-49.01475789406756,-15.04204355998538,-53.07896419471883,-25.450481913395343,-13.11584844178162,0.290934958369661,2.0190886110854476,1.0
964.336384,325,12226.365177,325.0,633.723396542306,115.92850612554355,123.74319060656364,33.89999999999986,-6.790000000000001,-42.29465898036956,-37.89428452104332,-46.05715727735188,-16.18051364253751,-74.92988506528665,-27.805286215906495,-16.00692349446605,0.32890156188455943,2.1378601522496363,1.0
845.581998,327,12236.957369,327.0,469.7946563830918,117.29254619497854,124.425228052301,33.44999999999986,-7.330000000000002,-41.61580925464633,-35.72462034411728,-43.42234806071339,-14.577534012449801,-47.234596631822335,-24.139093726250607,-12.336430705142604,0.5743883589886936,3.756499867786056,1.0
1209.539234,389,12249.530988,389.0,823.475735122593,132.45234645163524,151.06838782960745,40.1999999999998,-7.580000000000006,-51.255039258003244,-44.449698418378865,-54.79540887017276,-19.564231480834053,-99.65729278087795,-32.19666144594251,-17.15890279428588,0.37150597095674753,2.890316454043496,1.0
1950.876598,657,12270.847691,657.0,1216.7523857511876,234.15430793675307,253.63720980122636,73.64999999999993,-15.630000000000019,-85.79002721309661,-71.35981504470116,-91.19409246110864,-31.742893196067897,-117.07719928496252,-44.263767096919175,-27.25951083762165,-0.16037431987225062,-2.1073185631213733,2.0
892.760015,346,12282.102573,346.0,488.6474479794695,124.29260431968851,131.56925940288625,36.74999999999983,-8.060000000000002,-43.43011356353762,-40.03199597001072,-46.760850344181875,-15.87705243997997,-31.685107852356882,-35.45567475068184,-13.198501583452213,-0.25653556135256833,-1.775226084559773,1.0
1175.718403,403,12295.325547,403.0,772.2338530798502,137.8448003860968,155.86195721970643,38.99999999999981,-8.780000000000005,-54.947563190460194,-45.8675978474319,-56.895165891136074,-18.876830502377732,-89.73744088535209,-38.55640919719248,-18.561200504757075,0.6414309370030258,5.169933352244388,1.0
987.054867,390,12308.00683,390.0,562.4754939146541,138.25275448103932,147.39684613249847,39.5999999999998,-10.700000000000008,-49.99012340545654,-47.160365930385915,-53.31369710225044,-18.88317485782006,-59.78781948130683,-34.38005876764867,-16.45498836873933,-0.21223804991986245,-1.655456789374927,1.0
1887.876713,719,12331.397554,719.0,1033.1140651045703,261.0115232310581,272.03760336757153,73.79999999999994,-17.67000000000001,-90.86030667781833,-78.64896292611958,-98.8083473014886,-32.25345349299811,-72.66283167929913,-53.036716380336266,-27.14585985574494,-0.12715763717453202,-1.8285268225697706,3.0
580.502374,248,12339.383671,248.0,300.8655065474884,82.73656533716255,93.24192873191087,23.549999999999955,-6.200000000000002,-32.321393551826475,-31.532317404448992,-34.982156913549765,-12.402610030510834,-16.781291840017587,-23.282325885522503,-10.389530651275708,0.46364172375661783,2.2996629498328245,0.0
2681.389997,1000,12371.826083,1000.0,1460.5917772702219,367.72997508086,382.37809550518494,97.20000000000083,-25.920000000000048,-128.79693981170655,-103.08206323906765,-133.64416069299597,-44.410038853124995,-90.99844177451155,-60.643398709440795,-39.014807900653494,-0.0527114225849978,-1.054228451699956,4.0
2836.623548,1000,12404.254419,1000.0,1612.7811365484677,366.94204530966647,378.28841352756535,110.10000000000132,-23.080000000000016,-128.72629202842728,-95.74306581243876,-136.8566194104095,-46.6339414532912,-111.209459709442,-51.067535840814,-38.171133467069815,-0.028996203441756508,-0.5799240688351301,3.0
2816.308957,1000,12437.377762,1000.0,1607.96918013668,366.9169047572685,387.58048372400197,108.45000000000125,-23.090000000000035,-130.86166062355053,-101.52185839340082,-134.15859419375664,-45.86850393770505,-113.49729620427247,-64.52893269085882,-41.08076543918075,-0.04580748531153312,-0.9161497062306624,4.0
1779.176524,669,12459.200562,669.0,990.7899041875419,241.84162770962303,251.12862765311388,68.24999999999973,-13.87000000000001,-82.03504221916201,-71.8917037136853,-91.47272142404884,-29.792027999275952,-85.16526685602857,-44.81972836229542,-22.78714457022782,-0.12758433089703675,-1.7070783474023519,3.0
1565.990856,590,12478.458843,590.0,866.2252471983365,214.78032805784034,223.26420082186232,60.299999999999606,-14.520000000000016,-73.79050804138187,-64.73920608386405,-81.43561123480978,-25.127112957749578,-59.663929215855894,-45.823161529491266,-23.479390886094368,-0.32607068850777005,-3.8476341243916865,2.0
1312.360627,484,12494.096821,484.0,740.8529019342703,174.6459254924248,183.46047991031944,50.6999999999997,-14.380000000000017,-60.961292929649325,-53.393863421678546,-66.30604143639746,-23.58175853891895,-53.63622207908227,-31.79071726666344,-17.248784742125583,0.190022217922795,1.8394150694926554,2.0
2718.549711,1000,12526.495204,1000.0,1513.926669693363,367.55234213905817,389.320094727498,104.2500000000011,-23.880000000000027,-128.17968652248385,-110.29871503822483,-136.81839707168203,-47.195862657745096,-103.81915994918809,-64.39437658303967,-41.9131982335466,-0.024444397588218147,-0.48888795176436295,3.0
766.260536,260,12534.985552,260.0,508.21312463704623,88.33907610211051,98.97423171149751,27.29999999999992,-4.349999999999999,-34.35477147579193,-29.400448063761008,-36.152525535622324,-13.965912380119626,-65.96492762053867,-20.587704951985547,-11.789606344812666,0.7387079941269987,3.8412815694603935,1.0
1565.560996,540,12552.514379,540.0,947.8805233088987,196.63835103791433,201.60710225876056,56.39999999999964,-11.16000000000001,-68.59810188770295,-56.60813047997648,-73.77291070525862,-24.61773662893873,-86.34794673509808,-36.241967680713444,-19.618186478804645,0.6697675838460423,7.233489905537257,2.0
2902.444516,1000,12585.120536,1000.0,1700.438980323576,364.52793414665035,385.9831557436554,110.55000000000133,-21.14000000000002,-129.91334028720888,-98.08998382873834,-136.14962054533268,-48.44738384213509,-127.43827797696385,-56.80409241224102,-41.07285577897797,-0.06449163841580445,-1.289832768316089,4.0
1403.989382,511,12601.737951,511.0,830.1703521352058,180.2690823855626,196.98015931113804,48.44999999999972,-11.770000000000012,-66.2592669010162,-53.88313353955748,-69.35446512355237,-21.587942825290323,-82.39188632333328,-36.81618545368436,-20.817331300088153,0.3423960118934524,3.499287241551084,2.0
2125.150171,736,12626.34011,736.0,1252.435457831241,264.8631074447179,280.0475837433961,83.2500000000003,-12.200000000000015,-96.3340795087814,-71.22721509076646,-101.50254015542762,-34.20869629711116,-102.83963566525722,-45.229691662290364,-27.90411991112214,-0.23772821974316496,-3.4993593946193884,3.0
2815.130733,1000,12659.784235,1000.0,1600.7489197502755,366.79915670174046,384.8732636480956,104.70000000000111,-22.000000000000032,-128.72255903720858,-98.50248892307293,-136.07748292300548,-46.66206249881694,-109.97110993487571,-59.0885172887354,-40.96638619916125,-0.2020733727872342,-4.041467455744684,4.0
671.071645,250,12668.132287,250.0,421.74584775939434,85.72751949712018,96.73786602330597,21.599999999999973,-5.339999999999999,-31.802658028602597,-32.03540031239391,-34.50244540573558,-11.484053162487088,-56.13898180413674,-23.810649580541856,-9.625399996690076,0.9121602231952938,4.560801115976469,1.0
2762.322326,1000,12700.497042,1000.0,1554.7743397412594,363.45050772013747,389.3082102188108,106.9500000000012,-23.480000000000047,-129.0629473781587,-101.80723584257062,-133.70375073234666,-46.645025477964055,-111.78010617721678,-64.22730358657971,-41.454362738426305,0.23741346312855124,4.748269262571025,4.0
2263.745173,777,12725.675973,777.0,1349.4211077868347,281.13197916448604,297.22048055894356,85.9500000000004,-13.550000000000004,-101.77972742080706,-80.14019261300561,-108.28884707734869,-33.681910982603334,-114.1374324231614,-45.257578494886,-30.142705642176892,-0.3821529689732772,-5.938657137844729,4.0
1289.989265,544,12743.403666,544.0,656.9880602145132,197.97904390309802,203.70453435533503,49.19999999999971,-14.230000000000006,-71.17597045898441,-67.79629540741443,-73.30530672233714,-24.524156810329938,-46.97228711653002,-42.017156080990645,-21.86120056771454,0.013283789726702112,0.144527632226519,2.0
18.485171,68,12745.574082,68.0,-45.96164060535105,24.943226953195616,23.779846397926413,0.6,-2.16,-9.721211185455324,-10.580635732412336,-9.134561819024231,-2.5986564270453885,-5.905807194062978,-10.46592528780032,-2.309463675072955,-0.20036481229975253,-0.2724961447276635,0.0
1106.679536,404,12758.554347,404.0,628.3527143712428,142.32280191255313,152.74555377021252,43.79999999999976,-8.850000000000003,-52.483077135086084,-42.56487872228032,-56.510794477350515,-17.848971894900103,-47.71311683645659,-24.11189721751192,-14.458797991554537,0.6513276134002791,5.262727116274255,1.0
880.62911,341,12769.442388,341.0,504.8777548525335,120.89711832087723,130.6828069719166,33.29999999999986,-8.870000000000005,-43.402671179771396,-39.80189616065475,-45.49347819156673,-14.242159154674544,-58.10533997570235,-26.95557811476678,-13.257447187295787,0.4762336569577672,3.2479135404519726,1.0
422.205457,146,12774.178381,146.0,286.72326057594466,48.070116038211296,54.619576476243715,14.850000000000025,-3.519999999999999,-18.845397753715513,-17.323202067613618,-21.79429840852882,-7.556016164434534,-40.53127491562125,-12.02917634944722,-6.458130785684486,0.888233537015,2.5936419280838,0.0
839.359006,312,12784.371737,312.0,498.64989980138336,109.97037452454174,119.63956067246565,31.949999999999875,-7.930000000000002,-39.88535154342652,-37.64543345198035,-43.02700779345497,-13.336406537562228,-51.4773788761781,-26.662391008453312,-12.88686002663399,0.683193650470693,4.263128378937124,1.0
2821.951165,1000,12817.259881,1000.0,1606.0708188103656,364.5041768296044,391.06270246859947,107.70000000000122,-21.550000000000015,-131.0184221887587,-102.92547985911372,-135.6469618926307,-42.77220211352982,-108.43241659265064,-62.87554790119845,-42.16550225210475,0.02783393870628819,0.5566787741257638,4.0
697.071821,260,12825.754045,260.0,432.1631517525242,88.8702739206172,98.44633118122546,24.14999999999995,-6.28,-33.11856132984162,-28.154505206085766,-35.124118183660286,-11.362356624368577,-58.97127771839584,-22.793052771529652,-10.754063685402228,0.8026222683360453,4.173635795347436,1.0
778.453769,284,12835.050052,284.0,475.0087673133315,97.85462603694472,108.56283686860843,30.44999999999989,-4.789999999999999,-35.8793164014816,-31.396083922684205,-40.428783201314594,-13.10909011211938,-59.024744316184,-21.665195126672433,-11.129248429681164,0.5795981712992584,3.2921176129797876,1.0
2841.966316,1000,12867.402466,1000.0,1630.74214868553,369.0527864818539,388.5500696135164,109.8000000000013,-21.080000000000023,-127.611460404396,-99.9002044860274,-135.44346038136297,-47.18507094477481,-115.59448957457899,-69.379033910919,-39.98496914804456,0.21760959186794593,4.352191837358919,4.0
866.740896,325,12877.90386,325.0,493.2050839141181,115.73558231526393,120.81468988896803,34.049999999999855,-7.610000000000001,-40.96329292297363,-37.62308840230109,-44.87442189196843,-16.23875624466817,-37.605030738976026,-25.82181828704544,-11.328051863714961,0.6677601688241311,4.340441097356853,1.0
1201.650019,410,12891.205434,410.0,741.019694662245,147.5389765506556,158.54379029809402,46.649999999999736,-9.750000000000007,-53.49748293876649,-44.77486732229588,-57.643793084542416,-19.563380969981846,-80.6903106219555,-19.47377558281753,-16.70883149374649,0.7038855754133421,5.771861718389404,1.0
1684.286541,605,12910.927973,605.0,992.883301205726,217.74647267989855,227.85658051992428,62.84999999999958,-13.77000000000001,-77.04811096191418,-63.34435942173002,-84.32100472122822,-29.364010210236984,-83.91940506885018,-47.85273811237383,-22.430184426420812,0.11612155458950105,1.4050708105329626,2.0
2614.099216,907,12940.331483,907.0,1576.0426354098367,323.107221376079,346.8662372710133,96.4500000000008,-21.480000000000032,-117.51684245586384,-92.82062293440093,-123.72623588045434,-42.33752491445992,-131.9158663891984,-69.75602670472823,-35.813758471019895,-0.04657179919702313,-0.8448124374339996,3.0
1861.403393,697,12962.977468,697.0,1059.7281360732588,250.72782435885287,268.5428112595648,72.44999999999989,-17.340000000000014,-89.11928590297708,-78.15699846036733,-93.93082167399979,-33.161208833922416,-88.31773736512426,-58.391815666362696,-28.627510509790035,0.34981431068984464,4.876411491016434,2.0
1368.788855,482,12978.620152,482.0,820.243555322867,171.1305888109977,181.2597580629642,51.59999999999969,-10.410000000000007,-61.95495409011837,-49.7648626476526,-65.98330306757526,-22.512119237932954,-69.17751607307864,-38.92365449929006,-18.718637349728024,0.004810471412401774,0.046372944415553105,2.0
2210.12379,803,13004.662938,803.0,1293.06762586705,286.2154383382425,311.34358828821536,80.85000000000021,-19.590000000000018,-102.70982992649077,-86.25993645489207,-109.41946651667783,-35.93336851908406,-114.16439880451742,-63.407153716476984,-32.868708317406785,-0.2212701917985923,-3.5535992802853924,3.0
4.994935,75,13007.112126,75.0,-43.11318532134704,22.432172717910188,28.320611269952256,0.6,-1.88,-10.978349337577818,-14.589087613672021,-10.125446595236657,-3.9719935460676834,-8.02688846821593,-25.34462729072706,-3.3282703860437213,-0.1930460098640485,-0.2895690147960727,0.0
1619.283327,680,13029.306668,680.0,822.9820848915306,246.05938695624073,261.70441733586256,63.14999999999958,-19.640000000000033,-87.51558082103735,-78.2244918845594,-92.51552770559334,-33.420763538039,-55.03125790591429,-60.55722366797508,-27.707716299096496,-0.014440573629401675,-0.19639180135986278,3.0
1111.515026,422,13042.912674,422.0,627.7866945933706,150.5352505095067,159.54785356242303,45.89999999999974,-11.440000000000007,-52.429390974044786,-46.240918757766494,-59.293858833819385,-20.327931251842298,-54.77009732348524,-34.75959652312628,-14.99297858133534,0.45293009835953124,3.8227300301544433,1.0
779.474925,272,13051.755889,272.0,502.430196416628,95.0395747673425,100.49390567821446,25.949999999999932,-7.390000000000002,-35.09832955837251,-31.023442414030413,-38.29618869615394,-13.894596834287901,-58.66662324072953,-20.62985917585148,-11.439711815727636,0.7466595475516339,4.061827938680889,1.0
953.642399,330,13062.527273,330.0,612.8360960206145,113.03824998852376,124.50020799923225,34.79999999999985,-6.610000000000002,-43.17328103065492,-36.38218632861971,-47.43309627810225,-15.94305012053535,-72.03804444295568,-25.30694502953469,-14.645551376449522,0.22647861353403287,1.4947588493246171,1.0
1203.389954,472,13077.9051,472.0,651.2074616945172,170.46176542299466,179.94465804069375,46.49999999999974,-12.300000000000011,-59.5201357793808,-51.23496125787497,-63.29475885303179,-21.283740915588492,-47.154928162727025,-43.111907930555226,-18.823498232508836,-0.06286810221720186,-0.5934748849303856,1.0
897.526512,309,13088.299228,309.0,565.0863178448111,105.52920039460832,115.85478113073798,31.199999999999882,-6.160000000000002,-39.54834554195401,-30.348160016909272,-44.68139811201784,-13.524540811216216,-52.75762692131401,-29.21657356037696,-12.90714283295699,0.7506281931951659,4.638882233946125,1.0
959.126198,352,13100.276155,352.0,561.6805919344356,123.21469366030942,130.24243421034663,36.299999999999834,-7.2100000000000035,-44.1201285934448,-38.91734053045511,-49.64769066522521,-15.673313661705789,-52.2751994603612,-23.867262491079185,-12.600586516687128,0.6676610183428093,4.700333569133377,1.0
842.295527,297,13110.445386,297.0,522.6402961068341,103.46665189791761,109.91127514787675,30.44999999999989,-8.200000000000005,-36.89700886726377,-31.312364986538878,-41.18704534334947,-15.328741788738245,-59.771343636780266,-18.380542900521405,-10.09564827186263,0.7498912265131896,4.454353885488347,1.0
1059.944886,373,13123.068968,373.0,654.8709017889535,130.5421552759514,143.95889949950484,40.94999999999979,-8.250000000000002,-47.82253231048585,-41.48986034691336,-51.77859833997277,-17.156694438454068,-73.8470540360898,-27.323591854485354,-15.708739143738143,0.5026083503228531,3.7494582934084844,1.0
1462.085536,514,13140.142381,514.0,866.6318465703525,184.93322784059382,197.95646251738242,56.39999999999964,-11.700000000000005,-65.56098897933965,-54.328153771907104,-70.11405356872298,-25.32193313490673,-69.15290994405072,-40.28616331730502,-21.37179844518286,-0.08508833675875059,-0.8747081018799561,2.0
2642.620967,896,13170.585487,896.0,1620.3013942724926,322.1414811611286,347.9231016669322,100.20000000000094,-20.550000000000022,-116.10215634346005,-90.12257948145273,-124.8069675974062,-45.37199194743337,-147.3987982345269,-60.33292872603602,-39.25958815790758,-0.1537247138345021,-2.7547468719142776,2.0
1510.007452,508,13187.902964,508.0,941.4458094686419,179.4208015837476,193.75633926196147,56.39999999999964,-9.850000000000009,-66.3166212749481,-52.53343866541983,-71.4717177278861,-22.044157081408372,-88.05102512356643,-36.114117280949834,-22.63442073025366,0.13249588433112675,1.3461581848042479,1.0
901.731571,311,13198.393256,311.0,532.1274243758395,113.9586925003138,117.61199955553717,33.89999999999986,-7.460000000000003,-38.43563536167145,-33.75605725422501,-42.06205319953799,-13.845468292616836,-40.03494030820591,-19.655494147713636,-11.616897320475564,0.6571091317032931,4.087218799194483,1.0
2656.442604,1000,13232.186574,1000.0,1423.3703773584514,366.09502425937643,387.34733862561,100.05000000000094,-20.850000000000012,-128.14957599163046,-97.91027132384482,-131.72248202039356,-48.84990998290582,-91.47021408358579,-62.178178122479196,-39.289504222727224,-0.317339433482119,-6.34678866964238,4.0
130.077021,116,13236.14657,116.0,20.550771040953013,36.33286755358986,41.61591521440347,3.7499999999999987,-2.81,-15.375195999145514,-24.39324967935681,-15.31888027259006,-4.2858912286726705,-1.148032037842065,-21.28310569518699,-3.5581779487203704,0.07187385853424341,0.1667473517994447,0.0
204.920303,120,13240.21711,120.0,73.04503988194631,41.79124971051392,44.48062555081928,6.0000000000000036,-3.13,-14.005663752555845,-17.42163371145725,-15.985721230510519,-6.294173374483529,-6.221326511037032,-13.64707530619136,-3.6910185333643617,-0.25611212686102613,-0.6146691044664627,0.0
2576.696632,1000,13276.199959,1000.0,1325.7338558309539,369.28787555990993,386.0717753287767,102.75000000000104,-23.070000000000025,-127.13302136898035,-103.25400585085154,-134.28938881319343,-46.04153205143871,-77.78444224419113,-57.907528702530314,-37.66695573367974,0.2480538574005111,4.961077148010222,4.0
539.562766,287,13286.770704,287.0,197.4637529541992,103.25395108640835,108.49408741947087,20.099999999999987,-7.9700000000000015,-36.50739769935608,-35.27257250919939,-38.07636275258324,-12.346702294456598,-8.824970123799503,-28.052584766913867,-9.698435507312343,0.07105782529017426,0.4078719171656003,1.0
1227.70659,478,13304.608375,478.0,660.8799030389036,170.4221483919181,179.36369856704653,49.49999999999971,-11.170000000000009,-60.517609124183615,-53.432276640832434,-65.11853059234274,-22.72480479687567,-52.45341541808851,-27.271359747410887,-17.771163832869483,0.16802834254126345,1.6063509546944785,2.0
909.525454,331,13316.413813,331.0,563.8482418485274,117.67804818350706,120.48366992500605,35.99999999999984,-8.650000000000004,-42.14334776878358,-35.91386289447544,-47.14118430050594,-15.591020965091708,-51.52031789722323,-45.803084645420846,-12.721687970440563,0.4733785472621687,3.133765982875557,1.0
2469.9089,892,13348.313408,892.0,1424.511421436353,317.2945344589071,345.5696520980624,96.75000000000081,-18.320000000000014,-114.77376383304622,-96.58217591978615,-122.0083781411912,-39.85234203765486,-110.58814366178325,-65.04196423412881,-39.04993980277456,0.05671240840481578,1.0117493659419134,3.0
1526.475313,541,13373.606531,541.0,901.8690587671567,196.5859496088585,204.39029541182668,59.249999999999616,-14.950000000000012,-69.68319622516631,-55.40794730894268,-75.81484922964007,-25.773740372715842,-79.91638486765873,-35.13074821286944,-19.943124648869055,0.1262093308923366,1.365584960255082,2.0
2720.085188,1000,13408.818634,1000.0,1507.2690282774379,367.4330519689858,388.38576698558927,100.50000000000095,-23.430000000000025,-131.34737315177915,-99.27470504641545,-136.36725438010407,-45.82846868780232,-98.2751184692894,-66.61708131238782,-42.36265792635891,-0.23050358871448204,-4.610071774289641,3.0
1057.467244,394,13422.535744,394.0,612.0807568310772,139.29304229338203,149.7632609279836,43.34999999999977,-8.110000000000003,-50.61583183288569,-46.239999419078266,-56.012224458058455,-19.270747261952227,-44.14565839128953,-40.722190904676836,-15.903163431097685,0.5427008308560196,4.276482547145434,2.0
2617.368696,1000,13458.183377,1000.0,1366.3714633295215,373.18484936843714,386.20674965221605,106.80000000000119,-25.250000000000043,-125.34633029460895,-104.79948945939552,-135.99237085565295,-44.59859207872256,-80.1655867841475,-59.449972531497956,-39.592024393345994,-0.029262802530856925,-0.5852560506171385,4.0
1242.763998,460,13473.908621,460.0,691.5438171512168,168.5376436513387,171.3103172966848,51.59999999999969,-9.750000000000009,-56.33374642848969,-47.52368311434983,-62.90349778622312,-21.26070233925315,-54.30717681788518,-31.892675245388784,-16.256297905409244,0.3510066256903348,3.2292609563510806,1.0
2772.170083,1000,13509.024158,1000.0,1565.0444861549404,370.0850467598148,387.5369585575318,101.55000000000099,-25.46000000000004,-128.28502386569974,-100.52333154082305,-137.61920941384142,-47.163334498113194,-107.4817450236141,-64.22126635672684,-41.2924979187162,-0.040567860331213075,-0.8113572066242615,4.0
813.388228,281,13519.175377,281.0,502.70442897124707,100.55065574764356,105.30670247960133,30.749999999999886,-7.330000000000004,-36.44366454124454,-30.090904683619726,-39.5390780236264,-14.345602301361298,-46.64740811121721,-21.83461199248918,-10.692289234445463,0.2858212623870812,1.6063154946153966,1.0
520.457726,184,13525.90337,184.0,351.47607334408553,58.819815925329934,68.89482429681105,19.349999999999994,-3.4299999999999993,-23.874226698875415,-21.973432264477022,-25.97243733026094,-8.024673411989582,-48.68904583108015,-21.21478670511312,-8.904385723770782,0.6146719109371882,2.2619926322488526,0.0
1661.738088,580,13546.517076,580.0,1028.656228692277,199.62030859418837,225.55008832417678,61.349999999999596,-12.190000000000007,-77.56012387752536,-65.55862551350143,-81.87934302823342,-25.87738282607446,-101.56067326663921,-43.578423391940184,-25.233965650294376,-0.4724307351472624,-5.480196527708244,2.0
2752.082019,1000,13582.456716,1000.0,1534.4330546036233,367.54170389499075,386.26503734701174,107.85000000000123,-23.510000000000026,-127.60052445411682,-99.88258511498567,-135.95202223362543,-49.54426353302317,-100.42795651587085,-67.1506971181932,-39.939727400942765,-0.1902206188452349,-3.804412376904698,4.0
2750.552143,985,13619.281432,985.0,1583.6727900828437,358.2422190701116,372.5804288700552,108.60000000000126,-19.22000000000002,-125.00545964717872,-104.07759802229705,-136.4031702818265,-44.858772792289045,-121.12532128522759,-68.73942383305211,-38.11354925045221,0.18949730895639405,3.733096986440963,3.0
75.806529,81,13622.310108,81.0,-5.783715502813855,27.88616765317157,29.365019837553156,1.9499999999999995,-2.0299999999999994,-10.815334959030153,-12.853017832338812,-11.339788103974113,-3.940085254056638,-2.356907018460295,-12.739465005349885,-2.5363450003327483,-0.07689294632382324,-0.12456657304459365,0.0
342.564395,163,13628.412586,163.0,156.32267834021727,57.37256726744765,61.660809907204595,14.100000000000023,-4.98,-20.331744256019594,-21.505065378546707,-23.529399672132527,-8.008161201765773,-7.345198088843878,-18.050268260808302,-6.141823237164885,0.05901917991979232,0.19240252653852297,0.0
1844.230923,677,13652.706527,677.0,1044.6241787112522,243.27490852574974,261.60862760846567,69.29999999999977,-18.25000000000001,-86.32396025657661,-70.79206154271967,-92.8845733626306,-31.862228540759098,-78.75703532543585,-42.53810346210577,-30.168828893361244,-0.3508296754481129,-4.750233805567449,3.0
1159.724217,418,13667.088307,418.0,754.7705847273639,148.69237769723424,159.5257634276223,43.499999999999766,-9.730000000000008,-53.006674666404656,-51.99426570162173,-58.904447631107445,-21.482960738085076,-112.83303624403851,-38.65772872478217,-18.15539546768538,0.6361584054263877,5.318284269364601,1.0
1832.528555,696,13692.21732,696.0,979.3985468873674,254.46500530616242,262.5096332849259,70.64999999999982,-17.070000000000018,-88.47184930324545,-72.40244653262195,-97.06504986592317,-32.569891146685066,-58.60005822767339,-39.394244349986984,-24.92109103190264,-0.17375715884685444,-2.4186996511482137,3.0
1148.534589,387,13707.480678,387.0,752.3571542755959,133.91133017386852,149.1978578264998,40.0499999999998,-8.55,-50.41459368228914,-43.416306559741486,-54.24146664445313,-19.452392082727123,-88.060246183004,-31.538044832744955,-18.308703296927142,0.528519696631325,4.090742451926456,1.0
2177.516266,787,13736.7988,787.0,1270.048460792917,286.7942423213916,300.32362830481907,77.25000000000007,-19.660000000000025,-100.41983586311326,-82.83298735655858,-107.02990413617415,-36.6566884832407,-112.94377748006298,-52.785291562726435,-31.571580043608545,-0.09211998920139171,-1.4499686300299055,2.0
1371.882244,463,13753.790686,463.0,860.837094502353,163.81976255364515,178.45399507999966,50.0999999999997,-8.780000000000005,-60.36107621192934,-49.96325589716436,-66.37835685046838,-21.223163353997226,-86.6419717373835,-29.64204280101765,-21.338741319177856,0.60529874229825,5.605066353681795,1.0
2593.034048,1000,13789.863867,1000.0,1334.7583799653848,373.1486385252843,378.1360980214642,106.20000000000117,-25.000000000000036,-123.40123553276062,-101.83757299482821,-135.9981803402608,-46.39649124326534,-75.2611028335842,-55.992032078345154,-35.322453022556125,0.017609834961114946,0.3521966992222989,4.0
369.87357,136,13794.490488,136.0,246.991070320948,47.03112361818787,48.399343453601205,11.700000000000017,-3.889999999999999,-16.819151940345765,-18.747291579097507,-19.866527350240563,-6.7904168450771145,-35.02176797675177,-13.662507186500592,-5.450304644540356,0.9372887467149059,2.549425391064544,0.0
