#{"t_start": 1783133905.6346483, "env_id": "None"}
r,l,t,rc_alive,rc_forward,rc_upright,rc_height,rc_single,rc_air,rc_ctrl,rc_action_rate,rc_torque,rc_slide,rc_lateral,rc_yaw_rate,rc_joint_vel,ep_speed,ep_dist,ep_pushes
-37.320212,63,1.169294,63.0,-47.367802936924924,18.406651663912385,19.9070939373298,1.05,-3.61,-5.423557000160217,-28.195069861412055,-10.08317934276026,-3.9660321106817156,-7.07251447737555,-31.72174976332809,-2.2440521279853263,-0.32415930570803647,-0.40844072519212593,0.0
-33.878838,49,1.239767,49.0,-36.807453770857244,13.143617820607748,15.245604534381915,0.3,-3.84,-4.040148549079895,-20.254575729370117,-7.535145449915331,-2.2928719813370466,-4.840296300211596,-30.02659194456775,-1.930976958864938,-0.4310429640855495,-0.42242210480383846,0.0
-5.246979,82,1.352528,82.0,-39.780420604675605,27.042202964103176,27.020828427399987,0.3,-3.749999999999999,-6.346525013446808,-33.66812283992767,-12.947410814467078,-4.033055336901603,-5.738883600035621,-32.46372209422499,-2.881870174675802,0.236839106511264,0.38841613467847297,0.0
-45.6214,51,1.419758,51.0,-51.99328897952053,13.902140767746927,15.608420547120653,0.0,-2.75,-4.227718198299408,-21.59612737894059,-8.341021278091953,-2.8212658401303012,-6.675076612143973,-25.699377517202226,-2.0280855256202974,-0.4223791657638772,-0.43082674907915475,0.0
-35.717,47,1.486273,47.0,-35.53027419754196,11.648661369583916,14.254915179599932,0.3,-2.4399999999999995,-3.7931580877304083,-17.881087172031403,-7.445137470011746,-2.498449204989694,-5.084459119526484,-32.24351087777829,-2.004500609897347,-0.32414073665921844,-0.30469229245966534,0.0
-35.584452,51,1.560672,51.0,-55.95657556142375,13.872208335988756,16.071472392579476,0.44999999999999996,-3.05,-3.8239075064659116,-19.418384313583367,-8.075670580730186,-2.179767983476937,-7.5168100418562265,-15.22267404262493,-1.7343426027401894,-0.42840669415067223,-0.4369748280336857,0.0
77.136376,96,1.698354,96.0,32.99687855428676,31.40281013565186,32.307368323439235,3.149999999999999,-4.86,-7.740251476764681,-36.60243721008301,-15.024151461834155,-4.066050191248021,-1.8399108113739375,-44.91132186320641,-3.6765579957104833,-0.02558014055412668,-0.04911386986392322,0.0
-47.322013,48,1.77182,48.0,-34.24356506000405,13.249720884745312,15.72825796006768,0.3,-2.65,-3.8063059782981865,-19.046006846427918,-7.672140530692719,-2.452470337518756,-3.3848502580932744,-49.290254693080506,-2.0543986271736334,-0.32309994246725476,-0.3101759447685646,0.0
-40.096391,69,1.869748,69.0,-57.4243905386184,22.697725264699898,23.773441646836865,0.0,-4.18,-5.754819316864014,-28.15245175361633,-11.339860677236791,-3.739375735173781,-5.260251182995251,-37.01544560963329,-2.700962692586319,-0.3438820776346624,-0.4745572671358341,0.0
-42.197908,58,1.954141,58.0,-50.65246715839477,16.17383967651618,18.20423042810999,0.75,-2.4499999999999997,-4.885806441307068,-24.690619874000557,-9.33366339691597,-1.9764657150329834,-7.317700270320906,-32.13396055757275,-1.8852944194047547,-0.40970761188235916,-0.4752608297835366,0.0
-15.499799,83,2.072191,83.0,-46.72301763759162,25.604642006984854,28.32642638936342,0.6,-5.3,-6.824074447154995,-33.22150053977966,-13.616810287421801,-3.9289914912248887,-7.698236788398284,-32.15549092908414,-3.562745012598546,-0.22047880880523632,-0.3659948226166923,0.0
-45.710381,55,2.149435,55.0,-59.62607214620199,15.130022537896952,17.83178868695592,0.15,-3.6799999999999997,-4.342853057384492,-21.988602125644682,-8.483473652681758,-2.6840269698542767,-8.698728632036417,-22.273605609687603,-2.0448297038381864,-0.4416280575644569,-0.4857908633209026,0.0
-20.10546,59,2.226106,59.0,-42.2003200718622,17.275507709701376,18.847628173054414,0.3,-2.7199999999999998,-4.595970010757445,-25.30275518894195,-8.87444573958558,-2.2022425092751674,-5.436894626745273,-22.307840291705865,-1.8881272120332624,-0.28324221381582504,-0.3342258123026735,0.0
29.230651,71,2.325967,71.0,-9.132855302811924,23.524540692321086,23.951138979548713,0.75,-4.98,-5.810880427360534,-29.304374682903287,-11.17062988230666,-3.6162278618738704,-2.491083148118697,-20.521286649551982,-2.9676910538910755,0.12226719623001066,0.17361941864661512,0.0
-42.474474,63,2.41539,63.0,-61.941442013658865,18.20995515628195,20.357150332770782,0.3,-3.2399999999999998,-4.832078173160555,-25.688835525512705,-9.698928287331409,-3.15383609360446,-8.64057812766339,-25.171091118777777,-1.9747896808325767,-0.3352702755790086,-0.4224405472295509,0.0
-9.94062,58,2.497352,58.0,-31.262932975917956,16.714891681066394,19.276209470914605,0.6,-3.0699999999999994,-4.5699079418182365,-23.475948023796082,-8.862138627624512,-2.6989300533193203,-3.933315337787047,-24.70529989236989,-1.9532485578945433,-0.23225844551026129,-0.2694197967919031,0.0
-50.521165,52,2.57462,52.0,-62.625541498622226,14.128587149462,16.861965964334953,0.44999999999999996,-2.19,-4.219220576286317,-20.418970668315886,-8.19486032343007,-2.313824619237561,-8.768988097381746,-23.291709443424253,-1.9386033832555987,-0.4585976041445956,-0.47694150831037946,0.0
15.139253,53,2.650066,53.0,-3.8417008293455552,14.176500364440873,15.271934471764515,0.9,-1.91,-4.107164704799652,-20.286795496940613,-8.215991850792683,-1.8765277224613077,-0.7096090319688926,-25.46321123728505,-1.7981812432048307,0.003637328208513142,0.0038555679010239307,0.0
-47.163857,50,2.717141,50.0,-50.72456659729392,13.88051045079672,15.573389907820044,0.15,-2.9899999999999998,-3.8074821424484258,-17.873583793640137,-7.5942558563211024,-2.2174605451375764,-7.90368411450547,-31.908474529746243,-1.7482492821805298,-0.35053089444520735,-0.35053089444520735,0.0
-22.516769,40,2.775102,40.0,-21.858887347341827,10.640702173455008,12.857740598094692,0.15,-1.67,-3.19108628988266,-15.343955039978026,-6.410897228950094,-1.702522849658885,-2.8769068685202766,-31.455199731797887,-1.6557566718612768,-0.22594539630068236,-0.1807563170405459,0.0
119.483429,92,2.910404,92.0,72.61353373560323,30.13764315319507,30.479462188833075,4.5,-4.880000000000001,-7.136014699935913,-35.06221038103105,-14.782524147558078,-5.1690894304585235,-8.977062838872726,-30.485914034536904,-3.75439412265164,0.10944435781959015,0.20137761838804588,0.0
64.970408,67,3.003575,67.0,47.01545445101175,20.437787882666182,20.57994268620569,2.3999999999999995,-3.3299999999999996,-5.262711372375488,-24.632659816741942,-10.90621740082977,-3.1221941387661607,-6.541403038929665,-35.8269359870075,-2.840655153444562,0.30805388609170553,0.41279220736288547,0.0
-23.307825,66,3.090306,66.0,-52.2636345252522,19.46631870866712,21.576081779279807,0.3,-4.62,-5.098966634273529,-24.925331735610957,-10.197746350808261,-2.8844902776899866,-7.663369606849483,-20.4956465100141,-2.501039662652918,-0.3113765975900997,-0.41101710881893166,0.0
-9.255988,63,3.165503,63.0,-26.63205351151242,18.708831701825556,19.51641451431506,0.15,-3.02,-5.339840762615204,-28.533518266677863,-10.086645755111961,-2.92580248677968,-3.104987626587151,-28.609455143504515,-2.3789309901740507,-0.15638611322493248,-0.19704650266341492,0.0
-65.975724,50,3.228612,50.0,-60.30086161370043,11.85392720368936,14.900151584857102,0.0,-3.09,-4.07321260690689,-20.281116425991062,-7.944653126915294,-2.2587346596327476,-7.882091227468199,-34.85326290965512,-2.045870657480414,-0.5001102558731219,-0.5001102558731219,0.0
-8.253678,63,3.31477,63.0,-18.977791324527498,19.21439595920707,20.77124513198102,0.75,-4.21,-5.062578458786009,-25.315348565578457,-9.763613758836447,-2.4060753255793594,-3.773205335662407,-40.002673190213216,-2.478032855965723,-0.035728752899336365,-0.04501822865316382,0.0
-49.188031,47,3.379487,47.0,-50.63645328590531,13.539685296338124,16.027072268795184,0.0,-2.0500000000000003,-4.042732920646667,-19.01348003149033,-7.407685317911727,-2.679262554761973,-8.713673982951622,-29.186707571290036,-2.024792805116916,-0.3903985462089396,-0.36697463343640324,0.0
-46.610135,46,3.440624,46.0,-52.694004150945716,13.06430404920771,14.777362609928886,0.3,-3.2199999999999998,-3.8339732599258425,-17.615075707435604,-7.836380113188002,-2.1001358250386155,-7.165421214648147,-24.50997718270582,-1.7768340995868606,-0.4591725960496168,-0.42243878836564747,0.0
-23.758719,75,3.543888,75.0,-35.963580966777485,21.9397358606912,24.536533603204436,1.3499999999999999,-4.700000000000001,-5.675429627895354,-29.16759340763092,-11.786545462223161,-4.066101371257525,-4.209906993806536,-48.595004501937304,-2.4208257915912497,-0.1832483054671269,-0.27487245820069034,0.0
-41.597672,52,3.611889,52.0,-50.889558646466625,13.326859885502472,16.26586616985238,0.0,-3.1099999999999994,-4.08916300535202,-19.85389075279236,-8.001109345109073,-2.491860742009691,-5.955709101023487,-26.885479187046197,-1.9136270994101843,-0.4040479078471753,-0.42020982416106234,0.0
-44.06647,61,3.694825,61.0,-51.144959703210375,18.56297016231172,20.19182694820696,0.44999999999999996,-3.0199999999999996,-4.733912563323977,-22.651040148735053,-9.41940818437227,-2.691104210181193,-6.403263890148004,-41.824813209812234,-2.3827650758482566,-0.04374110059676017,-0.0533641427280474,0.0
22.096384,55,3.770426,55.0,-5.459738978510076,16.295674012051023,18.583593518009156,1.2,-2.23,-4.448102355003357,-20.5082482457161,-8.259661277110876,-2.0866693782942995,-0.9687930548954818,-22.919591287163286,-2.102079156069288,-0.04278503036540362,-0.04706353340194398,0.0
-57.479903,59,3.851468,59.0,-59.473496272005676,15.47107943128269,17.672927452053543,0.3,-3.3399999999999994,-4.881451454162597,-24.093418157100675,-9.335568823794357,-3.740006830878621,-6.33775431242128,-36.315412067164225,-2.4068021417960077,-0.4923643334870164,-0.5809899135146793,0.0
-32.517368,43,5.744629,43.0,-26.60944130646564,10.973444399015182,12.794530073403033,0.3,-2.15,-3.7585027790069576,-18.962938153743742,-6.821284676649575,-2.1000543118987136,-3.0827925564905154,-34.535078009387604,-1.5652504301915036,-0.36065139367924537,-0.310160198564151,0.0
-27.598534,55,8.046548,55.0,-41.67787886125892,16.701559558002103,18.87268486371035,0.15,-3.7399999999999993,-4.894953784942628,-25.0422168970108,-8.403335381996083,-2.1748843346636546,-4.677463576956189,-25.99998632793672,-1.712059354384645,-0.3320236913457381,-0.365226060480312,0.0
-37.092748,76,11.254369,76.0,-59.432649667522725,21.334024375555277,24.56831949888627,0.44999999999999996,-4.69,-7.063068933486937,-31.485897505283354,-12.476666804364973,-3.5600056136137455,-8.311057244617498,-29.161326882757006,-3.264419651736208,-0.3157855518623562,-0.4799940388307814,0.0
-22.94481,60,13.799112,60.0,-33.99201737801305,17.774832144182174,18.994088999485875,0.6,-3.6399999999999992,-5.924513111114502,-27.106240463256828,-9.695148349563445,-2.6720458126883937,-5.1514649561436014,-29.23765170649473,-2.894649529100331,-0.15866304767971484,-0.1903956572156578,0.0
-35.369104,44,15.556601,44.0,-37.42658552785634,11.567830622086191,13.239750283000554,0.44999999999999996,-2.44,-4.444826250076294,-19.875631749629978,-7.4161016084389155,-2.4906010983817133,-5.513559739445595,-22.926761466522652,-2.092617456730191,-0.34625781122559796,-0.3047068738785262,0.0
-48.601835,54,17.678745,54.0,-46.38603999415933,15.670729244436107,17.097909851341953,0.3,-3.7399999999999993,-5.260575675964356,-21.815593266487127,-9.03756032066393,-2.9297076281389085,-6.2754214004032045,-37.214910171899,-3.010665494235275,-0.3359250073573771,-0.3627990079459673,0.0
67.17619,54,20.004863,54.0,44.577389194200435,17.41238462153705,18.02192790893108,3.299999999999999,-3.0399999999999996,-5.257431883811949,-21.17782460451126,-9.213012289676575,-3.2783721687204435,-4.125207318224954,-21.091042970538386,-2.9526205289572127,0.36855690781075046,0.3980414604356105,0.0
-45.02235,67,22.643877,67.0,-63.40226240301041,16.674839928407977,18.696213438961365,0.15,-2.53,-7.257897372245789,-31.003686201572418,-11.298970499056827,-3.1745228170533006,-7.1582537993582225,-18.54566672750543,-3.172144013402045,-0.4686489022578782,-0.6279895290255568,0.0
65.192008,61,25.182142,61.0,45.10907944159649,18.702348076339334,20.782574485204254,2.3999999999999995,-4.73,-6.766049871444703,-26.166952264308918,-9.990773543531125,-3.306495577390099,-4.547979401913936,-24.47869706711488,-2.815046302031102,0.23511605754237822,0.2868415902017014,0.0
-22.642628,63,27.744909,63.0,-39.766556037363245,20.025393577191906,20.40915715240229,0.15,-3.4699999999999993,-6.969019055366515,-28.401873946189884,-10.935674810447946,-3.041711232297544,-4.569381434776136,-25.830818455265543,-3.2421440483817143,-0.2617539319717577,-0.32980995428441473,0.0
71.647899,77,30.855783,77.0,23.31135698651879,23.801551411192243,26.23643146946035,2.3999999999999995,-4.04,-8.630817184448246,-31.30080536603928,-12.465389850530695,-3.1076880372023274,-1.6020796047352646,-16.280451399695924,-3.6742094846600937,-0.23372756746424048,-0.35994045389493035,0.0
-0.562089,84,34.163649,84.0,-37.77019926436018,25.771081466059123,29.136395266862046,1.2,-2.73,-9.13703050136566,-34.690071165561676,-13.786362023603843,-3.572915321876532,-6.707231592955385,-28.550931002402088,-3.7248250933803493,0.13386480100163212,0.22489286568274194,0.0
-30.815139,74,37.181924,74.0,-61.06288630279185,24.404107882121423,25.371596907428092,0.0,-3.0699999999999994,-8.512626338005065,-27.40697807669639,-11.557223944519182,-3.5922794224243777,-8.783237069365294,-26.986079828830675,-3.6195328613163875,-0.35507466144890726,-0.5255104989443827,0.0
77.217232,45,39.023862,45.0,54.01795292116945,14.146577457199289,15.406563706326537,2.999999999999999,-2.1199999999999997,-5.0239409780502315,-16.57641634941101,-7.366189709242949,-1.8771401453485024,-7.756903008667075,-11.88235218863783,-1.750919692012712,0.4899840129445576,0.44098561165010186,0.0
70.778341,44,40.766472,44.0,61.00023118242573,15.151271428834313,13.322207006707162,2.3999999999999995,-2.29,-5.101308999061586,-18.533643710613255,-6.834764564855976,-2.850909506733507,-8.7207742947002,-19.01416709587191,-1.7498004284180408,0.6150021790668968,0.5412019175788692,0.0
119.060187,68,43.529094,68.0,87.21297960909125,23.378989348688094,21.200432110956893,4.800000000000001,-3.5299999999999994,-7.765217723846436,-26.609293103218086,-11.258623124331875,-3.055585533695198,-12.206017098659705,-17.918678557261003,-3.1887987085390663,0.5983175832035919,0.813711913156885,0.0
85.337636,63,46.036652,63.0,57.01233296470722,17.49087215224583,20.37492446888964,2.999999999999999,-2.17,-7.107405962944031,-23.981879234313972,-10.256744846879236,-3.007558858179178,-6.355584215758978,-20.054646425120172,-2.6066739352773314,0.4583517283610396,0.5775231777349099,0.0
168.876914,109,50.41378,109.0,96.48820641939817,37.727749428217535,39.44595424984566,6.150000000000004,-5.620000000000002,-12.732367296218873,-46.11500577330587,-18.13219422854559,-4.647795813443861,-9.80924689231498,-18.48274551307875,-4.395640867837448,0.3232618900317195,0.7047109202691486,0.0
97.700897,64,53.031841,64.0,65.38709920731704,21.517798001918095,21.065538107612472,2.5499999999999994,-3.729999999999999,-7.371508297920228,-30.469973033666605,-10.750684861786963,-3.0605786407156126,-6.515659549273183,-12.035002701078716,-2.8861310186290163,0.4541448357651915,0.5813053897794451,0.0
100.687937,66,55.798254,66.0,63.94384264447809,23.053459366898984,22.245275447547467,4.199999999999999,-2.5,-7.775268492698669,-30.117414212226866,-11.02089124634184,-2.9292380586028934,-8.019029953482821,-13.69696072848129,-2.6958379831500454,0.38230325204327825,0.5046402926971273,0.0
94.695765,65,58.37533,65.0,64.02826105443346,21.30703954958916,19.804966371855336,4.049999999999999,-3.2899999999999996,-7.844886860847474,-32.03419187664986,-11.293383110620338,-4.024766700253592,-4.8035281275438955,-13.070900966530571,-3.1328439925713396,0.46175746653957156,0.600284706501443,0.0
91.953321,68,61.303676,68.0,83.93193279006299,22.69530847327069,21.50752812683963,4.5,-2.44,-8.06856348991394,-35.360488528013235,-11.470384497009288,-3.9741001190605343,-11.20567940062624,-33.17364322199899,-2.9885890007569507,0.34984204345858105,0.47578517910367024,0.0
37.744016,33,62.65363,33.0,30.414841781589974,11.238001803614795,10.092441996865853,1.7999999999999996,-1.1199999999999999,-4.121881284713744,-15.867753601074222,-5.6824538929481205,-1.5689678786495949,-4.75584897730001,-13.795939719496205,-1.8884247243980654,0.3712492314655081,0.24502449276723534,0.0
78.572636,49,64.659138,49.0,60.09465306642064,14.67339976612441,16.692310706325415,2.849999999999999,-3.0499999999999994,-6.2756153297424335,-24.32401357889175,-7.962397619258667,-2.0621762138004596,-8.144437345138853,-10.866554923391988,-2.0525327675024516,0.48010153140380923,0.47049950077573305,0.0
85.106222,59,67.198433,59.0,72.48349700088106,18.453855543476408,19.638317952217065,2.0999999999999996,-2.2,-7.57424798488617,-28.35365630984307,-10.299059634188277,-2.2761555250179035,-9.723047261030962,-23.07164293250922,-3.071639140400457,0.5134487698856725,0.6058695484650934,0.0
71.738188,49,69.154213,49.0,55.249627832704824,15.883434644127666,16.905311426071638,2.2499999999999996,-2.0199999999999996,-6.090061149597167,-25.276213032007217,-8.278158010715371,-2.1517283489083447,-7.150586976255701,-14.240123733686698,-2.343314439558709,0.46385423109868396,0.45457714647671027,0.0
66.670051,79,72.318923,79.0,16.715999731055696,24.91175424728584,29.043310015227018,1.7999999999999996,-3.32,-9.659883465766905,-35.320663052797315,-12.683512631321396,-3.2147968265016713,-1.0241923231375563,-16.976421021301952,-2.6015433794075564,0.11386839252507439,0.17991206018961753,0.0
76.752917,50,74.289546,50.0,59.107654391783136,14.953669227968021,16.156414765764765,2.0999999999999996,-1.42,-6.470685391426088,-27.830298286676417,-8.085341138417078,-1.96628880763769,-7.428356006878801,-10.527090017213343,-1.8367618850432854,0.4695685410436178,0.4695685410436178,0.0
104.63331,73,77.269952,73.0,65.03253209372993,24.056209268996984,24.739028025292072,4.049999999999999,-3.6899999999999995,-8.586907873153685,-33.94081665277481,-12.780597624390202,-3.853811563896365,-3.614340699973354,-15.762643811910113,-4.0153407764997375,0.42596218933800917,0.6219047964334934,0.0
52.047624,68,79.955143,68.0,16.104728970858318,25.782025999101712,24.60135725665647,1.05,-2.3599999999999994,-8.098281989097595,-32.269340115785596,-11.317392162532977,-3.5800235858561424,-0.9776969069013549,-21.609119774523013,-3.2786336586821503,0.1010492755703343,0.13742701477565467,0.0
59.319285,89,83.650301,89.0,10.945336523140607,29.660070283971717,30.527228007948967,1.05,-4.319999999999999,-10.883641500473024,-45.55185930430888,-14.763982465931445,-4.781784845999985,-1.1782075786945554,-16.90553448485028,-3.478339184304754,0.18186563728686464,0.32372083437061905,0.0
82.16824,82,86.941017,82.0,34.32167971802974,28.54919788626196,28.224792948607554,2.999999999999999,-5.250000000000001,-9.600252127647405,-39.97052595615387,-13.529636675212712,-3.7549262348464065,-4.101077771227146,-14.774578079248162,-2.9464334334174573,0.04660068075987488,0.0764251164461948,0.0
28.764809,58,89.304022,58.0,4.67513708793779,16.686313545261388,18.382363496818904,1.3499999999999999,-2.85,-6.484429059028625,-28.766722512245178,-10.002315167349378,-2.6106880491265563,-0.376591738621749,-17.18049753443542,-2.057760654215457,0.11128372604885656,0.1290891222166736,0.0
100.628014,90,92.982022,90.0,50.19199000141028,31.44395320464938,30.861964959410614,3.149999999999999,-2.9299999999999997,-11.033245048522948,-39.829383277893065,-15.261113381152475,-4.913892852813241,-2.4989317231977735,-24.074392039244202,-4.478935918525323,0.35003253928534006,0.6300585707136122,0.0
122.118503,99,97.167284,99.0,72.84586060280381,33.88639038194613,33.54543187504704,4.950000000000001,-4.790000000000001,-11.505220117568975,-49.083585083484635,-16.526688559504436,-5.287373373670445,-6.997008030864283,-23.368016090838303,-4.551288437238664,0.07791021774132392,0.15426223112782136,0.0
35.426079,60,99.680358,60.0,-1.8507851949254228,19.166763287428285,17.936014637534736,0.75,-2.42,-6.427103285789489,-28.63788743019105,-9.834375164521099,-2.744383012776155,-0.4988940341772402,-7.560872431745726,-2.452398522355097,-0.040559298540500416,-0.0486711582486005,0.0
61.454222,71,102.528971,71.0,12.027428891032601,22.98203400763893,25.819233760478017,1.3499999999999999,-2.98,-8.212164869308474,-33.29592595696449,-12.012992510045057,-2.4820997530005164,-0.5675465866519137,-9.031791394249309,-3.141954018145515,0.20336305899625734,0.2887755437746854,0.0
32.780587,60,105.049125,60.0,-2.9867670729234947,20.834598199088276,20.26449070063971,0.44999999999999996,-2.31,-6.478739504814146,-29.244489693641654,-10.130639276322041,-2.7347337426783285,-0.7392272359048162,-11.843690315203501,-2.3002146842458027,-0.1744981561097406,-0.2093977873316887,0.0
-42.297529,58,107.587838,58.0,-55.0795011929642,19.115630942186996,19.83863059326177,0.15,-3.1199999999999997,-7.487193570137024,-29.01961798667908,-10.11502084228175,-2.7470433528970006,-7.4032912839708,-21.163122599571974,-3.266999655591214,-0.3703296636310949,-0.42958240981207,0.0
75.438724,76,110.752218,76.0,22.084412003166435,24.81428196940074,28.553628766286675,1.4999999999999998,-2.76,-8.531206216812135,-29.808361673355108,-12.719672290932147,-3.2808111487334912,-1.1055996358302802,-15.917646012329296,-3.3903013794744115,0.24519114970851952,0.3726905475569497,0.0
44.768358,46,112.743035,46.0,19.24883763231757,13.5777645374535,15.099174843392454,1.7999999999999996,-2.15,-5.60042010307312,-17.559631791710856,-7.571733713189185,-2.9963025100316645,-1.9083585022313208,-10.465864925101013,-2.7051076906994482,0.46359718070449873,0.4265094062481389,0.0
104.360667,69,115.806241,69.0,55.12182422634951,21.784856005354996,24.406148865086237,3.449999999999999,-3.5599999999999996,-8.26358994960785,-23.8274955958128,-11.353546064978783,-2.8250655291125293,-5.077826555965939,-11.328043653580583,-3.166594686551291,0.27865754247659674,0.38454740861770353,0.0
84.781037,53,118.061833,53.0,57.98228787733229,16.083364639562188,19.535355072608645,3.5999999999999988,-2.1599999999999997,-6.458964614868165,-22.05474592447281,-8.736946407702147,-2.19653708883381,-4.061092476113172,-17.15877487081363,-2.5929092664612736,0.5113211591762007,0.5420004287267728,0.0
81.178161,53,120.364064,53.0,61.85275506366913,18.47199376521293,18.7020844697418,2.5499999999999994,-3.4299999999999997,-6.354763183593752,-24.862610107660288,-8.566516217456966,-2.937901267135798,-7.729756018295375,-17.178221616178917,-2.338903580633123,0.5109413443013231,0.5415978249594026,0.0
87.441968,67,123.173032,67.0,44.45111196558831,22.83267962349067,24.38428868165849,3.149999999999999,-3.489999999999999,-7.574411792755126,-27.134827506542205,-11.141682798453733,-2.65624079564526,-2.40418536929207,-16.805737242917772,-3.169026272679711,0.40660242576124717,0.5448472505200712,0.0
99.138929,56,125.520942,56.0,79.61784099330109,18.357069904927886,18.413114320638698,3.449999999999999,-3.2799999999999994,-6.893438601493838,-27.787738537788396,-9.108303366726235,-2.3547584922153244,-11.52151642890848,-13.2794608897921,-2.473879448559979,0.5759496224310756,0.6450635771228047,0.0
108.815787,78,128.762609,78.0,64.72153539733353,25.828675093990626,26.148750268430767,3.7499999999999987,-4.95,-8.807286520004276,-36.396335649490354,-12.570377197032274,-3.3130949356308133,-2.2282037558798344,-18.35340901396277,-3.0144662119873016,0.46234621179018776,0.7212600903926929,0.0
92.37288,60,131.283875,60.0,69.49550480465419,15.433267058106821,21.081520970970256,2.5499999999999994,-2.25,-6.98152329444885,-24.13696346879006,-9.599809495714856,-2.0989716484244347,-7.7153782134079005,-20.63181919171665,-2.772947392344334,0.2781692338265351,0.3338030805918421,0.0
122.989516,91,135.065828,91.0,56.8146751051315,29.30570894872942,30.24132399673778,4.049999999999999,-3.499999999999999,-9.961118617057798,-34.731749892234795,-14.771141158490341,-4.471987815432907,-1.9196968262609193,-15.016317562584469,-4.050180345446579,0.05675409983367151,0.10329246169728215,0.0
83.261789,68,137.89108,68.0,39.97473686115315,23.167300670404156,21.259534162477685,3.299999999999999,-3.359999999999999,-7.259854686260224,-30.321183535456655,-11.39610390055805,-3.669342610668597,-1.114551571017198,-12.270637978261425,-3.048107951980993,0.3836553246686559,0.521771241549372,0.0
71.843727,73,140.895998,73.0,37.22806609397847,23.26301926876647,24.648955992513883,3.449999999999999,-3.6499999999999995,-7.65640748977661,-34.295948624610894,-12.0776491880883,-3.4732635625093624,-3.4568722375038172,-22.151312062071774,-2.984861282712269,0.17567729463840864,0.2564888501720766,0.0
150.775257,166,147.769541,166.0,49.87712308493138,57.77112053835032,58.689528449523415,4.800000000000001,-6.620000000000003,-16.78453545093537,-65.50785785317422,-27.907770523296474,-8.266121597635344,-1.6333163912341637,-52.21039727257026,-7.432515591132313,0.17862820230802268,0.5930456316626354,1.0
36.1555,87,151.531075,87.0,-15.071606194122745,29.510878920922853,28.109342367378474,0.6,-5.460000000000002,-9.467476298809052,-39.704081237316146,-14.52142565693451,-4.314725264191959,-1.0149260273720142,-16.034014062045024,-3.4764660658007984,-0.14308062400900343,-0.24896028577566595,0.0
87.267391,69,154.437694,69.0,69.3600392331186,19.88196080163299,23.608313672269354,3.449999999999999,-5.330000000000001,-8.04035071372986,-31.923613268136975,-11.654600806169475,-3.178863649585675,-7.250422583178307,-27.910014714757907,-2.745056710832253,0.3296641144994795,0.4549364780092818,0.0
63.267457,74,157.398993,74.0,13.748336769160957,24.752447861739924,25.50450041756651,1.7999999999999996,-4.3999999999999995,-7.836202478408815,-28.419987678527832,-12.139822916691372,-3.6160640353984665,-1.5701144908398577,-15.81415318190086,-2.7414829389346758,0.26876843668045614,0.3977772862870751,0.0
124.858048,76,160.106756,76.0,75.72921159477094,22.11798439618927,26.256770343709288,4.049999999999999,-3.7399999999999993,-9.113896498680116,-26.479628551006318,-12.675451765072566,-4.902378924321323,-8.261610135706963,-9.935146749229366,-4.187806019374492,0.2398538113346465,0.3645777932286627,0.0
63.174493,49,161.868971,49.0,45.04022169951584,13.168030700485337,15.660693727899078,1.7999999999999996,-1.4999999999999998,-5.929313888549804,-15.849769389629362,-8.16438008834366,-2.088401071893508,-5.464813746274705,-19.762557262442986,-2.735217803365731,0.4539625616419775,0.444883310409138,0.0
77.809019,42,163.645482,42.0,58.57069742529049,11.917529907828103,14.326135734704849,2.3999999999999995,-0.7799999999999998,-4.689706792831422,-13.763496154546736,-6.970884109638606,-1.915549407571061,-9.61407386060945,-11.176580574353693,-2.4950528366205162,0.5806336334765961,0.48773225212034077,0.0
64.213931,51,165.819106,51.0,34.67076832429215,16.08144308774141,17.700903534204187,2.2499999999999996,-2.2399999999999998,-5.539190607070926,-20.850840884447102,-8.343390416654895,-1.7732345589725416,-4.369811622880878,-12.051027191598834,-2.3216885505632,0.286482386493824,0.2922120342237005,0.0
65.432265,56,168.258874,56.0,31.097208815620526,17.64946688782813,19.377485226151546,2.0999999999999996,-1.94,-6.34408534526825,-23.397526240348814,-8.636877496570472,-2.5127987907152716,-3.0617892169970453,-12.397004595823564,-2.501813850723891,0.2792254744421651,0.31273253137522494,0.0
74.158086,51,170.393364,51.0,67.19490573044625,17.774373260781836,15.984786543568628,3.5999999999999988,-2.3499999999999996,-6.275590291023255,-23.32802342176437,-8.33524359992488,-2.301998310337456,-7.78555735654637,-28.688333951480452,-2.3312322891640047,0.5401602389646101,0.5509634437439023,0.0
101.819939,75,173.560626,75.0,67.94933781380116,28.411641908633843,25.197344457599346,2.999999999999999,-4.249999999999999,-8.379913845062255,-30.97151602506638,-12.776415534838103,-4.995347008767639,-8.156988661384071,-24.777323594251627,-3.430880571744468,0.3624944935740113,0.543741740361017,0.0
133.135044,96,177.732856,96.0,75.3445313447985,35.1598929668764,29.398388050311592,6.0000000000000036,-3.4899999999999993,-10.316160984039312,-37.07483514845372,-15.068549456555075,-4.503060643424641,-7.987083475434568,-27.200100199797195,-3.127978721100422,0.36817257793166974,0.7068913496288058,0.0
8.029688,77,181.051219,77.0,-35.12967259231996,25.62045868666944,27.892671396018113,1.2,-3.3299999999999996,-9.49878019809723,-32.01643898785114,-12.462503682181014,-4.066791238558475,-3.321044611698401,-20.320418761353707,-3.5377918228465663,0.2249045996892659,0.3463530835214695,0.0
102.53266,171,188.167911,171.0,-3.804892270721401,59.18947530570878,62.97242715831506,2.2499999999999996,-10.130000000000008,-17.909571435451497,-62.41787179708481,-27.17441714865154,-10.735090334238519,-1.4124374459646418,-51.20756187072064,-8.087400167806338,-0.023509277946974563,-0.080401730578653,0.0
63.377893,80,191.641067,80.0,8.594869308767978,27.773359186212087,27.550624010331187,1.7999999999999996,-3.6999999999999993,-8.074400458335875,-34.90886665582657,-13.069198095452144,-3.8016944647239033,-0.49436503682503363,-14.55832007626186,-3.7341142811110197,-0.0014041759218990804,-0.002246681475038529,0.0
-4.498454,104,195.912568,104.0,-58.516814909240594,38.5424272926106,38.5724815516563,0.44999999999999996,-6.310000000000002,-11.834497075080874,-45.73346951603887,-16.078569818829394,-4.928131153212726,-6.428009218188618,-31.50344447694774,-4.7304270191781725,-0.21959306119715086,-0.4567535672900738,0.0
-46.571826,103,200.312477,103.0,-87.40118570845715,36.458789201245594,37.95020620328156,0.3,-6.220000000000002,-11.419678416252134,-45.923050010204314,-16.86213572145083,-4.710660000748954,-9.40679742778175,-38.070084894055775,-4.26722894195236,-0.34280245814358806,-0.7061730637757915,0.0
-14.314735,88,203.989125,88.0,-67.30215649228866,30.330319976530735,32.693483711518844,0.0,-4.550000000000001,-9.528554315567016,-39.83731469511986,-14.123046340825287,-4.029632989559917,-5.535412950437636,-16.897709137855323,-3.534711379385386,-0.3157816907743045,-0.5557757757627759,0.0
39.377882,90,207.802577,90.0,-16.49059815036481,29.378007574446915,32.37203268736685,0.75,-5.550000000000001,-8.804241151809691,-42.53045401573179,-13.885118439498456,-3.6963174193035737,-1.0997303884233038,-18.03295215659626,-3.032746602856336,-0.1921061466148007,-0.34579106390664127,0.0
52.261902,82,211.254698,82.0,-1.8798099200060028,24.897218671045046,28.651642041157587,1.3499999999999999,-3.6899999999999995,-8.19847878932953,-29.005986747145656,-12.985564854268528,-3.676591186718727,-1.5308762669751976,-20.69304321775271,-2.976607655204236,-0.008512765902338598,-0.013960936079835302,0.0
45.913267,105,215.475115,105.0,-23.67215345347264,36.12412580802565,36.26543606420053,0.3,-4.97,-9.945810189247132,-43.52829101085665,-16.935827980418832,-4.740176460159027,-1.898125818834922,-21.865941452173015,-4.219968383301866,-0.02214221847134764,-0.04649865878983005,0.0
80.093731,85,219.028154,85.0,19.016910612382627,29.016589687418396,28.202932367470876,2.0999999999999996,-3.8399999999999994,-8.13190717458725,-29.52406190484763,-13.548061123794977,-4.77382830748497,-0.618234400100867,-19.49174980778577,-3.314858452892227,0.017586471077617176,0.0298970008319492,0.0
-54.662777,76,222.223108,76.0,-85.8686145279891,22.447831401116986,27.865575397742475,0.44999999999999996,-3.7799999999999994,-8.99100114822388,-27.155559042096137,-12.706316651873268,-3.7108078501544552,-11.527143560818033,-24.285172054471282,-3.4015689306433194,-0.4506317383734793,-0.6849602423276886,0.0
184.035036,131,227.820333,131.0,91.55950200510125,44.820314023626736,47.27365042040828,5.850000000000003,-7.4600000000000035,-13.590329818725584,-40.2523703187704,-21.25686155498478,-6.896770713986353,-7.391378911273245,-34.271415896696794,-5.349303183864882,-0.04513336244344436,-0.11824940960182423,0.0
181.825897,122,232.876574,122.0,106.10800976716965,35.75589392297802,45.943252905033184,5.250000000000002,-5.830000000000002,-13.490865001678468,-38.15184165239335,-19.906208654100357,-6.521242679959887,-12.759681926212906,-30.635885667303615,-5.935534316448777,0.45120391893325146,1.1009375621971336,0.0
114.050247,79,236.030931,79.0,64.6863683862206,26.03574127688146,27.97229159554097,4.35,-3.8499999999999996,-9.063651189804078,-25.35826569795608,-13.332934243191405,-3.1885004660615697,-3.7989741140136615,-24.868807282619606,-4.533021537956062,0.46680894868670925,0.7375581389250007,0.0
181.579135,117,240.960799,117.0,116.53495988129968,36.30791439795143,42.600630922590184,6.900000000000006,-2.6399999999999997,-13.013352251052853,-36.980299538373934,-19.54117129298865,-5.253021337370572,-12.816783763975154,-40.97437014796625,-6.545371649192788,0.4117669111717917,0.9635345721419926,0.0
91.637129,50,243.05057,50.0,68.10257078587892,18.39665688523153,16.843118674926316,3.299999999999999,-2.32,-5.619067630767821,-18.075695729255674,-8.429012275274632,-2.404084081336482,-8.536402696035491,-17.50717940816944,-2.1137759135367515,0.4459937880797662,0.4459937880797662,0.0
156.094349,93,246.440042,93.0,95.46327532067085,30.172379819973855,34.109089302424074,6.0000000000000036,-2.9899999999999993,-10.103681440353395,-34.68707735538482,-15.469462539109045,-4.581604010650701,-9.71922837801602,-20.487371352386482,-4.611970724505068,0.273860982584152,0.5093814276065227,0.0
159.559203,80,249.571889,80.0,109.19566236552924,28.149191188662385,26.161051216273307,6.0000000000000036,-2.4299999999999997,-8.95095112800598,-31.82623391151429,-13.152224250125046,-3.877052454294983,-9.305918590213285,-17.253032300142262,-3.1512891558576235,0.5528148036857095,0.8845036858971351,0.0
38.691433,57,251.926864,57.0,10.853415872734397,17.101654349343594,17.78409822916603,2.2499999999999996,-3.1099999999999994,-5.665420398712159,-21.159367382526394,-8.880922560710523,-2.6781266632205796,-0.7442170561893325,-22.236534419423105,-1.8231464955970156,0.41016729125959983,0.4675907120359439,0.0
147.54742,129,257.343971,129.0,70.3937176491955,48.25210610340445,43.970220015944015,3.449999999999999,-6.620000000000002,-13.125137639045718,-56.031162160635,-21.52162060031871,-6.619618207508038,-4.528797960880908,-34.15015811226267,-4.922129407855276,0.22026492016560628,0.5682834940272642,0.0
165.824493,99,261.384967,99.0,97.82305851294426,37.02173980045119,34.23956982778628,4.5,-4.550000000000001,-10.033669857978822,-40.41730803251267,-15.631996369509956,-4.70034801010914,-5.415773677869455,-22.46377711066005,-3.5470024584424773,0.36339898992898695,0.7195300000593942,0.0
110.709644,69,264.298237,69.0,73.2168418411362,25.064057159216038,23.74882161324101,4.199999999999999,-4.210000000000001,-7.495838649272918,-32.010961872339244,-11.318665460284658,-4.021398009122988,-7.53759936110177,-15.068703427332753,-2.8569098546299667,0.3210576131773095,0.4430595061846872,0.0
139.124352,94,268.727763,94.0,82.2371291910354,34.59696700143842,31.77020206997369,4.199999999999999,-5.420000000000002,-9.802562465667728,-33.833122181892385,-15.063630396376919,-4.19619381075453,-6.554321945683739,-28.578988206598627,-4.231127119985752,0.3654278806127632,0.6870044155519949,0.0
89.844301,70,272.115835,70.0,70.34326061143933,24.71726553308035,22.039614657313106,2.999999999999999,-3.8999999999999995,-7.808801329135896,-26.2409281283617,-11.412584486834861,-3.0185345499901852,-10.258656348783438,-34.23598437340428,-3.3803504156604975,0.4132879054440368,0.5786030676216516,0.0
68.940708,51,274.540824,51.0,57.585715490689466,18.043036622008714,14.171410021857406,2.6999999999999993,-3.11,-5.923873877525329,-16.39278048872948,-7.905812429577066,-2.9512636436942814,-7.8457076167243525,-27.72804993309853,-2.7019659966582674,0.2832089474982887,0.28887312644825447,0.0
-11.357249,93,278.850868,93.0,-64.81176448505467,31.901277989855608,30.044948343869066,0.44999999999999996,-5.590000000000002,-9.760964460372927,-36.06973210573197,-15.09408434741768,-4.434549011983111,-6.419372895367776,-21.45140434664715,-3.1216036031730705,-0.10593484429967784,-0.1970388103974008,0.0
94.531576,64,281.853032,64.0,70.39245940026474,22.889024064723795,20.28600841943555,3.149999999999999,-3.2699999999999996,-7.24898660182953,-31.15817244052887,-10.47140297046964,-3.3419593123002587,-9.734797659518984,-18.340746256351707,-2.6198511104744964,0.23258072712765,0.297703330723392,0.0
139.200366,101,286.535872,101.0,72.58516398498713,31.761886328322905,37.176540374075365,5.100000000000001,-5.290000000000002,-10.837424960136413,-36.63601779341697,-16.06734310246606,-4.4788793768413635,-7.311703488612664,-23.633991042209406,-4.167864442529461,0.32116517096474356,0.648753645348782,0.0
-28.479624,83,290.538223,83.0,-77.7806668424143,29.094968326048335,29.127234987367633,0.0,-3.1599999999999997,-8.85381341934204,-31.448643428087248,-13.498059741784623,-5.484690403445087,-7.138067254786075,-19.178205798004917,-3.159680827003949,-0.36204475940851544,-0.6009943006181356,0.0
179.115828,105,295.612787,105.0,110.82673294450773,31.6481837083749,37.84871937884885,6.900000000000006,-3.72,-11.041247019767763,-38.61719189584253,-16.92001411884104,-4.201399222667957,-13.845645260631951,-21.13127794989536,-3.6310328771492792,0.4849981370270378,1.0184960877567795,0.0
104.493864,59,298.812896,59.0,70.96637502257859,15.695199793287737,20.19424396656237,3.7499999999999987,-2.04,-6.470649733543396,-21.78190373778343,-9.638046968272413,-3.0383381955471216,-10.324437912554485,-9.359881776135662,-2.458696137899489,0.5031545599965839,0.593722380795969,0.0
65.405798,69,301.777808,69.0,10.335406318546541,23.56758469047392,23.726086865537376,2.5499999999999994,-3.21,-7.104016838073731,-23.735373520851137,-10.703905970725078,-2.9848748563289655,-1.185241666919894,-11.879199062975411,-2.97066816424139,-0.24646144179663448,-0.3401167896793556,0.0
93.372295,58,304.17131,58.0,51.75485605431635,20.50147531577379,21.278762255682153,2.849999999999999,-3.13,-6.31004089832306,-24.722300243377685,-9.464117920269643,-2.3924031333843763,-4.261532681685597,-7.876813071213244,-2.855590559742705,0.3860846936797442,0.4478582446685032,0.0
193.869842,131,309.719026,131.0,96.08547358559959,46.45651819605323,48.872656802740096,6.300000000000004,-3.9899999999999998,-14.179157571792608,-50.94002274274824,-20.962121542207733,-6.3744022547093575,-10.060259756083244,-22.60856453023992,-5.730278203772432,-0.03635281512865405,-0.09524437563707362,0.0
125.192584,95,313.894937,95.0,72.0244191486232,33.39180811005792,33.84312900043128,3.7499999999999987,-4.880000000000001,-9.971825017929078,-44.86456030607226,-15.184656356752043,-3.7094340291036985,-6.4778098120542325,-24.141768722837394,-3.586717785183719,0.009843735481451676,0.018703097414758188,0.0
269.108248,310,327.333933,310.0,9.89002072911031,113.73427287978265,115.22449580080385,3.299999999999999,-13.810000000000008,-27.224001989364634,-114.2081674516201,-48.59409462053498,-14.204580225382553,-2.614145015109656,-51.79047264194717,-10.595079171926754,-0.004887259836481429,-0.03030101098618486,1.0
44.847286,78,330.807302,78.0,-12.643190883938889,24.98652917770404,24.926975098010573,0.3,-3.7299999999999995,-7.031480503082275,-26.611673086881638,-12.084063912134647,-3.1379372330704274,-1.8136901300394792,-13.274384621322882,-3.039797904665779,-0.13292839522490527,-0.2073682965508522,0.0
82.068223,72,333.807372,72.0,20.845132489905854,23.879175778981697,23.02531147025824,3.299999999999999,-2.9099999999999997,-6.832386000156403,-20.340850907564167,-11.781273423335687,-3.28565159886011,-1.362404129580534,-12.157600026239905,-2.3112301649541926,-0.09628689648838301,-0.13865313094327153,0.0
219.518524,165,339.903235,165.0,70.88320850397089,60.31000946941822,58.32844474714927,6.450000000000005,-6.180000000000002,-14.223152935504917,-55.327449572086344,-25.39299620195678,-7.557534973327395,-3.403252741523038,-23.859001762912875,-5.509750117815289,0.08358850689473186,0.2758420727526152,0.0
86.36116,127,344.968111,127.0,-1.0369199276243974,44.60974507204806,47.83981415570143,1.2,-6.980000000000002,-12.635695009231565,-44.912333306670206,-20.04402474942991,-6.670896010186872,-1.755573898100502,-35.335209849638815,-4.917746430641294,-0.0665288723558866,-0.16898333578395197,0.0
47.130377,60,347.543798,60.0,1.1245339148251967,19.78952841838252,20.354820863260883,1.7999999999999996,-1.8499999999999999,-6.718176822662351,-18.37003431022168,-9.52842012082674,-3.2580460061907175,-1.2701694190715707,-12.079467995225498,-2.8641910597586286,-0.4123369620175307,-0.49480435442103676,0.0
7.823354,93,351.681361,93.0,-43.96058420205585,30.551627212370615,32.325223429990515,0.3,-3.8299999999999996,-9.660662088394167,-40.54846264123917,-14.677053044715121,-4.332060255789154,-4.971076312516463,-22.800938017864958,-3.572660181837623,-0.21791200121310755,-0.4053163222563801,0.0
209.714481,147,357.946646,147.0,117.88488749101371,50.92394359777247,54.19007737821191,7.200000000000006,-6.390000000000003,-14.453612675666811,-60.4576291501522,-24.016107637877376,-5.6738621133020235,-12.857123558338964,-37.57896695165083,-6.057125060242731,0.35639162096628557,1.0477913656408795,0.0
102.882071,57,360.327838,57.0,74.42463606079662,20.29933246913272,17.879989073612602,2.3999999999999995,-2.9899999999999993,-6.873720483779906,-21.71542078256607,-9.560297034363606,-3.2576855396463755,-10.644702186386944,-11.06377075941283,-3.016289806273169,0.5357420463266951,0.6107459328124325,0.0
327.876579,250,371.005076,250.0,129.5273817197586,90.5978546198306,93.4591703515595,7.350000000000007,-11.580000000000013,-24.41245525836945,-94.44703312516206,-39.49294912337565,-12.674264348310388,-12.387565980412083,-39.31866599345664,-8.744894130440418,0.1143430139828889,0.5717150699144445,1.0
191.178919,105,375.405965,105.0,120.09034131948293,34.92225013508733,37.89519268741324,7.350000000000007,-4.05,-11.325601162910457,-41.07902859449385,-16.970888107009916,-5.211374946505438,-13.894717165336672,-16.82441258405522,-4.722843025230154,0.42870304197902315,0.9002763881559487,0.0
163.841023,98,379.60256,98.0,89.05383652778391,30.106901883224555,35.573180518489295,5.700000000000003,-3.0499999999999994,-10.595100331306456,-35.36889185905457,-16.258745660625703,-4.227400827454969,-6.415455704974845,-14.317395060273485,-4.359906976242987,0.19837621348228401,0.38881737842527664,0.0
155.497041,107,384.135792,107.0,81.90042612817972,34.40258572557418,35.97650172214791,6.0000000000000036,-4.81,-11.323937225341796,-38.345430260896684,-17.712326070949192,-5.270663609369428,-6.031274230457929,-21.891234191088383,-4.397607456486582,0.34261204708561965,0.733189780763226,0.0
100.206207,68,386.946689,68.0,53.845098830428554,23.941629716939037,23.388795875630187,3.7499999999999987,-3.02,-6.973886671066286,-27.17307338118552,-11.509446932757815,-3.699278439578294,-7.215063307914175,-10.543315296521076,-2.585253546863298,0.13526240964997877,0.18395687712397113,0.0
53.555977,94,390.938213,94.0,-12.87900138215577,28.886123611391255,33.28694801066039,0.9,-4.68,-9.846342999935155,-31.997731718420972,-15.210635314394429,-4.512013221584259,-1.4738009147476994,-18.841130059329053,-4.07643934193958,-0.22086472922746256,-0.4152256909476296,0.0
47.749328,49,393.063556,49.0,7.350790470687832,16.32498498136259,16.33002958369126,0.6,-1.9699999999999998,-5.887804651260377,-14.993585515022282,-7.667017778219596,-2.3670919405389497,-1.4385272850236184,-5.202893046473596,-2.3295568623191616,0.1904013008577294,0.1865932748405748,0.0
168.487207,92,397.020595,92.0,110.35800960358222,29.371015548665778,32.207542803692235,3.7499999999999987,-5.600000000000001,-9.583531787395478,-32.75923365876079,-14.485726016706337,-4.288474024034961,-15.70390295840722,-12.416680029527805,-4.36181288380695,0.5635420922220845,1.0369174496886355,0.0
239.117102,143,403.08082,143.0,130.01793069990165,50.574922041760324,54.10522193544767,6.300000000000004,-5.8900000000000015,-15.091754853725435,-55.07330104708675,-23.63763423542548,-6.627436357866709,-6.976271613766291,-25.122238575748998,-6.462336069127228,0.3443052663985346,0.9847130618998089,0.0
28.088211,91,406.82095,91.0,-25.72577331158606,31.04096611916108,34.268183563008996,0.44999999999999996,-3.559999999999999,-9.285919616222385,-35.8673999428749,-14.8914521253307,-3.6131744864178548,-1.5182881310278475,-30.549407325843138,-3.659523487981355,-0.20734018460255077,-0.3773591359766424,0.0
194.296612,254,417.402789,254.0,-18.319865885875533,91.16908095812798,94.3424127498765,1.7999999999999996,-11.15000000000001,-24.773077384233492,-89.15879461169249,-41.74713593676525,-13.015566410496508,-1.9841475618284357,-37.492032857070996,-9.374261517442454,-0.04229313657754819,-0.21484913381394483,1.0
182.717397,125,422.36914,125.0,97.66562635118545,45.75172205962877,44.174315506192215,3.449999999999999,-6.030000000000002,-12.333755948543551,-47.7824120312929,-20.076082647866127,-6.499417418281527,-11.109617092627746,-24.42758347572128,-5.065398330812933,0.3166154099678954,0.7915385249197385,0.0
163.99763,107,426.369244,107.0,83.53032079203494,38.08012721431801,37.33264248491413,4.65,-4.29,-10.299563513994222,-39.11731027960777,-16.908727340507586,-4.399723407460394,-8.552351198819784,-19.20513189263465,-3.8226531658437475,0.28226643781729993,0.6040501769290219,0.0
110.513748,111,430.942866,111.0,16.313234773910104,37.75566939400115,38.71411911335207,2.5499999999999994,-4.199999999999999,-9.925762386322022,-37.02613120675086,-17.110075028924662,-5.102923098010363,-0.9334647650235518,-17.868203637856443,-3.652715597336729,0.2768645643233206,0.6146393327977718,0.0
46.833761,114,435.712019,114.0,-32.604549302306644,37.01507486738812,39.717038491602054,1.05,-4.61,-10.908983132839207,-42.577267742157,-18.3424900328002,-6.164077217996458,-5.102043485330431,-20.802246434600104,-3.83669550122812,-0.14078349936989332,-0.3209863785633568,0.0
44.789486,116,440.509351,116.0,-45.99341113507984,38.05445192045551,40.39926352959912,0.3,-5.310000000000002,-11.084654068946836,-38.863047021627416,-18.651338381271128,-4.89574531665988,-5.654870983522163,-14.803744738876325,-4.707417821328116,-0.1266814679415079,-0.2939010056242983,0.0
139.152461,85,444.236028,85.0,87.71779849828361,28.0285940228892,27.55043338101905,2.999999999999999,-3.38,-9.14893827199936,-31.4903935149312,-12.654775667162363,-3.603997945089065,-9.91139280285146,-19.066312037979706,-2.888554458510974,0.43074704125868546,0.7322699701397652,0.0
227.053968,161,451.323057,161.0,108.12288383989083,56.847771633366754,53.87935190697594,7.050000000000006,-5.690000000000001,-16.594799811840048,-56.65987113118172,-25.40088845817697,-8.350373687621698,-8.345479296496192,-32.604589878545234,-6.20003749472188,0.31478129646150144,1.0135957746060347,0.0
140.638474,90,454.958456,90.0,76.81017084389035,33.04606601413951,30.651345458427286,4.950000000000001,-3.2199999999999993,-9.74557506084442,-35.95673090219498,-14.562318726436908,-4.205576549988177,-10.068991066595643,-13.21190914609571,-3.848007149290079,-0.06648595187512985,-0.11967471337523372,0.0
151.485479,89,458.851748,89.0,92.79197717340676,33.18554428904003,31.002501496674967,5.100000000000001,-4.71,-9.162529582977296,-35.75234271883963,-14.041706373523269,-3.9329580885558975,-10.356775452352663,-17.520566201306984,-4.117665052792897,0.39686451724031707,0.7064188406877644,0.0
203.296338,112,463.41294,112.0,125.89809704675723,39.61495483699455,40.20924251908363,8.55000000000001,-4.47,-12.381872849464413,-44.31614817380905,-18.168829604254082,-5.659872197276374,-12.945010877242572,-20.04049410843362,-4.993728685579879,0.45080459927465016,1.0098023023752165,0.0
114.025265,71,466.33035,71.0,83.5637325347689,22.35171616128285,23.634813566160357,4.199999999999999,-4.140000000000001,-8.676997671127321,-25.78164172768593,-11.820060492099229,-3.1957928145598524,-6.49886383198081,-27.46081570101315,-3.1508250072843538,0.6665560977402692,0.9465096587911823,0.0
156.646816,84,469.839699,84.0,102.45251494539436,28.771557241710614,30.30553683134572,5.850000000000003,-4.49,-9.270068252086642,-30.304657584428785,-13.35127224866808,-4.365462277100409,-6.849158932806603,-22.0710344471942,-4.031138855203876,0.5044468736007081,0.8474707476491895,0.0
239.245196,124,474.954349,124.0,151.63658022949033,45.92398071309475,44.27854331057142,6.450000000000005,-5.069999999999999,-13.932818255424504,-50.12852859497071,-19.96641279852061,-5.250864840394658,-11.14522613276154,-22.844112470510716,-4.705944837999676,0.5278825675858585,1.3091487676129292,0.0
138.76896,74,478.142251,74.0,96.98980035596985,27.333867138079764,25.75601547879313,6.0000000000000036,-3.6799999999999997,-8.316666641235354,-29.856833410263064,-12.465174395898764,-3.128646343526016,-9.761343845855018,-20.366451687566595,-3.735607056622609,0.5765151417667022,0.8532424098147191,0.0
135.876308,79,481.539025,79.0,97.89877015371835,25.928206664827734,27.771775269177688,6.0000000000000036,-3.26,-9.11315414428711,-28.9786274433136,-12.96972811665865,-4.014998693914685,-13.789617937704188,-24.458308610871022,-4.138009094948069,0.44049452405389766,0.6959813480051583,0.0
127.754793,78,484.689451,78.0,77.10257221894162,27.121948580374834,26.722386051795013,3.7499999999999987,-3.439999999999999,-8.194188270568848,-29.800575748085976,-12.24176686195204,-3.5517314056747664,-7.093723711264333,-17.534400733097794,-3.085727180204607,0.3953151248482866,0.6166915947633271,0.0
121.413148,60,487.055068,60.0,83.141148676527,18.93011031346437,20.924529265672952,5.250000000000002,-1.7599999999999998,-7.059674911499022,-20.857709464430812,-10.009120228623033,-2.3457962084335002,-7.2619751919840265,-14.482569176297744,-3.0557953434644696,0.6417008240887132,0.7700409889064558,0.0
129.192603,76,490.135568,76.0,74.07555830164793,25.452079603792793,26.300335366367,4.049999999999999,-3.879999999999999,-8.872020320892336,-26.31802629828453,-11.687990579427426,-3.436991510835568,-8.160284425883646,-11.078913779248586,-3.2511430345886883,0.43895598954711457,0.6672131041116142,0.0
93.280876,60,492.613327,60.0,67.15341540468718,22.218224078236393,20.391316843068733,3.449999999999999,-2.8399999999999994,-6.797661566734317,-22.967430013418202,-9.542291895399558,-2.295204290085318,-6.102174653835781,-26.58273974159102,-2.804577844142057,0.47095200746375543,0.5651424089565065,0.0
126.549423,96,496.763117,96.0,43.914848584549766,32.11427663456785,33.942119907555984,4.35,-3.3,-10.26507089138031,-34.312222522497166,-15.049052049922729,-4.091208386574608,-1.330938572163797,-11.532938102116658,-3.890391755535143,0.3534645604548924,0.6786519560733933,0.0
157.256154,83,500.150324,83.0,104.91328068306511,30.679643029594448,28.600149209876285,6.450000000000005,-5.300000000000002,-8.62425866127014,-30.672379052639013,-12.673976676204498,-4.108166616074213,-11.649718672012295,-20.007050805873625,-3.3513684000517676,0.5508500727761722,0.9144111208084459,0.0
178.548726,87,503.755139,87.0,119.59639366036146,31.491752780237537,28.95052518542189,6.150000000000004,-4.14,-9.796421589851382,-33.21983664035799,-14.031255366866832,-4.364255693172477,-11.10143328546477,-14.472461742159792,-3.5142817804883544,0.5063309618069395,0.8810158735440746,0.0
139.002669,83,507.106033,83.0,70.6319553056795,27.51847605720478,28.35762432447,2.5499999999999994,-4.6,-8.486366207599643,-26.860513073205933,-13.235965107348743,-4.549146100696937,-3.7027282199640035,-8.401616921890007,-3.219051488245809,0.46706559380678325,0.7753288857192603,0.0
101.598329,171,513.487767,171.0,-26.378558555059367,60.54628303428008,59.57660956196778,1.9499999999999995,-7.340000000000003,-17.68940360069275,-58.38208526968957,-27.615403424068454,-8.094770444944382,-6.457403552449342,-33.67263073400627,-5.844307840245029,-0.04124259016635018,-0.1410496583689176,1.0
175.389757,95,517.380839,95.0,100.39760925539034,31.400922404157985,33.20678543357449,5.5500000000000025,-3.4799999999999995,-10.227395849227902,-30.592101246118553,-15.083343708949368,-3.983929624156646,-12.451946753389745,-10.85437033296066,-3.492472958045631,0.4063629295923059,0.7720895662253813,0.0
165.755374,103,521.530018,103.0,83.45412514670176,37.08084574778956,35.03191216532997,5.5500000000000025,-4.4,-10.54843098640442,-36.00898512601851,-15.991762128961135,-4.668691736885687,-8.417850758735364,-15.020076084933669,-3.3057126868171984,0.20914471322781927,0.4308381092493077,0.0
319.486572,221,531.102182,221.0,112.80186980696453,81.46812432169567,81.4851932150064,12.450000000000019,-9.270000000000005,-22.694042644500744,-77.10056380033498,-35.04333717639463,-8.819735731118744,-4.398352593659904,-24.12116118118343,-8.271422474244783,0.25069379244244216,1.1080665625955943,0.0
285.785854,174,538.502075,174.0,145.6621455227446,62.780122158736134,64.91941804741815,8.40000000000001,-7.650000000000004,-17.6300429201126,-63.437311704456775,-27.809522154226663,-7.831351766356789,-17.178235384825292,-21.435344443699584,-7.004022931936049,0.2440823364561475,0.8494065308673933,0.0
189.740355,205,546.97349,205.0,25.40334327107268,74.62218442136572,77.5004484572354,3.8999999999999986,-9.330000000000005,-21.265043814182285,-67.46283042430875,-33.08975235745239,-9.712656713143572,-3.2103125342990957,-43.78070035218024,-8.834324959476724,0.022056956562157868,0.09043352190484726,0.0
219.221823,111,551.638207,111.0,148.6344477236225,35.36190448021427,38.02095694699774,7.350000000000007,-4.199999999999999,-12.722191128730774,-38.93570868372919,-18.2622192877006,-6.241141905368758,-16.82941182405809,-18.532240460179494,-5.422573336413367,0.5977754309620237,1.3270614567356926,0.0
247.154601,164,558.711852,164.0,98.14929222426295,55.91104626843638,59.66714075866281,6.600000000000005,-5.750000000000002,-16.469852735996245,-51.71702570319174,-25.611355961383946,-7.745880129163864,-3.3753098189008788,-19.991338285268743,-6.5121154308685,0.31724868730463707,1.0405756943592097,0.0
166.705033,154,565.306567,154.0,37.95838143274216,54.00702601223355,52.74107487203466,5.250000000000002,-5.890000000000001,-15.570392160415656,-50.01721194833514,-25.114365903197655,-7.494895268027026,-2.414615721900135,-24.690041606652823,-6.05992718468497,0.09439967043532763,0.2907509849408091,0.0
204.738988,111,570.136378,111.0,134.77167306307143,34.71550254581819,38.186758345551674,6.750000000000005,-4.25,-12.596351799964902,-35.001887908577885,-17.206292011524486,-4.959705264487176,-12.908325255358406,-29.65875302973593,-4.103630890687871,0.49217132647267287,1.092620344769334,0.0
312.634412,156,576.75116,156.0,197.50372760241825,56.84391675501327,56.19641401828632,10.350000000000014,-5.380000000000002,-16.38178225040436,-49.05163609981537,-24.927235871554412,-8.40445728974109,-16.181554439107593,-37.117713796557744,-6.8152664461108525,0.38022700562496325,1.1863082575498853,0.0
191.665733,93,580.63232,93.0,104.62647479657595,31.713047574570552,32.06883746423318,8.70000000000001,-1.9199999999999995,-9.983691158294674,-27.350852429866794,-14.44658645473905,-4.159994876807592,-6.341573834671115,-11.137134726364279,-3.1027932204077926,0.24278247303694847,0.4515753998487242,0.0
109.225248,113,585.511466,113.0,15.08763125243319,36.6878495268936,38.56971322412457,1.6499999999999997,-4.8900000000000015,-11.70995995044708,-40.68388563394548,-17.530295926635716,-5.162258652860156,-0.8055141947090095,-11.740571062633892,-3.2474601088051,0.04058123035218517,0.0917135805959385,0.0
200.374753,165,592.883227,165.0,58.485739100359865,58.96208884723169,59.04216138582967,5.850000000000003,-6.2500000000000036,-15.944332129955297,-58.17055630087856,-26.668432646178406,-7.9854329424575825,-2.004334391158275,-23.840897916550496,-6.101250250791409,0.3265829866708023,1.0777238560136477,0.0
162.14089,80,595.841995,80.0,104.57217156089375,29.650446212414376,27.61741223032641,3.8999999999999986,-3.8899999999999992,-8.591345148086548,-29.507814198732383,-12.797520955239527,-4.07248871049425,-10.7199409046716,-10.773309862808945,-3.246720297324778,0.4902384826586962,0.7843815722539139,0.0
286.079596,174,602.890181,174.0,137.35672234517995,62.992646859348525,61.69610920609102,7.350000000000007,-6.620000000000003,-16.17966040730477,-54.28469514250753,-27.413362823211138,-8.02492178509202,-13.038994426552486,-26.07451907847687,-5.6797284430201405,0.25828773638574215,0.8988413226223827,0.0
96.047018,82,606.793108,82.0,22.914070051214473,28.566483314773695,27.661745754845967,2.0999999999999996,-4.04,-8.041308112144472,-27.335231518745427,-12.254860437330123,-3.856578902984615,-1.4117662493988459,-7.700321482316803,-2.55521474917245,-0.14213802461158254,-0.23310636036299537,0.0
162.472866,85,610.573371,85.0,93.40299595451674,26.184199105445725,28.345566453296684,7.350000000000007,-2.05,-9.305692009925844,-23.085632824897775,-13.147959886381805,-3.776671112713861,-6.468399273621813,-16.677176362398843,-3.2983636106540914,0.5271660616482269,0.8961823048019857,0.0
202.229447,91,614.347879,91.0,131.74662835937986,30.723660243532347,32.20254294023097,4.65,-2.38,-9.185307257175443,-28.241747480630874,-13.892912292803194,-4.717369689071682,-13.067437366627704,-12.998259720934781,-3.6103510982468845,0.6716674174842037,1.2224346998212507,0.0
132.956883,62,616.978892,62.0,93.71584983350955,19.190912467906664,20.980158890340686,3.7499999999999987,-1.38,-7.221845569610595,-20.158429706096648,-9.72575499193665,-2.460289708381069,-11.770085775433708,-11.67068051001269,-2.292951950395592,0.6678569202962044,0.8281425811672933,0.0
98.167033,70,619.860847,70.0,44.38924159802477,19.203954640063603,24.11364176828355,4.35,-1.0999999999999999,-7.497812113761905,-20.21005038022995,-11.383178946927881,-2.5117931296653246,-2.704478277248463,-16.100478444187814,-2.382013228761118,0.42194639577440846,0.5907249540841719,0.0
130.479616,65,622.52653,65.0,78.19206617648274,22.101334165181594,22.702756654301258,4.65,-1.9400000000000002,-6.574519042968751,-21.03542533516884,-10.392635369427081,-2.7118377307428503,-8.01049989320111,-9.134410330935973,-2.3672128140900384,0.4545096061183014,0.5908624879537918,0.0
146.576625,80,626.016503,80.0,77.99281976298103,27.27192961955814,26.915583473419662,5.700000000000003,-2.2099999999999995,-8.639668424129486,-26.406825880706304,-13.08285786724159,-3.0231381439653284,-5.535381403402101,-8.763193672153658,-3.642642585747779,0.44049206183706474,0.7047872989393036,0.0
170.404747,87,629.827509,87.0,97.7058692075561,30.64497393828301,30.057129980721335,6.150000000000004,-3.8099999999999996,-8.735125684738158,-28.445894086360937,-14.079615965899501,-4.781752490035096,-8.257144725182735,-10.457244186023441,-2.5864490130594042,0.5399222673874692,0.9394647452541964,0.0
94.885617,60,632.412929,60.0,47.616123666516955,19.30773768237244,19.713433397627085,4.049999999999999,-3.16,-6.598771433830262,-19.41929002404213,-9.289553216087562,-3.3358558997792596,-2.9980977618415436,-8.715575439462764,-2.2845335867917673,0.4515161045704113,0.5418193254844935,0.0
121.216748,70,635.2601,70.0,69.56699232702448,21.798367025830668,25.164803544551166,2.849999999999999,-1.9199999999999997,-7.324433135986328,-23.04205301403999,-11.304610202224497,-3.9560472004979848,-8.61802192316755,-9.106786415865411,-2.8914628141837118,0.4045890868020419,0.5664247215228587,0.0
177.596052,72,638.334705,72.0,119.58398991307484,24.405979544258624,24.690481814788182,7.050000000000006,-1.6,-8.067902393341067,-23.00522619485855,-11.451461555760831,-3.2679033844456753,-11.909601881108006,-8.236664138181547,-2.5956397695305533,0.5225257206889128,0.7524370377920344,0.0
141.01401,85,642.011125,85.0,67.24707870369114,30.1505290432367,29.570242724195985,5.400000000000002,-3.499999999999999,-8.84949399471283,-27.368949565291402,-13.72729810328338,-4.362437189319574,-3.1641828632931306,-11.719499094494232,-3.661979592241158,0.4311589818675791,0.7329702691748845,0.0
235.794756,121,647.320176,121.0,153.41255376150855,39.41537771259722,44.30372164900577,7.050000000000006,-5.430000000000001,-12.311553735733032,-40.21931875348091,-19.359090860826377,-6.163986041135257,-16.271274056857187,-23.67248698699735,-5.959186616846444,0.5666787311441761,1.371362529368906,0.0
253.074394,137,653.006052,137.0,127.4300756301246,48.15264208358535,47.64260261626443,8.85000000000001,-4.11,-14.00702257633209,-41.22435364425183,-21.195580516885006,-5.3557707365582985,-7.805459887478224,-17.875283007689603,-4.427456161660293,0.3790820627432613,1.038684851916536,0.0
232.974448,108,657.567134,108.0,149.03626418697291,37.5868743716284,37.98765781965473,8.250000000000009,-4.28,-11.01459457874298,-34.216986805200584,-16.617797932298167,-5.042090720559825,-18.097441798340846,-14.65141819516678,-3.9660182493977656,0.5846448950824455,1.2628329733780825,0.0
198.021167,94,661.462395,94.0,131.28571779476204,32.96141659079149,32.80352709246247,6.450000000000005,-3.939999999999999,-10.335626196861268,-30.462283462286017,-15.345924176946474,-4.6389903063408875,-16.236386977780285,-14.327133834170064,-4.19314991039353,0.5146290925929858,0.9675026940748135,0.0
191.114043,92,665.312979,92.0,142.60156034492246,31.239887340229586,31.38053672637003,5.850000000000003,-3.459999999999999,-10.465146856307987,-29.190465420484546,-14.689225854273063,-4.759607334244427,-17.038458423224558,-28.79340948288662,-3.5616284001238956,0.231575905600305,0.4260996663045612,0.0
247.443186,117,670.207127,117.0,152.16998020799045,40.115378674422956,42.40672456096383,8.70000000000001,-3.959999999999999,-12.449078772068022,-32.95584353953601,-18.0107732420619,-6.076798785582661,-10.513486331002452,-24.658506884939108,-4.3244100042963725,-0.009212499221781191,-0.021557248178967987,0.0
170.638204,88,673.937834,88.0,87.22240825754649,31.621075950149013,29.950344988130837,5.700000000000003,-4.09,-8.81476284265518,-27.034948322176945,-13.113169270432055,-3.890949162359539,-4.426385394624191,-7.813132725850664,-2.6722775204199576,0.5331899744623229,0.9384143550536882,0.0
300.878797,173,680.820594,173.0,138.70964433327998,60.23804291477914,61.0048665993428,10.650000000000015,-5.740000000000002,-16.766406946182247,-53.15474674999712,-27.585735021080875,-8.148459714812324,-5.380919118392757,-20.25165084727315,-5.695838004799364,0.38017326280939,1.3153994893204894,0.0
218.691899,109,684.665635,109.0,125.98192015951594,40.951939536762055,36.9183269364966,5.850000000000003,-3.2499999999999996,-10.717092125415801,-37.84918792247774,-17.055843101784713,-4.716938529334022,-11.260187668429312,-11.62659426235843,-3.534443524942503,0.49336444704360927,1.0755344945550682,0.0
191.010275,88,688.172903,88.0,119.74511091257031,32.10919637588864,31.365179383053412,4.65,-4.1499999999999995,-8.90399513244629,-31.977576908469196,-13.315105724079206,-4.697046985213274,-11.675004770333263,-6.989211742258074,-3.151270370753351,0.47500009160219975,0.8360001612198715,0.0
559.31382,295,700.841141,295.0,303.27672321770496,108.37858120598054,108.80660569251312,19.94999999999999,-12.28000000000001,-29.265694165229814,-102.09633448123923,-46.2690691077875,-13.520508989494967,-17.24900292128739,-42.98731952896532,-12.430161244305598,0.42803190230547744,2.525388223602317,1.0
352.896159,193,709.97988,193.0,180.2389551926827,69.27977194693962,71.35058819398975,13.950000000000022,-6.34,-19.89809977769852,-62.35742266476157,-30.16422342601876,-8.414475124879486,-8.778877673214637,-31.956623756033835,-7.013433441348033,0.4336765143190304,1.6739913452714574,0.0
511.130207,227,721.015369,227.0,321.8066073411029,79.06176607773287,84.13949432142711,19.199999999999996,-8.860000000000005,-23.453482050895683,-68.70963150262831,-34.906579734009014,-12.565962296120603,-32.03677329886499,-30.37619563026946,-9.169036531525103,0.6035835109792298,2.740269139845703,1.0
182.891887,83,724.972247,83.0,123.73211167733108,23.244867055928545,29.514271181635927,5.850000000000003,-2.01,-9.505971336364745,-22.232456064224245,-13.2631428308432,-3.3983326424695948,-15.104531081159529,-13.445865416855739,-3.4890631793712417,0.6567772045728484,1.0902501595909284,0.0
282.066592,141,731.819292,141.0,175.83602864535996,44.04369304884607,40.77154139490309,11.850000000000017,-3.8099999999999996,-17.379999318122856,-37.86263237446548,-21.56663692937383,-6.994188572160666,-12.97081350683179,-26.153557236530805,-4.696842909034448,0.44703494910438785,1.2606385564743736,0.0
165.281622,76,735.549082,76.0,97.49043983985574,27.183836918539374,25.92164137063937,6.750000000000005,-2.56,-7.8669932031631475,-26.198889231681825,-11.312142117190902,-3.5734417555979237,-7.2534653304201635,-7.02729807613333,-2.2720666797076245,0.5702824073664611,0.8668292591970208,0.0
263.055055,124,741.715688,124.0,167.4165574245319,41.23005575331917,45.18622896490319,9.750000000000012,-3.5399999999999996,-13.640218849182126,-37.44450192004441,-20.501594457045123,-4.847115080962398,-17.197658784139332,-21.478804565667456,-5.877893929482224,0.4996161174973006,1.2390479713933056,0.0
413.635195,190,750.360485,190.0,247.02147078601104,68.71083189916159,71.27750315592061,10.050000000000013,-7.780000000000004,-18.873758144378666,-57.79807744771243,-30.078033318814867,-10.59648849602082,-19.29107426204075,-20.738383848878918,-8.268795537563609,0.3480224161747164,1.3224851814639225,0.0
202.088017,88,754.089175,88.0,125.34591037312359,30.702696448684506,29.223670550356417,7.350000000000007,-2.19,-9.066480946540834,-26.270049017667777,-13.919587563545164,-5.690599151269242,-10.047738099593497,-8.03412321498266,-3.3156825964141503,0.630830470159556,1.1102616274808186,0.0
348.641939,164,761.607657,164.0,204.00277031134505,57.098098576567004,60.66916938520176,12.75000000000002,-5.740000000000001,-16.28011236429214,-46.7333193987608,-24.952493495285662,-8.243276515750154,-19.16073194227558,-23.120664595630792,-5.647501446606258,0.4663017679781603,1.5294697989683659,0.0
192.247316,85,765.480396,85.0,124.85344382764742,30.102630977467474,28.363374650152085,6.150000000000004,-2.979999999999999,-9.054895591735837,-24.57819516956806,-12.986586661778627,-4.970694828236939,-14.821263221172192,-9.900747887476662,-2.9297504096546017,0.4215309370118671,0.716602592920174,0.0
123.977536,60,768.270399,60.0,80.01657319156323,18.970238118872835,20.682418592948384,3.7499999999999987,-1.43,-6.533764715194702,-16.17807306349278,-9.478264691770072,-2.3822696080119674,-10.653413826926432,-10.296359621087932,-2.4895479665692166,0.5598150571997057,0.6717780686396468,0.0
179.237799,91,772.37574,91.0,112.59406112784283,27.82850423200051,31.632429237629406,7.050000000000006,-4.05,-9.259396839141843,-26.49442351460457,-14.404521119009269,-4.127749654928964,-10.527774283855537,-18.86419001291176,-3.13914055267205,0.5125839793485353,0.9329028424143342,0.0
140.648311,68,774.895363,68.0,90.90351056112823,22.759266923925782,23.57072533826789,4.199999999999999,-2.4899999999999998,-6.968816323280336,-19.744280707836158,-10.265326182786076,-3.283107331155863,-12.713423404752174,-10.506921165868444,-2.813316715049553,0.5332273759585058,0.7251892313035679,0.0
146.523997,67,777.41356,67.0,94.77254948259349,20.43129753640802,23.945274041525916,4.35,-2.7399999999999993,-7.82762169837952,-19.44377835988999,-10.79142080469727,-3.322016622584207,-9.31351080413299,-7.1352144023025765,-3.4015615086205275,0.6436815481535383,0.8625332745257414,0.0
248.934957,106,781.820232,106.0,166.57162449484787,35.10499309308989,36.03089879859413,5.5500000000000025,-3.21,-11.313250312805174,-33.05035924613477,-16.804599207737667,-5.141296503629514,-15.023727620038649,-11.617950612401506,-4.161375663419169,0.7645400884425182,1.6208249874981386,0.0
295.270593,142,788.117326,142.0,163.52031813911577,49.29498167122401,51.06478114304928,11.250000000000016,-5.94,-13.704802861213684,-44.20903619527816,-21.657751806206836,-8.448987865891432,-7.434739854827571,-15.352146344701831,-5.112023106289472,0.5416964274416939,1.5384178539344104,0.0
162.333177,82,791.867773,82.0,94.7034595111037,26.925275243325174,30.299782475412083,6.600000000000005,-3.6699999999999995,-9.309450402259833,-23.1238805770874,-12.500266263006216,-3.986640802219703,-10.791177480257774,-11.418473148404074,-3.395452022537114,0.4995414980378281,0.8192480567820382,0.0
164.00605,70,795.00386,70.0,112.59911472389521,23.947355729366386,23.17353091549884,5.700000000000003,-2.1799999999999997,-7.202518043518066,-20.124677038192754,-10.680649985439763,-4.263476472147675,-16.06114280338212,-8.674008601571641,-2.227478435500993,0.7432083817115459,1.0404917343961644,0.0
119.465219,55,797.522799,55.0,70.81352488370557,20.3513715883933,18.36690026190169,3.8999999999999986,-2.6999999999999997,-5.437190942764281,-14.490110421180727,-8.694098649680853,-3.2105408546253345,-7.509263182846262,-5.017473159652854,-1.9079000310624037,0.3594983327073545,0.39544816597808996,0.0
246.190181,108,802.366878,108.0,155.74548422553633,36.85059366081264,39.37478591027974,8.250000000000009,-4.569999999999999,-11.142819697856906,-29.376261329650887,-16.392919062252382,-6.6637231105885535,-13.78002423343615,-15.89562239469822,-4.209312839051502,0.6672738892743629,1.441311600832624,0.0
264.006678,115,807.55084,115.0,148.37800030716622,41.68802126423628,40.85963403529778,10.500000000000014,-4.17,-12.011925809383397,-28.332658693194393,-17.258385215407866,-6.615414142472491,-10.7437557249302,-9.5383672607893,-3.748470716199012,0.568762173623484,1.3081529993340135,0.0
142.504575,89,811.54974,89.0,57.039948970552366,31.029414454726112,28.70113357033726,4.049999999999999,-3.8899999999999997,-9.055604963302613,-22.573641204833987,-13.126122040517352,-4.376914155350785,-2.0060254406212175,-9.549617192121792,-2.737997272346496,0.4824347452946361,0.8587338466244523,0.0
189.945585,80,815.527474,80.0,130.6912933355589,23.69334108953469,29.283059006820572,5.250000000000002,-2.09,-9.120467867851259,-19.301540639996535,-11.721139621646286,-4.162557006727311,-12.720690915814624,-16.424996649189982,-3.4307157436938622,0.5836253565092158,0.9338005704147453,0.0
133.865146,78,819.769668,78.0,65.07238419403296,26.42184302661823,25.543918585361094,3.8999999999999986,-3.4299999999999997,-8.300387368202209,-20.89123246073724,-12.421784420415802,-3.9546127646298697,-2.2058787301742937,-10.922889123861136,-2.946215320586071,0.6368383172660161,0.9934677749349852,0.0
184.302197,84,823.327469,84.0,118.8051488983923,29.352564368927837,28.23693335667691,6.300000000000004,-3.9299999999999993,-9.411251740455628,-25.229975885152815,-13.128675244015353,-4.243529010190528,-8.906789255227945,-14.0202136690345,-3.522015007832164,0.6884770035921206,1.1566413660347625,0.0
169.490944,73,826.408692,73.0,112.59099621496998,25.031431051847456,25.769436653634813,5.100000000000001,-2.34,-7.7644584321975705,-20.778184747695928,-10.875632277668936,-3.1514056558031336,-12.507002637594388,-11.853622304468676,-2.7306137755746067,0.681424647282109,0.9948799850318791,0.0
266.242277,107,831.029563,107.0,172.19252032939147,37.233645776006384,37.592401329428924,9.600000000000012,-3.67,-10.231375255584714,-32.320228770375266,-16.34065051832176,-5.068582539420044,-14.159374823422938,-12.152275098700757,-3.4338035299989427,0.6615567659340947,1.4157314790989628,0.0
367.817439,217,840.482239,217.0,155.43304829421962,71.09423109071658,80.68067129378217,14.700000000000024,-5.21,-21.744718399047844,-63.579826392978454,-32.63418413008992,-10.574135581021215,-10.244126639729163,-20.0379113034396,-7.065608908276219,0.29023450596533484,1.2596177558895532,1.0
277.852145,148,846.875446,148.0,138.70891561303546,50.55834730984388,53.05379862901521,9.450000000000012,-5.010000000000002,-14.551666774749751,-41.493443709611874,-23.244702676378804,-7.465465894309208,-6.407741666290105,-18.216824232488637,-5.529071767247031,0.6221531966029346,1.8415734619446864,0.0
303.629391,138,852.758008,138.0,192.13483790883262,50.36164085153396,47.79077629883743,8.85000000000001,-5.000000000000002,-13.140256307125089,-40.885347491502756,-20.663913137817296,-7.702683511916298,-22.04464040233502,-19.114123047088412,-4.9568998094205945,0.42318766536301367,1.1679979564019178,0.0
300.839895,135,858.299395,135.0,172.50799204073078,48.5196577094525,49.42179868378213,9.900000000000013,-4.890000000000001,-13.388332877159128,-37.71719261258842,-20.935081609821317,-6.630359296705025,-12.073845895353946,-13.968791844428303,-4.90594955553476,0.5745823569007866,1.551372363632124,0.0
185.326435,89,862.022319,89.0,120.58947386295236,30.539693132985043,29.57873678697101,5.400000000000002,-4.57,-9.095068449974061,-24.55082949399948,-13.598806017802755,-4.588279292423938,-17.1858206612754,-12.939062119645142,-3.253603116037048,0.4782608361910906,0.8513042884201413,0.0
226.951329,114,866.377277,114.0,147.80193479531803,37.390840650130365,37.64300959466762,6.900000000000006,-4.36,-12.786755836009986,-32.35622704625129,-17.188970903774823,-6.136475592845046,-14.444535845752892,-25.184249566106562,-4.327241034264314,0.41302948651140164,0.9417072292459958,0.0
331.952144,143,872.037659,143.0,206.26492953384795,48.24216799368326,53.40396437450295,11.100000000000016,-5.060000000000001,-15.916237621307369,-35.22627150714398,-22.441035820675896,-6.812870727412191,-22.34079652209257,-16.434234749229013,-5.827470954342758,0.6713459073936885,1.920049295145949,0.0
644.404292,343,886.460424,343.0,317.5870600531053,124.3731942220833,131.40097881686887,24.14999999999995,-12.570000000000011,-34.30968348026278,-91.74278632253413,-53.32538373396709,-17.36716178643865,-26.4430743819344,-46.3097471283902,-14.039104112877682,0.5104842615441101,3.5019220341925954,1.0
373.794406,158,893.096064,158.0,232.09476809668462,56.74780324890172,57.643569709530816,14.250000000000023,-7.0100000000000025,-15.773385939598077,-39.442862690985194,-23.814835240446797,-8.248290731805913,-23.13224503605196,-21.838873490376937,-5.681242319525217,0.5380806181345675,1.7003347533052335,0.0
231.983459,108,897.931194,108.0,132.2533604032043,36.92653475304045,36.19286428181416,8.250000000000009,-7.030000000000001,-11.420087046623228,-26.745190218091,-15.856535009140073,-5.510792434220021,-8.320462464569037,-10.816394989733729,-3.9398387203425713,0.5508904435404463,1.189923358047364,0.0
185.662012,86,901.817645,86.0,120.99105240100731,27.434990606936612,28.72925336063467,6.0000000000000036,-3.2599999999999993,-10.08910121440887,-22.72325849533081,-13.109974937058706,-3.817571070151839,-13.866142738520999,-13.549319008446775,-3.0779165537904123,0.7351399180744417,1.2644406590880397,0.0
219.186401,100,906.200939,100.0,135.71702221126463,30.064005041056134,34.70125183071873,10.350000000000014,-3.0699999999999994,-10.445296587944032,-25.70345748066902,-15.520364648758708,-5.19245192997602,-12.28424339508159,-15.322290846760136,-4.107773114058528,0.558505140575958,1.117010281151916,0.0
160.072892,69,909.192944,69.0,101.50714399469267,22.951609305288997,22.66620650139976,4.35,-2.08,-7.27861278772354,-17.877580371499064,-10.350918422267187,-3.267475733904298,-12.318352628757587,-4.7359480880784846,-2.493179902447244,0.47379749935397003,0.6538405491084787,0.0
283.268487,114,914.105,114.0,201.11870248733018,38.17674121590896,40.68837733338493,7.950000000000008,-4.9,-12.742705368995669,-34.563565628230585,-18.007338953487302,-6.519709801553541,-21.503542796684872,-15.263876516543737,-5.164595101651332,0.7292344752490557,1.6626546035678473,0.0
256.561127,108,918.674163,108.0,159.1587204943602,39.28236341234481,38.22246760476559,7.500000000000007,-3.8599999999999994,-12.197998080253603,-26.87153127193451,-17.20980709978889,-6.728619664971516,-13.409075240370452,-10.946654996311132,-4.378738231081029,0.6766014551933072,1.4614591432175437,0.0
417.656844,179,926.169353,179.0,245.1536242161322,67.2207784096732,63.183166201338146,14.100000000000023,-6.2100000000000035,-16.95786031484604,-45.798147872090354,-26.82184884781894,-8.759602488908744,-18.687837892952313,-22.324456945152644,-5.440970536754339,0.3429852596769977,1.2278872296436518,0.0
478.67994,187,934.015311,187.0,301.8277497148091,62.1460835435635,71.52858631484771,17.250000000000014,-5.650000000000001,-20.756822221279144,-44.95749432742594,-27.05340346015276,-9.000730927942174,-26.755688030925544,-20.404513968285976,-6.493826169903208,0.6981077115803613,2.6109228413105514,1.0
598.950422,299,946.421,299.0,313.25424663517293,105.33048159886168,110.02945939092791,20.84999999999998,-9.780000000000006,-31.89249895572661,-75.0064227491617,-44.95413452598253,-14.582671039188464,-27.020242128400035,-34.30500224860506,-11.97279435805775,0.5893739645945562,3.524456308275446,1.0
268.836815,127,951.56565,127.0,149.43038603631476,46.03899039276706,45.841234264233684,11.400000000000016,-4.38,-13.267963943481448,-29.759192335605633,-19.641291070950523,-6.208977510923927,-9.552991256210701,-23.212367493313398,-4.851011905054313,0.35431277633533903,0.8999544518917612,0.0
266.309196,111,955.791145,111.0,167.42022823689408,38.52946809141902,39.96262758883994,9.00000000000001,-2.6199999999999997,-12.247906413078312,-24.14538266211748,-16.409256633551497,-4.980431178803262,-16.232141117745147,-18.631884373857318,-4.336125119989441,0.611357546724399,1.3572137537281659,0.0
494.317993,196,964.215189,196.0,299.53691700648153,71.82249543750177,72.90780507670401,16.050000000000026,-7.120000000000002,-20.991336464881876,-46.53063960671421,-31.299843803049967,-9.312554517527413,-21.360500006240862,-18.16946999649695,-7.214880105775753,0.6772904095318869,2.6549784053649965,0.0
348.205897,157,970.859547,157.0,195.3548090202861,53.052459958731845,58.73709838119939,9.750000000000012,-3.089999999999999,-17.06909869670868,-37.972515690699204,-24.361763525559105,-6.818091860537596,-12.896864006682263,-16.294922369275643,-7.185213919153685,0.4370248933886257,1.3722581652402848,0.0
364.534314,160,977.723459,160.0,215.6396497977004,56.78622345665563,57.26272997862449,11.100000000000016,-4.609999999999999,-16.899564599990832,-39.32776102125646,-24.298581628593073,-7.710211552622228,-22.01538189845836,-15.500181833741248,-5.892607170425258,0.46919788298945614,1.5014332255662597,0.0
363.634486,135,983.522542,135.0,261.30094673813187,47.185873737783176,50.7218991248358,11.100000000000016,-2.72,-15.531065521240233,-34.26571348607543,-21.729585492552026,-7.013118557742779,-28.67079918946138,-25.75243905549946,-5.991512136055941,0.8469778984241061,2.2868403257450867,0.0
530.95294,213,992.470903,213.0,338.73260556808845,73.72656566939644,82.07327017691094,19.049999999999997,-6.600000000000002,-23.44638809204102,-50.92780256271362,-32.06897896624097,-10.597418723637404,-31.372819268295082,-32.337047783580786,-8.27904589000314,0.5563712277239773,2.3701414301041432,0.0
211.409567,85,996.107067,85.0,145.21554913328907,27.625787515444895,30.83050931453325,7.200000000000006,-2.6899999999999995,-10.101962108612058,-20.43282462283968,-13.226667998680753,-4.845905832788003,-18.98284001676225,-10.881617042824308,-3.3004617660907276,0.7523236398336276,1.278950187717167,0.0
422.173832,163,1003.069692,163.0,271.52962039991456,57.44796741195801,60.76714035254244,14.400000000000023,-4.139999999999999,-17.066370968818656,-39.59225666224957,-25.678980368931636,-8.303570597663134,-24.042410443023773,-19.96348276872412,-6.183823997953402,0.738969302076375,2.4090399247689827,1.0
480.631966,189,1011.073717,189.0,307.33634280895484,68.99391087006302,66.41319851136922,17.85000000000001,-5.5600000000000005,-20.315876221656804,-46.744027391076095,-29.348770907556794,-10.6796175564279,-29.232958347203965,-20.228238004757817,-6.851997831267812,0.7487453683525457,2.8302574923726227,1.0
278.964737,107,1015.61513,107.0,189.85360998457097,34.935696879520776,37.66451934751613,9.450000000000012,-2.6999999999999993,-12.001346411705017,-25.819617347419268,-17.48286093258683,-7.129947418668638,-19.40982543775735,-9.749015820404393,-5.646475805021206,0.8053643798960642,1.7234797729775775,0.0
197.150563,79,1018.870449,79.0,130.0514740960323,25.98590960899582,28.048910545378753,6.600000000000005,-2.12,-9.000534424781799,-16.409867745637893,-12.179164108393316,-3.202479867393655,-15.49905629427581,-11.145494509971387,-2.9791345562712226,0.7231571073897792,1.1425882296758512,0.0
292.943219,145,1025.106757,145.0,157.43688056830442,45.027087738176576,53.95205512207618,10.800000000000015,-2.8499999999999996,-15.344252905845638,-38.65524384230375,-21.770740394552853,-6.882054813810116,-11.351679079348797,-17.043814859120513,-5.375018682301367,0.6140946976338765,1.7808746231382417,0.0
184.275376,76,1028.340038,76.0,119.71073185435368,26.970311965186458,25.29944822358716,7.500000000000007,-2.2100000000000004,-8.146330103874204,-17.94559226185083,-11.79097841369525,-4.508406365358679,-13.498780450333074,-10.611874708861947,-2.49315358257642,0.6769701569745236,1.0289946386012758,0.0
243.314346,98,1032.345223,98.0,161.2733671738982,34.2387751345632,34.8311904548792,7.950000000000008,-3.15,-10.926845483779914,-21.16321987211704,-15.013810259098687,-5.433153488314321,-17.13008047567255,-16.21674716483717,-3.945130219096496,0.7030874133277499,1.3780513301223898,0.0
305.636503,123,1037.651391,123.0,211.28073687139164,40.238908161914146,43.94456835181831,10.050000000000013,-3.989999999999999,-15.320666599273686,-28.808999264240267,-19.035033467427475,-5.334841940783732,-29.725690543876386,-15.184288906362545,-5.478189950966089,0.8173614237976138,2.0107091025421298,0.0
247.883343,98,1041.223729,98.0,164.12139032773067,32.23844224933362,34.21419533914384,7.200000000000006,-1.8999999999999997,-10.836613121032718,-23.56997110322117,-14.785821211054975,-4.98847817108466,-14.58666448371012,-13.425730385224988,-3.797406041625015,0.7465999636161323,1.4633359286876193,0.0
310.251964,118,1045.770702,118.0,201.14873929420173,39.8712537395411,41.102590261734655,10.650000000000015,-2.81,-13.867643556594842,-23.138393114507192,-18.15577441343526,-6.244658447691652,-20.04100657378208,-12.095024895377996,-4.168117996368061,0.7326993799216214,1.7291705366150263,0.0
180.177234,75,1049.065941,75.0,125.46031620773242,23.715096685756613,23.80107874239321,4.65,-3.1199999999999997,-8.859618964195255,-16.545824106037617,-11.270391117731476,-3.0172851341547933,-18.002176142545792,-9.049905263866474,-2.584056545351559,0.7793903764089967,1.169085564613495,0.0
179.326043,74,1052.189675,74.0,123.82138838650445,23.56345518909514,25.54265331712704,5.250000000000002,-3.3299999999999996,-8.313562989234923,-18.912896230816834,-11.282527595801497,-3.072009081625207,-14.579574221233392,-10.587252993143242,-2.7736308857129797,0.6591892347487992,0.9756000674282228,0.0
509.840412,187,1060.061427,187.0,336.39281637717056,65.53939327445602,70.3847904477835,16.050000000000026,-5.080000000000001,-20.614576230049124,-38.638473489880546,-28.45145750971194,-9.747944852363279,-34.38929269317202,-20.96355773920286,-7.641285107598797,0.5512534034460898,2.061687728888376,0.0
239.354025,101,1064.418247,101.0,152.92451426071608,32.947455461269406,36.48792432754403,7.6500000000000075,-2.9099999999999997,-11.296192479133605,-26.279271727800364,-15.659028263881538,-5.081053281020255,-15.067368056803152,-10.764195498179268,-4.598759986500058,0.6732464315679478,1.3599577917672547,0.0
181.733008,76,1067.6003,76.0,112.55470183112355,24.170650131445594,26.013718985215753,5.850000000000003,-2.38,-8.680639214515683,-13.845604333281514,-10.613692853924475,-3.3932774102924013,-13.079134631647836,-8.342547653365047,-2.521166586292285,0.6532599915674189,0.9929551871824767,0.0
326.852949,134,1073.264467,134.0,213.64430375662454,46.20547558662774,48.93047849261621,12.300000000000018,-6.410000000000002,-15.501484398841857,-34.66630091071128,-20.391838983211542,-7.36676319769055,-17.325876636865164,-20.76590724076469,-5.799137879501375,0.597968462727396,1.6025554801094213,0.0
331.040653,130,1078.741953,130.0,231.07658142769026,45.31102125186799,47.941153819044416,10.350000000000014,-4.279999999999999,-14.652521698474876,-33.21133525669573,-20.30859794787089,-7.911808020244243,-31.01947353480391,-16.329676455096433,-5.924690836885091,0.7082205685490124,1.8413734782274322,0.0
253.454169,107,1083.342798,107.0,167.16424174679247,38.520989138507076,37.45305193218188,7.350000000000007,-2.9399999999999995,-11.728545768260958,-22.735418465733527,-16.562315636103563,-6.26053186182705,-17.832489305995264,-21.939271535708496,-4.035541465823242,0.5894525690749585,1.261428497820411,0.0
489.762752,167,1090.257267,167.0,338.02553071444174,57.40304573928936,62.20012024465975,15.150000000000025,-5.04,-19.95936126708986,-31.644266682118186,-26.49736870834754,-8.564571130615034,-32.051410733504596,-18.966549514209465,-7.292416380738576,0.8924402961843381,2.980750589255689,0.0
334.663531,126,1095.630436,126.0,227.22679130436578,41.63034833181362,45.92493960773191,12.450000000000019,-3.619999999999999,-14.619813523292537,-26.99426785856486,-20.023691651727965,-5.255737404888075,-28.65518441398216,-14.790788854465701,-4.609064872216267,0.82692751330767,2.0838573335353283,0.0
328.244478,125,1101.08206,125.0,205.49164140837163,44.49427345652119,45.23974516250048,11.550000000000017,-4.28,-13.549730639457696,-26.967234581708908,-18.93401587180015,-6.7153276130256065,-18.665411882505953,-10.27916156588068,-4.140299555032765,0.6385089393831314,1.5962723484578285,0.0
161.816848,74,1104.278394,74.0,95.7389936284598,24.816756115375668,24.98562803395816,5.100000000000001,-2.8899999999999997,-7.793094000816345,-19.275273859500885,-11.172535598579858,-2.752198893293565,-10.039283390243913,-6.525014952669868,-2.377128686837547,0.5786642452317818,0.8564230829430372,0.0
404.679992,153,1110.746954,153.0,272.298866222216,53.69069206033499,56.16995604401988,13.20000000000002,-3.839999999999999,-17.38724842548371,-32.68515180349351,-23.249752290446633,-7.313975256807892,-34.8684981752605,-18.21190131733042,-6.122994780445999,0.7943012848771616,2.4305619317241143,0.0
520.785308,184,1119.05911,184.0,327.8978114824593,66.2951056144445,69.50795300183744,19.499999999999993,-4.31,-20.490643968582138,-33.43979059308766,-28.63739928976447,-8.948187478357802,-29.03628209713559,-15.573680457766883,-5.979578684054668,0.6829148517961521,2.51312665460984,1.0
357.207755,131,1125.621079,131.0,257.6863676240821,45.832043678794406,48.308882662234865,10.500000000000014,-4.859999999999999,-15.329643125534062,-30.019303274154645,-19.676876001584432,-7.960330026707942,-36.37253948060539,-16.664979844212162,-5.235867268701359,0.6546495055062234,1.7151817044263051,0.0
285.382982,106,1129.956738,106.0,208.0129349078278,34.42641241588903,36.66677206237122,10.050000000000013,-3.25,-12.204920749664305,-23.715356661379342,-16.16023268874764,-4.900053416349724,-26.90596015738966,-18.363445771507347,-4.273168246995544,0.7882540983917812,1.671098688590576,0.0
303.617835,125,1135.195332,125.0,198.58720993302546,43.71529144411063,45.90464546391212,11.400000000000016,-4.089999999999999,-14.662837090492243,-28.383411058783526,-19.290531037904934,-5.66108211031248,-25.570090587508098,-18.266094745934332,-5.065265622489551,0.7288791488007375,1.8221978720018437,0.0
479.643623,180,1143.645612,180.0,316.26722452231115,65.00766916970056,66.5758935919115,17.250000000000014,-5.45,-20.50875569581985,-39.61695399731399,-28.109396047311588,-9.99650718481597,-33.258379894638374,-22.10192201618849,-6.415249727559155,0.7643675393690442,2.7517231417285593,0.0
465.203547,236,1154.788694,236.0,238.14283757757735,79.71650804093804,87.53805295076099,17.100000000000016,-6.230000000000003,-27.00857313632966,-57.12291983962057,-34.68704023797275,-10.616778675321294,-20.09542105591666,-30.23834249496621,-7.294775973399429,0.40978561527748464,1.9341881041097273,1.0
281.418371,109,1159.600664,109.0,193.4691588298187,35.48996573489824,39.30225886158135,10.050000000000013,-3.879999999999999,-11.783133683204653,-25.950353798270225,-16.317121401349457,-5.900713943114574,-22.815232862259037,-15.49340919090507,-3.7530472065065204,0.7654665793113637,1.668717142898773,0.0
416.734965,155,1166.177045,155.0,273.8469266917954,53.68233089978418,57.61372588441322,14.850000000000025,-4.9,-18.820741419792164,-34.161513951420794,-23.367571977444626,-7.726816868043321,-25.213751065010996,-18.103715530630847,-5.963907601614048,0.7373658036833561,2.285833991418404,0.0
665.697464,239,1176.749362,239.0,442.71575944626863,82.1198085951061,91.14986043687517,23.99999999999995,-5.950000000000001,-27.6352473974228,-48.966772603988645,-36.16816025388454,-12.72461162478034,-50.447010066346415,-22.079499833316987,-9.316663074539049,0.8387639460664574,4.009291662197667,0.0
361.866997,153,1183.165246,153.0,186.20318214665096,51.74096172180618,57.7146728921357,14.850000000000025,-4.089999999999999,-16.603413996696467,-29.53317788839339,-22.878949928970407,-7.14153176775853,-9.926035106508447,-6.810741654883263,-4.657969236823753,0.5504784994487958,1.684464208313315,0.0
432.901868,164,1189.88499,164.0,287.050043814088,58.12717070637313,58.85451940143394,13.950000000000022,-4.970000000000001,-19.753285813331598,-33.80452447533605,-24.775993144568456,-9.173228282526111,-27.3616415414659,-23.231553722557663,-6.009638514028632,0.7308142153324473,2.3970706262904273,0.0
610.627694,216,1199.403917,216.0,400.0589634703836,76.68742524509122,82.08770344282055,20.84999999999998,-5.410000000000001,-23.87379175662995,-43.788064664602295,-32.67512859916103,-10.020693428264195,-37.512629596955364,-23.61636740268374,-8.159722450857462,0.6241051417467707,2.6961342123460494,0.0
348.183977,157,1207.030325,157.0,214.6447015975122,52.353771568808284,57.25903558283778,12.60000000000002,-4.129999999999999,-17.148193223476405,-34.641053093224755,-23.701488929825956,-8.523439358979974,-20.681391382774155,-30.758150504147103,-6.089815031038804,0.6660314811554986,2.0913388508282655,0.0
557.316487,201,1216.68445,201.0,377.90733929641584,68.77543767025745,76.5642859317033,18.150000000000006,-4.399999999999999,-22.902866008281713,-39.797432315349596,-29.896862733879484,-10.074849345899255,-47.212910367556454,-23.071805301211302,-7.723849385602021,0.8744281597436578,3.515201202169505,0.0
396.679422,146,1222.958082,146.0,265.6423603564881,51.00636773522465,53.19707779522108,11.400000000000016,-2.67,-16.76022940635681,-28.305380259454246,-22.670815121656247,-7.834764795555607,-26.646999180280954,-19.274993914812985,-6.403200735375488,0.7093731929143234,2.0713697233098243,0.0
289.845766,117,1228.272843,117.0,179.20063650167648,39.323318341981086,41.801662169741626,8.85000000000001,-4.489999999999999,-13.542106194496162,-23.793092653155316,-17.305147463366847,-4.969932136578508,-16.18548722703328,-11.718737814680935,-4.325347243122774,0.7442969641377395,1.7416548960823104,0.0
372.14691,151,1235.121406,151.0,253.53959613977048,51.94403738877824,54.38757304618583,12.60000000000002,-4.37,-16.518205299377446,-32.735873472690585,-23.531856250481137,-7.833241966662932,-29.687826815665026,-30.34787681662332,-6.299415643523311,0.7510952957975587,2.2683077933086273,0.0
275.337856,103,1240.013105,103.0,178.6683661567763,32.73653199576525,37.706212242894274,9.900000000000013,-2.7299999999999995,-12.145860137939456,-23.877804894745353,-14.817336095367795,-5.791607539296446,-16.467186557380234,-6.935593613653087,-3.907865518393474,0.8134105117473104,1.6756256541994594,0.0
407.252767,152,1246.791027,152.0,255.80638082177026,53.70614583122549,55.27940805559281,15.450000000000026,-4.6000000000000005,-16.823677237033852,-32.639543274045,-23.219720638418934,-7.416276948125598,-20.32467731934447,-15.233874624470557,-4.731397219443067,0.7374989026735667,2.2419966641276425,0.0
476.17301,175,1254.792709,175.0,316.86838112692726,59.76712713917935,66.5716891975156,17.100000000000016,-7.010000000000002,-20.05397462368011,-35.75538939386605,-25.6459561281248,-9.135042562240725,-39.49684521267231,-15.620072397376441,-6.416907342627933,0.8028357164167438,2.8099250074586033,0.0
481.343869,179,1263.094117,179.0,316.05313567215694,63.721591004974876,67.12429920097632,13.950000000000022,-5.900000000000002,-19.862604942321777,-33.7807654425502,-27.228210221108352,-10.770418115474978,-27.017673418635006,-27.24945466773967,-6.6960304687125625,0.5923306492602395,2.1205437243516574,0.0
576.922351,199,1271.644018,199.0,386.3390636303539,72.74545876693846,74.48595898042092,18.450000000000003,-5.64,-21.174863862991323,-40.59795686304571,-29.8750353310126,-11.080273240861706,-38.341148505562735,-19.95677883842267,-7.432073284562228,0.7241846567962631,2.882254934049127,0.0
508.704956,176,1278.98574,176.0,356.37550047373554,59.67210575712793,67.51124252846456,17.70000000000001,-5.030000000000001,-19.737622294425968,-33.38597335517407,-27.520804873062325,-10.233328564176814,-45.62607317973795,-19.756169628817613,-7.263920438983867,0.7294356554122287,2.567613507051045,0.0
195.518492,76,1282.250115,76.0,135.69492517696517,24.8221216597728,26.65448834333035,7.800000000000008,-2.08,-8.405079493522642,-18.79693810045719,-12.067191632375746,-3.7503094808679283,-17.322405403219847,-9.974753316054809,-3.0563658095624597,0.7825853616970627,1.1895297497795354,0.0
413.094172,152,1288.528496,152.0,271.3749555879507,52.80538464243864,55.41570018781461,14.700000000000024,-4.35,-16.79321440219878,-30.811475679278377,-23.136756254441323,-7.221708383327162,-30.076927211760164,-15.29739667740754,-5.514390180529073,0.7409723518395706,2.2525559495922947,0.0
288.113287,113,1293.095563,113.0,197.9684127907628,34.803266683396835,42.396778972243794,11.250000000000016,-4.8500000000000005,-13.292721605300914,-23.64550391584636,-17.311144375510658,-5.95251701295647,-19.3289045064455,-22.166720551163248,-4.7576590290268985,0.7759337044236568,1.7536101719974646,0.0
743.427201,278,1306.203915,278.0,447.0134322193859,96.17260508520066,107.15881416242128,28.049999999999912,-8.120000000000005,-30.34073102474213,-50.39973875135187,-40.30590915347241,-15.209090557977454,-32.06115183481587,-27.11459825044795,-9.416431014996544,0.49529859580306024,2.753860192665015,1.0
591.353435,208,1314.124225,208.0,375.07784143169454,73.31228060848055,79.38592684716373,21.599999999999973,-5.9399999999999995,-22.02353068351746,-39.366943559050576,-31.332089981484238,-11.036381666300228,-36.19405475672019,-13.032428413371827,-7.097184427644694,0.7505620698211899,3.12233821045615,0.0
313.998569,120,1319.205335,120.0,202.41740938949218,40.39182496171777,44.51879702725496,9.900000000000013,-3.8,-13.61408979892731,-24.27489957362414,-17.307602630936287,-6.123406789807637,-20.528367282996232,-13.402425660667154,-4.178670912460882,0.8054744012628352,1.9331385630308044,0.0
394.968834,146,1326.242872,146.0,270.1007984834449,47.3548402494463,53.56410669158229,12.300000000000018,-4.36,-16.694182085990903,-30.576648563146584,-23.42426763717593,-6.753262487524554,-30.639016530311057,-15.798370814317543,-6.1051636084766026,0.8084610846247691,2.3607063671043256,0.0
622.857628,216,1335.531769,216.0,426.9361430676388,77.326629786702,81.6765288195754,19.499999999999993,-6.200000000000003,-25.024522185325637,-39.61274141445757,-31.741140582915254,-12.042118590398523,-47.31347277244924,-28.625255624870416,-8.022422557371051,0.6911265760874514,2.98566680869779,1.0
496.583648,185,1343.480259,185.0,309.57853626777813,65.53319599999118,66.87120647119208,15.750000000000027,-6.600000000000004,-19.35732942819595,-34.129247829318025,-27.782926511667597,-8.53277263570102,-26.2914864904558,-17.47132193374399,-5.984205728518918,0.7196414748788725,2.6626734570518287,0.0
968.855598,360,1358.660223,360.0,587.2345069893425,128.799823673168,136.2574237178327,35.099999999999845,-10.72000000000001,-36.366711611747775,-68.00514925569306,-53.672767720901206,-18.613607653842923,-45.521495138947,-34.57927874499597,-11.057146556858129,0.5503324746332678,3.9623938173595286,1.0
318.960611,121,1363.694407,121.0,210.75774523258212,37.07256258536997,45.32565996384334,12.450000000000019,-3.629999999999999,-14.598105139732358,-26.77650027871132,-18.362529948020256,-5.400709856219349,-18.168651220843415,-16.47566493425187,-4.233195194444127,0.7777379380347538,1.882125810044104,0.0
194.064566,76,1367.01137,76.0,131.24688536227836,25.491819951643993,26.771992197980595,6.450000000000005,-1.74,-8.717055444717408,-12.130280496180058,-11.124978264266726,-2.949012814713461,-14.52275451550762,-18.13181788933259,-2.5802319400091447,0.76235702432871,1.1587826769796392,0.0
337.631373,145,1373.129691,145.0,209.82220104046476,46.68841160155982,53.482315235689455,13.500000000000021,-3.9799999999999995,-16.951996331214904,-33.71267118304967,-21.55249485591771,-7.444131918400755,-21.513553055429142,-20.072488802529545,-5.634219178030152,0.7070084783589762,2.0503245872410307,0.0
1066.507373,364,1388.631139,364.0,700.3557362761403,125.94449523515064,143.6054911212674,37.64999999999982,-10.300000000000004,-41.75452614307405,-68.05774191915987,-54.507298334108086,-19.0054270496365,-60.762411796832204,-36.56075543096643,-14.1001889539198,0.8234905939851968,5.995011524212233,1.0
463.098547,166,1395.569336,166.0,302.61527866121844,58.59688728952755,63.16692469053378,13.800000000000022,-5.05,-18.890548009872443,-31.143078129738573,-24.798406467673473,-8.88703906094916,-30.73572724977327,-14.485595565065776,-7.090148900299266,0.6969838390780687,2.3139863457391883,0.0
423.909804,171,1401.922435,171.0,271.1475113300634,56.73981200663283,63.79599763794638,15.450000000000026,-4.67,-19.68153049468996,-34.788164414465435,-25.44177346476694,-8.254990325538033,-27.661301733724134,-27.53388706190722,-6.191869285422729,0.6341855157534974,2.168914463876961,0.0
559.629781,237,1411.741496,237.0,315.9797722990221,84.01565332297618,88.31772548269576,18.450000000000003,-8.490000000000002,-27.40770096302032,-44.844070429354915,-35.20591514775423,-11.630737823223873,-21.543296252056567,-26.931970552066527,-8.079678780490568,0.46427701641520797,2.200673057808086,1.0
349.061414,124,1416.751162,124.0,238.4950422890246,42.06845453105057,45.258433717064236,11.100000000000016,-3.6399999999999992,-14.820157175064082,-22.362219169735905,-18.547315878399214,-5.717880604086387,-29.494710605949763,-12.819812373564991,-4.458420486540593,0.8051869417987414,1.9968636156608786,0.0
164.395005,66,1419.560224,66.0,100.26862325015612,21.228400898420254,23.141393082429357,4.950000000000001,-0.96,-7.30714240550995,-14.26666036695242,-9.608473598955914,-3.4455759463445865,-8.754007252354654,-5.060237075568375,-1.7913160774038304,0.7699923976800032,1.0163899649376043,0.0
481.532871,172,1426.823185,172.0,318.72724241662644,59.1912446876779,64.83927454264874,16.50000000000002,-5.090000000000002,-20.42927798748016,-30.209519749879828,-25.60899443602223,-8.408343577051959,-31.863416561835965,-21.04463034983439,-7.070708209492277,0.609638582918599,2.0971567252399805,0.0
477.167624,167,1433.650736,167.0,310.6445432921081,56.06125244429388,64.60613034272819,16.200000000000024,-4.81,-20.444697170257562,-29.14614211916923,-25.72149787001649,-8.533510528642392,-31.425702673085915,-10.405955504826556,-6.856796022882199,0.8093359104880959,2.7031819410302402,0.0
1924.160396,682,1462.869696,682.0,1237.4148436416804,244.2923440328946,263.9477412489724,66.14999999999965,-19.89000000000002,-77.90492974758145,-122.49576721340405,-100.4753988444553,-37.2703800493606,-115.0556386588867,-72.7313227750083,-23.82109515386802,0.632141876980643,8.62241520201597,3.0
375.997306,167,1469.9534,167.0,202.06614273159872,57.30289857770099,60.22024906280677,14.400000000000023,-4.94,-19.24402040958405,-32.48162693455814,-25.006592459803787,-7.87803067600005,-12.82920054940257,-16.9539451031917,-5.658568570124727,0.5592779197072685,1.8679882518222768,0.0
966.418288,342,1483.721252,342.0,615.4880783298591,119.61314481012101,131.82149929242223,35.84999999999984,-10.150000000000002,-38.24377309799194,-58.41387577652932,-50.97526409069151,-17.044261286635358,-59.778776027546584,-31.80819568106285,-11.940288127686557,0.6746583649847785,4.6146632164958845,1.0
212.29746,83,1486.767624,83.0,158.2415066535583,23.98667099727451,29.062467299654315,6.300000000000004,-2.16,-10.115365290641787,-16.31613478064537,-12.435110929331284,-3.5394594071635526,-23.383358227793202,-17.1825707373214,-3.161186007025746,0.9037477529184121,1.5002212698445643,0.0
1492.682633,475,1506.427161,475.0,1070.8421974139476,163.51820396637575,185.37550656177038,50.6999999999997,-13.110000000000008,-60.52903085231784,-76.29814578145732,-70.07275639526829,-25.79316224789642,-136.23924816998195,-49.485513391987475,-21.225417963281185,0.2507784128394987,2.3823949219752376,1.0
773.852105,266,1517.623959,266.0,491.0237706631015,92.62031292832265,99.17899621165843,27.899999999999913,-6.160000000000004,-28.637150914669032,-42.04499746114016,-39.83287918781767,-13.527905996971192,-44.88582565434953,-18.94182033387276,-8.84039526383951,0.24851320502216995,1.3220902507179442,0.0
400.706924,154,1524.110411,154.0,246.48753287826077,53.536624979853464,56.50364819309968,13.950000000000022,-4.9799999999999995,-18.40876327037812,-24.849032783508285,-21.925849560888423,-8.248279813375849,-24.906022295665878,-14.8951920904548,-5.5577426935893675,0.7605180395078911,2.3423955616843046,0.0
980.985496,342,1538.389924,342.0,640.8956477289803,118.05624783461239,132.44277217321923,33.89999999999986,-10.710000000000008,-41.28506295442582,-60.9129357904196,-49.27337028859538,-18.23424287116994,-57.22779987606822,-36.02662083555583,-12.639139037184233,0.6803924536282574,4.653884382817281,1.0
588.568482,212,1547.208249,212.0,369.2074394081506,75.19147594548853,80.54229955791976,22.199999999999967,-4.74,-24.53304435253144,-34.75093317180874,-31.167260913977472,-9.24758755941257,-34.38793088312808,-24.60040309790562,-7.145572499682849,0.5915176605929057,2.5080348809139204,1.0
832.845996,274,1558.693397,274.0,562.6045875560219,95.89483078237478,104.3516516834256,29.999999999999893,-9.370000000000005,-30.386332988738992,-44.68201155662537,-40.654494250830915,-14.296725563848447,-63.865900800349834,-20.72992938833136,-10.019679880430806,0.8715233745783443,4.775948092689327,1.0
419.78614,143,1564.609308,143.0,286.32267432750496,49.92644292891734,52.84343696900308,15.000000000000025,-4.279999999999999,-16.870688290596014,-24.147001460194588,-21.45552950939166,-6.795314179309524,-37.31781030327183,-12.093161173889818,-4.346909009385083,0.9148145041253745,2.616369481798571,0.0
263.399347,102,1569.160217,102.0,168.95323444878966,33.075455715264845,36.83829148461315,9.300000000000011,-3.4699999999999993,-12.232633366584777,-20.4010535851121,-15.22905412041788,-4.740098482599818,-15.717547111907562,-11.34147972970327,-3.6357683680093684,0.7478744867130637,1.5256639528946498,0.0
613.706484,205,1578.599947,205.0,416.09379653477976,66.06972589921038,79.64229806173906,22.79999999999996,-5.270000000000001,-24.69887826919555,-33.13471288979054,-29.74181579649094,-9.484555442529611,-50.173508555081845,-16.45420465665358,-6.9416606582991225,0.9253072275795694,3.793759633076234,1.0
588.564076,220,1589.07767,220.0,372.5575157247067,74.25978588494448,83.83336371797401,20.84999999999998,-5.730000000000001,-26.19746408581735,-41.001958197355265,-32.85965589183014,-10.223444420911212,-30.029791922785133,-28.26721180547637,-8.627062522957825,0.7503671648784436,3.301615525465152,0.0
598.289811,215,1599.090968,215.0,391.57773251799046,71.51250189265406,82.15255221359952,21.89999999999997,-5.400000000000001,-25.492088112831116,-38.35216934382915,-32.33343079580062,-11.70563035372792,-41.79730291418042,-20.005289579425497,-8.767064153050075,0.740714998310909,3.185074492736909,1.0
626.975361,214,1608.824212,214.0,430.92098546160145,73.04760630843006,81.82425027282012,21.599999999999973,-5.32,-25.792236046791057,-33.95884162783623,-31.866161550900497,-10.533255087183658,-54.10891281405474,-24.535270980957172,-8.302803097128628,0.8657678911575528,3.7054865741543264,0.0
443.87054,168,1616.223184,168.0,293.92402214769686,56.81964905967578,63.51657900565825,15.150000000000025,-5.14,-20.113936696052555,-34.22667241990566,-25.390363593334495,-9.323984414956595,-32.341479973090415,-20.250218471500943,-6.753054385108566,0.8124807376136717,2.729935278381937,0.0
354.916786,133,1621.827638,133.0,222.42576462412038,44.50919493718106,49.07859417524425,13.500000000000021,-3.649999999999999,-15.348726081848149,-23.196410225331785,-18.881473769909892,-5.996361336498498,-23.33133663131968,-13.116056961814605,-4.076402465245898,0.7923002849964201,2.1075187580904777,0.0
972.893567,309,1636.925268,309.0,697.432958259919,107.86555748933405,119.96669392987516,32.54999999999987,-7.940000000000004,-37.74169805526736,-49.75369139537214,-45.49222117272324,-18.302232190402194,-90.70233121945567,-31.345419407329445,-12.644048798274444,1.000587540809816,6.183631002204662,1.0
1684.509091,578,1663.026102,578.0,1063.2485753465091,200.58793996544753,224.88358144957664,60.449999999999605,-16.160000000000018,-69.17074415445329,-96.30171689093116,-84.7731944916156,-29.456228554743095,-83.5578900049816,-43.10879456704608,-20.132437047373045,0.6894651681367614,7.970217343660963,2.0
982.593573,326,1675.935601,326.0,642.5638166642805,114.92326677570559,125.05877608132545,33.149999999999864,-8.020000000000001,-38.83182043790818,-47.93552510291334,-46.084457443000176,-16.81349171009942,-60.07198859007636,-29.766055293180376,-11.578947547410523,0.7663407307932206,4.996541564771799,1.0
1507.980243,484,1697.325156,484.0,988.3969308341646,171.19899190617963,189.68274172617447,54.149999999999665,-12.190000000000008,-58.9583037424088,-75.24120035693049,-71.30230748747817,-24.942339479506085,-84.46341280973407,-34.836200148217614,-17.514657915105218,0.51973386567903,5.031023819773011,2.0
632.254552,216,1707.181275,216.0,420.0423706278014,76.0305719910278,81.9712765654726,20.99999999999998,-6.150000000000002,-27.184697017669677,-37.851257413625724,-31.90472387340754,-11.011399202425975,-43.71681567030143,-17.209076912027406,-7.761697487751731,0.47329504691072377,2.0446346026543267,1.0
1404.728933,477,1728.349854,477.0,911.6860474519192,167.8573424795317,186.29628007405003,47.849999999999724,-11.360000000000007,-61.06167152404784,-71.59980756267899,-68.41285078676076,-22.50877460779421,-90.18930853104848,-41.68690965299674,-19.141414592242736,0.7652553312064948,7.300535859709961,2.0
3.040226,81,1731.874415,81.0,-39.59850222709666,23.913360030977127,27.03221084074204,3.7499999999999987,-2.05,-10.823953485488893,-22.62208301424981,-11.747162728415773,-4.210193041587344,-11.79454010340796,-26.61551764104245,-3.1933929089626916,0.13610935935616356,0.22049716215698498,0.0
581.820984,204,1740.521799,204.0,377.221248266927,71.04475291638502,78.24097905361566,21.89999999999997,-5.49,-25.076839890480045,-32.833569625020026,-29.428834871684426,-9.075967055713392,-40.5370334701594,-20.74065096446847,-7.403100232849215,0.8353051785874639,3.4080451286368527,1.0
440.692737,163,1747.559189,163.0,277.22967094781006,53.644155480503215,60.76621612699445,16.050000000000026,-3.289999999999999,-20.38642500400544,-23.25237360596656,-24.066727818620407,-7.256000905241474,-26.346031484888254,-19.57744727759742,-5.822299851691567,0.7755372968525934,2.528251587739455,0.0
509.208169,198,1755.654451,198.0,332.8490234551785,64.52739167781078,73.37945895214092,16.200000000000024,-3.969999999999999,-23.275241117477414,-37.18615787774326,-29.987567090648785,-8.837592120929507,-42.065497949918814,-23.470316352104597,-6.955332355829641,0.7995122470216249,3.1660684982056346,1.0
372.170549,139,1760.989286,139.0,249.43795087298514,45.10274265576138,51.056923141418324,12.300000000000018,-3.709999999999999,-17.588892688751216,-24.473808160424234,-20.59786779069835,-6.371561259791242,-28.034914766851834,-19.06501251447593,-4.885010781564589,0.8649640744508391,2.404600126973333,0.0
223.039526,93,1765.078627,93.0,143.71837582528997,33.03487797829573,30.779850600215447,8.250000000000009,-3.8099999999999996,-10.541583666801449,-18.09700673148036,-14.613997029916685,-4.85335822207524,-14.751734306599825,-15.83707018751488,-3.2388281479896555,0.7024220075680006,1.3065049340764812,0.0
11.699216,75,1768.260442,75.0,-37.16734773318778,23.227286989881772,25.067493044239175,0.6,-3.4199999999999995,-9.840373444557189,-21.245129597187038,-11.765614408117822,-3.4411150941207915,-5.12638788595447,-17.32342045089867,-2.8661752276175143,-0.21909687189469348,-0.3286453078420402,0.0
38.713006,51,1770.512047,51.0,18.046830540436773,14.909971680570592,15.435369027764208,1.2,-1.42,-7.286667699813843,-11.512835834920407,-8.259200711567482,-3.1207922933652292,-0.5047204821556271,-27.662518754660738,-2.1124294443634173,0.17973230725815276,0.1833269534033158,0.0
624.108135,216,1779.623307,216.0,402.2224716886365,76.18022101929215,80.48940724270099,20.99999999999998,-5.62,-25.237141780853268,-36.38832496479153,-32.05406081165362,-10.118194293959785,-38.46666277026958,-16.043165102133727,-7.856415104935522,0.8212132710865819,3.547641331094034,0.0
157.770385,79,1782.990061,79.0,80.34672703046805,23.064436516095746,29.327065409002735,7.500000000000007,-1.65,-10.431499242782593,-14.967418885231016,-11.540504075746469,-2.966347646201483,-3.4341099787157434,-13.345898928974254,-3.1320652597865446,0.6055390011396388,0.9567516218006292,0.0
381.731646,133,1788.623893,133.0,254.95482036671396,46.21174354304765,49.14441280006764,13.500000000000021,-2.9299999999999993,-15.159420461654662,-21.521976511180394,-19.746532224000436,-6.500779282579423,-28.19367273364083,-16.65758697082848,-4.369362523767542,0.8538872719446979,2.2713401433728966,0.0
293.020976,139,1794.555552,139.0,142.30413887295276,48.30377676958861,54.590267318753554,9.750000000000012,-3.0599999999999987,-16.80436841011048,-23.226609310507776,-20.161120176066948,-6.3894378318746154,-8.217489146932962,-17.383597092949465,-5.68458542766601,0.5223346526423522,1.4520903343457394,0.0
299.367513,130,1800.104626,130.0,162.37086761185353,45.160239772337,48.93162392002217,11.400000000000016,-3.7299999999999995,-15.420817284584043,-24.787037670612342,-19.28018031505147,-5.930992767260172,-8.415438017941774,-16.17874331451035,-4.752009107996932,0.6916343868722344,1.7982494058678096,0.0
696.248346,234,1809.580703,234.0,484.46384703963355,77.52541344499315,89.6246178903693,23.99999999999995,-6.940000000000002,-29.53022740840913,-38.65443960353733,-34.585002575556956,-12.613394369784517,-51.54519069327171,-29.41858882163857,-10.078688887853415,0.9726366169744188,4.55193936744028,0.0
470.228663,161,1816.494193,161.0,316.36725478089346,54.07519006343411,61.30688467472371,15.600000000000026,-4.789999999999999,-20.158376064300544,-25.667646144330508,-22.548292623951063,-8.044570961549903,-33.48322019912263,-17.924785519728896,-5.503774570272395,0.8164600409964224,2.6290013320084804,0.0
554.45377,186,1824.523656,186.0,396.0776721146686,60.52718953683164,69.8071747905798,19.94999999999999,-5.14,-23.220105032920834,-32.05279583632946,-27.24777438856016,-9.52208216047346,-50.742654643300696,-22.938667407372634,-7.044186844482456,0.9747312474520111,3.6260002405214817,0.0
554.712343,195,1832.944129,195.0,367.5539668155622,62.376116114100235,74.01180145730002,17.250000000000014,-5.710000000000001,-22.100922720432294,-32.71389685124157,-27.709772968530654,-7.982474786651148,-37.74096702310984,-20.583773190816462,-6.93773347592198,0.7756394485096562,3.024993849187659,0.0
573.440226,193,1841.080812,193.0,402.00611266181664,64.64703760001002,73.48987969459739,19.94999999999999,-5.26,-23.70262392997742,-31.58185937404632,-28.256434379711415,-10.397648523250748,-47.38536412760873,-25.301394275767542,-7.767478886262076,0.35708486591873556,1.3783475824463192,0.0
452.479011,155,1846.974113,155.0,309.70035396943075,51.95751671180749,57.9499432218804,15.750000000000027,-3.7599999999999985,-18.687930445671082,-25.580471762269724,-23.573067783562664,-7.072579299214339,-38.440252708845236,-14.393957016984862,-6.3705435719687795,0.9232860161479646,2.8621866500586903,0.0
290.283128,108,1851.605043,108.0,204.37859695922361,31.912404287688357,37.88364530222114,9.750000000000012,-2.869999999999999,-12.984953880310057,-18.30955731719732,-16.3010765828084,-5.40715467431935,-19.83014678421833,-21.459206487332384,-4.479423177838021,0.9789550486409968,2.1145429050645532,0.0
407.740614,143,1857.672982,143.0,292.9896638622463,46.052832806659694,52.70513780744071,13.950000000000022,-3.589999999999999,-18.408231863975523,-22.547863584756854,-20.899968237455973,-6.6136332815445185,-45.71128977711907,-17.423717201127655,-5.762316659962339,0.7991726352580135,2.2856337368379185,0.0
972.151337,301,1870.177831,301.0,669.3814795637395,101.41102393107478,116.46594001169011,34.049999999999855,-5.770000000000003,-36.35474499702453,-40.47322905287144,-43.481011725937826,-13.836455133469434,-77.70245011650447,-21.437285011546255,-11.101930121644767,0.49460033636746437,2.9774940249321356,1.0
697.151214,225,1879.731621,225.0,484.4963472792526,74.84227069879483,85.79727345445211,22.499999999999964,-4.44,-25.050357356071473,-38.08212699741129,-33.97048302934046,-11.145322558822036,-52.971678458433786,-21.761824315864235,-8.062884899939514,0.9467035800193041,4.260166110086868,1.0
420.29915,153,1886.243507,153.0,281.724017886331,53.44935369604007,56.83996222000506,12.90000000000002,-5.700000000000002,-17.57405191421509,-27.054194026440392,-21.75455492641167,-8.125168954246115,-32.861456410844596,-19.29833687836521,-5.24642022843258,0.7806303813856361,2.3887289670400467,0.0
626.368638,204,1894.879685,204.0,440.84889614080066,67.73012275439542,78.08624397566973,22.649999999999963,-4.729999999999999,-25.6948485326767,-31.311277294158938,-29.36765144592741,-10.18217819534303,-58.86093811328224,-18.204389863297386,-8.595341791266133,0.9394236231385387,3.832848382405238,0.0
1101.903194,348,1909.568482,348.0,755.4768276809555,123.72985742110434,134.58134842722728,36.44999999999983,-8.050000000000002,-43.11191459655763,-51.98863033652303,-51.16480082184607,-16.0561547695563,-83.85691916938129,-28.284973397098284,-13.821446730563297,0.46132603758389307,3.2108292215838956,1.0
734.755034,241,1919.595031,241.0,505.1873074776259,82.6592674600465,91.60671055741146,25.349999999999937,-4.780000000000001,-29.947086839675915,-37.84796021729711,-36.709023820179205,-13.082614218054259,-50.92986707392361,-27.486870933115256,-10.264828216891685,0.8570467416484748,4.130965294745649,0.0
547.196973,189,1927.462705,189.0,368.563611955379,60.94611523358109,71.48602310056259,19.049999999999997,-4.229999999999999,-23.339579858779892,-31.96250466555359,-27.75695872750512,-9.453432912520123,-38.34650798333825,-19.69018287257714,-7.069610357842488,0.8957973480667031,3.3861139756921377,0.0
1057.461786,344,1941.124083,344.0,731.6281679413462,117.27705908886719,131.890012094447,36.89999999999983,-7.000000000000003,-41.24380799770358,-54.2134031534195,-51.41862078510657,-17.430958699961963,-87.67792026159813,-31.19648425475676,-14.052258222732036,0.44458329106763794,3.058733042545349,1.0
506.416521,183,1948.985592,183.0,327.22164703271966,65.32936388390445,69.03594022667507,16.65000000000002,-5.39,-22.610232062339772,-27.449001085758216,-25.522284639755508,-8.42140772133044,-32.370176217676146,-26.538836736159645,-6.518491380846958,0.7500654819389537,2.745239663896571,1.0
414.85475,155,1955.724647,155.0,270.8815344559257,53.10969704030865,57.999970988387446,14.550000000000024,-5.11,-19.359323515892033,-28.77097631916404,-23.35610833309695,-8.110515472606721,-20.322164857020496,-25.320207242490223,-6.337156845367496,0.7700726681649925,2.3872252713114768,0.0
634.852895,205,1964.491963,205.0,429.6755288810169,72.55372583979221,78.68217317656503,20.099999999999987,-5.669999999999999,-26.063236489295953,-28.737203812971725,-30.669109295741215,-9.847178673570298,-44.607563053810466,-17.15262250206883,-8.411618812086589,0.9364741060086198,3.8395438346353408,1.0
429.730086,168,1971.57668,168.0,263.6157098716923,57.48553695280168,62.326802494064836,15.000000000000025,-4.410000000000001,-20.842784371376037,-28.07969998419285,-22.893016680472975,-7.76288138839512,-26.36280432385399,-21.120931454745197,-5.22584513508656,0.7080461314019172,2.3790350015104416,0.0
626.808136,235,1981.665159,235.0,377.86078986380153,82.38595943637867,90.00466793090727,22.94999999999996,-6.630000000000002,-29.394145307540896,-37.50376298725603,-33.43511160716957,-10.86032973626672,-25.91429186118178,-28.753742294228754,-8.901897315519184,0.31814890028767684,1.495299831352081,0.0
533.963277,177,1989.130674,177.0,370.3029915541591,60.27666005626579,66.06419903828977,20.249999999999986,-3.4399999999999986,-22.008223590850825,-25.51184812337161,-25.50517928357725,-7.734958621603252,-52.11284487248013,-17.107827338015237,-6.5096915355975336,1.0035860883913887,3.552694752905516,1.0
474.303725,180,1996.73093,180.0,305.6921539394787,61.830567407027736,67.23050313575119,19.199999999999996,-3.7199999999999998,-21.024425339698794,-34.30157549679279,-26.71847117452409,-7.620231945575028,-43.0043537569231,-16.75520334190039,-6.5052389056920115,0.8848637534519714,3.1855095124270973,1.0
608.600686,286,2008.763572,286.0,355.1780326826561,93.82272638201404,106.57195161660182,21.149999999999977,-8.350000000000003,-37.29175716876981,-61.38315655738114,-41.773098453283204,-14.247178260673234,-38.22515055906728,-40.474180715010114,-12.377502654952865,0.4573740517675328,2.6161795761102877,1.0
320.442439,119,2013.642445,119.0,243.55097133441183,36.94177374323009,43.08045043056208,10.500000000000014,-2.04,-14.260165352821348,-22.038853514194482,-18.112262376175856,-5.442866961349348,-47.58631347072269,-18.22294779075292,-4.9273469182800715,1.0405822197129684,2.476585682916865,0.0
2089.123524,647,2040.186089,647.0,1466.8907459076245,223.1947928468924,254.41593989551384,72.5999999999999,-15.390000000000011,-85.58775170803067,-93.79954022914177,-94.57462948160754,-33.042705703139376,-164.30431141078574,-59.518561892548156,-28.760454563475065,-0.7379217312851347,-9.548707202829643,3.0
673.961312,225,2049.859997,225.0,456.67709133257114,77.37158553227654,83.80206654989459,22.04999999999997,-6.800000000000002,-26.635081534385687,-34.94315282404423,-33.52323549347143,-10.88457376277091,-46.668775525984195,-23.18350585891467,-8.301106543385242,0.902885807659271,4.062986134466719,1.0
324.683355,118,2056.492365,118.0,215.77864570839583,38.695213422781805,44.329447980521635,12.150000000000018,-3.529999999999999,-14.07121798038483,-19.18796631470323,-16.99011850110406,-5.809099494001173,-23.49640021191886,-16.887314028494934,-4.297835492304712,0.7495274911166246,1.768884879035234,0.0
1168.205806,373,2072.715807,373.0,775.1495679915404,129.68333447979708,144.99853960981,41.399999999999785,-8.300000000000004,-44.9709443283081,-54.24257070198654,-55.16649878453986,-18.83958025077897,-75.91193696212926,-24.379952263535444,-14.214153183764562,0.9066099785391442,6.763310439902015,1.0
977.439817,313,2086.344481,313.0,694.5218452087431,101.68387645682553,120.83343922940925,32.849999999999866,-8.730000000000002,-39.13456074714661,-46.41571888029573,-44.553402540903946,-15.323557513775077,-91.42557108030861,-26.435950267941344,-13.430583097288059,0.4010175534606058,2.510369884663392,1.0
803.412999,268,2098.774921,268.0,559.9115789084304,89.79273503529078,102.18150761299896,24.299999999999947,-7.310000000000003,-31.86381144523621,-41.32673755288128,-39.505038017972126,-12.37587499160427,-70.40629372465426,-27.832966832709197,-10.152100159744164,0.4671287781635623,2.503810250956694,1.0
859.754366,287,2110.428271,287.0,566.0549234845007,93.23900370574043,111.21457328922563,31.049999999999883,-6.040000000000001,-35.655421552658076,-39.713173695653666,-41.62939663413571,-15.310717087594133,-57.08176797243002,-22.688560850612497,-10.685097127604873,0.7106904013701608,4.079362903864723,1.0
806.465325,306,2124.001896,306.0,498.1631612380284,105.76248298596768,116.355276375766,28.34999999999991,-8.650000000000002,-37.57235507488253,-51.92746024429795,-44.39266229595291,-13.41592402928286,-53.4525206774607,-28.030942317931842,-10.723730686002202,0.44388966279616066,2.716604736312503,1.0
964.960176,309,2136.973382,309.0,680.563208732824,104.80427691445239,119.444455822026,33.59999999999986,-6.790000000000001,-37.84560911655424,-48.44182897061108,-45.90474877007322,-16.84845197733106,-88.17596953631387,-25.757188422969513,-12.687968633123923,0.7227273285281264,4.466454890303821,1.0
1013.057345,330,2151.105997,330.0,681.8091239248945,114.93078188193198,127.27234734330547,37.49999999999982,-7.8900000000000015,-40.088529701232915,-51.11776458844546,-47.9162604482734,-17.403979027814415,-75.91610014493466,-25.586451672290757,-12.535822468009098,0.8428494209458702,5.562806178242744,1.0
999.779073,335,2165.474056,335.0,669.2762337790299,117.37607521390439,128.32150017712436,35.84999999999984,-10.340000000000003,-42.232623701095584,-52.29303023368122,-49.33997406797942,-18.817269546887474,-65.63163567800416,-34.86531515132879,-12.524888100720183,0.2532765095947809,1.6969526142850317,1.0
997.3763,398,2182.301332,398.0,632.4389730955046,139.24568951039555,149.95365331681447,32.54999999999987,-13.950000000000012,-50.5903225684166,-72.75753575488918,-57.83239975992278,-21.07750668205227,-55.66720495377333,-66.77872653027224,-16.158319986111152,0.3098350996153717,2.4662873929383586,1.0
920.890903,307,2194.39805,307.0,605.1850268809998,109.39064080296852,117.46851800291859,33.89999999999986,-8.300000000000002,-39.1176086616516,-44.93102679401638,-44.982827239587365,-14.954679086298947,-59.98692537309469,-28.420879562203996,-11.35933629969198,0.6254728249774384,3.840403145361472,1.0
789.728327,268,2206.198729,268.0,560.058616284372,87.8151789317817,103.08943381272843,28.649999999999906,-6.580000000000002,-32.82498982667925,-45.01708874329927,-41.17471224070375,-12.762171587089272,-79.3390187969891,-29.081631542604637,-11.105289525585295,0.4491170803275708,2.4072675505557797,1.0
664.608436,231,2215.935381,231.0,451.1833139055989,80.34042170027445,87.70453957793379,22.649999999999963,-6.490000000000001,-29.567340159416183,-38.84849012196062,-34.64090163738355,-12.257332707829752,-55.86192071287204,-21.971529011117266,-8.632324356889873,0.602652189378172,2.7842531149271545,1.0
349.758244,128,2221.430263,128.0,236.82228887079236,44.02893876649948,48.675876377673255,12.000000000000018,-4.029999999999999,-16.415694060325627,-22.940863783657555,-18.728388573310554,-5.426088286525553,-30.40619459458439,-16.166725499431973,-5.654905472324444,0.8731375684284208,2.2352321751767574,0.0
536.635212,197,2229.750574,197.0,367.4024393476908,63.082711435569685,75.44982323813007,17.70000000000001,-4.6499999999999995,-24.363874859809883,-34.70583881288766,-29.811130609063085,-7.7508727397298705,-41.95749704405345,-32.172369749699165,-8.58817822773434,0.623304379506606,2.4558192552560274,0.0
627.632515,204,2238.48302,204.0,439.1559031797886,69.95738753599208,76.04892386527109,22.94999999999996,-4.009999999999999,-26.115995669364924,-29.409938074648387,-30.56656999448806,-10.124821282380735,-57.6045832404369,-19.06707810283343,-7.580712935820045,0.8036024514451252,3.2786980018961107,0.0
1191.536539,386,2254.534685,386.0,799.3876134106581,126.91903613410784,150.87567298614644,43.19999999999977,-10.250000000000002,-47.61600856781003,-56.431178482249365,-56.44377522733036,-21.46025754205649,-74.45674154307272,-34.474190533961895,-13.713631892456922,0.3278041142752676,2.530647762205066,1.0
481.044223,164,2261.30469,164.0,303.9501673591314,53.75500075339432,62.979535508880865,16.50000000000002,-4.1099999999999985,-20.87422188282012,-24.356741890683775,-23.581861724301604,-7.161915483106997,-25.643635461957686,-8.982058401330328,-5.430045588966327,0.8073823392733958,2.6482140728167383,0.0
512.161035,174,2268.943185,174.0,350.535012496629,60.08864147503468,64.42154270936551,17.250000000000014,-4.9799999999999995,-21.36483271121979,-25.338861300051217,-25.558773265708837,-8.884946494031093,-42.79898513766844,-19.06625215842374,-6.1415106873865,0.6497946813823012,2.2612854912104083,0.0
1076.539168,365,2283.822179,365.0,719.9068207541462,127.24615868881304,143.2331676671364,38.84999999999981,-8.150000000000002,-46.22356682300567,-56.318137675523786,-52.791966619938805,-18.03219915475842,-80.92687750185493,-40.6599556177675,-14.594275242765299,0.12729725797964095,0.929269983251379,1.0
527.766529,192,2292.072399,192.0,327.9629579573613,68.08064052751216,73.35475649574725,16.350000000000023,-7.0000000000000036,-23.547900509834292,-31.40721409320832,-27.519840440068407,-10.161925382320824,-25.82743625658768,-17.264915764749546,-7.252593420279167,0.37265276951230975,1.4309866349272693,0.0
338.259582,145,2298.742221,145.0,197.99339972597124,46.74745526148603,53.173137634184386,12.300000000000018,-4.4799999999999995,-17.1285015463829,-26.478170168399803,-21.791560713997185,-7.205820386852779,-16.30572963742774,-17.98936503053084,-5.575262758308006,0.7643792236609402,2.2166997486167266,0.0
1056.520657,356,2314.756118,356.0,704.7358085611139,121.51193934297832,138.8617945798626,34.49999999999985,-9.910000000000005,-46.69834748744962,-52.87727927528322,-49.55998345773131,-18.042886175374132,-73.63250433274528,-34.816636675547485,-13.551248531589206,-0.09877069181116417,-0.7032473256954889,1.0
554.24539,189,2323.386321,189.0,371.4068995152932,66.21812676947354,72.04352820139125,18.300000000000004,-5.15,-24.077615237236024,-32.738791830837734,-26.72181763604152,-9.623868044218428,-40.654238031472524,-16.675051168626307,-7.081782297861061,0.8109679684068648,3.065458920577949,0.0
666.685845,219,2332.777913,219.0,450.325757586433,71.44099905272775,83.84580904582562,25.499999999999936,-4.039999999999998,-27.205715227127072,-32.19162808060645,-32.756606746883406,-11.219828858852233,-48.11916735977174,-20.036926782223638,-7.8568479743681285,0.9682021000165223,4.240725198072368,0.0
1071.450031,352,2347.865652,352.0,715.2384910123988,120.65389022396555,135.80280199074613,37.349999999999824,-9.590000000000005,-42.98202856063838,-52.726916740462165,-50.31468266531611,-17.75847309157407,-72.98351352635189,-29.880830158744836,-13.358707614651108,0.7019207504068058,4.941522082863913,1.0
368.71567,134,2353.435163,134.0,237.28765957146652,42.759282189983985,50.036636017109345,13.650000000000022,-2.4,-15.98160936832428,-23.496418014913797,-20.040634221548068,-6.5614315471233455,-23.9443379935089,-12.067338812987707,-4.526137422640659,0.8060681556878159,2.1602626572433468,0.0
1195.510873,388,2369.235571,388.0,801.2239403369729,133.76821319949903,151.33313758930183,40.1999999999998,-9.98000000000001,-49.221491923332216,-55.65168091580268,-56.07151624988887,-20.341523925117087,-82.9927580788422,-29.949135147286643,-14.806311655551385,0.8912820094390336,6.9163483932469,1.0
519.39208,194,2377.014639,194.0,311.8747868962898,65.3516506339829,73.61199771899474,19.049999999999997,-4.109999999999999,-22.898165984153756,-30.718096151947954,-28.574871308945312,-9.645994804958766,-26.465054109069833,-15.729377298609801,-6.354795156691823,0.6682767049948445,2.5929136153799965,1.0
685.024134,223,2386.438854,223.0,488.5650108356942,75.73619414138659,84.90807546343737,24.89999999999994,-4.0699999999999985,-27.50267977237702,-35.9849412187934,-33.04998011414984,-10.811387042366189,-68.54193644315791,-24.42914389613792,-7.695078289768139,1.0027344033255614,4.472195438832004,1.0
827.999652,275,2397.903615,275.0,560.1953441826204,94.48305463390658,105.7379068663163,28.649999999999906,-8.670000000000005,-34.85419407367706,-42.3880607061088,-39.06664335502436,-14.20963752218332,-62.67694921090197,-23.534705069106305,-10.666464206923987,0.592517101352327,3.258844057437799,1.0
549.635728,189,2405.651733,189.0,356.323950181825,65.97781396934201,72.91104117732586,19.64999999999999,-4.71,-23.51138497829439,-30.12974726110698,-27.793663700690363,-9.963938269238806,-32.88111734225912,-18.282660635402312,-6.9545648971844996,0.7634796682669335,2.8859531460490087,0.0
914.22377,307,2418.292373,307.0,628.6577636161238,102.21658662816878,119.92182432676938,30.899999999999885,-7.480000000000001,-39.62574889898301,-44.682608443498616,-44.74592950628558,-15.123178108043154,-76.26539012157411,-34.2004497639656,-12.349100010029794,0.2054164012599038,1.2612567037358093,1.0
671.027299,219,2427.369173,219.0,463.71238810656496,72.55959712183021,84.46943519433216,23.99999999999995,-5.45,-27.672798223495484,-34.46057705134156,-31.593105603359167,-10.699212637326454,-54.47584843071269,-19.760823162973075,-8.601756473394776,0.5263501920508008,2.3054138411825074,1.0
934.331284,298,2439.840571,298.0,644.9799363880827,101.77862976601666,115.60924501994297,32.39999999999987,-7.070000000000002,-37.989422674179075,-44.62461943924426,-44.375139827945624,-16.61579298396079,-70.09257330810016,-25.547355100815377,-12.121623995562695,0.9404688141292439,5.605194132210293,1.0
413.736162,146,2446.054743,146.0,284.01198108101374,47.40855429956622,55.07334656336218,16.200000000000024,-4.839999999999999,-17.719870753288266,-23.38213808164,-21.551588620418652,-8.011316953969423,-34.078381000798075,-19.675917272079044,-5.698506980873961,0.9034011653009567,2.6379314026787934,0.0
837.132458,275,2456.551132,275.0,581.3356174877521,93.14930354613054,107.0042612614443,27.899999999999913,-7.490000000000003,-35.97662473678588,-43.28348065763715,-40.66316138478108,-15.000941532773842,-64.14125709522949,-28.480672178630986,-12.220586733867256,0.46254482653158746,2.543996545923731,0.0
421.43248,156,2462.989981,156.0,296.61104850118545,48.60913129445317,57.75773908333544,13.20000000000002,-4.390000000000001,-18.688191261291507,-26.38778221607207,-22.74881356679677,-8.018028544598454,-41.785948713741114,-22.508562058043395,-6.218112200027649,0.8300470761624698,2.5897468776269057,0.0
627.880616,223,2472.539577,223.0,404.46666730839604,74.90235419426325,85.55168707542659,21.149999999999977,-6.3900000000000015,-28.61343262672422,-34.43617882728577,-32.23593093134007,-10.799304518906027,-36.93378137495131,-23.144463169514687,-8.637001379874945,0.2715033955030925,1.2109051439437926,1.0
561.660996,186,2480.392437,186.0,386.38451366687104,65.6364798546962,69.12390111723668,19.049999999999997,-4.509999999999998,-23.023000316619875,-28.94035134613513,-27.799847459904154,-9.29190629376783,-42.11561316237023,-22.13355713613619,-6.719622739249271,0.8300487816620138,3.0877814677826914,1.0
722.606237,270,2491.630143,270.0,463.6539932836253,91.84680992681237,102.29111404437023,25.349999999999937,-7.2200000000000015,-34.80865186214446,-42.80947188436981,-39.069466651075835,-12.722781061662667,-52.75757669417241,-30.54527614249978,-10.60245552091717,0.6011194403814603,3.2460449780598855,1.0
305.668199,112,2496.221791,112.0,195.8968620879113,38.507962964946714,40.1083908291763,11.250000000000016,-2.66,-13.757908124923704,-18.61837384998799,-16.379951301016824,-6.048052490811125,-18.49764426115921,-12.506953387349352,-3.626133532790858,0.7918912375003408,1.7738363720007637,0.0
500.469765,162,2503.016728,162.0,350.51437084654924,52.764581281730344,60.466905452481434,15.600000000000026,-3.7499999999999982,-19.755994524955753,-23.651242822408683,-24.439039700275558,-8.525910683891949,-39.68249210200719,-14.873444753626016,-6.197967919476328,0.9704858601521771,3.144374186893054,0.0
266.441362,106,2507.658499,106.0,166.47979037271182,35.91782035359911,39.11809496300134,9.300000000000011,-4.81,-13.26491547107697,-18.410867038369172,-15.089658772287581,-4.727019301355967,-18.598126657780092,-11.71543770989025,-3.7583182665352166,0.6651188136431198,1.410051884923414,0.0
421.089533,163,2514.573324,163.0,261.0886045746341,56.68341100134891,61.06390618560239,15.900000000000027,-2.9399999999999995,-21.11533010959625,-26.18899656683206,-23.312813081350818,-7.6244260221759035,-35.25292901367594,-14.698474460892012,-5.513419090459095,0.7647247068954391,2.4930025444791317,0.0
730.59611,239,2524.777039,239.0,524.8336432649144,79.30820924734172,91.77703363196223,25.19999999999994,-7.0100000000000025,-30.8014232778549,-37.76327091977003,-35.275802260220466,-11.63985369550575,-67.03397789237987,-29.79053341432299,-10.207914841449783,0.752495398011459,3.5969280024947743,1.0
923.260508,309,2537.822147,309.0,611.7586187017083,106.91428248090831,120.39082138962141,32.24999999999987,-8.360000000000005,-41.227890343666076,-52.644381294865184,-44.0677193670147,-14.924860777319298,-55.78470126972778,-27.290360416150182,-12.753301272595296,0.6300634610019674,3.8937921889921587,1.0
850.685494,279,2548.746546,279.0,587.5965917740341,91.6493666280939,108.12188162613823,30.899999999999885,-7.660000000000003,-36.54706946372989,-41.528769120574026,-40.13104558548369,-14.357277408899447,-68.84843750801136,-26.612436491353098,-10.897310382962711,0.6701498964017134,3.739436421921561,1.0
292.885607,108,2553.383818,108.0,203.33508289211534,33.35424297756232,40.06271403326055,11.400000000000016,-1.9399999999999997,-13.180122623443602,-21.185078081488616,-16.192945724921316,-4.625493499145706,-23.833558396868327,-18.202499093936478,-4.106735094124551,0.8793123620315616,1.899314701988173,0.0
320.780691,113,2558.009334,113.0,221.94054020850214,38.28920711044701,42.693717915109964,10.650000000000015,-2.9799999999999986,-14.33789798259735,-16.897812438011165,-16.39978968550079,-5.650004989357026,-31.367564810332283,-13.610188054943787,-4.549516158287889,0.894282617546787,2.021078715655739,0.0
736.28187,253,2568.699316,253.0,510.9810366878736,88.67903966833845,97.53120244894941,24.299999999999947,-8.780000000000003,-34.40807701110842,-43.87409476488832,-36.70236306516428,-11.917578641645957,-61.43993556232612,-29.668398091085418,-11.418961462231476,0.6154646336630281,3.1142510463349224,1.0
647.878715,216,2577.541878,216.0,446.8891060812241,72.28558085443339,83.64045373282914,24.449999999999946,-5.36,-26.559977126121527,-32.14143405407667,-30.861052571170394,-11.384653622792406,-61.234589709373466,-19.637633411895877,-8.20708555284439,0.6574965653959418,2.840385162510469,1.0
379.410624,157,2583.994243,157.0,218.7261266867909,53.49236351782742,60.362616941076496,13.20000000000002,-5.03,-20.50152186870575,-24.55410635769368,-22.8025210455691,-7.039716436739802,-15.763706766452193,-20.986477135190288,-6.692433842810149,0.6337932408027198,1.9901107761205403,0.0
879.748349,291,2595.826536,291.0,592.4362227971808,99.83231392329199,113.20393080882448,29.999999999999893,-8.150000000000004,-38.737373199462915,-41.45939830392597,-42.14443348530714,-16.121473936592256,-66.27448122385876,-22.09191683680058,-11.745041387899992,0.5848518359804751,3.403837685406365,1.0
1123.442087,383,2611.274227,383.0,733.4591107295477,134.4491569515582,147.98617553133144,39.449999999999804,-11.940000000000008,-49.246741957664504,-59.386941190063965,-55.70100661772131,-18.911350105079418,-72.34468220273232,-31.69632504261575,-15.675309397642183,0.3222871371216528,2.4687194703518607,1.0
589.353043,204,2619.991071,204.0,397.4733417785343,67.91671487611819,76.39962892797763,20.399999999999984,-4.659999999999998,-25.69464799404145,-33.71324891261756,-29.69759310024615,-9.707629800440111,-48.41893664008783,-17.0437228477754,-7.900862903033729,0.6721680143487222,2.7424454985427866,0.0
516.753037,188,2627.033326,188.0,331.0210390931963,63.17940383136885,71.60986211457217,19.79999999999999,-4.209999999999999,-23.925173244476323,-28.569254459440707,-26.37964346488628,-8.512376871797947,-36.050317535236566,-22.392987116622226,-6.81751508282371,0.3397186410468041,1.2773420903359836,0.0
573.325441,204,2635.612698,204.0,360.4979306113098,72.09106898123241,77.94052425056873,19.499999999999993,-6.1400000000000015,-25.68212275981904,-29.414280079305165,-28.788612028698335,-9.979379199045683,-34.90529031505884,-17.798613281382718,-7.99578525118988,0.1857776391318715,0.7579727676580358,0.0
1153.150527,380,2651.275629,380.0,792.0720235238159,129.90822842069173,148.7388469137925,39.14999999999981,-9.200000000000005,-49.949719638824455,-58.85050045698881,-55.20240336703685,-22.081859717030255,-81.60480607350814,-42.61483950032117,-17.21444278577659,0.10530474893414166,0.8003160918994766,1.0
522.693766,171,2658.260291,171.0,365.20408026780296,55.747738421077166,63.43053069873722,17.55000000000001,-4.149999999999999,-20.815651206970212,-26.810558979213255,-25.3603286929892,-9.612196074435182,-41.38070712005768,-15.318874782454358,-6.790266232187845,1.0048932790959473,3.4367350145081397,0.0
255.692007,99,2662.366244,99.0,159.42569490820148,31.888638135850396,35.760123402485455,8.85000000000001,-4.039999999999999,-11.365625691413879,-18.196049848198893,-13.782621231161004,-5.191552600641734,-14.787839665674305,-8.991438911808492,-2.877321656988798,0.7039283457502615,1.3937781245855179,0.0
560.395817,184,2670.043046,184.0,388.22058210256523,62.694431733077856,69.42111140635663,19.499999999999993,-3.969999999999999,-22.783139915466304,-27.22229110449551,-26.733479030822622,-9.827960107409782,-50.82785465204361,-14.996555157617275,-7.07902870548012,0.965478076713342,3.5529593223050986,0.0
294.426929,123,2675.308075,123.0,168.51465585509962,42.013959434839016,46.34393552943071,11.400000000000016,-3.2099999999999986,-15.213130674362175,-21.248235829174522,-18.284220011651584,-6.445805278195596,-12.285622057546096,-15.038238978635913,-5.120369377105471,0.4381215945054938,1.0777791224835147,0.0
410.719563,152,2681.673909,152.0,275.20320293482746,51.070539206387146,57.29862806364479,12.90000000000002,-4.569999999999999,-18.526054606437686,-25.855850526690492,-22.42592785279173,-8.160909063172165,-39.588334169337664,-13.005142495310997,-5.620588838187669,0.8848256660990982,2.6898700249412584,0.0
731.011835,246,2691.794227,246.0,460.5879224387773,89.66487524967563,93.86768208860119,26.399999999999928,-6.110000000000002,-29.69275014877319,-33.27177353724838,-36.06197784027935,-11.390535962512711,-41.607015194674105,-19.252416829520296,-8.122175758918946,0.5989365176832087,2.9467676670013865,0.0
1213.900816,402,2708.511296,402.0,809.6921989703369,140.60458628883012,156.23920319565323,42.449999999999775,-10.430000000000007,-51.76337979316717,-57.23249686807396,-57.68653350874565,-21.353905596804264,-91.72222055699713,-30.257262309967437,-16.639373676271088,0.8060372209974854,6.4805392568197835,1.0
543.081288,194,2715.990561,194.0,346.78181646770093,66.29386771152024,73.34375339121851,19.199999999999996,-5.220000000000001,-24.20265923500061,-29.779547522217026,-28.268643956262032,-9.828355978591848,-37.92789139803319,-15.04027502434397,-6.270776682691716,0.7271903148325608,2.821498421550336,0.0
500.042581,165,2722.953032,165.0,338.80100515140003,57.902281222143046,61.69126883440237,19.049999999999997,-3.7199999999999984,-20.017622160911547,-22.499206389486783,-23.490206389634842,-9.114187766526108,-49.12817219348898,-8.787627826958865,-5.644951963149873,0.9934390771697728,3.2783489546602502,0.0
971.846416,335,2737.149392,335.0,650.2555234407271,110.7995367570924,129.87912491148012,34.94999999999985,-9.740000000000004,-45.58185472011567,-44.264931738376625,-47.17754564331172,-17.26441509189943,-79.34073036251145,-31.96952025493815,-13.698771643771671,0.5738039749096694,3.844486631894785,1.0
877.676307,309,2750.277334,309.0,550.7914306467568,110.89131996022421,119.40596528458138,33.59999999999986,-8.8,-37.76508016109469,-46.57534935548902,-45.14709698708381,-15.9205617925021,-50.66583027559742,-29.940067537913222,-11.198422561305357,0.3705548949737344,2.2900292509376783,1.0
644.145607,213,2759.216183,213.0,457.78651294815114,69.98126299913885,80.91347415401485,22.349999999999966,-4.389999999999999,-25.569338293075543,-31.08989924862982,-32.13883744535814,-11.727716564968636,-67.1806987869302,-19.281504551572134,-8.507648262763519,0.9571013810785752,4.07725188339473,1.0
472.410232,164,2766.101151,164.0,302.8627895301436,56.32834856143682,61.87047333069501,17.70000000000001,-4.809999999999998,-20.77673681735992,-23.313283879682412,-23.005770904705813,-8.16610936576998,-30.731872199511272,-13.221982349543666,-6.325624156704368,0.7426215568502824,2.4357987064689266,0.0
884.786395,299,2778.553368,299.0,607.426028159331,100.82639931745162,115.88587505628847,30.599999999999888,-9.310000000000006,-38.36651472091679,-47.5227668657899,-43.65745990318195,-17.434458600044543,-73.97323228620344,-25.36274343646191,-13.324732097030015,0.5484403158260771,3.279673088639941,1.0
967.978459,334,2792.550267,334.0,612.1145133248641,116.94150282512,129.15464128928863,32.69999999999987,-9.720000000000006,-43.23183185100557,-49.40725730657583,-46.64657516562206,-17.193423088775898,-56.2302782934885,-22.09299158485573,-12.409840681928953,0.15543994287866297,1.0383388184294686,1.0
991.345783,333,2806.908734,333.0,660.7394787052617,113.6838249035917,129.28880341640047,35.69999999999984,-9.720000000000004,-43.68739791870115,-48.99658017233017,-47.45118711494038,-16.596726722030862,-76.48508987182534,-24.005908632210485,-14.12343364337197,0.7384827147345845,4.918294880132333,1.0
631.538049,224,2816.292733,224.0,419.37268108210367,77.99021670258927,84.4934228255089,23.549999999999955,-5.6400000000000015,-28.884166960716247,-32.125570354983196,-31.84954382019101,-11.47225815724703,-54.60948400425729,-24.240104350545433,-9.047144298785453,0.5801857070992413,2.5992319678046014,0.0
449.065083,151,2822.697445,151.0,306.7191109248287,51.40001424306372,55.84837122145388,15.300000000000026,-3.5099999999999993,-18.4055674314499,-22.930087275058042,-21.730022234111466,-8.617712820363874,-38.75017938689743,-11.409259592997248,-5.849584797008241,0.9198003202245851,2.777796967078247,0.0
660.369783,244,2832.998244,244.0,419.19851333067436,81.94442142523603,93.83182428295495,24.14999999999995,-6.860000000000003,-30.58982310771943,-42.44670034348966,-34.25170802607579,-11.105013351404466,-42.39738721452309,-25.474277603528257,-9.63006592595105,0.14981308517025566,0.7310878556308475,0.0
763.033414,259,2843.93128,259.0,509.31230908466233,85.57558100230881,99.88985043358493,27.449999999999918,-6.2,-31.7251024913788,-36.777469293028105,-38.56721932602827,-11.922214186632946,-64.3857459706744,-18.69716515194491,-9.919409708800833,0.8847158454067402,4.582828079206914,0.0
678.261652,219,2853.133683,219.0,476.32320986459587,73.75064170405139,84.27708188040916,24.89999999999994,-4.689999999999999,-27.420454702377295,-32.90259424000976,-32.83722009732706,-10.84401823081038,-62.23935566046556,-20.603760065527112,-8.451878381085871,0.5756544235708819,2.5213663752404627,0.0
533.342608,180,2860.5767,180.0,356.86720348702,56.610378209193726,67.99349270164423,19.349999999999994,-3.4299999999999984,-22.547812442779534,-24.99874525517225,-25.146221924966476,-8.81626000628141,-39.27408511615969,-17.507329773158464,-5.758012249249493,0.8218606292683733,2.958698265366144,0.0
531.02685,182,2868.18083,182.0,363.5196353363317,59.78713246035181,69.16943578594922,18.75,-4.96,-22.978459503650672,-28.912647858262066,-26.622439889285925,-9.658705931468443,-45.476481875161795,-16.481560321290154,-7.109057880196882,0.26263099784899707,0.9559768321703495,0.0
413.037617,148,2874.59468,148.0,259.6199695814911,52.24881193565523,55.34817621732306,13.500000000000021,-4.009999999999999,-18.60527714252473,-21.672615437209615,-20.74310194062223,-6.603188230616286,-26.18661794223994,-12.317654401163077,-5.540885745030878,0.49701572794930043,1.4711665547299293,0.0
927.8669,299,2886.652215,299.0,653.2546087280655,97.06878227894717,116.50009334502826,31.649999999999878,-7.740000000000002,-39.37113211154938,-43.25342825874687,-43.380374842333254,-15.559521529575925,-82.14259563823138,-25.69048876537577,-12.469043228468303,0.5998003316958764,3.5868059835413413,1.0
390.544682,136,2892.407807,136.0,270.0493929681279,45.21927695784936,50.59516795334687,12.150000000000018,-4.459999999999999,-17.2064021730423,-22.78796502500772,-19.860297385976885,-6.7000133727201385,-36.81699296444633,-10.343481783016118,-5.294003062282711,0.9952716227010363,2.707138813746819,0.0
770.25483,268,2903.698384,268.0,511.5071396329203,90.56111123850201,102.10500746883635,28.19999999999991,-6.560000000000003,-33.96108136177063,-41.07549069523812,-39.27345674280213,-13.559639273965951,-57.4246384389376,-27.754799893766236,-10.509321436941594,0.3924230767249645,2.10338769124581,1.0
367.600739,153,2910.166464,153.0,210.82017732506696,53.51792794752892,57.15292032311374,14.850000000000025,-2.8099999999999996,-18.877385525703424,-24.798647576570517,-21.970467454883686,-7.760649423846548,-19.817772128727096,-20.53141252493573,-5.173951587325632,0.5285979928592471,1.6175098581492964,0.0
493.019867,176,2917.387952,176.0,331.32779827301397,57.02903269045302,66.26246002196163,15.750000000000027,-5.239999999999999,-22.237600936889653,-29.478437283635127,-25.53926973322577,-9.695108837114043,-37.85504425618514,-15.563094556984073,-7.7408687399824,0.8791052952469884,3.0944506392693993,1.0
755.329147,262,2928.26844,262.0,521.9259125022661,86.0777258920622,101.3338278701598,28.649999999999906,-5.25,-34.35672082424164,-36.37589353155344,-37.980423126190345,-13.343431699848274,-75.90357018322058,-29.986285445498368,-11.461994595419256,0.04388270103593734,0.22994535342831166,1.0
1365.77268,442,2946.762542,442.0,927.0316916120782,152.88959421195835,172.55060581238055,47.24999999999973,-11.220000000000008,-58.3214677524567,-58.70514155849815,-60.995149709050004,-22.948375419361792,-105.68803254673492,-39.62677325513102,-18.44427101392004,-0.23074856396530807,-2.0398173054533233,1.0
793.001228,270,2958.166314,270.0,548.3042161074734,94.1268269183451,103.25903772436236,29.3999999999999,-8.130000000000004,-35.58067870616914,-40.18719762042165,-39.168600127060735,-15.113807791177202,-78.10322310533707,-23.37312080622081,-12.432225019396709,0.37588527323764886,2.029780475483304,1.0
493.221195,176,2965.418765,176.0,349.00564972665507,60.478971394629234,66.19808061913109,17.250000000000014,-5.66,-22.23119438648224,-29.08449663370848,-25.216109989268556,-10.168606870620753,-50.90086872483412,-25.245397349096162,-7.2048329102265525,0.8549925484503449,3.009573770545214,1.0
677.018645,228,2974.231906,228.0,482.7392252646898,75.4504119752667,88.70634517038859,24.449999999999946,-5.670000000000002,-29.361497907638537,-31.979266800731413,-34.34001325090758,-11.153838141763945,-71.36196100683321,-28.926785955527308,-9.53397477752884,0.8322081926684127,3.7948693585679623,1.0
402.677088,145,2980.220828,145.0,263.123329850171,48.4848329611715,53.20788051248347,14.100000000000023,-4.4799999999999995,-18.605489721298206,-21.90433670580387,-21.03880635290612,-6.641323365423744,-25.205659191142537,-17.70763584436409,-5.655703685804356,0.5505071617317152,1.5964707690219742,0.0
1320.683973,434,2998.04374,434.0,898.4267440461678,147.99993210032468,170.78108939676727,45.89999999999974,-8.690000000000001,-56.620128145217905,-62.49475048482419,-62.865484343006415,-22.93044167920147,-102.84578552069385,-40.92338313849764,-19.053819325700392,-0.3733168371358922,-3.240390146339544,2.0
381.053911,134,3003.628249,134.0,266.47514796518476,43.39962898837391,50.73979357564567,13.800000000000022,-3.989999999999999,-17.203501152992253,-21.624673722684385,-19.52828351520973,-6.582074224564292,-42.96903764353986,-9.230643778211535,-6.232445430977774,0.9611041265532345,2.5757590591626687,0.0
1422.118903,470,3023.222878,470.0,957.2441967560169,164.51174936243353,183.80533129835732,51.29999999999969,-13.410000000000009,-61.81588916301729,-67.58295076992361,-66.38067375302313,-25.522297789547178,-115.27093686452022,-34.71260274595194,-20.047023120597302,-0.38921186366474686,-3.6585915184486204,1.0
559.647855,194,3031.110357,194.0,375.6370973775854,65.06147139717046,74.07433189710727,19.349999999999994,-5.780000000000001,-23.713624229431144,-31.252585256099703,-28.5331435883044,-10.800683385300767,-42.857185858550416,-18.29617905452872,-7.241644224904045,0.6864922085798736,2.6635897692899095,0.0
389.624283,141,3037.221101,141.0,253.53542038554704,49.46916727869905,52.39574297273305,14.400000000000023,-4.529999999999999,-17.984858222007762,-23.174458739161494,-20.124990342268234,-7.3527792393135245,-32.24894824722573,-10.193108900698526,-5.566903633039988,0.5476784838949639,1.5444533245837981,0.0
1034.38895,369,3052.458235,369.0,657.8070256353006,126.95883524564357,143.07463172815008,36.44999999999983,-9.810000000000006,-47.8168828630447,-56.22441281154747,-52.89741658310237,-17.811217810007303,-61.92263793796688,-37.81025460913873,-14.608720367170942,0.4172780242608166,3.0795118190448267,1.0
483.18767,157,3058.339855,157.0,330.6206425389539,52.041464169171356,59.68710682547385,17.55000000000001,-3.849999999999998,-18.819730834960946,-23.088989268243306,-23.2769615356878,-7.372844447772195,-41.91867278133549,-9.748137953106804,-5.636206444484619,0.9677140264009336,3.0386220428989317,0.0
1014.325438,324,3071.973239,324.0,690.7544267817248,115.49218997321327,125.47066510522244,35.099999999999845,-7.810000000000002,-42.180765509605386,-43.85240730494261,-45.756378542969514,-17.80255379116573,-84.6469184289007,-21.129840287365454,-13.312979696119486,0.24878791760435404,1.6121457060762143,1.0
86.823642,83,3075.372862,83.0,11.761557891476063,23.962492145008298,29.46184431266052,2.849999999999999,-2.24,-11.800493259429931,-14.438193619251251,-12.241856164889164,-3.3567642880546855,-0.8498869958638118,-16.186815922212876,-3.098241716215185,-0.05410632370728593,-0.08981649735409465,0.0
489.304512,170,3082.508584,170.0,342.44459986910283,53.22340934994565,63.94258382807136,19.64999999999999,-4.069999999999999,-20.752471928596492,-27.15830662548541,-25.217981160610627,-9.60492211930422,-50.45849570039562,-15.991339242677542,-6.702564490329239,0.9761245175442397,3.318823359650415,1.0
655.58883,219,3092.003478,219.0,470.27335314733057,71.1845775759982,83.96334258930614,22.79999999999996,-5.44,-27.104901981353773,-34.11086561139674,-33.17498967245558,-11.974606546574028,-64.39965026946867,-26.08828650424128,-9.339143223763097,0.9259401313799854,4.055617775444336,1.0
338.49913,119,3096.871427,119.0,223.50791475117808,37.520782876976185,44.578621846262784,12.000000000000018,-3.2799999999999994,-15.363987698554999,-17.919119256734845,-16.70998757535405,-5.008506156678642,-26.621893500271977,-8.55286760378622,-4.6518280471342175,0.7549865285934194,1.7968679380523382,0.0
673.371385,220,3106.145206,220.0,469.9387419830241,73.96575495345405,83.79116559704048,22.79999999999996,-7.230000000000002,-27.50106222629547,-33.21407544203103,-31.243741388877666,-12.997242633690426,-57.19813687546935,-18.560354077707757,-9.179664972273056,0.5920434126752137,2.60499101577094,0.0
486.389128,167,3112.996597,167.0,344.9038002770073,55.55138651797882,63.35043537645775,17.400000000000013,-4.389999999999999,-21.480612392425535,-26.061102962493884,-25.127039812566913,-9.224573910680958,-47.38759254935994,-20.520815526836504,-7.624757386506645,0.7561771294913291,2.525631612501039,0.0
617.820679,205,3121.669691,205.0,434.48010579848113,69.29689686566844,79.00975021563713,20.84999999999998,-5.590000000000002,-25.772729640007004,-30.108492921292783,-29.489215975011525,-10.961676404740933,-59.317589913542555,-21.426145053636894,-8.150224315346197,0.7633785459660891,3.129852038460965,0.0
408.454028,142,3127.586485,142.0,275.3614440191869,45.644712538616176,52.28799929456665,14.100000000000023,-3.7699999999999996,-16.721094546318046,-21.17909658700228,-21.41167211211179,-7.245841744052371,-36.75010088930055,-8.609518208533474,-5.2528038908094565,0.9137077964871346,2.594930142023462,0.0
513.191293,180,3134.953027,180.0,356.60829201673937,62.75295611190109,69.42818467446953,18.6,-3.929999999999999,-22.84243638515472,-27.328623703122148,-26.358172710133076,-9.019728086808993,-61.47507795291907,-15.865352445363593,-7.3787489549637915,0.8888459790311419,3.199845524512111,0.0
428.481973,143,3140.254699,143.0,295.8426320633596,48.029014985820254,53.624658452348875,15.300000000000026,-3.669999999999998,-17.22583256244659,-21.886199290305377,-21.104463964096666,-6.947583268379611,-39.743022295888785,-11.160385430494669,-5.576845238691363,0.8958450443486878,2.562116826837247,0.0
304.986278,111,3144.648932,111.0,223.940085657508,32.31269545813261,41.19612660721165,11.100000000000016,-3.7499999999999996,-13.526952047348024,-19.051900538802144,-16.154917675286974,-5.566699296178608,-35.75888910934257,-15.896817957329905,-4.856453404640666,1.0216774788677696,2.2681240030864487,0.0
530.113398,180,3152.091739,180.0,351.5067955154873,62.278874021601546,68.4711168387038,18.150000000000006,-4.189999999999999,-20.76095536231994,-25.52898027971387,-25.871150603374414,-9.42770595436548,-39.96675585306707,-17.985304204587365,-6.562536172417217,0.5114039103146758,1.841054077132833,0.0
794.460353,296,3164.757642,296.0,500.3558734417421,101.1818042927285,114.47501354868567,25.949999999999932,-6.910000000000004,-37.019956650733924,-43.36568627357485,-42.22615563096747,-13.411878019568324,-65.18670504888523,-24.08413345125727,-11.297823082035404,0.6802211548360141,4.026909236629203,1.0
646.215841,221,3174.066109,221.0,427.6472732292533,73.43170213819272,84.03777460064589,23.549999999999955,-5.860000000000002,-27.40754686832427,-29.46070156618952,-31.340662268979003,-11.058653951596845,-50.44814006886965,-19.1161990918417,-8.75900519244343,0.3614839458083454,1.5977590404728867,1.0
1087.881341,373,3189.676412,373.0,706.2602538410893,128.47443486220192,145.20257812774383,38.84999999999981,-11.540000000000008,-46.181339528560606,-53.50634310767055,-51.962946998781206,-19.751166431286546,-81.04774249191065,-26.12031488629037,-13.796072415175274,-0.19884623568439577,-1.4833929182055925,1.0
1164.298702,391,3206.111057,391.0,733.5175672712699,139.84206154445445,151.1751117270303,42.449999999999775,-10.130000000000003,-50.40468626499173,-52.92488669306038,-54.16493738404157,-20.85620476442687,-61.26792612842548,-27.764230290684367,-16.173166754434114,-0.20224055843850453,-1.5815211669891054,1.0
1098.47255,381,3222.298808,381.0,687.6252749319818,134.6005901851096,148.6468246399086,43.499999999999766,-10.68000000000001,-47.1603881263733,-52.27390552908184,-53.873036205870505,-19.349832378007466,-69.18322109588007,-29.317033029409135,-15.06272327659739,0.19726354078760366,1.50314818080154,1.0
116.849138,68,3224.718427,68.0,61.903581855434815,18.57978071122436,25.12351697953191,4.65,-2.8699999999999997,-8.728065729141235,-13.739126670360566,-9.853792160448306,-2.694943027603034,-9.920868930431611,-10.93461518069852,-2.66633017927446,0.44069651319336123,0.5993472579429713,0.0
770.520456,274,3235.724641,274.0,479.59921380187575,90.29916395459057,107.13037561175123,26.549999999999926,-6.410000000000001,-36.25834725379946,-34.80032805129885,-36.76480362155263,-13.477495031177309,-39.64320930194556,-28.275977391590477,-11.428137007405526,0.5374700155711346,2.945335685329818,1.0
629.829594,215,3244.702688,215.0,416.10232405759876,72.79403745180538,80.67258804881472,22.349999999999966,-7.110000000000001,-27.006806154251098,-30.380369239673005,-30.281656537429182,-11.024010937696298,-48.60269629553407,-14.220759426394796,-8.463057411634432,0.39532366970283606,1.6998917797221949,1.0
65.881187,68,3247.674219,68.0,14.967848318918492,18.54086912880983,22.41212931891115,2.2499999999999996,-1.9499999999999997,-8.799838895797727,-14.213780677318576,-10.403281144213976,-3.1916983786600035,-1.8700723693818158,-17.981541085740705,-1.8794470954918843,-0.21004656016769066,-0.2856633218280593,0.0
401.778648,151,3253.808009,151.0,252.30387895203256,51.94535982008993,56.85557502409571,15.450000000000026,-3.469999999999999,-18.497621307373056,-24.420273381471638,-21.08081869962874,-7.640097295525557,-30.130292155614182,-15.5932681274736,-4.943795214333793,0.5549515653096926,1.6759537272352716,0.0
874.50271,294,3266.251343,294.0,562.161098260391,100.00904510909396,113.3994483025466,33.74999999999986,-6.730000000000003,-36.987963876724244,-38.14610113799569,-41.58729373590804,-13.94686974967396,-61.469205567681776,-18.871290890232167,-11.078157075494268,0.6388311242042418,3.756327010320942,1.0
965.640431,320,3279.661248,320.0,624.3122488109941,115.25286207450408,124.30464323739095,34.94999999999985,-10.480000000000008,-40.04708622455597,-45.00158319026228,-44.85826330595761,-15.397281690933376,-61.20469245373297,-23.737666122653756,-12.452750250455637,-0.3112565263423879,-1.9920417685912826,1.0
798.761181,265,3290.914324,265.0,546.7024183642839,87.18859540712873,102.64305929983469,27.29999999999992,-6.280000000000001,-33.377791852951034,-36.49550326317547,-37.242861424540834,-12.515763867134142,-70.47094388502052,-22.738746289938113,-10.95128107920755,0.13031406802755816,0.6906645605460582,1.0
514.065881,198,3298.933756,198.0,302.5764011195913,66.80013115708232,75.07397390439772,20.099999999999987,-4.64,-25.795843076705932,-32.68545295745135,-29.029473286513173,-9.31917126138784,-21.12480342252526,-18.30386820610171,-7.586013171826432,-0.1764110940068918,-0.6985879322672915,1.0
569.902882,206,3307.398094,206.0,354.63335007806296,72.09424735014814,77.55918453887637,22.499999999999964,-6.6800000000000015,-24.599509983062738,-29.91246607601644,-30.090323922445386,-10.802070908431016,-35.11760513429445,-17.925166686045152,-7.75675718225159,0.0648957652318019,0.26737055275502386,0.0
531.123329,198,3314.929482,198.0,330.848072038445,65.03325048508037,76.82541385785703,18.9,-5.440000000000001,-24.903220543861384,-31.0486635386944,-28.022106324158475,-9.036417916635397,-33.16014812173907,-18.9956161744024,-7.877234540220754,0.2488204313536142,0.9853289081603123,0.0
104.056181,83,3318.316352,83.0,24.01567839074717,28.31040185325417,29.260508450660772,2.2499999999999996,-2.1999999999999997,-10.819383220672607,-15.397067962586881,-11.23038271832295,-4.144137496091138,-0.37935494098997147,-16.069901935717017,-2.5401791403963982,0.20697910793614552,0.3435853191740016,0.0
1142.215407,401,3335.279786,401.0,713.7478705145938,139.17766221011388,155.57488859913448,43.34999999999977,-8.88,-49.86162292480472,-56.10865278653803,-57.5004204841676,-19.989833104768177,-72.59808950064371,-29.623106501066385,-16.073289331680353,0.463114909443772,3.714181573739051,1.0
929.619184,312,3347.795018,312.0,602.3426215732179,108.89046039469974,120.22150610265373,32.999999999999865,-8.280000000000005,-38.527571563720706,-39.54652807936073,-44.26910871854794,-16.329404570480776,-64.55235961817057,-23.562910457506515,-11.767520792857185,-0.14696968274095437,-0.9170908203035554,1.0
224.163427,141,3353.548413,141.0,81.90242631590084,43.23248017626718,53.88140199332023,5.850000000000003,-3.7,-17.590405068397516,-20.239868269860747,-18.259704218460815,-6.349622050973396,-10.102514058502205,-20.954738610862524,-4.506029311725855,0.3774928228444024,1.0645297604212147,0.0
1341.929268,500,3374.61183,500.0,780.3704007193969,176.83344892706322,192.81699217756474,49.49999999999971,-13.690000000000008,-63.15464227199558,-74.60247782915825,-70.58225482495607,-23.31013826229697,-59.95074938943646,-34.01163300576442,-18.28967801033874,0.4557358591687331,4.557358591687331,2.0
649.916568,213,3383.398567,213.0,448.63769626573134,70.07877032062315,81.54264927692776,22.499999999999964,-6.400000000000002,-26.371120929718,-31.790743966400623,-29.968679582805112,-10.576279978715757,-54.40129733690459,-17.17347711342635,-9.160948663608359,0.3319026956120954,1.4139054833075264,0.0
400.198493,144,3389.629328,144.0,262.296941270818,46.55995512663827,54.11324015284128,15.600000000000026,-3.819999999999999,-17.561955976486207,-22.249935615062718,-21.023458752177074,-7.2547780891833185,-28.84606631814185,-15.854118429438909,-5.761330140646826,0.8658040377285247,2.493515628658151,0.0
626.062559,221,3398.084484,221.0,402.34888436632184,74.27011193198715,84.08341526967655,23.99999999999995,-6.880000000000001,-27.021710753440864,-30.795119944214807,-30.485931696279145,-11.792945731326405,-45.175783567858126,-19.016932988418834,-8.471427485390535,0.627183470448694,2.7721509393832275,0.0
960.419075,339,3412.397689,339.0,595.233087554551,119.3306292644281,130.1166449451705,35.99999999999984,-7.530000000000001,-42.28097568988801,-46.42383179888128,-47.21989471963498,-15.519614120929807,-62.51477056601412,-25.268820846974084,-12.503379164745116,-0.14034716102120798,-0.9515537517237901,1.0
1779.970255,558,3436.220416,558.0,1227.008568105234,190.93098260228183,219.68637366545735,63.89999999999957,-11.130000000000004,-71.00095389127736,-71.4658544547856,-79.8415001164529,-28.78475351654266,-149.96988866381162,-43.23064790626966,-24.132071259259913,0.47944195948333407,5.350572267834008,2.0
908.156682,296,3448.71691,296.0,607.6789828813085,101.60321972085053,112.77815245899856,32.999999999999865,-7.9,-36.73357304573057,-39.48312331140042,-41.88566486288412,-15.327817519864617,-67.70387259163898,-22.329571699998176,-11.540049686116964,0.45696398966853546,2.7052268188377298,1.0
962.338875,312,3461.90346,312.0,651.3009722159009,107.58326972797636,120.77736364245894,34.49999999999985,-6.610000000000002,-37.53814446449281,-41.931626933813085,-44.63788344128945,-15.423427814739837,-83.14751733747433,-22.620254041713327,-11.913876902670422,0.18226184485969024,1.137313911924467,1.0
1336.887221,437,3480.530811,437.0,874.1089759640881,150.10228611043104,170.54034083845025,48.59999999999972,-8.820000000000002,-55.58215775966645,-54.715034292638244,-62.64434907205817,-22.01546592762376,-91.82315848340443,-30.332262897555736,-17.53195303742907,0.2222868606246728,1.9427871618596402,2.0
1137.516536,362,3494.743038,362.0,802.3616987214778,126.25855494434585,140.47897790195708,39.7499999999998,-8.950000000000003,-46.38034426689149,-50.277013484388604,-52.39354306151148,-19.91783412331559,-107.05070465223065,-32.041455993370725,-16.32179999001457,-0.22437422319826061,-1.624469375955407,2.0
1728.670113,570,3518.792665,570.0,1105.6209113739837,197.92474360112723,222.768103702087,64.9499999999996,-11.730000000000011,-71.74737380027767,-76.16950199231505,-80.73394486715027,-28.644413513453113,-95.51102055989334,-45.83765298152077,-22.21973840251817,-0.32512132872225535,-3.7063831474337112,3.0
792.006475,258,3529.333975,258.0,545.5607490821353,86.49443197682206,99.95988311040328,28.34999999999991,-7.1200000000000045,-32.35979430675505,-33.621107763051974,-36.62361635028217,-13.457569871719556,-73.2088803712673,-19.715829353181118,-10.25179148915751,0.6093716498517201,3.144357713234876,0.0
524.29367,176,3536.846969,176.0,363.7739227780988,58.60132929154488,67.26752243135056,18.150000000000006,-3.7299999999999986,-22.18902386188506,-28.765564043074832,-25.894435277588702,-8.632380014243777,-45.25789988149522,-18.09765052885646,-6.9321510319413555,0.5242103830315622,1.8452205482710988,1.0
517.407256,199,3545.231535,199.0,328.16726015513024,67.40497500653174,74.92511793588308,18.9,-5.46,-24.201676449775704,-32.07741195857525,-27.805139315688415,-8.293920635888638,-42.05754715988743,-23.633144397554606,-7.461257506839725,0.17737575231508038,0.7059554942140199,0.0
439.725714,176,3552.889488,176.0,243.5991782080499,60.7456971288152,66.8652111140224,19.049999999999997,-4.75,-21.470911016464232,-26.90628285557032,-23.873289229143403,-9.08144421540706,-14.567453490088269,-19.551217949958293,-6.333773364933751,0.4271304635792127,1.5034992317988287,0.0
1097.87753,377,3567.939269,377.0,682.934175323682,132.04649008245195,146.7493609171685,37.94999999999982,-9.270000000000003,-46.69216057777405,-48.977387584000816,-50.728319144837094,-20.46865288950476,-63.87997973140784,-25.39221739079223,-13.39377916611502,0.5729517765097496,4.320056394883512,1.0
552.691522,194,3575.738315,194.0,339.77626040539303,70.0411684851683,74.09708345459399,20.099999999999987,-4.129999999999998,-24.17857038021087,-25.708769407868385,-26.41461493144874,-11.204813371809113,-31.949907346053035,-14.53450140038478,-7.201813329840065,0.536692413857435,2.082366565766848,1.0
513.547071,172,3583.0423,172.0,349.7802301615199,60.41313702643947,65.3718987761851,18.6,-4.72,-21.443378949165318,-24.051529479026794,-24.919848596956044,-8.251308376933041,-45.61484192614482,-16.960205249226252,-6.657081986260063,0.7867436653610042,2.706398208841854,0.0
771.212426,248,3593.35294,248.0,531.929823345461,80.01383833658697,96.00709974847807,27.14999999999992,-6.8,-31.172219114303605,-32.04189090281726,-34.319245806438474,-12.340753611618775,-68.38460976893235,-17.149028878460697,-9.680587366556704,0.6463043139666321,3.2056693972744954,1.0
801.62709,277,3605.101891,277.0,524.0516117630956,92.0190895287042,105.80843339654625,30.149999999999892,-7.410000000000002,-34.63406595706936,-37.75770923420786,-40.37112387236578,-14.61497757308791,-61.023299495373664,-19.606485964998292,-11.984382882130925,0.16649821558268793,0.9224001143280911,1.0
654.185624,220,3614.106684,220.0,447.40689742173896,72.282871029872,83.32184262151611,23.399999999999956,-4.509999999999999,-27.031628665924067,-30.047196012362836,-32.04301351261102,-11.508724804173138,-59.27061013764385,-18.125817763112373,-9.688995816221663,0.9735100725053965,4.283444319023745,1.0
462.000262,160,3620.867959,160.0,317.62747212425444,50.56344780046137,60.7718917214248,17.100000000000016,-3.9199999999999986,-19.431031789779652,-23.03711918070912,-22.229350727837506,-7.734192928915731,-45.87200719138841,-15.522076637529954,-6.316771322116594,0.9952512228878121,3.184803913240999,1.0
788.483885,263,3631.572566,263.0,517.5397861397339,92.74936886065159,102.57508646453334,28.649999999999906,-8.550000000000004,-33.38345141887667,-37.56709037572144,-36.933134884132755,-12.125281442157767,-55.27880542974987,-20.817997255381343,-11.374595176681886,0.43731034982147804,2.3002524400609743,1.0
1415.924509,450,3650.228362,450.0,963.9435128431356,157.86443056547003,174.70290561379193,50.5499999999997,-11.750000000000009,-55.98786872863764,-60.97242193501443,-64.26934259405196,-22.06586790118026,-100.30718782008957,-48.01036406700142,-17.773287222925216,-0.47458773159991696,-4.271289584399253,2.0
564.793391,201,3658.074331,201.0,359.1960262158138,70.49220171830744,76.20273949498686,18.75,-4.77,-26.42639784812926,-30.297013897821305,-27.81532045100785,-11.058469695206183,-32.666641620935664,-19.88439014409007,-7.9293425420249255,-0.05685243640186933,-0.22854679433551472,0.0
906.986485,316,3671.55415,316.0,578.4988505662618,106.79387539764734,123.86798087392016,32.54999999999987,-8.720000000000004,-40.5359194278717,-42.813803736492986,-44.42244424134424,-15.561186293764473,-60.9206635340812,-25.335648913078547,-12.414556064534022,0.7889528707747376,4.986182143296342,1.0
469.399009,161,3678.165266,161.0,327.12465959046995,51.327865643450544,61.295876491843295,15.600000000000026,-4.460000000000001,-20.5650407218933,-26.24132984653116,-22.60803773246289,-8.092532283570074,-49.04685242749128,-8.70884512357817,-7.226754610712713,1.0011135984586303,3.22358578703679,0.0
508.267642,194,3686.406697,194.0,297.66294350665544,66.80787236682282,71.07369712274041,18.6,-6.0600000000000005,-23.554728398323043,-26.974502084031702,-26.742191380301676,-9.660756535833682,-23.3058357018535,-17.03978416820453,-6.539072516214667,0.24608938884591589,0.9548268287221536,0.0
705.855323,234,3696.160223,234.0,474.99335522252323,80.89582102422898,90.57781513818284,23.84999999999995,-5.770000000000001,-29.95473151206969,-32.197114560008075,-32.422930716804736,-12.524613979833209,-59.559310478044154,-16.250747650827854,-9.782219551248035,0.6271798698787464,2.935201791032533,0.0
827.204399,277,3707.914945,277.0,545.0261633065056,94.28058880298998,108.02992410205705,25.949999999999932,-7.790000000000004,-35.94044481277462,-37.89878460504114,-38.79594243998787,-16.009442334061106,-53.347071827302315,-21.62326234961731,-11.677329322872442,0.5374489748017209,2.977467320401534,1.0
884.163775,284,3719.577664,284.0,604.5501397168737,93.34478790509765,109.85831220954847,31.49999999999988,-7.440000000000001,-33.269159665107715,-41.79032090231778,-41.47066291727157,-15.497433895430037,-67.4386685100985,-21.565996112846022,-10.617223303763842,0.6486306161223888,3.684221899575168,1.0
474.807812,168,3726.465003,168.0,307.969971739328,59.39753960853062,64.286631901769,15.900000000000027,-5.180000000000001,-20.777508635520935,-26.04904091358186,-24.12070203352089,-8.704558464681822,-32.26545370843533,-17.73637632558023,-5.912690685699856,0.6439583916745787,2.1637001960265843,0.0
637.346252,212,3735.452794,212.0,424.22808616351233,74.91859514592826,81.23186608524199,20.99999999999998,-5.140000000000001,-26.633261306285842,-28.396448700129994,-31.163284279120443,-10.043606718811002,-49.248428022417215,-17.397724352284342,-8.009541935786224,0.6480347515917398,2.747667346748977,0.0
1143.072624,383,3750.891635,383.0,742.1725931657102,131.8387422796966,148.3315824232491,41.09999999999979,-9.720000000000008,-48.55634541034698,-47.88475841283796,-53.354708066855125,-18.867985792388513,-82.73752682644033,-28.816506770512277,-13.432463025995151,0.42962230383056244,3.290906847342108,1.0
1955.402726,617,3776.90155,617.0,1297.7345528046765,216.54492296610522,240.86469105581293,73.49999999999993,-12.810000000000011,-78.17576821327205,-76.09390117004514,-88.21701453532651,-31.52953170042476,-129.47559048997576,-49.39633732416611,-24.54329783124137,-0.596371674709679,-7.3592264659174385,2.0
534.248894,187,3784.832864,187.0,345.26901164963743,59.55959667773399,71.75329810556097,19.79999999999999,-3.8799999999999994,-22.579676771163935,-25.333051677048196,-26.245987533891697,-8.666552846078224,-41.054777090835984,-14.264081588090404,-7.108884854931907,0.8200059582453355,3.066822283837555,0.0
513.968736,190,3792.648996,190.0,318.64646384132465,64.7257445634216,71.35851606016828,20.84999999999998,-5.71,-23.61395832538605,-29.96486994624139,-26.207265522062258,-9.657107843899393,-29.672909535357256,-19.8364996901102,-6.949377676219883,0.5737233290725681,2.180148650475759,1.0
219.94987,101,3796.755249,101.0,121.70806676305202,31.5040477507655,38.040894617437424,8.70000000000001,-2.32,-13.126559762954717,-19.26453696265818,-15.010676768808853,-5.177941516800487,-7.490942193280235,-13.8600112705206,-4.752470532953058,0.4958173988669546,1.0015511457112483,0.0
695.472742,237,3806.708546,237.0,450.0563903165435,81.826796194804,90.99528462691104,24.14999999999995,-6.780000000000003,-28.507436761856084,-31.728361636400216,-33.0164227674003,-10.660620172821462,-48.17107159656973,-21.692164346231507,-7.9996516913371245,-0.004180250757482069,-0.01981438859046501,0.0
586.660073,217,3815.803562,217.0,344.78755538389584,75.86761505004728,84.12905789723075,24.599999999999945,-3.8399999999999994,-26.713792777061464,-33.55553573593497,-29.93078000151243,-9.252775756480313,-22.21693695137679,-26.333993806998535,-7.880340134871375,0.6838356603933863,2.9678467661072965,0.0
568.846188,194,3823.249284,194.0,390.5982132808828,62.412475776756786,74.01145663908105,22.04999999999997,-4.389999999999999,-25.28746634006501,-26.254157678037885,-27.989815939578364,-10.026804325186587,-54.49315444770534,-17.894384464110253,-7.890174893019495,0.7518066298916563,2.917009723979626,1.0
415.94762,150,3829.22064,150.0,268.6900110382296,46.20243377031252,56.21927023345741,13.650000000000022,-3.77,-18.500502414703366,-22.39897461980581,-20.844208184538196,-6.136800114448316,-27.987774583174087,-13.418338056878033,-5.757496681780203,0.5958112009321865,1.7874336027965596,0.0
1869.937953,585,3853.348546,585.0,1276.3840751971184,200.99564757385474,228.4303919453073,66.74999999999967,-15.130000000000015,-73.10793672561647,-76.62518626302482,-81.85085259386068,-30.66002928637982,-144.04682596049915,-42.439550957633884,-23.761779830190513,0.48977308373536693,5.730345079703794,1.0
639.869835,221,3862.368372,221.0,428.1166188579761,75.45376928108323,84.53798912978434,23.699999999999953,-8.190000000000003,-26.769778261184694,-31.79517084434628,-32.17996556470987,-12.951889126519143,-52.901426903555496,-19.757127770378716,-8.393184170078028,0.6189269658561198,2.7356571890840495,0.0
818.89793,277,3874.022122,277.0,538.4824137240857,94.03098409454103,108.11262396968871,30.149999999999892,-6.4700000000000015,-35.03582636833191,-35.75287295430903,-39.205041805236,-13.000741433312458,-65.0091131961493,-24.183924055697332,-10.22057222935123,0.6920367059565239,3.8338833509991423,1.0
779.298171,251,3884.490272,251.0,537.5550560971969,83.39823944197597,95.1061090587152,28.949999999999903,-6.290000000000001,-31.51568758964538,-33.48263713791966,-35.15310922599802,-12.448655066739134,-70.8346254701778,-17.197109439448976,-9.789409729525435,0.7570930943808789,3.8006073337920125,1.0
660.328934,250,3894.903121,250.0,405.63382143321786,85.0979120813255,94.53507546923294,26.699999999999925,-5.7700000000000005,-29.975013341903708,-35.71556231975557,-34.8984277186437,-12.639287839191905,-49.606895300353706,-24.521594515543118,-8.511094432103317,0.24775152694469563,1.238757634723478,1.0
605.934838,200,3903.295356,200.0,421.86414152360624,63.91503077613544,76.09178244788315,21.299999999999976,-5.680000000000002,-25.957330608367904,-25.239078080654153,-28.3675925868949,-10.006683172287703,-58.999384915220205,-15.120685031414824,-7.865362774618865,0.9652115275334454,3.8608461101337817,1.0
484.127324,171,3909.569739,171.0,319.58518887933866,60.13204430301627,63.87686299273285,16.350000000000023,-5.850000000000001,-21.237988553047177,-23.996290308237075,-24.35344023884337,-9.01188897658882,-33.36024507566996,-21.900628206126623,-7.106291227354396,0.3920472761711865,1.3408016845054578,0.0
841.971838,281,3921.716742,281.0,549.4344417755578,94.68887577902892,108.94700927015715,28.34999999999991,-6.570000000000001,-35.553386483192455,-40.67561640888452,-38.62898796634019,-12.81400155511157,-58.1115168047738,-17.35552391177292,-10.739455676822935,0.21646495551437897,1.2165330499908098,1.0
967.378941,307,3934.604018,307.0,659.9464049650599,104.00975236063717,117.47898813530863,34.79999999999985,-6.370000000000002,-37.64743554830551,-40.3121530741453,-44.60286970680776,-15.361342324124353,-75.83273542390229,-23.65325096414396,-12.07641757025514,0.735703967173248,4.517222358443743,1.0
579.463985,212,3943.643249,212.0,358.46539772192557,75.1031680166766,78.97915643772606,22.649999999999963,-5.56,-26.45157346725463,-31.542862255871306,-29.915285393722634,-11.0235829347334,-37.46464745366426,-18.02195119208988,-7.753834760338877,0.4679697483235186,1.9841917328917191,0.0
595.929096,207,3952.529176,207.0,384.5180255987822,69.81437069130388,77.12702926783865,20.99999999999998,-5.6400000000000015,-23.626964292526257,-29.461214620620012,-30.10875350928887,-10.54677468228289,-42.54174273753409,-14.445102740352821,-7.15977689294819,0.7951817834758692,3.2920525835900984,0.0
1144.205594,449,3971.210616,449.0,641.6427630848559,158.1625062971102,174.12548979923204,40.349999999999795,-14.460000000000008,-58.36572705268863,-60.41522812843319,-60.806700851429746,-21.875248429848277,-47.076419673082306,-40.12135389671287,-15.954487049796821,0.3089603045615068,2.7744635349623312,2.0
136.129454,111,3975.955661,111.0,55.518808922912584,33.63231074446595,39.16725038036332,7.6500000000000075,-3.6499999999999995,-15.485266208648685,-18.8641581825912,-16.137230380059595,-6.5905420853330945,-4.456587120987054,-41.179544833023,-4.475586904528664,-0.050555101782689,-0.1122323259575696,0.0
316.668956,115,3980.751969,115.0,203.9476997303066,40.01072887195434,42.39511101216789,11.700000000000017,-2.55,-13.090367438793182,-17.885079054534426,-16.09792992079232,-4.914929740591455,-25.514615246702576,-12.82364506730714,-3.5080175176428923,0.5487546494890728,1.2621356938248676,0.0
1194.436485,386,3996.160414,386.0,805.2871255471009,134.2070082166257,150.08420416314638,41.99999999999978,-9.960000000000006,-49.723331599235486,-51.58240687698123,-55.38480906414383,-21.108360055694355,-91.27683496120892,-27.937197586422435,-16.168913002314923,0.902883161389309,6.970258005925466,2.0
788.504668,244,4006.598616,244.0,551.821602414047,82.95917850123895,92.85750722617391,29.2499999999999,-5.35,-30.2000752401352,-30.339180173724877,-34.64284007776258,-11.84577667015214,-67.3651377412756,-23.104532993637648,-9.53607740752528,0.6112817517986193,2.983054948777262,0.0
740.693179,242,4016.769692,242.0,525.6285040138002,81.17870891402777,92.1249638151916,28.049999999999912,-5.3,-29.604667124748236,-34.07003549411893,-34.96104788137641,-13.917524519434954,-71.45607962407591,-29.76755986994372,-9.212083520466416,0.2573776229816823,1.2457076952313424,0.0
1383.440876,440,4035.413177,440.0,955.3360189664853,149.61383318940366,171.553845107416,49.949999999999704,-11.000000000000009,-55.31617980003356,-56.652307390049124,-61.41449225730035,-23.197317390207225,-116.92078649402873,-39.291760830940014,-19.219977065368617,-0.5001109865009757,-4.400976681208587,1.0
937.645366,303,4048.412225,303.0,646.2951651930466,101.33505076446698,116.72718024959609,31.049999999999883,-7.110000000000002,-38.560848288536086,-40.41659200787545,-42.1762890193955,-14.562400313787876,-77.40369694192198,-27.845464776502755,-12.686738597181142,0.013590759817890591,0.08236000449641699,1.0
687.754337,233,4058.455351,233.0,459.50472734125333,80.75379662640496,90.7187362394556,24.449999999999946,-5.910000000000001,-29.26411047935486,-31.893091157823797,-33.88455265078144,-11.43812038672256,-60.422583149716466,-18.171590368860837,-9.688875498631516,-0.09445999859076876,-0.4401835934329824,0.0
374.584558,140,4064.241822,140.0,228.10170961711137,50.524054714785095,51.814116782533524,12.300000000000018,-5.59,-17.883546495437628,-21.604357192665343,-19.204104065550965,-7.57788469526437,-21.798969821755183,-9.425493144305054,-5.070967622864654,0.6949753002174208,1.9459308406087785,0.0
1010.657477,334,4077.966964,334.0,700.1400576917795,107.86439128050748,130.41238418071467,38.09999999999982,-7.990000000000003,-43.52679735660552,-41.217952435836246,-46.11325145931786,-17.314373921007125,-93.28526085916943,-36.67089907719228,-13.74082067012581,0.1257352255161094,0.8399113064476108,1.0
953.285155,307,4090.030454,307.0,671.4543899817935,103.27239393364098,120.28789519959344,33.74999999999986,-8.65,-39.52777500152588,-42.10952874422076,-43.02510512464019,-17.419822323273372,-88.66211055789253,-29.9649414632669,-13.120240540139262,0.295329233288614,1.81332149239209,1.0
522.341946,183,4097.634899,183.0,340.16221269920055,63.78772198989018,69.11847073004544,18.450000000000003,-6.3500000000000005,-22.057777915000916,-26.820025664567943,-25.455597411645265,-9.218174756780906,-39.21233677756781,-16.179931365093104,-6.882615783803965,0.5701274756003516,2.086666560697287,1.0
500.572464,171,4104.855143,171.0,349.4068634595527,54.70393683849136,64.20402288169895,18.6,-4.689999999999999,-22.271048870086663,-25.1155419178307,-24.73949384039329,-8.539411817826707,-45.0788196777353,-19.962062415293506,-6.945980509371189,0.8291948656756608,2.83584644061076,0.0
674.279727,221,4113.958217,221.0,450.1097464221484,75.36521541174338,85.0965325287663,23.84999999999995,-4.92,-28.628255228996295,-28.20581412091849,-30.67809907983751,-10.739864276195966,-46.689390017938706,-21.985424066732985,-9.294920758525466,0.5579388846370759,2.466089870095875,1.0
407.04802,144,4119.881761,144.0,274.2772296858484,48.20059754296823,53.86382686901482,14.100000000000023,-4.87,-16.534816379547127,-23.416343504935497,-20.761051994242237,-7.335895739566698,-34.75431729088266,-14.274091696267826,-5.447117219994445,0.9138909941913301,2.6320060632710307,0.0
841.981136,285,4131.705721,285.0,574.8337487360418,95.14708973720077,108.58269219398565,32.39999999999987,-7.020000000000002,-36.54345406055448,-38.71255667284132,-40.02501640623433,-15.657731737262427,-79.8343202357958,-24.727214554518795,-11.46210100925358,0.6204474764864613,3.5365506159728293,1.0
701.534426,239,4143.499445,239.0,471.42530431246945,82.32966212942445,92.44281042558227,25.04999999999994,-7.440000000000004,-31.330384926795972,-35.96775325238704,-34.60808305095075,-12.413584183191144,-54.75904350202962,-22.368674167689605,-9.825827869698337,0.7269513326192172,3.474827369919858,0.0
510.28869,178,4150.880117,178.0,338.93910597406114,59.08747278918837,67.42312158566429,19.64999999999999,-4.51,-23.020144157409664,-24.542383006215086,-25.761157608931782,-8.387457607546153,-44.50145859973386,-15.115208519853077,-6.973201043637854,0.7007479296595082,2.494662629587849,0.0
860.112956,283,4162.312597,283.0,577.9014770988451,97.75610265149815,107.20802679832882,32.24999999999987,-6.230000000000001,-35.677243857383736,-37.938072118908174,-40.920819968486484,-14.859420986559112,-65.6283540145958,-25.658636391884823,-11.090103288294792,0.7224262247402835,4.0889324320300044,1.0
716.474792,262,4172.633136,262.0,439.65148798199465,87.140835023287,101.4027013615613,28.19999999999991,-8.480000000000006,-33.19724123477935,-34.89896605461835,-35.5367665854747,-12.559564045066324,-41.47149367170712,-25.656263827657998,-10.119936803204894,-0.41057754663443685,-2.1514263443644492,1.0
1730.293646,536,4195.754271,536.0,1228.2276194721799,182.6231360025541,210.97978108085593,62.39999999999959,-12.590000000000003,-70.2553044176101,-67.22812289074056,-75.05756108857707,-29.014119610608216,-164.76200206094813,-47.799234622770236,-23.23054579656312,-0.6695554596215278,-7.177634527142779,2.0
846.073152,272,4207.297536,272.0,593.9141324982711,91.94430978577405,103.09959427425017,30.599999999999888,-6.530000000000001,-33.76102467298506,-32.11326147690415,-39.21587300529026,-14.555992966426023,-78.16174033552129,-30.84649555126854,-10.300496258429193,0.6551980374875878,3.564277323932478,1.0
1687.081826,549,4230.228369,549.0,1105.9737676506556,193.8530283955746,214.4362342231705,64.49999999999959,-13.600000000000001,-72.77349769592288,-72.213040573895,-74.6447142450097,-27.781675814764334,-117.75746846059815,-37.637961873566965,-24.27284544130502,-0.28198426312169206,-3.096187209076179,2.0
1168.633974,371,4246.345369,371.0,786.6838106281112,125.5857730262357,144.252696021995,41.99999999999978,-8.640000000000004,-47.40930431842806,-45.76687534600499,-51.526667069179496,-19.86094216659815,-85.30322127662212,-27.94751809265146,-14.433777497262207,0.5437325556995901,4.0344955632909585,1.0
601.021474,204,4253.887729,204.0,402.21501991301886,68.09025085417454,77.95005836460325,19.94999999999999,-5.700000000000001,-25.451335272788995,-28.105074686557064,-27.80332987054432,-8.907713319827323,-45.28240895121706,-22.167175561514405,-7.766817061553449,0.15228942284023372,0.6213408451881536,1.0
766.177744,254,4264.889201,254.0,527.1513458289971,86.34596787402471,97.48565111235501,26.999999999999922,-7.000000000000002,-32.17274981975556,-34.29281708523631,-35.88774575634848,-13.61944709409776,-67.84444971878796,-24.96491792553095,-10.023093746987964,-0.11011520365879807,-0.5593852345866942,1.0
1412.481688,472,4284.793501,472.0,898.514449448933,165.9141084656354,184.36700191040168,51.14999999999969,-12.630000000000006,-60.9587773513794,-64.83677785024051,-64.84618725139543,-24.02163075094924,-75.183728650158,-37.60068492910852,-19.386085406158426,-0.22497763250975322,-2.1237888508920704,2.0
795.99921,271,4296.264132,271.0,517.8303384141593,89.19037196754843,104.42171982712188,28.649999999999906,-6.660000000000002,-34.50283229351044,-33.91097783744336,-38.180978986529595,-13.140721347361886,-55.397708316703934,-22.602988693149054,-10.697012355979657,0.05472890803810576,0.2966306815665332,1.0
754.584817,251,4306.995613,251.0,517.9247085098152,83.57448954607894,97.57451268874355,25.949999999999932,-5.109999999999999,-32.4892474126816,-37.488485012948516,-35.517264407501706,-12.870334165507774,-65.78137672171964,-21.563268891922586,-10.618917292828154,0.11196142019520722,0.5620463293799403,1.0
775.362512,268,4318.297909,268.0,506.6393974234263,89.01861462803357,103.39050088738978,29.3999999999999,-6.330000000000002,-34.230565972328186,-35.43379203192891,-38.13692908466948,-12.961229008456966,-59.68885442314423,-24.780113030934054,-9.524517067188457,0.15944284159239985,0.8546136309352632,1.0
524.953772,179,4325.817677,179.0,352.65621286053397,59.473354343893774,67.70078266798632,20.549999999999983,-4.149999999999998,-22.221519722938552,-22.807647737115616,-25.22476760863191,-9.79913994649863,-47.66274983070829,-15.60989730001707,-6.9508553614327715,0.8430944300734368,3.0182780596629035,0.0
800.984157,271,4336.320553,271.0,528.7973990335443,91.666858017629,104.55774128308876,29.2499999999999,-8.350000000000005,-35.14605724334715,-34.024077950418025,-38.367045191325566,-14.292964206754235,-60.57026146584933,-23.20462639431932,-10.332808846068511,0.17587605792281868,0.9532482339416772,1.0
841.26681,294,4348.51302,294.0,557.4392090321438,102.27506516715566,112.7931025346515,30.29999999999989,-8.930000000000005,-37.515208168029794,-44.63309584781526,-41.129411065803254,-14.836316096177445,-67.92831631233604,-27.866324871410665,-12.701894292477801,-0.5693457876675262,-3.3477532314850538,1.0
465.798188,173,4356.017227,173.0,301.59670045418807,57.054123555138325,65.42040628388804,16.050000000000026,-4.199999999999999,-21.92433087825775,-24.804642763733888,-24.83340197474458,-8.609201327123504,-36.09221357113803,-19.89981497250103,-6.959437229254865,0.4287966680589853,1.483636471484089,1.0
595.226387,192,4364.170158,192.0,412.71546057363844,64.16413911419987,73.08895729413338,23.399999999999956,-2.8499999999999996,-22.928144388198856,-24.30324731469154,-27.613707226073057,-11.304149814532542,-54.222282036794276,-19.65338508307512,-7.2672539899755835,0.7963176621744477,3.057859822749879,0.0
1214.003084,444,4382.985718,444.0,733.5333599416233,150.26860371378018,173.3271933258165,49.34999999999971,-10.340000000000014,-58.09603804588321,-54.2709322616458,-60.526364124193066,-22.943544251163775,-81.913426445005,-33.507241461536296,-14.878526306436322,0.059271331797397665,0.5263294263608913,1.0
1749.004683,620,4409.178661,620.0,1085.5372287561609,214.9120607883354,241.3284848546468,63.599999999999575,-14.310000000000011,-80.79504446506499,-76.47228295952078,-84.84133109161748,-33.51823520807591,-105.84627722309892,-56.962348853207196,-23.627571776496037,-0.4289055444590371,-5.3184287512920605,2.0
645.111605,244,4418.954891,244.0,400.04583669952626,82.29359863469037,93.89747105339539,24.449999999999946,-7.660000000000005,-31.01320471525193,-35.7216698471457,-33.5782397038756,-12.601031991528165,-43.06953885886445,-27.55293470145509,-8.378681116849593,-0.08622122636343083,-0.4207595846535424,1.0
468.902507,158,4425.132584,158.0,318.5595435283907,48.35439605379018,60.024195805631614,16.80000000000002,-3.279999999999999,-19.70257612228393,-21.343994825333365,-22.074466652873376,-7.588792722794517,-35.46145367578396,-17.567963148062645,-5.816380965386882,0.853605274761092,2.697392668245051,0.0
582.33477,224,4434.618541,224.0,341.1584991410291,77.44623326153642,81.61262070607893,19.79999999999999,-7.110000000000002,-27.35092186450958,-31.69271227642894,-31.587039359154915,-12.830574291984487,-24.03367052764959,-19.47658592750017,-7.601079286016365,0.6775696424293355,3.035511998083423,1.0
735.915539,258,4445.393198,258.0,464.92560956130797,87.79643591528114,99.52250880004587,29.3999999999999,-6.690000000000002,-32.92363913059234,-34.88557635620235,-36.60270159603134,-13.385838054086046,-48.63893297455894,-21.533222706514863,-9.069104183009758,0.00546781548571276,0.02821392790627784,1.0
343.970972,117,4450.276361,117.0,241.01500144260714,38.36179486034214,43.37664977204521,12.75000000000002,-3.9599999999999986,-14.195363192558284,-15.498884622752664,-16.506979382819168,-6.196534227914697,-35.92446512564952,-11.985934647264502,-4.264312430640481,0.9610233541848708,2.2487946487925976,0.0
37.59315,60,4452.836021,60.0,-1.2742306931725154,18.154740803026858,20.84416767274996,1.6499999999999997,-2.9999999999999996,-7.789146614074709,-13.555837829411029,-8.745612798697206,-3.10932208781373,-2.6816195777663037,-20.351867363418638,-2.5481215343437773,-0.03234384568735044,-0.03881261482482053,0.0
464.796494,162,4459.712622,162.0,315.41287679895066,52.208645641458816,62.075683120925,18.150000000000006,-3.989999999999999,-20.30032299518586,-23.42465347312391,-22.539191751042395,-7.4922219879278185,-47.41457694394435,-14.004373315012328,-5.885371388593652,0.48029266542630755,1.5561482359812366,0.0
1795.123577,624,4485.892135,624.0,1134.8399635961937,219.64154727778262,245.2069138794122,66.44999999999966,-16.120000000000015,-81.07575453758228,-82.37704196572305,-86.03823194041624,-31.886349752340983,-124.5296052187562,-48.251794389296705,-24.736070329170843,0.296208642359469,3.696683856646173,2.0
960.208088,327,4499.591753,327.0,631.1028038150662,112.1241420298833,126.51250090933928,37.04999999999983,-8.910000000000007,-42.7848219156265,-41.382895363867284,-44.76671973274277,-17.558260517696592,-75.13752898946001,-29.418416376029317,-13.622716019325575,0.06537532880983384,0.4275546504163133,1.0
551.463325,194,4506.801609,194.0,367.2851174031707,63.40420185058274,72.99226329026354,20.69999999999998,-5.74,-23.950571393966676,-28.631659722328195,-27.73915137617952,-8.997436289552157,-49.517737708090486,-15.330552984315515,-7.011147785859909,-0.045157132061218,-0.17520967239752583,0.0
778.548222,262,4517.633882,262.0,510.28684733936865,89.06363473208273,101.8144383856226,28.799999999999905,-7.280000000000003,-34.639378695487984,-35.53328360542656,-36.1408781656471,-12.731951173387287,-52.04103763966854,-24.122767140080324,-10.927402448908524,-0.08545483333472158,-0.44778332667394105,1.0
527.050065,179,4525.356466,179.0,363.72266727754334,57.46287849905787,67.76245240902281,19.049999999999997,-4.609999999999999,-22.541477346420297,-21.500743772089482,-25.902632569005437,-8.92903213808602,-51.90471294294611,-16.751339520504803,-7.8079946559859525,0.5657608699115481,2.025423914283342,1.0
695.619205,253,4536.018615,253.0,432.02856113606464,89.58717475206664,96.89895401390753,24.599999999999945,-7.820000000000004,-31.971976747512816,-37.597139687836176,-35.698864974248814,-14.062040007023127,-39.280569243416245,-25.052165456424127,-9.012728317087257,0.2123416209330684,1.0744486019213262,1.0
1238.445441,451,4554.814771,451.0,762.3092259046787,157.99374648435204,176.66771164895871,50.6999999999997,-10.290000000000003,-59.473544158935546,-62.97478193342688,-60.90536906302629,-23.780466475621964,-84.18336244752206,-40.21082622814528,-18.406893036625455,-0.3491362412955511,-3.1492088964858707,2.0
585.843105,193,4563.100341,193.0,414.73121340913434,60.88695891734034,74.08757165993356,20.99999999999998,-5.2700000000000005,-24.774658827781682,-27.162707188725463,-27.341582897671127,-9.805174171149204,-58.8115173841143,-16.9915616745457,-7.705436554890368,0.38670238353937764,1.4926712004619975,0.0
561.42888,201,4572.047931,201.0,374.90260962762125,64.00391630880937,77.16513107520902,19.499999999999993,-4.699999999999998,-25.020385217666636,-28.781413811445226,-28.628240122696003,-10.34851457303926,-52.575420501314525,-17.44808534675309,-7.640717610543574,0.9509280773410164,3.822730870910886,0.0
449.416834,156,4579.504353,156.0,300.59854837189414,50.82215785776778,59.79020718351197,16.50000000000002,-4.429999999999998,-20.44506108760834,-22.303838167339567,-20.66248612265295,-7.622838321239017,-39.78997310443926,-12.696718678007139,-6.343164341234727,0.7914075466667992,2.4691915456004137,0.0
864.8272,308,4592.035946,308.0,532.8056328050857,108.8624343950609,119.42042666553799,34.64999999999985,-8.700000000000003,-40.03452444553371,-41.94141059704126,-41.329337291627496,-15.46383793798424,-54.7467261576725,-24.990825780784352,-11.70463184966623,-0.4353845758317468,-2.68196898712356,1.0
771.557676,295,4604.824358,295.0,459.84727456348406,104.05022686423612,114.50390442884078,31.049999999999883,-8.220000000000004,-37.41105566978454,-39.4114696346223,-39.93843464469869,-13.492499231983736,-58.195620990669845,-25.02199123507532,-11.20265873727524,-0.3287654005907263,-1.9397158634852851,1.0
220.04298,92,4608.854256,92.0,131.59283625551816,32.687267150687575,32.71154581036868,7.950000000000008,-2.7199999999999998,-11.001180233955381,-18.404684188961983,-13.71969249212421,-4.642280193427241,-11.313553011498195,-11.094357475244351,-4.002922106636411,0.19338844517665954,0.3558347391250536,0.0
980.807696,332,4622.983005,332.0,646.8999504089231,113.58319803538748,127.92031836469114,35.54999999999984,-8.270000000000003,-43.22759458065032,-44.48705016672609,-46.14777317660462,-17.555083196024125,-80.66958872391396,-21.974009093321488,-12.814671656590034,-0.10166977666202509,-0.6750873170358467,1.0
595.515239,213,4632.171231,213.0,389.032395123287,70.67612139179481,82.07167187798115,22.79999999999996,-6.36,-27.12910543441772,-34.208861093968174,-30.90206974356704,-10.127123700857352,-40.32216054908963,-23.84536042683392,-9.170268604130008,0.3172073533952962,1.3513033254639617,0.0
1478.505225,505,4653.663972,505.0,945.8237073097703,178.32704232176494,197.06255989886574,55.34999999999965,-14.210000000000012,-68.02009476184841,-68.67981881350275,-69.7802834981212,-25.905849474816577,-92.39371671237194,-42.60341681554095,-21.46490440884758,-0.023937884123624978,-0.24177262964861226,2.0
1594.119387,572,4677.045365,572.0,976.9815760814884,204.61366285718145,224.19847379716657,59.09999999999962,-16.39000000000002,-77.4892889070511,-73.18207874968647,-78.42821959914255,-30.649358976770344,-92.7771243223138,-49.61599810054971,-24.24225719266945,0.33299401845171966,3.809451571087673,2.0
722.655454,322,4690.21366,322.0,352.58853233060614,116.6008478757592,125.33177539427224,28.19999999999991,-9.920000000000005,-40.9404742670059,-52.239807954430546,-44.55966250920353,-15.051823420533987,-18.531192045570602,-29.961942777528883,-10.860798652866986,-0.10256417659669285,-0.660513297282702,1.0
1268.531007,435,4708.079643,435.0,792.3627107662643,151.74420980774354,168.966768107604,47.849999999999724,-11.110000000000007,-56.31080835342404,-55.3847238086164,-61.10426089639192,-22.19907063717401,-68.8832782951758,-35.94693691782569,-16.453602520416712,-0.3337661929897891,-2.9037658790111656,1.0
871.40693,296,4720.695662,296.0,566.0086409091942,102.24345305313615,113.96794726939474,32.39999999999987,-7.830000000000002,-38.182228927612265,-43.33343279287219,-42.12278920390926,-14.8103984019634,-59.48438779069949,-22.093650213731237,-11.356224264643354,0.031125155889799604,0.18426092286761364,1.0
851.183243,300,4733.614175,300.0,545.874760625614,101.64140460510265,116.99143194702287,30.749999999999886,-7.750000000000002,-39.676137089729295,-40.114328739792136,-41.067552346859436,-14.479436637432437,-64.30283539529677,-24.654785051290048,-12.029279212333364,-0.0290652162583928,-0.17439129755035682,1.0
1769.999404,585,4758.144636,585.0,1175.362430494534,207.22340581685077,230.50445688432018,60.299999999999606,-15.670000000000012,-77.53199496269227,-76.95074640028182,-78.71904935782062,-31.802335412167324,-122.35620017306344,-60.223087630358194,-25.137475082727875,0.06042311874508821,0.7069504893175321,2.0
475.698542,170,4764.62388,170.0,299.83766212846234,57.79310384129779,63.366227420778365,16.950000000000017,-5.07,-20.818535146713266,-24.88073472380638,-22.132431796012117,-8.39292772904405,-32.139597786480266,-13.644431239779557,-5.169792582524505,0.6705839737592824,2.27998551078156,0.0
658.478443,214,4773.388032,214.0,447.18348897042785,70.08391910565999,82.54746864337964,25.19999999999994,-4.989999999999999,-28.123097267150904,-25.576779001951206,-30.575186494610286,-9.964801632442622,-52.67336311399251,-19.685570991710502,-8.947635682351901,0.6064003082567054,2.5953933193386995,0.0
1111.365537,413,4790.833752,413.0,650.4535904711903,144.02085450482952,161.69278044031347,43.94999999999976,-12.06000000000001,-54.99748869895934,-58.39201538562783,-54.740127885610185,-19.85128929003564,-49.51163153101423,-36.63533239762682,-15.563803199809124,-0.23488010536362944,-1.9401096703035792,2.0
379.154956,134,4796.261495,134.0,274.610289872501,43.9080099482923,50.76628801274445,13.950000000000022,-3.209999999999999,-17.391933979988107,-19.32565177679061,-18.173327281620928,-7.571247599555736,-46.25433925112728,-20.700474606175895,-5.452657693867579,0.7136494903245985,1.9125806340699238,0.0
322.495161,120,4801.220526,120.0,221.3813072483573,37.49496928482537,45.07767517211864,11.250000000000016,-3.339999999999999,-15.166026887893677,-19.191525511443608,-16.968754949205174,-5.94921226723279,-31.15343722769327,-16.364705661084333,-4.575127814147526,0.862809905010377,2.0707437720249047,0.0
476.587545,171,4808.480406,171.0,318.19094488854324,57.68625145686276,63.54685956367263,18.300000000000004,-4.529999999999999,-21.57204115390778,-24.814086243510268,-23.86043276375788,-7.97051322841917,-47.86253132641063,-15.061267277430561,-6.465638619745039,0.6493536097051409,2.220789345191582,0.0
2213.936263,764,4841.131536,764.0,1402.6359232221482,273.09512165043697,301.6499131909067,82.05000000000025,-20.84000000000003,-100.77276127338429,-97.8554745581001,-103.27341625186766,-41.20262856714223,-147.68987083049316,-66.26696867051724,-31.593575370101075,0.2399854424106758,3.6669775600351264,2.0
82.265566,62,4843.785787,62.0,37.47502112883408,18.198174854088265,22.302670954195346,2.2499999999999996,-2.05,-8.081939654350279,-14.02096097767353,-8.998091121488281,-2.6456905425092763,-0.8819336516410539,-20.7308298424348,-2.5508553715512505,0.19563651397660783,0.2425892773309937,0.0
1207.205836,386,4859.186806,386.0,830.8405266191002,128.11428069927652,150.20091185250436,43.79999999999976,-8.900000000000004,-51.306181721687345,-46.720000886172045,-53.598736877548625,-17.958685487516597,-108.67879220975193,-28.242815797014455,-16.344670492047733,-0.31532750641721224,-2.4343283495408783,1.0
677.22786,225,4868.984334,225.0,471.9835245055511,72.53562808523,86.72853913536,26.24999999999993,-4.9,-28.639782385826116,-27.21072741448878,-32.6462699228673,-12.42707605239815,-68.30830209940835,-22.235444568131335,-8.902229701335925,0.519943830508845,2.3397472372898025,1.0
811.582207,283,4880.540072,283.0,509.4340706168043,101.32725967525654,108.90423340076711,28.799999999999905,-6.530000000000001,-36.52148537158965,-38.96617943122984,-38.29193345842184,-12.63392397298905,-46.20728603368124,-28.978573283934256,-11.753974668873319,-0.20144255538043254,-1.1401648634532482,1.0
466.087185,161,4887.186642,161.0,307.4874603048816,52.52570108073198,60.51576055675712,18.150000000000006,-4.159999999999998,-20.586632838249194,-22.27553522028029,-22.039615405186453,-8.602751288955256,-36.49928929324481,-12.650183372188815,-6.777729189845832,0.2262496322943368,0.7285238159877646,0.0
1461.741825,534,4909.82088,534.0,887.5874890433926,188.95091710459974,208.81102245103366,54.29999999999966,-16.14000000000001,-70.2117592668533,-72.58127010501927,-72.16203990599807,-26.34251178234372,-91.02239024303412,-41.977207051896585,-21.470425437583984,0.27628037879826983,2.9506744455655216,2.0
1950.260951,661,4936.83087,661.0,1235.9813435048372,235.9183047161226,258.8543216267,73.34999999999992,-15.850000000000014,-88.40935998439788,-83.3198163732887,-91.33999587257226,-32.41379192002519,-125.87285922483598,-50.45492741852148,-27.182268393419577,0.21364636077671087,2.8244048894681177,2.0
1148.929012,389,4953.017875,389.0,770.0324674794401,133.25489018001562,151.61320729252725,42.29999999999978,-9.700000000000006,-50.79791627407075,-50.5026469387114,-53.332053806361955,-22.060983845770618,-98.71405877061066,-35.60913470023238,-16.554758745409043,-0.5361478553246404,-4.171230314425702,1.0
805.718584,278,4964.764773,278.0,515.7367413162101,97.36100282754484,105.91895168633266,28.649999999999906,-7.720000000000004,-36.23193887233734,-37.38955232203008,-38.839937821777916,-13.434352628417724,-60.981988757189676,-15.27670625034277,-10.073635459598128,-0.12045896766879205,-0.6697518602384839,1.0
231.376248,95,4968.680296,95.0,140.17797304444986,32.169856908120494,32.731301791071694,7.050000000000006,-3.32,-11.051249203681945,-14.68547385334969,-13.304684927301402,-4.9994744728195455,-15.297112031271164,-9.824255059642597,-3.2706344489933614,0.6003159862015943,1.1406003737830293,0.0
740.943191,255,4979.773536,255.0,519.2165433441023,84.30501549641882,98.22047177857138,25.649999999999935,-6.520000000000001,-33.197391014099125,-35.379790533334,-36.12739316783223,-12.554989198614242,-76.40719923292049,-30.411616437231764,-10.850460369382704,-0.6901570432673445,-3.519800920663457,1.0
258.632111,98,4983.985575,98.0,175.5610456897162,33.02890553744907,35.546751290620925,7.950000000000008,-3.0699999999999994,-12.134335484504703,-15.946049946546559,-14.365404091016423,-4.184499799251358,-25.617902226393497,-12.112721305905799,-4.023678974413189,0.862240512738575,1.689991404967607,0.0
1198.63632,399,5000.973865,399.0,787.795610889849,139.95485881949065,155.69194874311913,44.39999999999976,-9.650000000000007,-53.711898813247736,-52.88844583779579,-55.864988633373976,-21.455418539978343,-83.37943932775144,-33.596172570382436,-17.659734892402305,-0.5482194630873887,-4.374791315437362,2.0
805.769323,264,5012.331919,264.0,563.1326676418308,88.57108681996709,100.84691441297501,27.449999999999918,-5.959999999999999,-33.07940899372102,-36.97105762287975,-37.143982578434645,-13.976992188868202,-73.36978515647112,-26.93281923110586,-10.797299747574211,0.166152054748948,0.8772828490744455,1.0
1057.010235,373,5027.164615,373.0,664.2382837162011,131.51972688087332,144.46397313532538,37.04999999999983,-11.74000000000001,-49.31929341793059,-52.340830814838455,-51.03903895557013,-16.900873925505582,-59.86037286972558,-36.650213477549876,-15.411125030884538,-0.12285149799385017,-0.9164721750341223,2.0
1225.178882,410,5044.67612,410.0,784.5298311678561,146.97567671741962,158.54048364423582,46.34999999999974,-11.320000000000007,-54.37887139320376,-54.28050652295351,-56.73697919519847,-20.184306237353308,-77.44431903797611,-30.093697654691354,-16.778429891662913,-0.1850592251506749,-1.5174856462355342,1.0
420.851451,189,5052.823972,189.0,236.7407084443455,64.11676661218056,69.55354165127656,14.850000000000025,-5.620000000000001,-23.64271294116973,-32.64368647933007,-27.869437089683455,-11.224878036579886,-26.122766117727384,-18.9755784347212,-7.310507063938588,0.49841794851442184,1.8840198453845147,0.0
467.187504,169,5060.094939,169.0,304.0255743890869,55.210178167945124,63.389578164309384,15.600000000000026,-4.099999999999999,-21.86205218315125,-25.52817206233739,-23.418491168987266,-8.643799304931111,-29.63310159299816,-19.175511896934374,-7.676698720169321,0.1872320990766383,0.6328444948790374,0.0
1139.937404,386,5076.054489,386.0,745.7218743508465,133.47563287977565,150.08104592675488,42.74999999999977,-10.67000000000001,-51.27073317527766,-52.37385901883245,-52.0434707985862,-20.712051910483005,-87.57375558054098,-27.93356481713802,-15.513714087391737,-0.4508855835289155,-3.4808367048432274,1.0
987.623629,342,5090.343268,342.0,656.4971223717059,115.53466472006482,132.83225836635808,34.79999999999985,-8.210000000000003,-45.650474576950074,-46.51091620512308,-48.238533819129195,-16.5990667018707,-76.96105110852201,-36.265681771920875,-15.604692573258703,-0.3839787971463748,-2.6264149724812036,1.0
798.213144,333,5104.066221,333.0,430.40075048999677,118.53451450771146,129.6131267175568,30.44999999999989,-8.700000000000005,-45.118707270622274,-46.51978681236506,-44.756335287035164,-15.09800721187976,-29.02837751204213,-41.240479872575044,-13.323553728402008,-0.12331868814092298,-0.821302463018547,1.0
1034.500812,363,5118.416366,363.0,672.9372039482929,123.3402740750677,140.05478446279906,39.8999999999998,-7.9600000000000035,-47.476833138465906,-47.284874130785425,-49.732787017426375,-18.28833995413016,-87.04728070005791,-32.30109213819537,-14.64024380538202,-0.67874274422484,-4.927672323072339,1.0
403.589758,177,5126.088263,177.0,211.84760756775543,64.15863386879045,66.07049991281241,15.300000000000026,-6.440000000000002,-21.713239712715154,-27.919054757058618,-23.53838539292082,-7.799614734183032,-20.810430140846915,-17.13824209359739,-5.428016851718223,-0.0784618100991402,-0.27775480775095635,0.0
452.652299,176,5133.649013,176.0,284.1233976741474,62.0764714477303,65.98327288289906,15.600000000000026,-6.070000000000001,-22.7443205499649,-26.725922764837744,-24.05473142907414,-8.646645892878016,-34.0408661325068,-22.077949884901237,-6.770406235296498,-0.07255275095410083,-0.2553856833584349,1.0
580.700631,209,5142.602929,209.0,356.98175886908246,72.9695016594384,78.48867387513577,19.94999999999999,-5.870000000000001,-27.076010379791263,-28.091935834474853,-29.322247160128686,-9.197522896760294,-30.89407500530545,-18.33408440853792,-7.903427428147716,0.25029665811867635,1.046240030936067,0.0
737.182766,277,5154.401555,277.0,440.7537674981181,94.4110494143876,107.42260724323943,29.3999999999999,-6.6800000000000015,-35.79361484050751,-39.71943672895435,-38.691479462565745,-13.309555912717379,-35.25688978589142,-31.260641666812766,-11.093039783233056,-0.227419800880224,-1.259905696876441,1.0
457.868842,211,5163.454679,211.0,221.39308349763732,74.70264907919818,79.85757038675885,18.9,-5.16,-27.84913744926452,-33.35756093412638,-29.238899847684642,-10.760147278524194,-10.341821701328582,-23.372581215341263,-7.904312049345111,-0.08421434033002313,-0.3553845161926976,1.0
371.999428,184,5171.232233,184.0,180.3459338019682,65.36124255630529,69.49869457116205,15.000000000000025,-5.510000000000002,-22.34675180196762,-36.854026246070866,-26.736713439085886,-10.12674159592376,-10.397430924273332,-22.475942564575703,-7.758836596503346,-0.06153306732731232,-0.22644168776450935,1.0
1228.994506,442,5189.191453,442.0,742.0765994881242,158.38487149216996,171.31100829488835,44.549999999999756,-13.700000000000008,-57.723738102912954,-61.58344298228626,-60.9872427933241,-21.500723511098965,-58.23884186506485,-37.97830358367454,-17.615680516816386,-0.19493807182875497,-1.723252554966194,1.0
345.662924,198,5197.002398,198.0,131.69488469123985,71.46507208793075,73.69546830249148,14.400000000000023,-8.750000000000005,-26.90108934402466,-32.69168879017234,-26.256140091731794,-9.207421727713411,-7.403006777842777,-25.86272692908352,-6.520427367344488,0.30124757463022334,1.1929403955356843,1.0
574.619463,198,5205.288287,198.0,385.55084970010535,68.46786902210927,73.90653612549667,19.94999999999999,-4.38,-24.951254620552064,-30.06046808660031,-28.395915024811718,-9.77469340518434,-44.92788780018927,-20.903599661267602,-7.861973116153735,0.8133619729354987,3.220913412824575,0.0
457.622783,164,5211.969945,164.0,295.4600543685166,54.476794968147686,61.34908518717786,17.100000000000016,-3.4499999999999984,-19.30943859100342,-22.588505120575423,-22.022533449987233,-8.458185578255623,-38.80486801209966,-14.87461393037979,-5.255007095375872,0.640072803008813,2.0994387938689067,1.0
751.195335,253,5222.634964,253.0,495.721708103195,83.74572537651402,97.66623512548952,28.499999999999908,-6.620000000000002,-32.19550830364228,-34.30180435255169,-34.7579466193832,-12.709378502246448,-59.40570445678665,-17.1639983887204,-10.283993315460357,0.16118245057061462,0.81558319988731,0.0
279.881257,131,5228.127793,131.0,128.47321889400854,44.78697894402362,51.931695443861656,12.450000000000019,-4.569999999999999,-17.09899264335631,-19.541084050759668,-16.67997486973792,-6.700673886899697,-5.628052837339893,-14.170458834090626,-4.371399605992091,0.10431264704250973,0.2732991352513755,0.0
1354.977366,487,5248.394468,487.0,841.6954012812992,171.74099020001904,190.9899821148506,50.999999999999694,-13.39000000000001,-65.07114809036263,-63.87503644973039,-64.41355578530049,-24.564603593961902,-91.5185019652681,-43.67201968195408,-20.944141911908073,-0.17952643490610679,-1.7485874759854803,2.0
387.585349,171,5255.763568,171.0,198.55220053144427,61.88917409782774,62.89229654892542,15.300000000000026,-5.960000000000002,-21.24938061714174,-26.386335647106165,-23.020169532834373,-9.623634717647443,-17.21019677200655,-13.036312634042734,-5.562291984451898,-0.048575022270116286,-0.1661265761637977,0.0
606.703606,214,5264.542221,214.0,383.3700931975297,73.15440883035433,81.91847731029827,22.649999999999963,-5.26,-27.75341371536257,-27.899060678482066,-28.881836445011086,-11.228460128953259,-41.67647948581915,-17.758312012392405,-7.931810705283238,0.510869232472954,2.1865203149842434,1.0
1685.741101,581,5287.93168,581.0,1083.1608089444937,200.34910930980058,225.57640362087582,62.549999999999585,-12.650000000000002,-74.66135819911965,-75.5362252335997,-79.78886195872177,-29.455734734888196,-122.1927846071173,-48.59405496890449,-24.016201392652196,-0.11427788973623527,-1.327909078735054,2.0
1442.033352,471,5307.520212,471.0,919.7468847450576,168.14006741045065,182.1242375721498,55.049999999999656,-12.040000000000006,-61.63091845512396,-60.92589356675745,-66.59363516251689,-23.30968837451658,-81.09227729424674,-30.147856725598324,-18.287567957153193,-0.30639093677137713,-2.8862026243863723,2.0
1000.870848,347,5322.268802,347.0,651.0953793967178,116.92126817276426,135.74037952450172,37.49999999999982,-8.510000000000005,-45.00822571277618,-48.4937825843692,-48.34096548733426,-19.223788798912008,-71.11110610255066,-32.27406807880219,-14.424242441727433,0.20562889411661875,1.4270645251693341,1.0
1618.161094,536,5344.970014,536.0,1060.6917983606559,183.3495395896777,210.59838635896162,61.79999999999959,-12.870000000000005,-71.91474622249603,-68.22340497896076,-71.60323927038858,-28.662256571570126,-103.96759976834957,-53.76519798183653,-23.272185969633988,-0.3696127776319502,-3.9622489762145063,2.0
697.221965,231,5354.717755,231.0,471.91063600592037,79.10907215417888,87.3219765581795,26.09999999999993,-5.550000000000002,-30.529228558540357,-29.35908203124998,-32.34056235934535,-11.537441251754508,-55.074269560649135,-24.335727911485105,-9.493408455332947,0.757757660574158,3.5008403918526105,1.0
339.277348,128,5359.818594,128.0,229.42068327799717,41.54462920391855,47.78600215264717,11.700000000000017,-3.899999999999998,-16.37497575283051,-20.94986436963081,-18.579693444929582,-5.191576460394019,-30.8120266511424,-17.554490372030134,-5.811339832114276,0.18176393322770454,0.46531566906292365,0.0
1086.538137,377,5374.85266,377.0,684.2609307872646,133.74537917829596,144.9851966790225,40.349999999999795,-9.730000000000006,-49.733227677345226,-47.99468798488382,-52.22424816260967,-18.07688942419683,-67.30992239792388,-34.119740609503715,-14.614653296398766,-0.20735901750843183,-1.563486992013576,1.0
2644.313774,899,5412.61842,899.0,1641.1842949621557,321.1095635029072,352.17351244577816,100.20000000000094,-21.070000000000004,-116.39617154598223,-113.09806349836282,-122.42991765112002,-44.48854623639341,-148.7597760549319,-67.1847297422497,-35.926392002969486,-0.0772728607957533,-1.3893660371076442,3.0
1535.165347,540,5435.248856,540.0,955.824119436147,191.31932274626138,209.50840266218577,55.49999999999965,-13.890000000000011,-70.04186628341672,-70.3780562415719,-75.06639523808303,-26.99072604452115,-89.66270712460327,-50.282699531492604,-20.67404708746172,0.1496023314222461,1.6157051793602581,2.0
1334.435448,501,5455.794075,501.0,788.1858672271075,177.54667441377083,195.26937179448635,48.899999999999714,-13.540000000000015,-64.80809329986566,-66.76025166735056,-66.85529975133339,-24.117255490755873,-84.85498510077785,-36.62511803751234,-18.905462564215586,0.2241348502084744,2.2458311990889133,2.0
632.480188,223,5465.093688,223.0,415.96874235505373,73.08178002572312,84.90876512401223,24.599999999999945,-5.27,-29.079346480369562,-30.87386104315521,-30.756132735830327,-10.601600962055915,-52.800518852905824,-21.178038790314957,-8.519600366124207,-0.06437628955212192,-0.2871182514024638,0.0
1518.99287,497,5486.33583,497.0,1009.2256179437071,168.9053056257219,195.03429146497822,55.94999999999965,-9.970000000000008,-66.12922166824343,-63.5287549011409,-69.71698005609282,-26.21927424789636,-112.54389903693082,-37.97029685934405,-21.043918409143327,-0.3872374870790334,-3.8491406215655917,1.0
1075.214223,378,5502.413094,378.0,689.8026090657988,131.09199491426438,145.56378381663254,41.99999999999978,-10.170000000000007,-48.69553227424628,-51.58126993477344,-52.8680171608636,-19.93519637072783,-80.74454854604978,-32.89050710064685,-14.359093439752135,-0.029920491194482094,-0.22619891343028464,1.0
755.89642,285,5514.444139,285.0,470.19327658052674,98.22802795827589,109.38248452772407,27.899999999999913,-7.990000000000002,-36.055812573432924,-42.32470698133107,-39.18813177945,-13.76410022935257,-60.91604200856421,-23.935280263546524,-10.633295444485391,-0.22705379315903448,-1.2942066210064966,1.0
909.085883,339,5528.849521,339.0,543.205948780271,119.02458520331285,128.8160908637907,34.64999999999985,-9.610000000000007,-43.19640261173249,-45.421035204082685,-46.060993533464654,-16.755790967435672,-53.99023000749319,-28.52796001343553,-12.048329412638218,-0.4092857452882308,-2.774957353054205,1.0
1033.52942,379,5543.810591,379.0,637.007955819395,133.55895180609303,147.36056893243543,39.299999999999805,-9.260000000000003,-48.98511191368102,-53.17778493314983,-52.58084003915173,-17.38618083785357,-71.76734451628785,-35.93545809584399,-13.60533615215012,-0.2782231584291911,-2.1089315408932685,1.0
664.7421,245,5554.118966,245.0,409.73964697019875,85.93852687770493,94.14617518005862,26.399999999999928,-5.910000000000001,-30.236702008247377,-36.99611940383912,-33.71440806433239,-12.246290434267276,-39.7153181120711,-28.782490745158967,-8.88092030408275,0.24544319677341267,1.2026716641897222,0.0
440.239428,158,5560.742644,158.0,297.08158078148404,52.52212289870403,60.928397045535874,15.450000000000026,-4.369999999999998,-20.98401751995088,-23.824951168894778,-22.528329765249097,-6.9222887780309925,-44.72781869976185,-13.012360794519449,-7.372906429815194,0.1330495461646665,0.42043656588034617,0.0
1036.917115,363,5576.294341,363.0,684.9698692654442,122.61497863899712,141.1806283982851,38.99999999999981,-7.780000000000003,-46.71459198474886,-47.384064979851225,-50.129580799693855,-19.51272332919824,-88.90297857824247,-38.47157719087206,-14.952843953461949,-0.5540156741807379,-4.022153794552158,2.0
970.375499,400,5593.1523,400.0,516.6741680602032,144.23321197807473,153.4357645474618,37.94999999999982,-12.63000000000001,-54.10503826141361,-58.02557066828011,-53.042615555690624,-22.147850955458637,-35.31243551205655,-31.385627068902757,-15.268507378501495,-0.2402790337561285,-1.922232270049028,1.0
1635.066008,609,5618.063007,609.0,946.5831844734889,217.00920497315278,236.56836696619158,61.0499999999996,-18.98000000000001,-78.63198147773734,-80.58642445318401,-82.66395653481055,-28.943129236352753,-69.91322620845672,-52.93377449124617,-22.49225643287224,0.03314995378480883,0.4037664370989716,2.0
1599.710907,575,5641.694315,575.0,960.4188034855828,205.25940929502758,224.24945308361885,63.44999999999958,-16.060000000000013,-73.05845058202746,-75.06560943946243,-77.91329850116577,-29.26109028991337,-93.77479975826853,-41.57204356235591,-21.961466747451187,0.15041397941202295,1.7297607632382639,2.0
2981.971821,1000,5683.843192,1000.0,1830.7617232166465,366.72902228115413,396.2967491885784,111.75000000000138,-25.55000000000002,-133.69705738544465,-126.38993565365674,-134.9261425331073,-50.47049857308713,-143.66206541424384,-67.44175863871145,-41.428215229450224,-0.2315161984320246,-4.630323968640492,3.0
1471.975888,543,5705.808609,543.0,884.7352987228575,198.89723331384175,211.06279321614787,54.89999999999966,-17.830000000000013,-71.82823526382451,-74.65487973839053,-71.52963347178785,-27.165594701806302,-85.11705118464491,-51.05377719390808,-21.440265369588086,-0.06551514238722099,-0.71149444632522,2.0
1164.363068,407,5723.245281,407.0,718.2203382864218,142.47226945362254,156.94711871350316,43.79999999999976,-10.400000000000007,-51.12559370040897,-53.81881680488585,-56.69229327700933,-19.939496091917846,-70.9481275529683,-26.233037774380158,-14.9192932811326,-0.20790702255784096,-1.6923631636208256,1.0
2006.78661,744,5755.046296,744.0,1159.3568991249604,271.3005378005974,287.9837973401784,77.70000000000009,-20.150000000000027,-97.08672626018526,-98.98431518375874,-101.9464803596537,-33.72642494669118,-99.08320674070498,-54.81889955765325,-27.75857099545285,0.07835609278574895,1.1659386606519444,3.0
664.043891,224,5764.56678,224.0,460.76953476119996,71.04600372508656,86.02520951473183,25.04999999999994,-4.71,-27.983697247505184,-32.44877489693461,-31.578221826901103,-12.533261196985977,-68.2908843580964,-16.11868303966713,-9.183334564659175,0.9474703399362654,4.2446671229144695,0.0
1489.265138,535,5786.673156,535.0,886.0011603749429,188.18158081790955,207.92576245384106,55.34999999999965,-13.880000000000013,-70.00236558437344,-74.36264697164302,-70.86632880386576,-25.143706474088788,-64.76794870174476,-42.675896424841795,-21.494472352708282,-0.02892707552142525,-0.3095197080792502,1.0
575.772725,205,5794.588001,205.0,378.7239324825493,68.97524518948558,77.58006622051934,20.84999999999998,-5.740000000000001,-25.268279156684876,-28.225681766867634,-29.426245170109762,-10.564653118921214,-49.870540235043876,-18.829202877142546,-7.431916888546709,0.5486396786178431,2.2494226823331567,0.0
2898.06476,1000,5836.422913,1000.0,1736.465611996475,365.46725901937816,392.97905900830546,113.10000000000143,-22.430000000000007,-132.1737034034728,-125.43609889969228,-136.45477402988016,-52.09177233711071,-135.0862360403567,-68.01986528870833,-38.254719738564624,-0.24580442199315597,-4.9160884398631195,4.0
426.764992,199,5844.7948,199.0,198.68771501408082,71.7898101434807,72.78180634405796,14.550000000000024,-5.690000000000001,-24.556628580093395,-31.509102711081518,-26.781615385365676,-9.471808762566047,-9.110980499691118,-16.98485237821443,-5.939350763133749,0.07144134479336782,0.2843365522776039,0.0
274.456345,154,5851.406836,154.0,108.59118460163506,54.92957763595974,56.84788087612562,10.200000000000014,-4.269999999999999,-19.712282567024232,-24.17656403481959,-20.864127061922552,-7.095577000763044,-5.476644403491069,-24.08856712204789,-4.428535453369775,0.35191298732366505,1.0838920009568884,0.0
726.53099,267,5862.553954,267.0,446.3877437290231,94.5830271842869,101.0174475217958,25.949999999999932,-9.040000000000006,-33.154403591156004,-40.00243068486454,-36.669767768716625,-12.491602634963815,-43.39926951851043,-24.45049067634242,-9.199263789697506,-0.20748798480008687,-1.107985838832464,1.0
707.000604,271,5873.578816,271.0,418.400566371946,97.02906067253393,103.03281500347717,25.649999999999935,-8.430000000000005,-34.87524560928344,-38.397362589836135,-37.391668239085206,-14.430259761689676,-36.250943223300595,-29.14668864571589,-9.189670405372595,-0.2795319079340639,-1.5150629410026264,1.0
1913.032592,708,5903.172296,708.0,1112.0702118980007,255.88031104747515,275.42790008275284,72.44999999999989,-19.170000000000016,-94.12499228954316,-95.04103297088297,-94.342427857875,-35.09076285215809,-84.46449568197306,-60.665382948692574,-27.89673635965618,0.03097107094392833,0.4385503645660252,2.0
917.685358,335,5917.428929,335.0,593.1657647731494,114.37788443462782,131.48410511800077,34.79999999999985,-7.400000000000002,-44.811764144897445,-46.54129929468034,-46.22117703528944,-15.974058733442549,-71.85412863888648,-44.90367036604604,-13.436298365375523,-0.3030341664894784,-2.0303289154795054,1.0
2434.988449,866,5954.337563,866.0,1515.6492599135088,306.41028650135735,337.558122892504,91.2000000000006,-20.71000000000001,-111.89344208240506,-116.09823876097803,-119.09243919428718,-42.340932629455445,-148.57303431402892,-87.8414884341287,-35.279644463376776,0.28680826588201486,4.967519165076498,3.0
1082.957384,366,5968.837329,366.0,706.4867948188793,128.45518934835897,141.1375368324746,40.349999999999795,-10.390000000000006,-47.59142876148222,-45.091513385623685,-51.242693608580744,-19.0035450575859,-82.08056340990508,-29.892896526141687,-14.179496663491056,-0.6183250406651402,-4.526139297668826,2.0
1635.774895,562,5992.225526,562.0,1021.0474687832163,201.34214039717327,217.988314447126,59.09999999999962,-18.370000000000015,-73.33681692600241,-73.36941977217795,-76.9871101930978,-27.83598028604509,-91.29131347762,-42.2258203666097,-22.28656714030101,-0.1258020916320549,-1.4140155099442973,2.0
2740.279828,1000,6034.579545,1000.0,1561.589582590379,370.6123238224363,394.9779463905323,101.700000000001,-32.060000000000045,-133.0479579734802,-128.76973253935577,-130.09433412911264,-47.02718008134584,-109.2572944965861,-70.13723321145892,-38.20629264444846,0.08279764595017988,1.6559529190035975,4.0
1014.792798,387,6049.937251,387.0,592.6461610980031,138.7287712711046,149.53541187146644,39.8999999999998,-13.34000000000001,-49.92933422565458,-53.45301805138589,-53.52980364764821,-21.71479351602802,-58.76544374876107,-28.856755148008926,-13.428397905622655,-0.1254188317106743,-0.9707417574406191,1.0
1468.275808,522,6071.728812,522.0,899.1107905352867,188.62557494499595,203.46886302364024,56.84999999999964,-15.350000000000012,-68.1896289777756,-70.67803536280991,-73.04587157384574,-24.201048016660568,-89.31649742219902,-40.38953269642731,-20.60880692419297,-0.08642136126021877,-0.9022390115566838,3.0
1684.233677,596,6096.938568,596.0,1036.4528890009874,211.09871092784533,233.73081422995045,66.89999999999968,-18.460000000000015,-78.64737648010248,-76.43907125070697,-81.98662836954908,-31.06186297773283,-90.65921050624,-57.03990962588393,-25.6546780390154,0.3377047468996962,4.025440583044379,3.0
3039.173685,1000,6138.416711,1000.0,1883.5922597782749,365.7607609848184,394.1317917522857,113.55000000000145,-24.470000000000017,-132.39590719699865,-119.7968514375389,-137.19840257181005,-49.821893134107924,-154.2793153104066,-60.36859322255945,-39.5301642589073,-0.05620038529432814,-1.1240077058865627,4.0
1107.760525,378,6154.26076,378.0,728.4335199898958,128.15131935330382,145.954929698537,40.94999999999979,-9.540000000000001,-48.391495375633234,-46.56804453283544,-50.97652015292815,-19.40376374340007,-97.0661601269885,-27.316119792922272,-14.4671407538355,0.0430238861464698,0.3252605792673117,1.0
2626.360132,1000,6195.928613,1000.0,1480.9812009490636,367.06536709533583,391.8354230844334,98.25000000000087,-32.08000000000005,-131.06241465091716,-134.6554742142559,-132.66180693458608,-50.27489997011322,-112.39522076350538,-79.22296139933785,-39.419081618521425,-0.2267388664660342,-4.534777329320684,4.0
2713.733922,1000,6240.437194,1000.0,1543.8605680930332,364.4542235359179,394.09327080296,102.00000000000101,-28.750000000000018,-130.25240442752843,-125.89497442245482,-132.72912017904562,-48.39691816011929,-124.54839171062582,-61.279932038848095,-38.822399345450755,-0.23785816352662356,-4.757163270532471,4.0
2576.184817,910,6278.440471,910.0,1528.1616306604449,329.5677146090165,357.1788681488272,97.35000000000083,-24.530000000000026,-121.65964856624588,-113.357552573085,-122.47923945277066,-42.546085865722645,-113.03396673570086,-71.41820997923641,-37.04869363292142,-0.1225143402953078,-2.229760993374602,3.0
1411.364539,510,6299.093758,510.0,850.4040321858677,184.10713057726804,198.10418926413024,49.64999999999971,-15.830000000000013,-66.31751607894898,-69.09325954914088,-68.2683596096273,-25.673150243335957,-72.80385336051835,-42.38928533928161,-20.525388636723914,0.13323763996625818,1.3590239276558336,2.0
1750.535568,620,6324.557747,620.0,1085.2853133769104,217.25525877393073,241.6969011649554,65.39999999999962,-16.070000000000018,-81.44289543151865,-79.12682418376214,-84.62286686116354,-30.7795876277525,-118.04917358289329,-42.52110668254222,-26.489451190363745,0.2121107113580798,2.6301728208401896,2.0
119.996791,85,6328.163949,85.0,34.87183109585318,27.525953473580135,31.535148831207767,4.5,-1.6,-10.861590347290038,-15.930033865571021,-11.773200680689932,-3.2451478797205033,-0.6475189850107027,-16.377296430131068,-3.0013540112514154,-0.04359280309865979,-0.07410776526772164,0.0
2031.717529,719,6358.415396,719.0,1225.5885368362942,258.8261340426753,279.26188655789133,73.19999999999992,-20.450000000000024,-93.73136693954476,-88.2649490371345,-97.9851011423434,-33.88757770512987,-113.28791203552461,-49.1995814152846,-27.352540235377024,-0.2037131072067306,-2.9293944816327864,2.0
554.637078,192,6366.451091,192.0,362.6964751345705,66.70388402046301,72.15717275947004,20.549999999999983,-5.91,-23.75048007011414,-26.987302277982234,-27.760683073972515,-10.215486298638755,-42.30174279536379,-15.556610008873866,-6.98814911022986,0.665270241520924,2.554637727440348,0.0
2991.953767,1000,6407.537041,1000.0,1856.5113913728374,367.70858279076185,394.40543838190575,108.30000000000125,-28.91000000000003,-131.94462545394896,-125.29630038663745,-135.92742084920812,-51.99807225669321,-151.85915233062713,-66.44353327947927,-42.5925407582192,0.07879806438749977,1.5759612877499953,5.0
1933.328037,660,6435.467567,660.0,1216.787376403816,233.12539668377997,256.7498215057182,72.5999999999999,-16.220000000000017,-87.47514622688287,-79.12977242246266,-91.86223497268433,-31.635722937867317,-125.16008140320368,-47.55143220809235,-26.900167441734173,-0.3238363935154026,-4.274640394403315,3.0
518.881441,219,6444.871552,219.0,282.8418697636457,74.93785192715703,82.44808604368495,18.6,-5.739999999999999,-27.396040201187127,-30.492075178027154,-29.24043123422088,-9.925373267786977,-24.641202184771956,-24.77495747729188,-6.736287312853942,-0.05906387914198529,-0.2586997906418956,0.0
1688.604273,600,6469.400285,600.0,1031.2265357706792,210.63839722778494,232.81287372526774,61.79999999999959,-16.770000000000007,-77.92884339332582,-76.16023142933847,-80.60912530798534,-29.059539568925157,-97.22841733597068,-45.72516949919588,-24.392207466821638,0.009127404452620875,0.1095288534314505,2.0
2797.364119,1000,6510.765905,1000.0,1611.3962753409717,372.9831129610561,393.266114559139,106.80000000000119,-27.19000000000001,-133.6287648725511,-124.3134562008084,-136.01371531860855,-49.80408107549319,-110.58080024588443,-66.35694604645896,-39.193620214550954,-0.03988020213124639,-0.7976040426249278,5.0
663.098114,243,6520.98727,243.0,412.8368336978422,84.38364436172493,90.84568446987322,25.04999999999994,-6.130000000000001,-31.108190231323228,-33.812965270131855,-33.77073335790989,-11.974999549310088,-42.855031257911534,-23.71642468039846,-9.649703718259568,-0.2537434023410115,-1.233192935377316,1.0
2663.447328,1000,6562.281835,1000.0,1483.6786598702395,369.3535485191172,395.12632051520126,96.75000000000081,-28.760000000000016,-132.70518157005313,-129.4451743200421,-131.98736291886112,-48.1791561101364,-95.33752944630304,-74.82998544947212,-40.21681076175348,0.12591852745129176,2.518370549025835,4.0
2633.823298,1000,6604.844202,1000.0,1444.1441021935307,371.4434035060694,393.47356944384586,100.05000000000094,-32.84000000000002,-127.92786091327659,-135.55682061612617,-132.8351588998188,-48.9945905859205,-92.52357123407518,-67.06953842607206,-37.54023659665882,-0.06482635007789699,-1.2965270015579398,4.0
1507.28118,558,6627.960641,558.0,920.0109828540362,196.85707315965266,217.02509474781812,55.34999999999965,-12.920000000000012,-72.24986641883844,-77.06030122898524,-76.56029469283074,-26.518427357467473,-101.23860936768257,-52.1156909843717,-21.29878111297631,-0.43851299835826224,-4.893805061678207,2.0
1707.440139,576,6651.199809,576.0,1083.369814906216,207.3301505428529,224.328714234082,60.299999999999606,-17.12000000000002,-76.10575453758236,-72.07560107856982,-77.43460608925905,-29.099095941516694,-101.92286119461257,-43.671261203329266,-26.459360385857995,-0.03219853527049872,-0.3709271263161452,2.0
2789.395553,927,6690.169118,927.0,1759.662349727354,330.3130639488584,364.516323502572,98.85000000000089,-22.780000000000012,-124.39798406124115,-113.17493605166676,-125.56185552507777,-45.00123993731386,-159.38567944855492,-59.91301679436201,-40.731472537295936,0.03970669079033443,0.7361620472528003,4.0
1829.835845,630,6716.601209,630.0,1123.7714097995777,223.56322954614848,245.7707063677255,69.59999999999978,-17.80000000000002,-82.50315441608426,-77.26219987981025,-88.14728110813205,-30.786361721974544,-98.21232724718725,-42.13945422946915,-26.018722341369607,-0.22805432609831422,-2.873484508838759,2.0
1004.066597,345,6730.639238,345.0,653.6087738714757,115.59059682722082,134.79304967219207,39.14999999999981,-8.810000000000002,-44.4442205095291,-44.76801142096515,-49.21236102314041,-18.51794767232136,-76.6302958446617,-28.07500327070597,-13.61798361799642,0.13551194483658474,0.9350324193724348,1.0
2910.303645,1000,6775.372716,1000.0,1812.280416604543,363.97585429828706,391.0411346090741,110.10000000000132,-26.540000000000035,-130.45888730049137,-122.35702461339527,-137.02057868939704,-51.813758912860614,-182.58963866942196,-75.29817875221586,-41.01569401631505,0.3096937906495439,6.1938758129908775,3.0
1462.748505,511,6797.100133,511.0,892.551226012576,181.38772018084228,196.20663205603907,56.69999999999964,-12.540000000000008,-65.30958564758296,-65.62675485536454,-71.89114397686966,-24.371434982740684,-75.92260190042292,-40.36174057916438,-19.073810979995777,-0.3625754750668055,-3.705521355182752,2.0
2892.56828,1000,6843.926827,1000.0,1730.734523089971,367.67638216815436,396.79399765294573,106.20000000000117,-29.010000000000034,-132.6905229663848,-123.60433571040618,-134.2221229810585,-50.269714546117584,-131.71727142499591,-63.9280191217748,-43.39463577300395,-0.12212939073981041,-2.4425878147962083,4.0
1305.925918,452,6865.665421,452.0,840.6978763835815,156.98976592662063,175.82944575415547,45.44999999999975,-12.580000000000007,-60.53786388874056,-57.5782339897007,-61.70081447002396,-21.938439647905458,-87.56912476378652,-42.48282881186582,-20.65386440456071,-0.29127262859863,-2.6331045625316154,1.0
1565.293046,572,6893.080444,572.0,930.4871678008672,208.5518840984731,222.19345334152575,58.94999999999962,-16.37000000000002,-74.71674347400662,-78.14847162514917,-77.42458139874296,-28.572255922583906,-83.26667868309202,-45.16656856251429,-23.22415953155184,0.0656955637824915,0.7515572496717028,2.0
1444.909398,510,6919.002288,510.0,891.1859297764694,182.7634535559543,199.55798723499893,53.69999999999967,-14.87000000000002,-65.84789991855628,-67.68833590596917,-68.95867611028837,-25.180367292668308,-88.51300664089888,-40.542582948939085,-20.697104143229677,-0.3557970766019877,-3.629130181340275,2.0
533.894153,177,6927.334726,177.0,384.7077220212055,56.99695620433871,66.28182534970205,20.099999999999987,-3.9099999999999993,-22.111267933845514,-23.201396239548913,-25.66489314818955,-8.869557841613128,-65.82308437572337,-14.267384356248908,-7.344766428509414,0.9335807338950611,3.3048757979885166,0.0
1194.593875,426,6947.180366,426.0,726.3510718442033,155.65689464614067,162.9615047807167,41.399999999999785,-14.330000000000009,-55.316800136566165,-56.359514477849,-57.77065935783232,-21.28302422051622,-56.74950426202353,-38.901282160460354,-17.06481181886543,0.05720031951307392,0.4873467222513898,1.0
2666.140771,1000,6992.368493,1000.0,1451.5257557933287,374.22462423443466,392.97609653631304,109.35000000000129,-28.12000000000002,-129.948990869522,-127.24802190214398,-137.30704120653974,-49.15573282957954,-90.16651928141786,-63.308015374711594,-36.68138371493586,0.07414685934307995,1.482937186861599,4.0
741.748181,255,7004.010418,255.0,487.993352312271,87.70454004583956,97.30943414948752,27.749999999999915,-6.950000000000002,-32.81828693389893,-34.30613598749043,-36.57721845696453,-11.508440795086306,-61.58858712897468,-19.668808537846054,-10.591667255948522,-0.006993037578927817,-0.03566449165253187,0.0
890.934825,332,7019.344765,332.0,534.7112236207822,116.72162515162233,128.33510563114157,34.34999999999985,-9.650000000000006,-42.987795042991664,-42.67067635580894,-44.77832252380518,-15.828762969774257,-57.721994608979465,-28.659298593277388,-12.886279312213802,-0.29433325630523693,-1.9543728218667735,1.0
1931.068843,677,7053.259345,677.0,1173.2975642466401,243.24954248573619,264.98843855075916,71.84999999999987,-19.320000000000007,-87.37518277645113,-84.08152065873148,-93.72243677904338,-33.1414683453372,-108.49885363632758,-46.58737229510582,-26.589867416805795,-0.03991574960449344,-0.5404592496448413,2.0
72.761237,86,7057.44506,86.0,0.9564311916416625,28.50880166873252,30.105345284909163,2.999999999999999,-2.7399999999999998,-12.536339230537417,-14.933185048401354,-11.74744569848436,-3.64474637746981,-3.1533100000431302,-24.383809946401875,-2.670505008014658,-0.09479383472370291,-0.163045395724769,0.0
2841.206647,1000,7105.965025,1000.0,1680.9398223371911,359.17678815529456,393.37289645230726,110.40000000000133,-28.850000000000033,-131.44691739082342,-119.46575700230899,-138.99164084436998,-50.1691003833452,-137.7529770716492,-58.96065641682341,-37.045811071771155,0.23449650067764977,4.6899300135529955,4.0
411.139823,171,7113.259058,171.0,228.00780768091303,53.69357010970208,66.02086170727596,17.85000000000001,-4.2799999999999985,-22.229784402847297,-25.96552931591869,-23.02508555646703,-6.528463595403516,-18.482076366560566,-18.08213611193242,-6.839340657338689,0.5342399074544212,1.8271004834941202,0.0
1143.975761,414,7132.323197,414.0,710.2130458119443,141.57856789894893,162.3571506549756,41.549999999999784,-11.19000000000001,-53.99177455425263,-56.033763621002436,-57.13610692569654,-19.442345636318613,-69.52407931781615,-41.1635846278398,-17.2413490234726,-0.2528413008257271,-2.09352597083702,1.0
837.41652,293,7146.715442,293.0,536.164991622903,101.34024634755406,113.11373081694042,31.949999999999875,-8.16,-38.59554609298704,-38.31602367162706,-41.90708271870014,-16.09154217992018,-60.51355280576561,-22.353498376355198,-12.215203155570933,-0.19980997481171944,-1.170886452396676,1.0
657.820536,221,7156.532718,221.0,468.2872106577337,70.98104791700413,84.75981147339706,22.349999999999966,-6.13,-28.946332840919496,-29.305692154169076,-32.25940109286757,-10.952089077350514,-71.58169577564922,-19.965945987182135,-10.416377251492444,0.02279359170191653,0.10074767532247106,1.0
2292.424499,824,7194.452205,824.0,1350.1561537483954,299.5108391424923,320.9509573187153,86.1000000000004,-23.570000000000025,-106.36944584846492,-103.53633855655782,-114.78700926489644,-42.173843538282746,-107.79053604680304,-58.33248733084128,-31.73379055967388,-0.030198472170097412,-0.4976708213632054,3.0
437.735313,157,7201.497265,157.0,297.31825078163376,49.98377391271974,59.56441045574809,14.100000000000023,-4.029999999999999,-20.664095058441156,-21.145795375294984,-22.26427797450063,-5.901450512085344,-48.54513882648509,-10.85883367756493,-6.821530963988977,0.31878972446719095,1.0009997348269797,0.0
636.196846,225,7211.792177,225.0,417.9598532710321,78.02331118265117,85.49519052453338,22.499999999999964,-6.1000000000000005,-29.318654289245607,-31.05029184184968,-31.24168326228502,-11.425559558646803,-51.688196215473944,-22.38247994522238,-9.574643516405652,0.4621711743652126,2.0797702846434567,0.0
809.016749,271,7224.406701,271.0,567.0395419393242,88.8831591921693,103.9899647556004,26.699999999999925,-8.660000000000007,-34.5690225505829,-39.02786200344561,-38.53149026401898,-13.124689339201106,-72.85706619854382,-29.153667561878613,-12.672118918053915,0.597010857494989,3.23579884762284,0.0
605.616463,212,7234.470342,212.0,406.3531660984551,69.80974004087243,81.06881074856045,23.09999999999996,-4.819999999999999,-29.88203407287598,-28.432134107500325,-30.64854844453245,-10.448252676442022,-45.58534212171251,-27.245998065589546,-9.652944089200124,0.3431566944317297,1.454984384390534,0.0
1620.7814,601,7260.763863,601.0,929.5621472289733,216.1051768378321,231.1725678821119,62.24999999999959,-18.67000000000002,-76.85880412578588,-79.10587526261808,-83.11325320026015,-29.67274881226798,-69.76157014419627,-41.30419553916464,-20.82204476383136,-0.18222871135690233,-2.1903891105099658,2.0
571.6464,195,7269.071748,195.0,390.9676051178743,66.26420568168368,73.44379211485322,20.099999999999987,-5.0,-25.0438276195526,-24.46217603906987,-27.204459189503954,-10.666700015955549,-62.217285807022805,-11.214775021423078,-8.319978853601079,1.0455286728386963,4.077561824070916,0.0
652.564509,231,7279.162069,231.0,412.63446910624606,80.89780819513929,87.70156407431494,24.299999999999947,-6.050000000000001,-28.657086057662955,-30.52776418551802,-33.12648884076734,-9.797175069220547,-55.87911563318998,-11.816091253239751,-8.115610953823808,0.7084306863755205,3.272949771054905,1.0
916.083879,337,7293.545273,337.0,557.3125288140575,118.35510679443017,127.96898756877981,34.49999999999985,-10.22000000000001,-43.147845239639295,-42.733593964949264,-45.66926445867435,-16.572622705462315,-57.057920404518434,-30.687748773582683,-12.96374883688799,-0.020225589725900245,-0.13632047475256764,1.0
1885.455086,683,7323.252474,683.0,1120.1204491338838,240.71596092857172,269.1121088051715,72.7499999999999,-16.760000000000016,-90.29302296638487,-80.24962227344521,-89.69734872448308,-32.644922994999334,-100.73203050156422,-62.800953248486515,-27.065531944053184,0.030874941215034705,0.4217516969973741,3.0
1336.680086,481,7344.162052,481.0,827.1697140306641,170.39416419644584,182.84293395167717,49.19999999999971,-13.420000000000012,-61.84895295619969,-60.94600806124506,-67.96755226255422,-23.925213457083064,-90.68258758262714,-36.42668911941345,-18.709722551258082,-0.4497974302456556,-4.327051278963207,1.0
840.377162,320,7358.431135,320.0,503.4747012349322,114.72137412029285,123.41396916792678,30.149999999999892,-10.730000000000006,-41.602223153114345,-42.187641356885415,-42.00920858427655,-16.201176242913608,-43.476554971217276,-41.78201701870383,-13.39406097632933,-0.2167275105363372,-1.3870560674325583,1.0
1813.462312,625,7386.235806,625.0,1142.011155446829,226.40239311063365,242.87380243502804,62.84999999999958,-17.930000000000014,-81.92220436096191,-79.34216403197497,-84.9991124395026,-32.75836490662939,-106.45142152722343,-56.542420505811165,-25.729351656037,-0.10524666538176047,-1.315583317272006,2.0
1296.225947,454,7406.026916,454.0,811.9260873358828,162.28118544325667,173.25770786796667,46.649999999999736,-12.550000000000011,-55.63827834606171,-64.06612013354892,-64.16407192953666,-22.628232092083355,-76.74927987213361,-39.83893341265679,-16.254117766093,-0.21306742019852598,-1.934652175402616,1.0
1060.141683,373,7422.037602,373.0,678.5087413353898,129.68232912232187,144.38081250560805,37.94999999999982,-9.880000000000008,-48.70183111190796,-49.06408743411306,-50.54926746605273,-18.350380321799825,-83.91431178929065,-27.402158568208183,-15.51816358171864,0.26806151626876645,1.999738911364998,1.0
2796.243966,1000,7465.442504,1000.0,1595.755599314379,372.99386947940786,389.796792738411,105.45000000000114,-27.700000000000017,-129.80910437583924,-117.35340684801336,-137.4315737977854,-50.1785176456921,-108.8329747750988,-59.20862163378019,-37.23809596447576,0.11324764573441844,2.2649529146883687,4.0
660.446607,286,7476.790811,286.0,344.7856726561593,100.44152316564579,110.06867841767642,25.649999999999935,-7.920000000000004,-37.22114660263062,-44.5978437669575,-37.86373227156278,-13.22583871116376,-21.229826653322473,-33.65332116539233,-10.787558464544178,0.17182175427855553,0.9828204344733377,1.0
1024.888566,370,7492.668352,370.0,642.5514633343421,132.67356019124344,138.71755227894957,39.8999999999998,-11.12000000000001,-45.526893877983085,-51.757691828906545,-54.87370716063981,-17.75516239732606,-68.11082517465971,-35.29150563457661,-14.518224108942285,-0.11136807178203968,-0.8241237311870937,2.0
909.85984,334,7506.942453,334.0,570.0784767976525,112.71148555788068,128.2400858948684,32.09999999999987,-7.570000000000003,-43.55795105457306,-42.461063459515586,-46.69408406664589,-15.45348398196761,-67.38856680508223,-29.874059085942058,-14.271000189178881,-0.20141365904655675,-1.345443242430999,1.0
1099.322073,398,7523.939311,398.0,657.4752819745498,142.2433855321062,154.02825889429317,38.84999999999981,-13.540000000000012,-50.905107116699206,-52.482677244395035,-54.15237503984943,-20.772635357656682,-55.286502150610154,-28.701102624826273,-15.434453527998063,-0.4446004788768895,-3.5390198118600407,1.0
2708.491027,1000,7565.90316,1000.0,1529.5272886675139,372.89014116140004,392.49414089990046,97.65000000000084,-31.050000000000047,-130.84272468566914,-123.64778880234816,-134.9565046479218,-50.52501624713941,-100.56717483271515,-74.26305016963504,-38.21828444324051,-0.011019706388863865,-0.2203941277772773,4.0
1285.586916,471,7586.260672,471.0,759.4751063376041,171.69734652242676,178.97659655058877,47.39999999999973,-12.350000000000007,-59.919414944648764,-58.77066191732891,-66.02135314269958,-24.348165491342165,-74.57625433594218,-30.12368683719557,-16.852596555669717,-0.23550821925101814,-2.2184874253445908,1.0
93.851201,78,7589.641533,78.0,24.624021483297682,24.71895609247032,25.392752755839293,3.299999999999999,-2.37,-10.73763559818268,-18.228523191064596,-11.455319133611948,-3.737981380963739,-1.5899312180903555,-11.200801989584711,-2.864336838921773,0.10208083522994506,0.1592461029587143,0.0
725.058033,270,7601.430768,270.0,448.46053286300463,91.84141207432397,103.38879145644972,24.89999999999994,-7.490000000000001,-34.32692339420321,-38.72463034875687,-36.881572005236464,-14.703990743811818,-51.58384708718918,-18.925941913588602,-10.895797989931776,0.044434564950934854,0.23994665073504823,1.0
135.334739,84,7605.111228,84.0,50.7153947335094,30.029683760015537,29.472024376202906,5.400000000000002,-2.14,-10.557768554687504,-16.27484007924795,-11.17292452189257,-3.6860663594886494,-1.3444333802777928,-16.17261392698759,-2.933716612234544,0.1882328290782933,0.31623115285153275,0.0
858.12552,324,7619.277062,324.0,523.8844329418248,114.05884032418203,125.68017980453577,30.899999999999885,-9.180000000000003,-41.32538166999814,-40.85365593954921,-43.15943711493832,-15.246729036812301,-66.3943258815664,-32.8800925830985,-11.358311124399801,-0.4704952966677363,-3.0488095224069314,1.0
1214.084297,415,7637.306967,415.0,800.1346408510698,145.20610111727805,162.30750332455557,43.94999999999976,-11.01000000000001,-54.41437794685362,-54.69174601808188,-58.017468327734434,-21.278060266672533,-92.12171883587169,-42.977625530865524,-18.002951540347887,-0.31681923950674434,-2.629599687905978,1.0
546.872356,200,7645.428672,200.0,352.97713580608854,67.8248870871331,76.16510302248706,21.299999999999976,-4.949999999999998,-26.063705105781544,-26.92683452963829,-28.761762515224664,-9.663259037410972,-53.29116469166781,-13.651866730302388,-8.086177523862428,0.7699466868443923,3.079786747377569,0.0
2085.336315,710,7675.488685,710.0,1345.9389758971477,251.78086786266232,275.584675481583,74.99999999999999,-17.370000000000015,-93.81445575237277,-87.46511606425048,-97.947925858847,-35.57961476413422,-152.95577149010225,-55.83860181405422,-31.996718439722976,-0.002272822626952954,-0.03227408130273195,3.0
2252.308847,801,7709.734915,801.0,1351.8375793356943,291.31327625202397,308.8645669862792,82.95000000000029,-21.630000000000024,-103.53078160285962,-96.08230713754887,-111.6320684640385,-39.672044267827495,-120.47642606211791,-57.923935102598556,-32.709013349786666,0.13948837242314466,2.2346037262187775,3.0
1392.307832,507,7731.022968,507.0,839.2593282711664,177.25232179309666,198.5533077236513,53.84999999999967,-13.97000000000001,-66.88749455451963,-63.56428667008878,-67.51268494048426,-25.80250518683999,-86.20619585319993,-38.90797111089424,-20.755987905429333,-0.3954419801166494,-4.009781678382825,2.0
257.00053,100,7734.643918,100.0,169.23240051191627,33.14151447013848,35.85878928350344,8.55000000000001,-3.719999999999999,-12.197799205780031,-15.287745334208013,-14.256657657446649,-5.050607561369099,-22.75120429356138,-12.422864738194308,-4.095295141270158,0.672993582436897,1.345987164873794,0.0
969.21227,364,7750.52618,364.0,572.5017019361042,128.35293620523743,140.2937666579085,35.39999999999984,-9.270000000000008,-47.09600715637204,-45.52316635549069,-49.731420686687635,-18.285337751967905,-58.77570162696293,-28.49637306237286,-14.158127963280009,-0.15010793502382988,-1.0927857669734815,1.0
632.294946,236,7760.6981,236.0,392.3474760032701,82.66519443753651,88.52516520197834,22.94999999999996,-5.289999999999998,-28.995636196136452,-32.31679324693978,-33.877767598253804,-10.945033847464241,-47.84422785835738,-21.96364621647814,-8.959784336377464,-0.2309212053277189,-1.0899480891468332,1.0
557.449603,253,7771.653836,253.0,284.49104996833637,89.80781805922092,94.79865299084864,19.64999999999999,-8.210000000000003,-32.413054194450375,-35.27169595956803,-33.56917588631781,-10.996106995218481,-17.64182195260401,-36.502909690509355,-9.69315366384828,0.34637345966244343,1.752649705891964,1.0
512.921103,215,7781.013422,215.0,268.3938138677001,78.37391217291639,79.82371850134687,20.549999999999983,-7.130000000000003,-27.640465850830072,-32.038480422645826,-30.385473191593604,-10.745117292696246,-14.401578346039281,-18.600339287509193,-8.278887016087983,0.23104575651703463,0.9934967530232488,0.0
856.40491,317,7794.407501,317.0,517.7404793361653,113.3483159902726,121.58172498693106,30.149999999999892,-8.800000000000004,-39.72472857475281,-42.900393670424826,-41.998900942770106,-14.606429736543964,-57.36199804291847,-25.96417179077607,-12.058987636703407,-0.2912060036425617,-1.8462460630938413,1.0
1698.233607,603,7819.786357,603.0,1054.4643859239732,210.72403820865253,236.48225455869317,60.14999999999961,-16.22000000000002,-79.83090729713432,-73.95799596607677,-83.09416552045641,-30.305971409541655,-96.73581515138659,-60.83996722946338,-25.602249389772506,-0.04828371275596324,-0.5823015758369168,2.0
745.130135,268,7830.79443,268.0,468.23784216013536,92.62661884540809,101.50699012836427,30.44999999999989,-6.8800000000000034,-34.248665752410886,-34.84669797345995,-38.69839118819482,-13.40772233861062,-50.93428671787074,-26.15936156120556,-10.516190802243964,-0.0702603672162947,-0.3765955682793396,1.0
417.302109,174,7837.921139,174.0,241.8875946269413,59.9158356030628,63.93905104190974,16.65000000000002,-4.69,-22.039208831787107,-22.689061446487912,-24.843071177142455,-8.905954445281981,-25.4569340249384,-23.524119012365293,-6.942023146668235,0.11643125301339634,0.4051807604866193,0.0
1959.564951,674,7866.502726,674.0,1221.0955095556271,242.4992444435266,257.7678192478294,73.19999999999992,-15.750000000000007,-87.55050042629246,-81.57564222663648,-94.04147434992882,-33.16628763973532,-113.08508910557859,-56.17539920240464,-27.653229129033548,-0.1042651853468651,-1.4054946984757417,3.0
2924.101987,1000,7907.64164,1000.0,1768.481029468528,365.4046256894818,386.66745014648023,113.55000000000145,-21.600000000000026,-128.9328032016756,-116.9293894015253,-139.93426214992,-48.893839847176984,-137.62833638959364,-77.47029530705898,-38.61219160867612,-0.07453106176741583,-1.4906212353483166,4.0
1041.840748,384,7923.9611,384.0,623.7157034737378,136.92005307266834,148.34682017181996,41.399999999999785,-9.880000000000004,-49.42903271198272,-48.4779479146004,-53.34917363269362,-17.80419035708246,-59.32236073912585,-39.04317142722908,-15.235952301253949,-0.2621238114053007,-2.0131108715927093,1.0
1026.161802,412,7941.580876,412.0,548.6357283383593,150.29736158729713,158.07720416134205,41.99999999999978,-11.710000000000003,-52.705243396759,-56.59148437827828,-57.17497475966939,-20.50901572665418,-38.75786403486364,-32.37237997181957,-15.027530314214296,-0.0009535709653548648,-0.007857424754524086,1.0
1197.683954,423,7959.089225,423.0,736.9234778953488,149.1618146908226,164.65861861466638,46.649999999999736,-11.640000000000002,-54.52461368560791,-54.591332061775006,-59.17385024135021,-20.4931094144633,-73.05987623695192,-31.803082652575227,-17.424092637703446,-0.3144214407786294,-2.6600053889872046,1.0
1133.857961,453,7978.6933,453.0,630.1262649509666,164.9896921959424,172.1796301962566,40.349999999999795,-10.310000000000008,-58.37795209407806,-58.81455868780614,-62.69140162120716,-20.61495901373994,-55.80071726717476,-41.859515001806535,-18.31852217500772,-0.12511935992095613,-1.1335814008838627,2.0
887.18937,327,7991.788863,327.0,582.074884657291,114.33670861738221,125.64531340163873,33.89999999999986,-7.890000000000005,-43.349375524520866,-43.713615439832196,-45.65089438072792,-17.095208983552233,-77.96660304436266,-45.789427634328625,-14.312411870673438,-0.47237122278553034,-3.0893077970173684,1.0
1233.003692,460,8011.399377,460.0,770.0964823035711,162.2457453742949,178.11557876039743,45.749999999999744,-11.210000000000008,-58.49358317375188,-63.51316224858163,-63.98489086183166,-22.60980261348063,-92.31166060298175,-51.960472888933964,-19.120542294621984,-0.36383629794048156,-3.3472939410524307,2.0
1597.978623,567,8035.283787,567.0,988.674585312202,198.18997322828574,220.22487986742027,58.49999999999962,-13.200000000000012,-74.77929465293887,-67.28045205622908,-76.44305666207723,-28.324248324855294,-105.46440478946276,-46.020288577689314,-23.099070702358322,-0.15504523780587473,-1.7582129967186193,2.0
467.313541,160,8042.181029,160.0,316.8051821900972,51.623576172254786,59.392592835338085,16.65000000000002,-2.879999999999998,-20.137391791343696,-21.93091044388713,-22.617160021845642,-8.45465265551395,-37.14615315600192,-17.700328499684634,-6.2912133345235155,0.853440418284201,2.7310093385094434,0.0
518.313395,184,8050.159074,184.0,351.93302100394993,60.14313976482543,68.95371766242211,18.300000000000004,-4.989999999999999,-24.492928056716913,-23.186471705138683,-25.111338400025307,-9.1644982301003,-51.75407094756467,-18.12436640005795,-8.192809516410748,0.29147064474173606,1.0726119726495889,0.0
2710.569736,1000,8091.102909,1000.0,1513.184993479997,369.7948081325455,390.34078290320605,102.30000000000102,-26.410000000000025,-127.90657836914058,-118.9962809816002,-133.6332654228464,-49.17503322222608,-98.79726164673733,-74.80964866405492,-35.32278065223799,0.04864968604661709,0.9729937209323418,4.0
1968.246127,690,8120.273548,690.0,1217.6811627336492,240.8165537176223,269.43144970832736,73.79999999999994,-19.46000000000002,-91.14898066043855,-79.32171095423405,-93.62120075905476,-33.54558262725251,-119.55031376697889,-57.57600877607244,-29.259241650408313,0.02807567253536054,0.38744428098797545,2.0
1111.613181,396,8136.955059,396.0,693.3776065344854,140.11323859208326,154.46237074702586,41.549999999999784,-9.850000000000005,-51.71066869258878,-49.558178221434396,-53.47626336536001,-19.037535809868878,-68.53893812654816,-44.81434450730539,-16.904106302216647,0.5268180947182471,4.172399310168517,2.0
1175.730188,410,8154.248548,410.0,721.2873106291693,146.9039559487075,158.84280291669654,42.599999999999774,-11.380000000000008,-53.14383613348005,-53.456584182381576,-56.29733954072844,-19.91648212520043,-61.675606694595444,-29.487408212305876,-18.546624777403103,-0.12178903952524729,-0.9986701241070277,2.0
1710.298515,665,8181.554395,665.0,944.8186534108011,237.27329551086387,259.87758865562773,66.29999999999966,-17.24000000000001,-86.18264420509334,-81.51434590071442,-88.23081575747723,-30.094807767940726,-84.68601905672568,-49.43698018835221,-25.585409434611442,-0.2829816701427003,-3.763656212897914,3.0
969.386272,360,8197.010084,360.0,606.5947940139355,124.0256490918323,137.91051910067543,36.149999999999835,-7.560000000000001,-45.73879891395571,-46.28130696862939,-50.6216688035202,-18.138769559268244,-78.48334026766659,-34.67753523486423,-13.793270296647732,-0.3510642650105838,-2.5276627080762033,1.0
2217.605598,776,8229.845562,776.0,1358.040478878588,273.87898032459765,302.9572586511953,81.60000000000024,-19.180000000000014,-102.3882883119583,-89.19906262643637,-105.98885149316473,-38.009476617821456,-121.65374707687904,-65.85161695281367,-32.60007703142806,0.2534895793794542,3.9341582719691295,3.0
1228.141194,488,8249.674436,488.0,656.8903775464244,175.82232878280044,187.92640358175763,47.39999999999973,-13.500000000000012,-62.67653965473179,-59.94399037659167,-65.61085951265792,-23.005360259001204,-42.680390284460536,-42.568843282263536,-17.91193254754548,0.05568161991454204,0.5434526103659303,1.0
564.613475,189,8257.711719,189.0,392.1945864082679,58.361489053888526,72.15305858876133,20.249999999999986,-4.009999999999999,-24.684737401008604,-22.418863584660006,-26.617463854957453,-9.940675630705536,-57.12140496165674,-14.273130065670532,-8.279383432606128,0.6300297838106484,2.3815125828042514,0.0
1356.459258,459,8276.786208,459.0,866.9266079497938,158.42932172788863,173.90854331031952,50.2499999999997,-10.330000000000004,-57.338228607177705,-51.87422604337337,-65.12249148560184,-23.713822381065956,-86.04007829570753,-40.34765971079071,-17.288708312520235,-0.09067279532912983,-0.8323762611214118,1.0
729.934044,261,8287.823171,261.0,470.7010754948748,90.27289578543721,100.18572331852091,27.29999999999992,-6.18,-33.24558183193208,-34.32249078154565,-35.783107463217064,-12.818599746441178,-62.31736235971515,-23.613835118732297,-11.244673428533641,0.26633808501917183,1.390284803800077,1.0
1556.213507,542,8310.66193,542.0,948.0128827219114,189.20092490022,210.57932139276028,60.8999999999996,-14.800000000000013,-69.2000966644287,-63.4694974273443,-74.37833111564156,-27.074546458401006,-78.83858256687935,-45.32779044548581,-21.39077759775043,0.30803958148310545,3.3391490632768632,2.0
2157.961375,786,8342.720908,786.0,1276.3700682672334,269.62972168022077,308.3694276451977,85.20000000000037,-15.410000000000013,-103.47161867618574,-87.02100264709442,-107.54813607462978,-37.97694041094513,-127.63866095850888,-56.07576770373381,-32.46571618789366,0.2264844912397789,3.5603362022893243,3.0
275.285725,116,8347.440903,116.0,172.72440697492584,37.59143216637295,42.28962789969564,10.650000000000015,-2.3899999999999997,-14.643124856948857,-18.803583520650864,-16.56990902513487,-4.6208948330718,-28.88392737441661,-12.803419977713325,-5.254882869448916,0.5826532669344964,1.3517555792880316,0.0
900.176494,319,8360.95632,319.0,573.0883038690008,109.11703828293717,122.49439978829147,35.69999999999984,-8.180000000000007,-40.23957726478578,-40.60160021781925,-45.83810455248386,-16.866186178896932,-67.40903263160547,-27.58165698153254,-12.50708978769604,0.38548027602100365,2.4593641610140033,1.0
1845.753687,649,8391.863629,649.0,1097.5769010004735,234.64015370374617,252.5053447075412,73.34999999999992,-13.520000000000012,-83.13248014450066,-75.49557753764095,-90.48353471967951,-32.12842613644761,-93.86405371514188,-47.07381648543524,-25.62082341071704,-0.18976439622830144,-2.4631418630433526,2.0
2597.745084,1000,8433.115243,1000.0,1371.7411321303398,372.3196113904183,390.7473988104886,108.75000000000126,-28.04000000000003,-126.24888241291043,-123.61436540670705,-136.38601084121206,-47.86339521322401,-80.1449363122614,-67.92027945444575,-35.595189015348524,-0.061289582500320426,-1.2257916500064086,3.0
1189.425735,462,8452.426565,462.0,675.1912876370491,162.58603611395435,179.5229142051755,50.2499999999997,-10.640000000000006,-59.65981826782235,-56.02084572799503,-64.0403207408553,-20.55759206506883,-75.63260080424493,-35.950544392461445,-17.62278052473201,-0.37091737497427046,-3.4272765447622593,2.0
439.043621,235,8462.29634,235.0,175.18138356841192,84.73149771379998,84.67536933435238,17.100000000000016,-6.310000000000002,-30.36357192516325,-33.46750543117524,-31.55650899697574,-10.494381860075885,-9.78180221814884,-28.526457446966692,-7.144401632409661,0.13730286830046132,0.6453234810121682,0.0
295.663507,152,8468.810627,152.0,137.03498854853692,49.40854274728968,56.584774190311634,11.250000000000016,-4.249999999999999,-19.211270360946646,-21.26948612332344,-20.632804015392814,-7.254491007020929,-5.697715171773476,-27.31403690803594,-4.984995256504952,0.3963386211607017,1.2048694083285332,0.0
2081.060188,774,8501.438542,774.0,1216.8106281933035,280.3089055032672,301.5120486320264,77.55000000000008,-16.94000000000002,-99.7732843208314,-97.24775312468415,-103.48910021435745,-33.43827934298021,-112.92901184357888,-72.8906932295447,-32.413272636147305,0.24959901685802802,3.8637927809622736,3.0
1178.360488,473,8520.939435,473.0,612.2412473197833,171.74223556458344,179.23983615307867,47.54999999999973,-13.540000000000006,-56.48282583236687,-57.047188641130965,-63.79189663019633,-20.345201213130014,-49.33602225713565,-29.04648940007015,-15.823206668297866,-0.08603527453818531,-0.813893697131233,2.0
2195.819683,793,8554.941738,793.0,1299.7761972968394,282.61941499335353,308.86728118621045,82.35000000000026,-17.790000000000013,-103.15839219093326,-89.50005966871977,-106.26315056687069,-37.41711357712626,-121.33277255795343,-63.676690891577636,-31.655030939313985,-0.16555075101053238,-2.625634911027044,3.0
1109.091875,414,8572.392992,414.0,644.6370156801564,143.32750012855706,160.44383666991848,42.599999999999774,-9.040000000000004,-52.744474680423735,-51.656273990869536,-55.717306974862744,-20.316725366671946,-57.89997864720514,-32.553744388394,-15.987973116253736,0.016979599564539316,0.14059108439438553,1.0
954.725192,358,8587.102625,358.0,578.5115704338724,127.25022633657817,137.64308628972734,35.39999999999984,-9.120000000000003,-44.73454725265503,-47.34995046257976,-49.96042824259762,-16.62505348947024,-68.07398056964169,-31.848923615861654,-14.366807746479774,0.016554316039691794,0.11852890284419326,1.0
2625.289685,1000,8629.250197,1000.0,1404.0654998890798,368.6906429994456,394.36723410038877,110.70000000000134,-29.14000000000004,-126.87213915824887,-119.26613588854684,-134.19692015927788,-45.4725708491676,-90.85204191928008,-68.9111726460309,-37.82271178221164,-0.061961965012454046,-1.239239300249081,4.0
1463.627332,489,8649.738555,489.0,930.061552911307,166.60922277619022,188.5101419197476,53.999999999999666,-11.57000000000001,-63.83861752510077,-53.70923394262793,-68.23231593356417,-22.806567810416958,-90.25587840063083,-32.99429145808558,-21.14668072469901,-0.12303127114730666,-1.2032458318206591,2.0
956.187825,364,8665.23549,364.0,558.4184521597522,127.80766188411339,133.8490458900502,34.49999999999985,-11.080000000000004,-45.9215930700302,-43.594959321618084,-50.394292360205895,-16.218984933197557,-54.30279355771136,-27.550782262578842,-13.323929834809832,-0.18905541645634935,-1.3763234318022233,1.0
1433.829301,587,8686.405567,587.0,747.4882684809304,217.09097983813044,225.62592535583946,56.54999999999964,-18.180000000000025,-72.1599008989334,-75.12966075539597,-80.55174811858474,-29.476354931512212,-57.131451844893654,-46.4572333965368,-20.839523056131345,0.03543562668610354,0.4160142572948556,2.0
1920.46905,700,8709.228391,700.0,1104.3428765010456,254.10944821836136,269.90819498994256,74.54999999999997,-18.91000000000001,-88.81753010272978,-86.7450262844563,-97.44667805462846,-34.14231600023866,-86.33009526205092,-43.96802818818168,-26.08179571615375,-0.05891971620616332,-0.8248760268862865,2.0
1696.043002,680,8731.201509,680.0,885.373245210913,247.71931408201056,261.0249245745303,67.64999999999971,-17.260000000000012,-84.24667949199676,-86.467435722053,-92.94092626674306,-31.873775181688906,-57.32828305860195,-51.21601482791708,-24.39136734545873,-0.2537914513620304,-3.451563738523613,2.0
1210.732285,443,8745.614785,443.0,712.6329201101047,156.8185895853303,169.07781708553313,48.14999999999972,-11.270000000000007,-56.42031609773636,-52.65664297416804,-61.42860166896991,-21.58688708463,-70.45240950175244,-27.95978731331121,-17.17239691519439,-0.23936056752018078,-2.1207346282288015,1.0
1491.761292,586,8764.826354,586.0,822.01920280408,214.93916606645598,226.6922785853157,55.64999999999965,-15.840000000000007,-74.22166574001308,-75.26974408105012,-79.31906714245184,-29.50822156146498,-68.82049808969653,-48.317005976742806,-22.243153077509735,-0.2227929035779805,-2.611132829933932,2.0
603.934728,222,8772.086149,222.0,349.7215048430769,79.93558492068404,82.52102402099094,23.399999999999956,-4.9799999999999995,-28.400446047782893,-27.707483562827125,-30.760652246306165,-11.030336833828507,-25.860011463285172,-16.798572056911745,-8.105883438460102,-0.08060950723554046,-0.35790621212579965,0.0
1237.075343,424,8785.929979,424.0,790.264194633989,147.8027709405518,163.4955302941845,49.04999999999971,-9.790000000000004,-52.95143669366836,-52.769804049283245,-59.20681547458875,-23.63184386817508,-84.98464562496551,-37.71230033135274,-16.490306767304983,-0.278647916576108,-2.3629343325653958,1.0
2088.844959,714,8809.091146,714.0,1323.49905704757,248.97192681373556,277.1606815901242,79.65000000000016,-13.46000000000001,-92.34868554353713,-81.21740361079564,-99.794528928503,-36.25755593179606,-147.54284562902762,-54.41662879919741,-29.39905842835787,-0.25223449455323316,-3.6019085822201697,3.0
505.976154,192,8815.329579,192.0,311.40427406199694,65.52614078517765,72.5232906386752,19.349999999999994,-3.879999999999999,-24.41869183063507,-24.47791048288345,-26.269028577447262,-8.386224467987963,-38.50492011530892,-20.995191955455184,-7.895583644419836,0.8038669931161184,3.0868492535658945,0.0
760.3679,297,8825.060664,297.0,424.6603366671916,104.79972522568535,113.36939879001612,29.549999999999898,-7.540000000000002,-35.918622102737416,-41.116034266352635,-41.51821322873575,-14.166232471641083,-34.67479149890072,-23.796064365530846,-10.281602289010971,-0.0888294313960481,-0.5276468224925257,1.0
96.972589,78,8827.612729,78.0,43.1474021525104,23.042084452396015,25.203075444406966,4.049999999999999,-3.44,-10.494129590988159,-12.110366728901859,-11.877240447101213,-4.594747472828449,-3.1067445976600134,-27.89551241623478,-2.951231884251294,0.19126475256839556,0.2983730140066971,0.0
2934.16513,1000,8860.017234,1000.0,1770.0919015447557,363.84352129191075,394.32583908990193,111.45000000000137,-23.82000000000003,-131.6970344114302,-113.73190118744981,-133.54881640943742,-49.033408785198844,-137.32616033883858,-71.22514273423485,-45.16366790830991,0.06838196367218836,1.3676392734437672,4.0
795.038935,292,8869.565099,292.0,513.7077888964858,96.26927947210172,112.70483107044177,31.34999999999988,-6.060000000000001,-36.838136587142955,-36.970048502832654,-40.06209351114698,-14.95218731929169,-66.89881697279472,-36.85844018399633,-12.353241725278354,5.88294846882126e-05,0.0003435641905791616,1.0
828.898547,290,8878.973223,290.0,544.7209985232689,97.38569376909626,110.8211691119163,32.24999999999987,-7.520000000000005,-36.26866278648376,-38.75368508696555,-41.10966968511914,-14.271614610564658,-66.56978920089358,-30.475045901695246,-11.310847227297726,0.2052978298561331,1.1907274131655718,1.0
1681.155295,650,8900.098639,650.0,924.3204933975161,232.96432472623675,247.06595984884163,61.499999999999595,-17.78000000000002,-81.58414970874784,-77.8673093449325,-88.1936452200807,-29.159632934927814,-61.44853128577782,-56.252136587223276,-22.410077558086712,-0.156968109252375,-2.040585420280875,2.0
1357.772785,524,8917.218913,524.0,746.0228016031491,188.07726355276034,199.83156560002772,55.199999999999655,-12.840000000000014,-64.94878960132596,-61.43393357396121,-71.15328702920847,-24.44879071226325,-60.41382771637953,-41.12386681214788,-18.996350806950055,0.012119138629271702,0.12700857283476744,1.0
2465.079013,1000,8949.705876,1000.0,1226.4790926599924,370.5880217591733,396.0853861049909,100.95000000000097,-29.130000000000035,-128.17661856174476,-120.97169095799325,-128.69001407972024,-47.962337255331335,-68.37336509934444,-68.57555344965357,-37.143907765912004,-0.16183548676364526,-3.236709735272905,4.0
1206.617654,438,8964.019216,438.0,752.6571821042805,153.58905988058825,170.585300420853,44.699999999999754,-11.470000000000011,-57.255963444709714,-52.691878276318356,-60.021094371209074,-20.1945442779716,-89.28123234657917,-42.35109177498833,-19.648083986865778,0.10643316490402346,0.9323545245592455,1.0
1445.939843,582,8983.000791,582.0,759.4060072415319,213.16577080940004,223.99946558947346,61.349999999999596,-15.660000000000018,-72.20877795696262,-74.20729808360339,-79.18420272764817,-27.907445919792195,-54.03370549146489,-48.25799482783304,-22.52197566808929,0.0694790088827312,0.8087356633949913,2.0
711.02193,239,8990.74313,239.0,464.60858022817985,82.84223421811171,91.79678461200669,26.24999999999993,-3.7999999999999985,-30.768168101310742,-28.552237077802413,-33.31933871000442,-11.80785621506726,-57.73071654173329,-16.82944661624138,-10.667906200486627,0.5364926349352505,2.5644347949904973,1.0
1554.77287,637,9011.465697,637.0,801.0117828513598,226.71022501292018,247.25900458506794,61.649999999999594,-16.07000000000001,-79.2922737455368,-83.00211348459135,-84.5421137095123,-28.5353030830021,-51.32723348643703,-53.98880540349327,-22.100299217963688,-0.0019445261985514175,-0.02477326376954506,3.0
217.205765,130,9015.677023,130.0,89.31948835268224,42.67217993076605,47.72506637869181,8.250000000000009,-4.18,-16.433766231536865,-19.591212918981913,-17.77856432147444,-6.058920954543408,-3.575335039833871,-28.42778731043446,-4.715382559291466,0.44788560710192676,1.1645025784650096,0.0
285.321791,168,9021.179501,168.0,86.72154278945746,60.68640214903244,63.71389781941321,9.300000000000011,-5.650000000000003,-22.33108207702637,-22.056833059340715,-21.029918706520178,-7.02726456370506,-3.8788211061069275,-16.372977954498406,-4.753154261544016,0.05631558569246093,0.18922036792666871,0.0
2098.708935,838,9048.339163,838.0,1095.096823266403,305.5117975275582,321.2464405804075,85.8000000000004,-22.910000000000036,-104.07687960147864,-101.38711738772687,-112.55312364611231,-39.32937352911827,-74.6865702145309,-61.183001941312895,-30.820060397213414,-0.020575851761665348,-0.34485127552551126,3.0
327.470529,128,9052.52139,128.0,192.2317672767883,40.22758880488103,47.15354758766753,13.20000000000002,-2.4199999999999995,-15.00617332696914,-19.86453080400825,-17.197990656306967,-6.609536429715458,-17.26423134021114,-10.15616694477286,-4.823745267811394,0.13163515207170876,0.33698598930357443,0.0
1845.366664,630,9073.148588,630.0,1145.7106510181443,229.84919876663656,246.95948408910385,67.3499999999997,-17.830000000000013,-79.88482267856604,-79.547633613646,-85.34618074146566,-34.537204026462966,-101.48765038477472,-49.302889596831214,-26.56628901005344,-0.3304745633644471,-4.163979498392033,2.0
2658.3604,1000,9105.682841,1000.0,1448.7835948521579,366.3059614380059,391.1877490845125,104.10000000000109,-24.010000000000026,-127.88988210201259,-116.27593185156584,-134.69249130021024,-44.998684432940664,-91.64081769506369,-74.46273191274425,-38.04636641504099,0.11115084730499487,2.2230169460998974,5.0
219.294311,186,9111.746123,186.0,24.342567543517077,66.88361131247738,70.05166860186432,8.85000000000001,-5.240000000000001,-24.97681839466093,-27.062719161808502,-24.01268295227306,-8.238454308901527,-11.274140997860306,-29.814939416924368,-6.213781185456047,0.11649108009544322,0.4333468179550488,0.0
1068.628396,394,9124.611648,394.0,649.4028320500263,141.45150322133605,152.86581687914347,42.599999999999774,-10.140000000000004,-49.6783733558655,-48.824503368884315,-55.425616125599596,-19.945121460693137,-77.53131017340785,-34.904208827213935,-15.242622378852653,-0.5472219297738419,-4.312108806617874,2.0
1566.435214,593,9143.799052,593.0,882.1953896274863,212.50636168867828,229.1521106228312,60.14999999999961,-16.670000000000012,-74.23178094863887,-69.91913577802478,-80.3730463285553,-29.24758643115642,-82.17398668222889,-35.00861238350748,-22.94449914535597,-0.13492511453347386,-1.600211858367,2.0
322.131909,127,9147.908577,127.0,203.62067689306832,43.086175925324454,46.77710325846851,13.05000000000002,-1.98,-15.183122291564942,-20.468647606670856,-18.309853265027446,-5.7334241622999045,-29.347485682381652,-14.88676785280347,-5.492746071785866,0.5118698084284241,1.3001493134081974,0.0
1279.079841,550,9165.791272,550.0,629.7937396390377,196.41309624646652,212.8726662682453,53.24999999999967,-13.25000000000001,-71.21474706172943,-66.76936514526604,-72.3716679455664,-24.573327429977578,-36.81519335598319,-56.84618793214487,-21.409172644372813,-0.012041101687689716,-0.13245211856458688,2.0
2244.3103,857,9193.624536,857.0,1256.6838085049717,302.57185588037424,332.7909697708552,91.0500000000006,-20.59000000000002,-107.58838255882269,-102.05873961448668,-117.22950278689575,-43.735547557308486,-105.4844574281373,-65.71613253354151,-33.38357198436205,0.04916504221682736,0.8426888235964209,3.0
342.017789,114,9197.292006,114.0,239.95024237987434,37.405677034115655,41.271525725399535,12.60000000000002,-3.08,-13.853160891532902,-15.684140154719353,-16.672396648422303,-6.0114303439125445,-32.47668630914617,-11.270773109773437,-4.161068509481209,1.0850589096581191,2.473934314020512,0.0
1379.204756,490,9213.218905,490.0,834.7503298654786,173.29463198751168,191.55716082008968,52.49999999999968,-12.830000000000014,-63.27937998294838,-61.4507167518139,-67.4102700471375,-25.5780997009007,-72.97031942413966,-37.273370755295325,-22.10520955489706,-0.25177178188937405,-2.467363462515866,2.0
1055.14979,459,9228.212632,459.0,522.47918707786,167.6150290080272,178.09645515647287,39.449999999999804,-14.060000000000013,-57.0116618680954,-58.606159156933494,-61.90006022097505,-22.82875218598946,-34.67712362539288,-45.39459312686439,-17.012531234852638,0.22292908432231884,2.046488994078887,2.0
2677.817591,1000,9260.719883,1000.0,1463.557746741376,370.13097063215525,391.9672228104034,102.15000000000101,-27.270000000000028,-126.17212014675128,-115.55049332901822,-137.40904909612667,-48.31253240427174,-96.62376267500785,-58.30246697677303,-40.34792428080879,0.12213298705581954,2.442659741116391,4.0
2625.521707,1000,9293.252706,1000.0,1390.7020937339241,370.67847105438904,393.15912392059386,104.2500000000011,-27.910000000000014,-126.97370045661933,-114.84954530745739,-135.16405901641153,-49.74940285314548,-86.18778637682011,-54.55866334572144,-37.87482420114676,-0.25268914764657263,-5.053782952931453,3.0
871.465996,307,9303.321936,307.0,531.6672814006122,108.56142271477579,117.17751803196325,31.49999999999988,-7.690000000000001,-39.209932999610885,-36.34088834375143,-43.91061323527263,-15.090129101764413,-49.89823588548707,-20.407455688346378,-11.892970772754785,-0.04274268499746408,-0.26244008588442946,1.0
781.187523,299,9313.033536,299.0,466.1590582202715,105.4222787640183,113.34627735030814,28.049999999999912,-8.680000000000003,-37.85023187637327,-38.504872311651674,-40.625103810184356,-14.788701941653635,-51.12237676106632,-27.19474138163142,-12.024063547537386,-0.5503929910445164,-3.291350086446209,1.0
627.160708,230,9320.558363,230.0,385.45724027189345,76.3570830860254,85.68442843485256,23.09999999999996,-4.78,-28.325993275642396,-28.55055426433683,-33.68312546958936,-12.104354943594073,-38.29776182879952,-18.846127185503946,-8.850126864712587,0.26835980358162526,1.2344550964754764,0.0
2708.559151,963,9351.777937,963.0,1603.9073903163128,347.34996240879,375.1744799971294,105.45000000000114,-25.230000000000032,-123.67791282653796,-110.12088677324343,-135.73165880055643,-50.81347668186288,-139.73320677122135,-62.6460951804723,-38.36944441420164,0.2080152912354759,4.0063745091952665,3.0
423.276562,158,9356.937001,158.0,289.01476723121266,51.24046226604916,58.93370501240831,15.300000000000026,-4.83,-19.855050997734065,-20.649954599142074,-21.98575389448743,-7.5041637106340895,-45.69390985931981,-22.9531037596997,-5.740435971305394,0.45471218621491744,1.4368905084391392,1.0
483.248329,180,9362.75665,180.0,306.64963097876796,60.60273142211486,66.52665928869331,18.6,-4.94,-22.410987286567693,-22.119509826600567,-26.26546539965884,-8.672911993252587,-38.92950704282647,-18.23955758200298,-7.552754011320969,0.4269193975959237,1.5369098313453253,0.0
625.471596,248,9370.72342,248.0,337.24710548493437,86.59650209617452,94.01374982585077,26.849999999999923,-5.73,-29.935521197319026,-35.79828403294085,-35.314518758225915,-13.70599214405282,-21.363459222326103,-15.997105424045165,-9.390880550510197,0.2312008822510158,1.1467563759650383,1.0
2232.762065,771,9395.550424,771.0,1379.4551583187585,275.7848543797113,297.3338621794593,82.95000000000029,-18.880000000000017,-98.14357253074631,-91.26123355738828,-109.32591035988538,-39.637755797784784,-127.01388711889389,-56.08798462432782,-33.41146624631686,-0.0926278903398824,-1.4283220690409866,3.0
714.619307,290,9404.8533,290.0,403.89255800001325,98.91286529437569,113.81108152823175,27.749999999999915,-8.660000000000005,-37.819747161865216,-34.844952188804754,-39.90079705579198,-14.646706548390057,-31.523460237112545,-39.3134339227732,-13.038101109407453,-0.05885539467319264,-0.3413612891045173,1.0
1215.397929,406,9418.069546,406.0,781.2213773901899,142.14595211462353,155.4714605301976,45.29999999999975,-7.740000000000002,-50.93817649841311,-45.5511821337044,-57.20731067059958,-20.56331693719003,-87.48902612413515,-28.37385636197778,-16.877991862940878,-0.4984814588553913,-4.047669445905778,2.0
1619.760177,585,9437.033828,585.0,931.1401593280199,212.17904086136886,223.0890068231983,61.0499999999996,-15.570000000000013,-72.7812923145295,-67.81864376254383,-82.24660327566444,-31.226144269578448,-67.14963837332694,-33.46716633693806,-22.438541692316665,-0.3716355974025125,-4.348136489609397,2.0
2579.064415,887,9466.077888,887.0,1567.4054900812462,315.91939578915895,346.4397841987734,101.25000000000098,-21.53000000000003,-114.59970570564282,-100.12878040112537,-123.48024510121326,-44.623647907201914,-133.85370738775688,-62.5533094342442,-38.180859406933784,0.14275834324988054,2.532533009252881,4.0
243.970503,136,9470.539147,136.0,92.55159557907672,47.778461997803305,49.6533666328705,9.300000000000011,-3.5899999999999994,-16.088973689079275,-20.095308924466366,-19.07998932769248,-5.735658261086729,-7.268012651942196,-15.600001678167166,-3.854976687600137,0.3664832297438272,0.99683438490321,0.0
1672.924047,670,9492.287475,670.0,876.8750244941009,242.7522943866821,259.72178169838526,67.19999999999969,-19.100000000000026,-84.29534902572644,-82.65606529712679,-93.30147357175076,-32.285725054958476,-53.27143823964979,-51.675950445920634,-27.039052180600656,-0.045575385562420835,-0.6107101665364392,3.0
857.030698,311,9502.370204,311.0,533.3614911682083,106.0687311070311,119.74950757901208,34.79999999999985,-7.500000000000002,-40.055476946830744,-37.767805403470994,-42.904469988207545,-15.156673147853677,-65.94774355053931,-25.35933496585123,-13.257528169868927,0.29248273877579756,1.8192426351854607,1.0
1730.90279,623,9522.756039,623.0,1028.8811601695447,221.81746542096926,240.59437595427022,69.44999999999978,-15.860000000000008,-78.72520207881924,-72.39774974286557,-88.11971651521229,-31.529995970205707,-85.74147692259321,-54.92074880764045,-25.545321487390847,-0.11594678240475986,-1.444696908763308,2.0
786.48025,288,9532.146206,288.0,458.4758075685238,100.98371894309227,111.73399950454755,30.899999999999885,-7.720000000000003,-37.23758552074431,-35.55486509352923,-40.638401657624804,-13.7688528429754,-35.76888494032901,-20.51282693163036,-12.411859022330312,0.2810989153528293,1.6191297524322967,1.0
780.304561,287,9541.533107,287.0,504.48008805523745,95.30485040722945,111.39434912340384,29.099999999999902,-5.9600000000000035,-36.94361676216126,-36.36847911402583,-39.88506150694111,-16.100421617050422,-72.08640223245531,-26.321491609253403,-13.309253522306788,-0.654107632897814,-3.754577812833453,1.0
1862.314308,728,9565.171292,728.0,1022.7627143287665,261.61102435262364,284.418113576804,75.45,-22.270000000000024,-91.680089673996,-89.3214398991315,-100.81008284597543,-35.73637390680935,-81.46772936739463,-59.90663894767187,-28.735190057780702,-0.11686784133928994,-1.7015957699000617,3.0
2393.998925,944,9595.979772,944.0,1271.5857990325194,343.8905411380491,368.1719103478305,90.45000000000057,-28.290000000000028,-117.06617722988126,-107.27885074038065,-131.61992183660493,-44.37093323157858,-96.41590833318615,-64.40100673599437,-34.65652750161495,0.12868794263936548,2.42962835703122,3.0
684.316391,223,9603.230394,223.0,474.3344804106102,75.03820793951161,84.85872825425247,25.499999999999936,-4.549999999999999,-28.132842822074913,-25.981737241148938,-32.50383724704016,-10.893365601854478,-65.15754160898348,-22.220186913836628,-8.975513739162677,0.7610174251648751,3.394137716235343,1.0
546.704982,182,9609.148471,182.0,385.8908228676935,59.05629679211215,69.7393265978185,19.94999999999999,-3.7299999999999986,-24.357000532150266,-23.59061093181372,-25.604884454391513,-8.918936436022797,-57.87267810864503,-16.621792022282335,-9.235561633481725,0.7158250897951202,2.6056033268542373,0.0
1731.310687,694,9631.63044,694.0,908.083475724021,254.0294419343498,267.8583155774903,68.99999999999976,-17.85000000000002,-87.99161736965168,-83.5603007867933,-96.83615241137808,-33.80360033229018,-52.540381697748366,-61.60741300987924,-27.471080508718167,0.011719076709990952,0.1626607847346744,3.0
335.538966,130,9635.895203,130.0,215.74682542197223,44.1497863663329,48.44709761838048,14.250000000000023,-2.72,-16.074873957633976,-16.546520981192582,-19.260740128534927,-6.94682294503288,-39.68127858715447,-11.15760847527926,-4.666898145383647,0.6769362405208922,1.7600342253543197,0.0
316.417829,247,9643.959805,247.0,57.34412135095012,91.48104481560347,93.27816297630108,10.500000000000014,-8.290000000000003,-31.513836507797215,-34.00689852833747,-31.664219767793472,-11.632759600368942,-11.126117407582338,-47.24833170998,-7.70333705766167,0.06740562880999987,0.33298380632139934,1.0
512.907668,192,9650.179714,192.0,328.77503018914524,64.4705752000242,73.31954126425958,21.299999999999976,-4.9300000000000015,-24.09889847278594,-25.657737078517663,-27.04781326605131,-9.518122044788196,-50.31820718909918,-17.71896573386785,-7.6677348054435335,0.5026096314467089,1.9300209847553622,0.0
1005.893189,359,9661.877974,359.0,625.1705817852151,123.91920957498324,138.42330341967383,35.99999999999984,-9.140000000000004,-46.56613443374633,-42.166606684029084,-48.868179303855385,-19.195038442577342,-69.37595629455824,-26.682790962598403,-14.625199680762604,-0.11195268815308451,-0.8038203009391468,1.0
588.276582,229,9669.324231,229.0,330.4942233132048,78.97862372006057,84.22078862011125,23.09999999999996,-5.580000000000001,-28.98853324890137,-26.51950588673355,-31.07787104043266,-11.081552003148268,-19.67254618903019,-26.029231312263477,-8.567813598639432,0.35354231902928257,1.6192238211541141,1.0
1123.555446,479,9684.9382,479.0,591.9638928550497,171.06016483189345,182.14697004351493,43.34999999999977,-10.53000000000001,-63.857303524017276,-57.32193170040844,-65.56870474903019,-22.619258607023074,-46.85491414171701,-57.28232828167525,-19.931140840482342,-0.1839869160176901,-1.7625946554494711,2.0
2203.70171,771,9710.024087,771.0,1306.5184065764263,275.1509873526252,295.15157653658974,84.30000000000034,-17.60000000000002,-99.88304464817054,-83.18082595393061,-107.16367457148576,-36.44792899418882,-109.07797939227433,-45.142774478306904,-29.92303209336084,-0.050837074344850686,-0.7839076863975976,3.0
149.211371,73,9712.412311,73.0,78.90752551994522,22.766207078296702,21.883091322900004,4.950000000000001,-3.21,-9.487788586616517,-9.902913856506341,-10.684505558585922,-4.361573834134566,-3.5070433183115206,-8.705847709847156,-2.4357799041600026,0.47913862623136294,0.6995423942977899,0.0
768.409956,270,9721.153601,270.0,494.9417044388553,89.1120091351783,102.09340025529693,29.849999999999895,-6.230000000000002,-34.760109333992006,-32.369164398126294,-38.23141274074202,-13.218243192260209,-61.07614311900649,-21.221035964542317,-10.481048760458956,0.8622389572075676,4.656090368920865,1.0
519.602969,179,9726.963735,179.0,346.6531225794606,60.78816044413082,66.08096253679561,16.50000000000002,-5.059999999999999,-22.7018103170395,-20.84065629132092,-24.68811964750787,-7.974169048966722,-44.81766408204895,-15.651144448651443,-7.685712299054645,0.6626573135402252,2.3723131824740062,0.0
2756.455142,1000,9759.29154,1000.0,1544.256500033936,363.52863704195687,389.82293320900266,109.5000000000013,-22.210000000000026,-129.65451101303105,-110.03312881290921,-135.10128847240898,-47.62243574726846,-105.05846011508153,-60.47799762886115,-40.49510677938205,0.09924185812729872,1.9848371625459742,4.0
2648.698523,1000,9791.744068,1000.0,1448.5966975633921,363.00897314967943,395.00725449942286,100.20000000000094,-24.850000000000023,-128.7160168981554,-114.02432040572172,-132.0314131024657,-48.59830516148755,-93.22597643877121,-75.19480018292329,-41.47356952417456,-0.029619753119568448,-0.592395062391369,4.0
578.232626,189,9797.908816,189.0,386.07272279213163,61.616427085046126,70.53544991759131,22.04999999999997,-3.8199999999999985,-25.108332939147942,-20.685747511684895,-27.763251059584,-9.505118407078355,-45.23358372928665,-10.899336460847444,-8.026603470547007,0.8518860365972609,3.2201292183376466,1.0
2456.550462,855,9825.784983,855.0,1462.2057373093392,305.45112439135397,329.1702127798484,96.00000000000078,-17.58000000000002,-110.67927776813501,-91.58945774212482,-119.26256718155736,-41.215338822735525,-123.09437568572947,-50.85121215535599,-37.0043829048706,-0.3123691384277664,-5.3415122671148065,3.0
175.387435,142,9830.433819,142.0,30.603060938037924,46.32051230584623,54.280054621132656,6.600000000000005,-3.7299999999999995,-18.884247150421135,-17.990382554754607,-17.667910864559076,-5.846550315045209,-6.970515580007807,-29.724163879054633,-3.602422082785462,0.2800896049605807,0.7954544780880491,0.0
1427.678202,565,9848.829271,565.0,797.4422242286779,199.06130431782887,220.91006183249945,55.34999999999965,-17.050000000000022,-71.56141888618477,-65.16365627944474,-75.90975554909795,-27.866479453364576,-88.40028983252341,-42.21932755405838,-21.914460411736723,-0.17216091775257675,-1.9454183706041173,2.0
1203.399308,431,9862.868885,431.0,706.1324305550654,150.32241543474626,165.7117153619898,48.44999999999972,-9.810000000000004,-53.74550416469571,-50.25146133229134,-60.4440099402224,-20.68514911128292,-62.625066444620984,-23.829294309058447,-16.826767617019485,-0.21809339289596524,-1.8799650467632205,2.0
569.981665,202,9869.400391,202.0,371.3659139882907,67.50124971256996,77.43676213321562,19.499999999999993,-4.56,-25.57122651576997,-24.78455526083709,-28.680871853326288,-9.804252784731434,-48.01076834645971,-16.913869223428712,-9.496716654081874,0.8189069821416463,3.3083842078522507,1.0
2641.529541,992,9901.671154,992.0,1497.8791202521656,351.6815406489962,386.5186527249126,104.5500000000011,-25.59000000000003,-127.2707440948486,-111.18328006267542,-134.24409785562284,-48.40478390243076,-121.68538094872352,-80.5870963990507,-42.134389292299815,0.018952714279668416,0.37602185130862137,5.0
733.332941,270,9910.51517,270.0,448.96228781490163,92.40957434022347,102.11642185011402,27.449999999999918,-6.780000000000003,-34.053881373405474,-31.734595455229282,-38.511162540564534,-12.276881943850025,-55.034203809188625,-18.676865888105887,-10.537751637488315,0.7090761616842961,3.8290112730951993,1.0
2124.615983,772,9935.425165,772.0,1235.8180906254865,277.1759421292088,299.6310929046445,84.30000000000034,-18.990000000000027,-98.73611891746513,-90.34900781139727,-105.50932206045124,-39.01612954951156,-91.78115994811792,-66.81052017669818,-33.11688450639781,0.06114505741111563,0.9440796864276253,3.0
389.42889,146,9940.117613,146.0,254.22962528478257,48.327730514195366,54.24167866451244,15.750000000000027,-2.559999999999999,-17.679794373512266,-19.094937382638452,-20.722393378915665,-7.524614303515575,-37.10948572857866,-18.463935156571008,-5.964984264599555,0.10294892621382404,0.3006108645443662,0.0
1895.473034,772,9965.141484,772.0,962.4721087259788,278.1875605780304,294.49778602604744,72.8999999999999,-20.940000000000026,-96.50527167320257,-88.54366811588403,-105.37437842064158,-36.53345835950628,-56.76471476070132,-49.509761744194066,-30.413167795776644,0.11615065511481178,1.7933661149726938,3.0
246.305243,120,9969.061102,120.0,115.96728624706519,41.02840567593869,43.26198076234545,9.600000000000012,-3.35,-15.25191491127014,-17.457304914295666,-17.074018372994715,-5.745450252482531,-10.768658076399857,-9.728512407115055,-4.176570476067209,0.427204847561102,1.0252916341466447,0.0
1360.653216,462,9984.102499,462.0,875.2246140007569,157.67836485595507,177.73996366117348,48.59999999999972,-13.630000000000013,-60.30593765258791,-52.8860421907157,-63.65225086867389,-23.964016839947583,-88.44834140276616,-36.730071654817166,-20.973066227269083,-0.3840844266722594,-3.548940102451677,2.0
1698.020298,576,10002.846765,576.0,1064.5295494243287,202.05638284457407,223.28258118968088,65.09999999999961,-12.420000000000009,-76.29253503799447,-65.32033331915741,-78.16407228097269,-29.617234091563553,-100.16298460487128,-44.57559297701178,-26.39546357243903,0.030710416836189535,0.35378400195290344,2.0
1506.400576,506,10019.295546,506.0,963.1883191353825,177.6717657238296,196.56662079789447,54.74999999999966,-13.340000000000009,-66.25631395816798,-61.07400048822157,-68.99591318726002,-25.613115331464943,-97.92074776624624,-35.64540655342375,-22.930632770074443,-0.1926681824755171,-1.949802006652233,2.0
1605.211097,624,10039.675061,624.0,861.6320732817146,225.82598196390205,239.1260263346961,66.74999999999967,-17.110000000000014,-76.14149600505834,-74.05843815654515,-85.21307466597011,-29.267807888428454,-66.4353888558392,-41.54682472013362,-22.349954312770695,-0.26822640585006363,-3.3474655450087942,2.0
552.754222,194,10045.975822,194.0,357.0306059964556,65.04198012001494,72.1744071582752,20.99999999999998,-4.829999999999999,-24.499074311256408,-24.365288886427862,-27.814127504644222,-8.539650994168579,-43.06347828931287,-15.584248913562362,-7.796902400077461,0.7360020370565997,2.855687903779607,1.0
873.864912,460,10060.786048,460.0,323.9467391225115,171.03788078919044,177.79542279007748,34.049999999999855,-13.290000000000012,-58.99871549129485,-57.256018739193735,-60.69444243108608,-21.44216445763676,-15.895157085139193,-50.28690301745321,-15.10172953729556,0.04496490995573474,0.41367717159275963,2.0
2846.015712,1000,10095.641271,1000.0,1649.3231990011943,367.3306985809543,391.39111588176996,109.05000000000128,-19.960000000000015,-129.07142998218555,-108.30666216760868,-135.29135763597003,-47.437451750202115,-121.17371753664237,-67.3135667335623,-42.52511524788433,-0.3131213025520701,-6.262426051041402,4.0
537.642668,196,10102.038546,196.0,358.10112453163504,65.8211425977612,74.35956337459463,18.150000000000006,-5.820000000000001,-25.39222081184386,-25.79819797612728,-28.412247009842048,-9.992553285164147,-55.000570256862964,-15.775191819356955,-8.598181484914239,0.5438629135407586,2.1319426210797734,0.0
531.510496,209,10108.818585,209.0,316.57453860696427,73.57983549973527,80.02585768166334,19.199999999999996,-5.18,-26.245156369209276,-27.329864724725482,-28.91676296222232,-9.052157372678,-41.11886723057198,-21.315292224837115,-7.711635398669991,-0.14810648164627235,-0.6190850932814184,0.0
2760.160281,1000,10141.546252,1000.0,1573.0008018525787,360.4146182675938,390.42052862238273,102.60000000000103,-24.740000000000027,-130.8808805465698,-108.77387661337849,-133.9442996563771,-47.54868882551703,-108.67106925983462,-68.34617713469973,-43.37067598061773,0.17183663933061494,3.436732786612299,4.0
2671.762238,968,10174.604803,968.0,1519.0214433481417,354.38378774275014,371.0383266355843,106.35000000000117,-24.98000000000004,-119.27897406578063,-109.9254709575325,-131.5901474813004,-47.33019869098544,-115.22193028069783,-61.35389451340242,-37.350703540439085,0.0500958539222825,0.9698557319353892,4.0
2985.409066,1000,10207.869676,1000.0,1787.3711567061332,366.8382661554261,386.59916761413876,114.60000000000149,-23.150000000000013,-127.58886201381686,-104.4181251592934,-137.51261711852325,-50.23716900452398,-130.6408606636824,-54.91402793733877,-41.53786255493038,-0.09626733878661489,-1.9253467757322977,4.0
1566.168873,579,10226.717484,579.0,869.6284531343344,210.3971433197217,220.90972029028123,64.04999999999957,-13.97000000000001,-72.04766380310049,-65.51269637383523,-79.19157783668481,-29.331000960301722,-61.30817819706717,-35.61206215936704,-20.84326401216753,-0.042901191135800286,-0.49679579335256735,2.0
659.008051,262,10235.307115,262.0,368.5627507871173,90.93137964343505,99.1548234115848,26.849999999999923,-6.700000000000003,-32.67293882846832,-31.762806461751467,-36.77123088944133,-10.492824801972233,-35.712796874180455,-23.9178216934421,-10.460483096992883,-0.361576595109774,-1.8946613583752159,1.0
447.137938,223,10242.607648,223.0,181.9311068650389,81.81911059200011,82.16889960386371,17.85000000000001,-6.6700000000000035,-28.27840936660767,-25.88837530463934,-30.071697681926278,-10.729561431112236,-7.549469742728174,-22.693040727863274,-7.750625114122006,0.15785083505862219,0.704014724361455,1.0
360.795169,235,10250.292251,235.0,105.29697627926325,84.45464902007862,88.57871926076535,15.150000000000025,-7.2500000000000036,-30.9845427083969,-30.60883716419341,-30.781946818611285,-11.675660074272566,-17.999184046974662,-29.560147299775778,-8.82485712846424,0.28802571274286953,1.3537208498914868,0.0
462.685777,242,10258.135312,242.0,188.31202179719992,88.00335704010715,92.3625974329758,18.9,-8.110000000000005,-31.457014160156245,-32.946614202111945,-32.34817920330347,-11.892542072304357,-10.818333266006505,-30.579076142046567,-8.740440598042689,-0.031447188860348745,-0.15220439408408792,0.0
1764.252421,693,10280.683391,693.0,944.5884069468386,250.09712689677065,264.114953804971,66.44999999999966,-16.270000000000014,-86.2346725273132,-72.6621176719666,-93.83922331837043,-35.32343741719903,-77.51071976962884,-47.332682117580184,-24.825214150428742,-0.03333354172604545,-0.4620028883229899,3.0
668.816122,225,10287.929364,225.0,451.20198199359066,75.7298305172198,86.21843720573665,25.799999999999933,-5.6000000000000005,-28.542662091255195,-26.02106420099737,-30.952684556990185,-10.581843082835622,-59.55042792611293,-24.040349655455174,-9.84509645830921,0.8650042189625449,3.892518985331452,1.0
1638.03791,600,10307.353743,600.0,935.080120931863,214.89544971679123,232.8617267339146,64.7999999999996,-16.02000000000002,-75.42898028373708,-67.62288240343341,-80.83625824779456,-27.5891190526514,-76.20482784295662,-39.73015655121106,-26.167163205086965,0.06953151718605685,0.8343782062326822,3.0
1803.94103,635,10327.957093,635.0,1067.13284094242,224.62558999633606,241.84458762626554,68.39999999999974,-14.010000000000007,-79.16953710556027,-66.8255360521376,-86.32043820299893,-32.42160512206651,-92.59962173591781,-37.28997204389895,-24.425278070616983,-0.10306437162804633,-1.3089175196761884,3.0
827.667871,295,10337.490824,295.0,522.4937025094607,101.65119390415973,113.3251182666148,31.949999999999875,-7.040000000000002,-38.11999874114987,-35.08728342577817,-41.63784668429789,-14.7763384864941,-67.72246272809444,-20.41530618438518,-11.952907317301564,-0.17993105259736034,-1.061593210324426,1.0
791.456116,304,10347.376581,304.0,458.1738208425453,104.10166458607539,117.2981186369609,28.19999999999991,-7.290000000000003,-39.2378559446335,-35.41193936765191,-42.153869239221656,-15.601729869205695,-42.30839761531954,-25.951109874882864,-12.36258598351656,0.307220962842375,1.86790345408164,1.0
327.5109,125,10351.426374,125.0,216.1348989194717,37.8851699592231,46.65932285345764,12.450000000000019,-2.6799999999999997,-15.643431675434114,-15.818377756327385,-17.27832196962503,-7.242348895394362,-36.23171487117109,-10.913774976058386,-4.810522005405478,0.7890377684250179,1.9725944210625448,0.0
463.475681,229,10358.8433,229.0,219.2719644310793,80.75534699388754,84.4985343293107,18.000000000000007,-5.520000000000001,-29.248730783462506,-36.57666242793203,-32.094565690560685,-11.435677248699712,-12.614648348086867,-31.54290372364952,-9.016976825572284,0.12692506502868794,0.5813167978313908,1.0
839.840359,312,10369.017266,312.0,508.85496598902176,107.3404781216791,118.31808534540515,30.29999999999989,-6.8900000000000015,-38.84503528594968,-35.549388629570586,-43.79104274768178,-15.018231992030135,-59.14948212233666,-25.315728688836835,-12.414260898572605,-0.22976034163632086,-1.4337045318106423,1.0
1231.103042,481,10384.646936,481.0,696.819121451892,170.01630181718804,183.62691920560903,49.04999999999971,-10.720000000000006,-60.62366080760952,-55.0874625347555,-65.60843949356715,-24.06336750549364,-72.64548916947811,-42.108479931241504,-18.552400704919076,-0.021965755562877064,-0.2113105685148774,2.0
1273.693528,502,10400.905104,502.0,718.3961072491479,179.56443275807956,194.1105652667391,48.44999999999972,-14.550000000000018,-62.314103789329494,-62.06594413816931,-68.49706468001817,-20.96359515846157,-80.55189678401781,-39.449802574165105,-20.435170124514492,-0.36940952203894106,-3.708871601270969,1.0
1219.16174,452,10415.5477,452.0,678.0042956031753,163.6935345757139,174.36489384513547,49.19999999999971,-11.330000000000007,-57.20045093297961,-53.53903966546061,-61.88404696206849,-20.20958683202414,-47.267483222246526,-27.39468269292058,-19.27569348990761,0.3924750796818025,3.547974720323495,1.0
2012.933503,817,10442.322459,817.0,1028.3532908985592,299.6771928760523,312.66704171314234,81.75000000000024,-21.710000000000008,-99.79672022819517,-89.63485448509451,-111.11258157045602,-34.94397193284509,-83.85607793015019,-56.55927160197758,-28.900545065812732,0.1391739312282182,2.274102036269085,2.0
2730.701753,1000,10474.877697,1000.0,1537.8652432341516,364.30359947595406,393.4496461537753,106.80000000000119,-23.390000000000025,-125.8483432722092,-113.4191339567302,-134.59465574733252,-47.8479660797314,-116.04896133533126,-69.43648222480945,-41.13119338437631,-0.028697280817665965,-0.5739456163533193,3.0
477.768731,239,10482.663344,239.0,189.94205574729864,87.26219677875959,88.0469821947727,17.55000000000001,-6.240000000000002,-29.659179410934435,-29.90440284274519,-32.13270666187587,-10.232559494032673,-9.697776248223114,-17.34636764154941,-8.819511726372102,0.38899365094943084,1.8593896515382795,1.0
1064.580554,420,10496.33687,420.0,560.7177286495194,155.93213218447653,160.44504059562368,41.549999999999784,-13.140000000000015,-52.41405485630038,-49.914794357121,-56.96657738038089,-19.12263549513065,-33.894658604450484,-31.941964610165087,-16.66966214155108,-0.34647048128074237,-2.910352042758236,2.0
271.970145,152,10501.300161,152.0,97.89439537634713,55.30838657482524,56.77517302370995,11.850000000000017,-4.599999999999999,-20.339070487022394,-25.827940472960478,-21.67728580274862,-6.709673087332642,-3.9337900671944834,-13.398827202353353,-5.371222678766865,0.0857331652690272,0.2606288224178427,0.0
1736.32995,664,10522.850376,664.0,962.3443865427008,240.60857371046103,259.3114294461124,70.94999999999983,-19.510000000000012,-84.08310362815855,-76.74246890991924,-88.76110865243243,-32.04922025906423,-83.37861514576699,-48.01226735096302,-28.347655853865664,-0.04960530378657503,-0.6587584342857165,2.0
926.087987,345,10534.058944,345.0,539.1161081043638,125.55907242180604,130.69203910466882,36.59999999999983,-9.950000000000005,-43.040963411331184,-40.58224037922921,-46.22453024083006,-16.722488825917267,-47.369676704288366,-33.997947359069705,-12.99138605225058,0.20413287254822873,1.4085168205827783,1.0
2203.183822,856,10561.868992,856.0,1192.489741473185,312.1533452794843,325.3489358124482,87.15000000000045,-19.590000000000025,-105.27042569637293,-90.98296977877615,-119.04101057278396,-40.094302026545435,-89.66522190893035,-74.0740695724172,-31.24020134187629,0.2159692168145535,3.697392991865156,4.0
2642.634896,1000,10594.316916,1000.0,1402.7966671905085,368.6894390720043,391.0595152087688,109.20000000000128,-24.460000000000022,-126.10508684158324,-106.15950619280319,-136.10084938243287,-46.065515198045716,-88.06276049296883,-61.50342639709651,-40.65358130201566,-0.1901743284490027,-3.803486568980054,4.0
397.585537,223,10601.557848,223.0,166.0855314546406,81.59090986205076,82.44705911675325,18.75,-7.330000000000004,-28.579547138214114,-36.25501590818169,-31.487009710249712,-11.437754038896262,-16.44963955039517,-34.247621504779985,-8.501375252348332,0.3009309446018203,1.3421520129241185,1.0
2122.131486,686,10623.908633,686.0,1380.4422614724174,240.58433196642187,266.2360608110452,76.20000000000003,-13.430000000000016,-90.85108809471147,-71.706681535393,-95.67319288113475,-35.131657249665075,-144.4919542102882,-46.426090876478845,-29.620503580804638,0.0017192919153555322,0.023588685078677903,2.0
2234.704444,804,10650.054583,804.0,1278.1648630120535,291.881210476622,312.40241400382644,90.30000000000057,-19.560000000000027,-100.84783106327056,-86.40152943432334,-111.07212888361053,-37.83379051558724,-107.77617749566767,-47.25291597900865,-31.299670381855595,0.04141393634284054,0.665936096392876,4.0
613.382219,221,10657.215088,221.0,407.8957429533531,73.49713255656836,83.98141017403766,23.249999999999957,-3.809999999999999,-27.943344631195064,-27.774188500642747,-30.850630390528046,-10.48710884110257,-65.75666067459808,-20.63347191521353,-8.986661876292633,0.48223481743920027,2.1314778930812652,1.0
2359.783652,864,10685.878891,864.0,1367.9974375922666,308.994906650238,335.72606515548654,91.50000000000061,-18.820000000000018,-110.56793666839587,-98.1240237124263,-117.39533421460625,-39.408569346282825,-123.49212836052168,-63.67657084127289,-36.95019434645314,0.06470304336614716,1.118068589367023,4.0
1811.197779,766,10710.75404,766.0,857.5556940200572,282.4419356953587,290.2520811096158,74.09999999999995,-17.99000000000002,-94.72978243827822,-84.69124458879232,-104.59685934075506,-33.75378930129463,-45.48448963949652,-52.0371703978198,-25.868596338714525,-0.04334068570172713,-0.6639793049504596,2.0
2636.090916,1000,10743.533131,1000.0,1384.964817750632,369.9688910830627,390.43866544655396,104.85000000000112,-28.330000000000037,-124.81841541290282,-106.31505409404635,-133.67555947764538,-45.1251344296503,-83.16183281030011,-53.77210522827522,-38.933356412699226,0.008287725297863424,0.16575450595726848,4.0
2539.077645,1000,10776.177871,1000.0,1261.68827433617,373.62555343105646,389.44285637111255,109.35000000000129,-22.640000000000015,-124.94717864513399,-106.08366377055647,-133.60515665429435,-47.346467231638584,-69.36575665672109,-53.97525391906061,-37.06556226431762,-0.11901265294014593,-2.3802530588029187,5.0
1360.410139,475,10791.537923,475.0,817.8736621481642,165.83539939013585,182.48962743408612,53.24999999999967,-11.330000000000007,-60.75409063339239,-54.401077939197414,-63.76606678280452,-23.425944571635494,-74.70902775867062,-26.40029684373817,-19.252045032962144,-0.25399836457490177,-2.4129844634615667,1.0
764.550502,282,10800.695735,282.0,458.33869838922396,97.48769013199795,106.49822166469463,30.149999999999892,-7.000000000000003,-35.298176026344294,-33.0117588967085,-39.77007195669889,-13.012335968306832,-49.66141947960525,-20.690778014640593,-11.479567629189937,0.4529447822209672,2.5546085717262548,1.0
2325.899801,1000,10833.062304,1000.0,1053.0224495803873,372.6114178291949,389.40575869980745,97.80000000000085,-25.320000000000007,-124.10369587421413,-108.48312387168404,-133.6959570461928,-44.43750046383893,-48.57438314117369,-67.99435447668412,-34.3308105455515,-0.024464120134685827,-0.48928240269371653,3.0
2253.787821,795,10858.871899,795.0,1331.968832597271,281.11324189497765,303.44637006638925,89.25000000000053,-16.920000000000016,-100.29147536754614,-79.40564379245038,-110.3960316496602,-38.28765417549888,-126.04135214455746,-44.90680095275054,-30.74166536981559,-0.04230888152079926,-0.6727112161807082,3.0
95.767645,102,10862.206358,102.0,6.361688039469766,35.62528730066682,36.989984014582966,3.299999999999999,-4.14,-13.504251117706298,-20.026890138536697,-14.42483867629552,-4.889174857839467,-4.139219896239585,-23.981082213891924,-3.4038570495224003,0.1421976437312882,0.29008319321182796,0.0
912.301745,369,10874.099349,369.0,490.93718929275775,129.80659557972263,137.3620438350853,36.44999999999983,-7.900000000000005,-45.959913630485524,-41.15255954116584,-49.37443418264612,-18.024121049029812,-48.37662776549588,-28.067446501796926,-12.398981106840441,0.21021537812397162,1.5513894905549106,1.0
2520.744466,1000,10906.50674,1000.0,1263.1669828498289,373.26216584811294,385.54873472498326,99.0000000000009,-23.38000000000003,-124.65973497390759,-104.82173864692459,-135.4332608821794,-44.413897264727176,-73.23064955917955,-57.722458984455095,-36.57167740135508,-0.03904423497356978,-0.7808846994713955,4.0
1143.760577,405,10919.586654,405.0,693.034424060779,139.06917554258413,152.6824914515346,43.34999999999977,-9.390000000000006,-52.27558804988863,-41.210240215063074,-55.88870602330149,-20.57953843258417,-64.56468284673234,-29.247473047531777,-16.21928555282126,0.16334264128834192,1.3230753944355695,1.0
850.122697,329,10930.211336,329.0,486.5415725759869,111.94465373630847,121.71472772770707,32.09999999999987,-6.9600000000000035,-40.7981155967712,-36.73061750605701,-46.57312124667799,-13.858528568280844,-45.52743133888979,-28.46392312452821,-12.266519762700431,0.04540280425056121,0.29875045196869277,1.0
2645.118001,1000,10962.616195,1000.0,1384.5226278861433,372.12542081593284,386.5085500957263,109.5000000000013,-20.800000000000026,-125.90509426116944,-103.98620855137716,-134.33481097656355,-46.73647252314521,-80.80162455661751,-59.16922944712103,-35.80515758539871,0.06465683038974976,1.2931366077949953,5.0
2335.919481,829,10989.577684,829.0,1372.2496565898307,298.47259232006957,322.1905719048463,93.7500000000007,-18.35000000000002,-106.10723034858718,-89.74640920832749,-114.6542403141165,-38.69568932599563,-118.2584748093422,-59.87949562456936,-34.05180011974165,0.07634452659022602,1.2657922508659476,3.0
1103.437478,437,11003.838198,437.0,611.2656588997262,154.90538728435786,169.3825919845642,43.649999999999764,-8.460000000000006,-54.26389886379245,-52.92634254246949,-59.36286259419012,-17.739734086176608,-63.43522320903703,-37.64822460866154,-18.929874660508474,0.572894232625054,5.007095593142972,1.0
2027.365494,769,11028.88174,769.0,1113.4686211770766,279.44591814677597,294.6536783357681,82.05000000000025,-19.56000000000002,-94.10230946064004,-83.8009693399072,-105.63667420021636,-36.20122812848435,-94.88292504169559,-49.312331331009545,-27.756286345482792,-0.07708221557090675,-1.1855244754805458,3.0
2675.584463,1000,11061.232807,1000.0,1437.7095321963377,376.89115785388975,390.9050079918932,103.50000000000107,-26.720000000000017,-126.82487591743475,-110.09805692210799,-133.15889779440616,-45.15952136126809,-91.25946953643314,-59.87891208171936,-40.32150155867089,-0.025494315530765803,-0.5098863106153161,4.0
844.122548,329,11071.933158,329.0,451.00640718302355,118.34898092741474,124.96504391879101,35.249999999999844,-9.090000000000003,-40.88749137401576,-37.56135350614785,-45.22989966902358,-15.119931473277289,-33.44514732851838,-21.20131557790906,-11.912745583093391,-0.046452196276114285,-0.305655451496832,1.0
2620.332733,1000,11106.266322,1000.0,1410.8198339739254,365.43772164723686,390.01938797485275,102.00000000000101,-23.44000000000004,-129.48370269298562,-107.67751714624472,-130.16391317105433,-45.384639665741496,-93.30024678584573,-78.01599283971,-40.47819800489292,-0.04622110555599275,-0.924422111119855,4.0
747.142414,276,11115.270718,276.0,465.75558893676686,95.60972094324774,104.0758450271902,28.049999999999912,-5.630000000000001,-35.610680017471296,-29.88061641678216,-39.36748961810952,-13.058488026266197,-55.44736479580018,-33.064877893551014,-10.289224270088104,-0.129153184238119,-0.7129255769944169,1.0
1674.429457,602,11134.922359,602.0,1048.7317839425214,211.21417593271042,233.09422086664762,63.599999999999575,-11.33000000000001,-77.87192472934726,-68.32462789379056,-83.77318623181168,-30.009855362928434,-120.39072638024312,-66.79120825695531,-25.719195071386086,-0.5265102774749897,-6.339183740798876,2.0
1824.015236,638,11155.687444,638.0,1111.1315157137165,228.99818566329023,247.6341408344734,67.19999999999969,-13.550000000000008,-82.00778618335724,-69.68210289031268,-86.35345414294754,-30.08887635498831,-112.57172489981349,-48.4170423593513,-26.277619090254575,0.0023624801346451025,0.03014524651807151,2.0
747.595985,250,11163.843797,250.0,487.6552251998241,83.08131415829033,92.4729425212302,26.399999999999928,-5.770000000000001,-31.316593670845016,-26.59387189745904,-35.252612631553546,-12.682617851155483,-57.025221226450945,-14.378148969099756,-8.994430151676132,0.5224218329065546,2.612109164532773,0.0
110.779804,85,11166.630465,85.0,33.99247446427486,27.49602639943444,28.124901965986485,5.5500000000000025,-2.84,-11.666551637649539,-12.280270445346828,-11.87931460253989,-4.066131368182206,-6.495760107169228,-16.27458955041695,-3.880980699826483,0.1955615496481817,0.33245463440190887,0.0
1012.09737,356,11178.183985,356.0,639.3858327792625,120.45906266410591,137.21305671476617,36.74999999999983,-9.190000000000003,-46.01829801559451,-37.95227047502996,-47.710037629656775,-17.19722434516456,-72.4668033710528,-33.650151009303485,-13.525796997303347,0.30932600362312546,2.2024011457966535,1.0
889.364614,341,11190.216238,341.0,490.1729610958613,121.18997606393279,127.2928404261083,33.89999999999986,-7.330000000000005,-42.31989174842834,-38.210205088555824,-45.67205625168553,-15.20853385686575,-37.30217500147334,-26.933679381147208,-11.2146219559584,0.14960477506678815,1.0203045659554952,1.0
407.115311,230,11198.888819,230.0,161.72556954600753,79.43767794122918,85.56499450374194,17.85000000000001,-6.750000000000004,-30.694448156356806,-29.998515974730257,-31.529672144411723,-9.875115467613002,-17.636230270349515,-32.93342800209505,-8.045521365179617,0.38366121827540495,1.7648416040668629,1.0
2105.83644,766,11224.686683,766.0,1225.5332315117464,278.1787239853473,297.2005631666817,82.35000000000026,-17.440000000000012,-102.34583028793331,-83.60967878960075,-104.10559823219431,-35.36995375350449,-97.33551895666739,-70.37982265609922,-32.839676320961146,-0.15660420377167442,-2.3991764017820523,2.0
716.361494,242,11232.593724,242.0,474.23425489050555,78.9960629817538,92.28293669767439,25.949999999999932,-4.379999999999999,-31.88810521602629,-25.26676157489418,-34.034637465963804,-11.008408485509715,-61.81695934844418,-17.850866260270276,-10.856022399073002,0.8318644553435147,4.026223963862611,1.0
1701.07434,587,11251.87382,587.0,1019.0337356395479,212.0165891835127,223.26306481883208,63.44999999999958,-13.920000000000009,-75.15335856437687,-64.13226447179912,-81.32481804546066,-28.564476966864948,-80.11772166583417,-37.741910797941166,-22.734499555555665,-0.24235928163580908,-2.8452979664043987,2.0
167.565045,81,11254.504165,81.0,87.70921902343126,24.594362217596178,26.125271857680904,5.700000000000003,-2.4699999999999998,-9.329010915756223,-11.176977390050894,-11.482810103138247,-3.291426920407277,-5.762716471871732,-11.509470854298307,-2.541395057120766,0.7031576706371656,1.1391154264322083,0.0
739.763184,290,11263.931652,290.0,411.261525505412,100.6769349526317,107.67691463217005,29.999999999999893,-8.300000000000004,-35.857609410285946,-32.12624609321354,-39.31889586453701,-13.36598937216457,-31.860747720270858,-28.293778222466045,-10.728924690465874,0.6063950712618604,3.5170914133187905,1.0
897.708205,359,11275.68385,359.0,488.14487975876995,129.79640573287568,133.29944051053135,31.649999999999878,-9.440000000000007,-44.200439801216106,-40.18379256203771,-48.760667742081786,-17.403221854883945,-48.554933941302856,-23.59463000461655,-12.044834851437285,0.20979460469794264,1.5063252617312282,1.0
1961.029145,797,11301.713144,797.0,990.7499661158089,291.80983092934827,307.9500107351841,77.25000000000007,-20.850000000000023,-99.7978547859192,-89.26121645979579,-106.09404180199245,-36.66641589504146,-63.505829175331286,-60.61001693974107,-26.94528819006356,-0.290885673644154,-4.6367176378878145,4.0
1045.294146,393,11314.492665,393.0,611.7938341978135,137.93125996187953,149.28992944329622,39.5999999999998,-8.330000000000005,-50.40091620922092,-41.84757250696417,-53.69294128457221,-17.109617330098615,-67.64918522134941,-32.44526588751429,-14.845379389440552,-0.4684942047729174,-3.682364449515131,1.0
1056.50008,404,11327.659188,404.0,596.1076468958776,139.94143012819356,151.23669496350854,36.89999999999983,-7.320000000000001,-49.95407503128054,-46.585932318121216,-54.45915125737071,-17.033482539370876,-52.01174282044949,-30.472758656781846,-13.848549047594616,0.5577351187401393,4.5064997594203255,1.0
124.055391,137,11332.151893,137.0,3.6923626569522687,46.993053866037535,50.080518315011886,6.600000000000005,-3.7999999999999994,-18.39946962833405,-21.34161119088531,-18.847230911128698,-6.597796323323331,-6.239225662620554,-40.54109621060099,-4.544113838681501,0.2555954928729926,0.7003316504719997,0.0
1336.277153,457,11347.071044,457.0,805.3740095827417,164.0843875032266,171.023576389659,48.59999999999972,-9.980000000000006,-59.29024188041684,-46.09840665794905,-64.56191831298084,-21.156808235091532,-63.37943614833977,-28.004966463614064,-17.333042540047874,0.2886626745248448,2.6383768451570817,2.0
537.111926,259,11355.540027,259.0,224.07154382704135,91.18731561801401,98.2111122818942,22.04999999999997,-6.020000000000002,-32.65128436565401,-33.98087904006242,-34.28643525613853,-12.741744988542282,-9.523992058654274,-20.74907799678756,-7.454631539626115,-0.011774590161448183,-0.06099237703630158,1.0
451.274101,161,11360.754799,161.0,312.01734846110264,50.40946021367096,58.15236560886634,16.50000000000002,-4.27,-19.739811449050904,-20.206811274588112,-23.48681077686035,-8.53655411311094,-46.58975791273653,-17.548947386410646,-6.426380552674537,0.7292132406663772,2.3480666349457344,0.0
1403.234713,524,11377.785738,524.0,840.933674427044,190.59922784677798,200.15720177354538,49.799999999999706,-14.060000000000015,-65.73088886260982,-60.49235882610091,-72.17491119811297,-26.56285185153551,-95.74155387595766,-47.59206513106889,-19.90076137430237,0.6859575277734229,7.188834891065472,2.0
740.314867,267,11386.444892,267.0,444.71283457463323,91.05736229167354,101.99110311403483,27.749999999999915,-6.36,-34.17418277263642,-29.00120503976941,-35.95256891599684,-11.167635243622867,-46.38112144866126,-18.905725082090953,-10.25399431802266,0.7931500627122473,4.235421334883401,1.0
1982.738107,746,11410.679335,746.0,1099.1477369797371,270.0903172400224,284.9882376123353,78.60000000000012,-15.93000000000001,-93.18656061649331,-77.52402354031793,-99.91270210503224,-36.42457424431395,-100.3075255292584,-46.468497112140106,-26.33430213725686,-0.2572222665549341,-3.837756216999616,2.0
677.528935,327,11421.315016,327.0,290.88460746514227,117.07532778708175,124.92871070736865,25.949999999999932,-9.200000000000006,-41.389556808471646,-38.389019190520045,-42.200064877001125,-13.952330628867301,-14.198328696343662,-37.3499714193223,-11.630439459252516,-0.15786832199273554,-1.0324588258324905,1.0
2014.074165,827,11448.159,827.0,1006.2890910117851,302.5406328436235,316.0117679376091,77.10000000000007,-21.67000000000002,-105.78730631828293,-92.11921613179145,-111.2011410481717,-37.93157490290518,-56.53910687710703,-58.28941816613345,-31.329562936407882,-0.022114002082498575,-0.3657655944445264,3.0
2684.857326,1000,11480.760402,1000.0,1468.2767654262511,368.3894793301453,386.1398939058398,100.05000000000094,-27.180000000000017,-127.95639906406403,-110.40831009708336,-134.63960549495218,-48.40351807583075,-94.99463787216874,-57.59171890457299,-36.824623466018316,-0.25210492188156264,-5.042098437631252,4.0
657.87846,224,11488.045194,224.0,427.3924707511512,74.45146464474442,83.7982848353314,23.249999999999957,-5.600000000000001,-28.832722425460826,-25.358835446834576,-30.76543764881715,-9.905085940735736,-48.55417472630676,-17.352371415708614,-8.645133024352532,0.22683417263783914,1.0162170934175194,1.0
2301.528351,851,11515.671283,851.0,1354.7685895389175,300.33626316232676,330.3262546882991,90.60000000000058,-18.980000000000018,-109.13917152881628,-96.53217723965636,-114.4936096260405,-38.464322857710485,-135.82785208621712,-77.45387846539622,-34.61174409227401,0.1594502514392957,2.7138432794968126,3.0
1187.622277,517,11532.448461,517.0,582.2386289628134,186.4944170932862,192.2814393224582,50.0999999999997,-16.110000000000007,-65.36227880001061,-60.76428270339966,-72.31842268606715,-24.362857657023262,-42.207713544068405,-40.73508537730285,-18.631568017500044,0.34592777342119246,3.57689317717513,2.0
1208.845509,421,11546.051295,421.0,738.4082329364827,151.7209530416779,157.3246705925198,42.89999999999977,-10.370000000000006,-54.097117629051155,-46.80310919582843,-56.99302008538656,-19.137276416366536,-67.48658236180371,-31.94771371882918,-15.67352827481589,0.09925725883201406,0.8357461193655583,1.0
779.538093,274,11555.013549,274.0,479.7679564337106,93.66541088484293,102.46745897674025,29.999999999999893,-5.499999999999999,-35.68436242580413,-29.18194750398399,-37.04842482321877,-12.305703414108052,-46.09873868023171,-24.463682526724764,-10.079873908390688,0.3279853324295155,1.797359621713745,1.0
1482.883665,500,11571.12487,500.0,928.5797891018416,174.67394348579052,191.74620895545902,54.149999999999665,-9.860000000000005,-64.41895694255828,-55.89973234534266,-68.18422662754647,-22.824471918013955,-91.39048642967644,-32.00939372661211,-21.679009042888733,0.20785804257407614,2.0785804257407614,1.0
1454.609568,542,11588.778936,542.0,834.2560488639323,194.0389057349845,205.74577168189626,52.19999999999968,-13.48000000000001,-69.04827622413634,-60.99914133176208,-72.82613536170365,-24.403745576250593,-72.59299587447126,-37.85033705378199,-22.430527290373266,-0.21378315189937663,-2.3174093665892426,2.0
2931.086274,1000,11621.148608,1000.0,1775.431072783627,361.60439799200856,389.97269782161203,106.80000000000119,-19.140000000000025,-130.53324214458453,-106.62606372572465,-135.29950895997516,-46.04197007559697,-155.27991539103172,-65.82330682796473,-43.97788739671618,-0.08542232802141182,-1.7084465604282364,3.0
1902.78249,795,11646.962299,795.0,976.9539486605158,290.37862939070226,301.00064299263255,72.5999999999999,-20.960000000000026,-101.13290453910832,-89.67194418236599,-106.90109461637813,-33.72864961900344,-69.34591952684413,-81.50586182080377,-29.90435709041037,0.1158270600438254,1.8416502546968239,3.0
2725.08305,1000,11679.664278,1000.0,1517.676731885555,368.351439258571,382.03402847116064,100.05000000000094,-23.650000000000023,-128.0959184885026,-104.3132992982864,-135.3595846613427,-46.6343756936308,-106.08061426339873,-60.292223145467005,-38.60313428018888,-0.2650179308337678,-5.300358616675355,3.0
2552.866308,1000,11712.289641,1000.0,1329.0947569050622,370.79651859898735,384.9374278907893,94.95000000000074,-26.07000000000003,-127.58376407146466,-109.17171030044541,-132.246853764011,-44.70906191360148,-79.10749784165755,-69.3313930261928,-38.69211435724877,0.07438790564991218,1.4877581129982438,4.0
792.607558,300,11725.213197,300.0,450.82744473683965,108.75409676296032,110.35976729403737,30.749999999999886,-6.540000000000003,-36.67961401462552,-33.84094580188391,-42.0553522812834,-13.613617104509038,-42.93823764041937,-21.905077736703817,-10.510906446501211,0.07834235975173329,0.4700541585103997,1.0
2124.948901,774,11750.402566,774.0,1217.9288566037485,276.34183776606216,296.17507864784653,83.2500000000003,-19.02000000000002,-102.4119106578826,-84.06731950342653,-104.65625224289455,-34.547634397763176,-94.88501505045257,-51.909433138948835,-31.249307054870812,-0.21547917874112077,-3.3356176869125496,4.0
2699.271586,1000,11783.661255,1000.0,1509.0259321057156,365.9812104158224,383.1769544711583,103.95000000000108,-24.22000000000003,-127.29141825675954,-108.64965348765253,-133.8809007291116,-45.42994902457988,-121.6514632310933,-62.24896787481579,-39.49015858876551,-0.3411583604984966,-6.823167209969933,4.0
1091.810316,483,11799.144401,483.0,535.1267368038131,175.67140346379472,179.818292937709,41.399999999999785,-11.810000000000008,-62.23170853614809,-57.6804608799517,-63.09217440395461,-20.20699621644471,-28.002945590587,-62.76317578985212,-17.418655837625682,0.0386481324235443,0.37334095921143795,2.0
2615.042986,1000,11831.569683,1000.0,1379.5994336078334,369.4074427338741,384.2643167230416,100.50000000000095,-22.850000000000026,-128.5755934810638,-107.47490192279217,-132.9458910163396,-44.07649976099841,-81.52527764013375,-61.74858348573867,-39.531459323164135,0.04947413884443401,0.9894827768886802,4.0
2650.649954,1000,11864.127643,1000.0,1434.8548804083048,368.49707914506325,389.31438063943887,99.90000000000093,-25.040000000000042,-129.8352599811554,-112.02441120892765,-134.63043724622435,-42.256565460908064,-92.73103442624155,-64.05477096689461,-41.343906587099546,0.15749275445760214,3.1498550891520427,4.0
308.181703,196,11870.477073,196.0,107.30787900339946,66.99837158017165,72.99076595669162,12.150000000000018,-4.469999999999999,-26.764159846305834,-25.16681800112129,-26.590209339063833,-9.13701534278309,-14.410682518519245,-32.912134760851025,-7.814294008446485,0.1577331399286367,0.6183139085202558,1.0
2641.491762,1000,11903.10853,1000.0,1430.6766231658705,367.8430747201723,383.04249928566236,98.55000000000088,-26.91000000000003,-127.41096895217896,-109.88117328807701,-136.20228287618792,-45.64638668057485,-89.09221223586648,-64.63822774473859,-38.83918299386955,-0.3075237589100686,-6.150475178201372,4.0
2821.725488,1000,11936.111909,1000.0,1596.0144493393277,369.56554758004984,384.83527631129675,111.30000000000136,-22.990000000000023,-127.31046149730682,-105.37097982987763,-133.3623045968863,-46.76439692056781,-108.8162238550707,-58.069261966876596,-37.306156787206994,-0.08680301582703388,-1.7360603165406776,5.0
2436.011312,927,11966.373094,927.0,1357.7252082376924,330.5370839679214,352.3905324873421,90.60000000000058,-21.41000000000003,-119.12769751071916,-97.96979825906459,-125.07105223065841,-41.334023726062895,-110.67273757569154,-71.82268328804085,-34.833520006505424,-0.1415594926420426,-2.6245129935834695,3.0
1959.383168,659,11987.730589,659.0,1211.47391745284,234.63645753153628,250.25247853759262,69.59999999999978,-13.500000000000009,-84.20108637809757,-71.75187593027961,-89.74797934267445,-30.15480534026879,-104.98064659644474,-45.09952881963454,-26.143762967135505,0.25292672335522254,3.3335742138218327,2.0
2317.388721,877,12016.227262,877.0,1250.0036850106526,320.6449457266196,326.5331665139915,85.20000000000037,-21.15000000000003,-112.1921491193771,-90.70475668236621,-119.77548853423777,-37.13377560471033,-81.56553046913453,-47.9496781249525,-31.52169820842525,-0.13712077725047234,-2.4050984329732845,3.0
395.130654,227,12023.624432,227.0,161.42262326627625,78.44733217346788,84.31219634998212,15.900000000000027,-5.4799999999999995,-31.24881324291231,-33.85639483705164,-31.873721482798068,-9.684569746357509,-23.32613471852482,-27.437509664199354,-9.044353972988784,0.4260408960408618,1.9342256680255128,0.0
2819.720656,1000,12056.191602,1000.0,1628.306098181542,366.2224619365721,390.65095928043644,103.20000000000105,-26.030000000000037,-131.30519620895396,-109.11476156972346,-135.0827852609382,-44.76336152992157,-113.41046917539744,-65.42124421026139,-43.53104576661237,-0.43576030505669144,-8.715206101133829,3.0
2273.412794,839,12083.420231,839.0,1275.4892931852173,303.3535362364135,320.6890636327656,85.20000000000037,-20.140000000000025,-108.9653159046172,-90.98209553584455,-112.81453569939102,-34.838893575015156,-91.95839035952824,-56.69141781054832,-33.92845013525584,-0.051955258150520905,-0.8718092317657409,3.0
870.161954,303,12093.177074,303.0,571.1361831083221,103.4297993989454,116.98671952315038,31.34999999999988,-6.580000000000004,-40.55855915546418,-35.76050319299102,-41.74999756715034,-14.424179687432504,-77.17293567135489,-25.736357121894798,-13.758216114450558,0.8877038852747763,5.379485544765145,1.0
949.511909,356,12104.652318,356.0,554.2495694225586,127.34749549169132,128.9701249382696,33.89999999999986,-8.410000000000004,-44.98096280574795,-41.22382548451422,-49.598670536988536,-15.117755809130143,-48.190745350367294,-30.87713743891357,-12.556183160510955,0.5291264520039362,3.7673803382680258,1.0
986.519806,386,12117.155571,386.0,524.8069007680757,139.48847204681275,146.55475248653963,37.64999999999982,-10.22000000000001,-49.111616034507755,-45.28565317392349,-53.41286057051387,-18.280342513377906,-31.02964700283294,-26.07135857155251,-14.568841569650969,0.1437049387983781,1.1094021275234789,1.0
1302.249745,460,12132.075968,460.0,774.4372106761396,168.66206648192315,173.970574281332,50.2499999999997,-9.650000000000006,-58.73401432991028,-50.34007586091758,-64.08749991992359,-22.295599459694365,-63.50537925901796,-39.37620107776071,-17.081336097837227,0.24953127878229378,2.295687764797103,1.0
1037.727318,448,12146.657278,448.0,516.1597723565576,161.82293179174468,160.16441719358687,36.74999999999983,-8.15,-55.13631607770916,-47.56995237618681,-61.72362542782024,-19.08315208471439,-29.517952158380577,-47.927231143592074,-16.061574117631455,-0.0028359146027197328,-0.02540979484036881,1.0
2517.911485,929,12176.660337,929.0,1433.4189920078704,335.51698739877446,359.41501869982875,95.25000000000075,-26.200000000000035,-118.61753359317781,-108.3434760872275,-124.91792158205091,-41.82522498838754,-104.165539739264,-72.45848568580668,-38.161331457516226,0.18836623521176296,3.4998446502345564,3.0
3048.359284,1000,12209.09839,1000.0,1840.945069099161,368.4958500810192,387.75972604695806,116.25000000000155,-19.120000000000026,-131.1376734161378,-98.22139985039826,-137.5614598528708,-46.663952456322484,-141.5140506737819,-50.40905320061866,-40.46377176510554,-0.17174398898375376,-3.434879779675075,4.0
2472.953132,830,12235.780382,830.0,1566.3236026754605,292.4908826167737,324.3954590189783,87.75000000000047,-18.940000000000015,-110.3448186397553,-90.63135273847725,-114.07430042314529,-38.422986549241614,-161.4173812746831,-55.70826444569713,-38.46770777902518,0.010215998058228344,0.16958556776659053,3.0
635.058631,211,12242.584103,211.0,408.881468531309,69.2529555315564,78.41840364908202,21.149999999999977,-3.0799999999999996,-27.925088524818417,-23.89780766963959,-29.13778817001844,-9.441322009706527,-36.52688371882036,-14.554011573458165,-9.081294996133815,0.5831245312688725,2.4607855219546417,0.0
1533.46649,564,12260.890938,564.0,856.4486113539522,204.49319547022776,211.88613928811495,56.249999999999645,-12.570000000000013,-72.2985218477249,-58.245596079155725,-77.49265439003858,-25.95186184685051,-58.92348104129537,-33.783091189487074,-20.346250204538297,0.4973862388407279,5.61051677412341,2.0
2846.629289,1000,12293.488337,1000.0,1665.157607058575,363.82728749951485,387.33606177999457,103.50000000000107,-21.47000000000002,-128.92619044780744,-106.37458510696884,-135.63506902196264,-47.06928361964165,-127.06416738886091,-65.11766020163834,-41.53471126044146,0.030824183731205046,0.6164836746241009,3.0
2752.825236,1000,12326.043653,1000.0,1539.0522107932406,370.90504338527103,381.994651558033,101.700000000001,-27.000000000000025,-127.46030885219587,-106.19153806716218,-136.47438001089594,-43.02105840405622,-99.77410323610432,-62.62140887142175,-38.28387247038891,-0.23378137163715693,-4.675627432743139,3.0
1605.000804,583,12344.887396,583.0,949.1429326919423,210.0019886828619,217.08871107562484,58.199999999999626,-14.000000000000007,-73.42576434612275,-63.41427807919684,-81.5502111682063,-28.47916683202153,-82.91085043009309,-45.73743093920941,-22.91512673244263,0.015171761472450699,0.17690273876877516,2.0
1751.163322,691,12367.312598,691.0,900.6614895281599,253.88228723596924,259.5600643242915,69.44999999999978,-15.490000000000013,-88.2196716260911,-74.97253912054002,-95.86385579302551,-29.071191234368403,-55.65681442668377,-39.305536400110626,-24.810910549710183,-0.13887073570466443,-1.9191935674384626,3.0
2560.188134,1000,12399.711727,1000.0,1326.6732302114997,366.3094381945096,388.51237959216485,96.75000000000081,-26.000000000000036,-127.8035360527038,-106.90851823389532,-132.09703525315953,-45.3900529382253,-77.4756371606903,-62.973202242054214,-39.408932331156855,-0.28301379039385177,-5.660275807877036,4.0
2102.994473,738,12424.070508,738.0,1226.7033581613032,269.6278136356729,279.1586536538879,79.95000000000017,-16.59000000000002,-94.51669977188104,-77.63419113755229,-100.4853047656204,-33.6232568234344,-96.36322389980064,-44.06586428340571,-27.166811761572788,-0.19210893863367318,-2.835527934233016,3.0
2603.377297,928,12454.599478,928.0,1518.0910338283913,331.8302887799681,349.67482479413843,99.60000000000092,-19.850000000000023,-116.780135359764,-94.5579087790103,-129.23471538724436,-43.85183566693112,-126.69267713816907,-58.83437772119926,-34.01719993206792,-0.10315888004379128,-1.914628813612766,3.0
2688.837728,981,12486.565146,981.0,1527.0849667570433,358.7719583255518,377.29360582093364,106.65000000000119,-21.260000000000034,-126.42623258590724,-103.42140782102933,-135.99823674510947,-43.44904762234127,-120.77348157073087,-72.4833171065278,-38.15107984239267,0.1270342156209504,2.492411310483047,4.0
2670.959403,1000,12518.821309,1000.0,1429.7325965092348,371.0090111635381,380.6954283413348,105.45000000000114,-23.280000000000026,-126.0102788877488,-102.93831416256715,-137.8688067499537,-45.38700762981847,-86.23773832553151,-58.670835107796854,-35.53465260980293,-0.20400198069763328,-4.080039613952666,3.0
1784.373728,564,12537.220994,564.0,1200.752997079074,196.0585840930455,217.42446634195522,60.299999999999606,-9.660000000000007,-77.39646839141844,-59.76948721446095,-78.59042017809774,-25.926211627075705,-136.88097436771733,-37.29814560676331,-28.64061201144275,0.3339147200852207,3.7665580425612895,3.0
2839.552959,1000,12569.641928,1000.0,1629.9172626291295,367.43717551974294,387.2865231895037,104.4000000000011,-22.070000000000032,-130.28090927124023,-101.3508502628654,-134.25889196442017,-44.06517404170462,-116.68106316338938,-58.72597266224156,-42.055141023859036,-0.06084362199918268,-1.2168724399836537,4.0
887.436719,316,12580.003586,316.0,555.1198256448366,110.45484767784187,120.61313504033109,32.39999999999987,-6.360000000000002,-40.42466231346131,-36.26947725992648,-43.301409547802145,-12.123064972263624,-68.93128892535537,-27.241849254454912,-12.499337180376958,0.8369338664568788,5.289422036007474,1.0
2741.501148,1000,12612.769991,1000.0,1508.5368463594552,365.0415059203236,380.24034302955073,106.80000000000119,-21.030000000000033,-129.80267036914833,-94.34638633131985,-136.3326004671291,-44.740564068385765,-96.07681628824618,-59.94024773038385,-36.84826162857272,-0.05772900743503565,-1.154580148700713,3.0
561.982821,201,12619.639665,201.0,368.7962342650967,65.03995051488182,74.61272542902279,16.950000000000017,-3.559999999999999,-25.99309263706208,-22.208520792424675,-27.897263622128822,-8.567879951153236,-47.52810281443919,-20.41697174984874,-8.244257438080552,0.8295492049647368,3.3347878039582426,1.0
2944.647605,956,12651.347209,956.0,1909.7539808117463,334.8559291119658,372.89067277359413,107.70000000000122,-16.63000000000001,-130.34037109851846,-101.35064836069944,-131.59818444500587,-44.87368815060211,-198.7787712222413,-66.45244512826686,-46.52886921799625,-0.12082628721754175,-2.3101986115993984,4.0
1203.248585,437,12666.248331,437.0,723.1636428362395,153.44763657919341,166.44888569320548,40.349999999999795,-10.180000000000005,-56.548437623977634,-48.953190308064215,-60.69805111384906,-19.593754104297496,-72.47784288349486,-30.884251984115174,-17.826052577616856,-0.5336764923480555,-4.664332543122005,1.0
1148.732298,397,12679.063803,397.0,737.6553189314468,133.50583567491825,148.93618765402593,43.19999999999977,-9.130000000000008,-51.33550752639773,-41.3756792470813,-56.08902171766478,-18.83323746652995,-90.12397611788779,-28.66587844817993,-16.011744203491872,0.4954564601426371,3.933924293532539,1.0
2861.059776,969,12710.444347,969.0,1761.3550235706891,346.7974166128624,370.5658953631355,105.30000000000113,-18.930000000000025,-125.39750758886339,-101.93164054881795,-132.9830018195944,-43.79694220592529,-168.3989748785582,-61.17231219604156,-39.34818050576655,-0.3679482875131355,-7.130837812004566,3.0
926.910944,327,12721.087345,327.0,572.5544444116592,113.02999757657003,125.08407979401906,35.84999999999984,-5.19,-42.29287548542025,-37.98216233626011,-46.22696228864523,-15.664139518510735,-64.01184343950314,-22.80312536920669,-12.436469469656684,0.45958272890101703,3.0056710470126515,1.0
564.502139,205,12727.728793,205.0,366.1216167292557,71.09055989813055,77.7203594843789,18.300000000000004,-5.28,-26.961923670768744,-26.49054351970553,-29.001557236044484,-8.64275755010305,-50.59887313839879,-17.3849240630173,-9.369817583799817,0.849072609832983,3.48119770031523,1.0
1189.309618,476,12743.212079,476.0,630.7266422475576,172.41017200149457,175.63254303398878,45.44999999999975,-10.39000000000001,-60.49971323013299,-53.71945593804121,-67.07142360025772,-19.566400351728962,-39.06147443682779,-43.55788277868876,-17.04338922372167,-0.030167026047469396,-0.28719008797190865,1.0
1229.579054,426,12756.879446,426.0,758.0890183237437,149.64543852578723,163.76664108104598,46.34999999999974,-6.8,-55.31415216445926,-46.05857180617747,-58.13309676769723,-19.72998271316841,-84.70927342969257,-27.689954608080132,-15.837012190215896,-0.3448733144010712,-2.938320638697127,2.0
980.785536,365,12768.566694,365.0,569.2542797279907,127.44791632757483,138.38482760474236,35.69999999999984,-7.5100000000000025,-47.78632624626162,-38.672793906182065,-50.01953414454869,-15.646809998612616,-58.00780957587133,-23.35964051589424,-13.99857355326169,0.38798967352479186,2.8323246167309803,1.0
50.266972,76,12771.019357,76.0,-17.80563762658636,27.803890196676203,25.132956356462202,0.9,-2.96,-10.262113819122312,-13.559526424109935,-10.74102507231488,-3.2163475022787265,-2.396900167850288,-16.57130410936645,-2.0570197942858877,0.050958893130248525,0.07745751755797776,0.0
741.233915,296,12780.608975,296.0,409.8959373664661,103.54375884940808,110.25825336588824,25.799999999999933,-5.660000000000002,-35.64366415977478,-32.66171681955458,-41.00310670513473,-12.075438371338487,-44.48100970153822,-23.372154624509648,-9.366944318238682,0.4759459824550272,2.8176002161337608,1.0
1231.065648,429,12794.867719,429.0,753.0337017211724,152.3595488389445,163.9440287597926,46.04999999999974,-11.220000000000008,-56.135150890350324,-48.01606357246634,-59.798133054596946,-20.247962365588524,-67.44098356417491,-32.979383934894884,-17.483953912952582,0.10298405596816322,0.8836032002068405,1.0
2794.998641,987,12827.155423,987.0,1649.8272015898808,353.2280761773218,378.6624889685171,103.80000000000108,-18.670000000000023,-127.22199566364286,-97.8024633415042,-135.6183008104542,-43.85787120845179,-153.09771104742296,-60.65796154022926,-40.59282248382441,-0.2399780248166204,-4.737166209880087,4.0
907.05006,297,12836.860742,297.0,615.9455796057819,100.93545878583001,113.28463730902399,29.3999999999999,-4.9700000000000015,-39.60285893440248,-33.56071336790918,-42.18967423719568,-13.785296888671239,-71.87783209782731,-30.303497281473437,-13.225742888840404,0.9981641642028144,5.929095135364718,1.0
1492.865357,569,12855.306808,569.0,815.4380166623977,205.16726476985778,210.65540236238633,57.299999999999635,-14.620000000000013,-72.56386579990381,-62.59375778958205,-79.67496215138813,-25.969994141513325,-49.78519762464976,-38.336395154443046,-21.15115459807739,0.630301223636205,7.172827924980013,2.0
616.859814,225,12862.56007,225.0,373.4123851310157,76.9276806810338,83.80780550132543,21.89999999999997,-4.75,-28.693754644393913,-27.015037998557087,-31.8592751121542,-9.466821969498799,-35.870693100509335,-17.253092996291727,-9.27938137439459,0.7341028766392659,3.3034629448766966,1.0
1005.276573,359,12874.110864,359.0,601.3054533372696,127.5593440312735,131.66272565748673,35.099999999999845,-9.150000000000006,-46.35856174945832,-38.77633376419545,-51.99045215892777,-17.164629943692944,-45.27124203494093,-26.160197590374096,-14.47953277255584,0.14994113094397302,1.0765773201777262,1.0
890.972092,315,12884.273994,315.0,554.782287439939,108.63402449711342,121.24651773293127,31.649999999999878,-6.929999999999999,-41.61895846843721,-35.88815473504365,-42.3554242553211,-13.918972418273754,-55.942353150356986,-30.34829703512219,-13.338577749629227,0.8023862969436346,5.055033670744898,1.0
1586.260907,609,12904.17343,609.0,870.2125721894002,220.87977785331321,230.539304051755,57.59999999999963,-14.840000000000012,-78.1742102956772,-66.33645854592325,-85.08327582138965,-28.211172101236418,-65.31177997337353,-40.94684411563397,-23.06700606823058,-0.5583119507463004,-6.800239560089938,2.0
2512.149304,920,12934.001976,920.0,1408.5591247486054,338.6182318585101,347.6386747569495,97.95000000000086,-21.240000000000027,-117.7580380439758,-94.33464485108854,-128.99587807053234,-42.006180408190325,-100.62434770574446,-59.978455036839335,-35.67918340524069,0.011182199812701951,0.20575247655371592,3.0
1215.982604,409,12947.282118,409.0,792.4594158172096,143.47101829104156,153.4296608363029,42.89999999999977,-7.460000000000002,-53.383982257842995,-43.17148181796075,-58.338216040839356,-17.451703061622208,-93.78167449904173,-34.09584463144506,-17.594588392948424,-0.06363182049497604,-0.520508291648904,2.0
2098.311752,781,12972.664066,781.0,1201.0791284623872,275.94445593736464,303.7500777027185,75.3,-20.060000000000016,-100.22143691062917,-86.89155437201258,-106.02152564547826,-34.936176782465836,-94.17692631582804,-65.52586182895328,-30.928428227220355,-0.06896877518993334,-1.077292268466759,3.0
734.997729,299,12982.378881,299.0,419.00476809829945,103.32107871322171,114.81869753824583,28.799999999999905,-7.420000000000001,-37.82833698272704,-38.35998248383404,-41.08539772882541,-13.18146941509246,-47.630969550448704,-32.567150581468226,-11.873508341918008,0.6277882132501551,3.754173515235928,1.0
1478.151957,527,12999.4629,527.0,884.7682696667065,186.9570127509253,202.14218483603227,57.59999999999963,-12.14000000000001,-68.52341592311853,-55.56609811112287,-74.17033962843843,-25.622639157144064,-89.25101260577952,-33.61836066920221,-21.423644136218865,-0.09104283515396686,-0.9595914825228107,2.0
383.272472,148,13004.261773,148.0,248.4170370410285,48.77304648787204,54.239049333971664,12.150000000000018,-4.119999999999999,-18.178206658363344,-20.15331843346357,-20.63426775495279,-6.366241350364573,-39.784955519262134,-14.1179527945162,-4.951718712112369,0.6827090412706477,2.020818762161117,0.0
1572.633016,635,13024.990102,635.0,791.4767189203101,231.00072717382702,239.9641142047508,58.49999999999962,-14.980000000000011,-79.53973804950725,-61.77756882496176,-86.26306550783615,-28.21672365130775,-44.09904736145977,-46.08546597285324,-22.346934609018387,0.16824812507560657,2.1367511884602037,3.0
745.960807,289,13034.361496,289.0,415.48974070856116,102.56499775505232,107.45333140888462,29.3999999999999,-5.940000000000001,-35.84894402980806,-31.160206301510353,-39.68185496633503,-13.115395200041625,-39.74155651249674,-22.928143136645467,-9.531162800940278,0.4232878238510402,2.4466036218590124,1.0
2682.912309,1000,13066.861424,1000.0,1442.5464236855962,370.4253420012955,388.6246335442195,107.55000000000122,-24.730000000000032,-127.8394423818589,-101.60250874180356,-133.75257641963003,-46.39015457703855,-91.77782023108831,-60.867135613583656,-39.27445236234738,-0.06965044868691557,-1.3930089737383113,4.0
1873.285933,659,13088.65487,659.0,1121.423809504859,236.67744920110383,252.88981042791588,71.99999999999987,-14.080000000000013,-83.31613148689256,-68.73270927891139,-92.35512453799882,-30.267593263285413,-112.55819221933686,-39.16423083537018,-28.231154563275055,-0.23008394236712273,-3.0325063603986777,2.0
1816.574297,661,13111.233509,661.0,1056.885108630555,236.3623697881092,251.64385688925017,67.4999999999997,-15.090000000000009,-85.05792282581332,-69.56392188146711,-91.19997855036652,-29.236109573196,-97.96134174730024,-42.335373405988136,-26.372390203850905,-0.36862057467356485,-4.873163997184528,2.0
770.600474,314,13121.828474,314.0,399.2208449889724,113.54731791944751,119.29362595448764,32.849999999999866,-9.750000000000002,-38.27523477077481,-39.48086645305154,-41.86145889671992,-14.83907108484225,-29.25404333259161,-22.393266004155944,-12.457374742428847,0.1378429937730348,0.8656540008946586,1.0
728.915054,257,13130.366886,257.0,459.3084341965353,89.45874172579943,98.41408182982516,28.799999999999905,-5.69,-33.26832039833068,-31.0784292563796,-36.02099636126776,-12.1636952647627,-45.79231669504581,-29.834885762188705,-10.217559947399032,0.7376696845531207,3.7916221786030397,1.0
661.85484,239,13138.290271,239.0,382.0502773767566,85.47878734052985,90.50121382294978,25.949999999999932,-5.270000000000001,-30.847924056053166,-27.652732434868803,-32.53140873834287,-11.059999318085206,-29.17260903188949,-15.65376114332927,-8.937003900063036,0.056069498807023416,0.26801220429757194,1.0
1113.319674,381,13151.209254,381.0,717.542788851168,129.19935861333676,146.30534963081908,40.499999999999794,-9.070000000000002,-50.03590868473056,-43.99625232368704,-53.289095145136514,-18.340775934122348,-80.83530847960694,-29.310521008811033,-16.349961084463008,0.27627579721799544,2.105221574801125,1.0
363.532329,131,13155.584116,131.0,222.40258841358454,42.266380342010976,46.731989807691015,12.150000000000018,-3.2899999999999996,-16.719158754348747,-15.200538644194605,-18.401611027245735,-5.664725056720864,-20.29910964116056,-6.751009097783413,-4.692477824210174,0.8876611550299451,2.3256722261784564,0.0
2625.88057,1000,13189.72117,1000.0,1367.5703803437673,370.5929925157909,382.5032922320448,110.10000000000132,-24.49000000000003,-125.57749053478241,-100.02462106905874,-137.94708132670524,-48.50114715594575,-78.0999677969114,-55.855189932409125,-34.39059736419383,-0.2512538679232035,-5.0250773584640696,4.0
964.051531,311,13200.166025,311.0,634.1183690288552,106.82219577780769,116.03189623749434,34.049999999999855,-5.310000000000001,-41.345574851036055,-30.501138216257097,-44.7273688663891,-14.090553306566326,-67.03238730016591,-22.642819412432495,-12.32108759627582,0.8247173262128259,5.129741769043777,1.0
253.252916,122,13204.174147,122.0,117.86813596874902,42.29298796009944,45.80844191570508,7.950000000000008,-3.0599999999999996,-16.21208733081818,-17.008251720666884,-17.31297474416594,-5.040936403370211,-9.159197456279681,-10.863271079329026,-4.009931499554615,0.6000367902454589,1.4640897681989196,0.0
1027.225537,369,13216.615555,369.0,640.9676983168898,128.09502955107655,138.91394122608753,38.69999999999981,-9.310000000000008,-46.960394153595,-42.02504449486732,-51.7047596138682,-17.30555108965767,-79.33012047253806,-28.20796082161261,-13.60730190378589,0.14754608624558624,1.0888901164924265,1.0
307.349633,194,13223.25007,194.0,97.3458621633929,70.47166696049588,72.49308932356708,10.950000000000015,-5.3100000000000005,-25.162325749397283,-25.217283399403104,-24.928618797327545,-9.725584886732694,-5.460292033647784,-35.38303627702343,-6.723843818549323,0.18748070184167734,0.7274251231457081,0.0
-18.339103,73,13225.750892,73.0,-69.47648252487465,23.481203452317796,21.489013884500814,0.75,-1.63,-10.647042455673215,-13.099817116558555,-11.065825836632907,-3.1066589525063364,-10.265986817284519,-15.153079689692783,-2.6144271135960624,-0.3862608969905291,-0.5639409096061725,0.0
994.968793,360,13238.011304,360.0,588.4914466161858,126.4257324594131,132.95058328829285,38.249999999999815,-7.760000000000002,-46.011505937576246,-34.61615551635623,-51.314158822463526,-16.705128638973115,-53.38057385146895,-28.014883326725627,-13.346563296622225,0.4900131615536225,3.528094763186082,1.0
450.353946,154,13243.311565,154.0,309.4617517106725,51.709994760286065,57.91854405250812,16.65000000000002,-3.249999999999999,-18.83512588500977,-21.686026009917253,-21.64473670782986,-6.556303949438804,-45.287226267795816,-16.584520678534155,-5.5424050855649085,0.987477038842529,3.0414292796349893,0.0
1333.413214,459,13259.645851,459.0,828.5775334286972,160.25487093981016,172.6674232081878,47.09999999999973,-11.730000000000011,-60.92032334804535,-47.39613552205269,-64.84141839993671,-22.001223604373088,-79.96234218421428,-27.60181369680408,-19.73335681546533,-0.16596748334412428,-1.5235814970990609,1.0
2525.865788,1000,13296.507853,1000.0,1287.3382156153814,375.01921811783143,387.07658444798017,95.25000000000075,-28.05000000000003,-125.44935359478015,-105.54228272959583,-133.27287354315473,-46.56298583747363,-76.44655234645396,-64.54919116686571,-38.944990603339434,-0.10062325403908401,-2.01246508078168,4.0
2732.161816,1000,13332.62471,1000.0,1514.3111698549862,363.7734248549315,386.31583238974343,109.8000000000013,-23.22000000000003,-127.23722325325002,-99.84993233084684,-137.13826913734394,-47.343013461883956,-107.32740636593778,-59.857172046932945,-40.06559428234281,-0.18043035961756299,-3.6086071923512595,4.0
1728.506895,580,13354.039358,580.0,1088.5079441369658,201.29651042400448,217.7807688684849,65.54999999999963,-12.010000000000005,-73.5017657899857,-57.03200624585151,-82.05528398127288,-29.047696907224758,-112.51119823935943,-35.84183618873727,-22.628541551450986,0.2297731715482267,2.66536878995943,2.0
867.223198,297,13365.435244,297.0,560.918846715957,101.0723142848854,113.71879045788693,30.749999999999886,-6.150000000000003,-38.64495886325837,-38.34904045201837,-41.985974637334834,-14.141514129651386,-57.605304503070045,-26.406390402687677,-12.953570833041798,0.8401897600201463,4.9907271745196695,1.0
950.766353,357,13382.820454,357.0,551.5801819583445,126.9898022870982,130.62159016206064,35.39999999999984,-9.450000000000006,-43.936912808418285,-41.524314688146106,-49.85350040576372,-16.501652726799556,-53.674060042538365,-23.22734162906128,-12.657439226187341,0.1277469256976015,0.9121130494808748,1.0
1678.386233,606,13404.050865,606.0,1008.5006745816011,213.3755854687899,233.6889610747899,63.44999999999958,-11.530000000000012,-78.47175148487094,-65.62421958968034,-83.57195456201445,-26.74689482321812,-101.08666316735507,-50.684947363115235,-28.912557046730665,-0.23954939786327856,-2.9033387021029364,2.0
1413.280235,522,13422.08862,522.0,810.2286505185855,184.49080933592842,197.46660293655938,55.199999999999655,-13.510000000000007,-66.47180852890008,-56.51238481476905,-73.22291749116066,-23.541575065384436,-64.38408732147492,-38.84993847232641,-19.61311639965446,0.5916604488715108,6.176935086218573,2.0
2733.079941,986,13457.280564,986.0,1590.8100441999766,359.0490702285627,380.6644617259551,102.75000000000104,-22.920000000000037,-127.4206353807449,-109.91546026840804,-137.2719292419024,-46.082936057489114,-128.1382278840242,-70.09309533020625,-44.35135148995863,0.29016650325935994,5.722083444274578,4.0
2710.300194,999,13491.612723,999.0,1512.212099630515,363.718719119401,382.1453121849336,107.1000000000012,-22.150000000000016,-125.46235895156866,-106.69272437766182,-137.65426083748662,-49.56202964455521,-115.9881153341612,-59.18763243682,-37.17881511942722,-0.4497864253226887,-8.98673277794732,4.0
1808.544435,615,13513.551237,615.0,1136.3055403649362,216.54542560717059,233.73560068990597,68.09999999999972,-12.450000000000012,-80.29122435092926,-61.010539929941324,-86.30778607171509,-29.409815608483083,-121.23659446411152,-45.96948951312708,-24.466681407643353,0.4650723180829082,5.7203895124197714,2.0
1849.907842,635,13536.383687,635.0,1154.0559111033153,223.43160903856503,236.45188397230453,66.29999999999966,-14.440000000000012,-83.2905159711838,-65.74587823301553,-91.07559072402655,-32.847143955548574,-105.12197410814797,-46.022724722689915,-26.787734811910827,-0.0841067584420641,-1.0681558322142142,2.0
978.338297,331,13548.219781,331.0,625.3271543773226,112.79055412825583,127.3301311951608,34.94999999999985,-6.7700000000000005,-42.29765537738802,-34.89189033247529,-47.32425900930517,-16.042634562328367,-70.13189527916037,-22.033927988891968,-13.567280434086465,-0.3626277456589937,-2.4005956762625384,1.0
482.363365,180,13554.729509,180.0,280.1121361135831,63.25895607881292,63.75715090666568,19.049999999999997,-4.65,-21.95227596759796,-20.557239846140146,-26.2113364016008,-8.992893072989284,-21.386359010354305,-13.648539362919527,-6.416233976899867,0.5028490209596869,1.810256475454873,1.0
1973.676283,713,13580.422387,713.0,1120.0564754515185,255.32404752696266,271.38783350001535,78.30000000000011,-16.370000000000015,-91.19642158985144,-74.33614216186096,-101.9738305369549,-31.685865668524993,-78.75482228506469,-43.80829606242818,-26.2666949480838,0.04476375692641877,0.6383311737707317,2.0
713.794477,262,13590.332235,262.0,430.3982598195377,89.13778724688319,96.00125815418622,27.749999999999915,-5.700000000000001,-34.13407724380493,-30.22474082410334,-36.90368191623897,-11.649608006119038,-43.08911662002746,-19.681037006357716,-10.110566362613508,0.547847155252952,2.8707190935254685,1.0
2537.901417,1000,13627.526887,1000.0,1291.7668203901183,373.41155278667804,388.8193755746521,100.65000000000096,-26.510000000000034,-123.92545375823971,-104.618894918263,-135.26884335509507,-44.54233673400814,-71.62674515876633,-71.26274359534702,-38.99131414993594,0.006542417260200345,0.1308483452040069,3.0
1655.227704,666,13651.465278,666.0,855.0065286875899,240.76068030320616,258.03033307584235,65.54999999999963,-15.670000000000014,-84.96136291980734,-75.04236913397905,-92.12448482893896,-30.73421402687222,-50.27809780205357,-54.27479374316722,-27.03451581256561,-0.15987028067694,-2.129472138616841,3.0
1623.938539,610,13672.617559,610.0,923.0876387113029,224.11805151296866,231.46777057850414,56.84999999999964,-14.380000000000011,-77.69289525508884,-64.34155118912456,-82.13096720368891,-28.031449140028013,-85.69166599270308,-44.74043509253379,-24.57595785306752,-0.2612150949057032,-3.1868241578495793,2.0
2088.354918,763,13701.223387,763.0,1177.2593506207816,277.1750919413891,288.8198737289972,79.65000000000016,-18.33000000000002,-95.31946341753009,-75.33030807077886,-105.99956504218571,-36.40036295410611,-82.65169840651714,-54.22336223520986,-29.294638071571555,-0.21585373778543535,-3.2939280386057432,3.0
1915.830982,703,13728.01098,703.0,1096.8759619471184,254.58112639657196,265.7091106353274,72.29999999999988,-17.530000000000015,-88.68959311485288,-71.45353232100612,-98.10881084159021,-35.25158917024018,-97.43477006182619,-42.13054675469702,-26.036374553145272,0.0702286675334081,0.987415065519718,2.0
2126.714049,744,13754.976907,744.0,1287.6331271181762,266.19478408574844,280.0525134769869,75.60000000000001,-19.020000000000014,-94.3913835144043,-78.20156878791738,-103.40639198716522,-37.4459328400388,-119.39137146547539,-46.11837758055086,-28.79134908789482,0.06794596623733777,1.011035977611586,3.0
136.527764,125,13759.787281,125.0,12.143366793993286,44.16551514890278,45.35022395037646,3.5999999999999988,-4.169999999999999,-16.720990166664127,-15.652091845066753,-17.19786171730656,-4.893132405037124,-3.6537027247173293,-27.565536787216864,-3.878026039506406,0.029678880557603753,0.07419720139400938,0.0
1098.225895,409,13774.863585,409.0,615.8356755769677,146.6881971743366,153.12136648949894,41.549999999999784,-9.5,-49.421217336654685,-49.15167181193828,-57.262934233783255,-20.021090784615275,-45.381304420724504,-22.0818034008819,-15.149321753418423,-0.023685226530253654,-0.19374515301747489,2.0
1542.202099,588,13795.122804,588.0,849.7604109171057,210.2692834784169,219.26363968367096,59.54999999999961,-14.890000000000013,-74.218602256775,-61.60622412972155,-81.63856579579064,-26.175862251426462,-63.04258807333825,-41.730924816552616,-21.33846802502093,0.044227147147729254,0.520111250457296,2.0
