#{"t_start": 1783133905.6655934, "env_id": "None"}
r,l,t,rc_alive,rc_forward,rc_upright,rc_height,rc_single,rc_air,rc_ctrl,rc_action_rate,rc_torque,rc_slide,rc_lateral,rc_yaw_rate,rc_joint_vel,ep_speed,ep_dist,ep_pushes
-25.160629,68,1.145382,68.0,-49.45671159830677,20.469544292775552,23.14623475336476,0.75,-4.039999999999999,-5.311582586765288,-26.64567516446114,-10.666105267402953,-3.289587761360259,-6.1601150937162865,-29.358227568582432,-2.598402721261339,-0.2316730237884489,-0.3150753123522905,0.0
-15.649807,46,1.211736,46.0,-21.993192353843295,13.545207430504702,15.527183029287682,0.44999999999999996,-2.9699999999999998,-3.636811854839326,-18.23865813016892,-7.51735057607644,-2.3706607287388857,-4.194527516358447,-28.222299364864117,-2.0286971633194026,-0.22068983863741776,-0.20303465154642433,0.0
12.439338,46,1.273212,46.0,-8.419876513056177,13.039809903328848,14.985772618827246,0.75,-2.7499999999999996,-3.953052654266357,-19.11644405722618,-7.26026219570472,-1.893845052955527,-0.4898599528669435,-16.77965926250109,-1.6732446663931078,-0.3033171975937071,-0.2790518217862106,0.0
-49.296195,57,1.351834,57.0,-53.19322929456257,15.83368780885699,18.38729836271141,0.15,-3.6399999999999997,-4.488346675634385,-22.53750044107437,-8.824279446498428,-2.785576509855223,-6.678705585344065,-36.380767920892,-2.1387752893757304,-0.38023631105023287,-0.4334693945972655,0.0
-52.336029,59,1.432001,59.0,-62.51866294911229,14.602021388012195,17.504151581497005,0.15,-3.55,-4.576265480518341,-23.11729633808136,-9.13762028511416,-3.0995409133173912,-7.748816497253657,-27.682963870832616,-2.1610360714580406,-0.4236830867219797,-0.499946042331936,0.0
-35.787852,66,1.528151,66.0,-51.72488736219639,20.75687861979614,22.750287841205,0.15,-4.14,-4.851770207881929,-24.31067501306534,-9.888545833200535,-2.9333907548207563,-5.195881728627757,-40.209086471408206,-2.190780852767634,-0.3203619517848517,-0.4228777763560043,0.0
-40.29219,49,1.597908,49.0,-40.361277000492876,15.126550214913584,16.47949390273043,0.3,-3.9899999999999993,-3.701286616325379,-18.970206737518307,-7.526150187660418,-1.8189696479089765,-5.138591621815002,-37.79973352832974,-1.892018395823117,-0.3230888325922955,-0.31662705594044954,0.0
21.172251,83,1.719289,83.0,-16.747027431472294,27.165462901353614,29.027802904277934,0.75,-4.629999999999999,-6.735788006782531,-34.506983351707454,-13.246451004276928,-3.0548459368389618,-2.646244599494276,-33.91244750558932,-3.2912266950848372,-0.26827278031823604,-0.4453328153282719,0.0
-36.307573,59,1.803276,59.0,-50.98155003212672,17.124397507782984,18.94042910719003,0.6,-4.47,-4.570984292030335,-23.511742210388185,-9.133659950174076,-2.5005347465230097,-6.17073027662779,-28.588144431956657,-2.0450537492424368,-0.35344361773556887,-0.41706346892797125,0.0
-43.182486,55,1.884534,55.0,-52.00550053432545,15.658246342118083,17.62400358336086,0.3,-3.01,-4.297083139419555,-22.491877841949456,-8.843958522905956,-2.161806858452166,-5.255731518964484,-31.795566059720493,-1.9032118957551487,-0.41180026436232686,-0.45298029079855956,0.0
-4.902343,52,1.958476,52.0,-14.77376411361972,16.17302084757805,18.17684174688129,0.6,-3.7399999999999998,-3.8497018957138067,-19.45549261569977,-7.941802594413591,-3.2270840603468467,-2.117799157539842,-35.0475946465942,-1.6989665504054499,-0.14591184452695088,-0.15174831830802893,0.0
-22.070504,65,2.054059,65.0,-44.113013657114145,19.80077993048273,22.04793551645662,0.15,-5.09,-5.0506639647483835,-25.117850553989413,-9.99151394939469,-1.9433497144054617,-5.800558767784115,-29.828491376656174,-2.133777043438936,-0.17062818505094995,-0.22181664056623496,0.0
136.28029,113,2.204004,113.0,94.18253186488263,37.15297965796438,39.133306648486965,4.800000000000001,-4.96,-9.050988221168518,-44.549851715564714,-17.429842254652876,-5.520118451595949,-12.429417618313668,-53.02940579168099,-5.018904369675276,0.2989159692612023,0.6755500905303172,0.0
-46.68353,54,2.282024,54.0,-56.039467679976234,14.53131812377384,17.44567628821102,0.0,-4.16,-4.391673541069031,-22.92347576618194,-8.456752283122034,-2.6407825775546523,-6.954954533859861,-25.16610984652775,-1.9273085012173892,-0.4428097299455806,-0.4782345083412271,0.0
-60.93396,52,2.355857,52.0,-69.19372052311928,13.758141166977095,15.492823830410037,0.15,-3.4999999999999996,-3.9984546613693235,-20.717022192478183,-8.196702892761142,-2.5045566925096647,-9.80062682949,-22.492642688661785,-1.931198101722509,-0.5541234876199413,-0.576288427124739,0.0
-30.666212,53,2.428494,53.0,-37.069927005508774,15.545258962212076,17.345956985002605,0.75,-3.4499999999999997,-4.2632460594177255,-20.10998071432114,-8.37663490686579,-3.020123355549734,-6.468507740901648,-32.18007350108958,-2.368934789143719,-0.21284894014674086,-0.22561987655554533,0.0
-36.639862,50,2.500264,50.0,-39.9913616869219,13.075807156476726,15.34260745865269,0.3,-3.51,-4.07004732131958,-19.125004160404206,-8.075629445398365,-2.611533401303471,-5.263751606586685,-30.585101448915246,-2.1258470564928196,-0.31417437022424194,-0.31417437022424194,0.0
-31.720873,65,2.597713,65.0,-56.102762145359385,18.920834577966325,21.755729998281026,0.3,-3.32,-4.96296525478363,-23.672233664989466,-10.030470261568068,-3.391884018785254,-6.244735576479311,-27.65772331503178,-2.3146628917921097,-0.4929104485670205,-0.6407835831371267,0.0
-35.487678,57,2.675127,57.0,-48.67145628793326,15.861639312237356,18.351160165943277,0.15,-4.4399999999999995,-4.621437907218934,-24.743550074100494,-8.722005948074926,-3.4142381039252285,-6.050512286326525,-24.023500451279162,-2.1637767816014404,-0.3522702694774633,-0.4015881072043082,0.0
-31.462846,54,2.751552,54.0,-40.18453655556509,14.344223591849257,16.571425691916783,0.44999999999999996,-3.369999999999999,-4.2833250260353095,-20.888330805301667,-8.303705079647472,-2.782726627705602,-5.153881278704201,-29.409548752533695,-2.4524415467288887,-0.3430925360208274,-0.3705399389024936,0.0
-47.842547,47,2.822523,47.0,-44.83541329687446,12.729284405206688,14.88635354590152,0.15,-2.42,-3.8891828393936163,-20.012754726409906,-7.704417889857401,-2.828679724875603,-4.505058581226348,-34.401269695679225,-2.0114079393734223,-0.34662793933874847,-0.3258302629784236,0.0
-37.087274,48,2.889718,48.0,-33.90725431067021,12.831205425144253,15.231006618775075,0.44999999999999996,-2.17,-3.8713905382156373,-18.5653323173523,-7.351284572552289,-2.3775433553665177,-5.251589158615274,-38.023364682313556,-2.081727452195051,-0.2440892502040648,-0.2343256801959022,0.0
-44.689155,48,2.959382,48.0,-57.65928292035366,12.398138311337267,14.64329542472443,0.15,-3.05,-3.7947179150581367,-18.258524465560914,-7.563893766770495,-2.0265842321754115,-8.101412126477788,-17.81053371621908,-1.6156395468391347,-0.483943287742844,-0.46458555623313025,0.0
-7.987863,78,3.060854,78.0,-38.79012432594473,23.55090085202724,26.508414707379274,1.05,-4.740000000000001,-6.368300051689148,-31.192785722017287,-11.926819341330438,-3.3437388101134156,-5.1058342233504685,-32.529870123863624,-3.0997061673804693,-0.2130890645274832,-0.3324189406628738,0.0
-52.538054,56,3.127122,56.0,-64.76135196881918,15.461558234326443,18.02774944640164,0.15,-4.01,-4.462379217147827,-21.439056634902947,-9.047687483506358,-3.369452680760403,-8.291109772575593,-24.48555584228397,-2.3107678336444506,-0.46079353687543845,-0.5160887613004911,0.0
68.386625,91,3.247183,91.0,7.400536745320998,28.43426147035393,31.226707742482613,1.7999999999999996,-2.95,-7.339763901233673,-37.09160554409027,-14.44222055329943,-3.806379913116118,-0.4454310890556293,-22.10941997403123,-3.2900598461143487,-0.03215266534571624,-0.05851785092920356,0.0
-2.880957,51,3.315792,51.0,-29.143021847707196,14.123043464868863,15.086600815445397,0.75,-1.8599999999999999,-4.0730514907836906,-20.060444283485406,-7.948275620037714,-2.0982096027263437,-3.1779528952602876,-13.76132198182709,-1.718323831773466,-0.30089657148119686,-0.3069145029108208,0.0
-13.59108,32,3.359573,32.0,-13.678772355122128,9.242161375440624,9.895622579596274,0.0,-1.7899999999999998,-2.5310925483703617,-11.262558174133304,-5.164850409199616,-1.286964593739537,-1.8850433572771874,-25.632179985170502,-1.4974030076870444,-0.17450176415278,-0.11168112905777919,0.0
73.508052,73,3.458716,73.0,46.81739774325754,22.08050465483743,24.77398490184774,2.5499999999999994,-4.06,-5.526598381996154,-27.123488950729367,-11.413018552545294,-3.8364026177296435,-4.508304825625746,-36.45396650926569,-2.7920553589596815,0.30486222725555534,0.44509885179311076,0.0
-22.266605,75,3.55844,75.0,-55.393213056585644,24.32946265203597,25.754752849302776,0.15,-4.52,-6.011007614135745,-29.746828114986425,-11.635904126559144,-2.936238560289349,-6.170711998414146,-28.230654782202848,-2.856262377242362,-0.37426129533908853,-0.5613919430086328,0.0
-57.317054,53,3.62963,53.0,-58.95999422946009,15.55380273499541,17.70232676535259,0.3,-3.93,-4.068894689083099,-21.820346105098725,-8.094889103976596,-2.464798490252756,-7.920460888080292,-34.369725398988884,-2.244074309602934,-0.44182535071316353,-0.46833487175595334,0.0
-29.101335,48,3.695373,48.0,-35.84744206144073,13.919023702359471,14.336775125507584,0.3,-2.04,-4.037792918682098,-20.14833157062531,-7.8052024550780175,-2.426550418466509,-4.143634775365386,-27.311834973523208,-1.8963450878524253,-0.3018748817957486,-0.28979988652391864,0.0
-66.663396,53,3.767999,53.0,-69.84168845397049,14.871085370997127,16.365522742602742,0.15,-3.0699999999999994,-4.310669109821321,-21.976642322540282,-8.31786634454797,-2.4711998001798907,-9.073629951722399,-30.003101777893637,-1.9852064823017657,-0.5296920032802537,-0.5614735234770689,0.0
-15.881915,46,4.247079,46.0,-21.67866123461775,13.140965727041081,14.61723042865315,0.0,-2.4999999999999996,-3.90692880153656,-19.96553471088409,-7.34924682260535,-1.6961489896990969,-2.330615035359717,-28.484033884459887,-1.728941337730742,-0.317212150379026,-0.2918351783487039,0.0
-50.236262,54,6.529516,54.0,-62.23501456835524,15.35712044734764,17.4997586400764,0.44999999999999996,-3.2199999999999993,-4.530868687629699,-22.098104429245,-8.516222516119694,-2.9561985227782186,-7.620297577569694,-24.498921969447522,-1.867512700939082,-0.5099401976006015,-0.5507354134086496,0.0
-47.591264,47,8.486991,47.0,-48.46572902751752,11.517902758891745,15.431401428595219,0.3,-2.3299999999999996,-4.350354938507079,-20.515311229228974,-7.812872687874665,-2.389892357345773,-6.167434974730945,-27.838425122867196,-1.9705480182806032,-0.43214583373383914,-0.4062170837098088,0.0
9.755599,64,11.17878,64.0,-13.405478387768992,19.196044708915494,19.178334398783498,0.9,-2.9299999999999997,-5.922300391197203,-26.83816875219346,-10.540169920842226,-2.7102889053549766,-3.172156344996438,-25.318888867695073,-2.681328458636565,-0.20331144981484786,-0.26023865576300526,0.0
22.615807,73,14.233746,73.0,-4.456850293545097,22.074122047192567,23.66530041637913,1.6499999999999997,-3.13,-7.137701973915098,-30.867333257198343,-12.600365628745678,-3.816032449945891,-1.947188669805067,-29.89120503505151,-3.92693773722725,-0.06439307315566929,-0.09401388680727717,0.0
-9.413455,51,16.270884,51.0,-27.141713637221052,15.457892683054505,16.049192383061335,0.9,-2.9499999999999997,-5.271206531524658,-21.431845748424536,-8.555505006085966,-3.0886811191889474,-4.181317612709124,-17.533656529509308,-2.6666134638562244,-0.20441718602679348,-0.20850552974732936,0.0
34.982551,47,18.164357,47.0,9.36894640944096,12.290984061729134,15.700175126856752,1.2,-2.12,-4.787670159339906,-19.97761167287827,-7.712077718914094,-2.6404576220268683,-0.5434397031606533,-10.44571729401767,-2.3505799383726758,-0.37368085109572413,-0.3512600000299807,0.0
50.18892,78,21.393333,78.0,11.249065320761714,26.239271827349295,25.46882769596998,2.5499999999999994,-3.3099999999999996,-8.067068886756894,-34.771760249137856,-13.487486737170247,-4.327660012841733,-0.7563730396115413,-24.812546645450574,-3.7853491773883614,0.1325924320417596,0.206844193985145,0.0
91.32,81,24.693022,81.0,42.75441368987373,24.58756401467635,27.529859606520496,4.35,-2.5999999999999996,-8.8114874458313,-32.783573842048646,-13.214724800325513,-3.3006169586103793,-6.203561317783353,-17.957301696292518,-4.03057146433156,0.004434841296213222,0.007184442899865419,0.0
-0.50929,61,27.198253,61.0,-19.911407051203987,18.976204113508217,21.516987911737516,0.3,-2.38,-6.5317325258255,-24.96903524398804,-10.310873903176843,-1.942146986248725,-2.6993210493252517,-30.330613287997757,-3.2273524216780665,-0.16761670365960657,-0.20449237846472001,0.0
-2.450036,107,31.528057,107.0,-41.34670547258211,34.74228646215111,37.70877168424261,1.05,-7.420000000000003,-11.786700563430788,-49.344340777397164,-18.01875797651611,-5.954440849800681,-4.653133831736854,-38.99351208005607,-5.4335030446579315,-0.11629246081063495,-0.2488658661347588,0.0
89.671644,61,33.907871,61.0,68.33816192763497,16.80464840558466,20.369256356137246,4.950000000000001,-3.16,-6.907427039146424,-28.73262760639191,-10.332299443338842,-2.4114292217736226,-7.026553396481531,-20.212501155823034,-3.007584485943977,0.45460996506395834,0.5546241573780292,0.0
81.107043,118,38.706607,118.0,8.601139892507467,40.10244544937193,42.19955222450265,2.849999999999999,-5.750000000000002,-12.80984017372131,-50.69331533908845,-19.14922490599926,-5.3229137035516905,-0.7644403984350966,-30.563138407596146,-5.593221522800111,-0.10914940092069811,-0.2575925861728475,0.0
114.778851,78,41.793556,78.0,80.93409799117173,27.60842427767026,26.91758609527382,3.8999999999999986,-4.69,-8.901195616722111,-34.45205870866775,-12.362821347168152,-4.4162904218850985,-8.111891186482989,-26.473906521523542,-3.173093063881504,0.27708318902462215,0.43224977487841054,0.0
52.516493,68,44.547762,68.0,17.38383862624479,19.56574578634864,23.350307538533617,2.5499999999999994,-2.4,-7.322324361801148,-27.252011883258813,-10.990015053218622,-2.851005228176893,-1.841074763298975,-22.569864236033904,-3.1071036972789066,0.21513805268698652,0.2925877516543017,0.0
95.308917,55,46.757744,55.0,75.07628661690036,19.107580959255237,18.76730702079425,3.5999999999999988,-2.79,-6.3857416248321535,-23.22254822254181,-8.81830144591982,-2.826583886760767,-11.707447859871216,-17.720159956182933,-2.7714747341409693,0.6066743459101989,0.6673417805012188,0.0
99.204937,62,49.196081,62.0,76.87030838908503,19.907835192331703,18.994089802021715,4.5,-1.4100000000000001,-7.901402082443235,-23.31142110824586,-10.747482516101813,-3.1076316287477526,-8.52351861296073,-24.776186341918685,-3.2896536328908597,0.5221776398493775,0.647500273413228,0.0
106.777284,70,52.058809,70.0,88.2861377685135,24.635343762763743,24.36752717402163,3.149999999999999,-2.71,-8.399345793724061,-29.99477565288544,-12.183843661850046,-3.1057682441563963,-11.456563442597682,-32.00423888940931,-3.8071893924442444,0.5133510959851114,0.7186915343791561,0.0
81.655712,67,54.938238,67.0,49.69316403323208,21.248085970436335,24.075927202370003,2.999999999999999,-2.0100000000000002,-7.9232510471344,-29.693592607975003,-11.10287872871455,-2.8301547387434414,-7.808647019669078,-19.089779623667866,-2.903161403299586,0.26756299409744094,0.3585344120905709,0.0
80.24643,58,57.246444,58.0,55.56850470748461,20.500726729603894,20.670348507745803,3.149999999999999,-2.9799999999999995,-7.103305101394653,-26.510712182521818,-10.175974927111247,-2.485117988433556,-6.937710648181278,-18.233045507796202,-3.217283717112677,0.3606439382572964,0.4183469683784638,0.0
97.257027,70,60.148165,70.0,72.83793064482632,23.716099163158137,23.51229236792292,2.999999999999999,-3.03,-7.938500447273255,-30.90750774145126,-11.060086830551663,-2.2290819965728166,-11.129239144182632,-26.53148705962717,-2.9833923340293764,0.41591429550245873,0.5822800137034423,0.0
81.921368,53,62.37683,53.0,58.85785524776654,14.081007186707291,18.553245324309536,2.2499999999999996,-1.76,-6.678905572891237,-24.829851210117344,-9.059287895218821,-2.5832938508627312,-7.635365298935469,-9.456988647941062,-2.8170476994714786,0.4803440015335175,0.5091646416255285,0.0
72.829018,52,64.502827,52.0,48.245810850623265,18.276867060136826,17.36749452524664,1.4999999999999998,-3.0899999999999994,-6.44223397254944,-28.142560553550727,-9.120584130055253,-2.3646601927885698,-2.9830957100482838,-9.936966296294345,-2.4810536515648747,0.5555433931950322,0.5777651289228335,0.0
73.890988,46,66.477761,46.0,57.95625501993878,16.357129237120013,15.393944406954114,2.6999999999999993,-2.3599999999999994,-5.724288687705996,-21.305042266845703,-7.3967444464074905,-1.94342935136964,-7.6086923226960925,-16.255970935880654,-1.92217250793094,0.49139175807947977,0.4520804174331214,0.0
49.366152,58,68.847038,58.0,18.105220454116385,18.57340677166108,19.94591375866999,1.9499999999999995,-3.3,-7.018895297050475,-31.61362116336823,-9.657034610360284,-2.7578015761548995,-0.7721901298471081,-9.825575918966791,-2.2632699170753754,0.4509036323104214,0.5230482134800888,0.0
50.995041,51,70.845835,51.0,39.266293354024725,15.962642137447986,15.928622635271129,2.3999999999999995,-1.9399999999999997,-6.1915100812912,-25.446220493316652,-8.637711745971673,-2.5599218497100398,-4.657265083504345,-22.006753517803755,-2.1231346322095668,0.27026055444520874,0.2756657655341129,0.0
84.679539,60,73.27038,60.0,66.71059682687023,17.33882353112942,19.827357193604744,2.6999999999999993,-2.0700000000000003,-7.866853394508358,-31.048026192188264,-10.481850033012545,-2.6815419126159177,-8.954429887984016,-15.709091384168692,-3.085446215698444,0.5186083949483333,0.622330073938,0.0
119.192744,76,76.307332,76.0,80.72739736955339,25.516308655877985,24.928778674821682,3.149999999999999,-3.479999999999999,-9.723630337715148,-35.67950052022934,-12.904017853575047,-3.2331116131534356,-10.247802621248743,-12.854575672036159,-3.0071023033601523,0.4071097460453603,0.6188068139889477,0.0
68.542284,81,79.583759,81.0,19.447402646900134,23.390842347289652,27.66317631291497,3.7499999999999987,-2.38,-9.845883276462551,-31.541560915112495,-13.113018481778024,-3.1414070871797377,-1.4658224469790553,-21.819378297186088,-3.4020672079328556,-0.00318873050467212,-0.005165743417568835,0.0
65.691884,80,82.851152,80.0,25.8372437067892,27.00816723109159,27.213185542910765,1.4999999999999998,-3.1299999999999994,-9.44780879974365,-40.96028456389904,-13.27526785328862,-3.5813062181455666,-1.3514760186330608,-20.82418155105402,-3.296387487650709,0.13852109902318874,0.22163375843710198,0.0
44.535006,82,86.203951,82.0,-4.539942949917936,27.71329813544373,28.871696843812533,0.6,-4.49,-10.567174706459044,-38.42570209503174,-12.843727130730782,-3.4450077647795347,-0.42237317753615333,-16.7173511644363,-3.19870988146119,-0.05310941105857805,-0.08709943413606801,0.0
35.262329,58,88.543813,58.0,9.125197966066454,19.47320781141704,18.927504203801124,1.6499999999999997,-3.2299999999999995,-6.491194853782653,-27.252705943584445,-9.38685582439197,-2.4371135030348796,-0.5825221572033941,-20.136032862824155,-2.3971556420542064,0.07164454313342189,0.08310767003476939,0.0
36.451148,54,90.748697,54.0,11.417308345931733,17.700738410338683,17.182405740229242,1.9499999999999995,-2.4,-6.50310616016388,-19.38420105576515,-9.200663956652798,-2.3090940174379937,-0.608106098769073,-22.41753602562342,-2.9765973297529404,0.034617304797807086,0.037386689181631655,0.0
52.986084,66,93.435968,66.0,12.952905400727479,21.99334940045246,21.14118551193668,0.9,-2.9099999999999997,-7.438890919685363,-27.799073803424843,-10.600656866771129,-3.142245324396882,-0.43667640024564636,-15.061891040952487,-2.6119220355403336,0.18541126736994235,0.2447428729283239,0.0
76.804167,57,95.894516,57.0,50.976666221766735,18.297200074045602,19.188109237413904,3.149999999999999,-2.07,-6.907224831581114,-24.970367491245273,-9.612868709368817,-2.6479677005505757,-5.9729437250884665,-16.871097823004927,-2.7553377654390467,0.394067589325222,0.44923705183075313,0.0
109.187712,83,99.376383,83.0,63.35660644112915,29.464912012796646,28.13544963923722,4.199999999999999,-4.14,-9.282583773136134,-39.38543330430983,-13.87542418593515,-4.066076876347659,-5.254694695437091,-19.168082301098437,-3.7969606586854723,0.22007529128996856,0.36532498354134785,0.0
16.146387,66,102.026803,66.0,-13.716453225509653,22.235523240089307,23.196988467913773,0.44999999999999996,-3.4899999999999993,-8.093549680709838,-33.201673686504364,-11.722499010400538,-2.8675085988873112,-2.252817330675445,-17.1041420616497,-3.2874810282002573,-0.1793736165737114,-0.23677317387729904,0.0
-26.276722,50,104.088172,50.0,-32.685162652987536,14.293536837444309,15.224560456556123,0.0,-1.44,-6.483504605293274,-26.196265900135042,-8.626158732792495,-2.308017710006458,-3.3766569350564914,-22.311468158510515,-2.367584844225375,-0.26111403064167066,-0.26111403064167066,0.0
134.223361,94,108.153477,94.0,74.52795772614536,34.40386467734717,33.07973323147202,2.849999999999999,-3.4699999999999993,-10.542317080497739,-37.24869987964631,-16.22853874637256,-3.945545354250003,-10.71769675259688,-18.19139767747895,-4.293998925678615,-0.03791036242473771,-0.0712714813585069,0.0
-28.54204,55,110.419783,55.0,-30.790387246580526,17.180153544504577,18.11885862961709,0.0,-3.02,-6.824548468589781,-27.45655817985535,-9.715989576467718,-2.381754382954672,-3.338787639011829,-32.42159949372453,-2.891426866020441,-0.22889397807839867,-0.25178337588623856,0.0
52.912489,59,112.983345,59.0,15.136070036787297,19.7088071194177,21.300157087647317,1.6499999999999997,-2.38,-6.961613049507144,-25.333328706026073,-10.15258638148921,-2.6708512467570213,-0.5114815049295065,-13.144361865278372,-2.728322269970432,0.11566698291977366,0.13648703984533292,0.0
79.43742,60,115.636817,60.0,38.32943979214862,17.59942742337875,22.031266249783048,1.9499999999999995,-2.81,-6.759646944999695,-20.39692038297653,-9.665155265124435,-3.102231105128052,-2.1436446482685274,-13.052830983014907,-2.5422837146239057,0.3459218771321101,0.41510625255853206,0.0
85.26575,65,118.421031,65.0,48.459456659175174,21.99903386377225,24.38148825880535,4.049999999999999,-3.06,-7.401430668830871,-25.180305030941966,-10.958959415980656,-2.6691442796677576,-2.5446537337323742,-24.22346211736721,-2.5862735849249607,0.31924034781124694,0.41501245215462107,0.0
89.458308,61,121.039299,61.0,61.96990614621063,17.72578759029812,20.869223232193832,3.5999999999999988,-3.2999999999999994,-6.834602627754212,-28.70405139923096,-9.941438299445611,-2.7819338460827714,-8.147636569048553,-13.34533151666796,-2.6516143100851104,0.3674273127750363,0.4482613215855443,0.0
67.803712,82,124.448771,82.0,10.35830918834498,24.818685006970675,29.205004663857707,2.849999999999999,-2.38,-9.225846061706537,-34.85147242546082,-13.827534723207854,-3.171169592521452,-3.294056002085912,-11.07862754418535,-3.599580847669399,0.4041843643657113,0.6628623575597666,0.0
62.413938,65,127.145631,65.0,23.136485969323058,20.41953131129755,22.616956964252356,1.7999999999999996,-3.369999999999999,-7.220391535758973,-29.186804211139666,-10.405999587538611,-2.3405127427325745,-1.9469221758753483,-13.804605665690275,-2.283800161786587,0.34856113629695745,0.4531294771860447,0.0
102.621422,55,129.512056,55.0,69.05833606038864,15.970846225260795,18.347921183155655,2.6999999999999993,-1.8199999999999996,-6.870799021720886,-22.022162263095378,-9.099072052233257,-1.9165668975193997,-6.332633842799531,-7.343440738966581,-3.051006574422281,0.6017294487269397,0.6619023935996337,0.0
40.687078,61,132.012752,61.0,-0.010404382397563451,20.03954684709409,19.373137888227625,1.05,-1.9199999999999997,-6.7953463697433465,-22.466201460361486,-9.713002526490872,-2.477980635893536,-0.5863308584431373,-13.95652884467693,-2.849811846196828,0.3435224472061598,0.419097385591515,0.0
27.481195,114,136.785151,114.0,-20.653296379488772,34.26803259782778,38.290990862839216,1.2,-6.740000000000004,-12.989266581535341,-45.436097139120115,-18.83307151546169,-5.4011384419315664,-2.9230307357111966,-42.44702626360886,-4.854901301312054,-0.018992796395177106,-0.04330357578100381,0.0
106.767051,94,140.67578,94.0,48.40080400641989,33.157036340769814,31.535338613496357,2.2499999999999996,-5.5500000000000025,-10.04624569654465,-40.53614221215249,-15.582298629444235,-4.271979597488788,-2.5687003156960166,-20.04845248081237,-3.97230937684904,0.0633350245351501,0.11906984612608218,0.0
22.628504,86,144.254306,86.0,-35.04051730856299,27.846577446015623,28.562090152850605,0.44999999999999996,-4.900000000000001,-8.962392663955692,-36.16144196987152,-14.032652604054958,-4.4264651982039585,-2.03163625250424,-11.115394950243052,-3.559662335017992,-0.29815476454079953,-0.5128261950101752,0.0
11.311619,82,147.603003,82.0,-27.677506807017032,27.010133002163098,27.255956845739952,0.6,-5.670000000000002,-8.118591318130491,-40.229556602239605,-13.036020222634415,-3.8716890286968133,-1.7745953765039542,-22.56865253882308,-2.60785913705856,-0.28422759523021274,-0.4661332561775489,0.0
67.71148,67,150.539984,67.0,25.975776566682207,21.30348117725239,22.928680392469957,3.299999999999999,-2.5599999999999996,-6.659356203079223,-28.027380216121674,-11.432949138039426,-2.8804195490497215,-0.550939922207942,-18.16124111014852,-2.524171688407977,-0.08831771926055478,-0.11834574380914341,0.0
-38.294285,67,153.394178,67.0,-58.33302589853162,19.366325289567847,21.02762206753036,0.3,-3.9099999999999993,-7.69837917327881,-32.04263871908188,-11.159989532017095,-3.87543610694266,-5.322727361348261,-20.697126907260674,-2.948908539004716,-0.44873476319579164,-0.6013045826823609,0.0
96.660909,59,155.846286,59.0,61.440441238834765,18.361100253670145,20.24069612042843,1.9499999999999995,-3.3799999999999994,-6.896833930015564,-21.097021025419235,-9.710250603936512,-2.418384160020156,-5.902206874224622,-11.624136878059263,-3.3024951406356986,0.42657067481985494,0.5033533962874288,0.0
161.993642,104,159.6461,104.0,98.79173163628877,33.92996773115783,37.162524010532344,5.5500000000000025,-5.150000000000001,-11.998077292442323,-41.0563907146454,-16.67670222672553,-5.2473128861928755,-9.88421537129117,-22.91504611721342,-4.512837152478475,0.42546396301024714,0.8849650430613141,0.0
66.259921,57,161.685688,57.0,41.35760580281556,17.939572365131713,16.524813315451553,2.2499999999999996,-2.9099999999999997,-7.063184185028074,-20.30884461402893,-9.948607774473425,-3.602464210713768,-2.493671336927959,-19.557706900528395,-2.9275918241510257,0.4730835803744788,0.5393152816269059,0.0
117.579369,67,164.495674,67.0,76.91870347010338,24.798161198262832,21.821017469236313,4.5,-4.1,-7.565762183666229,-30.326332297921184,-10.996795708369548,-3.7752266264040046,-6.972691560077986,-10.980306214669731,-2.7413982598202624,0.48143130647659615,0.6451179506786389,0.0
63.070041,67,167.397736,67.0,25.34176192283564,17.211161973025636,20.957420440574534,2.3999999999999995,-2.3499999999999996,-7.281093163490296,-22.209690973162648,-11.173305321738415,-3.459170852121273,-0.9068374274243871,-19.679369731820756,-2.7808361133498907,0.36379590892734626,0.48748651796264403,0.0
118.134538,77,170.646934,77.0,60.949956611463634,28.451130199998737,26.990401760851466,4.049999999999999,-3.0499999999999994,-7.737101063728333,-29.402267450094214,-12.978046925037214,-3.650812155395694,-3.179929179488452,-16.114660719144492,-3.1941332005914758,0.29655092907854097,0.4566884307809531,0.0
45.036883,70,173.616766,70.0,4.74803697540562,19.916571466060102,23.548176043829148,1.3499999999999999,-2.9699999999999998,-7.878509788513182,-31.975721234083178,-11.653778390884074,-3.0283352948574973,-0.5385187076008375,-13.771584815198098,-2.709452807691371,0.2510147674035974,0.35142067436503643,0.0
128.109465,87,177.390913,87.0,63.00864344489523,27.192007344601482,31.088478193813952,5.100000000000001,-4.7,-9.021578392982484,-33.203640133142464,-13.863177104869662,-3.3715024631566544,-4.050103964532019,-13.679806748372352,-3.389855294544096,0.1753021523035149,0.3050257450081159,0.0
143.060113,91,181.308936,91.0,91.88355391924112,31.29569023062588,32.800903791950894,4.800000000000001,-4.02,-10.011635308265687,-37.145804917812356,-14.723520709537109,-4.207442712350873,-8.201245918265284,-26.70290001798969,-3.7074857386293987,0.4599768873543817,0.8371579349849747,0.0
113.17277,76,184.432044,76.0,70.68869101702468,24.144799465255197,25.348612962195762,4.199999999999999,-2.7399999999999998,-8.167267284393313,-28.911612075567252,-12.746331421995807,-4.14092133657183,-5.111419846517518,-21.922336769732848,-3.469445163709372,0.42862510103164525,0.6515101535681008,0.0
101.966919,84,187.962474,84.0,63.14005968996484,23.321015531296013,28.88045213545485,3.299999999999999,-3.6099999999999994,-9.160395789146422,-37.167468619346614,-14.304397819213126,-3.5758670920052547,-6.767085441481901,-22.23790515642342,-3.8514882959644874,0.2552232553280796,0.4287750689511737,0.0
41.754605,58,190.505367,58.0,-2.0798862433597276,18.917007104104655,20.748695784225085,0.44999999999999996,-2.8299999999999996,-6.129685764312744,-21.54761648178101,-9.412226410666328,-3.2271089131810444,-0.4922613386318667,-8.191808172326253,-2.4505047367228445,-0.07804999779593955,-0.09053799744328987,0.0
-15.49751,67,193.297074,67.0,-41.04768382044825,22.08002769820382,24.50177670671103,0.0,-3.79,-7.482858374118806,-27.671081072092058,-10.718544178392579,-3.3033900180544538,-4.7988948612106315,-26.943896365710934,-3.3229657243849844,-0.27680842958302565,-0.37092329564125437,0.0
-18.832413,73,196.297745,73.0,-53.009247887110526,23.473622828542954,26.497092038947354,0.15,-2.8799999999999994,-8.423358917236326,-28.33561783432959,-11.793560893783791,-3.883837517881562,-5.034213401968739,-25.27644236950035,-3.316848892325486,-0.4134004088732393,-0.6035645969549294,0.0
-5.864654,54,198.615651,54.0,-31.307083710998043,14.943781644209599,16.494887069923358,0.9,-2.34,-5.725296056270599,-21.467740535736084,-8.584693004147836,-2.8315519285034574,-3.5307085081952168,-13.92075797327916,-2.4954906271904735,-0.30639732826723476,-0.33090911452861355,0.0
-29.080972,73,201.676502,73.0,-57.61133614131837,23.6048132345135,25.961899247026164,0.0,-4.7700000000000005,-6.958757953643802,-30.62581720948219,-11.590601962780289,-4.080384851890092,-5.225124484304415,-28.018075734722792,-2.7675861864692872,-0.25497852680680905,-0.3722686491379412,0.0
-13.833217,70,204.660525,70.0,-53.20305395392605,21.47038292620435,23.451132812784547,0.44999999999999996,-3.04,-7.211067829132081,-30.48679246902466,-10.799997822080405,-2.7963176165703887,-6.560724463103886,-12.726148428041913,-2.3806305059298407,-0.138650834471591,-0.1941111682602274,0.0
187.904295,124,209.91544,124.0,112.48054783592998,44.5975554444857,44.28738753624745,5.400000000000002,-6.7100000000000035,-13.274551727771755,-47.73821939527989,-20.07355006914528,-6.270181935064347,-16.767930698447266,-26.3158496014858,-5.71091196368676,0.34657641590836136,0.8595095114527361,0.0
34.810291,75,212.956985,75.0,-8.970799748524072,24.85035303593239,26.623223073026065,0.75,-3.579999999999999,-7.438784942626953,-29.588808253407485,-11.874581878845953,-3.183928971745002,-0.7850818592209821,-23.87116944547174,-3.1201299697541707,-0.09469043335540306,-0.1420356500331046,0.0
57.784847,94,216.787533,94.0,-10.754268119105273,28.772149108667573,30.49594484326533,0.6,-4.340000000000001,-8.33221748352051,-34.02407183647156,-14.487513680460522,-3.954141303386873,-0.7386550734765953,-16.361516089476343,-3.0908634464869893,-0.20723058508324382,-0.3895934999564984,0.0
77.575257,106,221.227013,106.0,-13.077392970735792,36.28634585686261,36.73820318725048,0.9,-5.700000000000001,-9.125810523033143,-37.02995761930943,-16.3319873523522,-4.307665117101002,-0.6732516715825337,-13.04976473447139,-3.053461817941322,-0.24548275620522125,-0.520423443155069,0.0
39.12322,97,225.400015,97.0,-19.885328962592368,33.42510189202803,34.554024524843214,1.4999999999999998,-4.98,-9.633570997715,-36.1612319216132,-15.781043727708072,-5.201382083954512,-3.680181998000139,-28.011741577374707,-4.021425318002251,-0.034738191759037765,-0.06739209201253327,0.0
44.936299,101,229.669392,101.0,-18.22971409600555,32.18171794950051,34.91092256300665,2.2499999999999996,-5.74,-9.833170123100281,-38.99379817247392,-16.937730812158076,-4.96368065942509,-5.078258578962676,-20.984402296598162,-4.645586747537878,-0.10665372303451122,-0.21544052052971266,0.0
49.823558,81,232.965204,81.0,14.772663094658967,26.72196350733092,29.09638382092971,2.0999999999999996,-3.7399999999999993,-8.36282949447632,-25.273429459333418,-12.794089467662573,-3.7507924207837298,-1.0081322893213651,-44.96527362250843,-3.9729057826311873,-0.20214916090164184,-0.3274816406606598,0.0
99.207169,63,235.486678,63.0,62.14591282737322,20.4369069414354,20.161023487020916,3.7499999999999987,-2.3099999999999996,-6.851735086441041,-21.275406557321553,-9.89910095466197,-2.391660555386622,-8.089055435501985,-16.85441610356107,-2.6152993196858363,0.43207601483417957,0.5444157786910663,0.0
171.816016,119,240.461054,119.0,102.96072217483074,34.342613897504194,45.33662287000397,6.750000000000005,-5.280000000000001,-14.023117532730097,-37.41201516091824,-19.141331781317774,-5.51774182269964,-10.014216253475595,-39.28412888887524,-5.90139184781484,0.20557665532890956,0.48927243968280476,0.0
112.662886,67,243.241212,67.0,79.02654668906435,24.611507760264928,21.50225598699939,5.5500000000000025,-3.3699999999999997,-7.470724179744721,-23.3630775988102,-11.379068209754639,-3.4104027547111655,-8.515360167044394,-24.53932671006005,-2.979464920006759,0.44077817324584073,0.5906427521494266,0.0
41.214507,57,245.314404,57.0,15.097369637437806,18.185300113957208,19.339734987683638,1.4999999999999998,-3.0999999999999996,-6.163141078948975,-20.337577366828917,-9.704069291647128,-2.646031725417305,-0.6067054135258045,-24.239562563601254,-3.1108100843365043,0.2427606291861684,0.276747117272232,0.0
34.307245,81,248.310065,81.0,-7.099000907906566,23.53434623446818,29.177752597331647,1.2,-3.4999999999999996,-9.309198086261746,-28.09870748519898,-13.200216057611543,-3.582944784743545,-0.3856277722044385,-31.038630290499665,-4.390528446508905,0.29639058570004057,0.4801527488340658,0.0
153.499007,87,251.937438,87.0,87.75027773723488,33.45957204704989,29.893557308953174,4.5,-3.879999999999999,-8.560749559402469,-35.52515558302404,-13.448553998594415,-3.5435084871210925,-9.476183593025835,-11.493015899122344,-3.177233096122744,0.33276202272041105,0.5790059195335152,0.0
40.705743,120,256.978162,120.0,-34.51217165818884,40.75688036949478,43.39588486682706,0.44999999999999996,-6.750000000000002,-12.392386779785161,-40.938873978704216,-19.88234142821668,-6.691415855117179,-4.405239312024077,-33.57532047242337,-4.749272956363499,-0.16974971585900822,-0.4073993180616197,0.0
120.594816,71,259.86168,71.0,90.20099332483088,26.151431985990975,22.58053322383592,3.5999999999999988,-2.44,-8.305387020111084,-28.73948097527028,-11.985453923162789,-4.280589906056869,-10.288341180218003,-23.74283319156883,-3.156056206334445,0.42931248402149746,0.6096237273105264,0.0
130.251784,85,263.351132,85.0,84.06856602550562,32.07139209592033,29.508826221002487,3.7499999999999987,-3.8699999999999997,-8.903804683685308,-33.322814667224876,-13.638059028086493,-3.859032533330077,-10.91331423311909,-26.338049482049733,-3.301926139538524,0.40750384735297523,0.6927565405000579,0.0
107.348537,79,267.0687,79.0,73.12183162216444,29.701219810991724,25.095644383057362,2.999999999999999,-3.92,-9.167113103866578,-35.722103345394146,-12.55590800580822,-4.435821963310134,-8.537833943736823,-25.086985699207364,-3.1443926641065723,0.388452330401543,0.613754682034438,0.0
103.609381,78,270.777518,78.0,50.26435796806199,28.788693762515248,27.313857378749677,2.849999999999999,-2.8200000000000003,-7.8696144366264305,-29.944928050041188,-12.205868666840196,-3.58150379954255,-4.556328924745167,-19.56164126029333,-3.0676427669007182,0.3053901702329769,0.47640866556344397,0.0
147.988438,86,274.859989,86.0,99.84541244031998,31.472528351384554,29.059273646262092,6.300000000000004,-3.059999999999999,-9.722235436439513,-36.140829324722276,-14.51635549587891,-4.181443241589437,-8.136980576648096,-25.16945142508473,-3.7614808149336905,0.5165078537172915,0.8883935083937413,0.0
147.719965,117,280.346825,117.0,66.75807848481939,38.82843726306136,42.968231668495264,3.8999999999999986,-5.600000000000001,-11.549365139007568,-39.935076081752804,-19.20700014857192,-6.579526216340977,-8.041324750011759,-25.81799888614478,-5.004490821447243,0.29485499558309314,0.6899606896644379,0.0
7.247843,75,283.78834,75.0,-32.322837383667256,24.276588166268432,23.457508861327568,0.3,-4.8100000000000005,-8.162353615760804,-29.55831809043884,-12.340099673166273,-4.035924187700425,-1.3860465955979973,-19.767792855939817,-3.402881830885431,-0.4047603147078811,-0.6071404720618216,0.0
110.441108,93,288.225995,93.0,53.83288417088116,34.416607617743715,32.6949424442646,1.9499999999999995,-4.079999999999999,-9.699359686374667,-32.96829197406769,-14.593954401813958,-4.9303938134708005,-5.8502065310592615,-29.482680996201275,-3.848439100117979,0.0511056915729981,0.09505658632577647,0.0
20.977391,115,293.723173,115.0,-57.43619203095167,36.03314587429635,36.046257367077374,0.3,-5.400000000000001,-11.56385649681091,-40.41793661415578,-18.048056713238914,-5.003026859185818,-4.136093721371391,-20.82333705450685,-3.5735125579397864,-0.16951373566658362,-0.3898815920331424,0.0
158.628414,109,299.286073,109.0,86.56129014653663,34.526165257564124,39.891744472403836,4.950000000000001,-2.7699999999999996,-11.473278779983524,-33.69606434702873,-17.901112982945193,-4.846828330497169,-11.32033278080016,-29.308477047461764,-4.984691160447408,0.18294584500046113,0.3988219421010053,0.0
166.562071,120,304.354858,120.0,78.73366695787684,42.06997625945951,42.14112866909186,5.850000000000003,-6.850000000000002,-11.95824763298035,-45.90794841647149,-19.090677943549924,-6.122476059084709,-3.184292767650487,-23.67965227922318,-5.439405631171273,0.2129854704074599,0.5111651289779038,0.0
86.64498,132,309.944416,132.0,-20.86350453568086,46.13215491998969,47.94434332563755,1.05,-8.490000000000006,-11.26260801076889,-50.066276641190036,-20.58991283295559,-5.213577607181449,-3.087979629025851,-16.550748250874353,-4.356910464246742,0.022486883904834654,0.05936537350876349,0.0
169.995553,138,316.057508,138.0,90.16755327324789,49.871990645016346,50.29678584296578,5.250000000000002,-6.120000000000002,-14.791782360076906,-57.51831879019739,-22.782622970902736,-6.576482090331753,-15.905275472749166,-33.5786561659026,-6.317638869426595,0.28566216663191935,0.7884275799040975,0.0
145.434086,135,321.907033,135.0,37.995988935163616,47.17754628503031,48.701717107667164,4.199999999999999,-5.090000000000001,-13.470023460388177,-50.64991866648196,-22.100695632793606,-6.271497240644704,-1.730720214483279,-22.603969599327044,-5.724341395684998,0.18528894425690803,0.5002801494936517,0.0
17.843179,107,326.48959,107.0,-47.79453705037692,36.3710579048376,36.471955076510895,0.75,-5.560000000000001,-10.804405064582816,-40.851913124322884,-17.409262050880216,-4.701442920025213,-4.345238430878495,-26.647139091345302,-4.635895795479307,-0.20094987591345143,-0.43003273445478607,0.0
72.410482,185,334.343361,185.0,-58.31021355784895,64.05099396293802,66.67488461762859,1.4999999999999998,-10.480000000000008,-15.577048072814947,-67.41025693565611,-27.983608865945317,-7.702428605521098,-8.453722190764447,-42.79203476828424,-6.106083169768637,-0.12817799307362124,-0.4742585743723986,0.0
54.282022,139,339.46103,139.0,-42.122182535175355,50.306706932061374,52.10179022301767,1.2,-7.530000000000004,-13.718714864254,-58.87120458483696,-21.68069590916818,-6.280124613033686,-3.980644620274178,-28.854000239830945,-5.288907379540409,-0.18280166457096061,-0.5081886275072706,0.0
233.760184,184,346.950056,184.0,95.09319853981714,64.8624013178553,66.81753773238165,6.450000000000005,-8.700000000000005,-17.804823269844057,-71.97233858704566,-29.405507703991745,-8.2122152933209,-4.561381187360483,-35.54086313163269,-7.265823924889702,0.2582192141171409,0.9502467079510786,0.0
244.657004,158,353.902434,158.0,133.4987192608835,55.06481006236921,57.2458851088742,6.0000000000000036,-5.860000000000001,-15.532786922454829,-62.46911720633507,-25.49844310112442,-6.052759241257727,-15.046782674222936,-28.334362940026693,-6.358158129629544,0.3563325446698428,1.1260108411567034,0.0
232.513168,134,359.522119,134.0,143.89565398036737,46.65791334285635,47.23702791833422,5.5500000000000025,-6.170000000000002,-13.360951435565951,-54.11377564668655,-21.58761240332743,-7.079091883124569,-16.707362468403044,-21.325501955371696,-4.483131002871756,0.4478839579843313,1.200329007398008,0.0
49.432966,71,362.502142,71.0,0.5908009100147875,21.710092999129163,20.991566411275002,0.75,-3.3,-6.622535002231598,-22.160892337560654,-11.232542730894785,-3.4158813394511727,-0.7631264105182088,-15.601008673680548,-2.513507544348251,0.052542169966347196,0.07460988135221301,0.0
113.814156,84,366.228114,84.0,37.94944493424518,31.675036763866565,28.49324651401534,3.149999999999999,-4.09,-8.315685040950777,-28.387305197119712,-12.777603153845778,-4.07580794432689,-1.3404697712509615,-9.530022717846832,-2.936678328804636,0.20215247844357087,0.33961616378519904,0.0
166.223332,106,370.684134,106.0,105.77214434680322,36.61798461621406,38.00729389253478,6.150000000000004,-4.64,-11.0117015171051,-44.58514712452888,-16.97336295878085,-4.6535617979733015,-9.662555955000926,-30.559193202693017,-4.238568726796266,0.4410201615105797,0.934962742402429,0.0
160.495351,95,374.617507,95.0,100.08357929266742,32.691547356803355,33.625758211457686,6.150000000000004,-4.35,-10.336022162437441,-34.93042238801718,-15.202024748460481,-5.213093603638648,-11.112785201499237,-22.005615181173894,-3.90557101129082,0.5312326808886172,1.0093420936883728,0.0
137.919505,81,378.047048,81.0,90.69246432996323,28.102563656674505,27.103300984169667,5.100000000000001,-3.9299999999999993,-8.84009717941284,-30.00997325778007,-13.433719176381823,-5.107355012702101,-14.1936994289291,-15.09264019090972,-3.4713396734302306,0.539823563652196,0.8745141731165575,0.0
129.201506,75,381.33812,75.0,76.33644526096458,26.239042232653677,26.710108978649515,4.049999999999999,-3.3,-8.295383949279787,-27.815092301368715,-12.275530661084197,-3.4626098983770452,-9.28902098250531,-11.241957413003334,-3.4544956672551095,0.437547668821016,0.6563215032315239,0.0
132.109674,83,384.844196,83.0,78.27361056692048,30.126128161260326,26.413523418364786,4.35,-3.78,-9.049025831222538,-30.65593916177749,-13.51437607736157,-3.8573577141908197,-7.328657666268697,-18.412653999857437,-3.455577492497835,0.30338385707675075,0.5036172027474063,0.0
123.406466,71,387.807789,71.0,90.31549451348569,20.655654520477363,25.017818967172282,4.199999999999999,-3.34,-9.059077463150027,-23.712142828106874,-11.140124925919288,-3.620280691273576,-11.991656675582718,-20.886197325377424,-4.033021607957144,0.3758895048999424,0.5337630969579181,0.0
97.74684,76,390.992323,76.0,30.228012787675045,24.255791904801352,25.963560526468935,3.149999999999999,-2.7299999999999995,-7.717485470771787,-24.21781575083734,-12.210763828999672,-2.8765740328903795,-1.2965169567835977,-8.166010972895808,-2.6353580478881447,0.06295695317317472,0.09569456882322558,0.0
1.750734,80,394.474285,80.0,-48.7987706058498,25.226454985728907,28.589626659722786,0.15,-4.1499999999999995,-8.68772607803345,-35.14768596887589,-12.11964356536525,-3.481610657791048,-3.5262892088932962,-13.593365088670105,-2.7102566818792084,-0.37284873336190766,-0.5965579733790523,0.0
197.005834,157,401.187725,157.0,78.87454891848249,57.68162195276717,58.294700705515375,5.5500000000000025,-8.450000000000003,-15.557115602493287,-64.648731470108,-25.10524759731898,-7.671201071489543,-8.26458037042416,-25.365439922157005,-5.332721867871197,0.23128303019536725,0.7262287148134532,0.0
45.153125,79,404.41855,79.0,-16.303416562263394,27.162300548044776,26.953403792395765,0.15,-3.86,-7.716978969573977,-32.05131297111511,-12.206547007275297,-3.6283775349836627,-0.7763000473257361,-8.610608895414025,-2.9590374919772735,-0.1948216985991614,-0.30781828378667503,0.0
214.356053,145,410.556714,145.0,110.48112934836728,49.177201232084805,54.565220139368414,4.5,-7.830000000000001,-14.814024081230162,-59.222739034891106,-23.403619340557935,-6.837418557035486,-11.921397861047879,-19.615443061060816,-5.722855978444399,0.31078831581169913,0.9012861158539275,0.0
8.952678,68,413.458566,68.0,-23.593281684376496,20.79315113208058,22.88332700426977,0.6,-3.6699999999999995,-7.105792565345764,-25.616376554965978,-10.991296764511855,-3.3605054312786713,-1.7170828121916855,-24.35007667288466,-2.919387873665393,-0.13565114292786204,-0.18448555438189237,0.0
190.398859,146,419.464498,146.0,60.334043213122555,53.19981837222438,52.65677650389685,5.700000000000003,-6.940000000000003,-14.350248711109154,-48.17766147255895,-23.64112517456994,-6.759756862909986,-3.814863620146872,-18.229141452964686,-5.578981422978101,0.2697591957633334,0.7876968516289335,0.0
137.272503,107,423.407003,107.0,58.60376031657999,32.04828663440687,39.70812737469271,2.5499999999999994,-3.7799999999999994,-11.382790260314943,-35.86026421487331,-16.7639700548782,-4.662547683719808,-5.387702395753085,-20.08006335193876,-4.720333456437269,0.2448585050226242,0.5239972007484158,0.0
-11.756326,62,425.694252,62.0,-40.10015343503364,19.338770998111155,22.21827687308478,0.15,-3.1899999999999995,-7.3724416494369525,-23.4453778207302,-10.172163015413606,-3.1144357524846615,-6.093652625859422,-19.181037098999276,-2.7941128664438972,-0.27086846005276294,-0.335876890465426,0.0
15.233518,72,428.701855,72.0,-32.36970604611875,21.511052338452807,23.46514370774512,0.0,-4.35,-6.664517869949339,-26.95265591293573,-11.624535797701476,-3.506025649138895,-5.601461317090266,-7.730811008502621,-2.942964771654134,-0.15937618907324463,-0.22950171226547228,0.0
5.63744,72,431.640142,72.0,-33.387026558264814,21.254328376222286,25.4412392858235,0.75,-3.11,-7.608980612754823,-22.629125368595115,-11.745909766160278,-2.9629371930161073,-2.2248303666016236,-26.710634463381936,-3.4286830414464333,-0.25439058432020983,-0.36632244142110215,0.0
179.863592,207,440.267821,207.0,14.772569272548877,76.09558490782632,75.48004486967501,3.7499999999999987,-9.330000000000007,-20.531804482936856,-77.65640851259234,-33.22529364203585,-10.033935640710867,-3.607335659102512,-34.62508922011227,-8.224739887179577,0.09636193769478989,0.3989384220564301,0.0
261.113844,202,449.095704,202.0,118.49376878863139,69.43710767725578,74.8620119574078,6.300000000000004,-7.1800000000000015,-20.805683698654168,-72.47062410712242,-33.16268393533083,-9.326594989036904,-13.957959232443114,-43.43540476510289,-9.640093528898793,-0.07687221284929269,-0.31056373991114244,0.0
169.543555,95,453.136238,95.0,93.567120044272,34.89889127952457,32.54133844861326,6.300000000000004,-4.5,-9.95991045475006,-34.19379595518112,-14.789192734967035,-4.957083524062276,-7.740193252319195,-13.426448741465421,-3.1971696792656688,0.07902821792406158,0.150153614055717,0.0
123.684089,64,455.815424,64.0,78.01224576414948,21.900184186013668,20.414671886917063,4.5,-2.36,-6.551670451164246,-25.08209143280983,-10.246282964516144,-2.39671061751771,-7.124655012537189,-9.162791692065566,-2.2188105782375622,0.2900542987466712,0.3712695023957392,0.0
160.639117,83,459.418007,83.0,110.0984419526713,27.258602508440195,27.47450942074892,6.0000000000000036,-3.989999999999999,-9.141652531623837,-29.957088512182246,-13.610505024750456,-3.9222129143695277,-9.020845933099846,-19.206087341365418,-4.34404489581218,0.6605524986954898,1.0965171478345133,0.0
137.751789,93,463.18424,93.0,68.25633603470025,30.712414829150685,34.28681289139298,4.049999999999999,-5.770000000000002,-9.67663616657257,-35.117752707004534,-14.650905928092179,-4.067911586358107,-6.711541625239893,-13.259566435593596,-3.299459810569975,0.2580024303014634,0.47988452036072193,0.0
113.039932,139,468.96521,139.0,16.373955013818925,48.031806706259395,49.99121774980405,3.449999999999999,-5.700000000000003,-13.35896784067154,-49.18060131371023,-22.101782539920812,-6.440280688531187,-2.2993208778774537,-39.56189738983848,-5.164197235601427,0.3004210994970754,0.8351706566018697,0.0
121.158478,72,471.964597,72.0,77.31473631424208,24.170388408115482,23.382782934289125,3.8999999999999986,-2.9099999999999997,-7.151201128959655,-26.397970736026764,-11.07146061245356,-2.620937799214473,-10.381336230260738,-16.71259367317087,-2.3639297616380586,0.3694428566116641,0.5319977135207963,0.0
103.519286,80,475.220805,80.0,38.610176458706285,26.012063065635612,26.536365381390823,4.199999999999999,-1.4699999999999998,-8.264591088294983,-24.18320708274842,-12.55749734581798,-3.6253156473241677,-1.9335027935327989,-16.726805440252793,-3.0783994067216183,0.2858230271712642,0.4573168434740227,0.0
161.615688,102,479.631709,102.0,93.42101070914053,37.62533633381725,36.40364786875983,5.400000000000002,-5.150000000000001,-10.481419439315797,-39.759475785493834,-16.143646409154726,-4.656273369469578,-10.898631521760837,-21.91142143226107,-4.2334385415369455,0.4297932181157793,0.8767781649561898,0.0
129.790359,71,482.634257,71.0,93.70337848441486,23.222115232689383,24.74505329948216,4.35,-2.589999999999999,-7.8032478666305565,-23.508979296684252,-11.849753896944556,-3.412697808940598,-13.142477754346476,-21.340119571828442,-3.5829115605307225,0.5985895140291082,0.8499971099213336,0.0
115.053848,73,485.512133,73.0,58.37597707280527,25.903417489482933,25.297613564574302,4.35,-3.14,-8.211828465461732,-23.213528934121133,-11.415174072727302,-3.32223192542723,-5.092491191118237,-14.136913733919744,-3.3409913077482587,0.37761509766514223,0.5513180425911076,0.0
116.83486,70,488.343714,70.0,65.86662152955941,25.81544583411949,23.45341430277137,4.049999999999999,-3.129999999999999,-7.664086151123047,-23.354235666990277,-11.338449143655318,-3.026554931753859,-6.383804714260169,-14.75571432697422,-2.697777152096605,0.36143633342239534,0.5060108667913535,0.0
194.686519,115,493.043094,115.0,101.36820613763715,42.30726785227736,41.343608721169396,4.5,-5.690000000000001,-12.03902566432953,-40.09973914027215,-18.314371123423395,-5.151893854031817,-6.739713235553909,-17.48856543636205,-4.309255753344587,0.418820603052006,0.9632873870196139,0.0
132.17229,67,495.944498,67.0,85.24350971186259,22.97942399547236,23.858226227770004,5.100000000000001,-3.21,-7.31691608905792,-25.628201550245294,-10.38029794221363,-3.3579829532173053,-9.57735836123173,-9.978439654662173,-2.5596729305526584,0.5377473995932726,0.7205815154549853,0.0
129.466607,83,499.381646,83.0,60.88615491147241,27.379825602839556,27.13666739821078,4.65,-4.94,-8.231929774284366,-26.381834027171134,-13.234205385028636,-3.403931754469719,-2.3597260797008492,-11.633086389414798,-3.401327645738694,0.4502733833243075,0.7474538163183505,0.0
125.380272,77,502.504335,77.0,64.38742364917468,26.110113168936984,27.28816356667395,3.299999999999999,-2.96,-8.177736387252805,-29.734572374820704,-12.768534043509352,-3.18026628864502,-4.51508409280335,-8.49972430078978,-2.869510553076175,0.39403855543364447,0.6068193753678125,0.0
183.004829,86,506.133771,86.0,124.70717030803137,29.059959436387594,29.593776065204782,5.850000000000003,-4.099999999999999,-9.711244707107543,-27.920993173122405,-13.724061223022993,-5.141066778871586,-13.358075486753748,-14.703508164001002,-3.5471271146712477,0.49488311223729553,0.8511989530481483,0.0
122.822247,80,509.063426,80.0,67.099022575908,25.15463826552454,26.76722596642353,4.35,-3.9299999999999993,-8.644748206138612,-25.59952029585839,-12.277526883002382,-3.343111239624945,-5.470552516307729,-18.231376762359673,-3.0518037567771734,0.3461112110919555,0.5537779377471288,0.0
320.883929,188,516.401087,188.0,170.27569771489198,67.97588013443105,68.71199987454797,9.150000000000011,-7.910000000000005,-19.743869035243975,-67.590083360672,-30.153887166624468,-7.845905043529987,-10.13760791357939,-32.38976000056839,-7.458536336829384,-0.007515375127964615,-0.028257810481146953,0.0
208.944125,104,520.596307,104.0,132.1546712880197,36.40380951633274,36.99918666731982,8.40000000000001,-3.9299999999999997,-11.243004608154294,-33.80817599892615,-16.628339776129142,-4.91198838617764,-15.001878354110623,-18.418327427488904,-5.071828307311219,0.33152712900064085,0.689576428321333,0.0
206.71866,119,525.675783,119.0,121.73051214119808,42.4975193272492,42.24179005067949,4.35,-4.720000000000001,-12.340110571384429,-45.38163187205788,-19.216000051176643,-5.162267492803785,-13.352913223932523,-17.205543704160853,-5.722694769897073,0.23336014362981963,0.5553971418389707,0.0
229.574455,117,530.781943,117.0,145.4219251547072,40.703678290785604,41.9198263800074,6.900000000000006,-5.330000000000001,-12.762739510536193,-39.95472158193589,-19.243588003413283,-5.867222790170183,-16.517062077926884,-17.792515598645256,-4.903124911621992,0.4600251462779533,1.0764588422904107,0.0
289.471553,184,538.601465,184.0,132.46072639499806,62.93182719325139,67.21138490693835,9.900000000000013,-6.980000000000002,-17.589352564811698,-56.98184579759837,-29.33539075888027,-9.16693698128669,-7.078443538211799,-32.57511164727673,-7.3253037838242525,0.35471307192848855,1.305344104696838,0.0
121.432477,88,542.230336,88.0,56.87572336911245,29.149821219967908,29.279228131846125,3.8999999999999986,-3.4299999999999997,-9.682242817878722,-25.608836773037908,-14.321219833534219,-4.124999030456045,-3.202199871688928,-21.229146077127208,-4.173651657128692,0.3902223109146967,0.6867912672098663,0.0
72.925337,106,546.614535,106.0,-11.405934096640683,36.30109439734412,39.538240870616754,0.6,-5.870000000000003,-10.554797205924988,-42.77519631683827,-16.92573640966238,-3.8106554149786254,-1.406392701341506,-13.518265043573074,-3.247021183699036,-0.14806032114256817,-0.31388788082224456,0.0
173.676951,106,551.048708,106.0,92.59777632132892,36.964250343948834,39.90727481621532,5.5500000000000025,-5.950000000000001,-11.403626618385315,-38.77012982368469,-16.463617351234717,-5.528912854238532,-6.949546621315015,-18.287732577005112,-3.9887851192711743,0.31547188922032626,0.6688004051470917,0.0
108.96033,87,554.890214,87.0,39.104155587186455,27.29173225838144,30.369844931508695,4.65,-2.76,-9.372523918151854,-28.78957357704641,-13.999902712028359,-4.02842895496962,-1.2213190766408395,-15.505239631677533,-3.778414798371815,0.31066289490522264,0.5405534371350874,0.0
92.817428,90,558.680976,90.0,28.461610261362054,28.873370167135153,30.22575702409179,2.5499999999999994,-6.110000000000003,-10.03748085975647,-32.014458578824986,-15.160619600871126,-4.943209301984124,-1.1739470657896325,-13.981176446798926,-3.872417745178684,0.4542514626610852,0.8176526327899534,0.0
163.968221,80,562.135072,80.0,104.01354236350345,29.34405677762498,28.199482701223918,5.850000000000003,-3.5499999999999994,-8.351162743568421,-27.272116127610207,-13.348260412032012,-3.6267386404683495,-10.793914992049787,-13.066832555207496,-3.4298358099049615,0.5818406092313146,0.9309449747701035,0.0
368.931222,214,571.304323,214.0,192.56502747873031,79.47853471631248,77.30765612231053,12.150000000000018,-7.690000000000004,-22.030210361480723,-75.9864171504974,-34.65437425420499,-11.403906613589704,-13.882747880126427,-32.55054376037073,-8.371796778981764,0.02967734205807034,0.12701902400854106,0.0
270.515064,169,578.469449,169.0,127.75353706620183,60.2596246573484,61.59172817733082,9.900000000000013,-5.100000000000001,-17.499327993392942,-54.806225636601475,-26.417633669160303,-9.224066984049138,-11.446620482630996,-27.035957501575812,-6.459993150148248,-0.09469878334655417,-0.3200818877113531,0.0
286.477242,217,587.929536,217.0,92.1558594977864,79.35738278887882,77.21767872835213,6.600000000000005,-12.060000000000008,-20.292799913883208,-74.14360893368722,-33.562032862951625,-10.652008564691833,-4.154110034565614,-23.078185056879953,-7.910933955025053,0.20312453979413228,0.8815605027065341,0.0
253.551739,125,593.371161,125.0,157.2549338042507,38.90986938340373,43.975184153350156,8.55000000000001,-4.46,-14.695297498702995,-36.11549153029918,-18.986095058328996,-6.1314176592060585,-14.43914337958014,-20.624990975698466,-4.685811841518468,0.32760426439525825,0.8190106609881456,0.0
181.594174,109,597.337246,109.0,91.3194891773121,35.32008355090674,40.14689698502172,7.200000000000006,-3.96,-11.372462213039391,-36.12509558945894,-17.387176609325188,-5.365902438248397,-5.474669310441459,-17.043846277287535,-4.663142958211781,0.30690970047824273,0.6690631470425692,0.0
244.693435,119,602.267073,119.0,152.69315878736785,45.480238466903884,41.7380384999277,7.800000000000008,-5.810000000000001,-12.77409748554229,-43.94068678021428,-19.172569050971365,-6.260977111883593,-13.034802296060295,-16.10657453372392,-4.918293605365148,0.44526089995699053,1.0597209418976374,0.0
192.710275,83,606.225999,83.0,128.5204084274322,29.209906133681443,31.05961643603409,4.5,-4.22,-8.786282246112822,-27.368385118246074,-13.036667826219357,-4.968729867372019,-11.922923900731703,-9.444799443096834,-3.8318675445537287,0.6860441745089427,1.138833329684845,0.0
127.35894,67,609.222652,67.0,75.41887640988912,25.272277947329812,23.427175352115643,2.999999999999999,-3.3699999999999997,-7.136439347267152,-21.29633549153805,-10.399917114468133,-3.4279363335449617,-10.451843911000779,-8.199910141756693,-2.477007843562805,0.0009646616367124824,0.0012926465931947266,0.0
157.937277,89,613.02766,89.0,87.18902843275644,33.31040422119784,30.84292641459224,4.049999999999999,-3.4099999999999997,-9.223532500267032,-31.294292527437204,-14.221447272661328,-4.220102750307726,-9.281382401432596,-11.830047876310902,-2.974276763944071,0.26640257706720416,0.4741965871796234,0.0
170.66968,95,616.987424,95.0,95.91057549385395,29.354544977506833,34.25559887065733,5.850000000000003,-2.17,-10.779757616519925,-28.588272649049753,-16.10265457868442,-4.3278925905978936,-9.847904195507187,-13.24642303741476,-4.638135018077046,0.5225480513195698,0.9928412975071828,0.0
179.370981,122,622.020125,122.0,76.07304774930385,43.82831989763675,41.71243932608984,5.5500000000000025,-5.020000000000001,-12.900376722812647,-43.45844269394873,-19.377328476048195,-6.339172999025471,-2.940700101605623,-15.979207930921351,-3.777597250960805,0.10075612697141577,0.24584494981025448,0.0
216.862109,93,626.029237,93.0,149.87903165938002,31.28933672390727,32.136626654219505,7.800000000000008,-2.91,-10.03818723678589,-30.787445902824405,-14.993878661693595,-4.819724053507541,-18.059401950111003,-11.712535097958542,-3.9217135706566184,0.7274176976422274,1.352996917614543,0.0
281.049687,126,631.498909,126.0,176.65385418962003,46.790659430319636,45.83610465375364,8.100000000000009,-4.9799999999999995,-12.608909394741058,-43.479016798734655,-19.685826301294608,-6.750003632778729,-15.348953004953286,-13.983987546847935,-5.4942342833929505,0.38291438169379927,0.9649442418683741,0.0
55.611769,49,633.587847,49.0,35.09794998369167,12.759796451646313,16.743515101681933,2.0999999999999996,-1.6399999999999997,-5.703615217208863,-14.067587351799013,-7.7362671189268015,-1.9130550692366706,-1.5837043004148306,-25.49022050592565,-1.9550432925262315,0.521439221653372,0.5110104372203045,0.0
162.201531,87,637.185966,87.0,79.26651532840508,30.591971271298718,30.328518918474742,4.950000000000001,-3.6999999999999997,-8.647833318710328,-22.694762906432146,-13.37029168826779,-4.447293036190717,-4.796165875051187,-9.158955554654874,-3.120172075146341,0.4381888209231206,0.7624485484062299,0.0
184.53978,94,641.269286,94.0,118.74191748897653,28.975214638375117,31.683988481102546,6.450000000000005,-2.6599999999999993,-9.799613752365111,-29.858787798881522,-14.543750987774063,-4.87981678467553,-14.065773588547366,-15.876338726612108,-3.627258640318885,0.561722069456509,1.056037490578237,0.0
120.854513,58,643.676664,58.0,84.43742983892218,18.89881671767087,20.880449739291794,3.5999999999999988,-2.6999999999999993,-6.204047293663026,-21.977957582473763,-8.713165900164885,-2.6851228112057686,-11.379218213518673,-9.188177923013967,-2.1144939264770377,0.575481229919754,0.6675582267069147,0.0
172.768247,77,647.159523,77.0,122.00187700720264,27.53703577754499,25.53561238555496,4.5,-4.219999999999999,-8.047713136672975,-26.609256908297542,-12.27955153388221,-4.03659203655901,-17.33646449854995,-8.257390385788872,-3.019309955774699,0.7081034771659446,1.0904793548355547,0.0
165.565441,78,650.403721,78.0,123.4970840985718,25.635917355478785,26.724498302266245,5.5500000000000025,-2.7399999999999998,-8.780091595649719,-26.879566788673408,-12.674195343467586,-4.019986737199363,-15.906935269540893,-19.545411013671345,-3.295871986141967,0.7475755934045184,1.1662179257110488,0.0
161.915213,73,653.424297,73.0,116.37436072917545,22.919016205130895,25.488557179927216,4.950000000000001,-2.3,-8.351861028671266,-22.560914710164074,-11.623529981720012,-4.116675267575482,-17.05657452259626,-11.510427873302646,-3.2967373513210916,0.7246804653728334,1.0580334794443367,0.0
159.52486,74,656.548129,74.0,95.78090525034635,23.774041944689223,25.435579477021715,4.199999999999999,-1.9699999999999995,-8.539659872055054,-21.60535856410861,-10.829259363640318,-3.1484430084364847,-8.534580159141843,-6.566291348341582,-2.472074205102906,0.5217925001502931,0.7722529002224338,0.0
174.002841,91,660.389646,91.0,107.07467806815497,30.527217028627053,31.90046369939537,6.750000000000005,-3.03,-9.529809074401856,-27.568300724029555,-14.377912768018998,-4.921871767606602,-12.946497547248587,-17.775070687010917,-3.1000550465591217,0.5151415302461414,0.9375575850479774,0.0
259.315608,134,665.95462,134.0,153.1683000807064,48.13137008039107,47.384628039339724,7.050000000000006,-5.8400000000000025,-13.156156797409059,-47.49925722479823,-21.09513785362485,-6.792281006287057,-17.932737681195153,-13.6939122984195,-4.409207163177058,0.26655971955785224,0.7143800484150441,0.0
225.044939,99,670.084416,99.0,146.83045658499975,33.007927796869204,36.138110319750155,7.500000000000007,-3.8799999999999994,-10.731879167556764,-29.294930964708335,-15.721096708334615,-4.7269410773534135,-17.02220490517217,-12.415619698418196,-3.6388835438323484,0.5817120374991379,1.151789834248293,0.0
285.38605,139,675.867676,139.0,173.28642357990086,48.09894582987559,51.75837467224957,8.40000000000001,-5.23,-14.562152142524715,-44.30925872921942,-21.43873729547213,-7.286685998041207,-20.135003044106835,-16.5037599479955,-5.692097174478913,0.5717672471402346,1.5895129470498524,0.0
314.684262,159,682.02504,159.0,163.52456020419552,52.83973882863477,58.723551096943254,12.450000000000019,-4.11,-16.27332060813903,-42.95287692658602,-25.013842979943,-6.9948541732062175,-14.388727029646263,-17.273473777921915,-4.8464928945486845,0.4537279801783112,1.4428549769670296,0.0
284.971742,166,688.302073,166.0,133.6259736708309,57.7062577886893,60.03390596275899,10.650000000000015,-8.040000000000004,-16.813695278167717,-53.37055225968361,-25.34671166858467,-8.16791735632727,-5.366033108168292,-19.46676681422646,-6.472719250842489,0.3575465619381455,1.187054585634643,0.0
209.85967,99,692.511484,99.0,147.37912783384982,33.9444236862967,34.3825006931304,6.150000000000004,-3.959999999999999,-10.26216359615326,-33.68521084785461,-15.393593284698508,-6.312577276860848,-20.545267094174648,-16.184662119417514,-4.652907549011273,0.6878982992455352,1.3620386325061598,0.0
215.144387,102,696.738911,102.0,135.04889645788597,37.3634028870889,36.0419399595175,4.950000000000001,-4.12,-9.992624506950378,-33.065692824125286,-15.639730682000325,-5.683035368157676,-14.884730733819994,-13.06472168401903,-3.8093169093273875,0.5659502496462568,1.154538509278364,0.0
91.837576,108,701.636181,108.0,5.062125137491747,35.9767930176012,36.44195147828956,1.6499999999999997,-5.330000000000001,-11.118693938255314,-38.11727063059804,-17.19869991422261,-5.054995516538524,-0.9548060980141173,-13.56081543634127,-3.9580121963379864,-0.024600662000258983,-0.053137429920559406,0.0
337.829944,171,709.76072,171.0,190.24463838706242,62.43610973133861,60.70390213171588,11.400000000000016,-8.490000000000004,-16.633591747283937,-58.80607888102532,-26.426499764514215,-9.802651050211272,-14.391608801571651,-17.620534343892736,-5.783741421252975,0.4623530481583035,1.5812474247013981,0.0
490.752598,278,723.232279,278.0,247.47187550583226,101.17737153046455,105.36932122472416,16.200000000000024,-7.710000000000004,-28.19017480850218,-87.20612584650526,-44.01242311666109,-13.975641768080774,-21.15434558265553,-44.40288915290906,-10.81436960700236,0.40093891116443475,2.2292203460742575,1.0
159.915046,80,727.075014,80.0,87.93954993019703,29.801993067486016,25.654493237628778,5.5500000000000025,-3.3199999999999994,-8.839048576354983,-22.822050541639328,-12.235271330484862,-3.9355656334052185,-4.80585081317217,-10.508874231258643,-2.5643288369725834,0.36185382017416473,0.5789661122786636,0.0
249.957873,127,733.270406,127.0,145.77604675400715,44.11094616451785,45.208745658998154,6.300000000000004,-4.22,-11.833557929992677,-36.99248415827752,-19.648659970720512,-6.135060705564037,-14.717427985082441,-20.282859878012292,-4.607815438877104,0.5026576169120255,1.2767503469565447,0.0
231.394352,100,738.25162,100.0,155.84137429080045,35.246359948003246,36.90592334309533,6.900000000000006,-4.01,-10.415608797073368,-29.937969636917114,-15.780675805440202,-4.805819673848747,-16.958664745876373,-17.02720308636195,-4.563363525330448,0.42933635654362046,0.8586727130872409,0.0
226.782187,103,743.294636,103.0,144.14276456642162,37.886092630839464,37.94229657357918,6.600000000000005,-4.749999999999999,-10.546929602622988,-33.377558076381675,-15.74895844201475,-5.399742190916653,-16.219001770314033,-12.949368408497946,-3.7974084112463014,0.5001807769919487,1.0303724006034145,0.0
232.811318,101,747.806957,101.0,161.21626103035868,33.995876683293694,37.2715309317896,8.40000000000001,-4.760000000000001,-10.542962036132817,-32.76359762847424,-15.768423704770322,-4.898949574174462,-16.566630246898722,-19.49199191634522,-4.2797952850446865,0.5787126468565856,1.168999546650303,0.0
176.049001,80,751.390193,80.0,117.28736218608405,28.679396425668568,28.21706265186138,6.450000000000005,-2.4499999999999993,-8.856553206443786,-25.673803883790974,-12.277507624427322,-4.042341600337784,-14.782022297023946,-12.878933214928985,-3.623658039231216,0.6194191221341921,0.9910705954147075,0.0
328.539208,149,757.808505,149.0,209.1249969179491,53.00865611126303,54.427065623472394,10.350000000000014,-6.3000000000000025,-14.849369287490848,-45.103307795524614,-22.222500622435845,-7.152203483348922,-22.760859421004504,-23.959868901029633,-5.0234013137557385,0.5807095023420504,1.7305143169793102,0.0
237.971238,98,762.409026,98.0,149.97470562464576,36.03883118535613,36.466886865529965,8.85000000000001,-4.550000000000001,-9.59757399559021,-30.445564377307885,-15.028705323397988,-5.0574086865805405,-13.434234326031596,-9.19256997924951,-4.0531292101454675,0.5562328985442991,1.0902164811468262,0.0
271.929401,128,768.333948,128.0,153.49831597719646,45.186600710775274,45.09401425130813,10.350000000000014,-4.779999999999999,-12.423090589046478,-33.15714217424394,-19.202916032513418,-6.252234831441988,-17.274788600175206,-12.952945170315102,-4.156412663725582,0.5409663264599491,1.3848737957374697,0.0
162.939654,72,771.625446,72.0,115.6896013749323,22.408126365351187,25.65654401170538,5.700000000000003,-2.51,-7.216759228706358,-22.79268909096718,-10.836569585764309,-2.907280344174327,-16.09973922235792,-13.277010945977327,-2.874569076498789,0.7448599518719627,1.0725983306956264,0.0
227.395263,95,775.233968,95.0,148.15331401279198,33.739895080961105,34.12400804697967,6.900000000000006,-3.569999999999999,-9.650278987884523,-29.43583022356033,-14.804020445241727,-4.575726419472759,-16.472430066885725,-8.294788517061587,-3.7188795087376625,0.70293393374974,1.3355744741245061,0.0
233.646822,99,778.966292,99.0,155.14808166792477,31.864386685822677,36.31175856641693,9.00000000000001,-3.7199999999999993,-10.462177097797394,-25.534921622276308,-15.128209856771425,-6.5412201950720785,-18.83760112664262,-13.77244577180995,-3.6808295002609572,0.5548027964164391,1.0985095369045494,0.0
203.237016,86,782.708176,86.0,131.82042737209443,28.859764824840347,28.311088093767054,6.900000000000006,-2.5799999999999996,-9.059536397457126,-25.1159970164299,-12.39450942756119,-3.6664995636601003,-13.484441622879665,-9.839984168777582,-2.5132956069608396,0.6436055386981547,1.1070015265608262,0.0
386.655693,163,790.038475,163.0,250.27980110382342,56.38344848294468,61.28227045442086,13.500000000000021,-6.300000000000001,-16.996113967895507,-55.07397190630433,-25.399485356263973,-7.484844723361801,-22.40379569101686,-17.37530837558311,-6.756307366044355,0.6310381739617774,2.0571844471153944,0.0
204.402911,82,793.808586,82.0,154.54100840526323,26.0774026740644,29.768155506273505,6.450000000000005,-2.1,-8.819298012256622,-27.16951059699059,-12.750992618407748,-3.786229857309378,-23.535738448645617,-12.842705832089248,-3.4291798235586306,0.8835585009063226,1.4490359414863692,0.0
181.365813,83,797.535084,83.0,126.83217732959378,28.683568148350528,26.954998860835325,5.100000000000001,-3.3399999999999994,-8.638225698471068,-24.707834792137152,-13.696184983177359,-4.331239367667056,-15.992794291705172,-15.221989886159347,-3.2766625108487535,0.7156377092471706,1.1879585973503033,0.0
175.567418,76,800.95459,76.0,122.34294696339387,23.605923677230113,26.862997958553343,6.750000000000005,-2.4499999999999993,-8.498007164001466,-18.55645067095756,-12.055608618345651,-4.190920876855192,-18.766731809815838,-12.397177994234031,-3.0795534759058314,0.7998280458962107,1.2157386297622403,0.0
200.496334,95,805.255146,95.0,122.97194510647475,32.10375862639922,32.37267814602791,6.750000000000005,-3.5,-10.254249911308293,-27.874855527281763,-14.902936890847736,-4.6007784477205105,-10.69384414424948,-13.20173012681859,-3.673653234427106,0.5606634530442327,1.0652605607840422,0.0
161.024296,70,808.313754,70.0,109.16980313425267,24.640358218972004,22.418765221256262,4.65,-2.5199999999999996,-7.1753503990173355,-20.33049508333206,-10.478525523880787,-3.339566905954227,-13.362164924719885,-10.4160608695443,-2.2324664136811254,0.6063263213379572,0.8488568498731401,0.0
182.010531,72,811.608706,72.0,123.87336133174284,22.560748824956153,24.333136475154397,5.850000000000003,-2.45,-7.490346570014952,-22.23047695159912,-10.679539273969178,-3.786004960706451,-10.696892348880986,-6.902442992373026,-2.371012794699151,0.7663758654703037,1.1035812462772372,0.0
259.882789,107,817.125148,107.0,166.33360574095076,37.23235311332309,37.84719095000627,8.250000000000009,-3.6799999999999997,-10.855424456596372,-28.888408459722992,-15.930572177211197,-4.65914810433563,-22.15434345568243,-7.091427689365341,-3.5210362556380757,0.7342703074746277,1.5713384579957035,0.0
54.698213,56,820.046456,56.0,13.021588723680194,21.017583352927947,16.812055793606884,1.6499999999999997,-3.1799999999999997,-6.684921360015868,-16.699927401542663,-8.819403066487004,-3.1756496857622203,-1.4748253840504262,-11.329835740539826,-2.4384521059151973,0.11734321618678452,0.13142440212919868,0.0
266.256627,108,824.572032,108.0,171.44258804771482,38.193961226588044,38.694860361622666,11.100000000000016,-3.0899999999999994,-11.710844941139221,-30.229918810725213,-16.07792240727727,-6.0885595364400285,-18.63275509856954,-12.145781658326221,-3.1989999730689593,0.6755866076509244,1.4592670725259966,0.0
376.625749,182,832.435832,182.0,207.45529358587973,63.9585607650303,66.92696428953104,13.800000000000022,-7.170000000000003,-17.4324454832077,-49.063081139326115,-27.79362395468618,-8.512238897292546,-18.95277694310492,-21.876718891780378,-6.714184335493657,0.5113373400009013,1.8612679176032805,0.0
280.403552,123,837.752848,123.0,181.1594772368718,42.173939457875846,43.645832288964414,9.900000000000013,-4.31,-12.630192263126373,-35.64743347167968,-19.028726728240944,-6.01852641831783,-19.153571730871114,-17.66338690389821,-5.023859937256776,0.5897710884880377,1.450836877680573,0.0
117.949303,149,844.158627,149.0,1.721553259085238,52.44397911918141,53.4346099253425,2.849999999999999,-5.550000000000001,-16.64062893867493,-40.67335674166678,-24.294129396420185,-8.644887874629386,-5.033698034509573,-34.3806512454782,-6.28348728933761,0.1045312004653704,0.31150297738680377,0.0
382.483544,180,851.908921,180.0,219.3388016386746,63.65988505171852,65.25824361721924,11.550000000000017,-5.410000000000001,-16.91252768993377,-52.91017597913744,-26.815371989843765,-6.732689551274111,-16.598014830992675,-26.379895474837838,-5.564711125749671,0.5172081293191976,1.8619492655491112,0.0
289.036074,143,857.880618,143.0,166.55594855456687,45.93604576295598,52.72173849879241,10.200000000000014,-3.6399999999999992,-15.193979380130765,-34.78541120588778,-23.975491323291582,-6.7758041811914715,-14.37813242566626,-24.225779521064887,-6.403060882279001,0.533614475440436,1.526137399759647,0.0
200.514499,92,861.679477,92.0,120.21032862086695,30.826303885985347,32.08694223308259,7.500000000000007,-4.390000000000001,-10.347263607978821,-24.80508598089219,-12.856049904917375,-5.222338826369017,-12.612434679906851,-9.47550654858556,-2.400396627569999,0.5963582996697512,1.0972992713923422,0.0
211.255556,89,865.17818,89.0,143.29877317418453,31.155274461497214,31.991284506751278,6.0000000000000036,-4.63,-9.80330107927323,-28.124481558799744,-13.46512107395532,-4.760995370531743,-15.548155799865699,-9.992918725948515,-3.864802370534692,0.68504277896808,1.2193761465631823,0.0
109.441922,87,868.351953,87.0,31.936773372659157,27.80821831204599,30.761930127868066,2.6999999999999993,-2.7999999999999994,-9.317695651054384,-21.4526006937027,-14.08740013963417,-3.7523970956049353,-2.697843576627668,-13.523526544592478,-3.1335362727340796,0.3721657166567028,0.6475683469826629,0.0
192.119031,80,871.655521,80.0,119.61301103001762,24.598822176961363,27.731896802261044,6.450000000000005,-1.9699999999999998,-8.264387865066526,-18.896073326468468,-11.860649265042728,-3.328143316472494,-12.158199874445733,-6.8834793479790415,-2.913765981747706,0.6733908415213872,1.0774253464342196,0.0
499.612284,259,882.287594,259.0,238.5449968994172,88.224430585384,94.50650160358707,17.85000000000001,-7.070000000000002,-26.04451339244843,-59.04986355900765,-38.978439507781104,-12.222468213631068,-9.82485009420932,-36.29286883280965,-9.030641750710027,0.2400469348015693,1.243443122272129,1.0
139.209157,86,886.179678,86.0,65.63410034204439,30.13666820102314,28.102711202534522,4.800000000000001,-4.2299999999999995,-8.660245308876043,-26.564628893136987,-12.79944931462766,-4.540348998086444,-4.806034860747487,-11.02557846059234,-2.8380373263463956,0.5898643775487569,1.0145667293838618,0.0
177.983433,86,889.881412,86.0,104.37725022352943,29.239040043748332,30.70931514946792,7.500000000000007,-4.510000000000001,-8.950587158203128,-23.224856811761857,-12.843808470518857,-4.272284975842701,-6.896268274304394,-16.4118939467159,-2.7324727461549276,0.6851807331987304,1.1785108611018162,0.0
266.451585,109,894.385922,109.0,174.61284323316656,34.48417842620127,39.50119088436823,9.450000000000012,-3.8899999999999992,-11.86128451824188,-26.541509461402896,-16.158401191109853,-5.020926215497526,-16.929759334090598,-16.079194835913626,-4.11555239145715,0.6877223633643325,1.4992347521342448,0.0
466.311843,193,903.211659,193.0,298.0171626091557,67.2265744313836,71.92169622522282,15.300000000000026,-5.6499999999999995,-21.20279970169067,-47.79954718798401,-29.12114728361871,-8.83708917557656,-27.35995375531643,-31.785748057128117,-7.397305308493986,0.6049358117647111,2.3350522334117847,0.0
572.81533,237,913.379956,237.0,366.1648508791866,77.40487274581905,91.06743729971126,21.74999999999997,-5.8000000000000025,-26.503800508975985,-57.85599120259281,-37.761301743941345,-11.643313818029807,-29.240469146349955,-40.12889783835734,-11.638056946544541,0.6691010669113026,3.1715390571595745,1.0
534.091729,216,922.447951,216.0,314.9218016026837,75.00533671052851,77.71943585048206,20.549999999999983,-5.16,-21.33375555038452,-52.416676574945484,-33.96993222668793,-10.111012809776726,-22.114118673760807,-16.988680846671695,-8.010668190743452,0.6268607544757704,2.708038459335328,1.0
443.022348,175,929.87011,175.0,276.1495787143727,62.69281114353578,64.06107739027209,14.700000000000024,-4.4799999999999995,-17.873633127212518,-44.02230920493603,-27.883354311677998,-8.719802630616387,-23.08995392027954,-16.680032718634006,-6.832033004832863,0.6428167876591911,2.249858756807169,1.0
1005.402162,502,950.693295,502.0,524.5484654533493,177.12886882324057,192.437662461483,37.199999999999825,-14.650000000000013,-51.26354552030566,-131.1792764186859,-77.48580534819295,-23.63586988131577,-33.59991948440438,-75.70272420657608,-20.3956940102404,0.23336073032947202,2.3429417325078994,1.0
1049.215173,408,967.619863,408.0,646.7782288075695,149.97812306903285,158.11739090716824,36.149999999999835,-13.44000000000001,-43.52028389692309,-97.82423926219343,-63.25360156219094,-21.85372451649349,-53.08471747642904,-40.119876562740124,-16.71212649927078,0.4545394082608046,3.7090415714081653,2.0
284.549315,122,972.567095,122.0,177.42246779430778,40.66285890046381,44.48901931867241,11.400000000000016,-3.0899999999999994,-14.693023898601531,-27.203543233871464,-19.779223772106512,-6.554460503046167,-13.53118374163426,-21.026029601277614,-5.54756580083884,0.5645806974390881,1.377576901751375,0.0
224.486645,92,976.579556,92.0,161.47799323912423,30.178085365766915,34.02794663962088,7.500000000000007,-0.8699999999999999,-11.241179003715517,-22.83928822576999,-14.74184609703737,-4.388450604085147,-29.79860390378309,-11.820047296076744,-4.997965569396915,0.6603138689046169,1.2149775187844951,0.0
231.689087,91,980.500504,91.0,167.65649567203792,27.709542927046567,31.467654335771105,7.500000000000007,-2.669999999999999,-10.665381956100463,-21.792028781771666,-14.342475954227826,-4.40213768421407,-23.205614263602765,-12.982520720531328,-3.584446873841234,0.9160879387220929,1.6672800484742092,0.0
541.927046,213,989.555932,213.0,340.78901940549093,77.48914533907393,78.62379831615806,19.199999999999996,-7.040000000000001,-23.96927612066268,-52.16687412038446,-33.010261008042605,-11.436199869521786,-27.251681377327344,-23.39340653101774,-8.907218381777406,0.5622141081896062,2.3950321008877222,0.0
239.779321,91,993.371278,91.0,173.4426707678645,27.42665470126728,32.7140003488979,7.950000000000008,-2.2099999999999995,-11.485356755256651,-18.060527569055562,-14.20592958596113,-4.875204907681456,-20.454377461624272,-17.48847661958947,-3.9741323362798053,0.9417375533505696,1.7139623470980367,0.0
316.836954,122,998.593543,122.0,209.55690809771272,42.36495533556913,43.338579445778095,10.350000000000014,-3.399999999999999,-13.710849900245659,-23.839995439350595,-18.274305021037385,-5.512311765684705,-23.495859020037408,-18.062964704404504,-4.47720342982172,0.7418659874571348,1.810153009395409,0.0
402.081152,162,1005.459116,162.0,246.32510751699408,56.10188075648078,58.92322351078927,15.000000000000025,-3.769999999999999,-17.50792907714844,-36.730375030636765,-24.758018798507482,-6.890737548315227,-18.183639740714867,-21.562352176458575,-6.866007004496136,0.5115658835565504,1.6574734627232235,0.0
483.989199,178,1012.960587,178.0,323.1061580081912,62.39935850927085,65.78848132396521,14.400000000000023,-5.320000000000001,-20.08841008663178,-41.6146561190486,-26.02962283786659,-8.935478123557056,-30.59974528718375,-20.190964580329798,-6.925922252841559,0.49682438118573297,1.7686947970212095,0.0
178.222144,71,1016.021015,71.0,110.28607982091908,24.689235842478205,24.455843437336153,6.450000000000005,-2.34,-7.743841147422792,-17.486324557662012,-10.573299309969851,-2.9207470150625388,-9.5918929828903,-5.628771952392086,-2.374138209562817,0.6939972258342478,0.9854760606846319,0.0
135.506501,59,1018.460058,59.0,90.80274289908554,18.023005427916193,19.78132036534782,4.950000000000001,-1.3499999999999999,-6.805109982490538,-12.656255716085434,-8.886081031877888,-3.070874784712793,-7.100270299486499,-14.979410858897966,-2.202564877948677,0.748443680838313,0.8831635433892093,0.0
486.039166,163,1025.477804,163.0,332.07933503963426,55.55403856858667,60.9019061165201,15.900000000000027,-2.749999999999999,-18.71367650270462,-33.384142634272564,-23.893576985032663,-8.68598611072756,-32.542528944856194,-14.918959995287258,-6.507242737044332,0.8619416007326958,2.8099296183885882,0.0
293.074231,117,1030.339908,117.0,183.60802516373028,40.24503226017194,40.845983869566886,8.85000000000001,-3.709999999999999,-12.911068634986878,-29.787165613472478,-17.656062307827508,-5.773457467484473,-11.827899517563083,-11.592095251164732,-4.217061469353613,0.7033442371819437,1.6458255150057481,0.0
509.225358,192,1038.406522,192.0,328.3680414750533,66.68396390820222,71.37732518458414,17.85000000000001,-3.9699999999999998,-21.17928879261018,-42.59073844552041,-29.766145639670114,-9.920883686995785,-27.737627937169137,-24.66453856354571,-7.224749619986438,0.4650433424594315,1.785766435044217,0.0
252.611302,103,1042.131823,103.0,169.96931688947006,33.768465406627826,36.4017670741851,9.00000000000001,-3.21,-11.923557887077344,-24.787440767884256,-15.612874978712044,-5.208817126970428,-22.278162507362808,-12.405063698119818,-4.102330395232754,0.32246746913029306,0.6642829864084038,0.0
263.858837,115,1046.763216,115.0,150.76748880925516,40.35346570334331,40.27068655741157,11.250000000000016,-4.66,-12.311626038551328,-29.04066328406333,-17.467426251121836,-5.742676486145747,-8.857670935890779,-11.800387758364684,-3.902353731334338,0.6626653329966486,1.5241302658922922,0.0
331.585236,132,1052.418662,132.0,231.36910962095723,43.287175074995424,48.54006228384601,10.350000000000014,-4.780000000000001,-14.860563821792601,-29.830178093910217,-20.368111901903156,-6.695284732793105,-30.228146712475368,-21.94610954807518,-5.252716155300244,0.7941761601477487,2.0966250627900567,0.0
495.933016,184,1060.167266,184.0,332.83686748055175,65.18842092592011,69.84731271152106,15.600000000000026,-5.09,-20.34249838829042,-45.768808758258785,-28.2559895301375,-9.108368808879142,-25.003121435528424,-30.21520228885598,-7.755596084072689,0.14140681795773605,0.5203770900844686,0.0
294.746525,115,1065.115094,115.0,196.04565234991472,39.88527200915838,42.58785833907741,8.40000000000001,-4.1,-13.724375624656684,-26.321067183837297,-17.847523687151362,-5.657386730121575,-23.103193848508383,-12.000211070425685,-4.418499610385562,0.7813942956235563,1.7972068799341798,0.0
284.55036,134,1070.638839,134.0,172.1523391114543,42.03359356367751,48.10390988833165,10.050000000000013,-3.7099999999999995,-15.68723195910454,-33.07739958316088,-20.322746650092743,-7.296488170452074,-19.8685195207383,-16.561964978881587,-5.2651315867661035,0.6086537341369987,1.6311920074871569,0.0
533.511667,208,1079.524479,208.0,332.1854068904467,72.58532253833269,79.15470186023597,18.300000000000004,-6.800000000000001,-23.550778417587285,-42.39574880003928,-31.09198705407574,-9.62674700226377,-30.690876739436092,-24.63106171920061,-7.926564484512874,0.5998084139817887,2.4952030021642413,1.0
356.861913,145,1085.720437,145.0,232.05461657491077,47.70487139153401,54.87776294590054,12.000000000000018,-4.379999999999998,-17.24945960998535,-31.70680298954248,-21.917558834742167,-6.31829371329454,-28.863558232823493,-17.92081980461081,-6.418844256022626,0.7600914626889708,2.2042652417980153,0.0
188.023784,75,1088.788688,75.0,137.15940904144094,23.44277717386415,26.2373085405368,7.050000000000006,-2.6999999999999997,-8.881048562526697,-17.437623342871667,-11.549499704475961,-3.0509203468556807,-24.174912883021033,-9.899714218195658,-3.1719921219307254,0.9088575657912624,1.3632863486868936,0.0
373.706437,141,1094.753498,141.0,247.83548967360355,48.321448553588326,50.70134878338253,13.20000000000002,-3.0599999999999996,-15.88288909435272,-28.299568133056148,-21.5286337293362,-7.38007342855198,-26.229001384692925,-20.154551883827665,-4.817132299530495,0.771531848235213,2.1757198120233006,0.0
175.521008,103,1099.219747,103.0,129.78009217276582,25.83429185866817,30.533200358071916,6.900000000000006,-3.38,-13.459450035095214,-17.80661480799317,-15.343296888082577,-5.608979557529984,-6.470459141011835,-54.86928492243241,-3.5884910361429583,0.5710292987214675,1.176320355366223,0.0
452.766283,181,1106.969973,181.0,276.31220765238294,62.786772436687585,67.30159565490474,16.050000000000026,-4.3500000000000005,-18.957501025199896,-38.989847737550754,-28.069415523117595,-8.150973248316497,-24.39223928659306,-21.17372866655936,-6.600587694409835,0.6663720541354543,2.4122668359703447,0.0
525.427806,186,1115.005317,186.0,349.9376053245432,63.28837067452512,70.38248598090567,20.249999999999986,-4.530000000000001,-21.636844658851626,-39.619950994849226,-28.080888054785177,-9.29162069402872,-32.69248356274358,-21.38855428681339,-7.190313735761714,0.7559091103897027,2.811981890649694,1.0
426.767362,164,1122.857031,164.0,287.9196287689097,56.01839686569155,61.51710403299125,14.550000000000024,-4.38,-18.46758660554886,-35.445944657921785,-25.61567471707358,-8.042739483355117,-27.1297878096398,-31.386169650764433,-6.769865140488152,0.7475041307087972,2.451813548724855,0.0
357.909343,126,1128.705301,126.0,249.61575732890606,44.41769145876817,46.59753081017265,11.250000000000016,-2.23,-14.9811039018631,-27.226790471374972,-19.25476788412943,-6.480866942321752,-27.560426486738802,-17.17411069883191,-5.063570358957782,0.7605742198519596,1.9166470340269381,0.0
299.743734,111,1132.958474,111.0,212.50434348144907,34.0577932976975,40.39607864627994,9.600000000000012,-3.9599999999999995,-13.013899962902066,-25.804988747835154,-17.020313934630085,-5.718706993994792,-23.084022779186764,-14.892141902848323,-4.320407226724101,0.9096120369861552,2.0193387221092647,0.0
297.209957,115,1138.361105,115.0,181.5998116358592,40.2635879645436,42.32169073137458,11.250000000000016,-2.6999999999999997,-13.148263430595406,-25.829219333827503,-17.630953087460966,-6.200975658528385,-12.622637075335293,-10.854804278586762,-4.238280175175399,0.6814578303869542,1.5673530098899948,0.0
205.530391,80,1142.07767,80.0,131.80708334071045,29.224755889564012,27.849434744348546,7.950000000000008,-3.1199999999999997,-8.915176081657405,-19.446318295598033,-12.127548122706521,-4.765991194272835,-13.49829728586108,-6.692625116763565,-2.734926736760458,0.7580283419435766,1.2128453471097227,0.0
669.696334,236,1153.270425,236.0,437.4400666148149,83.40868460935928,90.25903167954236,23.699999999999953,-5.840000000000002,-26.26191860675812,-47.14860321730375,-35.60695263569134,-12.63916055681378,-39.5595556415212,-25.99797057077641,-8.057287771020174,0.7330114287276408,3.4598139435944644,0.0
539.753688,204,1162.274205,204.0,350.4445286724197,68.42499289023002,78.00705204441323,19.64999999999999,-5.450000000000002,-24.137827434539798,-44.335046228766444,-31.303688653001906,-9.64597329068331,-39.62576608096241,-18.426083520090764,-7.848500496548624,0.6358271995712975,2.594174974250894,1.0
641.341727,242,1172.702377,242.0,437.217031827848,81.2489790044238,93.552102889051,22.199999999999967,-6.7700000000000005,-29.116525893211357,-53.19884150326253,-36.77843109012002,-12.805787622804994,-48.02417033619163,-38.19068067332235,-9.991949751187324,0.6504415367457321,3.1481370378493434,0.0
426.981034,155,1179.510941,155.0,283.875123515017,57.07755862320227,57.11708039882257,14.700000000000024,-4.48,-16.929594385623936,-33.637646076083186,-23.532391053714502,-8.137622795690799,-29.228584159096897,-19.59297697149309,-5.249913386553951,0.7849888661593541,2.433465485093998,0.0
391.976408,151,1185.792,151.0,244.4540468770636,53.82074814881337,55.38553524531021,12.75000000000002,-5.329999999999999,-16.90519700527191,-35.12918466627597,-22.71545651420542,-8.178259215904673,-20.79077827929572,-11.411855969814358,-4.973190521455343,0.6380022624310339,1.9267668325417224,0.0
314.285656,121,1190.784974,121.0,205.70410695138915,39.24235572837821,43.113106872135866,10.350000000000014,-4.5200000000000005,-13.95094433784485,-26.043497687578196,-17.960176916852394,-6.604992191139123,-18.268021468979548,-13.584319043816139,-4.19196199548534,0.7425107582136847,1.7968760348771171,0.0
422.869737,150,1197.267564,150.0,279.8833164498217,53.03847865585393,54.64316705851868,13.20000000000002,-4.579999999999999,-16.794867887496945,-28.786559611558918,-22.544429528205047,-7.092252755613521,-29.579252643013376,-13.495276683208303,-5.0225865322267484,0.7732365330573775,2.3197095991721324,0.0
273.982316,108,1202.189863,108.0,189.45560624648311,33.315506948485734,39.74569193109868,10.050000000000013,-3.0399999999999996,-12.966901574134825,-23.85063657015563,-16.351401638082923,-4.590950137821977,-21.999468289598433,-19.46108403458944,-4.324047167857442,0.7882870946906705,1.7027001245318483,0.0
286.248251,113,1208.122536,113.0,172.35156529216536,37.726948309816244,41.356372557930555,10.200000000000014,-3.4399999999999995,-13.016737635135646,-22.299083332717412,-17.682024618711903,-4.689271302063429,-14.346293605119772,-8.325711187602247,-4.587513249218837,0.6936423371174635,1.5676316818854676,0.0
348.389727,132,1214.3115,132.0,233.57502191742918,43.18131513380233,48.38465337821786,10.500000000000014,-3.4699999999999993,-15.106660647392276,-26.929123237729087,-20.119582218091043,-5.990135260885475,-26.437265232517266,-16.096380528089533,-5.102116113441884,0.809948848708011,2.138264960589149,0.0
358.990855,134,1220.319171,134.0,231.87847657088662,48.41685030122282,49.784684774136785,12.75000000000002,-4.76,-14.022013285160066,-32.410260874032964,-20.045787224086926,-7.083864719370911,-26.27114524736691,-8.987647920754513,-4.258437607291175,0.7493411126323726,2.0082341818547587,0.0
306.815209,110,1225.139433,110.0,205.6810641657638,34.97823385357652,42.28027170020409,9.450000000000012,-2.7499999999999996,-13.130024051666258,-21.33945805802941,-16.076839732171845,-5.382436070671051,-21.131850463129275,-11.408452831338423,-4.355299989562249,0.8907769680887002,1.9597093297951407,0.0
472.278552,179,1233.216375,179.0,304.1964447512461,62.44562887627745,65.49503997162077,16.80000000000002,-5.370000000000002,-20.90569424629211,-35.573607337474826,-26.913630153687976,-8.057099315673112,-34.42105032206891,-18.09919994524762,-6.318280573658146,0.7781973686116205,2.7859465796296012,0.0
335.926242,134,1239.524254,134.0,203.2290095946151,44.583629640484745,49.3613762199891,12.150000000000018,-4.649999999999999,-14.684762754440309,-29.62613344192506,-20.402717823557317,-6.772344812197895,-13.932865517289853,-13.029923993256402,-4.299025240288243,0.5724011422335877,1.5340350611860152,0.0
451.898684,175,1247.34305,175.0,296.85107613265984,61.80093336065263,65.19046883044201,14.850000000000025,-5.650000000000001,-19.914723215103145,-35.77818476334214,-25.977386699476114,-8.753660746182499,-34.24853703970982,-25.82772773841475,-5.643573685352856,0.7643915477779369,2.6753704172227795,1.0
380.490594,143,1253.746843,143.0,238.35288302526598,50.768638057285074,52.91354790989539,13.500000000000021,-4.77,-15.527033667564401,-28.516695547103872,-21.398729107158715,-6.861912295614882,-23.818977509945718,-12.519391415579145,-4.631735735311418,0.6900256813197869,1.9734734485745906,0.0
285.135227,116,1259.497524,116.0,173.92230494881363,41.4519167603544,42.16510102177156,10.050000000000013,-4.950000000000001,-11.710579366683962,-27.156965297460562,-16.968482424254905,-5.751603646679081,-19.022637182264578,-9.319053335634301,-3.5747742544709475,0.7035395352598868,1.6322117218029373,0.0
153.539053,69,1262.496821,69.0,91.13915717886921,22.715076080589768,23.323700365457633,6.0000000000000036,-2.1399999999999997,-7.519115593433379,-17.58747143149376,-10.562373803779847,-3.3831446046900804,-5.77651432647866,-9.12797376176388,-2.5422870491946488,0.6232619470780616,0.860101486967725,0.0
571.586506,191,1270.672271,191.0,386.9632022212298,66.45776648905535,72.78096846312438,17.85000000000001,-5.3500000000000005,-21.5684365940094,-37.618558740615846,-29.300152740687192,-10.810269818856904,-33.347290276497326,-18.713610740427995,-6.757112212908952,0.8704662502960362,3.3251810761308587,0.0
448.291728,164,1277.570051,164.0,296.92563908805994,52.98703491159786,62.05780292929663,14.850000000000025,-4.780000000000001,-18.886490864753718,-28.780622979998565,-24.22050104411628,-8.741861610059699,-32.316359672770886,-18.770216768001557,-6.0326964846418205,0.6559721096948659,2.15158851979916,0.0
409.38465,146,1283.703593,146.0,277.871425970165,47.04143030590227,53.45852634447269,14.700000000000024,-3.439999999999999,-16.620373675823213,-27.208906330168247,-21.859697424812786,-7.397937337660406,-32.30441207716306,-15.27215269936614,-5.583253112563811,0.6127436971599145,1.7892115957069503,0.0
205.608724,125,1288.952608,125.0,99.2242519640897,38.790280545006304,43.42837660753762,6.750000000000005,-6.210000000000003,-13.562768282890323,-31.397143435478217,-19.13862178507627,-6.4753053367318785,-4.806076676404363,-21.452852339309445,-4.5414177140510406,0.4059353837856463,1.0148384594641158,0.0
311.460188,141,1294.623448,141.0,185.54808083939471,45.2347070094499,49.54640744971935,11.400000000000016,-4.18,-14.143835821151733,-31.89161661267279,-21.373095706744202,-6.246787873516793,-21.295388859145024,-17.401901694578427,-4.736380775007455,0.60129271404796,1.6956454536152472,0.0
499.053779,173,1303.068247,173.0,329.22801352424256,58.658344062715834,64.9588045233575,19.94999999999999,-4.6499999999999995,-19.201075227260596,-33.042879745364196,-26.577465731675968,-8.580070852995544,-32.80005254822015,-15.690638997049584,-6.199199837821741,0.616451232919243,2.1329212659005807,0.0
272.552631,121,1308.411773,121.0,168.51215930692632,39.54033568812762,45.831593997181315,10.350000000000014,-5.290000000000001,-14.25549844741822,-29.7917761668563,-18.969026812543884,-6.684419090765725,-10.969429693465559,-21.550959477423344,-5.170348788035792,0.6560634679585614,1.5876735924597185,0.0
388.131356,139,1313.537458,139.0,264.8950341160877,47.27029141493742,49.89651842238169,13.650000000000022,-3.9699999999999998,-15.431050653457639,-29.732947946339838,-21.490376968072855,-6.249183050402385,-35.515932046433576,-9.08036515221986,-5.11063238346711,0.8970100220023158,2.493687861166438,0.0
291.118185,105,1317.804363,105.0,198.55278745879258,35.75411603431988,37.09252254255816,10.200000000000014,-3.3000000000000003,-12.09421834468842,-20.947255070507527,-15.893390955101587,-5.4956856566635945,-28.185225205704135,-5.557632614570402,-4.007833541182646,0.9052763455810283,1.9010803257201596,0.0
226.675591,87,1321.985659,87.0,147.88478052240572,30.806205206246663,30.68301044536489,6.150000000000004,-3.009999999999999,-9.310048675537109,-19.370763489604002,-13.466115690066498,-5.271627697381818,-15.22060003011572,-7.12124708051284,-3.0780028484899606,0.7659455065966985,1.3327451814782554,0.0
373.020053,133,1328.119331,133.0,254.68563502225186,46.55594900629682,48.74419211489725,12.150000000000018,-3.829999999999999,-15.037983479499822,-26.820444484055045,-20.741338811447505,-6.667490208409764,-28.07560170561308,-16.181198591575647,-4.761665672901779,0.8402926571483386,2.2351784680145808,0.0
323.913724,116,1333.073744,116.0,229.849337085374,38.75441061743286,42.457889165973036,10.800000000000015,-3.1999999999999993,-12.693855853080747,-24.495490226149556,-17.785228952723674,-6.855775597971656,-33.48087132033717,-10.83848089215576,-4.598209784324039,0.8251040055703084,1.9142412929231154,0.0
1067.343945,347,1347.78349,347.0,723.434779346143,121.44282058557792,133.69541033898093,37.49999999999982,-9.24,-39.619133229255674,-63.293148368597,-52.28672440426707,-16.34427151613455,-66.783222155052,-34.76722970179303,-13.39533572787292,0.8275132297981856,5.7429418147994085,1.0
320.625132,117,1352.702492,117.0,221.23382524244502,37.52709009258142,42.852644362469256,11.250000000000016,-3.399999999999999,-13.263060564994804,-25.57406831085681,-16.798960960276627,-6.288687816284376,-24.83589018310746,-14.563341123493375,-4.514418428565845,0.7689087815028917,1.7992465487167664,0.0
342.469389,126,1358.178747,126.0,228.31827427676313,44.067561618918305,46.31217273607055,12.000000000000018,-4.3999999999999995,-13.836056303977967,-26.334053842723367,-18.159051071951357,-5.489716662377595,-28.21146563188271,-13.944755261575388,-3.8535207180799667,0.6981214468960263,1.7592660461779863,0.0
539.631524,183,1365.877617,183.0,372.45264396974784,62.13490372535348,68.82842779324024,16.65000000000002,-4.219999999999999,-20.99022780895232,-32.007835355401035,-28.107342071612706,-9.120923761886012,-40.94847150210932,-20.45989472176736,-7.579756425818573,0.874237048110389,3.199707596084024,0.0
251.63507,106,1370.461141,106.0,161.9309446732145,32.72768573161939,36.933444609147045,7.800000000000008,-4.209999999999999,-12.064603624343873,-21.053262057900426,-15.925227451444451,-5.102994404763184,-16.008606496367005,-15.207210143948462,-4.18510092512489,0.6921607148079072,1.4673807153927634,0.0
208.727766,85,1374.026974,85.0,134.63045346778608,27.368234925176793,29.11224345191512,7.500000000000007,-2.869999999999999,-9.491759247779845,-19.87029705345631,-13.05478405538367,-4.288893936280156,-13.382321213310258,-9.00187356511676,-2.923236364779491,0.6712055243774082,1.141049391441594,0.0
436.025007,154,1380.509485,154.0,299.4993738424006,53.22402740592738,57.42803320460231,15.000000000000025,-4.499999999999999,-17.61959052562713,-29.59917755872012,-23.843731867167957,-8.357502237414064,-30.967594805943957,-22.116965807172516,-6.121864332451462,0.8482494288582257,2.6126082408833353,0.0
429.679802,160,1387.325879,160.0,275.61659598085566,53.90224307418715,60.40221917249049,16.350000000000023,-5.4700000000000015,-17.82534259319306,-33.02201225832104,-23.930351659573844,-8.051664658320584,-27.98011718271154,-14.850666227395827,-5.461101212505049,0.7395804829236075,2.366657545355544,0.0
662.026661,237,1397.24854,237.0,436.10556551614195,78.53183120356172,90.07820785622326,22.94999999999996,-7.480000000000004,-27.726244559288013,-46.21055048406125,-35.227082252909945,-12.441595272723344,-36.650952292680564,-27.82813083431858,-9.07438764931059,0.8000974529827007,3.792461927138002,0.0
529.96889,185,1404.168697,185.0,352.2464087160847,60.7072713686077,70.35096231217003,18.000000000000007,-5.439999999999999,-21.48417778491973,-32.959953619539725,-28.20268794809015,-9.77828669210854,-30.450894960830503,-20.016894624097056,-8.002856490181697,0.7583053655136667,2.805729852400567,0.0
473.945876,167,1411.119261,167.0,333.97398511913434,54.6473632576805,62.21180919022071,17.250000000000014,-5.340000000000001,-18.627489833831792,-28.554623691737653,-25.707148258995872,-8.343364848177787,-42.313017479972665,-25.911272539373165,-6.340365164811172,0.9278808863868717,3.0991221605321515,1.0
915.727761,311,1424.117037,311.0,594.4831093736566,108.72828316693692,121.6504565643988,28.799999999999905,-10.040000000000004,-35.066704087257406,-55.82530203461641,-46.65587000314948,-15.774662069167128,-48.42989179396511,-25.55682366025362,-11.584834943776153,0.828163332056961,5.1511759253942975,1.0
245.838897,97,1428.107558,97.0,171.49168710811347,32.024512640098685,35.30517367812189,7.950000000000008,-4.319999999999999,-11.241600675582884,-20.69722648859024,-15.10794925969494,-5.571454280660912,-22.665606939053824,-14.412154945862111,-3.9164841210738723,0.8323664031668697,1.6147908221437273,0.0
479.442233,179,1435.555816,179.0,318.8728871711756,60.01472787542281,67.84361055650069,15.300000000000026,-4.949999999999999,-22.164132590293892,-35.62209813296795,-26.879538108489125,-10.100691370937264,-25.521080960968565,-29.65281696713692,-6.698634731284989,0.8466101448932972,3.030864318718004,0.0
552.081178,248,1446.119786,248.0,314.6118635398183,85.01395940225707,92.92968719091022,18.9,-9.020000000000007,-30.845939531326298,-53.56288618966938,-36.22526328221331,-13.196234576623251,-27.149577584690476,-27.370285897382093,-10.004145077880823,0.5312315508087138,2.63490849201122,1.0
368.940958,136,1451.942723,136.0,232.0070923570906,47.78060460725358,50.022555504764775,13.800000000000022,-3.6699999999999986,-15.296946549415587,-23.869018115103245,-20.484005161826058,-8.430114432404805,-23.452890547465405,-10.678885763317536,-4.78743371018013,0.4399488495998835,1.1966608709116833,0.0
737.661445,253,1462.798059,253.0,533.6788226521819,81.40912772803352,97.17771730369685,25.799999999999933,-7.710000000000003,-31.67147396087649,-40.010328539460914,-38.97630077513657,-14.406339319291487,-78.24704397389283,-31.305005106230837,-11.077731272499019,0.4505261573695488,2.279662356289917,0.0
955.384397,350,1477.26111,350.0,587.9375933526301,122.8292272397176,134.51072348795765,33.89999999999986,-11.880000000000008,-40.77390697479247,-63.02655848041179,-49.835390968512186,-17.449537474898502,-49.30242233288315,-28.922012300596556,-12.603318137717652,0.5031470024330504,3.522029017031353,1.0
696.799164,237,1486.512775,237.0,461.8883183310084,80.5202499757059,90.6957010171317,24.749999999999943,-5.7700000000000005,-27.338412637710594,-39.61883655637503,-35.118381009458446,-12.327992762800802,-50.2847633050906,-19.051365466161947,-8.545353197378054,0.6001704576267579,2.844807969150833,0.0
479.309452,177,1493.505376,177.0,310.70523002029483,63.47232342202952,66.07479385440956,15.900000000000027,-4.65,-21.091858677864085,-34.93900965377688,-25.630612643513185,-10.144325140435907,-30.390475117333462,-20.716294965801584,-6.280318891652975,0.6841160638664016,2.4217708660870616,0.0
221.894735,82,1497.047679,82.0,146.95667642493714,27.392814714743842,29.31514527905372,6.450000000000005,-1.9299999999999997,-8.79514989376068,-15.706565609574314,-12.160805111794515,-4.148557221827858,-14.584601464647594,-9.980490519545603,-2.9137320722619804,0.7636832918852126,1.2524405986917486,0.0
670.641204,229,1506.692461,229.0,456.1142431089941,78.26886553736703,87.11202575609421,23.699999999999953,-5.800000000000001,-27.366922917366015,-37.4924236677587,-33.79678265378439,-11.533199266027989,-50.78416694763999,-28.335217321415946,-8.445217349094465,0.625410877684012,2.8643818197927753,1.0
625.754474,219,1515.929713,219.0,403.16105698279387,76.86530222456459,82.96005511749189,22.649999999999963,-7.5100000000000025,-25.98307835102081,-38.52272306978703,-33.00421374779765,-10.125642767545633,-34.75022192334582,-20.878935803019715,-8.107125146903291,0.5829897154294492,2.5534949535809877,0.0
443.280492,156,1522.548197,156.0,320.6412547471243,50.40479329679574,59.64469405041178,16.50000000000002,-4.209999999999999,-18.292155413627633,-26.45934956297278,-23.580024340073088,-8.231948596790012,-48.6615820067208,-24.756186445199443,-5.719003275811656,1.0339033231588295,3.2257783682555483,0.0
624.613544,210,1531.278956,210.0,434.7214820315533,69.83582048180607,80.63390405464267,20.69999999999998,-4.1,-25.26551699638366,-35.12266682237388,-30.871112154999814,-10.632859887351584,-57.34768890842618,-19.960073423500013,-7.9777440980124945,0.4482419437848988,1.882616163896575,1.0
242.883026,106,1535.694474,106.0,158.70561601551765,34.35109321061589,36.48188070322141,9.750000000000012,-3.9099999999999993,-12.309406013488765,-22.316457533836367,-16.104776979817245,-5.161986411082553,-19.007544982866275,-19.8684769701027,-3.7269150050010507,0.7460176307003035,1.5815573770846434,0.0
296.303173,121,1540.775855,121.0,206.06468926969185,36.057204343597554,43.78236348182786,11.250000000000016,-3.719999999999999,-13.373893933296202,-24.911773385107523,-18.61357041438254,-6.0798024466354414,-31.180003065293363,-19.44643020129446,-4.5256109772191415,0.8683792637047569,2.101477818165512,0.0
641.86895,215,1549.699738,215.0,427.9901902392951,72.25100652026188,82.80461694017488,22.649999999999963,-5.590000000000001,-25.24611363887788,-34.66066714525223,-32.234795437322106,-10.510539797366068,-46.803586548404155,-16.31022549773146,-7.470935296785673,0.8361310215782479,3.595363392786466,1.0
933.781286,314,1562.775562,314.0,609.0432985101663,109.7246952715084,120.90738748210511,34.94999999999985,-7.3000000000000025,-36.010115275382994,-51.065196339041016,-45.16735949788856,-16.215866422021126,-65.31319298739537,-22.8899963982449,-10.88236840044616,0.6338188556300807,3.980382413356907,1.0
970.668337,329,1577.398602,329.0,648.1252775575017,108.7509387994645,127.64918263312616,32.39999999999987,-8.180000000000001,-40.1285721063614,-55.54766208976506,-46.616941113836944,-17.70123519804519,-65.76890962657575,-29.66292828449964,-11.650813465312378,0.7201856079965167,4.738821300617079,1.0
653.857056,260,1589.935214,260.0,383.8077528008706,88.61741813573667,99.58040696333924,25.349999999999937,-8.320000000000004,-30.967711176872264,-52.87817398905757,-39.11241092493356,-12.668232583643356,-24.814443327616154,-25.109615561131186,-9.627934058420237,0.7041993185208059,3.661836456308191,1.0
2019.884373,696,1621.112797,696.0,1295.5493804359564,237.3343016721041,269.55752524102775,71.99999999999987,-17.730000000000008,-82.84622748374943,-115.77696936056024,-101.91986267024765,-35.616660141784116,-103.40505912070898,-66.59465743421076,-26.667398495703697,0.5916339316129159,8.23554432805179,3.0
901.769419,311,1636.284744,311.0,625.008930300145,107.96541207743964,119.84896153214856,29.099999999999902,-8.000000000000002,-37.07652206420897,-52.59213549345732,-46.31399104259081,-15.898313112305893,-69.38231724835994,-49.20248001519335,-12.68812569692353,0.20498514496553924,1.275007601685654,1.0
291.456848,121,1641.787256,121.0,197.17756023302843,36.76545061932778,45.011171311566386,10.200000000000014,-3.55,-14.980919418334956,-22.607529178261746,-17.151119210751407,-5.195212685452973,-30.677677756054344,-20.099225126058702,-4.435650711881089,0.7450725368827321,1.8030755392562117,0.0
243.031018,109,1646.955123,109.0,140.64378299162337,33.979443605326786,39.66989552357172,8.250000000000009,-3.8999999999999995,-13.69023772716522,-22.576088285446158,-16.145699444946747,-4.496162058606944,-8.900717703356941,-14.84443458262772,-3.958763932912531,0.725695499236272,1.582016188335073,0.0
406.229833,143,1653.322077,143.0,272.09496817081936,47.64541552183513,53.24909905570417,14.700000000000024,-2.7999999999999994,-18.01581513404847,-21.351809318363664,-20.82730431507983,-7.366634587719326,-34.0342368852942,-13.698125963208078,-6.365723776624139,0.8814491225607793,2.5209444905238287,0.0
746.107745,264,1664.967411,264.0,485.320388372345,92.08656183257443,100.21529519128119,27.29999999999992,-6.880000000000003,-32.68841346740723,-42.92513094991442,-37.76864616148727,-12.332260079378202,-51.25172337398038,-28.38127758735398,-10.587048634093133,0.7651663904272652,4.04007854145596,1.0
707.460266,247,1674.524725,247.0,462.3208254356549,86.50081917805693,93.10008317337764,25.649999999999935,-7.980000000000005,-29.49345902919769,-41.66438142582775,-36.94267080831726,-12.253913139318493,-51.745562086454626,-17.635347209667263,-9.396127795201663,0.6979673403491736,3.4479586613249182,1.0
1233.824134,399,1692.038525,399.0,830.2100301277304,138.14085892398938,153.82025775310228,44.09999999999976,-8.630000000000003,-49.910468325614936,-58.03554713651541,-57.75471640648281,-19.017565654656305,-84.91002679305132,-38.25055888616778,-14.938129988761315,0.8939639754139698,7.133832523803479,1.0
346.171543,134,1698.002756,134.0,223.24104802675413,48.16705795436181,50.00865512353661,13.20000000000002,-2.67,-16.134527831077573,-24.52089896649124,-20.48761213091472,-6.094902228514185,-29.814988561326373,-17.020089742887237,-5.702198349273034,0.8015684129162841,2.1482033466156416,0.0
561.151449,192,1706.749857,192.0,404.574928001008,61.73328141103758,72.2419922225686,22.199999999999967,-4.700000000000001,-23.822783479690568,-29.886174406111255,-29.04887581052653,-9.330574370731643,-64.09846587715461,-22.632415870816736,-8.079463164556739,1.0859268729593319,4.169959192163835,1.0
751.153882,258,1718.654564,258.0,479.532749678946,93.46995202709239,96.62220859364352,24.599999999999945,-6.560000000000003,-30.62043593883514,-42.82413136139512,-37.38724266692697,-13.088043460488551,-45.33823595002156,-16.62710443269214,-8.625834539796012,0.2981923387019847,1.5386724677022412,1.0
45.961314,78,1722.047463,78.0,-13.70516551133965,23.841219265168736,26.37612929098376,2.849999999999999,-3.09,-10.506758337020873,-21.50960873365402,-11.900894925149402,-3.4008858107871642,-5.03924105117679,-13.095652213816397,-2.8578283706250023,0.005066038938204451,0.007903020743598943,0.0
472.711971,173,1729.31334,173.0,303.3144534510699,57.98571299406032,64.13254451643655,16.050000000000026,-4.2299999999999995,-20.817261500358576,-30.55127134248614,-25.197524791975415,-9.09590326511127,-29.744657708088024,-15.856257991188334,-6.277863532375141,0.576172088821396,1.9935554273220302,1.0
1083.966966,405,1746.67551,405.0,675.5148907720592,140.3809350742964,156.63757459250303,37.349999999999824,-10.970000000000006,-46.32587529897689,-70.22539162412282,-59.89698345149056,-21.158986543192142,-57.97263111391767,-49.207082411760844,-15.159484482802808,0.7270981030093384,5.889494634375641,2.0
428.82088,157,1753.467802,157.0,286.43157910837186,53.13053843048526,57.5873547973215,15.300000000000026,-4.489999999999999,-19.491089830398575,-26.640023136138918,-22.394611232016313,-8.109820670570555,-32.56035638608971,-21.22288077438779,-5.719810747636232,0.8510018727753356,2.6721458805145537,0.0
351.430164,128,1758.067261,128.0,234.27409667579943,41.50093315566927,46.989420546642066,11.550000000000017,-4.2299999999999995,-15.860355620384224,-20.59896470606327,-18.526699363749614,-5.882012434565741,-24.176790663924574,-17.40424653530771,-4.205217209085262,0.8620926325496308,2.206957139327055,0.0
365.705806,128,1763.483336,128.0,248.32010450024032,45.658628692170545,47.22016925824635,13.350000000000021,-3.2399999999999993,-14.806189861297602,-23.207051587104793,-19.45689324941878,-6.063065587992918,-31.448220545352015,-14.205541099117802,-4.416134646046437,0.9087095195024328,2.326296369926228,0.0
105.982787,130,1769.078881,130.0,-2.7433127776318242,40.692628230529664,45.36830412335688,6.300000000000004,-4.21,-16.078755049705503,-32.41753080785274,-19.020662349776266,-5.989884763703923,-9.739852240805885,-21.57075918665744,-4.607388608011005,0.2948700470960032,0.7666621224496083,0.0
944.446372,316,1782.485025,316.0,606.4575127124239,110.5805921313604,121.45111579704131,35.69999999999984,-8.940000000000007,-37.15458922863007,-50.38224610090256,-45.940478056838295,-15.785177655757167,-52.35684485688451,-24.111270866268367,-11.072242144431684,0.6535568253086567,4.1304791359507105,1.0
558.916995,188,1790.473038,188.0,378.9654463203288,64.54647528160764,71.10556132880546,21.299999999999976,-4.17,-23.430161366462702,-29.867744117230167,-27.628788202827547,-8.842032264234627,-49.370290289456015,-14.613635893420913,-7.077835333968529,0.9079171774047186,3.413768587041742,1.0
203.859079,77,1793.733884,77.0,134.66968783666118,24.45149543747588,26.9859289124234,7.200000000000006,-2.16,-8.6573215675354,-15.13399547487497,-11.0688214539404,-3.57567307666998,-16.33212702791519,-6.935697293469702,-2.5843977205443576,0.812374437565028,1.2510566338501432,0.0
392.341608,140,1799.744294,140.0,256.1133325734247,46.593714681113426,52.71929419327656,12.000000000000018,-3.6799999999999993,-17.244106225967407,-21.550212530791757,-20.403292599962608,-6.9993076647736805,-25.999594001274804,-13.780772164059716,-5.427447954023034,0.5562394636361413,1.5574704981811958,0.0
538.560203,181,1807.044472,181.0,374.1512200277381,58.64614008736304,67.78032247230861,20.549999999999983,-3.509999999999999,-22.142478246688842,-31.27999336682258,-26.89227352054292,-9.172319533733901,-41.47803773681274,-22.40232340450199,-6.690053758284219,0.9339027185201677,3.380727841043007,0.0
425.41595,150,1813.257224,150.0,295.7926945600826,45.97903555416185,56.090172147332645,15.000000000000025,-3.7899999999999987,-19.83919419765471,-23.906477266550063,-22.242383611903982,-7.697408394936483,-31.162531413421284,-22.575349549097112,-6.232607650184433,0.9326410584013339,2.797923175204002,0.0
562.28145,195,1821.836116,195.0,373.4030174311505,66.40800857358451,73.27591879155258,18.6,-3.9599999999999977,-24.794720144271857,-28.202275317907336,-28.578420858509215,-8.886726516463328,-50.15918960700723,-12.081144415002843,-7.743018417775783,0.7978023960455995,3.111429344577838,1.0
616.645874,211,1830.847715,211.0,397.47829686131763,75.47888895428068,79.38911034979367,22.349999999999966,-4.889999999999999,-25.007320697307602,-33.151030360162245,-30.94936574794413,-10.036164725385492,-42.74333496546901,-14.913502050613111,-7.35970376822004,0.3559319217853739,1.5020327099342778,0.0
806.649678,259,1841.733122,259.0,559.0182177060236,87.84542332059239,99.66650923014136,27.449999999999918,-7.040000000000002,-29.953759341239923,-44.00984564721586,-39.618872385220925,-15.571550118016226,-60.56337025093389,-19.488690548317233,-10.084384094820185,0.7162105157604282,3.709970471639018,1.0
712.865891,234,1851.168698,234.0,489.03325360509393,76.9974277162199,88.82460330602706,25.949999999999932,-6.420000000000001,-28.479558148384108,-37.97320331931114,-34.24003180038208,-10.866655858433907,-52.80780876440735,-22.35398013330736,-8.798155495902314,0.9174294575456634,4.2935698613137045,0.0
645.605842,210,1859.936121,210.0,452.1827664821221,69.2585211100155,80.49059829301397,22.349999999999966,-5.09,-25.51958575248718,-30.55529820770024,-31.594286386734993,-10.255127831422467,-59.90650972483237,-17.758533493371168,-7.996702604150722,1.0233640931086159,4.298129191056187,1.0
519.881087,173,1867.236327,173.0,368.1815665710198,54.15594600403839,66.41749088250992,17.70000000000001,-4.14,-20.711147818565358,-27.657642139494413,-25.83239639012576,-9.22529016157291,-41.19419961425893,-23.625718423643043,-7.1875219947000195,0.9834362201555525,3.4026893217382117,0.0
168.52176,67,1869.984993,67.0,110.33437845299541,23.14089110436629,23.520405254195815,5.100000000000001,-2.23,-7.124606871604921,-14.147212359309195,-9.742629787537126,-3.303825125267645,-12.257640088661493,-9.61685957964889,-2.1511412648801365,0.7183979790676789,0.9626532919506897,0.0
545.832969,180,1877.581451,180.0,379.2545581503281,61.8851096215358,68.06302710014792,20.399999999999984,-4.729999999999999,-21.70809359550475,-28.103361457586285,-26.491086299430524,-9.707211394292012,-46.501677193208344,-20.01613020065817,-6.512166119196271,0.9204640861624096,3.3136707101846747,0.0
405.336709,142,1883.62834,142.0,272.03442963612076,47.09917376518779,53.261306366440564,13.650000000000022,-2.21,-17.023995561599737,-20.801668693125247,-21.495306534187453,-6.387971727225158,-33.162364639131184,-16.342353029369043,-5.284540643644019,0.8860333616101359,2.516334746972786,0.0
736.057295,238,1893.697494,238.0,500.1348021646101,80.31209841578419,91.05738146742422,25.349999999999937,-5.050000000000002,-28.410676646232616,-36.42198288589714,-34.97555205605701,-11.754836258158813,-52.53164547197215,-20.4845046974044,-9.16778931022069,0.8726334723690758,4.153735328476801,1.0
911.361968,290,1905.943879,290.0,639.589104236642,95.4835076970925,111.51269738865818,30.749999999999886,-7.490000000000002,-36.082506208419794,-43.18605040386318,-43.10031642937429,-13.993751712775877,-75.78715417149714,-24.81560061625594,-11.517961358039695,0.8310772882478829,4.820248271837721,1.0
544.985486,194,1914.001345,194.0,349.96276310637154,64.8669080494242,74.55027859540324,18.9,-6.250000000000001,-23.947373714447032,-35.044930909574035,-27.326360108305135,-9.692977381981983,-27.506845633960104,-19.588863660530638,-7.937112780866752,0.2743166896624756,1.0643487558904052,0.0
595.705634,199,1922.511985,199.0,403.4225725260895,66.41801095796063,76.66372492067816,21.89999999999997,-5.910000000000002,-24.429304256439224,-34.51730935573579,-28.28454109405922,-10.369217363527197,-41.808451817819495,-18.13996028393275,-8.239890590420336,0.6909809657223536,2.750104243574967,0.0
203.703306,93,1926.426047,93.0,114.13743329199428,30.67747496247297,33.0248847938958,8.250000000000009,-3.249999999999999,-10.429318037033084,-20.2503393381834,-13.106738599545759,-4.399208281437359,-7.803116317511589,-13.164227799703893,-2.983538670443082,0.6356838910399749,1.1823720373343534,0.0
916.021476,290,1937.634179,290.0,639.0087136328368,99.06436648684449,112.54732257307786,33.74999999999986,-6.970000000000001,-36.4777039337158,-42.27500630691648,-42.315615226470676,-15.138545285906055,-82.74551439797537,-21.241653385939024,-11.184888141523597,1.0239100868245705,5.938678503582509,1.0
639.18739,212,1946.683959,212.0,440.6104641271354,70.21919808675865,81.92946116760896,23.699999999999953,-5.17,-26.054570815563206,-34.220779216289536,-31.325924111567655,-11.384811655476367,-48.127636117174404,-25.65457055989397,-7.33344131801618,0.6211006265180897,2.6334666564367004,1.0
476.78518,158,1953.482435,158.0,323.70454661342086,54.41709330607521,60.058281567992765,17.70000000000001,-4.469999999999999,-19.450731754302993,-25.98532180637122,-23.099255850674748,-8.375021551714255,-32.61623413458158,-17.624408280289583,-5.473768187879513,0.9187713508801271,2.903317468781202,0.0
827.461749,267,1964.98862,267.0,566.2907220821937,93.39148694400333,102.45162230201615,28.649999999999906,-5.340000000000001,-33.372966747283954,-37.871386024355914,-40.08090959908226,-15.269091618487412,-66.0922277575173,-20.965106481265586,-11.330393690736274,0.8156211531444072,4.355416957791134,1.0
531.126492,181,1972.588831,181.0,346.19986072613096,60.76176986001515,68.9088460416715,21.149999999999977,-3.999999999999998,-22.025250363349894,-28.552540017664437,-27.496507696266242,-9.058677889583366,-32.57710264376795,-15.854556111548563,-7.329349457124993,0.8846214769640844,3.2023297466099856,1.0
704.121353,239,1982.793887,239.0,482.041085847831,82.40506606022926,91.08153331302042,24.749999999999943,-5.540000000000001,-30.412043719291695,-34.94204871430991,-34.93503653588003,-12.578174522615798,-58.15442297934421,-29.308951801758898,-9.285654312436487,0.5231778474303906,2.5007901107172676,0.0
1081.926813,364,1998.199862,364.0,714.7253674694512,128.70367938587398,141.49903622356754,34.34999999999985,-10.410000000000007,-46.130526480674746,-62.4607494369149,-53.19048903356297,-17.76360675226891,-65.50048714987022,-31.486829783963536,-14.408581468832825,-0.25256022663431793,-1.8386384498978348,1.0
260.880495,101,2002.437065,101.0,189.1928363532941,29.439289670921557,36.71616760249108,9.900000000000013,-3.209999999999999,-12.266077413558962,-18.465512952208517,-14.804957797394232,-4.489087498273229,-31.029578432922857,-17.484790742318832,-3.6177935048327075,0.9722011456801484,1.9638463142738998,0.0
255.556054,99,2006.558669,99.0,179.7858095327199,28.6630091049208,36.087789613967445,10.500000000000014,-3.019999999999999,-12.20816118717194,-19.39026252776384,-15.63056509680332,-5.5653840867889075,-23.142449819354884,-15.13851100594166,-4.385220234462972,0.5936802944241599,1.1754869829598367,0.0
341.716024,119,2011.655717,119.0,234.58481350338513,39.6820203376291,43.018809856891565,10.650000000000015,-4.26,-14.320379786491388,-17.855122487246987,-16.772675552731215,-5.985286794076806,-30.354419297441453,-11.396411400868427,-4.275323892223926,0.8132529118427554,1.9355419301857577,0.0
1580.516994,536,2033.258055,536.0,1032.3328972911552,186.1496679692643,209.68549615645128,56.69999999999964,-13.150000000000004,-66.29851324558255,-81.66400640755893,-77.53924834234908,-26.990901420233254,-102.07573690844696,-50.725049737188186,-21.907611511495677,-0.28441285308253406,-3.048905785044765,3.0
389.619809,147,2039.552328,147.0,266.08032726380475,45.7363816752223,54.10431295309923,13.650000000000022,-3.3499999999999988,-18.118625731468207,-23.745217275619513,-21.391826769419268,-6.9628441036712605,-41.140335803481,-16.842203679447003,-5.4001591895070975,0.8155371905088244,2.397679340095944,0.0
338.283516,121,2044.801868,121.0,224.73057085074277,38.38692620282128,44.78744339216625,11.700000000000017,-2.4599999999999995,-14.824507308006282,-17.737617138028142,-17.77089538954074,-6.471804147405651,-21.43663820764265,-17.63346063565074,-3.986501298310872,0.6536148356138798,1.581747902185589,0.0
479.628103,167,2053.518183,167.0,334.18366241509904,53.70926565200286,63.587876028347985,16.200000000000024,-4.259999999999999,-20.345145115852368,-27.705714281648394,-25.45060623707045,-7.8987002052150395,-45.30554321413536,-16.209820349991354,-7.877171195686738,0.9474060251332029,3.1643361239448975,0.0
433.838781,150,2060.003286,150.0,298.1928573323651,47.93086465858338,56.69330945069926,14.700000000000024,-3.469999999999999,-18.2593054485321,-24.34533362686634,-21.757584090693538,-6.703262996393775,-41.77688798398442,-11.830054560355093,-5.5358216152329724,0.9518002728046925,2.8554008184140773,0.0
1199.731715,392,2076.974138,392.0,787.3039255092959,132.09315377089055,150.5502963228288,44.699999999999754,-9.560000000000004,-46.79284736394883,-57.131448926776635,-57.5444958542126,-19.33658691047707,-72.47198064915018,-30.84119064643328,-13.23710980519878,0.4689912147816132,3.6768911238878474,1.0
439.681241,154,2083.73406,154.0,297.5979720085627,51.39956588783665,57.740463530160056,16.200000000000024,-5.240000000000001,-19.277304239273082,-25.76358507126569,-23.214965298339436,-8.037072186377769,-33.33618538661997,-16.05982470891369,-6.327823575353986,0.6844340747870008,2.1080569503439626,0.0
1009.39197,320,2098.394414,320.0,729.2141732727313,103.68038760112779,123.77017003982584,32.69999999999987,-7.240000000000002,-39.833148870468165,-48.86734468936919,-48.39416574996652,-17.292050301554852,-90.71326883832813,-34.049377594326174,-13.583404389025134,0.28489067711430466,1.8233003335315499,1.0
227.110737,92,2102.20776,92.0,138.28139190250266,26.204252804621767,33.578140255046264,8.70000000000001,-3.3299999999999987,-10.831939344406127,-15.629721209406854,-13.057233194396037,-4.213674113692825,-10.978714634612153,-10.76064308877321,-2.8511223936704106,0.757137405727224,1.3931328265380922,0.0
234.614513,104,2106.033155,104.0,138.57545405463446,33.76594620180295,39.12022743285023,9.00000000000001,-3.94,-11.868466629981986,-20.481028476357455,-15.369166825960168,-4.917053511231695,-11.23392206142288,-18.315022753304063,-3.7224545209769806,0.4499336480881089,0.9358619880232665,0.0
497.970063,180,2114.133558,180.0,314.7218223594044,61.30432877933203,67.74356163300571,18.6,-5.820000000000001,-22.14111155033112,-30.304472985118633,-26.038262032081175,-8.317062501560596,-28.675159739814784,-16.373665334555145,-6.729915776239358,0.25779101962544015,0.9280476706515847,0.0
583.124006,193,2122.660394,193.0,413.67391100361505,62.709131254026694,73.23123189078483,20.099999999999987,-4.999999999999999,-24.49372148513793,-28.8268089070916,-29.193288907833043,-9.849510506240916,-60.60983552988897,-13.68500477115747,-7.9320977812054005,0.6458679808853218,2.493050406217342,0.0
571.580039,200,2131.161523,200.0,378.58813106716843,67.15097344114751,75.01118510787076,19.499999999999993,-5.94,-23.302979865074168,-34.87252508550881,-29.460198646096497,-9.743253362142788,-40.89745841394224,-16.661949127375614,-7.791886439892067,0.849118599454585,3.39647439781834,1.0
305.710804,121,2136.156996,121.0,197.58952596080468,40.626951177306104,43.8016058381032,10.500000000000014,-5.17,-13.670844664573671,-21.127010311186318,-17.885465563979572,-6.001613813954731,-31.24004894938986,-8.117675071668119,-4.594620360971631,0.8256117211898788,1.9979803652795067,0.0
302.274637,111,2140.884406,111.0,199.86783261870352,39.32294098096,40.849019925861654,8.250000000000009,-3.309999999999999,-13.390879611968996,-18.17201465815306,-15.547751901000272,-5.337660316179862,-22.216229896079156,-15.02559464320784,-4.015025155353875,0.7415658527103911,1.6462761930170684,0.0
644.091851,206,2149.668875,206.0,429.8104797169817,71.81151319634664,76.6019302651865,23.549999999999955,-5.420000000000002,-25.87211994171142,-30.536432036012418,-30.154571113940165,-10.150262175037167,-39.5835588305204,-14.374596632752153,-7.590531225287039,0.8694070427304565,3.581957016049481,0.0
557.421974,188,2157.713437,188.0,393.1760034903759,63.40727878466407,70.9978988335267,20.249999999999986,-5.329999999999999,-22.81830423831938,-30.686555381119245,-27.43520480122899,-8.956840629561862,-52.823845496247344,-23.629187057378367,-6.729269782109124,0.5989330178545224,2.2519881471330043,0.0
837.741753,277,2169.469089,277.0,568.299750696834,93.589675951436,106.43134135193283,29.099999999999902,-6.310000000000002,-32.96444701194764,-44.09104154706002,-40.62546729840654,-14.302305447526903,-65.551691961504,-22.7074098138339,-10.126651861776946,0.5379089301687167,2.9800154731346904,1.0
1236.675746,401,2186.540507,401.0,850.1568610874305,138.49898540583985,155.6923135398145,43.79999999999976,-9.550000000000004,-49.94799441814426,-59.87923530526459,-59.83398523151437,-21.70354554564864,-106.28942056745196,-29.253536097322304,-16.014696679714632,1.029974349307125,8.260394281443142,1.0
772.325681,246,2196.198963,246.0,540.7183201445678,79.79232148413931,95.11528817286732,27.14999999999992,-5.1899999999999995,-30.663828954696633,-35.055703380703925,-35.388653580672056,-12.185517367973782,-64.6269816790825,-24.125671571012976,-9.213891989594808,0.6422245672267616,3.159744870755667,1.0
586.409398,196,2204.707575,196.0,414.5196340202884,66.55817246860596,74.0598579362757,20.399999999999984,-5.169999999999998,-24.43996473312379,-31.16290501505137,-28.556978269831237,-9.265236229737344,-52.284543617411984,-26.675030639897255,-7.573607643426926,0.8838410294065532,3.4646568352736886,0.0
359.008349,133,2210.353647,133.0,258.21397485047714,42.962502931034315,48.53108250740309,12.150000000000018,-3.529999999999999,-17.027749285697936,-22.72670166715979,-19.950374216495845,-6.669402458817159,-41.53406035687079,-19.2158148776205,-5.1951084315483325,0.7143011883942902,1.9000411611288122,0.0
651.539523,217,2219.652051,217.0,429.91985414506826,74.08808331803327,83.51147677447895,22.199999999999967,-5.17,-26.291181521415727,-34.531121280789364,-31.355297262988213,-10.222199285758544,-40.78167133678132,-19.67578857228156,-7.1526315615681835,0.7156884419438796,3.106087838036437,0.0
505.815648,181,2227.290456,181.0,352.167326336824,58.094149003825876,68.03988044812999,18.000000000000007,-4.089999999999999,-22.698061723709106,-30.702331511676316,-26.516053114882446,-8.812571975130002,-50.01074106913975,-21.094151458670762,-7.561797084543504,0.5635064782565106,2.0398934512885685,1.0
874.912201,300,2240.068453,300.0,605.3782391419161,102.65233586901026,115.83717282335769,30.29999999999989,-8.100000000000003,-37.21531469345091,-47.072546022385346,-43.93100864297681,-15.625312445992023,-78.66299680643833,-35.880815808916395,-12.767552558958839,0.6390260228002936,3.834156136801762,1.0
379.377875,136,2245.718707,136.0,260.0038688654021,43.676575355430906,51.493163124995675,12.300000000000018,-4.349999999999999,-18.02977808952332,-24.22744507938624,-20.038490230868476,-5.676048273414518,-32.31086055807609,-13.874340413148719,-5.588769475402749,0.6601560331704945,1.7956244102237453,0.0
636.61396,217,2254.747029,217.0,436.4576235891604,73.02514556854145,81.33585643056978,21.89999999999997,-5.859999999999999,-26.58343709945676,-36.040468455851084,-33.00723219205836,-11.263392669049804,-51.020882141734525,-20.864928513205044,-8.464324881076882,0.7348857205297568,3.1894040270991444,0.0
287.808601,112,2259.328705,112.0,189.4116780400146,36.027692221877906,41.07965435377749,8.40000000000001,-4.3100000000000005,-12.214463362693785,-20.07015338838101,-16.409545688969338,-5.5710368846470075,-23.87589331688194,-12.763677340555502,-3.8956532375756185,0.8943966752223685,2.0034485524981056,0.0
685.506412,230,2269.341964,230.0,460.88194878364317,79.62155803374783,87.84870968779796,23.09999999999996,-5.1,-30.393516244888318,-33.58210717067121,-33.684844223375464,-11.684574485248325,-49.99439126292695,-22.45352103136201,-9.052850110762243,0.38894304323783896,1.7891379988940594,1.0
625.642807,214,2278.455441,214.0,416.69062479220264,72.46854829932262,81.92326598319099,21.74999999999997,-4.719999999999998,-25.97833696365355,-34.77084351405501,-31.711590398378082,-11.343275787112109,-46.34285049284792,-18.084590419024988,-8.238144302577124,0.7957338796945872,3.405741005092833,0.0
701.335429,238,2287.797417,238.0,468.8901502259017,80.5203644832758,91.75008757003161,21.599999999999973,-6.680000000000001,-28.701016950607297,-38.59233159571886,-35.37893966101362,-12.90508899169188,-47.61642925671046,-19.90556393039238,-9.64580332851805,0.648705159040464,3.0878365570326087,0.0
467.687858,163,2295.322121,163.0,325.45195478440314,54.13960385673392,61.4943608520023,15.900000000000027,-4.8599999999999985,-20.587088418006903,-25.349763819575323,-23.76150890041259,-8.38061798213218,-37.37418037944983,-25.130225752847995,-6.854676704023087,0.920513565031446,3.000874222002514,0.0
778.250667,257,2306.430393,257.0,539.1917295833534,87.24938586440679,99.230267240066,27.899999999999913,-6.860000000000004,-32.069927530288695,-41.47555547058582,-37.21653114247801,-13.856850726781007,-66.80604242315762,-24.169924630400786,-9.865884159337096,0.9849718315635323,5.062755214236556,1.0
274.677819,98,2310.791832,98.0,204.07553973700158,29.152765924654734,36.561557249037136,9.00000000000001,-2.4400000000000004,-12.504727888107308,-15.7674638286233,-14.552054964290338,-4.3850925575907755,-33.940478077297676,-13.661991779052101,-4.860234401870338,1.0157948060800142,1.9909578199168276,0.0
1133.58485,365,2327.491543,365.0,783.8956092318306,125.04433258236851,141.92759658599908,38.399999999999814,-9.21,-47.924335622787446,-56.59927826598286,-52.57910649323345,-18.480890717852603,-84.13784768433557,-35.392674394879435,-16.358555364792792,0.9051587844735695,6.607659126657057,2.0
328.139532,118,2332.620246,118.0,232.7066639200649,39.35350033262669,43.32490803687882,11.700000000000017,-4.359999999999999,-15.299180350303644,-23.296757125854494,-17.83706015818954,-6.852892357319881,-29.771800874335558,-13.963702377470634,-5.564146877533456,0.8835004244993461,2.0850610018184565,0.0
830.167853,275,2344.457473,275.0,557.1133397372853,94.02022830901102,105.84166020139197,30.149999999999892,-6.780000000000003,-34.09811151027678,-39.60967601388694,-40.54849078507448,-14.472015372919804,-61.31372233857216,-25.16684311973344,-9.968515735085232,0.8687736725038211,4.778255198771016,1.0
383.540166,143,2350.528624,143.0,243.62563704380366,51.36689530823055,54.28982492340509,12.450000000000019,-4.67,-17.70214653968811,-25.552426138520236,-20.607052578217107,-6.996051525778188,-25.968816943274316,-14.249808544395165,-5.445888741205429,0.752826192452462,2.153082910414041,0.0
686.840017,234,2360.419113,234.0,473.59239112459966,82.66585978317492,88.63031112041739,23.09999999999996,-5.800000000000002,-30.754727568626386,-35.828772273287186,-33.895681362304884,-12.051427102887583,-55.9076879348695,-30.75856905441305,-10.151679652200823,0.6258917755266427,2.9291735094646874,0.0
1078.125144,352,2374.317104,352.0,703.9885195305593,121.90807487966518,137.8797090037927,37.94999999999982,-9.590000000000005,-44.94081211566927,-49.40332027077676,-51.33522252181297,-16.262557781407757,-64.38915365380021,-26.583642054456924,-13.096450604487707,0.9147726234663847,6.439999269203348,1.0
399.647826,156,2380.787702,156.0,269.0887401389542,50.95748434899345,57.73167057816948,15.000000000000025,-4.3,-18.99567942142487,-28.46936117336154,-23.845201385711896,-7.8402431828784165,-32.35172697440583,-26.61883533329061,-6.709021911028497,0.8149035572540618,2.542499098632673,0.0
593.156471,202,2389.188821,202.0,403.57218044174255,67.02748226859019,76.80140086266785,19.499999999999993,-5.24,-26.025458378791825,-32.314743615686886,-29.64008194622154,-9.326103886583713,-43.90647839215661,-20.341523203797443,-8.950203441187215,0.9696227663649054,3.917275976114218,0.0
284.475407,102,2393.431106,102.0,194.6114879288996,29.73166201036853,38.101650751301904,9.300000000000011,-2.3,-12.43548759937286,-15.441627056524162,-15.556428618224107,-3.524637138477712,-23.087184209477623,-13.406449240439242,-3.5175801600384857,0.764179788850983,1.5589267692560054,0.0
769.623646,274,2404.827595,274.0,503.50338015198685,89.69668923229958,106.09446996316805,25.04999999999994,-7.520000000000002,-35.119259567260755,-45.6344389647245,-39.8454833262454,-12.8087392249412,-48.65284945287303,-27.43647894478547,-11.703644319840677,0.3422665489422926,1.8756206882037634,1.0
306.673525,122,2409.932453,122.0,189.32625813205948,42.15266197526944,44.72029876444352,10.050000000000013,-4.71,-15.16105635166169,-21.271189284324635,-17.820725324045906,-5.480303268104496,-17.386561697350793,-14.994947396829485,-4.750910847125476,0.5860249791586775,1.429900949147173,0.0
853.387176,282,2421.342076,282.0,576.0166455984975,95.15212615327034,109.26471713031984,31.49999999999988,-7.670000000000003,-36.47691654205322,-42.96031836047768,-39.96318057263976,-15.727029466414573,-59.63760025975417,-26.906860502996725,-11.204407566800649,0.4344842499255946,2.4504911695803533,1.0
1180.365492,388,2437.701435,388.0,772.8473030490135,132.97813198813202,150.1957336260457,42.599999999999774,-10.200000000000003,-47.70670819759368,-56.252168587595186,-56.333069219344836,-21.22578241274371,-71.46398332520161,-29.16764260559655,-13.906322581919298,0.6050746742362592,4.695379472073371,1.0
312.582567,109,2442.287547,109.0,208.8829054861217,36.07071666055323,40.601810351839696,10.950000000000015,-3.1599999999999993,-12.696471166610719,-16.599149921536448,-15.79290101515761,-5.380713066573466,-26.823998396210598,-8.418978759280458,-4.050653506604062,0.8966886975288032,1.954781360612791,0.0
886.529311,280,2453.408083,280.0,631.5068387201214,94.28645040374597,108.4198039285123,31.34999999999988,-5.910000000000002,-35.11189987659453,-40.035592083632935,-40.95355897106421,-14.479035154904956,-82.73948002790517,-29.035793588921386,-10.768421881586871,1.018077256851425,5.70123263836798,1.0
2538.336401,863,2489.192702,863.0,1634.5737839732353,300.247583334846,339.4553780597018,87.90000000000047,-25.490000000000034,-114.39841242313378,-131.88822717666628,-124.64923721667255,-44.18268128458494,-129.07243313494303,-79.85488481159241,-37.304468495424615,-0.006672768387405813,-0.11517198236662435,4.0
436.30319,154,2495.625659,154.0,286.5665978979307,52.94618397763098,57.28246222641962,14.400000000000023,-4.5200000000000005,-18.255004706382742,-25.700651887059212,-22.311324300021372,-8.425849325725055,-29.80104327102217,-14.191029237623393,-5.687151463688124,0.8041300682344847,2.476720610162213,0.0
358.324706,133,2501.125859,133.0,231.3613196890767,43.76068568712126,49.13739852135893,13.950000000000022,-3.3699999999999983,-15.387344250679014,-22.983310715854167,-20.400492467742257,-7.000386589547994,-25.326185648410316,-13.511400422514154,-4.905577399082105,0.8177381073260972,2.1751833654874186,0.0
624.499976,202,2509.891499,202.0,422.80084411913356,67.54858685451492,77.63182474371857,23.09999999999996,-3.6399999999999992,-26.226491184234604,-28.385397301614287,-28.69694978214881,-9.436202446915702,-48.61186260165265,-16.128598376112816,-7.455777567987523,0.795316350646224,3.213078056610745,0.0
730.187811,255,2520.630153,255.0,473.896997864638,87.91893545062702,97.54961947198497,25.949999999999932,-8.300000000000002,-32.99971211910248,-39.7164064832032,-35.37064448046851,-12.102522069541779,-44.83275508995302,-26.96938295230693,-9.836318330418809,0.33977330009528,1.7328438304859282,1.0
451.267752,154,2527.354688,154.0,305.07127607789766,51.0175744492231,58.70225210438719,17.85000000000001,-3.459999999999999,-20.384891691207873,-23.1569550998509,-23.089950076300884,-9.30252807097807,-27.023909075401505,-22.716409388006564,-6.238707033647321,0.7539082661014128,2.3220374595923516,0.0
311.932046,123,2532.756939,123.0,196.2609292761086,41.70016170012316,45.391441286972444,11.550000000000017,-4.199999999999999,-15.463069295883178,-24.02665765210986,-17.339273384518766,-6.23340271887025,-19.419138792577616,-14.512948627596002,-4.775995556199958,0.6438167227269265,1.5837891379082392,0.0
373.376907,134,2538.080695,134.0,258.8640796791474,45.71620293875167,48.80737507096843,13.20000000000002,-4.019999999999999,-16.752369077205664,-22.910998534690602,-19.838759584631166,-6.702354221180292,-33.82981642401296,-18.241516753987558,-4.914936200603429,0.8657432937783642,2.320192027326016,0.0
546.552981,186,2545.192041,186.0,383.85722389018815,59.64903722706362,70.51591501451854,20.84999999999998,-4.1499999999999995,-22.82190988540651,-29.641217359900487,-28.300476193043245,-8.994462590838951,-52.24229416176342,-21.273247692415886,-6.895587186263199,0.8449030430356442,3.143039320092597,1.0
332.346137,116,2550.066336,116.0,237.6898382882348,35.94515749963848,42.24344895358985,11.550000000000017,-3.869999999999999,-14.762320904731753,-21.32679962441324,-16.3360126694572,-5.646075499214742,-34.97561461911999,-10.537153284777979,-3.628331407482665,0.8495629883943231,1.9709861330748295,0.0
1160.493877,366,2565.467312,366.0,831.388548717713,121.92379303397145,142.57506136155536,40.79999999999979,-8.250000000000005,-45.84960168361668,-55.120940429717336,-53.02761004277186,-20.20954324377648,-109.07925896992948,-35.89421808241274,-14.76235328879377,1.0600817091223897,7.759798110775893,1.0
632.266192,211,2574.215388,211.0,441.61784849598365,72.6539754715353,80.24140347444461,20.99999999999998,-6.040000000000001,-27.135308456420873,-31.422992895543576,-30.46583338880544,-11.4740193650365,-57.89822033630371,-21.18820787289879,-8.622453239951074,0.9102039072443227,3.8410604885710415,0.0
661.618604,232,2583.667647,232.0,433.93976051420856,78.21342519841227,88.8630292008577,23.699999999999953,-5.280000000000002,-30.387938470840442,-32.657565972954046,-31.857867978631553,-12.786597390734611,-55.265466529018546,-17.907906299221562,-8.954268264038497,0.23101219952232896,1.0718966057836063,0.0
647.20241,218,2592.496143,218.0,438.2072706617351,72.50451528423007,83.70908656719973,23.699999999999953,-6.630000000000001,-27.129168095588682,-32.55792230591178,-31.12373357270628,-10.684123462002876,-56.27829335209887,-16.34760401509981,-8.167617445352086,0.9272625186519081,4.04286458132232,1.0
726.630846,261,2603.10832,261.0,468.908234108703,88.2352463536819,101.21355280743268,26.699999999999925,-6.860000000000002,-33.97898183345794,-41.12213910892605,-36.69080930925793,-13.416539010894265,-51.914481662395616,-25.530971222175957,-9.91226500232154,0.09384518068860523,0.48987184319451926,1.0
447.439816,153,2609.226113,153.0,312.01768543431956,51.069052106416855,56.76968860737071,14.550000000000024,-5.32,-19.309378714561472,-26.05439112856985,-22.310608534635335,-8.404010953494861,-35.280944102326345,-16.856034959921118,-6.43124174607422,0.9291190998668215,2.843104445592474,0.0
633.630341,208,2617.994158,208.0,440.43320426236113,71.83070393016202,78.09327630789528,22.94999999999996,-5.079999999999999,-25.237797703742995,-29.693733890354633,-30.172392683089488,-10.788376692511608,-58.32445703220582,-19.531092525788296,-8.848993378705863,0.9676490303045427,4.025419966066898,0.0
580.595399,189,2625.425678,189.0,397.0178416505544,62.57352336478837,72.7256671063819,20.399999999999984,-6.480000000000002,-23.017979459762582,-26.07536521553993,-26.677641812658877,-10.369703489399177,-48.92265215241297,-12.385001139189361,-7.193289563889193,0.6952829922322469,2.628169710637893,0.0
488.037591,170,2632.253925,170.0,339.41008728382405,57.95871881999028,63.36926241740849,19.349999999999994,-4.349999999999999,-21.1457144165039,-28.26861851140857,-25.55500250506573,-7.706748549190563,-46.46983844234289,-21.279468323647762,-7.275086414919174,0.8566831529222942,2.9127227199358003,0.0
555.242554,187,2640.199729,187.0,395.325087801222,62.612204672043624,71.80260542063883,17.85000000000001,-6.720000000000001,-24.618911342620862,-30.878454019129276,-26.574775908260207,-10.118967070867448,-48.80061011035079,-23.5291252070116,-8.106500033488274,0.5451607072444478,2.0389010450942346,0.0
227.033726,91,2643.893357,91.0,158.3019363214061,28.67723699671526,31.339438562305936,7.500000000000007,-3.2199999999999998,-10.894457087516784,-16.193108648061752,-13.132675643861887,-4.221478678648733,-25.406042113811797,-13.431386677782415,-3.285736886571279,0.8624885376627549,1.569729138546214,0.0
615.962705,202,2652.164713,202.0,431.8773515445498,68.55760162220372,77.04860405456651,20.84999999999998,-5.2299999999999995,-25.445295405387892,-31.352837304770944,-29.327936249514,-11.11491461054607,-54.92885122473583,-18.791367364943202,-8.179649989493383,0.7642429190572706,3.087541392991373,0.0
644.271694,219,2661.069832,219.0,430.4702413092083,74.88646811577136,82.95866982935512,22.94999999999996,-5.1499999999999995,-27.616178469657914,-32.19670730531216,-30.903643819977653,-10.797006754665324,-52.10015817420425,-18.841868501563535,-8.38812196896761,0.724936803915229,3.175223201148703,0.0
644.510906,215,2670.101086,215.0,449.44429663577466,72.17594873527571,81.20198802055326,22.04999999999997,-5.009999999999998,-26.400611453056346,-33.44800681695342,-30.952477359396276,-10.873631721664173,-64.65494899092499,-15.88354817113214,-8.138102953647728,0.6684953266232454,2.8745299044799553,1.0
585.042279,203,2678.814703,203.0,386.72063985203954,68.85690666108732,79.04262883058595,20.249999999999986,-5.0600000000000005,-25.94784711360932,-28.24585647583008,-28.998400451827155,-9.809231078053493,-44.616888277302316,-22.815785851359735,-7.333887087071165,0.8070501549119853,3.2766236289426605,0.0
600.670742,204,2687.187558,204.0,429.1201378987945,68.92577949183259,77.80325203125086,22.349999999999966,-4.9,-26.11099991798401,-31.659689985215664,-29.98850287961966,-10.41295207979729,-70.81630313709039,-18.666466497230687,-8.973512948119264,0.9018554402504284,3.679570196221748,0.0
763.225196,253,2697.759844,253.0,508.0577906360181,84.04415090784362,98.54699163510408,29.699999999999896,-4.659999999999999,-31.019920530319215,-35.11676765382291,-36.4591810486589,-12.66497152733259,-55.4095173610086,-25.021206256711803,-9.772173250416499,0.24433109700845543,1.2363153508627847,1.0
778.910851,243,2707.824467,243.0,537.7989623709432,81.89169318860502,93.54668810591087,29.099999999999902,-4.84,-29.369590978622433,-33.4551187708974,-35.47123990453244,-12.643901862627573,-62.32840443559803,-18.934187124246083,-9.384050046081944,1.0146617552724972,4.931256130624337,1.0
626.606064,229,2716.632236,229.0,416.58174528915674,77.99370124579251,85.5140838301645,20.549999999999983,-7.300000000000003,-30.726314296722403,-39.174663767218576,-32.15143542639919,-11.935088923688692,-41.07699389308187,-30.739344526403546,-9.929625384501358,-0.03815818507370264,-0.17476448763755809,1.0
316.826197,152,2723.099267,152.0,172.2479423815833,46.528253230573824,57.421345467637174,10.350000000000014,-3.7099999999999995,-20.830397586822496,-25.645142854750155,-21.705305428401346,-6.745361831380688,-11.923135367668031,-24.068005881299072,-7.093995383518382,0.36187984291633946,1.100114722465672,1.0
482.264146,169,2730.216244,169.0,317.76019873575234,56.69853437912436,62.63821658836004,17.100000000000016,-6.020000000000001,-20.336533255577073,-26.35141520947218,-25.296987835179713,-8.579914747494511,-33.16725132741115,-14.902956546534618,-6.277744831464699,0.8113243670980104,2.742276360791275,0.0
559.563234,201,2738.666076,201.0,366.3874842064721,69.31432192329808,74.48286673828626,19.349999999999994,-5.430000000000001,-24.90052515506746,-31.246704387664806,-28.779586724750448,-9.278899797513306,-43.255264883413346,-20.403092269590665,-7.677365804235431,0.7679312944229137,3.087083803580114,0.0
148.562612,76,2742.000442,76.0,70.21741401159042,24.95109800505789,25.722771429344725,5.850000000000003,-2.07,-9.204403285980225,-13.849571800231935,-10.492839717085944,-3.325722845790656,-5.020671062714101,-7.68116674036681,-2.534295703466371,0.4734353140292264,0.7196216773244242,0.0
1096.245214,369,2757.572318,369.0,701.7040406466947,133.13503819254723,142.498202129317,37.94999999999982,-10.630000000000006,-48.38380950927735,-53.712990889325745,-52.84450841985171,-19.831509412129865,-60.71440897280013,-27.068246581446463,-14.856592961005962,0.24930092660631284,1.8398408383545888,1.0
1504.010549,576,2781.671426,576.0,889.5648666638833,202.87795967783296,227.56951127244218,54.89999999999966,-16.98000000000001,-77.98047601699834,-90.38629229590299,-79.9270170044721,-28.174650395164587,-63.85073416968877,-65.96064855642837,-23.641970300012982,-0.19826825733274223,-2.2840503244731902,2.0
961.537614,315,2794.714007,315.0,659.8172099199271,111.48748524194755,121.08962315367054,32.999999999999865,-9.130000000000004,-40.652032508850084,-46.78058191947638,-46.12351399732318,-16.35826482358532,-80.57570015910683,-26.436731199066546,-12.799879529279378,0.343466583414087,2.163839475508748,1.0
569.774224,201,2803.352124,201.0,371.68005416934415,68.316275673861,77.09076580188002,21.299999999999976,-5.8999999999999995,-25.410879983901967,-31.704471237957485,-27.89700007943465,-12.141199602060896,-37.795563010366735,-21.0803659019727,-7.683391405152959,0.5816279647857681,2.338144418438788,1.0
1038.926276,344,2818.121892,344.0,695.4185230499428,116.89195652937406,132.26094536655248,38.84999999999981,-7.210000000000002,-43.243041872978196,-49.39038581922645,-50.11603548376664,-17.096335272413093,-84.77383990626038,-23.74873008517086,-12.916780793371315,0.5072433600412973,3.4898343170841253,1.0
708.271864,255,2828.893763,255.0,446.3492488319899,87.23689408578655,96.4371109092531,23.399999999999956,-8.270000000000005,-32.84481406211853,-36.42038591951133,-37.12530310791686,-13.555207750970753,-39.87210657121453,-22.26964956490242,-9.793923165989346,0.7548058624978345,3.8495098987389564,1.0
570.132569,202,2837.411566,202.0,373.1464678799072,68.78908872214251,75.94938919599632,18.9,-5.340000000000002,-25.050424771308922,-31.132533548772326,-28.759159695699324,-8.716301192285666,-41.76624189769802,-20.934952678921398,-6.9527632023333865,0.7565478407398039,3.0564532765888077,1.0
1044.306865,357,2852.503521,357.0,669.8833681620717,125.65405526399216,136.72555785384816,38.249999999999815,-9.190000000000001,-44.26845532894132,-54.40037098228932,-50.325868529444065,-16.924069926581236,-67.42723222421077,-28.072610334102496,-12.597509240793942,-0.003540548824203669,-0.0252795186048142,2.0
553.769845,188,2860.232727,188.0,382.0434861848289,64.8843255328504,70.14574828330517,19.79999999999999,-3.899999999999999,-23.73726691246033,-28.15755199491976,-27.158712156537764,-9.729081152019043,-54.8217696265699,-16.126826628024645,-7.472506581022825,0.989806110108737,3.7216709740088514,0.0
538.562243,189,2868.149763,189.0,369.3288843662839,61.14399558502673,72.28615402660809,18.9,-5.06,-24.789034953117373,-27.616209621727464,-26.89680278829402,-9.533675080553257,-55.612752923707255,-15.031179774309791,-7.5571362332741545,0.33724722322805056,1.2747945038020312,0.0
664.425277,225,2878.13252,225.0,448.44832321099284,75.15502393154203,85.83403372538977,23.399999999999956,-5.27,-28.579595899581914,-31.230503755807895,-32.929704501604974,-11.037199128847513,-56.14701293532421,-19.27729798266188,-8.940790063643572,0.6394564385198578,2.87755397333936,1.0
745.823215,242,2887.467552,242.0,524.8219397613818,83.02982872428942,92.60039686336857,26.999999999999922,-5.250000000000001,-31.624514160156256,-36.103848137706535,-36.24139215237742,-13.625106523532121,-68.67194300809281,-21.984839803238756,-10.127306372200403,0.8488181612202467,4.108279900305994,0.0
696.923996,228,2897.279894,228.0,471.2160136971657,77.91277120303671,86.27710736702349,26.549999999999926,-6.240000000000002,-28.64757409095765,-32.93241218551992,-34.20136697548237,-11.729565363577729,-51.962097619204265,-18.909521976288968,-8.409357563075572,0.31347255818430675,1.429434865320439,0.0
396.323696,177,2904.543736,177.0,207.65017731321586,62.3117514811595,67.06983758303492,12.300000000000018,-5.940000000000003,-22.745919384956373,-27.835686722397785,-23.4849698050821,-7.962006140898337,-18.667952648123382,-17.660976177024903,-5.7105597754193544,0.5609070923193933,1.9856111068106523,0.0
1325.255721,482,2924.634465,482.0,794.0052962664633,173.40866441149552,189.17732986140814,45.44999999999975,-14.75000000000001,-60.86987247943875,-69.86801119744786,-66.40959890309064,-22.619821813272214,-66.43798718158708,-40.41840250889311,-17.411875226616427,0.30141535192495134,2.905643992556531,2.0
864.529938,278,2936.036024,278.0,595.1387831238931,93.48092766053124,108.01677379976229,30.899999999999885,-5.229999999999999,-35.37198158264157,-36.49823234081271,-39.41309551040925,-14.01733290806737,-80.59317768094206,-18.25262194482079,-11.630104948013386,0.7757546056150433,4.313195607219641,0.0
862.161935,292,2948.372651,292.0,573.41971247686,100.62845106861634,111.59720959047563,31.799999999999876,-5.189999999999999,-38.177731142044074,-42.98875093609095,-42.61919164250867,-16.13329340056505,-61.54487789028668,-29.187994789014155,-11.44159877498737,0.6776357199772901,3.9573926046673744,1.0
866.57874,285,2960.36684,285.0,562.9100529624591,99.26914873877382,110.15655855675614,32.09999999999987,-6.1,-36.31515210628509,-37.99059880450367,-40.66826110412466,-13.554161950700946,-56.14108796543673,-20.56740460073987,-11.520353798908834,0.1294592087913592,0.7379174901107475,1.0
590.457382,203,2968.503199,203.0,406.77096298611343,64.66751823515169,78.9252018208796,22.649999999999963,-4.719999999999999,-25.77024473667144,-31.068132866919058,-28.604736501999582,-11.55382378573119,-54.10195070282527,-21.548192478869893,-8.189219997027143,0.9643776852081388,3.915373401945044,0.0
856.555093,280,2979.717411,280.0,573.0522431250043,97.07454950083309,109.72620528718488,32.09999999999987,-7.14,-37.15027675628662,-37.10094038695096,-39.13590704437656,-15.82722179206073,-65.07761356344207,-22.56575621579082,-11.40018929108356,0.5956556158603692,3.335671448818068,1.0
1180.025602,387,2995.622589,387.0,779.4208004301624,134.08132553709086,150.6642637991963,44.99999999999975,-9.320000000000004,-48.250606713295,-51.95681876689195,-55.91602688808289,-19.81664076858807,-88.60511052146174,-28.27308616021478,-14.00249795116752,0.10282328475778282,0.795852224025239,1.0
458.140281,177,3002.932499,177.0,294.1081489754854,58.73911082006222,64.40307820524804,14.700000000000024,-5.410000000000002,-21.517775387763987,-29.12290072515607,-26.14829108065368,-7.602732075645012,-40.25772259984234,-14.291137158955896,-6.459498310347852,0.8286502778151887,2.933421983465768,0.0
388.044854,142,3008.891459,142.0,249.31275804794598,47.43909063282027,53.64323022953084,14.550000000000024,-3.5399999999999987,-17.68368400573731,-21.13793575987219,-20.00551292983708,-6.256914066735352,-30.717541496018974,-14.266567190854413,-5.292069015346559,0.8455039228072329,2.4012311407725413,0.0
1099.990549,345,3023.268101,345.0,751.7319696866426,121.51744881393351,133.28515308398732,39.299999999999805,-8.470000000000004,-42.41729984760281,-45.426301787048565,-50.01428289270327,-18.37696710236085,-88.2321029931691,-24.771851419766826,-13.13521624345631,0.8885672414281875,6.131113965854494,1.0
768.383497,273,3034.579039,273.0,508.44919815639463,94.65166923784015,106.05170125334637,27.29999999999992,-10.190000000000007,-35.8676336812973,-40.825385228917014,-38.78290675799266,-15.825450067126605,-62.836163674462156,-26.388967257638164,-10.352565341293445,0.4271219879382277,2.332086054142723,1.0
894.250394,307,3047.488626,307.0,596.9106853476238,103.36704373123787,119.29383204337806,29.999999999999893,-6.670000000000001,-40.14394324302671,-46.66544183343648,-43.48355333268261,-15.39938072133277,-67.8894696666739,-28.904764311910373,-13.164613934508871,0.06719843372078733,0.41259838304563423,1.0
2009.394132,659,3074.188376,659.0,1334.2752051940297,233.09267531904501,259.0792279725542,69.74999999999979,-17.670000000000016,-84.82552342414853,-90.8888440169395,-92.50241322270115,-35.76032102460954,-143.23888239058687,-53.37226002302698,-27.54473199468152,-0.2868408899765102,-3.7805629298904044,2.0
740.43221,258,3085.125115,258.0,505.5962541880066,86.88453856994228,98.69408461564045,27.599999999999916,-5.760000000000001,-32.01348006725314,-42.04499243199821,-39.68114497951988,-14.075012711733782,-60.901932187477506,-29.459418767760894,-12.406685903337479,0.4865489473661731,2.510592568409453,1.0
576.732884,197,3093.708415,197.0,394.2117967048553,67.22873922017288,75.05347771507917,20.99999999999998,-5.9,-24.95280396461487,-28.8911543264985,-28.998850534843807,-10.527146974223118,-50.705919064718316,-19.661232541910984,-8.12402247860231,0.5094479275254983,2.0072248344504633,0.0
756.617098,257,3104.286613,257.0,504.09530648572274,90.55497312628928,98.71154442098857,27.599999999999916,-6.189999999999999,-33.003751854896564,-35.661843146011215,-36.25559443846329,-11.874381542390756,-62.800405853939345,-25.13067996769222,-10.428069716060225,0.3943046592330711,2.0267259484579854,1.0
728.799059,277,3115.906013,277.0,451.4776081210102,97.11269289857832,106.9657186062502,28.34999999999991,-7.290000000000001,-34.888813958168015,-42.797436107695106,-39.00483289185638,-13.829113168730208,-45.900946615920034,-37.995624288448454,-10.40019369069741,0.3963514520678434,2.1957870444558525,0.0
736.60303,261,3126.789997,261.0,490.9180331553025,90.28880628852293,99.70377978203636,25.04999999999994,-6.680000000000001,-31.97030127048494,-40.8386151328683,-37.992602810671166,-13.59121503410491,-58.4529128480851,-30.191479171984064,-10.640462782025367,-0.31419744124978993,-1.6401106433239034,1.0
298.425397,107,3131.172413,107.0,200.83115206330845,36.0126651947443,38.212701641432666,9.600000000000012,-4.19,-12.544865207672121,-18.5586949557066,-15.58943847849011,-4.616612906059548,-23.553289234891892,-9.302025981698076,-4.8761947587134244,0.9095681840867603,1.946475913945667,0.0
333.534086,117,3135.930821,117.0,232.16415182215025,39.66668347168003,43.734592420400475,11.850000000000017,-3.399999999999999,-14.910619287490844,-21.342413300275798,-17.04582590402615,-5.546348594461775,-30.463117941723464,-12.857041475822694,-5.315974830315956,0.672614730430617,1.5739184692076438,0.0
452.799561,155,3141.53476,155.0,306.35143743439505,50.35623600384193,58.07745402178294,15.750000000000027,-4.139999999999999,-19.025485110282897,-22.071848641335972,-22.64086805893065,-7.9635530607696365,-35.732205247559904,-15.252055908581193,-5.909550056083625,0.7556563473817438,2.342534676883406,0.0
584.453975,192,3149.399411,192.0,388.12185594499925,66.46048648619336,72.5189829772358,20.99999999999998,-5.279999999999999,-22.946925926208507,-27.117627681791785,-27.33129100711132,-10.487532206360086,-40.16265742780267,-15.418688421984246,-6.902628066656085,0.697138962259418,2.6770136150761648,0.0
602.075937,201,3157.995186,201.0,429.6319884986194,64.39899105362204,77.99833082146903,20.399999999999984,-4.7,-25.572620606422426,-28.979868304356934,-29.469099219756473,-9.108753377782113,-56.848320755134644,-28.031472611362123,-8.643238085923201,1.076128136997873,4.32603511073145,0.0
529.535962,179,3165.60202,179.0,355.86560478991044,59.195380017401135,66.69780246322942,19.499999999999993,-5.339999999999999,-21.20395789623261,-29.070010531693708,-27.261919906481534,-9.355649911162885,-35.60362618504981,-15.611814119227155,-7.27584703505649,0.8480937542812829,3.036175640326993,0.0
603.676482,210,3174.48682,210.0,418.1608517244443,71.57842438285051,79.37692293839001,21.149999999999977,-5.710000000000001,-25.942593631744394,-31.11670138202608,-31.68413445698043,-10.953613552649632,-55.809860953954995,-26.76948173219045,-8.603331793394625,0.7675455298408935,3.223691225331753,0.0
589.914774,204,3183.159104,204.0,383.21905759640566,71.79500756117979,78.23474385312885,20.84999999999998,-4.709999999999999,-25.27564526081085,-30.198280730843535,-30.022622488693845,-10.198921923685655,-43.05893272632128,-16.733155011805405,-7.986477267680046,0.5418321827797801,2.2106753057415025,1.0
614.916768,206,3191.650929,206.0,419.3628291441719,67.51974497499353,79.37311993948683,22.199999999999967,-4.88,-25.676553974151602,-28.123496372997774,-29.942410292372376,-11.159856466331796,-54.02525548280745,-17.677800883001584,-8.053552962516605,0.5027789809802271,2.0714494016385356,0.0
528.325536,179,3199.246696,179.0,360.66208797592196,58.06339991717242,66.99471098227338,18.6,-4.81,-20.66998256683348,-26.77420184612275,-25.8967976595684,-8.853867083319932,-46.914718156333706,-14.812394212742634,-6.2627011201931975,0.8820288072568943,3.1576631299796816,0.0
503.296973,169,3206.305115,169.0,358.0057811403713,53.512839705310505,63.68146881759644,16.65000000000002,-6.160000000000001,-21.114839534759515,-25.511785718798627,-24.350531567675002,-8.50307543800082,-51.897033311539424,-12.36576937654194,-7.650082076373994,0.9069532961783076,3.0655021410826793,0.0
1028.488499,347,3221.156822,347.0,670.7220811969598,121.07698600761694,135.53543068558204,37.94999999999982,-10.280000000000003,-44.86743093013765,-46.72425300404427,-48.54888926933628,-17.925268022756946,-74.7355486963383,-26.12854834678641,-14.586060881154713,-0.4479192850254854,-3.108559838076869,1.0
271.476674,105,3224.987556,105.0,162.0359953330015,34.20751385859026,38.06637744602575,10.500000000000014,-2.4199999999999995,-13.275829820632936,-15.320146924257273,-15.016512233811051,-5.4902837937048306,-13.82130316586007,-9.51259414586648,-3.4765429436462885,0.7676129512063655,1.6119871975333677,0.0
762.77655,265,3235.653859,265.0,505.10155234441174,93.43366537274903,102.43642658777091,29.699999999999896,-7.890000000000002,-34.38545964717866,-39.61141753569245,-37.47936375446857,-13.523478171750181,-59.616481775818926,-28.985272056370132,-11.403621059510833,-0.4181631362772937,-2.2162646222696565,1.0
705.606255,237,3245.60504,237.0,448.4000866374582,82.43468756577445,91.79623777766402,25.649999999999935,-6.240000000000001,-29.141244597434998,-31.908193467557446,-33.20580749929592,-11.289581613121822,-39.49187414522927,-19.48442385783499,-8.913632120086612,0.26130131797748857,1.238568247213296,0.0
868.261969,275,3257.133734,275.0,605.9898525083972,90.92844557764572,107.42340979325773,31.649999999999878,-5.600000000000002,-33.42037081003189,-37.0722622424364,-41.180340253089156,-15.195340546751442,-78.52868247605649,-21.179346743760686,-10.553395675913315,0.7817268546646374,4.299497700655506,1.0
1076.332571,378,3273.115634,378.0,664.949360574866,130.75527151062602,148.2398338651978,41.399999999999785,-9.530000000000006,-48.017987618446334,-50.424369488656524,-51.37077799002674,-19.149127968454433,-63.162803994604744,-29.933034635279984,-15.423793431865592,-0.04985354962747166,-0.37689283518368577,1.0
1060.376788,348,3287.680164,348.0,724.116309123722,118.8037104784426,135.2087795051787,37.64999999999982,-8.250000000000004,-43.09278437137602,-47.87682006694375,-49.2344605225255,-18.240629773761157,-91.74735185649014,-30.720894191573827,-14.23907002871593,0.5588871918116786,3.889854855009283,1.0
555.66651,186,3295.230418,186.0,376.71860256758146,60.725968138794784,70.32388057401154,19.94999999999999,-3.6599999999999984,-22.363663282394395,-26.70183622092009,-26.941237584123378,-9.337930131715526,-49.78764364455492,-12.817402630873124,-6.442227379503859,0.9446891661670153,3.514243698141297,0.0
355.010427,130,3300.602853,130.0,237.97367355479946,38.98401159675792,50.18036226009548,12.300000000000018,-3.4499999999999984,-16.288686032295228,-19.46214855238795,-18.06124145349223,-5.259646941072162,-27.826550932426713,-18.468801443919435,-5.610544892538611,0.682764025496764,1.7751864662915864,0.0
413.148629,172,3307.678915,172.0,233.8364785833421,50.36505517367731,66.24689716632413,16.80000000000002,-3.83,-21.388483543395978,-26.086593039333817,-23.84692681280993,-7.520707589239128,-20.023199315297738,-17.674340684556558,-5.729551362429789,0.4280189245738541,1.472385100534058,0.0
695.754928,231,3316.566359,231.0,490.98832149969934,74.64003245449143,86.83388843731528,26.09999999999993,-4.87,-28.399378709793112,-32.89854053333402,-34.425695418106685,-11.780303638873713,-61.63111154569976,-30.83449536036234,-8.96778919743069,0.913495594890745,4.220349648395242,0.0
663.490017,225,3326.045098,225.0,442.0469300065812,76.9442372055509,85.39862010698432,24.599999999999945,-5.669999999999999,-27.95651159763337,-31.120277434401224,-32.36814789628513,-12.325227935015265,-53.62849702972177,-18.5689030884552,-8.862205612776204,0.34220639655090507,1.5399287844790728,1.0
382.924238,140,3331.909943,140.0,256.85940279779203,46.98700071735067,51.8205188507808,11.550000000000017,-3.669999999999999,-17.387181725502018,-20.059804902970782,-19.2609544065572,-7.063240093497896,-27.463228353991322,-24.01177816295778,-5.376497060912095,0.48601667820643685,1.3608466989780232,0.0
536.46521,179,3339.425262,179.0,362.13642470331985,61.62817608261599,67.19510800622558,18.6,-4.7299999999999995,-22.71623665809632,-27.409534613788125,-25.935953048351177,-9.580781609345143,-36.44967322750875,-17.741014303794156,-7.531305544825923,0.49463656574430703,1.7707989053646191,0.0
417.19187,168,3346.052995,168.0,234.68401552258632,58.60866872759194,65.22226123773117,16.80000000000002,-5.0600000000000005,-20.4537872505188,-28.15634679943324,-22.17447279289987,-6.68083402803575,-20.985733034323953,-16.955527960281742,-5.656373194729157,0.06090607725659725,0.20464441958216675,0.0
530.866735,175,3353.159201,175.0,364.4716040554179,56.80044310720869,65.57910936472231,18.6,-3.679999999999999,-21.327589721679693,-23.896727783977994,-26.25035439727208,-8.723051280921343,-45.43557433132083,-13.105324033049467,-7.165800434548263,1.112125688323549,3.8924399091324218,0.0
1081.980743,361,3368.260519,361.0,689.2652426411535,128.35758716701028,140.66280471718355,39.7499999999998,-11.550000000000006,-45.9093711900711,-50.8329470597208,-49.7674200984364,-18.353343830262286,-62.40846991582362,-23.000465721798065,-15.232874060987276,0.454952114507926,3.2847542667472256,1.0
587.48518,216,3377.288115,216.0,364.93538344914464,73.0096688371897,83.34557263841786,22.199999999999967,-6.1000000000000005,-26.492273654937744,-34.6971166521311,-29.233564844958483,-10.807300394777961,-37.26005504448726,-19.51375342710852,-7.901381184561785,0.08321988297429529,0.3595098944489557,0.0
484.586099,178,3384.734282,178.0,288.6355232886844,64.85844707003677,67.76906148165051,16.80000000000002,-3.949999999999999,-21.509544219970707,-24.66574817299843,-25.326141926708626,-9.136472574428112,-23.183935272183746,-16.95375829759285,-6.75133194516925,0.615192848120493,2.1900865393089552,0.0
964.624189,312,3397.296167,312.0,690.146618647904,101.55234440929252,121.59437822788155,36.59999999999983,-6.7600000000000025,-40.268833165168765,-42.22426969707011,-44.75278427907266,-17.5174912453119,-102.99991360663037,-28.082603352443673,-14.663256456972388,0.7606244675556016,4.746296677546955,1.0
565.05289,191,3405.113528,191.0,393.7651578146283,59.92209895275582,72.89288922018858,20.84999999999998,-4.769999999999999,-23.956128172874454,-28.141698519885537,-27.100017173421627,-8.632736371302274,-51.373803775877356,-21.615045285406424,-7.787827010183966,0.9687921201429076,3.7007858989459073,0.0
572.902379,208,3414.062801,208.0,382.11609715451885,68.81938235155248,78.86836461726462,21.89999999999997,-6.940000000000003,-25.945549454689036,-30.831981769204113,-29.450556502534994,-10.891393368204138,-52.3673618023811,-21.078467279031436,-9.296154976090614,0.8644206036446449,3.5959897111617227,1.0
605.090526,204,3422.664028,204.0,407.68094804671307,69.65049840275789,76.73730795683963,22.94999999999996,-4.559999999999999,-25.12765146732331,-26.12825986407697,-28.301291752989968,-11.572373617266743,-49.69703969634933,-22.915120987268672,-7.626491009708936,0.5723425923623574,2.335157776838418,1.0
693.382653,230,3432.624141,230.0,465.9902262158167,78.12521672069064,88.95017100780025,25.799999999999933,-5.960000000000001,-28.593061385154716,-30.787275546789196,-32.87136651470913,-12.22250857860767,-53.725250221657674,-22.13210018134456,-9.191398179132836,0.51285000986774,2.359110045391604,0.0
1699.618393,533,3455.146431,533.0,1167.8505922368652,182.97800981604738,207.43357336292374,59.09999999999962,-13.420000000000014,-67.56098716259002,-67.54431292563675,-75.41120252422981,-27.582945962647408,-127.62579184707596,-48.21749786185191,-23.38104410872034,-0.29750839066869533,-3.1714394445282923,1.0
770.804925,270,3466.90891,270.0,501.562139595025,92.69744021646146,103.37867226331156,28.19999999999991,-5.490000000000001,-30.451288185119637,-44.31993364617232,-39.02847872079297,-12.813108851331979,-47.49096541802899,-35.461206336626994,-9.978345795802952,0.18969202561147758,1.024336938301979,0.0
682.895627,229,3476.773713,229.0,464.2142805144833,76.92684165416762,86.36876109109951,24.749999999999943,-4.569999999999999,-28.21310337066648,-31.288953690230834,-33.17950795156528,-11.879623598100487,-60.34468237086898,-19.668295778947147,-9.220089985011674,0.6224948062567421,2.851026212655879,0.0
713.754798,230,3485.409082,230.0,498.5629818504652,76.76928312839064,88.93624461311937,24.599999999999945,-6.9,-29.649072170257565,-32.841367677599195,-32.680137281922605,-12.530723493813598,-61.14471175509469,-19.826208435734166,-9.5414907722393,0.6009291326943422,2.7642740103939745,0.0
677.940466,225,3494.531128,225.0,461.29373829145607,74.16468050835881,87.00849028984493,24.449999999999946,-4.789999999999999,-29.079974598884593,-32.460356351733225,-32.54709283359122,-10.6860982016594,-57.725638333887126,-17.511495697482232,-9.175787036867032,0.4892287221653351,2.201529249744008,0.0
839.777321,264,3505.590436,264.0,587.9824121356194,85.6267505356541,101.06374284489789,30.44999999999989,-5.089999999999999,-31.41623941898347,-34.50410026162863,-38.80311481528954,-13.573105225971021,-76.52462519470556,-19.35822640127232,-10.07617272156234,1.0492905695628316,5.540254207291752,1.0
610.168911,205,3514.443418,205.0,395.2718014294082,69.28093584468962,78.52573792609947,21.599999999999973,-5.820000000000003,-24.549922442436216,-28.134223461896177,-28.181657443402326,-10.988574564203665,-36.24144383545093,-18.85369787490991,-6.740044929880617,0.8091355430744458,3.3174557266052274,0.0
915.715322,299,3526.748454,299.0,616.7727504394477,103.58181267085274,115.28082525187385,32.69999999999987,-6.8800000000000034,-37.60000524520873,-39.54357845783234,-42.26307415646349,-15.546298583486085,-74.27822130059485,-23.617804626040872,-11.891084457759069,-0.38706589936549574,-2.3146540782056646,1.0
1037.400613,328,3540.650249,328.0,731.1386559582278,111.14282264218517,127.73269443491044,39.449999999999804,-6.94,-41.29090455532076,-42.19482987001536,-46.82598413067732,-18.772055735942406,-98.1659300439969,-31.92830118939493,-13.945554525355092,0.3427592163045907,2.2485004589581155,1.0
765.258334,263,3551.800036,263.0,514.2621680371835,86.74820662655408,100.67917720021072,25.799999999999933,-6.710000000000001,-32.53385167598726,-37.47722473442556,-38.15327087129403,-14.736102179830091,-53.60685045452254,-30.331294109453957,-11.682623575801822,0.19958014502848964,1.0497915628498555,1.0
472.124531,155,3558.22789,155.0,327.60823254114644,49.388859368900796,57.920977458873246,16.200000000000024,-4.819999999999999,-18.974123277664184,-23.38108447045089,-22.44938944865183,-8.716073097891964,-39.4309400935156,-10.108566502713373,-6.113361664995518,0.7766473228703921,2.4076067008982154,0.0
107.47905,102,3562.556765,102.0,22.734827215040692,32.62972208911304,38.02409867295487,5.400000000000002,-2.7699999999999996,-13.806775465011597,-21.155921766161917,-14.988686530148234,-5.619865293860886,-7.832602832100312,-23.21487142381087,-3.9208744481594144,0.3296225485286309,0.672429998998407,0.0
637.357792,208,3570.307229,208.0,424.9608400608319,71.25339074801198,78.7598964298401,21.449999999999974,-6.319999999999999,-26.039481959342957,-32.16825311034917,-30.289503109136277,-9.519183215977355,-43.75011777473145,-10.978891050349938,-8.000904571119936,0.8640215048345998,3.5943294601119353,0.0
687.054989,245,3580.649848,245.0,444.4073046274268,86.1858085187827,94.16344172142743,24.89999999999994,-7.060000000000002,-29.565417008399965,-36.19226358905432,-34.37656158521845,-13.711861209421585,-53.854218463163996,-23.230300935704783,-9.610943251113952,0.8018824564169943,3.9292240364432724,1.0
340.026429,118,3585.544517,118.0,241.5414879577096,34.325210452145264,44.00859867994851,13.350000000000021,-3.5799999999999987,-13.17503450870515,-18.376994393765916,-17.546873867001267,-6.268693935745545,-39.205983175804086,-9.062519777750326,-3.982768154199805,1.0440270094190476,2.4639037422289523,0.0
591.881835,198,3593.794317,198.0,394.3548780967309,67.58860695617987,74.73239149324141,21.449999999999974,-4.499999999999999,-24.71430221557618,-26.397010417282583,-28.297365814106172,-8.894791517364867,-50.35253600721831,-14.071812398088953,-7.016223624222252,0.8958512573350887,3.5475709790469514,0.0
601.653347,208,3602.7189,208.0,393.57626374854016,66.046007922866,79.55402275117531,22.349999999999966,-3.4499999999999984,-25.83754069328309,-30.328750428557395,-28.95681699232711,-10.140963525296812,-45.89925621722149,-15.60064812758151,-7.65897103165624,0.43940950050261274,1.827943522090869,0.0
360.145987,124,3607.707493,124.0,242.1077036333565,40.03150183264496,46.10063885374688,12.60000000000002,-2.41,-14.563586192131044,-17.164563328027732,-17.50125486086714,-6.368473719461738,-33.17512523117985,-9.015788287906892,-4.495065860208428,0.8722742468763179,2.1632401322532684,0.0
1602.21536,536,3629.885604,536.0,1033.2426573571795,187.64354563814135,209.376433588292,56.99999999999964,-12.41000000000001,-68.81183431148528,-74.38100713193415,-73.98753791356974,-27.121744475963947,-95.4290454999372,-46.788965046435365,-22.1171419847703,-0.0922946364984599,-0.9893985032634902,3.0
2054.946862,647,3656.081756,647.0,1412.222277031043,226.89130407365604,253.51190239411616,73.49999999999993,-13.77000000000001,-81.27895828723916,-83.23253655433659,-89.54512879863817,-35.26010894621368,-176.41787337890895,-51.784738884656214,-26.889276932280623,-0.15725197425819248,-2.0348405469010107,3.0
1188.306817,398,3673.096008,398.0,784.802253570065,137.07900261952923,155.8018136369743,42.74999999999977,-12.640000000000013,-49.185417556762694,-55.57640009671447,-55.25407032969047,-19.129163201894244,-89.30657081251509,-32.64515682324034,-16.389474200044837,-0.3628558026180058,-2.8883321888393265,1.0
1146.617427,382,3689.101511,382.0,753.5492653036707,130.1333476039576,149.90723229132138,40.349999999999795,-9.860000000000007,-47.46743762969971,-52.085414101555926,-54.002026970683865,-20.990248114644373,-82.64867097151095,-27.30732879350347,-14.961291452202437,-0.03063659391723038,-0.23406357752764012,1.0
643.052286,224,3698.320925,224.0,422.7277790740476,77.1018540003214,85.35603554368555,23.84999999999995,-6.990000000000002,-28.855887751579274,-32.92616614177823,-32.00394501212563,-10.8198783983661,-46.24396226417764,-23.35468969582803,-8.788853143459935,0.24963814715813445,1.1183788992684425,1.0
472.948423,159,3705.137822,159.0,321.6582139474847,54.81005194277901,59.60894792509897,16.65000000000002,-5.190000000000001,-19.966375226974485,-23.271551448106774,-22.869943391277136,-8.228084963825378,-43.010586870307705,-10.549651033875072,-5.692597906817811,0.6484203810959097,2.061976811884993,0.0
1860.010853,592,3729.72134,592.0,1216.1782036795987,203.315698210628,231.21688749565772,67.79999999999971,-12.73000000000001,-77.37840576171875,-71.94392238408331,-81.76040773230557,-31.40906973142708,-112.07341627304967,-40.048611119361496,-23.156103248363095,-0.06785161025487457,-0.803363065417715,2.0
182.850143,89,3733.613327,89.0,90.63533660974171,28.032059634580424,32.022356415947485,7.950000000000008,-3.4299999999999997,-10.393190331459042,-15.885585765540604,-12.99113433303054,-4.645431383146928,-4.954492577316534,-9.468472561943338,-3.021302310866111,0.62086402990985,1.105137973239533,0.0
688.102276,231,3742.456113,231.0,439.4100366459501,82.28511486125846,88.43764189003356,26.399999999999928,-6.100000000000001,-28.881606502532946,-32.92442622631788,-32.0574694975978,-11.731243514719779,-38.85607468078701,-20.22305887960433,-8.65663762831694,0.32997073766861557,1.524464808029004,1.0
1330.285606,454,3761.545266,454.0,838.7358141837793,162.05402238610318,178.16473760646826,47.09999999999973,-10.910000000000004,-57.394359340667705,-58.325104511529204,-62.8476072767294,-23.84677822136675,-74.4724807663062,-44.74731681103771,-17.225321727041855,0.08348247524444603,0.75802087521957,2.0
982.735936,324,3775.280234,324.0,662.508594414648,111.0256044596628,125.75389018846603,35.84999999999984,-9.360000000000005,-40.519719419479394,-43.49350992888211,-46.46475543416801,-17.648372716111847,-80.18890461333643,-25.82115034639757,-12.905740422191604,0.3993440111857806,2.5877491924838587,1.0
419.781064,160,3782.029205,160.0,268.79877444931117,54.422816186338096,59.90492757452666,16.050000000000026,-4.52,-19.95788348674775,-22.547444817423827,-21.669855609680557,-7.6270647022569005,-30.59107342619069,-27.07158888465244,-5.410542873784438,0.6749648570237072,2.1598875424758632,1.0
420.113938,165,3788.956249,165.0,240.68071958320797,57.57846066512697,61.86070790758791,16.65000000000002,-4.8100000000000005,-20.17994130134583,-24.473985562287275,-23.48327323224396,-8.25770157517501,-18.18558316660436,-16.23593588506372,-6.02952940986181,0.5937553892663353,1.9593927845789065,0.0
810.208863,275,3800.240732,275.0,545.9373233068552,90.48169727953379,106.0427626902037,28.499999999999908,-8.120000000000003,-35.32660519123079,-37.968298482149855,-39.54748410852907,-14.69335114219035,-69.0491319038993,-19.02852899468899,-12.019520846871407,0.8312360579144091,4.57179831852925,1.0
802.968587,288,3812.315006,288.0,511.4986142883909,98.23898764961001,112.00203824812263,29.2499999999999,-8.730000000000004,-37.47032537937166,-40.489148917794225,-39.111875052069685,-14.71476366655426,-62.046888343180285,-22.194193978049523,-11.26385764634379,0.7521910120682951,4.332620229513379,1.0
888.855561,285,3823.539023,285.0,606.2416437794977,94.26824895307493,111.1382324258138,35.54999999999984,-6.790000000000001,-37.11635195732118,-37.63521769940855,-41.75629140615142,-16.337706675680266,-69.88515361508357,-21.681937171004574,-12.139905889799316,-0.2655722383222321,-1.5137617584367231,1.0
1526.731923,509,3844.44405,509.0,959.8786207522138,179.3745358032188,200.25273525872848,54.44999999999966,-14.20000000000001,-65.72618008136746,-64.4795335903764,-70.05666660939575,-25.776989244184872,-77.85872208797599,-38.87975467508276,-19.246122285025017,-0.24520725296469284,-2.496209835180573,2.0
407.178402,142,3850.249133,142.0,285.3853980530526,46.31871041156951,52.97889170452341,14.850000000000025,-4.279999999999999,-17.60410336971283,-20.481294592469926,-20.35369933674964,-7.488458828171495,-39.53308448108735,-18.907508068472307,-5.706449147356159,0.6977686551434035,1.9816629806072659,0.0
752.730498,250,3860.497375,250.0,509.9368911122891,80.4320239830127,96.5328376460502,27.14999999999992,-5.420000000000001,-30.746089143753036,-35.06881654635072,-36.18542544962849,-12.585576198299648,-57.64766960124245,-22.845139362147222,-10.8225384656714,0.6106989982587923,3.0534949912939613,0.0
345.24749,118,3865.394371,118.0,242.51902542153866,36.39172391173225,43.7098693693563,13.05000000000002,-3.4,-14.159036383628846,-19.561793315410615,-16.552347636211785,-5.378690784119313,-33.032826230107766,-12.041561394422208,-4.296872582765135,0.7053989098166125,1.6647414271672054,0.0
867.019598,278,3876.950548,278.0,593.3188424476434,90.86628275261361,107.15755426110596,32.999999999999865,-5.820000000000001,-34.446070013046246,-35.711769576370706,-39.62328028198467,-15.855636855837293,-73.6735725194396,-19.717435421458074,-10.475316585421908,0.5475900143530261,3.0446004798028254,1.0
183.321732,136,3882.622283,136.0,72.09284940370924,44.24885516287067,47.2606153108257,7.800000000000008,-4.47,-17.74235076904297,-23.622655723989023,-18.68108622717528,-6.791461484104492,-10.678722705788715,-37.016520944409365,-5.077789550981822,0.44496709991525,1.2103105117694801,0.0
587.693489,233,3892.376823,233.0,343.2387240439801,82.5445236447568,87.14863240772326,20.549999999999983,-7.560000000000003,-28.340948805809017,-34.88322140276431,-32.789480199739266,-10.312087045638888,-34.52206421284843,-22.448506125405615,-7.9320831073136775,0.5687802410183214,2.650515923145378,1.0
757.924702,248,3902.849267,248.0,516.499805589172,80.02306674881575,94.66893268687176,27.599999999999916,-4.799999999999999,-31.036144948005685,-33.04611670523884,-35.2961361339087,-13.430382064895259,-62.77112953375431,-19.0015620330208,-9.485632062530533,0.1289414407690973,0.6395495462147226,1.0
414.185912,141,3908.077504,141.0,268.993411936625,47.73223784297174,53.17124680164033,15.450000000000026,-3.009999999999999,-16.241676402091976,-21.060134243965148,-20.582219702354056,-7.25368522442707,-27.56909951567017,-11.084820283701408,-5.359348835125902,0.6474311352748728,1.8257558014751414,0.0
389.149169,168,3914.718405,168.0,217.0808225040174,56.789038285962164,62.65019874312858,14.850000000000025,-5.840000000000002,-21.81076532840728,-24.76591746360063,-23.21324608225543,-8.886396180712401,-11.40746484383585,-28.414645939196735,-5.882454272565461,0.5841381462423791,1.962704171374394,1.0
1600.477795,524,3937.280329,524.0,1068.7792499355276,176.8477998359645,206.4977780842721,59.99999999999961,-12.020000000000007,-67.83919833183292,-67.9613445907831,-72.33756176076768,-26.569742700243907,-121.50432892792692,-45.825287382077065,-21.58956911963131,0.29590922605609,3.1011286890678234,2.0
1785.117605,597,3962.543457,597.0,1138.6050562543082,209.35630948384522,232.82273680236167,64.7999999999996,-17.23000000000001,-76.5521135044097,-75.39628937505191,-81.89186235868642,-30.51218525476439,-111.4487361809011,-42.261819213115416,-22.173492020174717,-0.21170971395659,-2.5278139846416843,2.0
723.330749,302,3975.208195,302.0,399.90719533907645,105.10725564242574,115.87676099500882,26.24999999999993,-6.650000000000002,-41.0230690526962,-41.64414715543389,-41.20472049308947,-14.113747981217482,-30.786174588290287,-39.38125134162404,-11.007352808341514,0.05889215920803394,0.355708641616525,1.0
295.243659,110,3979.825838,110.0,194.98228632195918,34.93198950570893,40.665424401055375,9.900000000000013,-3.7999999999999994,-12.948045058250424,-16.61425434201956,-15.82357567674485,-5.237821802406913,-24.639628169611157,-12.018641413295573,-4.15407485497861,0.8331121705766332,1.8328467752685933,0.0
449.064468,163,3986.715078,163.0,286.6329361271164,55.308465170047995,61.182611451294,16.950000000000017,-3.88,-20.320116577148436,-23.989010590314862,-23.880221771108584,-8.159473998544277,-27.741197146193432,-19.72859291803833,-6.310931273405117,0.6913857719818278,2.253917616660759,0.0
487.755679,167,3993.333337,167.0,329.8650022706436,55.414814671337346,62.21390124854936,16.350000000000023,-4.7299999999999995,-20.1150457715988,-26.794787063449625,-23.431557566123036,-8.06622521300273,-34.203939376690904,-19.490034259174664,-6.256450428759654,0.7547967983649414,2.521021306538904,0.0
2374.444552,743,4024.250997,743.0,1649.6884612059976,253.65164695805436,293.33375165478043,88.20000000000049,-16.320000000000014,-94.32301152229311,-90.07403602823616,-105.33192834766486,-39.418572457696214,-218.64318400420345,-58.78163606534549,-30.536939240200386,-0.5257925933394008,-7.813277937023495,2.0
922.518564,297,4036.926581,297.0,638.9459178614254,98.3003134779791,115.08350709512979,31.799999999999876,-7.760000000000002,-37.675415811538706,-39.91730995327231,-41.689227816584626,-16.027030310584294,-75.2241111216174,-27.601646242576592,-12.716433640847786,0.5337354669022697,3.1703886733994824,1.0
959.781268,308,4050.173353,308.0,670.920747105038,105.31543859118693,119.90646893987818,33.29999999999986,-7.780000000000001,-39.29350841999054,-41.38797829709948,-43.32373450584806,-17.16999562012977,-93.57097874822585,-21.561142883616505,-13.574048046793521,0.17304778949426508,1.0659743832846729,1.0
881.914683,302,4062.960361,302.0,562.0541420120175,107.46177683695795,117.64113313732821,30.599999999999888,-9.960000000000006,-38.473982739448545,-43.4963281609118,-41.52506356426641,-15.38695916908957,-51.82490055200637,-25.11913031729865,-12.056004839402735,0.2212118785248904,1.336119746290338,1.0
652.960788,241,4073.124696,241.0,403.48672281849645,84.72390089746467,93.45583673201446,24.449999999999946,-6.040000000000001,-30.322025570869428,-34.74591173604132,-33.569090909205684,-12.4604778141344,-32.25478610079369,-35.12938952647274,-9.63399106411342,0.3050084783716552,1.4701408657513781,1.0
688.401011,227,4081.661539,227.0,471.81767981327414,77.69956231963918,85.85979092899754,25.349999999999937,-6.340000000000002,-28.875703482627866,-30.794846971333023,-31.825070793003846,-11.870887748467728,-47.05481956915693,-33.48477818126868,-9.079914827351152,0.644692117678428,2.926902214260063,1.0
319.698768,129,4086.886073,129.0,201.874872956984,43.47645346808468,45.408845681318674,13.05000000000002,-3.0299999999999994,-15.699713578224173,-21.121700772643095,-17.762997682698842,-7.267243192290003,-23.75459735883101,-19.470875895099944,-5.004276098072512,0.40681365512028483,1.0495792302103348,0.0
558.542938,188,4094.759432,188.0,394.460602771253,58.3618069844285,72.28092065529971,19.79999999999999,-4.880000000000001,-23.26371849536895,-24.034004181623466,-26.798760814636804,-8.589697255162188,-60.789490328682064,-18.623503658934176,-7.381217912646233,0.3833598297493038,1.4414329598573825,1.0
755.843309,247,4105.122636,247.0,507.16422589214,83.78388515312182,93.73079623013241,26.09999999999993,-5.28,-30.803143086433423,-34.94345714859665,-35.73412663898471,-13.148820338690177,-54.59123411220924,-17.796094564868692,-9.638722011568001,-0.1177986939439991,-0.5819255480833556,0.0
477.131724,170,4112.122647,170.0,307.33844598485047,57.6609835402592,64.0008070235474,19.049999999999997,-4.319999999999999,-21.857551307678232,-25.98592371195555,-24.205676738903218,-8.125423891049047,-33.31982962836367,-16.75513792925551,-6.348969420885917,0.5888798121592462,2.002191361341437,1.0
765.458545,240,4121.998663,240.0,527.4541583292684,80.96812093870989,91.8990548136537,26.24999999999993,-6.670000000000003,-29.08907733917238,-33.20593896955252,-33.24611118390309,-12.45564335953406,-58.5010732683283,-18.695937200019348,-9.249007750197494,0.9659263501163589,4.636446480558522,0.0
368.758562,125,4127.115811,125.0,266.7074581812272,37.98781350003519,46.516276293838395,12.75000000000002,-3.109999999999999,-15.253990883827209,-17.014433491975065,-17.167107702589927,-6.52525465541056,-45.957033305482916,-10.321567013790071,-4.853598908769665,0.9084960914596024,2.271240228649006,0.0
1615.288175,531,4151.084354,531.0,1040.9802131762467,185.60147240767535,208.7485666318531,57.44999999999963,-12.590000000000009,-70.50636336326599,-68.96933145001526,-72.36202386872776,-27.77655126463093,-96.37008288601047,-38.24278469323057,-21.67493949493086,0.09434433154449542,1.0019368010025416,2.0
835.377978,273,4162.136217,273.0,572.0787420090177,93.12564570834944,104.98190549858344,31.049999999999883,-6.700000000000001,-34.364232454299945,-36.327863901108515,-37.40746127536173,-15.046182639741502,-67.84473270963345,-30.283115480123016,-10.88472640457797,0.12180081117301414,0.6650324290046572,1.0
765.860253,270,4172.781898,270.0,492.9793950981184,91.75424355237396,104.20043520089133,27.14999999999992,-9.370000000000003,-34.55655835151673,-36.967895461618895,-36.856788318677566,-14.582973798007611,-60.76927619518618,-17.12801106603362,-9.992318084614574,0.30624449189636327,1.6537202562403617,1.0
278.505217,113,4177.693493,113.0,175.01659881043537,37.42197935918842,40.79667440381593,12.300000000000018,-3.3699999999999988,-14.227662839889526,-17.421694678068157,-15.840174782937257,-4.25572556508851,-23.099901064368854,-17.37786177594624,-4.437014937432725,0.5534687594061559,1.2508393962579125,0.0
586.718402,193,4185.928733,193.0,401.972103382349,65.20320986139564,73.91515414619742,22.349999999999966,-3.6399999999999983,-25.192092332839973,-27.672655759751777,-27.487721699430363,-10.423581360482382,-48.19981841482462,-18.66512629713346,-8.44106982231525,0.4543930230595519,1.7539570690098705,0.0
975.98316,341,4200.591619,341.0,638.2513971384924,115.30882130835242,133.07192369041738,34.64999999999985,-9.410000000000005,-43.90882456302642,-44.69232093319299,-46.75320888573293,-15.418555138342828,-84.33555231527976,-28.644201542083472,-13.136318768378544,-0.4510473159232579,-3.0761426945966193,1.0
835.085398,274,4212.27727,274.0,557.6476411622938,91.65814720134101,106.68492858577278,31.34999999999988,-7.440000000000004,-35.31673345565797,-39.2840382218361,-37.43806169351876,-12.9404160384795,-62.48400408761741,-20.722348180070593,-10.629717752112846,-0.22791773369136176,-1.2489891806286626,0.0
381.853404,134,4217.922433,134.0,255.23186445719304,43.31033864184957,50.089193921709146,13.950000000000022,-4.119999999999999,-16.964333696365355,-18.339767300337556,-18.123556252246935,-6.125553029658593,-38.10548171692358,-8.08560514215099,-4.86369560359341,0.8089732819593211,2.1680483956509806,0.0
963.479693,310,4230.734774,310.0,686.2070295034425,99.58211955977706,120.27775280192783,35.99999999999984,-7.82,-39.670103569030765,-39.672892820835116,-44.318889223247105,-17.43557454007238,-104.02544768915732,-22.690757313982115,-12.95354351849267,0.13657904114142957,0.8467900550768634,1.0
841.017804,278,4242.761607,278.0,576.93587374965,93.66855398266284,108.01576134460949,28.799999999999905,-8.030000000000003,-35.34350677490236,-38.132749036699536,-39.79386691101882,-14.740352280152317,-71.78060484486731,-25.19532865628383,-11.385976528909064,-0.15729559514901428,-0.8745635090285195,1.0
824.75906,270,4253.251353,270.0,566.9215225647246,90.17778756202149,104.24529045883497,30.29999999999989,-7.200000000000005,-34.46294420719148,-35.15741044580937,-37.77548788935627,-13.225243469521924,-78.40292672109167,-19.608897829893852,-11.0526301416965,0.40017666320772227,2.1609539813217005,1.0
571.497297,187,4261.431186,187.0,398.36566584658226,57.82917429438004,70.91619228490094,20.099999999999987,-3.8499999999999974,-22.464958114624025,-24.858682882785786,-26.553886029606097,-9.318612480642257,-54.5398727978717,-13.77992013217636,-7.347802596318462,1.0327918123719622,3.8626413782711384,0.0
624.960907,216,4270.400178,216.0,417.4260993598233,72.23513653503976,82.85144701911638,23.549999999999955,-6.670000000000001,-28.330630931854248,-29.96720835715532,-29.54374759616171,-11.51181180806064,-53.82666025493087,-18.347831518707583,-8.903884998685822,-0.030898490468581768,-0.13348147882427325,0.0
711.837321,227,4280.041159,227.0,493.1779561638519,71.76570902108095,89.19995028552778,25.499999999999936,-5.390000000000001,-28.71988126754761,-28.928270487487314,-31.513492845500064,-11.37859231106324,-59.4342694089513,-19.854741883964163,-9.58704636701369,0.2449712986108603,1.1121696956933058,1.0
1203.278175,405,4297.229959,405.0,797.5511028373841,137.46839112271655,156.71502693270884,46.799999999999734,-8.070000000000002,-51.03043598175048,-52.48789559155706,-56.733012411569526,-21.384833180771533,-97.39805317527511,-36.80909636574591,-16.34301940924755,-0.5366758896531882,-4.347074706190824,1.0
1238.923783,415,4314.881492,415.0,813.0987731143791,142.1155312618589,162.84893075653886,44.699999999999754,-11.690000000000012,-55.32716447353363,-51.21539666205645,-55.66629469212953,-22.157906506944027,-88.08127583714843,-37.65951840346141,-17.041895526437035,-0.5245764388573639,-4.353984442516121,2.0
403.826436,141,4320.838915,141.0,266.26706358446825,46.10158754948392,54.23323786608166,14.100000000000023,-3.179999999999999,-16.845998921394344,-19.869427310675377,-20.11511247647566,-6.697986935779246,-35.587055794490155,-10.38965932882604,-5.1902118506252215,0.5891318294462652,1.6613517590384677,0.0
1072.384219,339,4334.485297,339.0,720.3105004435736,115.8566369928948,131.83582392434604,41.09999999999979,-7.480000000000001,-42.83604584693908,-41.98386083245275,-47.78072525033791,-18.343780479580584,-85.26226657088816,-19.90581803032857,-12.1262453310827,0.2290229392259454,1.55277552795191,1.0
390.559387,146,4340.051106,146.0,259.4775858594061,45.58232257685163,54.16625796628923,14.700000000000024,-4.159999999999998,-18.493798885345456,-20.90120882615447,-20.205526833741697,-7.536622959297329,-35.724834572810245,-16.955417259208094,-5.389370061774207,0.35536220695240955,1.037657644301036,0.0
998.385769,360,4355.456081,360.0,595.9223107803421,125.70939773721928,140.56761984003532,37.94999999999982,-10.240000000000004,-47.09976591110228,-52.12657534927131,-48.24779596854339,-18.952401302367452,-41.48965774571287,-29.51249965349654,-14.094863749344865,-0.3805892875820904,-2.7402428705910507,1.0
641.199313,214,4364.547721,214.0,436.12740851336196,72.47796880281977,82.22042137729328,21.599999999999973,-6.5000000000000036,-27.146322841644267,-28.983239780366414,-29.473278713808504,-11.984069150857191,-53.598927617249174,-18.81183648076698,-8.728810875746865,0.8711438856179454,3.728495830444807,1.0
797.171129,293,4377.134228,293.0,497.93159223663093,98.940120010057,113.08264387628861,29.099999999999902,-7.4700000000000015,-38.0876514720917,-37.573762075603014,-39.67051931354966,-15.186997544253021,-60.73287993977521,-25.25270682832527,-10.908710266948916,-0.4894197963177975,-2.8680000064222932,1.0
1072.176286,375,4392.744159,375.0,676.2512377067109,131.684086182315,145.6880076431828,38.84999999999981,-11.580000000000014,-49.12156784057616,-49.820110671222174,-51.26621700155622,-18.355034451474907,-67.09684841710016,-33.12596722631124,-14.931300353073933,-0.4684676282299806,-3.5135072117248547,1.0
649.282871,246,4403.152086,246.0,387.4229234599229,81.80323333076181,95.92450955072607,26.549999999999926,-7.430000000000003,-32.82037137031556,-35.30419914051889,-33.077681414220834,-12.070307841345597,-29.57697860234964,-28.216257143402654,-9.922000324125827,-0.07384615763311449,-0.36332309555492326,0.0
799.909521,284,4415.182715,284.0,535.8141695186762,96.79355896764304,109.18097434542743,29.999999999999893,-8.120000000000003,-36.85010961055756,-41.074319644272336,-39.72159218696992,-15.534588031777428,-70.16238331491206,-32.208068760413376,-12.208119933891494,-0.4869642979948598,-2.7659572126108034,1.0
319.178872,120,4419.632715,120.0,206.54684148979038,40.89161527086795,43.86672279367009,11.250000000000016,-3.479999999999999,-15.234968547821042,-17.71755370572209,-17.558846726021144,-5.928804547200079,-27.605408875403242,-11.407744152440126,-4.442980586524049,0.6246438931969813,1.499145343672755,0.0
737.135402,244,4429.604378,244.0,493.7248831662443,81.92662121110095,94.1044411316513,27.449999999999918,-5.31,-32.12056155681613,-30.099949570000163,-33.82821562043639,-12.38364031133926,-57.84193599685034,-22.888645100886684,-9.59759515815624,0.6040913118512942,2.947965601834315,0.0
688.1374,240,4439.720987,240.0,453.806252157194,82.0092159784017,90.5360300684499,26.24999999999993,-6.03,-30.503562431335464,-34.27227579802273,-34.55762817889894,-11.973943286930814,-55.263088653596824,-22.418009922529034,-9.445590228322615,0.17789702841947902,0.8539057364134992,1.0
320.544185,115,4444.502242,115.0,220.04425094861602,35.53437419455316,42.69527318214765,12.450000000000019,-2.9599999999999995,-14.425938415527346,-15.524362637102598,-16.500384282974597,-5.420818066835766,-32.27906439472557,-13.747047160609597,-4.32209795516682,0.6760928694659752,1.5550135997717431,0.0
730.696265,262,4455.615003,262.0,469.0970965939777,89.04183296015711,100.84000750941289,29.549999999999898,-7.790000000000003,-33.21338733673097,-36.874827660620255,-37.13651038389709,-13.150224005095504,-54.86176830723783,-27.37463495971545,-9.431319568537207,0.23189700876001448,1.215140325902476,1.0
150.275498,77,4458.76902,77.0,84.08798751637961,26.531645862810812,27.469845903565357,6.300000000000004,-2.55,-9.438917932510375,-17.999235796928406,-11.127689946867344,-3.8976755687973794,-11.563585924908592,-11.472430199825952,-3.0644460020757274,0.23680458259979004,0.36467905720367666,0.0
1438.889319,472,4478.499394,472.0,969.6376112856858,161.25185198269187,184.47012970815936,52.34999999999968,-11.880000000000011,-62.720486135482766,-60.63159189522264,-66.49807666001131,-24.78472487838227,-116.2237120603626,-38.66632240878076,-19.415360276904543,0.20732010034623574,1.9571017472684653,2.0
776.99265,276,4490.374023,276.0,477.2048843499506,96.38926288194243,107.62148427652694,28.799999999999905,-7.200000000000004,-36.44090922832493,-37.941500004008404,-38.242023854829554,-14.282108115498723,-44.626053248598936,-20.08627773585363,-10.204109190991334,0.38902311562573794,2.1474075982540737,1.0
656.188016,232,4499.883332,232.0,431.7179286328409,77.50078163976787,87.9920819605053,22.94999999999996,-6.650000000000003,-29.60985124111174,-30.702428942918782,-32.789064595427575,-13.4087679386963,-51.74512271256217,-22.536996577984137,-8.530544212627321,0.4869019637314805,2.2592251117140694,1.0
237.628844,90,4503.327323,90.0,156.2529212171091,28.45324847529699,33.422322206812964,8.55000000000001,-2.1499999999999995,-10.665693988800049,-16.917003852128982,-12.604570261806359,-3.394230444911621,-21.000350015433845,-9.526347735526835,-2.7914512039653734,0.6314451118235204,1.1366012012823368,0.0
758.998917,260,4513.577722,260.0,485.438674881423,90.13347070641184,100.50959044676911,26.999999999999922,-4.939999999999998,-33.74714188098905,-35.1289123944938,-36.50766069872754,-14.070813458019549,-46.40648953142846,-22.89839992646722,-10.383400679567439,0.2262949539460144,1.176733760519275,1.0
834.240838,276,4525.280049,276.0,564.6901079518819,92.82629436845819,105.5802365984147,31.799999999999876,-6.190000000000001,-36.08316547870638,-35.172044866532104,-39.38475408359449,-14.224297053371794,-67.00251408464598,-27.359331582079246,-11.239693714717042,0.49824109466825617,2.7502908425687744,1.0
569.926507,211,4534.27039,211.0,340.9225244554483,73.40958812996196,80.71189871226912,22.94999999999996,-5.039999999999999,-26.529216914176928,-30.63321790918707,-30.266629187519037,-9.335118154844558,-34.682016273739805,-14.818998397920225,-7.762307123466964,0.5779054344763275,2.438760933490102,1.0
791.588665,298,4546.55892,298.0,479.31967245307186,102.26735049402431,114.30519275096214,31.49999999999988,-8.810000000000006,-37.55602587223047,-39.52561596967281,-41.03757922034697,-14.756888301595996,-52.7477382657442,-28.84077878667397,-10.528924460532037,-0.15521729227311498,-0.9250950619477654,0.0
585.28907,251,4557.104509,251.0,349.24882832045114,85.85189675321621,94.02083807036331,20.549999999999983,-8.750000000000005,-36.53880012512206,-36.01617697626352,-34.27663290275758,-14.072484956725374,-39.686335751548064,-35.298302734292086,-10.743759312976733,-0.06690561039798683,-0.3358661641978939,0.0
602.626117,205,4566.024553,205.0,409.63122451001436,68.391327858403,78.994458390847,23.549999999999955,-5.18,-26.028614740371705,-26.306514601409425,-29.048060113268836,-11.749441378761192,-61.75878482536752,-14.434911070733968,-8.434567194065501,0.8673915179942092,3.5563052237762576,1.0
777.567191,310,4580.363257,310.0,426.7771232540844,109.32508606274074,117.73902839679369,35.69999999999984,-7.110000000000002,-40.144965825080874,-45.77260554283853,-43.159484273655266,-14.08146211006282,-29.200019576023507,-31.30799176229016,-11.197518118238387,-0.1569379620270534,-0.9730153645677311,1.0
844.859181,295,4592.261516,295.0,540.2315695128955,98.14364913506238,113.10056865690649,33.149999999999864,-7.080000000000001,-38.480773787498464,-38.16966133825481,-41.587528684864886,-14.110341437298993,-60.832205111847585,-23.488846106292673,-11.017249817354603,0.1804587945915501,1.0647068880901456,1.0
908.936794,321,4606.250311,321.0,575.4028588316113,112.66206060766342,124.86519599310338,32.849999999999866,-8.610000000000005,-42.82841851234439,-44.89258405640721,-43.93815147840612,-15.634328661884393,-60.581489976882935,-28.719850106261955,-12.638498573429608,0.5274049153882725,3.3859395567927097,1.0
798.410171,281,4618.241876,281.0,508.4901258438205,97.10621058664667,107.88342749923122,30.44999999999989,-6.200000000000001,-36.916631679534895,-38.33994535468518,-39.497330305174614,-13.338320216528112,-51.22402744704355,-30.699451296998234,-10.303886451979634,-0.16225619897036062,-0.9118798382134267,1.0
666.706015,212,4627.385709,212.0,451.6359612940588,71.56848302204725,81.45598208151416,25.19999999999994,-4.749999999999999,-27.710234661102298,-27.050186719000344,-29.906966282135215,-11.054672080736232,-51.66172024923686,-13.936606772312166,-9.084024195336353,0.9731114471991029,4.125992536124197,1.0
745.211342,257,4638.392037,257.0,481.54835742100755,85.54232142374266,97.84294281193513,27.599999999999916,-6.7700000000000005,-32.949455714225756,-34.31913678571582,-36.08513368965034,-13.42344447897835,-46.685207323109054,-24.07556617617931,-10.014335123805116,0.35650229673919454,1.8324218052394599,1.0
685.512631,226,4647.90996,226.0,498.74201831621747,72.77861124558245,86.14008822237832,26.24999999999993,-4.3199999999999985,-29.787478203773475,-29.646493682265277,-32.18282260212984,-11.886628005838702,-82.4846835700748,-24.617350125679597,-9.472630503192592,0.8136961379310484,3.6779065434483393,0.0
623.374764,215,4657.041597,215.0,432.2519221298622,69.77557062407078,82.45127852299635,21.449999999999974,-6.55,-27.726439776420595,-31.724001472443362,-30.48383137973029,-10.466240146820136,-60.447977921053806,-21.09192708388564,-9.06358967947101,-0.288501094594518,-1.2405547067564273,0.0
980.82827,353,4671.588649,353.0,604.8323665630775,122.3987568702266,137.5234468072509,38.09999999999982,-10.580000000000002,-46.59665707588199,-45.142449366301314,-47.91968402473195,-16.614883983965175,-61.299951129923926,-33.18532472155267,-13.687349492351977,-0.5124783976272914,-3.618097487248678,1.0
499.408561,177,4678.452164,177.0,329.7499134705355,58.494167075573095,67.9024394080675,18.9,-5.14,-22.405886416435244,-26.05278746336698,-24.635479108411968,-9.48009880140841,-38.82488372803171,-19.40311304329844,-6.695710414498879,-0.004775056402837216,-0.016903699666043742,0.0
993.524081,357,4693.181949,357.0,614.7936073300051,123.69011309457908,137.24126999375312,37.49999999999982,-9.890000000000006,-46.046548409462005,-47.01969756484031,-50.29680777489717,-18.49392251521612,-61.86596548137717,-30.929373925727315,-12.158593484614938,-0.3967230913245723,-2.8326028720574463,1.0
681.523626,246,4703.287834,246.0,424.3081964267421,85.00916762226859,93.68209759000993,24.89999999999994,-5.669999999999999,-30.760263729095453,-35.22303590588272,-35.235093312865494,-13.346300795735337,-41.92063693867641,-21.014864451622554,-9.20564021809173,-0.16980103800477717,-0.8354211069835037,0.0
723.053702,254,4714.088752,254.0,474.397725607422,85.14703898069867,98.20240054624412,27.749999999999915,-7.120000000000004,-32.123728399276715,-38.518077448010416,-36.12440782827614,-12.793784001449145,-54.81212205602451,-24.20475560973146,-10.746587294620252,-0.33753459421889265,-1.7146757386319746,1.0
918.508703,327,4727.951054,327.0,569.8268278267876,111.62078447709634,127.28684341535596,36.59999999999983,-8.520000000000003,-42.07251408100125,-43.2519232109189,-45.29889152491371,-16.3796373195391,-56.34779664519483,-29.969534456330265,-11.985455501004502,-0.3059858487890342,-2.0011474510802834,1.0
89.574874,84,4731.617862,84.0,17.675559127277243,27.02405618419941,25.23308000979786,3.449999999999999,-3.69,-11.044131355285643,-16.923522502183914,-11.862894913568642,-4.463665144357204,-2.7620370120112963,-14.713292371971683,-2.348278463948098,0.1667486257652633,0.28013769128564237,0.0
309.160211,117,4736.691591,117.0,196.02715072834616,37.549771043818616,43.59916887177079,11.850000000000017,-2.96,-14.60700308799744,-18.57716577947141,-16.105552951686104,-5.694767693303952,-25.314218508620307,-9.805869983589327,-3.8013015106682357,0.7470322150742627,1.7480553832737744,0.0
146.043903,87,4740.444743,87.0,57.77252155021488,29.241884798632253,31.416640941545428,4.800000000000001,-3.7799999999999994,-10.747013106346126,-18.681453013420107,-11.83594561228517,-3.7593507560093156,-2.067893515998149,-10.576633364003495,-2.7388546225654395,0.24075728558088527,0.4189176769107404,0.0
984.01749,337,4754.309372,337.0,620.3772310599386,117.41217732438663,129.13348069476612,36.299999999999834,-7.300000000000002,-42.11483109474181,-42.52213727235794,-47.01520966819586,-16.004757360025618,-62.90960065684852,-26.62434290326903,-11.714520013350862,0.6689608524942647,4.508796145811345,1.0
308.747388,127,4759.781864,127.0,176.9035874937222,41.01358370933555,46.85819903827398,12.300000000000018,-3.8099999999999996,-15.76969662189483,-21.554702745378012,-17.906042289117607,-5.840684291826704,-10.790712929725615,-14.622577942949595,-5.033565585692129,0.3537396434372167,0.8984986943305304,0.0
1078.310765,361,4773.965205,361.0,694.2344275168272,124.17531684815981,140.72487621618276,40.79999999999979,-8.840000000000005,-46.29510013580317,-45.02098835557696,-48.577269228765886,-17.642213272416196,-70.0346851061259,-32.768942258954574,-13.444657430812802,0.2403841182014042,1.7355733334141383,1.0
866.232024,306,4786.939102,306.0,552.5739578879427,104.75474601503947,117.14015797512101,31.799999999999876,-7.470000000000002,-39.71014476299288,-41.5169098690152,-43.06209540591851,-15.634609613771058,-60.25000119175652,-26.9527584576077,-11.44031891620487,-0.3721936238137156,-2.2778249777399395,1.0
951.914629,319,4800.073369,319.0,640.6079395541424,106.83389247578663,123.91932762030328,35.84999999999984,-7.280000000000003,-43.43884661674499,-40.5235588490963,-44.44531750792786,-17.630369539796035,-80.69647334762361,-27.3187859735113,-12.963178880931883,-0.36631191110597505,-2.337069992856121,1.0
1149.163074,391,4816.783837,391.0,723.612741242275,137.1682217277973,149.96074506654926,45.749999999999744,-9.790000000000008,-51.57243318080894,-45.511859133094546,-55.05905797990402,-20.04431400595856,-70.1897897484126,-30.482140755703373,-15.67903916033357,-0.14402218337431713,-1.12625347398716,1.0
463.193291,179,4824.561728,179.0,263.6734188440833,63.238253022805864,67.36380562036263,17.85000000000001,-5.74,-23.102461028099057,-27.689251925051217,-24.365883552474916,-9.130144631775243,-17.121474404131337,-13.661877511846626,-7.121093102099632,0.5887073444777181,2.107572293230231,0.0
752.973728,250,4835.155101,250.0,531.5690680096559,84.53427278135469,96.30381267777521,28.19999999999991,-6.75,-33.2905272579193,-32.80705776289107,-33.85718320708403,-12.976084884361846,-80.44488604598537,-26.36209827049435,-11.145587840667751,-0.1886085047037866,-0.943042523518933,0.0
899.612395,299,4847.551871,299.0,643.6549982236531,100.84540572393175,114.56771513379867,34.199999999999854,-6.820000000000003,-38.17076863288875,-39.559189802780786,-42.883124631677454,-15.447152868835724,-104.81273970082773,-31.90245935610505,-13.060288974432698,-0.42696775976884854,-2.5532672034177146,1.0
927.994855,331,4860.726895,331.0,585.4174640808858,113.74015004749305,128.6483900641062,34.79999999999985,-7.710000000000003,-42.28542207717896,-41.91762313544754,-45.510869910143654,-17.031576243262894,-75.96731215941135,-22.841823914570995,-12.346522031460404,-0.47789808132950884,-3.1636852984013486,1.0
896.448564,306,4873.820126,306.0,600.478955474709,105.6820621427211,118.60140962744642,30.899999999999885,-8.800000000000004,-41.79548234939576,-38.92610007748006,-42.65630971177138,-14.849276166433732,-74.7787198482359,-29.641391946140708,-13.766582708749123,-0.6162047643064712,-3.771173157555604,1.0
437.397177,146,4879.796729,146.0,315.9240630465021,47.60992643285376,56.289536177550524,15.750000000000027,-3.7099999999999986,-17.716655330657957,-22.808546050637958,-21.194355705435612,-6.638117176270718,-51.986751926069424,-14.78370499715997,-5.3382172732892235,1.1199001330146194,3.2701083884026887,0.0
736.208647,250,4890.177724,250.0,506.0161350107383,83.49024870190098,97.01746814363824,26.849999999999923,-6.020000000000001,-32.724653000831616,-33.129672177881005,-34.72669629714286,-11.85352532980074,-70.53015538801687,-27.100342886667644,-11.080159730865484,-0.3404985858500308,-1.702492929250154,0.0
1032.772489,345,4904.878124,345.0,688.7001494367966,118.18103448514114,133.35098313509533,36.44999999999983,-8.190000000000005,-44.28960582733152,-40.74753465875984,-47.25595463312632,-17.721183432536286,-88.65324014165513,-28.92089754189241,-13.131262220128656,0.033429647040148384,0.23066456457702386,1.0
408.804516,160,4911.594413,160.0,250.6066177618924,55.45888904674043,60.85201641004428,15.300000000000026,-5.930000000000001,-21.020305018424988,-25.23256833553314,-22.45920908225758,-7.638833122680377,-20.79621998977498,-22.88217798642097,-7.453693771549992,-0.179821401931347,-0.5754284861803104,0.0
1272.580938,414,4929.134626,414.0,867.3787427972758,138.80515304000048,161.7521435991174,47.39999999999973,-8.389999999999999,-55.36499294281007,-48.98561911508442,-58.93668205437221,-20.550669921631354,-110.89582474764869,-36.0796759864358,-17.55163635045926,-0.14158337602936547,-1.172310353523146,2.0
639.036205,213,4937.208534,213.0,443.1548028346806,69.69080312754468,80.38958950940949,22.499999999999964,-5.49,-27.757799253463737,-30.254243654012683,-30.04666762000521,-11.943198045384984,-58.562058067036865,-16.47566011419015,-9.169363272800082,0.09078336966134658,0.3867371547573364,1.0
1483.568472,508,4958.57433,508.0,977.4309983462527,175.16539029974757,196.74184698616313,51.899999999999686,-14.720000000000008,-66.37882519245147,-69.40642762780186,-70.62643403422726,-27.77330085961091,-116.59201747618067,-39.22126377150758,-20.951494961557827,-0.4168175827457149,-4.234866640696463,2.0
2139.866985,754,4990.632188,754.0,1313.683848818357,270.9444642084166,295.62537877628233,75.75000000000001,-21.83000000000002,-101.14612781524669,-102.09156108163296,-99.38291759131756,-37.578483754678786,-114.41507546984124,-64.24886623832698,-29.443674356701973,0.014863589241191312,0.224142925757165,3.0
1409.340691,464,5010.43299,464.0,917.7187699268912,161.87211432754052,180.81894288789152,52.19999999999968,-10.490000000000006,-59.716658322811135,-60.54649558737873,-64.42153326296862,-23.26629845591428,-101.79312595546712,-29.14625415276732,-17.88877054786433,-0.7111378031477134,-6.599358813210779,2.0
1008.504839,359,5024.848071,359.0,604.7155472623487,129.0964797660656,138.33944992566478,38.84999999999981,-8.960000000000003,-47.24253052711488,-49.4601802419871,-49.47086730891925,-19.55360900743085,-47.147179112979444,-26.161309481554387,-13.500962130323396,-0.39262770980545836,-2.8190669564031907,1.0
711.38852,252,5035.394141,252.0,452.77556631488056,88.51690474055458,95.5340816286237,24.299999999999947,-7.490000000000003,-31.937742028236375,-34.08466022089121,-34.992818048055305,-12.364946910758926,-53.110040754420645,-18.563827034318887,-9.193997334654926,0.19662160321171757,0.9909728801870565,0.0
862.445019,289,5047.875375,289.0,572.7737078910698,102.02483687456684,111.05898147929005,31.199999999999882,-8.050000000000002,-37.68228397846222,-37.87261373624203,-38.42623137350346,-15.55443330144962,-68.52327910339365,-25.311826468731805,-12.191839076047337,-0.17951849652889112,-1.0376169099369907,1.0
748.055797,274,5059.697958,274.0,454.2148065194443,96.5478404824607,102.87924690568003,28.19999999999991,-8.300000000000004,-34.794205756187424,-35.71681581735613,-37.183120817061294,-13.741962986154597,-43.65341209420459,-23.89524905791581,-10.50132988432268,-0.2136527066975052,-1.1708168327023285,1.0
503.587764,246,5069.626148,246.0,220.90508676573023,78.70167353977752,96.61556372269726,21.149999999999977,-5.420000000000001,-32.42588529109957,-37.18358044326305,-33.06022236546873,-9.853784585226691,-11.578946306211927,-21.748670539616555,-8.513470568605133,-0.09383849845560643,-0.4616854124015837,1.0
2658.989973,1000,5110.744001,1000.0,1461.2252261391625,370.9137591140034,392.8521524512223,103.80000000000108,-28.83000000000003,-130.98919567585006,-129.1357900150119,-133.7520137087211,-49.130695710496084,-88.04403015103492,-75.16510607992086,-34.7543336090656,-0.0024448086510275953,-0.0488961730205519,4.0
1329.78213,489,5131.414903,489.0,776.5260276305113,172.24565658972094,191.43100471289523,52.64999999999968,-12.500000000000007,-63.527867407798794,-65.33822463378313,-66.79360466078154,-23.231197699880116,-69.61949243870626,-32.637464387192495,-18.422708079749466,-0.03038340427024893,-0.2971496937630345,1.0
1073.586166,369,5147.302023,369.0,688.4361708907466,125.53611334609732,142.07053852593077,39.299999999999805,-9.400000000000007,-48.815540552139296,-46.067784331366475,-51.50630205781756,-17.906047702195373,-68.44264806650718,-32.760057237065695,-15.85827655809192,-0.3119715392021684,-2.3023499593120027,1.0
1314.67586,470,5167.193092,470.0,816.2957812147409,163.1697029359042,183.84885792553717,49.04999999999971,-12.650000000000006,-59.50600027084351,-60.470128211379134,-64.50379728706754,-23.899729085999933,-91.66836712831702,-37.316216207056485,-17.6742436968361,-0.2665123235811972,-2.505215841663254,1.0
1743.971692,616,5192.056879,616.0,1139.5073971222473,213.068772507284,239.8501243860378,68.09999999999972,-16.260000000000016,-79.63676911592479,-86.34230537749814,-85.53903656142938,-30.994325564366513,-135.91670392582614,-72.60459280725595,-25.26086819998771,-0.2991254657925546,-3.685225738564273,2.0
1105.960813,391,5208.292783,391.0,678.3192715703836,140.8949108364381,148.58206049120662,41.24999999999979,-10.38000000000001,-49.58883378505704,-53.39224222451449,-54.187684807011316,-18.21965120375048,-63.83818788854834,-29.902293935811265,-14.576536332448363,-0.36889556549154734,-2.8847633221439004,1.0
1304.223272,440,5226.799918,440.0,848.6092871528715,152.38065635832447,171.6203111258722,46.649999999999736,-10.940000000000003,-58.37820298671722,-57.44477894902229,-57.886000432256125,-21.372136659528888,-94.80701254368239,-36.252927217290114,-17.955924135469804,-0.20015788208923244,-1.7613893623852457,1.0
1962.175583,678,5255.203798,678.0,1242.818624767767,241.1556528869021,265.66808751203274,68.99999999999976,-17.52000000000001,-89.49835759639735,-88.96506015732892,-92.80618935034441,-34.98993894491964,-119.17590251931598,-63.25872722992589,-28.252606654970574,-0.025314669376823223,-0.34326691674972293,2.0
715.005634,232,5264.77599,232.0,483.0732175999241,77.76869059979568,88.028646821599,23.699999999999953,-6.460000000000002,-29.71937793254853,-27.972809056937685,-33.13295305826082,-10.56697357515396,-55.91501782394985,-15.702534242603061,-10.095254884996603,0.8103019254264259,3.759800933978616,1.0
984.715431,336,5278.011107,336.0,625.0436924866015,115.4143009475617,130.0588851526004,37.94999999999982,-7.7700000000000005,-42.93257884025576,-43.46209355443717,-47.819175678375984,-17.916715115657286,-63.57456676325476,-23.66803808160039,-12.60827929810125,0.1493238401840842,1.0034562060370458,1.0
787.667372,283,5289.689663,283.0,481.67549988089064,101.66039616058102,109.52660762780363,26.399999999999928,-8.360000000000005,-36.68040462017062,-36.48824713975189,-38.01280071795786,-14.311378932157155,-41.19255877356096,-28.194159881031105,-11.355581276048175,-0.21812589464250956,-1.2345925636766042,0.0
1250.34026,411,5306.802392,411.0,865.8271688274041,137.07628248206456,160.28864211461968,44.84999999999975,-9.460000000000004,-53.974718298912094,-52.13898899666965,-56.553442993737235,-20.312395786940552,-119.28609243512092,-38.694427640178226,-18.28176747846714,-0.4195985884352322,-3.4491003969376086,2.0
2891.533162,1000,5349.229421,1000.0,1719.8307387718755,370.43660655949344,394.4861673327035,109.05000000000128,-27.460000000000036,-134.58517116069814,-125.18845623470845,-134.45932032380148,-48.06202389283653,-121.88534758565855,-70.94364957099802,-39.68638154341942,-0.16956167932792038,-3.3912335865584073,4.0
944.07489,308,5361.56513,308.0,660.3784272209169,99.66866306806226,120.50280219672096,34.64999999999985,-6.870000000000001,-40.712604269981405,-38.676961934566506,-42.139191910232576,-16.071173911629362,-88.07551840280765,-32.15223934419502,-14.42731243896271,-0.002863509325685039,-0.01763921744621984,1.0
746.70389,272,5372.397796,272.0,449.09663601753374,97.49178579882434,103.96895745929618,29.099999999999902,-8.570000000000006,-34.14915619373321,-41.47710858285426,-38.20835000057178,-13.250134557530535,-39.1135689983845,-20.68043894949436,-9.504731895912125,-0.1576639637785474,-0.857691962955298,1.0
1651.107192,555,5395.773616,555.0,1047.4244219100724,196.30378497855781,217.97193690054866,62.99999999999958,-10.87000000000001,-74.00126337051387,-70.13107186630366,-75.21999885986847,-27.320927108109917,-102.17140935513167,-46.81653920430845,-22.06174181439154,-0.23940285798894542,-2.657371723677294,2.0
2654.13409,953,5435.849025,953.0,1574.2232228037717,346.15096244560175,374.513814070135,100.80000000000096,-26.65000000000004,-126.34414943218242,-125.53338905498387,-128.86538100646123,-47.76942599570281,-125.55188407563946,-74.11358254505546,-39.72609688156864,-0.26816901675408733,-5.111301459332904,4.0
846.750551,313,5448.586975,313.0,566.5584171751452,107.75464672928481,122.04513163333559,27.749999999999915,-8.090000000000005,-41.04788319110871,-43.83353412449359,-42.50498486098244,-14.963699700400909,-87.43198284076418,-39.33140978898407,-13.154150086927565,-0.7213683669645726,-4.515765977198225,1.0
1041.197323,366,5463.756137,366.0,663.1578133125564,124.31768851787997,142.73485088129917,37.349999999999824,-10.460000000000008,-47.63435649394989,-51.51909387707712,-50.570858432824096,-18.42660044458586,-66.98640510889429,-31.73176807247389,-15.033947675044354,-0.5536134078066468,-4.052450145144655,1.0
732.757739,264,5474.898955,264.0,447.6572779340809,94.4045539885119,101.19363890425586,26.999999999999922,-8.830000000000005,-34.23521835803987,-37.97680300772191,-36.710748026186714,-13.593680685349977,-40.28107390233749,-20.241082028223374,-9.6291258718337,-0.28079020217912426,-1.4825722675057762,1.0
528.335451,185,5482.98861,185.0,358.883559085038,60.99061170247364,69.21793658661693,19.94999999999999,-4.3199999999999985,-23.35339806079865,-24.7728914052248,-26.322262377284975,-9.584721257948255,-54.481919505960136,-16.666676663250758,-6.204786743412813,0.8440857414596976,3.1231172434008814,0.0
1040.016124,372,5498.814123,372.0,652.9722053424828,125.3219621342982,143.60209450785933,40.499999999999794,-10.400000000000006,-47.97667436599728,-50.02249877974392,-50.55698782871257,-18.52931185671199,-68.7040399171123,-33.869938200384304,-14.320686554353951,-0.45557969350633326,-3.3895129196871197,1.0
1750.874928,611,5524.719502,611.0,1123.5202060426063,214.1355109758308,238.4808201699765,61.349999999999596,-15.610000000000019,-80.91597134113312,-82.15321942493328,-83.03517292095263,-30.518590560460535,-114.03381619228766,-64.60692553650907,-26.73791285776114,0.22111609641085125,2.7020386981406026,2.0
528.646868,209,5532.938507,209.0,313.1183743913,70.6946067340542,78.59067327970783,20.99999999999998,-5.010000000000001,-26.71770854473115,-32.640586327016344,-28.75614649299783,-9.399131577031092,-35.93684766719998,-17.546885967313205,-7.7494798474799635,-0.14291099545313848,-0.5973679609941188,0.0
2279.792343,780,5565.343458,780.0,1446.151970198843,275.90119957209106,305.8570766892177,79.05000000000014,-19.390000000000015,-104.00344986438755,-99.50443082414564,-104.02742318179548,-37.12930747798903,-145.50942124656507,-63.77854570130727,-33.825324751268425,0.14501748450783242,2.2622727583221858,3.0
840.361874,292,5577.973578,292.0,558.9553606913488,100.34465743883844,113.80628424615762,32.24999999999987,-7.440000000000004,-37.57732710838317,-38.79040528479963,-40.877017107424486,-16.502148921662723,-75.71568849431063,-28.029503665577646,-12.062337926096122,0.0769311838441717,0.44927811364996273,1.0
648.982926,270,5589.267126,270.0,392.1617934311502,88.25432899933269,104.46109009430968,20.99999999999998,-5.490000000000003,-34.474236855506916,-38.72531079649925,-37.67900205580553,-11.017858138593535,-50.81284100254321,-37.535587030856355,-11.159450435461114,0.6976073542482116,3.767079712940343,1.0
667.639738,242,5599.342787,242.0,445.5339927076942,84.22889445905304,93.35853180282886,25.499999999999936,-6.040000000000002,-30.66916545391082,-39.010714261233794,-32.64301730384885,-11.647352175396986,-64.84551220682853,-28.643355640873565,-9.482563652354914,0.33059354235452787,1.600072744995915,1.0
2686.478449,1000,5640.295263,1000.0,1505.608824518993,367.1516829934723,396.0374080711287,101.850000000001,-26.970000000000024,-131.72977024555223,-128.80604478195323,-129.059782288072,-48.20015297236012,-99.21308882111452,-80.77700014115972,-39.41362698871316,0.0030399019567552243,0.06079803913510449,4.0
2543.398149,1000,5682.28754,1000.0,1321.259918841727,374.76074563726235,391.0359984660562,97.35000000000083,-27.670000000000012,-129.24260549545284,-129.27088722437634,-133.6012704004744,-46.60224242248653,-73.89170565481751,-66.0681978547015,-34.66160459828678,0.13213909816606456,2.6427819633212914,4.0
1174.307426,447,5701.111857,447.0,691.2604036594973,161.300949048623,171.79148100225277,45.89999999999974,-12.930000000000014,-57.91591144084929,-67.7911359071732,-61.18933557681326,-21.389310553971974,-54.77958938375696,-48.84812346240299,-18.102001134664977,-0.3466922753573897,-3.0994289416950638,2.0
1602.838059,563,5724.373006,563.0,972.4427323214527,203.31540382756774,217.02488784820366,57.74999999999963,-14.720000000000013,-71.53413692951207,-72.6581730902195,-79.37971811005059,-27.67071777804081,-83.2824895378939,-41.13181940114298,-20.3179103078054,0.01762101771228324,0.19841265944030925,2.0
1409.435226,532,5747.154129,532.0,805.7754053625962,193.27309210108743,204.10306558409687,50.849999999999696,-16.73000000000001,-68.13683216094962,-69.48074687644834,-72.7517595639103,-26.33848466189478,-64.66889952022838,-38.78094218100878,-19.678672336674136,-0.36619091163083606,-3.8962712997520956,2.0
742.238752,252,5757.799789,252.0,487.7381076900176,87.27997949320758,97.27636788068153,26.399999999999928,-7.040000000000002,-33.03516021251676,-33.32962618619201,-35.25047894208013,-13.351302200638514,-60.90901028390492,-16.402249745051925,-9.137875203923622,0.18912046378467645,0.9531671374747693,1.0
1833.482901,706,5787.120808,706.0,1058.2890122907038,250.09340459966992,276.16994937166095,69.59999999999978,-21.250000000000018,-91.80115993022928,-96.87468148469921,-94.38302404807094,-32.72423361553783,-95.8528331972188,-66.83463898220363,-26.948894479898943,0.1190903061029428,1.6815551221735525,3.0
58.767861,107,5791.010186,107.0,-27.688006090771214,38.024768927080984,39.90095866658949,2.849999999999999,-4.8900000000000015,-14.19763536453247,-26.36299858093263,-15.45154595928074,-5.196660032075827,-3.5650344071022797,-27.808392995995543,-3.8475936259072343,-0.16318937390202928,-0.34922526015034266,0.0
860.511321,285,5802.885612,285.0,599.4534043137585,92.3258760876662,110.90507075038273,33.29999999999986,-5.389999999999998,-37.21514676094054,-37.57680349051954,-39.96916805224642,-14.947762986754633,-88.57119487041852,-23.987072983882975,-12.815881398026676,-0.3907045315452031,-2.227015829807658,1.0
1730.859505,608,5828.472357,608.0,1075.319039554236,213.97964437558568,236.46384031233362,65.09999999999961,-15.670000000000009,-79.29077455043787,-78.35236328169711,-84.38847360910795,-30.294409421555226,-110.97354439513204,-46.421330455412416,-22.61212368766341,-0.09842008700550911,-1.1967882579869908,2.0
694.481242,233,5838.051533,233.0,479.7810485069507,75.7679979903243,90.0244047946601,25.349999999999937,-5.790000000000002,-28.73810822010041,-31.31081253662705,-33.11300023377711,-12.736979032356727,-68.72226286952944,-19.000273983391384,-10.030772188457426,0.7086494893105287,3.302306620187064,1.0
953.382204,413,5855.555952,413.0,463.9558545212455,149.93056499520776,159.13674597979139,37.64999999999982,-12.73000000000001,-54.46426440715794,-57.20301842316989,-53.141314203611714,-17.727191515288315,-26.71303896938547,-33.31336071164403,-14.998773375807094,-0.1333722302973269,-1.10165462225592,1.0
999.133888,364,5870.957544,364.0,592.0525856456281,131.6471416973014,139.59288863211825,37.64999999999982,-10.600000000000003,-46.261886415481584,-51.34031643383203,-50.83781713992168,-18.250284379632628,-54.31939522773766,-21.877731988635844,-12.321296487840442,0.08006140839113772,0.5828470530874826,1.0
336.634948,119,5875.186196,119.0,219.41769151716343,41.275311309848945,43.0859784699761,11.850000000000017,-3.14,-14.360555138587946,-17.77559065371752,-16.537579164608943,-5.535770490572303,-25.711236370418376,-10.851093555516785,-4.082208166852306,0.8393941636489979,1.9977581094846149,0.0
1499.661621,564,5898.975357,564.0,879.2904590500293,202.00551280368222,219.4674379034231,56.249999999999645,-16.02000000000001,-73.7927970314026,-81.11570919007062,-74.0689648190385,-26.53383151631211,-76.22943542430664,-51.585462786085444,-22.00558838569629,-0.3979789739935544,-4.489202826647293,3.0
1751.28213,635,5925.937189,635.0,1045.577437710451,231.107186312024,248.70321010529162,66.89999999999968,-20.170000000000027,-84.18041834831243,-84.11073384806512,-86.91659975409524,-32.90047317018344,-92.05886857230843,-51.645347287499504,-24.023263197563633,0.049975595497427965,0.6346900628173352,3.0
2185.247857,808,5959.69219,808.0,1246.6148430068365,300.13730534513286,310.16800960981305,80.25000000000018,-22.720000000000024,-103.05580283164964,-104.5779659666121,-110.27716122362084,-38.40743386744275,-90.94459511376947,-61.73715979908757,-28.202182041982415,-0.020620354398374032,-0.3332249270777244,3.0
1669.419798,623,5985.360042,623.0,964.7970486012189,223.2117519660674,243.3943074956102,63.749999999999574,-18.500000000000018,-81.03086371898654,-82.19267609044907,-83.66531920447811,-28.97299178777736,-83.45900469021475,-46.35480573005486,-24.557648673439395,0.23683106658652492,2.9509150896681007,3.0
1032.628513,339,5999.939394,339.0,708.8639685308569,113.4252113177888,130.23257887786946,40.0499999999998,-7.470000000000003,-41.85776685237888,-44.528468710184086,-50.00268147326878,-17.665285588142442,-93.92136509743251,-30.470323133616485,-13.027354961600349,0.004699011296945342,0.03185929659328942,1.0
1880.440372,660,6027.807842,660.0,1130.5591984856658,235.61755238334922,256.9026586095836,71.99999999999987,-15.560000000000013,-86.08427462100987,-83.59565327167513,-91.44892763524547,-34.76135714190253,-95.51440663029581,-41.55534782862625,-26.11907066453883,0.11725063052809295,1.547708322970827,2.0
1143.353875,425,6044.951001,425.0,658.1931160000642,151.36333718868875,162.60972905939286,42.29999999999978,-9.640000000000006,-55.42495844841007,-54.24697325229648,-57.33184627849046,-20.97123890209175,-50.6692177684519,-32.873831207435146,-14.954241292001772,-0.19073823722960837,-1.6212750164516712,1.0
2562.615709,908,6082.86914,908.0,1547.342597025441,332.5605624023674,356.9860431024428,92.25000000000064,-28.61000000000003,-120.21514217853539,-119.75503069832924,-120.88640591505037,-45.12170021512228,-124.47791553827314,-77.16726810890925,-38.2900304277376,-0.15667370708705694,-2.845194520700954,3.0
1529.443532,502,6103.948871,502.0,1042.7953497744052,169.71729050374196,195.4351119334457,54.29999999999966,-10.910000000000005,-65.94926011085508,-64.79694792516534,-70.22354021005413,-26.75976991595614,-130.49312355692223,-42.71065722272139,-22.960920795495742,-0.12164656903323057,-1.221331553093635,2.0
972.464648,334,6118.328446,334.0,646.3313587107245,115.38783788708547,128.37718446352463,35.99999999999984,-9.230000000000004,-44.383468432426405,-44.40509789213539,-44.78280730144906,-18.991083007239308,-78.18968049070011,-32.94996946022652,-14.699626490585198,-0.01641442213919083,-0.10964833988979475,1.0
915.304347,343,6131.658428,343.0,536.4898424209127,122.65911157607847,129.32263614728433,34.79999999999985,-10.230000000000004,-44.494550175666795,-43.587136816233375,-47.70439504585586,-16.24845890198201,-53.92446477833845,-22.3638605576387,-12.414376689790478,-0.217853308403748,-1.4944736956497113,1.0
924.943718,337,6145.964001,337.0,564.7606794788497,118.48431015705637,129.81852047782576,32.999999999999865,-11.090000000000009,-43.353832154274016,-43.10692403987052,-44.90004080244682,-15.799390309703291,-61.35514205228226,-25.139885457859123,-13.374577637272974,-0.31492405995735806,-2.122588164112593,2.0
865.397807,312,6159.184594,312.0,573.4622554662918,102.37498919644474,121.27195104895132,30.749999999999886,-8.030000000000005,-40.25625443458555,-43.03731402121485,-42.70721637491645,-14.810258127773796,-77.51310041367535,-34.715528021657896,-13.391716924505529,-0.6780072746096503,-4.2307653935642175,1.0
2169.022339,842,6194.115187,842.0,1173.2595952061547,309.8185279763771,329.03561580672744,80.85000000000021,-25.470000000000017,-107.31949206352233,-113.1052538983524,-110.10183079510247,-41.38669964481019,-83.05722797400287,-55.35186945435197,-30.14902629518538,-0.07096207191188797,-1.1950012909961933,3.0
1003.606364,407,6211.210316,407.0,533.7953411462681,145.69953393968956,154.95625500722102,35.54999999999984,-12.590000000000014,-50.95274591922759,-49.383108051121226,-53.861092055376915,-19.48683280742518,-45.515544702534726,-29.035446632721055,-12.569995694422493,-0.3444994696013901,-2.8042256825553156,1.0
2170.105601,779,6246.291106,779.0,1330.7259161903917,280.26486239710937,301.95038686785546,81.75000000000024,-21.42000000000002,-100.69363869190227,-97.91477584987877,-107.07414537905288,-41.866004219258045,-139.00770796379956,-65.26714297240389,-30.342149409791485,0.05296001865109043,0.8251170905839889,3.0
2238.731403,794,6279.571196,794.0,1363.106105456313,284.6065801067551,310.7548118272367,83.70000000000032,-21.470000000000017,-105.15683376789073,-104.2931771272794,-106.77298078174024,-40.45795685050866,-119.43051415057269,-66.69374981113609,-33.160881581317724,-0.04416559652177234,-0.7013496727657448,2.0
1037.458609,361,6294.534651,361.0,674.620058468826,126.48599633917382,140.4856435978351,36.74999999999983,-9.530000000000005,-46.27601963996892,-50.331788447871766,-50.80325049615222,-19.34994220851657,-80.2541536369488,-29.72019057452977,-15.61774423244029,-0.6497914033023472,-4.691493931842946,1.0
1107.114647,401,6310.236127,401.0,674.3812157418928,140.52847372179366,152.86230636036493,40.79999999999979,-11.200000000000005,-50.53876510143284,-50.84675719030205,-55.51038580798279,-20.820783430049243,-65.32578306110048,-33.802078124359035,-14.41279630938934,-0.40870473616329606,-3.277811984029634,1.0
839.548099,320,6323.627563,320.0,515.777552893084,110.1445130363346,125.44415124193135,31.34999999999988,-9.900000000000004,-41.71012183189393,-46.86979631185536,-43.41526738784822,-14.959901604866753,-58.76251872692401,-34.340885263550355,-13.209626917268979,0.024780290643287906,0.1585938601170426,1.0
1395.662136,481,6343.804101,481.0,909.3375100846599,166.18334777204072,187.87602939682188,51.899999999999686,-11.650000000000007,-62.11401743412018,-65.85560825169081,-67.44087866100989,-24.22272000283654,-108.06954513197519,-40.779360588040014,-20.502620974529478,-0.43804763786206125,-4.21401827623303,1.0
1259.059709,467,6363.538956,467.0,740.373911240915,168.94620700664805,178.65022427349984,45.29999999999975,-13.460000000000004,-60.08086219310765,-63.87971879690887,-64.40222454844272,-22.37096246542339,-64.43447031240008,-34.84838685035877,-17.73400853777335,-0.12305580317942624,-1.149341201695841,2.0
3001.623557,1000,6404.769124,1000.0,1872.2390885704233,364.9783587181905,397.6153609574388,111.60000000000137,-25.660000000000025,-135.47020774364478,-122.14406109042447,-134.10457660681533,-52.0810707961367,-155.74113282898384,-74.75819307671198,-44.85000893343791,-0.02639971117012489,-0.5279942234024978,4.0
705.155527,250,6415.120829,250.0,451.6735602423254,83.59154075627421,93.73215147544681,25.349999999999937,-7.300000000000004,-31.560715036392196,-32.886153314262636,-34.7248435004111,-12.07944973360787,-56.63098240070866,-14.68232428399097,-9.32725753294225,0.31927886641365866,1.5963943320682934,1.0
2301.875722,778,6448.107076,778.0,1452.5662610070074,279.4165316149063,305.88386343432103,80.10000000000018,-20.080000000000023,-103.8627101039888,-98.30809401236472,-105.0192325482675,-37.93925852048484,-140.16280840889283,-53.84293060897536,-34.87590008213664,0.21244564548714703,3.305654243780008,2.0
1388.199939,493,6468.431837,493.0,847.1552471247305,172.96823951388328,192.63215738157825,56.249999999999645,-11.130000000000011,-65.8861601448059,-64.91526489257814,-67.72090486204948,-24.484682230550458,-78.168562019158,-39.742694587762806,-21.757436252416916,-0.02464412093931322,-0.24299103246162831,2.0
1372.877553,487,6488.140213,487.0,855.5383714986839,166.36477791090618,189.82719706948342,53.54999999999967,-12.330000000000009,-66.00150990486144,-59.3545314781368,-64.66737540256682,-25.89922538389937,-84.01256892187111,-46.161265661419236,-20.976316704712094,-0.3284571248730732,-3.1991723962637333,2.0
2477.580415,942,6527.818053,942.0,1371.8800427805163,348.7455562386345,368.55127887655925,94.50000000000072,-24.72000000000002,-123.1135004854203,-125.81570840179917,-125.27758276744687,-44.621440199533275,-100.19011794336342,-69.35216667516673,-35.00594630414598,0.053358081364494984,1.0052662529070855,4.0
554.625773,291,6540.049832,291.0,239.4975912792844,102.52203858962643,106.96220763627161,22.04999999999997,-8.160000000000002,-39.87781971931457,-44.85851445198059,-39.80429986771883,-12.38660804287319,-23.265934383628604,-29.73492584492884,-9.317962419231076,0.04904361925439269,0.2854338640605655,1.0
288.164081,133,6545.652776,133.0,170.20629185390973,44.78262933803376,47.96634082071073,10.050000000000013,-3.449999999999999,-16.780433883666994,-24.79294716119768,-19.296895165283367,-5.966506326106577,-22.277203461023902,-19.424879892944283,-5.852315205195406,0.04780278356840876,0.1271554042919673,0.0
857.651236,314,6557.82776,314.0,508.5542243569569,108.7316523169258,121.49106739311023,31.949999999999875,-9.260000000000002,-39.522372043132776,-42.6695790320635,-42.583001950801325,-13.698479317715048,-44.6726304546353,-23.046287454174678,-11.623358098621443,-0.28752776004227243,-1.805674333065471,1.0
431.325311,206,6566.603547,206.0,204.47685431188418,75.22380734752427,74.16286038531592,16.65000000000002,-6.460000000000002,-27.19183279037476,-31.22868005633356,-26.703150986977157,-9.673448102705596,-12.698063643784323,-23.268259701926223,-7.964775465892305,0.16293728313840827,0.6713016065302421,0.0
2705.55244,1000,6609.160679,1000.0,1503.42205751961,372.4210155375495,391.341988704097,103.20000000000105,-26.990000000000034,-128.54889861345296,-126.26997325718398,-134.7463566130326,-50.24637881023592,-95.17755163270768,-67.66266264605693,-35.19080039912454,-0.2536471211689304,-5.072942423378608,4.0
1643.538969,549,6631.996939,549.0,1070.295382804574,188.90177723421135,214.2095021932503,61.499999999999595,-11.970000000000011,-72.12074756145476,-68.15680733807385,-76.8186649078201,-30.258944373573797,-114.6916890993554,-43.74386228060178,-22.606977558452673,-0.4421774696289018,-4.855108616525342,2.0
1100.355029,361,6646.260016,361.0,727.7093529136281,124.00833183842892,139.74495180735335,40.94999999999979,-8.440000000000003,-45.08675349712372,-46.501209272444264,-51.69582595400535,-18.529547283027533,-81.49242989031917,-26.115181565981477,-15.196660243415012,-0.2594060481040182,-1.8729116673110113,1.0
1081.755107,353,6661.122951,353.0,725.5792252797144,121.39045698605618,136.4910752511186,39.299999999999805,-8.020000000000001,-45.3033951473236,-44.525494555011406,-49.86910945711909,-16.959852241002956,-84.0439016948355,-30.036878406761193,-15.2470186326355,0.49262041247233346,3.4779001120546744,1.0
485.280724,168,6667.799817,168.0,345.69625315982603,55.258253396608886,62.7708461297163,18.75,-4.059999999999999,-21.705851716995248,-23.552532865107057,-24.770703013591046,-9.416982937254273,-55.282642833797915,-19.333221268509398,-7.072694279942598,0.6877566356772994,2.310862295875726,0.0
836.639576,278,6679.628758,278.0,556.4073594265963,96.12378032835666,106.53397484007138,29.549999999999898,-8.600000000000003,-34.657167081832874,-36.09347147941589,-39.410568464303445,-14.897893169033198,-60.90590465926389,-24.37555817919229,-11.034975522448452,-0.2793459355806302,-1.553163401828304,1.0
1096.981369,371,6695.25938,371.0,723.4900589292617,125.77801984888652,144.38966846361103,39.8999999999998,-10.890000000000008,-48.7631990146637,-47.86280888393523,-51.885122925589855,-17.963477581777234,-88.45770892028189,-25.61335009265549,-16.140710719765924,-0.6110845082372995,-4.534247051120762,1.0
2028.524515,707,6725.002233,707.0,1240.7815165456752,248.99215425574056,277.08881028695936,78.45000000000012,-20.15000000000002,-91.84188517093654,-89.4914317809045,-97.34570395805858,-38.02565254952932,-109.31014919897626,-50.18216348792318,-27.440979984024466,-0.25203216830913494,-3.5637348598911682,3.0
2752.239566,981,6768.548237,981.0,1639.0933612612653,355.3900614609675,383.0507470707293,103.50000000000107,-26.97000000000003,-128.54483903169634,-119.87386567480857,-134.77786857797997,-50.07416405295362,-138.10735368175278,-71.96309430215915,-39.483418944105125,-0.15541300484277576,-3.0492031550152605,4.0
2007.566879,711,6798.624593,711.0,1199.6258693799275,260.4531724112612,274.8019505943768,69.59999999999978,-20.43000000000002,-91.36131666183478,-86.9899612471461,-97.187402961466,-34.32800483137383,-99.41974935545484,-52.04896337836641,-26.148714802321294,-0.22895393430714073,-3.2557249458475415,2.0
2110.98361,760,6833.180169,760.0,1248.3537347040376,273.2865194791974,295.6946726765815,79.95000000000017,-20.47000000000002,-100.30996004581446,-101.03141120001668,-104.56561264203457,-35.95341290568262,-100.82425082319858,-51.086960021778104,-32.059709467887345,0.16077203798840184,2.4437349774237083,3.0
1952.74705,728,6868.923936,728.0,1147.8819909133688,259.9781967344959,284.093448347611,70.64999999999982,-20.880000000000027,-94.93439210414873,-94.84346345663067,-97.57561757895623,-36.834443365776075,-99.93533192647526,-63.75044701177513,-29.10289060908771,-0.0073358916193148995,-0.10681058197722494,3.0
1152.003366,399,6888.17264,399.0,719.7865431360531,140.48037713799152,154.88920963251033,41.24999999999979,-11.080000000000004,-51.93812657833102,-48.58758446387947,-53.97404516189174,-20.26303743111174,-69.15560763017072,-32.05970448114567,-16.344658405113513,-0.16256999542269449,-1.297308563473102,1.0
2670.613491,1000,6937.028935,1000.0,1464.4841574576271,367.6764980969074,392.7704444414436,107.1000000000012,-25.34000000000003,-130.76311400413496,-122.248135343939,-133.80042263866127,-47.835361908662506,-89.09213146455122,-75.94036661237116,-36.39807708151446,0.02153054837071916,0.4306109674143832,4.0
482.699153,164,6944.548903,164.0,328.0241362876899,53.87905329882623,61.893244959646154,17.55000000000001,-4.229999999999999,-20.25533536434173,-23.312197537720195,-23.50062736362641,-7.929442616854651,-40.663021147628825,-16.38528744713139,-6.371370384660799,0.6795441021338143,2.228904654998911,1.0
1152.72095,413,6962.951267,413.0,702.2572161766532,146.58134559196301,158.63601784584617,46.04999999999974,-10.220000000000004,-52.08763039588927,-52.60958546549083,-56.841352335959996,-20.761085766880164,-72.3153833536799,-34.4619437730175,-14.50664844531352,-0.3257096240323784,-2.6903614945074454,1.0
2754.361391,1000,7008.612622,1000.0,1563.8479352537295,369.2639016706822,392.22277320353004,100.65000000000096,-29.010000000000037,-130.33730785846697,-122.50161389857521,-133.00551832821915,-50.394559902053295,-102.8770960894569,-64.98422469861,-38.51289855152906,0.10657227278229484,2.131445455645897,4.0
1489.767436,503,7032.766095,503.0,956.422720118764,174.2892417350488,196.8465528134154,60.7499999999996,-10.880000000000004,-66.29504468441012,-58.63801267519594,-71.54275478822875,-26.278017453570047,-106.0477296545962,-41.48715943343644,-20.372360003314366,-0.38123461014563925,-3.835220178065131,2.0
1445.135469,526,7059.55144,526.0,872.2688469357696,186.23059705449046,204.76823449406788,55.49999999999965,-14.180000000000009,-66.77281702995302,-73.7924350891261,-74.18490902072227,-26.60669612108905,-85.66592972813899,-37.82010714177066,-20.609315446497998,-0.07306930741052059,-0.7686891139586766,2.0
626.725392,226,7070.5736,226.0,412.4863927030474,76.5079452795693,87.41070608070302,23.249999999999957,-6.120000000000001,-28.97015257835386,-31.336455154418953,-32.111385372684765,-10.83416241621349,-59.79695567864018,-20.773838873718418,-8.986701679424101,0.16819729695383487,0.7602517822313337,0.0
1701.734409,600,7099.67306,600.0,1015.0576578176496,215.2167699225813,233.07938372673593,63.44999999999958,-15.520000000000012,-79.17960313796995,-70.79525696188215,-81.8634894269055,-30.170037832002105,-85.8432977801566,-38.692251663523095,-23.005465542889695,-0.2581643169171236,-3.0979718030054832,2.0
987.063586,343,7115.184686,343.0,617.3529386529585,120.203465816741,131.1815907974454,36.44999999999983,-9.020000000000007,-44.74156255245209,-46.53968194946644,-48.57173189238826,-15.857078653852717,-57.06819538487944,-25.501189297072337,-13.8249690756625,-0.04866431264459625,-0.3338371847419303,1.0
1861.061096,675,7147.024028,675.0,1086.9287068943042,240.93055761905205,262.5671105015223,73.19999999999992,-19.060000000000013,-86.78198870182031,-84.52961614597598,-90.94922178387185,-34.393657304863225,-89.39895451812025,-45.89066921639671,-26.561171361924476,-0.06713679273187725,-0.9063467018803429,3.0
436.553999,171,7154.732339,171.0,246.19332830023694,60.37318694252949,63.80103705318596,16.50000000000002,-5.630000000000002,-22.63298849582672,-21.972215549647807,-23.0727207762025,-8.432323481842001,-14.354144391243253,-19.216376678834546,-6.002783952940856,0.45896158916505153,1.5696486349444763,1.0
957.38546,326,7168.821823,326.0,619.0679136567533,113.91632120507231,127.84369976073943,37.199999999999825,-7.640000000000003,-42.02325183868409,-43.565331089496574,-45.85298488384036,-17.43526026248395,-74.2983074603744,-22.019289803159683,-13.808049510060998,-0.5140454793799406,-3.351576525557213,1.0
1499.888029,539,7194.379017,539.0,903.9665755488879,190.0947075859187,210.6745749812231,57.89999999999963,-15.260000000000012,-68.79907612323761,-70.33087584450841,-74.2820539986056,-27.471627257746825,-82.853245439659,-42.23498117549192,-20.515968968776953,-0.13389142008095922,-1.4433495084727404,2.0
1018.62933,364,7210.888961,364.0,645.2143185560087,130.29467002461368,139.73148530453784,37.199999999999825,-10.210000000000008,-46.44459855556489,-50.2030727621168,-50.92640154972165,-17.74941874654,-78.22591970357048,-30.039128869527495,-14.012603716359786,-0.26286551804221264,-1.9136609713473083,1.0
1316.439937,442,7231.701916,442.0,855.9253400479686,153.7583603289354,171.9618643793782,46.19999999999974,-10.940000000000005,-58.404895415306136,-55.33879755213855,-60.82585904685546,-21.977711831496173,-91.79853792235043,-34.70466146562184,-19.415164735535413,-0.45631934001055086,-4.033862965693269,1.0
805.020415,288,7244.664537,288.0,498.9458780513078,97.2272296200552,109.13747062337336,30.899999999999885,-6.550000000000001,-36.678850126266504,-34.32322199195623,-40.092488601714074,-14.887803561081434,-55.5534809243907,-20.527917426148424,-10.576400229106287,0.36988642048591935,2.1305457819988955,1.0
1446.520671,530,7267.465906,530.0,833.4139464764044,193.52835596497383,204.64910273322553,55.79999999999965,-15.040000000000012,-68.11394787311552,-65.81174728572365,-72.96807034377728,-25.66703330486471,-69.45918933151896,-35.30941249004745,-18.501333503410862,-0.1406325452815854,-1.4907049799848051,2.0
1057.186003,403,7285.004439,403.0,602.2934611524074,143.52527811035682,155.32208004462404,35.84999999999984,-10.330000000000004,-49.307352390289275,-56.085756953060645,-56.05122056092067,-19.674193542994864,-46.79110803188348,-29.88420618000939,-14.680978587741649,0.2905509000610618,2.3418402544921584,1.0
1553.291877,591,7309.855664,591.0,891.024281784166,208.8336750343555,229.069539590376,56.69999999999964,-17.500000000000025,-76.30671075344075,-72.78899372480811,-79.54410670454064,-28.364092787240942,-72.267116465869,-54.69871580993696,-21.865883388735796,-0.18072463402258615,-2.1361651741469685,3.0
935.67076,295,7323.221466,295.0,639.3808808700933,100.27500902116552,113.0898756898937,31.34999999999988,-6.820000000000001,-37.71841597080233,-34.593334515392776,-42.075285485423976,-15.545499658569977,-77.12539631688249,-17.16182587092097,-12.385247709947452,0.37996027267965204,2.2417656088099474,1.0
2382.420336,868,7361.465947,868.0,1385.2210471700905,317.49107393569125,339.75065664073946,92.55000000000065,-24.830000000000005,-112.07714499473565,-108.9634665176272,-117.09362801557454,-41.15228964115569,-117.75679943338037,-64.69804616585385,-34.021067175578786,0.14278945342642638,2.4788249114827616,3.0
900.073685,331,7376.684654,331.0,564.1431503229329,116.0622906759498,128.16091378730127,32.849999999999866,-9.230000000000004,-42.706887855529835,-43.7351402282715,-45.20327602111111,-17.511025286460704,-75.65747993556784,-24.842358633666603,-13.256501662037081,-0.6825422711003678,-4.518429834684435,1.0
847.205145,296,7389.082117,296.0,550.946759938497,101.11539726650497,114.50410890300658,31.049999999999883,-7.3800000000000034,-39.16123944759367,-40.52768563032151,-41.95700641811765,-15.578827268209777,-63.44691098492157,-24.784558938390855,-13.574892680692978,0.01806226748565593,0.10692862351508309,1.0
2198.206055,795,7423.606348,795.0,1280.5169923217622,291.90893869192104,308.21202879083916,81.75000000000024,-22.230000000000025,-104.06104009151454,-105.03509113602335,-110.90791622094666,-40.26437015123525,-88.42144167328979,-55.55946901386796,-32.702576911824174,-0.04842073603728613,-0.7698897029928495,3.0
929.53756,336,7438.00779,336.0,585.8626992717743,118.00612656289815,129.63160280200685,32.09999999999987,-7.730000000000002,-44.146061258316045,-45.07248033359648,-47.11874365542628,-16.36161415474302,-69.83026257690642,-27.585253147519687,-14.218453218352657,-0.06469505556952351,-0.434750773427198,1.0
1351.853743,448,7457.52284,448.0,859.151441687317,155.9207743317594,173.2831729692256,49.949999999999704,-11.800000000000011,-58.95149780750283,-51.904546658694834,-62.71859852344242,-22.00949545969652,-83.65168173639302,-25.29240490967582,-18.12342096332775,-0.28356948390049247,-2.5407825757484126,1.0
2039.15944,745,7488.84276,745.0,1207.1282446649814,265.8538421051756,290.43085844829125,79.65000000000016,-19.87000000000002,-97.17836559295658,-93.90779905393713,-101.21451057680831,-39.21702127212033,-111.75661758443532,-55.70185677764071,-30.05733460366633,0.3648065737061878,5.435617948222198,3.0
1594.137293,607,7514.888598,607.0,895.7821780525852,220.08253343972788,231.97211728427163,61.94999999999959,-15.890000000000008,-77.40569427967063,-74.03100075609976,-82.58403100185478,-29.609752318854703,-79.16001569813167,-41.718335851319374,-22.250705885927612,-0.2146737028382042,-2.606138752455799,2.0
941.068763,327,7528.778034,327.0,605.4792173216451,113.46717566762216,126.04309599461047,34.79999999999985,-9.700000000000006,-42.93360481262205,-42.49191883131858,-45.69110121774267,-15.410383893609243,-73.08712506660089,-21.896890580788206,-14.509701930863013,-0.40874419852459537,-2.673187058350854,1.0
2346.427526,835,7563.644827,835.0,1437.3896899470003,300.15881194432524,323.8289927078612,88.05000000000048,-23.980000000000018,-108.4274724483491,-102.0699867334216,-113.84471874514284,-42.3384485224023,-144.74858089071392,-68.1441361722188,-34.4466251270406,0.11087573675586641,1.851624803822969,3.0
1337.204907,468,7583.82379,468.0,838.3538129253584,172.22971888446767,182.52989736191918,47.849999999999724,-14.78000000000001,-61.34030001640321,-61.22020270973446,-64.09692930478377,-24.24063604444537,-83.73291396791804,-42.4876366696789,-19.859903522638284,-0.2849460936391013,-2.667095436461988,1.0
1000.396886,362,7599.601957,362.0,599.1353325525165,125.06126737600825,141.6578107566469,35.249999999999844,-11.44000000000001,-47.043610229492195,-43.661490727216034,-47.4051293363171,-19.455114355531673,-55.26092488552386,-24.28851110308912,-14.15274389333432,-0.16407618721111739,-1.18791159540849,2.0
284.673118,104,7604.069396,104.0,194.7071502996501,35.40493118679068,36.304574160950985,8.250000000000009,-3.1599999999999997,-12.142395124435424,-16.684814131259913,-14.908586864336458,-6.4011911156316215,-25.891178598202053,-10.505702596586245,-4.299668970258344,0.8925738914095549,1.8565536941318743,0.0
1006.422639,378,7620.657936,378.0,585.6980117928407,132.3658888324438,145.74823924977625,39.449999999999804,-9.850000000000003,-47.72196041584016,-48.336565597355396,-51.67758743098914,-19.5100510407445,-53.757688574112954,-31.41201879532905,-12.573628573478997,-0.297565593341688,-2.2495958856631613,1.0
338.559159,130,7626.25945,130.0,223.13452868138688,42.013378221727066,47.43837001009951,11.400000000000016,-3.6199999999999988,-15.825324029922486,-18.330663610994808,-18.089361299397524,-5.199756807832183,-34.21083417719945,-15.498737819489117,-4.652440283553851,0.6575009622796927,1.709502501927201,0.0
1190.174585,469,7645.977308,469.0,649.8273050136079,171.13121692027173,180.42188998458087,44.84999999999975,-13.260000000000005,-59.80033958435055,-60.60091773420571,-64.35489089273149,-23.124018000730068,-47.78177924976247,-38.88168141098821,-17.25219999293869,-0.1746684471558893,-1.638390034322242,2.0
1832.268894,624,7672.42425,624.0,1141.6402199758666,223.61011426135278,241.87506845657788,66.44999999999966,-16.770000000000014,-80.09703359127043,-74.1761439839378,-87.91352843167132,-31.21047473526654,-99.84044922192615,-49.507305979222345,-25.791572716220077,-0.22204609735704942,-2.7711352950159767,2.0
1550.882934,536,7695.145917,536.0,976.1518167726691,189.802176938179,209.75781246043547,56.99999999999964,-12.670000000000009,-70.1468531465531,-69.17664047405118,-74.87315511947378,-27.553983119370493,-92.29460608464679,-49.21517406389904,-21.89846054261439,-0.28938808645580266,-3.1022402868062047,3.0
1575.861612,607,7721.242758,607.0,868.9842217609641,218.73266472650283,233.53697584414047,63.29999999999958,-17.490000000000016,-77.4916474962234,-74.65437968559564,-82.81396364945147,-29.23692512123348,-63.55735058482662,-48.35652497104688,-22.09145919522981,0.15576196875769596,1.890950300718429,2.0
653.66167,235,7730.992199,235.0,424.1445393183873,80.32107650490694,89.80928893447029,23.549999999999955,-5.240000000000003,-31.04299355506899,-30.98971986919643,-32.61897882764451,-11.215696371593705,-52.76005429211,-23.83254037634787,-11.463251802096696,-0.11219380833934907,-0.5273108991949407,1.0
867.361185,303,7743.403356,303.0,534.1035450689853,108.49569001771566,114.88599899960202,33.89999999999986,-8.500000000000002,-39.66084779739382,-37.31963336467744,-42.98204349079596,-14.095938337668853,-50.16147190211098,-22.576987499237127,-11.727126347151948,-0.28046766238533316,-1.699634034055119,1.0
1599.61028,584,7768.790729,584.0,946.6663735578461,212.4664354662248,226.28147479421384,61.499999999999595,-15.760000000000009,-73.8057819604873,-75.17347616404288,-80.9591753343533,-30.598061109823206,-84.17382897575612,-47.56912382747688,-23.26455594798941,-0.14214423418382105,-1.6602446552670298,2.0
2786.621157,1000,7811.668658,1000.0,1605.4625219986917,366.38543709905787,394.68014113355065,110.70000000000134,-23.700000000000028,-130.99481993675232,-118.63090229257946,-136.82425301875332,-52.07312086286903,-110.05875979514938,-79.8262760870406,-38.498811504886625,-0.015546689840446219,-0.31093379680892436,4.0
1205.495122,425,7828.945822,425.0,775.6032201556059,146.72890704443174,164.99661962839372,43.94999999999976,-11.130000000000008,-55.97351625442504,-54.99397982582451,-59.236026079901784,-22.750457708275366,-92.18141329580942,-35.57832627610225,-18.939905323678506,-0.23125031280634842,-1.9656276588539616,2.0
1891.573263,633,7855.570306,633.0,1206.0198770553377,221.4092931384334,245.27812795596572,74.39999999999996,-14.58000000000001,-83.58395317554472,-72.59050050862137,-87.33898813196579,-31.228585141234287,-120.99595342355921,-51.983277695908114,-26.232776691306594,0.2564373386202586,3.246496706932474,2.0
750.254835,265,7866.732065,265.0,486.35160295631124,87.57153249127187,101.8830413123223,26.399999999999928,-6.28,-34.895904064178474,-33.44072357602417,-36.62517345012912,-11.089987515248291,-55.726924100889896,-26.76045894505165,-12.132169617991599,0.13672410495060316,0.7246377562381967,0.0
2764.213691,1000,7907.859319,1000.0,1568.538231352477,365.47148876057116,393.7430496083034,105.00000000000112,-25.800000000000033,-131.23986404418923,-114.32416183501486,-132.17639326075127,-47.50199362356273,-105.47040505259814,-72.00621398960907,-40.02004709314169,-0.0966324163043551,-1.932648326087102,4.0
1106.103889,386,7924.285583,386.0,719.9702649575158,129.1818086827326,152.0280491424829,44.699999999999754,-8.190000000000003,-51.87990962505348,-49.4071637508459,-52.744985690211784,-18.666898002432546,-98.50817088135513,-28.382557734888067,-17.99654827363262,-0.05413727094072458,-0.4179397316623938,2.0
436.202589,168,7931.553176,168.0,265.1451632693979,57.277418859430526,61.79538167501373,16.950000000000017,-3.219999999999999,-20.90090462684632,-23.11928889304399,-24.054147346312778,-8.496859263431237,-30.395989843332437,-16.270074480124396,-6.508110307559764,0.5986397684598973,2.011429622025255,0.0
2781.566537,1000,7973.835561,1000.0,1600.5981455698432,367.97286627735303,391.37255509146536,105.75000000000115,-26.51000000000003,-131.90219524383537,-116.3411527026446,-135.58870407664054,-50.88109943891008,-108.37646835977853,-74.64613704000786,-39.88127331139685,0.10393467338108253,2.0786934676216506,5.0
774.969698,281,7985.843879,281.0,474.5069163632892,99.51500884411469,105.09621179956515,26.549999999999926,-6.350000000000002,-35.63244235992431,-34.2268762230873,-38.77443530404479,-12.592895824181596,-51.497184645838196,-22.266832637654435,-10.35777218977298,-0.025817278727757895,-0.14509310644999937,1.0
1887.242032,709,8015.291755,709.0,1107.1174248512705,247.23790214060335,278.09880556903653,71.09999999999984,-16.52000000000002,-94.56703580856318,-87.07162848263964,-96.05899490768653,-37.1322664818986,-105.89170788114092,-59.336563768020845,-28.733903570732167,0.18843665938532383,2.672031830083892,2.0
2037.364761,712,8045.455899,712.0,1276.866643193302,254.45283348168348,278.25235409929485,75.3,-17.17000000000002,-93.79484289646145,-90.7195842191577,-97.31280436491794,-33.04459739742268,-130.4721765224863,-65.92972083711444,-31.06334381665325,0.15782245553966312,2.2473917668848027,2.0
897.421802,318,8059.261776,318.0,562.0055742824734,111.6919489299102,121.18657986387747,34.049999999999855,-7.350000000000002,-41.041126484870915,-40.565557424724126,-43.52092086329774,-16.20766585375914,-62.08097158164105,-24.863811893292286,-13.882247301811903,-0.16471086076254698,-1.047561074449799,1.0
1369.883131,482,8078.330051,482.0,858.2059280706701,170.9254435671902,186.59411791804072,51.74999999999969,-11.920000000000009,-62.92604544162753,-60.704311461746656,-67.63994122503638,-25.66764101543446,-95.4800530171331,-35.285930130362146,-19.968436692581726,-0.04325965831689794,-0.41702310617489613,1.0
2839.984852,1000,8120.318787,1000.0,1665.4775198103332,363.2902686966633,392.9371952710254,113.85000000000146,-25.49000000000001,-131.18497014522544,-114.85450179651383,-137.8382807696953,-50.29725227404401,-117.75185452929104,-78.85171918492293,-39.301553332116946,0.1197340583208352,2.394681166416704,4.0
172.010747,109,8124.801842,109.0,66.45171969586934,34.77879314907282,36.579344336166876,6.300000000000004,-3.48,-13.920053501129154,-15.380875329673293,-15.755163988472523,-6.060604935113542,-1.9912435187311899,-21.27326848656569,-3.237900173040112,0.19126702869464537,0.41696212255432696,0.0
1802.556619,626,8151.428828,626.0,1128.4681013367326,222.98201923301485,245.75543099411027,65.09999999999961,-15.940000000000008,-81.68676684856412,-76.84980416148896,-84.5020498372372,-30.928855909696278,-115.69600671362106,-53.004437520291916,-27.14101169792873,0.028825268289835396,0.36089235898873917,2.0
2669.958295,894,8188.405167,894.0,1661.7858918373522,319.7459048301594,349.33891508230585,102.45000000000103,-19.830000000000016,-117.40796584129345,-102.77237415350966,-124.57121077182015,-45.61587398760465,-148.738780197005,-60.6184871410516,-37.807724813240476,0.008281779295899091,0.14807821381067574,4.0
972.799848,388,8204.728847,388.0,522.5792895872554,136.38768768744384,149.91250927151478,41.69999999999978,-11.010000000000007,-48.949895853996274,-48.03381067365407,-53.17949730663476,-17.77629544183893,-41.109192770102005,-30.64809979929265,-15.072846344354533,-0.20205996152291505,-1.5679853014178209,1.0
848.729802,316,8218.31966,316.0,494.6017091274562,108.65329328635713,121.44853023422554,33.44999999999986,-8.820000000000006,-40.31696681976321,-34.769016715884206,-43.07718221577461,-15.136126279623001,-52.5842520077242,-19.88449948201403,-10.835686790354046,-0.11207731578518046,-0.7083286357623405,1.0
421.839165,146,8224.492734,146.0,287.6141951483345,47.01151769636812,52.71184900135022,15.450000000000026,-3.9099999999999997,-18.863341412544248,-19.28779025673866,-20.895322699857203,-6.630526673563942,-41.99966173318052,-8.957092720989468,-6.404661040555637,0.9416119406603239,2.749506866728146,0.0
570.07921,204,8233.021536,204.0,368.1517090755596,67.75336879360019,77.20747169363054,22.499999999999964,-3.8199999999999994,-25.268716349601732,-25.17913911938667,-28.534407451201858,-10.1730436523029,-48.7670416817502,-19.374527631050096,-8.416463791853552,0.5063935564120302,2.0660857101610834,0.0
1855.938536,683,8261.270499,683.0,1094.9150554426246,245.84594924362574,264.24771777184185,66.44999999999966,-21.080000000000027,-87.63530064105984,-87.0607042022049,-94.66523292145119,-33.08331563365563,-98.13100805506251,-48.99281330225244,-27.871811778365476,-0.38000412614352785,-5.190856363120591,2.0
796.928463,308,8273.959653,308.0,452.8377791240255,110.11756245794962,115.07485155994878,28.799999999999905,-7.510000000000004,-37.25268643379212,-40.27341064289211,-41.891288123307305,-13.398324698846677,-41.184190204989065,-26.218152516053166,-10.1736779304418,0.18425925183068279,1.135036991277006,1.0
721.109387,312,8287.08454,312.0,353.22715384787693,114.69930740847052,118.26286088333165,32.24999999999987,-9.110000000000003,-39.64441192626957,-46.28710331022737,-43.98332131044126,-14.416471488008117,-17.00422524896555,-26.316320174327956,-12.568081393513662,-0.11334196591014771,-0.7072538672793217,1.0
1783.854261,646,8314.329845,646.0,1045.6010071323371,231.11555413472732,250.69902878500207,70.0499999999998,-18.270000000000014,-81.55156379222876,-78.30945310294635,-88.38208776459743,-33.034386915853666,-93.16666622996767,-42.27762231640799,-24.619548462403245,-0.29693678260320966,-3.8364232312334687,2.0
1132.675917,396,8330.663484,396.0,714.6918094590882,137.94041866180683,154.09394693368296,43.649999999999764,-8.550000000000006,-51.99874583721165,-47.063997425884,-53.73076685870531,-19.65765308305706,-82.68896052229697,-32.993457009239684,-17.01667732042231,-0.4828341144429522,-3.8240461863881814,2.0
917.509159,300,8342.604487,300.0,618.1998882130558,100.6395570258064,114.6646974452212,36.44999999999983,-5.9600000000000035,-39.75795474529267,-34.172843888029455,-43.19487453456041,-14.6558710224988,-80.26871387791005,-20.47303983468927,-13.961686180660301,0.08466801001551244,0.5080080600930746,1.0
1854.352869,664,8370.502745,664.0,1128.9359205806202,235.29273979469002,260.0761588882259,71.39999999999985,-18.040000000000017,-85.77581805706043,-82.14972697421916,-92.49036653774682,-35.21688971967049,-115.82696787839684,-47.64675608351904,-28.205424617504537,0.16904113372431473,2.2448662558589,2.0
2734.645069,1000,8415.718271,1000.0,1549.950390777155,368.6331777769006,394.97077348949597,106.05000000000116,-27.84000000000004,-129.08901107788094,-121.89156066924352,-135.95259822241465,-50.93279487507802,-102.80715110368618,-75.27030885586238,-41.17584829267062,0.1328310609346761,2.656621218693522,4.0
688.364842,261,8426.229811,261.0,397.6539798007976,95.03211791209232,95.98553779745362,26.549999999999926,-7.880000000000004,-32.00559185028077,-36.139742359519,-35.973848069942214,-12.750208673288858,-33.207856729608935,-19.80573520356798,-10.093810672346107,0.467226208788582,2.438920809876398,1.0
1736.190478,624,8452.443679,624.0,1063.2515517585607,223.3914301830325,242.84414319035176,60.8999999999996,-18.07000000000002,-81.95937435150152,-77.96942043229934,-85.87003986534661,-30.156064330130995,-97.13500422513879,-58.628771279233135,-28.407972323939767,-0.07133111086300908,-0.8902122635703534,2.0
1445.636871,503,8473.711271,503.0,906.855097845548,173.9567806020508,194.61124223936446,55.34999999999965,-11.360000000000007,-65.6932689571381,-59.24522390812641,-69.34850078585526,-25.094193727820464,-92.43168465003176,-43.50130224509145,-21.462074917306527,-0.2881263976632361,-2.8985515604921557,2.0
1612.503177,593,8499.050947,593.0,940.5247106446137,212.52732724080624,227.9473267160619,66.74999999999967,-14.420000000000018,-76.00591689109797,-72.09850372374056,-82.01258183285263,-28.373289688265405,-85.23558565422124,-47.10147342524927,-22.99883660025637,0.2745843416844054,3.2565702923770474,2.0
1264.258071,481,8518.621475,481.0,709.3578198230769,175.79484549046927,184.42816492702244,48.44999999999972,-13.930000000000012,-60.94043905735015,-61.512961892783665,-64.34403977455935,-21.660281731776028,-44.69608780005788,-48.66280063549534,-19.02614874333895,-0.014506535022034507,-0.13955286691197197,2.0
785.239523,327,8532.37174,327.0,423.8404566895633,116.46650422910115,121.72363615334795,28.949999999999903,-9.79000000000001,-40.52609869480132,-40.00161607638001,-45.560327995505695,-14.598859060966207,-43.87632115641568,-27.10295258932636,-11.284898495716787,0.0771580658449311,0.5046137506258493,1.0
2684.080835,1000,8575.162395,1000.0,1491.1580291462367,365.97797696468393,394.9307989838534,103.65000000000107,-25.380000000000013,-127.6719156599045,-121.80451411865648,-134.23557415296864,-49.71369314969598,-98.29416376803037,-76.16014556200453,-38.37596382187157,-0.17534230896811714,-3.5068461793623427,4.0
1000.093266,352,8589.145671,352.0,638.1245557487774,122.58339043988809,137.10414224018285,38.99999999999981,-7.39,-44.74789108753204,-45.763867223262785,-49.90577131966331,-15.895454749573522,-65.97456638484284,-43.38378433456849,-15.657487295675208,0.053862911382791805,0.3791948961348543,1.0
2872.826468,1000,8631.651057,1000.0,1667.9810441513316,365.04457039965,393.7703145528288,112.05000000000139,-23.810000000000016,-129.84210978507997,-112.90803151279701,-134.79962796404774,-49.40269705814712,-117.01112806151448,-58.90654557039357,-39.3393207333337,-0.22271628039239372,-4.454325607847874,4.0
1866.026986,679,8660.180363,679.0,1062.298319882316,249.04867419930343,260.8411873567322,70.94999999999983,-20.38000000000002,-85.44430288791662,-81.43801444321873,-90.8524208817024,-33.3103208448499,-74.75433821982547,-43.83631913856384,-26.09547913012338,-0.20015238973332455,-2.7180694525785474,3.0
2519.014954,954,8694.510382,954.0,1405.2966456055208,351.2220483031446,367.8995117925582,100.65000000000096,-26.950000000000028,-118.22412383556359,-113.55679828207927,-132.3023210791364,-50.878471143304175,-111.19248117105803,-72.2603414188446,-34.688714493628105,-0.08866345453653408,-1.6916987125570706,4.0
1030.688199,381,8706.982464,381.0,620.8338423899395,131.68066338428454,147.91130326070385,38.99999999999981,-8.490000000000006,-49.9910341691971,-45.525081827864064,-52.05797893362281,-16.727596182607396,-65.72616986582473,-34.59610722215873,-16.623642264001283,0.2169907343508621,1.6534693957535693,1.0
1710.27867,609,8726.67263,609.0,1022.5664894306335,218.3685021014331,239.04227656146406,66.89999999999968,-15.630000000000015,-79.99458937644962,-73.11684864722199,-81.81359575836323,-29.086583544860353,-87.67215297070203,-51.539745126202995,-26.745082355951467,-0.3534182212048563,-4.30463393427515,2.0
2654.278559,1000,8759.288869,1000.0,1429.6857858146861,370.8274603366977,387.870948835915,107.25000000000121,-25.69000000000004,-128.00308152198798,-112.77666293159137,-137.34280107934248,-46.61842661980418,-87.85544052159875,-65.70978387095138,-37.35943937622692,0.03705999645915546,0.7411999291831092,3.0
159.7541,98,8762.500298,98.0,63.23885088010003,32.54595480913928,33.40721668997471,6.300000000000004,-3.2800000000000002,-12.183901658058158,-15.91388827413321,-14.585430088671417,-5.054049891555274,-3.092332441995756,-16.03448601819682,-3.5938344831092546,0.26819973723202545,0.5256714849747699,0.0
397.409809,171,8768.078738,171.0,200.74434119317323,58.77409252165082,63.98014151239168,18.000000000000007,-4.02,-21.493023467063907,-28.568596848100416,-23.985813015815893,-7.207631809738183,-12.193203768772259,-11.562626428026435,-6.0578704276606725,-0.01934999205011537,-0.06617697281139456,0.0
2689.313561,1000,8800.649981,1000.0,1465.4379847311945,374.45561453448175,388.2852473597742,101.700000000001,-27.200000000000024,-128.26755326271072,-117.49310729168346,-133.90566426966248,-46.80516032944025,-91.61268040185028,-57.671160314854944,-37.60995941821303,0.060794532929942344,1.215890658598847,5.0
618.981518,248,8808.695701,248.0,324.17191079804456,90.78499561654624,93.84535348132236,23.699999999999953,-6.500000000000001,-31.653002548217763,-33.54449372142552,-34.19750601269251,-11.160342363221316,-20.22078236840624,-15.180366298787975,-9.06424899587774,0.25005693045725846,1.240282375068002,1.0
2491.947549,1000,8841.261305,1000.0,1261.9266809969529,376.4033874604706,389.38305349978344,95.55000000000076,-27.75000000000002,-125.56513804912572,-120.86401760168359,-134.34035545223404,-45.17646618172538,-68.91814911701293,-71.16172328823092,-37.53972340826918,0.08838392548204209,1.7676785096408418,4.0
1697.111407,630,8861.687326,630.0,975.7252624440157,229.97584861794357,245.43608185727925,64.34999999999958,-17.020000000000017,-80.32691240787504,-80.63559879958626,-85.95309683479252,-29.748769494174695,-77.41799699154255,-52.03912634564428,-25.234285137826973,0.08225159514826018,1.0363700988680782,2.0
2699.689651,1000,8894.195183,1000.0,1480.772664399525,373.35756652217367,388.5539030124077,106.50000000000118,-22.93000000000002,-126.51979707717904,-114.99494592770935,-134.43383009197237,-47.80516315344433,-95.11067749333743,-69.81046864646629,-37.88960086823656,0.11100614875831864,2.220122975166373,4.0
2744.581055,1000,8926.81564,1000.0,1541.7194169384986,366.58964839623155,390.1162778707879,109.20000000000128,-25.11000000000004,-128.16673125743864,-111.60042907595623,-136.63792000058737,-48.38333358024571,-98.86585561354799,-76.98265620623752,-37.29736251810232,-0.033016659160035725,-0.6603331832007145,4.0
131.769769,84,8929.524052,84.0,45.2722581014026,28.833352841206736,30.3556911616714,4.800000000000001,-2.62,-11.447849330902097,-17.057814092189076,-11.549806710517093,-3.487866920721728,-1.330792109243442,-10.846727570139528,-3.150676216736606,0.17343447638349094,0.2913699203242648,0.0
577.812518,261,8937.985264,261.0,265.96078960394976,91.38731717743478,100.634404274642,23.549999999999955,-6.190000000000002,-32.091184349060036,-34.74337695389986,-35.78657189261878,-12.351832789364202,-13.582520157121568,-21.665341691155923,-8.30916571322262,-0.06412115339960062,-0.3347124207459152,1.0
799.082449,341,8949.085256,341.0,409.37447560803207,125.42919405913757,130.72385072849036,33.74999999999986,-9.950000000000006,-43.5294897222519,-44.63657048419119,-45.50862169355256,-18.30363635831123,-21.227407753722243,-45.30685565603929,-12.732489778134825,-0.0763492154067888,-0.5207016490742996,1.0
819.89721,298,8958.849466,298.0,498.2200969177994,100.3315088033346,112.31561091853185,31.649999999999878,-7.430000000000003,-37.272839779853804,-37.013546497747285,-41.56476258434685,-14.3751221665316,-47.23298453207774,-23.98349168611083,-11.747258981741396,0.7065137581556065,4.210821998607415,1.0
1456.301085,686,8981.197537,686.0,634.4419330650489,250.07428355703232,265.23883483878876,58.49999999999962,-18.67000000000002,-87.07582000732428,-88.75757887512445,-90.11484041668717,-30.418226249137838,-33.1324008098626,-63.93374683294155,-25.851353667469798,0.01832585171643638,0.25143068554950715,3.0
409.453273,158,8986.365511,158.0,230.52254402633662,55.256493664818045,58.638984190784875,17.400000000000013,-3.749999999999999,-19.5309099817276,-22.25201929509639,-22.46858437953847,-8.045714007616882,-16.60185634952225,-11.248195091529059,-6.467470005198974,0.4067245182769329,1.285249477755108,0.0
1035.380079,353,8997.845932,353.0,642.4313204746583,125.36361112459507,135.80106705781415,40.499999999999794,-9.070000000000006,-45.23499617576599,-39.84640036560594,-49.26488059346009,-16.01717905253417,-62.02093156860056,-25.424017440789747,-14.837514764290765,0.36765367532939675,2.595634947825541,1.0
1397.012779,621,9018.015455,621.0,677.5726946707096,227.86251871910895,240.488567405536,49.64999999999971,-19.360000000000014,-77.7904953145981,-81.01192836165437,-81.96803802240156,-31.01070719047426,-44.831085877550024,-61.09884402063729,-22.489902627044632,-0.07676502848004291,-0.953421653722133,3.0
2602.113203,1000,9050.440734,1000.0,1367.9234187791174,366.3483903903516,387.3246696714702,109.20000000000128,-27.41000000000003,-125.43198028564447,-111.27412577792992,-136.06042523714382,-47.70055205894984,-80.03726672721905,-64.6380079794524,-36.13091789039045,-0.15089049485194217,-3.0178098970388434,3.0
687.108885,244,9058.446908,244.0,431.7906329444142,83.19110316912375,93.27136720239051,26.399999999999928,-7.380000000000003,-30.51597675323486,-31.530868730694046,-34.38866764079761,-12.403545138407692,-47.956673179881854,-18.12399126546947,-9.244495295661858,0.6451395117415116,3.1482808172985766,1.0
644.247649,259,9066.939354,259.0,344.858422576487,94.3997821246642,100.89509038865978,24.299999999999947,-7.730000000000004,-32.183175435066204,-32.562481771782025,-36.975995236467334,-11.205631726646212,-19.92522393678989,-28.272191813474745,-10.350945926972642,0.10533054887735184,0.5456122431846825,1.0
1880.406891,668,9088.739102,668.0,1160.8820456649064,237.59027588103245,262.05829839814953,69.14999999999976,-18.600000000000026,-86.2769396400452,-81.0265714488924,-91.47229460265913,-32.32638583887777,-128.03337370792633,-50.77810080474825,-28.7600624545668,0.1737988630505251,2.3219528103550156,2.0
2361.116255,1000,9121.248281,1000.0,1120.3782344160388,373.8873441878677,392.8698175089911,87.60000000000046,-26.410000000000036,-123.52530571937552,-119.940779749304,-132.89265612099607,-45.273222752780136,-64.60393768037642,-66.23733070394329,-34.73590878163882,-0.23841019074676245,-4.768203814935249,3.0
2731.445266,999,9153.670438,999.0,1551.7154919843244,367.8253443506833,388.94306143781944,105.15000000000113,-29.090000000000025,-123.66329322814939,-116.44828610345722,-134.52647913555026,-50.365821698603476,-109.32647015452025,-78.94547609547047,-38.82280519353913,0.031433066665955654,0.6280326719857939,4.0
902.00165,363,9165.462702,363.0,479.0411939858363,129.33373503872153,138.62602993990114,36.74999999999983,-9.530000000000001,-44.05220816135409,-44.73994244262575,-48.406643918946,-16.001365973464992,-34.18035747421702,-35.04040526678236,-12.79838572701526,-0.2145614772348068,-1.5577163247246975,1.0
513.438895,186,9171.545122,186.0,329.63249438129276,61.70655572100614,70.47738880240546,19.199999999999996,-5.680000000000001,-23.319406008720392,-23.196337221562864,-26.61135278500978,-9.88490123927727,-39.89548442455492,-17.362469500860197,-7.627592323625891,0.7854443715470857,2.921853062155159,1.0
770.037483,301,9181.327677,301.0,452.9037927568846,104.03273954427415,116.06237768491442,31.34999999999988,-7.910000000000003,-37.20272678375243,-41.15749823600051,-42.17836788928683,-14.10381781413627,-53.911954863150214,-27.020465255486922,-11.826595714543725,0.10596136040676431,0.6378873896487212,1.0
699.384094,239,9189.072847,239.0,453.147846576841,80.36258139956705,91.99253758255361,28.19999999999991,-7.069999999999999,-30.17743974685668,-30.50547423809765,-33.82536557055494,-13.126653892830644,-45.29382337686774,-23.30092807877399,-10.019186205277453,0.48919592130879513,2.338356503856041,0.0
2890.822828,1000,9221.548409,1000.0,1697.5651780812577,364.9404879956531,393.3931485611009,114.00000000000146,-21.13000000000002,-127.29424631118769,-112.48471909239903,-139.38521262692643,-48.60712888077261,-122.27775533388488,-66.0959516802959,-41.800972323974186,-0.013148377068322444,-0.2629675413664489,3.0
651.070723,231,9229.115409,231.0,420.8865761950143,75.42586033917024,88.1050716674322,21.74999999999997,-7.480000000000003,-28.44059605598451,-28.689051365107307,-31.380675636772846,-11.71939215833753,-48.08049975458807,-20.309178417392577,-9.997391772464676,0.7932102044525684,3.664631144570866,0.0
1225.496575,441,9243.487288,441.0,703.9541918600634,159.06192657368726,171.87989015367197,48.749999999999716,-11.83000000000001,-54.29946466445925,-50.60276093333959,-61.017977103258026,-21.594093526457236,-51.65619947219649,-32.06584812241919,-16.08309008476526,0.37681651005716027,3.3235216187041536,1.0
1186.494917,401,9256.478684,401.0,793.7804537693806,135.98867240051527,155.95347360976874,43.04999999999977,-8.350000000000001,-51.5702084398269,-50.94545783549545,-56.65058228737151,-22.90693981507364,-100.93961263283572,-34.81466576135434,-17.100216381176295,-0.5258273545241068,-4.2171353832833365,1.0
1397.647393,481,9272.112049,481.0,863.9718198504406,170.43991214954562,188.4716254033392,49.49999999999971,-12.790000000000006,-62.54282887935635,-56.96931709498172,-65.6802642119529,-23.235054613053453,-78.52321703805913,-35.18255587319669,-20.812726965329283,-0.28841070866678226,-2.7745110173744454,1.0
807.995979,415,9285.576667,415.0,328.7908534712578,146.37664301590425,158.24352330133513,32.54999999999987,-11.85000000000001,-52.25118360519414,-51.36895306883377,-53.75953686228196,-20.692924708456054,-22.420907610522317,-47.325139193778114,-13.29639525347175,0.152546719042213,1.266137768050368,1.0
913.046087,334,9296.481295,334.0,571.7936153611774,114.56976263048327,126.66001454724031,35.099999999999845,-8.190000000000005,-41.53187879085542,-42.08099881336091,-48.32388690477963,-17.729974611846874,-74.65581723137534,-24.042947220228854,-12.521802262235205,0.1279612576526634,0.8547812011197914,1.0
517.05171,235,9304.210307,235.0,260.9597592653537,84.4227533161685,87.49885077317897,17.55000000000001,-5.570000000000001,-28.70241730690002,-27.71926667168736,-32.40681920849883,-9.327878611955644,-35.37574483647318,-20.864066044056074,-8.413460918358068,0.3068956719717631,1.4424096582672865,1.0
914.802409,325,9314.748941,325.0,578.7403394443206,111.82990193264673,124.5009495740451,36.74999999999983,-6.890000000000003,-40.84613775730131,-37.54433018341657,-45.97081090229252,-15.570005069762706,-70.04989249626996,-32.22022360977824,-12.927381883884932,0.45286950640584245,2.943651791637976,1.0
2261.103595,868,9342.990118,868.0,1239.0958304610817,314.6600670483816,335.41596945032995,90.45000000000057,-24.090000000000025,-110.0056356334686,-101.34035634472963,-120.32923489044485,-40.63959539459846,-93.80556961605578,-64.08549770611877,-32.222382588792684,0.21395417740351388,3.7142445197250007,3.0
2220.521375,756,9367.464777,756.0,1376.5800730111698,267.981454400262,295.56965764971903,86.1000000000004,-16.640000000000015,-97.54855076789859,-83.81083123087878,-107.41983393508113,-37.243331987727785,-133.07901078064413,-53.82848476528456,-32.139766479988346,-0.28996801134848055,-4.384316331589027,3.0
768.405483,270,9376.149344,270.0,479.3174673642055,92.68366005290527,104.7436255647383,31.199999999999882,-8.380000000000006,-34.34916625499725,-30.171516186371456,-36.11527282976242,-14.109990041234191,-51.019213086682036,-25.38048394661428,-10.013627690855895,0.24488871187869432,1.3223990441449494,0.0
456.224535,247,9384.176026,247.0,171.3863663075872,87.31124408622323,91.49835064065887,14.400000000000023,-5.1400000000000015,-31.836024074554437,-33.52355962544679,-33.96940324292572,-10.760958525402746,-8.614303381564099,-22.726261140895538,-8.800916013255486,0.04390940625722371,0.21691246691068516,0.0
858.3281,313,9394.187362,313.0,533.1574726078803,109.05404403041321,120.33824001608426,29.849999999999895,-7.150000000000002,-39.23123896121978,-39.69664961844683,-44.68007818431212,-15.650863834929638,-52.90486592399904,-35.61883442202807,-12.139126114454294,0.28891610071566204,1.8086147904800443,1.0
2766.392568,1000,9426.580731,1000.0,1555.3666986656358,365.44740860776847,390.5874678781851,109.05000000000128,-28.010000000000016,-126.41651068687432,-111.69782902523873,-138.29709495959509,-51.197879331923744,-103.23709557859296,-55.97692758978996,-39.22567001943171,0.08348937328953397,1.6697874657906795,4.0
2111.938553,741,9450.687558,741.0,1274.5407872373703,265.38043919397916,289.78159477451027,84.00000000000033,-20.400000000000016,-95.1667726302148,-86.14462301470336,-102.92316312872333,-38.750017082668435,-120.28231012935662,-48.72470578074787,-30.37267688420433,-0.1694491342342655,-2.5112361693518146,3.0
505.117698,188,9456.83441,188.0,319.14030490315326,63.11847966346063,70.83946242295863,19.199999999999996,-4.870000000000001,-23.637631821632397,-25.138278965652,-27.556952968849245,-9.271849633342287,-38.635945186838235,-17.856125757620806,-8.213764404521491,0.7772745163598346,2.922552181512978,0.0
1442.837125,543,9474.63907,543.0,831.015087755763,195.02719829314572,211.22787505593234,55.199999999999655,-15.37000000000001,-67.69279592037199,-65.10537806898351,-74.53640054023255,-27.73575076594827,-84.05109009238252,-37.33158453074098,-20.810036302657686,0.07578843453417453,0.8230623990411353,2.0
660.406109,234,9482.22055,234.0,414.006842078112,80.0624915558917,88.11489649863624,26.549999999999926,-5.029999999999999,-29.26216416835784,-27.718234012275943,-33.99151408771241,-11.38720191116282,-49.038948862105144,-17.25073331922986,-8.649324562241478,0.6828763907206011,3.195861508572413,0.0
1404.517322,507,9498.656615,507.0,830.2936797119149,181.6731936197753,195.88369681115347,53.69999999999967,-13.920000000000009,-64.16932758331299,-61.963612470775864,-71.11342630612793,-26.13236287916525,-72.08089108830183,-33.77907943185838,-20.874548833143216,-0.14552376258137995,-1.4756109525751926,2.0
1554.847109,555,9516.76681,555.0,932.5304718719705,195.16465080933216,216.16011437164246,62.99999999999958,-12.880000000000011,-72.29756398677823,-63.66998966783288,-77.49563379289766,-27.099966605240727,-87.04839810389196,-43.10514904932818,-23.41142690644624,-0.3864858814491224,-4.289993284085258,2.0
1191.46793,427,9530.719809,427.0,737.7417764726988,146.940695690732,163.04823662383515,48.29999999999972,-9.520000000000007,-54.18000622272489,-51.023044744879044,-60.855864443494525,-21.864273045707392,-84.14136393291315,-33.80413879976159,-16.174087210815493,0.38673663079628345,3.302730827000261,2.0
1032.545805,361,9542.499939,361.0,673.9106229934956,123.42654876212063,139.5772369940423,37.349999999999824,-9.290000000000006,-46.80030832290647,-44.406009641289735,-51.099133773668214,-19.81035502437386,-84.01104203910074,-29.765183425648583,-17.536571791876252,-0.29355585132476186,-2.1194732465647808,1.0
1101.105215,362,9554.280556,362.0,752.3216276646897,119.77961853372466,141.84377543203905,41.399999999999785,-9.330000000000002,-46.51943315982813,-40.65562802180651,-50.770249216988674,-19.76897103404929,-98.04358824386662,-36.060392830207924,-15.091544088314961,0.04480536950666017,0.32439087522821963,1.0
1123.301736,430,9568.248838,430.0,631.98966426367,155.9617876526651,165.16234129531085,44.09999999999976,-12.770000000000007,-53.92937700748441,-50.30374745279548,-58.93961871751062,-20.313401005641886,-54.30958065208995,-36.84894710741738,-16.497385660336413,-0.3102367432189742,-2.668035991683178,2.0
2777.810395,1000,9600.854593,1000.0,1574.7500291162692,365.10604206572475,393.5559098218554,111.00000000000135,-22.79000000000003,-128.75479435443896,-112.27635315209619,-140.58006359796582,-49.1609539472588,-106.29285729792154,-65.57430737953584,-41.1722561787959,0.013285069293357894,0.26570138586715786,4.0
976.709448,379,9613.181057,379.0,528.6168574084719,135.02841719543943,145.70056165219958,38.84999999999981,-9.090000000000007,-48.04491209030152,-45.43056105375291,-53.293703753115096,-18.521731714432253,-39.2030115897185,-22.126890762973794,-14.775577431873907,0.163812249822279,1.2416968536528747,1.0
869.514212,294,9622.751827,294.0,582.5746075759364,98.63503099897878,114.48607310620358,32.54999999999987,-7.270000000000001,-38.748399448394764,-34.020207455381744,-40.60804136256562,-15.218700241672101,-81.22748962659328,-21.867596217862552,-13.771065732026843,0.6666737382456412,3.9200415808843703,1.0
2655.951242,1000,9655.210385,1000.0,1457.2738700298269,361.5555249109322,391.8997561934996,106.80000000000119,-26.340000000000032,-126.81609837532037,-109.35495013594624,-140.16367940895836,-49.098843077732205,-104.75439390476205,-66.45367258536912,-38.596271521737755,-0.057761243232758705,-1.1552248646551742,4.0
833.159631,300,9664.997738,300.0,542.648700662243,99.63381465402145,115.46625320406407,31.34999999999988,-6.830000000000003,-39.13585750102996,-35.50086862221359,-41.75157681384878,-15.378055251729984,-72.65508264480421,-31.04358549678505,-13.644111126580368,-0.19559243852905253,-1.1735546311743152,1.0
256.67804,175,9670.68683,175.0,76.421252438007,62.91204992709086,67.36605444841001,12.300000000000018,-7.930000000000003,-23.43404147624969,-27.970619107782845,-23.568845362569277,-8.422056948562656,-11.683113692921156,-27.215591950992124,-7.09704822414631,0.24647095570313401,0.8626483449609691,0.0
625.65861,337,9681.676237,337.0,250.74458094782474,119.43146102116611,129.18082132370444,24.14999999999995,-9.640000000000002,-43.73055638313288,-42.42621890828016,-44.29543162599021,-16.38422858068549,-13.860194278754719,-52.09775873740167,-12.413864833027977,-0.1905651678459354,-1.2844092312816047,1.0
1072.360391,358,9693.358137,358.0,692.25972430255,122.49337743967922,136.68591495433515,42.29999999999978,-6.450000000000001,-47.051315670013416,-38.260111908987156,-51.34217040522869,-18.172763098884673,-79.76726921946056,-23.044947136974542,-15.29004869230003,0.1438970565841052,1.0303029251421933,1.0
600.572893,268,9702.076751,268.0,308.02011404779154,93.14703547742869,103.97234352227493,23.09999999999996,-7.630000000000002,-35.18879994869232,-34.89038170576095,-36.63538155431429,-13.687330397276625,-16.83225901998601,-39.4907592335837,-11.311688423853763,0.21427674770237717,1.1485233676847417,1.0
3053.768806,1000,9734.511145,1000.0,1874.0042867774644,358.9964388889679,394.38401987349033,115.80000000000153,-21.270000000000017,-133.44502316951755,-108.35313928872363,-138.13953492365752,-47.2151021350004,-143.51850528937408,-50.186435579253946,-47.28819908583271,-0.22735236376421133,-4.547047275284227,4.0
1947.847619,766,9759.260536,766.0,1051.7302898315827,277.68847854348667,296.45954343719353,74.39999999999996,-23.160000000000025,-97.51748329639427,-89.40290036834777,-103.43738703606196,-35.38582748847237,-86.38615254819895,-53.08554811188698,-30.05539350810498,0.20037436850768775,3.0697353255377764,3.0
661.845212,224,9766.671127,224.0,436.9737715808496,73.16745261437556,85.72132629090626,23.249999999999957,-5.09,-29.925322580337525,-25.48705265745519,-31.389173730779504,-9.561768749486555,-55.31793515447967,-15.22519118613572,-9.270894683233635,0.8710706876561126,3.902396680699385,0.0
1693.174284,637,9787.216143,637.0,947.9315161554795,232.8872863087617,244.376988841625,65.54999999999963,-17.29000000000002,-81.02142190456382,-72.78153860792526,-86.82588377651946,-31.673643138928384,-66.55268806650632,-52.05100525189057,-26.375326902046847,-0.1865005234744157,-2.376016669064056,2.0
552.170509,189,9793.355635,189.0,358.08247622420413,61.78741396899601,70.81783439513929,21.149999999999977,-4.659999999999999,-23.827447872161866,-22.254336384683842,-26.9038970015475,-9.24293055552,-39.55155465839172,-15.33146615657111,-6.895582868882983,0.8270335643905459,3.1261868733962634,1.0
2768.270929,1000,9825.953103,1000.0,1544.471188098889,365.2151057509307,392.0031304681917,110.40000000000133,-23.080000000000023,-128.7677705621719,-108.0072536099702,-134.98135702104756,-48.80327575028139,-99.30826149402358,-58.797400421598354,-42.07317666338099,0.07710553543365367,1.5421107086730734,5.0
1718.789072,660,9847.468011,660.0,983.1490173584593,234.04580825033185,258.01800092592055,64.04999999999957,-16.760000000000012,-86.00687521457675,-75.66920985430478,-88.38134686383927,-31.782113221441676,-106.03276816736185,-46.757377949254376,-29.084063270749553,0.43291155523319574,5.714432529078184,3.0
1198.19594,408,9860.75316,408.0,745.3769150023769,145.3871267158869,156.32272336547888,42.89999999999977,-9.880000000000006,-52.555725846290606,-46.110574375093016,-56.589573020856726,-19.484173856916456,-68.20461409781736,-29.199237958867098,-17.76692629099526,-0.28512219776169095,-2.3265971337353983,1.0
655.657948,225,9868.024906,225.0,442.02235460092817,73.10889518206116,85.68922713819973,25.04999999999994,-4.719999999999999,-28.54410537719726,-27.38847403824329,-31.55102881880068,-12.679848168051757,-61.03071561777556,-19.86569954696197,-9.432657670384383,0.7486093698118661,3.3687421641533972,1.0
805.054362,305,9878.022941,305.0,485.38888758708197,104.13116002887851,115.32899802477097,31.799999999999876,-6.940000000000004,-40.19098674297329,-37.31682014316321,-41.43391784307673,-14.249023654401116,-53.48360858810744,-29.475225630358683,-13.505101196070973,0.31870813928560315,1.9441196496421795,1.0
1670.38892,637,9898.652915,637.0,927.8425451671429,228.94372205897415,246.9702356719583,65.39999999999962,-15.640000000000011,-81.50311313629157,-70.6379560410976,-85.72153287614857,-31.527241140437177,-81.42613159940194,-42.248073231442824,-27.063534938535792,-0.11578269744427752,-1.4750715654400957,3.0
336.927553,125,9902.754422,125.0,215.03937546472588,40.27640621116967,47.02391452778857,12.90000000000002,-2.8,-15.320277948379523,-15.850473824143405,-17.528767114876974,-5.980723071180559,-31.30762586451073,-10.525215446054059,-3.999060322255498,0.897140631786354,2.242851579465885,0.0
1984.574237,773,9927.885374,773.0,1041.7303672587645,280.63844407579035,299.3602580076252,83.4000000000003,-18.980000000000018,-97.19583645820629,-88.1813149377704,-106.68934436749868,-40.137866058196636,-63.48468088064732,-49.2886289531253,-29.597160601388186,0.13688726675817497,2.1162771440813852,4.0
363.91259,132,9932.107425,132.0,241.92307267630446,40.47026844703173,48.57062644126446,13.800000000000022,-3.3099999999999987,-17.090229616165164,-16.17020159214735,-17.788428632544857,-6.938206889423682,-31.22851415402993,-14.602713581902876,-5.723083286304303,0.7837329634830099,2.0690550235951464,0.0
820.909465,312,9942.125342,312.0,471.7421898524481,108.5412498654473,119.26768993017612,34.49999999999985,-9.360000000000007,-39.203783173561085,-36.35763843804598,-43.06976886705168,-14.92385145953817,-46.02116739036275,-23.497101191093595,-12.708354024323,-0.3230736446210293,-2.0159795424352227,1.0
343.03111,122,9946.038533,122.0,228.63266883377187,36.19466175767523,45.24485092521482,11.250000000000016,-2.57,-14.876278281211858,-16.992755741626024,-17.68767801659428,-5.985170683482855,-27.550540302007864,-9.937053894146933,-4.6915946076455555,0.6889414560057634,1.6810171526540627,0.0
539.038496,210,9952.857871,210.0,317.1990644234947,70.19082880144872,78.61786999145828,20.69999999999998,-5.6800000000000015,-26.198120574951172,-26.577905806154018,-29.560532765339346,-9.91443006165979,-37.2659200983067,-14.71100404413061,-7.761353461024425,0.05830081998069191,0.24486344391890605,0.0
1459.30042,530,9970.116601,530.0,859.1163975231162,183.85150768135176,203.53903816297205,58.64999999999962,-9.90000000000001,-67.19396194934845,-57.38661460801961,-73.63095723922308,-25.863246554935305,-92.50589013267154,-28.051793525177846,-21.324059691997125,0.3594741591629961,3.810426087127758,2.0
474.273429,198,9976.561024,198.0,277.4132024481694,65.1669521522748,75.37590232309984,17.250000000000014,-3.9699999999999984,-24.362327408790602,-26.02922093421219,-26.669575077837923,-7.614044288340781,-44.3754716632417,-18.085841735909717,-7.826146741520752,0.25241688539372426,0.999570866159148,1.0
1292.749467,445,9991.005132,445.0,821.8126849030474,150.411088140169,170.30259822441758,47.24999999999973,-11.660000000000009,-57.84693708419803,-50.75871382206679,-61.81199977114878,-21.890760010159696,-84.0311431213935,-32.91043732928112,-21.116913243979766,0.4701279066749436,4.184138369406998,1.0
809.107903,276,10000.005816,276.0,530.7244749102895,92.88054067174296,105.58239041060928,29.549999999999898,-5.840000000000002,-36.14324716091154,-31.880327278375642,-37.947795103799876,-12.913787343711345,-65.4096590877341,-23.084208989425374,-12.410478442993513,0.41886548779637267,2.3121374926359772,1.0
1179.85226,415,10013.483294,415.0,727.1435990546629,149.15506022465868,162.23596624570675,44.84999999999975,-11.340000000000007,-52.9843167114258,-50.22879817560313,-56.742231434857125,-20.570889319735727,-75.91098738623553,-32.49774766440362,-18.257394731155703,0.005608633212844152,0.04655165566660647,1.0
1890.012245,721,10037.020504,721.0,1024.6646723306912,262.63450640107664,277.69642168748396,73.64999999999993,-16.950000000000014,-90.49030711174017,-83.12082207910723,-100.89748761176278,-32.554567863692455,-71.03238122209552,-45.830729057849204,-28.757060152652436,-0.05381376263362618,-0.7759944571768895,3.0
1524.912523,567,10055.37114,567.0,859.1590691681331,203.05421068614956,218.79717928310436,64.04999999999957,-14.010000000000012,-73.17276305675503,-64.495630132407,-78.88237164324859,-27.37259838660286,-56.37195650041708,-49.352962135252255,-23.48965443265414,-0.1012113486760203,-1.1477366939860703,2.0
1429.493622,560,10073.475343,560.0,758.9820499958946,206.57771015628342,213.99807893523106,57.89999999999963,-15.600000000000014,-68.92645779609683,-67.7647661752999,-78.02708656541849,-27.701355489704742,-45.023775979124,-42.98563602780289,-21.93513859940906,-0.11264373320581009,-1.2616098119050732,2.0
532.941975,266,10084.472835,266.0,245.7959828414293,97.30206881445947,99.3362288295504,22.649999999999963,-8.160000000000005,-36.33640700340271,-38.69864517450336,-36.38742580443043,-12.316511718839912,-25.425493126747398,-28.77688927093238,-12.040933793779287,0.23660632830167025,1.2587456665648857,0.0
1065.089124,419,10098.170849,419.0,576.8933577524176,149.88714985279537,161.6740742239837,43.79999999999976,-13.49000000000001,-52.397863330841034,-52.445988150686006,-57.57998877420685,-21.21943983634759,-40.235408662176276,-32.67519413325269,-16.12157453866572,0.08781218761213977,0.7358661321897313,1.0
2628.758438,1000,10130.531512,1000.0,1398.5037168516794,369.64360094684685,386.43288789863226,106.05000000000116,-23.790000000000024,-124.28778201580046,-112.51417238786811,-138.71865590865087,-48.83677122597289,-86.47401028148866,-59.38116755252532,-37.86920794087019,0.046266517163180865,0.9253303432636173,4.0
608.663935,264,10139.334101,264.0,307.17038745499747,93.2365711155224,100.05135932501292,25.499999999999936,-8.340000000000005,-32.301065344810475,-33.930036795139316,-35.11787176997482,-12.53660547274217,-25.729431025690204,-23.411696869136616,-9.927675496388032,0.03409228201751373,0.1800072490524725,1.0
1173.538222,405,10153.008016,405.0,744.8747504325574,142.85893228194092,155.77790513177015,40.499999999999794,-10.940000000000005,-52.65093644142148,-47.93881904110309,-56.045424552455366,-20.272601025438945,-73.09823958348645,-35.91666273488031,-18.610682897227203,-0.34926678303886066,-2.8290609426147713,1.0
2681.602054,1000,10187.314206,1000.0,1488.1836476228927,362.5092709692407,394.39418251948575,104.85000000000112,-26.960000000000033,-129.18287900924693,-113.7703954085709,-132.535470096975,-50.548349675061104,-98.03422271124835,-75.03827142247393,-42.26545848394109,0.0028594018349328548,0.057188036698657095,4.0
2186.456639,760,10212.217346,760.0,1360.887466756045,268.8792029970855,296.06450305584997,84.45000000000034,-16.22000000000001,-100.08290722370145,-88.66993888486179,-105.06839132340689,-37.90007895339713,-143.1574270483969,-57.5018198273671,-35.22397033303693,-0.37248601161345085,-5.661787376524454,3.0
1363.587654,505,10228.643436,505.0,773.9929680192772,178.26692779255137,193.75445377525418,53.099999999999675,-13.860000000000014,-64.19610085487366,-54.5652279227972,-68.72505665716893,-25.45996247296273,-57.73524317433842,-36.364354920355034,-19.620749551025106,-0.39173754988491477,-3.956549253837639,2.0
519.295987,212,10235.604658,212.0,280.09721892327065,75.8352832276276,80.0873069689937,20.99999999999998,-6.479999999999999,-25.582777190208418,-27.69412155598404,-29.378952939993944,-10.328701710103614,-20.344813197265182,-20.81891011419358,-9.095545734374484,0.3469109877321771,1.470902587984431,1.0
1107.460431,404,10248.821906,404.0,631.8191656865432,145.19233320870683,155.14819481087903,45.599999999999746,-10.190000000000005,-50.23667689800254,-45.4443616397679,-55.029696783345834,-19.682554521281286,-47.6383863089975,-30.879676741652034,-15.19791026963601,0.08123809771680562,0.6564038295517894,1.0
1040.212858,354,10260.316128,354.0,686.0712768124808,121.54673244678551,134.8233688498275,39.449999999999804,-8.300000000000006,-45.17045331001287,-42.87964464947575,-49.15687911248645,-20.001996898734262,-80.12514546005407,-33.81847942239814,-16.22592142159925,-0.358942747410048,-2.5413146516631397,1.0
1613.962228,711,10283.418077,711.0,764.2202840857877,262.9178212584675,277.82250710588306,69.14999999999976,-18.420000000000016,-90.24830410957333,-84.11975201591852,-92.55191676199806,-36.419959201688364,-48.084631533633996,-73.90290562728892,-27.4009147286272,-0.08689360663420789,-1.2356270863384362,3.0
2736.722468,1000,10315.778931,1000.0,1542.4792102065003,363.58316572351583,389.34476411838995,103.05000000000105,-25.88000000000004,-126.02181345939634,-107.40149366855613,-132.18626583089372,-46.92082609075092,-117.48187874084013,-64.36092455769193,-41.48146932466707,0.056401859536666335,1.1280371907333266,4.0
537.924057,186,10321.849152,186.0,372.20097993947746,59.31074833117279,69.15178097835589,20.249999999999986,-2.8899999999999983,-23.190252470970126,-20.02169375270605,-26.987753997876453,-9.959036399107458,-58.6520571313667,-20.274532395890983,-7.014125996849458,0.31895796851923947,1.1865236428915709,0.0
888.911936,324,10332.340164,324.0,573.5103997149123,111.24061579979924,122.5191530041887,32.24999999999987,-7.58,-41.473143019676186,-37.82727091163395,-44.77338093652392,-15.248414121634958,-82.4547435968127,-31.57851991249108,-13.672759551926696,-0.18596590766152601,-1.2050590816466886,1.0
1221.775599,469,10347.548818,469.0,699.8978749057173,165.8608944640827,179.87368980376365,46.19999999999974,-12.100000000000007,-59.21553524017329,-54.08705828674132,-61.744486832097934,-22.91043917621974,-65.02592536641612,-45.678498469141644,-18.294916629874972,-0.40752022173867214,-3.8225396799087448,1.0
715.881197,296,10357.104646,296.0,376.6502097657983,101.59119700834653,113.38664037025536,27.749999999999915,-6.770000000000004,-36.94732399463654,-36.08361922092737,-40.51910579165964,-13.308854848654097,-30.697173299870762,-23.362693944812786,-11.808079029347116,-0.2303381156296888,-1.3636016445277577,1.0
433.554638,223,10364.394905,223.0,173.1986795334766,78.55143639442487,84.99594742652428,15.450000000000026,-4.83,-29.006388273239143,-31.873145329207183,-30.673481846503947,-9.705843361948038,-6.8373600455951395,-20.55338555374064,-8.161820568108428,0.21972732469733114,0.9799838681500969,1.0
1902.126987,697,10387.055208,697.0,1094.880890194727,255.0173496314449,269.2857021454763,71.39999999999985,-19.470000000000017,-86.85523197650915,-79.37446995526548,-95.87314162380515,-33.776258256052685,-96.93619730641392,-44.89789995533122,-28.27375590508663,0.17674297244961448,2.463797035947626,2.0
1182.514805,491,10402.955304,491.0,601.9203193190124,174.47852943765258,188.5859032387185,46.49999999999974,-11.280000000000006,-59.18766047477722,-56.86577663049101,-65.61941214175668,-23.601047173584952,-52.31261419887519,-33.527184346255076,-17.576251531140752,-0.05533423216409145,-0.543382159851378,2.0
1033.107557,367,10414.825424,367.0,651.011481533239,126.82963555972944,141.97632242757012,40.1999999999998,-8.510000000000005,-46.736192760467524,-46.44910991042852,-51.71680058699873,-17.667257197501566,-76.16866117200144,-29.951710418067105,-16.710150613107576,0.34735852740725376,2.5496115911692425,1.0
696.869779,334,10425.740966,334.0,309.9792254881143,112.03964044646716,129.17594852735465,27.29999999999992,-5.310000000000001,-44.01748761653899,-37.48134380429983,-45.56968250571779,-13.531578762172035,-16.873264433658115,-40.862982018230525,-11.97869675639842,0.33630032918477853,2.2464861989543206,1.0
613.848383,209,10432.666831,209.0,409.9676221345136,69.85205649639371,79.96006275031496,23.249999999999957,-4.389999999999999,-27.089963560104362,-25.291253958642468,-30.002870680893487,-9.157700236755172,-56.07568340049246,-16.908823871681506,-9.265062744016351,0.8698844815582067,3.636117132913304,0.0
1237.94183,507,10449.164814,507.0,637.2125749547595,179.77914994467466,197.53454235363003,53.39999999999967,-12.520000000000008,-63.56069027900694,-64.21788478419182,-68.3516997535347,-21.953518458912075,-40.332315660378754,-46.630149719159874,-19.418178291892435,-0.327101133862302,-3.316805497363742,1.0
2037.618817,795,10475.083281,795.0,1119.8862676725323,288.97349119819637,306.38338965231935,81.60000000000024,-20.53000000000003,-103.92433237552628,-93.73874904289845,-107.38944308899788,-38.41474872113509,-81.25851269293526,-73.33548953202892,-35.63305632809637,-0.17094776279975243,-2.718069428516064,3.0
1908.061888,700,10497.891266,700.0,1087.0906397797419,251.3365900306466,267.68662836639675,74.09999999999995,-16.12000000000001,-88.09015233039854,-77.2371681556105,-94.4865131285215,-31.48663672458424,-94.5327805144437,-40.36349540959473,-29.835224049380802,0.07496760497009128,1.049546469581278,2.0
1880.855445,719,10521.211581,719.0,1017.2924880442491,257.87038983887584,274.5737963995182,75.90000000000002,-15.100000000000005,-90.618388261795,-77.75685156285759,-98.5546628507789,-31.64420615431288,-82.53598193764024,-39.61499238623791,-27.956146000775103,-0.3008701170043244,-4.326512282522185,2.0
2700.639283,1000,10553.663609,1000.0,1469.9192639954929,369.1028327635932,386.46043475147,108.00000000000124,-23.070000000000025,-127.09131745815267,-103.55582809112967,-136.32742607348936,-47.612601979619406,-92.81647952465576,-62.24197307670076,-40.12762247218241,-0.20244340340369357,-4.048868068073872,4.0
416.83844,164,10559.010207,164.0,251.68334841636897,53.75707308102912,60.22135526929355,15.750000000000027,-4.369999999999999,-20.47809741020202,-19.586625527590517,-23.140143513095396,-7.639207586531585,-31.623205064398643,-15.724364622453464,-6.011692911736442,0.44596491821343565,1.462764931740069,1.0
952.079298,337,10570.00411,337.0,604.4391543381766,118.51129674029639,128.84366313705672,37.349999999999824,-7.810000000000007,-42.57449833869934,-38.32733519133183,-46.59227365600637,-16.55929325325584,-80.93131622110437,-28.21269430868228,-13.057405415330742,-0.34684619379405673,-2.3377433461719423,1.0
2441.371066,1000,10602.447136,1000.0,1180.0004304092793,372.76952196300954,385.37343228452914,102.90000000000104,-27.33000000000003,-122.09529963016509,-107.69102961868046,-134.23725678953198,-47.70680185764236,-60.37105642931956,-66.81188989995124,-33.428984417937734,0.07814599822281085,1.562919964456217,4.0
1845.820144,664,10624.070694,664.0,1075.716679864939,235.55890552606132,257.67345584602083,73.34999999999992,-17.820000000000014,-84.81299077510829,-71.93580173924565,-90.47478483349911,-31.740690788600403,-97.43525003877483,-40.237687092449995,-26.021691758669853,-0.09203192922503432,-1.222184020108456,2.0
2784.792245,1000,10656.573668,1000.0,1569.6075417904121,367.72262084851076,394.20721785847,109.5000000000013,-25.740000000000048,-129.41713835239403,-108.07325137257583,-133.4255149823929,-48.10373953379807,-103.97532271568348,-64.7854496955587,-42.72471914755994,0.13478463198667467,2.6956926397334935,4.0
2159.455503,768,10682.102415,768.0,1275.7849876537994,276.84164028134165,296.98333492927947,84.45000000000034,-19.10000000000002,-97.51737510204316,-82.0364798523486,-105.8179410267734,-38.03595989176565,-110.83770287597997,-58.58591062858768,-30.673090124946743,-0.12097219357012123,-1.858132893237062,3.0
2501.593614,1000,10714.593789,1000.0,1254.9356519319256,371.9687987779228,391.69106842509177,96.90000000000082,-28.96000000000004,-127.23484110355368,-109.69386134967205,-132.21999495708343,-45.03578340226508,-69.38213767882822,-61.99328358567821,-39.38200345578488,-0.07257721316995955,-1.4515442633991908,3.0
2742.278767,1000,10747.389169,1000.0,1498.3987807834642,371.5894782830508,387.05512744788444,109.8000000000013,-24.440000000000023,-125.27474935531619,-103.71384620033197,-134.39152076819695,-45.70833153978016,-96.84209462762519,-55.208897896331656,-38.98517953345504,0.007629094119561762,0.15258188239123524,4.0
2632.353369,1000,10779.985352,1000.0,1392.966990804969,370.04985853533844,390.02197508149436,100.95000000000097,-25.490000000000016,-127.0419501161576,-103.22700739651927,-134.04293163670349,-45.34847495137627,-87.33913719339986,-60.27949872546496,-38.866455388454874,-0.08807868860633475,-1.761573772126695,4.0
2594.475986,1000,10812.346672,1000.0,1334.5708303349572,376.27812999817604,391.12064388610946,100.65000000000096,-23.400000000000023,-125.68984579563129,-107.74647170845422,-130.26825615642565,-45.30294146559277,-80.56892854862508,-56.50230584327524,-38.66486873248304,0.005833837424486535,0.1166767484897307,4.0
1147.456553,507,10828.7966,507.0,537.5702036754744,186.41528443847648,192.6430701504237,47.39999999999973,-11.850000000000009,-64.64056577682496,-60.83031019866467,-70.0394915384623,-25.936342306947214,-26.240582424885304,-45.16455596757892,-18.870157546582714,-0.02135897061308575,-0.21657996201668953,2.0
1039.908533,380,10841.061119,380.0,623.5636694031239,133.16610252827405,144.76282314786405,40.349999999999795,-8.550000000000004,-48.36813307285311,-42.031775351613824,-51.29022030901234,-17.519405344468623,-72.9988327192311,-26.21514421181974,-14.960550954709369,0.6090665700404069,4.6289059323070925,2.0
1435.206649,573,10859.726197,573.0,752.0553562856354,211.17853202984296,222.24884569924652,53.69999999999967,-14.38000000000001,-73.97463351726537,-67.34662470808253,-78.11495422829168,-28.33038023833233,-44.90915715371467,-46.589452949729136,-23.330881842325386,-0.3022413333941662,-3.463685680697145,2.0
908.849349,301,10869.464144,301.0,577.9856079928321,103.31661165940982,116.744281204474,31.949999999999875,-4.419999999999997,-40.5368253231049,-33.877717082202466,-41.31068903031364,-13.432978519317315,-56.785940806652505,-17.25364151805076,-14.529359461987708,0.569714227237334,3.429679647968751,1.0
1301.874276,511,10886.019167,511.0,678.9083550238751,184.87360343108526,192.04153578330096,49.949999999999704,-11.040000000000008,-64.30117851734157,-55.92033315747976,-69.25075770201734,-24.079435156654274,-39.691326656118974,-32.49171915094853,-18.124468136464767,-0.06015612769910635,-0.614795625084867,2.0
79.390215,68,10888.19569,68.0,21.808547839784545,22.102243869570895,19.881237913999982,2.849999999999999,-1.81,-9.516805334091188,-11.537306088209156,-9.671377511555486,-3.2497804446142546,-1.6729514987072291,-15.564598712251017,-2.2289945474208004,0.1637652829327018,0.22272078478847446,0.0
1361.724062,521,10905.080694,521.0,781.63582195706,181.32708023431732,200.3529110786317,55.34999999999965,-11.67000000000001,-65.96946880340585,-58.421474853157946,-70.05328028213317,-25.900974540387963,-78.37727731040769,-47.47423927951003,-20.07503570977753,-0.05368359498508147,-0.5593830597445489,2.0
1318.328863,499,10921.219698,499.0,745.502475496427,182.69200848601744,192.13200247488155,50.6999999999997,-10.900000000000006,-66.16684335708611,-56.57910478562114,-67.78345658084395,-20.866985344707782,-53.69124611523363,-53.56521270372237,-22.14477441819211,-0.1458732700448749,-1.4558152350478517,2.0
1822.585619,716,10944.338848,716.0,976.6619879087627,263.5353898232334,274.88978575097855,69.59999999999978,-17.900000000000013,-92.04825089931482,-78.18030265346185,-96.305437856417,-32.552966204912785,-65.97411920040913,-68.09300417561238,-27.047463345292343,-0.13028625045246844,-1.865699106479348,2.0
384.566465,229,10951.794177,229.0,133.8891462171386,83.42529255900173,86.14416257441093,15.600000000000026,-6.3000000000000025,-30.52826877117157,-30.710510791838164,-32.08168569371918,-11.57734822697491,-10.403112898823217,-32.54040947123856,-9.350800757864931,0.05937880837209979,0.271954942344217,1.0
2776.985298,1000,10984.299824,1000.0,1556.4789094562198,368.1221847837889,383.69933005343,106.65000000000119,-21.960000000000022,-127.18266032218939,-99.86878007613107,-134.2510020347827,-47.21130255744646,-102.23984565735482,-66.25727406732318,-38.994261925329134,0.108457187764941,2.16914375529882,4.0
273.584604,114,10987.969466,114.0,173.78734176789766,33.657447220212475,38.88448648792352,13.20000000000002,-2.3499999999999996,-13.90917406797409,-18.50425811186433,-16.34691475885323,-5.278722111821676,-23.196640256981354,-15.986352416879638,-4.372610024324169,0.17834020835396702,0.4066156750470449,0.0
2820.723392,1000,11020.567973,1000.0,1611.7192761866368,365.4603720588682,394.2470864618024,108.60000000000126,-25.300000000000022,-127.78574326038348,-107.85260992124677,-134.47806219672228,-46.62863286899055,-110.69181679759141,-63.58124512632468,-42.98523249888812,0.07180966114695415,1.436193222939083,3.0
1712.843797,603,11040.107127,603.0,1034.302181288204,215.05859347918022,235.2512336315095,62.84999999999958,-13.97000000000001,-76.69484434604648,-65.96701700836417,-81.87811405201964,-28.510491353481253,-95.4012013926791,-50.4010279148444,-24.79551544575564,-0.19225946738560037,-2.3186491766703408,2.0
2567.105972,1000,11072.544831,1000.0,1309.8802793952343,370.1560747003383,391.90809236772185,103.35000000000106,-28.230000000000036,-124.09576434612276,-109.03224488794812,-133.89289363021766,-46.44417497037148,-74.08561158271947,-55.32608736325384,-37.08169729515415,-0.013857721268795434,-0.2771544253759087,4.0
1096.504481,380,11086.252095,380.0,668.1844282782173,135.21754549739026,143.89730125947426,41.399999999999785,-7.710000000000003,-46.93182626724248,-39.35226099342104,-52.62209254381787,-17.18527922661351,-72.12939804825834,-22.200561027576082,-14.063376341572091,0.2506613768299789,1.90502646390784,2.0
758.076399,273,11095.47493,273.0,461.9013674153854,96.5466065812591,102.47111720217984,27.599999999999916,-6.350000000000002,-34.3155642271042,-34.36631740629675,-38.10406584021246,-13.376451139653577,-47.73515009519484,-17.934239356777226,-11.260903960944406,0.6940634991434197,3.7895867053230714,0.0
1186.570419,434,11109.735174,434.0,698.4740978896773,149.28035784521,164.11717356811198,48.14999999999972,-9.230000000000006,-55.122847290039026,-44.27318843677636,-58.79280076208983,-18.95553619893251,-69.69896424392435,-36.35192572400792,-15.025948062309824,-0.29030838731819225,-2.5198768019219084,2.0
412.197198,143,11114.406959,143.0,286.9007265515061,43.0872324104921,53.834329799450565,15.450000000000026,-2.3,-18.090872373580932,-15.488584764301777,-19.50705565630153,-6.810994725865366,-45.37477524991407,-16.3581243686787,-6.144683224632809,0.7903880207477801,2.260509739338651,0.0
2285.863706,809,11140.791296,809.0,1341.9838731587613,290.12571075651186,310.58792310432625,89.25000000000053,-17.970000000000013,-102.9186947059631,-82.88747940398754,-113.15719462350752,-40.13604696091609,-113.85284771213736,-54.10453927413818,-30.056997874048196,0.2325228850805536,3.762220280603357,3.0
736.326675,275,11149.781343,275.0,447.93421407605115,91.59080918599007,103.03302665527606,25.04999999999994,-7.440000000000003,-34.55891833782196,-31.036646759510052,-38.16219843585077,-13.166189077139846,-42.3528378371211,-28.455399048951428,-11.109185727344283,0.17179613000768787,0.9448787150422833,1.0
1819.175472,607,11169.52729,607.0,1148.0873112663176,211.24262194451248,234.0639041340861,66.44999999999966,-12.700000000000006,-79.46562630176548,-62.8834385499358,-84.54306345852255,-26.400499868401617,-116.19307022035953,-39.058583662293806,-26.42408339083801,-0.1543590200986939,-1.873918503998144,2.0
901.21024,327,11180.148669,327.0,516.0940494238382,115.92188507237508,121.42293205323557,33.149999999999864,-5.76,-40.306588358879104,-38.37624048013235,-44.87298032716404,-15.804437974488588,-36.51351945131341,-19.09379313344141,-11.651067068888398,0.5292891460804946,3.4615510153664344,1.0
2750.084765,1000,11215.656235,1000.0,1553.1788178760494,371.8483635026362,393.9001169412739,104.10000000000109,-24.74000000000003,-131.32386292457565,-107.25933262333268,-132.73361538721693,-49.46248890200194,-106.9286637409071,-78.76278118703955,-41.731788728472,0.1620170113307742,3.240340226615484,4.0
1327.243867,513,11232.402221,513.0,719.4344842902608,185.1312907968293,198.66633163316735,51.44999999999969,-12.07,-67.73322787284845,-54.688154665753245,-68.01843233165225,-22.549988823511942,-50.17221681475852,-44.49241166636281,-20.71380793869083,0.1426332668614388,1.4634173179983618,2.0
721.288087,248,11240.585511,248.0,454.97011491634976,84.60036045849202,92.47209139287392,25.949999999999932,-4.529999999999999,-31.767269186973568,-27.594384618103504,-34.3364017269593,-11.950979296898485,-49.128231981313355,-15.926769161786618,-9.47044332336432,0.7990538853999847,3.963307271583924,1.0
854.7048,362,11252.421239,362.0,443.84334879276946,132.2343799698415,138.54576335748283,31.799999999999876,-9.340000000000005,-47.623719792366046,-41.559640078991684,-48.64739637710526,-17.10615059310316,-36.17554276843895,-40.26434371389208,-13.001898524508613,0.2731693954651328,1.9777464231675617,1.0
365.187821,196,11258.762805,196.0,183.30092449246317,68.28942290578262,74.8924614293039,14.250000000000023,-4.470000000000001,-26.515717797279354,-26.782462947070595,-27.19647174431479,-9.458516254580688,-12.471302264680604,-56.95610654627282,-7.694410370822543,0.37881204514981925,1.4849432169872914,1.0
2589.347978,905,11288.408388,905.0,1547.7653460462077,323.44243028459914,340.2795708405044,100.20000000000094,-20.79000000000002,-115.85400458335879,-90.76469342894856,-121.21045995181395,-43.823488686459484,-130.98012083964613,-70.72607133148949,-33.19052996141418,-0.44982084295294034,-8.141757257448221,4.0
321.577787,127,11292.600016,127.0,186.1227561669347,41.2175868510494,46.37572455478571,12.90000000000002,-3.2599999999999993,-15.29519038677215,-16.46776656508446,-17.139245579183886,-5.78833685144192,-17.96812020479332,-11.990254755799299,-4.129365893299591,0.5309551916119997,1.348626186694479,0.0
2755.05442,1000,11325.079093,1000.0,1537.1006582907075,365.670929959502,382.7825221188164,103.50000000000107,-23.80000000000003,-128.50485656261444,-101.7732507180423,-134.20811082717333,-44.208831946675446,-102.92360541865798,-61.58181558637926,-36.99921959209381,-0.03633693597489345,-0.7267387194978691,4.0
1945.340677,726,11348.835843,726.0,1096.0511604872656,260.4024181880649,277.97547825672666,72.29999999999988,-16.900000000000023,-93.11280698776234,-78.86817220412202,-97.19903615044205,-34.63631848248045,-82.10729274404814,-58.33140699626106,-26.233346114149068,-0.10927696073386187,-1.5867014698556743,3.0
2329.584884,887,11377.656617,887.0,1262.4355855649474,318.88655334095716,340.7458439239602,89.10000000000052,-20.39000000000002,-112.7810403633117,-96.73353060074142,-119.96596013178967,-40.03318853929101,-92.0996933517319,-56.718610262352115,-29.86107517470283,-0.1923880281826391,-3.412963619960018,3.0
2185.091467,800,11403.618297,800.0,1258.2623627709295,291.5295316152114,310.02008934728644,81.90000000000025,-20.84000000000003,-103.02859451770772,-87.35963033102445,-106.77125708815952,-38.86369438526676,-115.75972290479798,-50.53552320552129,-33.46209421151942,-0.16245618680727025,-2.599298988916324,3.0
1181.62255,466,11418.776688,466.0,632.6931669810559,168.03762091253685,171.54855417434533,46.49999999999974,-10.650000000000006,-60.327695140838635,-47.88783676140011,-63.70545392071532,-22.998695893059896,-43.96578335595899,-37.2032665137552,-16.418060437595543,0.35570418273583365,3.3151629830979696,2.0
1070.450427,404,11431.885967,404.0,596.593314838776,142.71583577688193,150.60458590439023,42.599999999999774,-9.640000000000004,-50.698185572624176,-45.055143362283694,-55.317424285712704,-17.542582322113805,-45.480718509235906,-28.434930102492608,-13.89432490516276,-0.0758546298895581,-0.6129054095076295,2.0
801.051994,308,11441.930682,308.0,449.9238445906994,106.94634661827259,117.21971805509806,32.69999999999987,-7.550000000000004,-39.3869673585892,-33.20048395246265,-41.27065219763899,-13.87231108940055,-42.74842473882764,-24.178477691542266,-11.530598019152666,0.10011761121225844,0.616724485067512,1.0
2035.940388,754,11466.493286,754.0,1194.4292988241389,266.9107178569495,289.4022211585248,74.24999999999996,-17.440000000000005,-96.22870771408081,-85.3493713729083,-101.60842573731404,-36.52867780704341,-112.88313538339685,-60.87174074019859,-32.141790919643114,-0.428252068606175,-6.458041194581119,3.0
2647.839484,1000,11498.954566,1000.0,1410.7031337985313,370.69136648919016,387.2369614075374,100.80000000000096,-27.12000000000004,-126.79498167037971,-105.43138843327749,-132.37042981568553,-45.22088844465014,-84.87117848084456,-61.94129113218393,-37.841820054894335,0.13366675267606282,2.673335053521256,4.0
681.554986,236,11506.615812,236.0,468.34381947420775,76.54862567304076,90.33766557134923,25.499999999999936,-5.44,-30.268939466476436,-30.432194177806384,-32.051319624769675,-11.070894981132277,-67.13607697731933,-29.097332677228202,-9.67836637501531,0.949302517895441,4.480707884466481,1.0
2519.501452,906,11536.053103,906.0,1446.1034821690175,322.7234945262441,345.7231144063399,98.40000000000087,-22.840000000000025,-113.58799038887018,-98.03808030560619,-125.49086116855993,-42.524501609573136,-112.2999879199051,-50.770092416318604,-33.89712559333456,-0.0017473275997600304,-0.03166157610765175,3.0
2743.675676,1000,11568.413168,1000.0,1510.8071577022254,370.3720802689216,388.0025113343606,106.65000000000119,-26.56000000000003,-128.63776345729838,-104.10521514303977,-131.9101698375339,-44.6630528788301,-99.9636207212423,-59.12713182470134,-37.18911975223226,-0.30134331089081534,-6.026866217816307,4.0
896.225615,307,11578.420952,307.0,565.0026215408424,106.4577803525591,118.23738895365621,33.44999999999986,-6.080000000000002,-39.37325253009797,-35.08198526725171,-42.641762023350665,-13.557636975578538,-61.739499148036,-23.58731583565583,-11.860723829088812,-0.3886092458308577,-2.3860607694014666,1.0
1117.088992,430,11592.366157,430.0,652.9423725081922,148.32493100133254,154.88773152091116,44.39999999999976,-7.640000000000003,-54.32482222557066,-48.571876282989955,-60.43048450298014,-20.72189425798102,-76.26921451085661,-29.9984942160652,-15.50925698197939,0.009238188816073332,0.07944842381823065,1.0
694.547765,236,11600.003426,236.0,468.10449734907013,77.76188698789527,86.60611055722575,22.349999999999966,-5.780000000000001,-30.364477238655084,-26.868624454736697,-32.923453730425116,-11.244785953613288,-56.61245131660777,-21.942395798503174,-10.538541405410754,0.9592437686043602,4.52763058781258,0.0
1475.27744,580,11618.75531,580.0,808.9830979280874,210.86840171823135,223.1011568312655,57.74999999999963,-17.74000000000002,-73.12860703945162,-67.02785107977685,-77.64104069944968,-27.550213055538006,-62.24081266241551,-57.78298404885438,-22.3137081335045,-0.23320284281895617,-2.7051529766998916,2.0
2866.118545,1000,11651.26038,1000.0,1667.482506239116,367.4589890427272,386.1260030870348,106.05000000000116,-22.210000000000026,-131.15637886047358,-100.5798240981995,-135.71262683936123,-46.11982288780793,-117.45905109920965,-67.37477860323636,-40.3864709661193,0.018149567607590556,0.3629913521518111,4.0
563.589032,204,11657.968335,204.0,335.9516405286132,70.89422148587005,76.3556314147283,18.75,-4.68,-25.892773952484134,-24.0691762290895,-27.62959836524573,-9.129321197172096,-28.28170858285592,-13.535016566512136,-9.144866399459879,0.6670558833349753,2.7215880040066995,0.0
703.929507,276,11666.994096,276.0,411.5669397335331,95.00271225958923,104.0240447209678,27.599999999999916,-6.620000000000001,-33.627193851470956,-34.803898479044435,-38.28470567705408,-13.278862826285252,-42.00788541502929,-32.51106588830723,-9.13057738420396,0.07895365733912765,0.4358241885119847,0.0
38.049265,81,11669.623785,81.0,-23.301906239330453,29.09138238189085,26.253959705715893,2.6999999999999993,-2.0500000000000003,-12.186121950149536,-14.169296184182164,-11.120032368732724,-3.1139993241275863,-8.08710367807718,-24.10544796902392,-2.862169845706928,-0.13977193641431204,-0.2264305369911855,0.0
2574.871063,990,11701.909552,990.0,1426.2502593380127,348.2137504758621,378.1331680309209,105.60000000000115,-20.990000000000027,-126.66376016139967,-112.05429686978462,-132.19330726743107,-45.42739267063294,-111.16294984335735,-84.89207699293213,-39.942331287338796,-0.17640489866680095,-3.492816993602659,4.0
2260.383538,819,11731.75335,819.0,1322.355682442026,290.93880823076654,315.82112926895036,84.75000000000036,-17.80000000000002,-104.77335386753083,-93.38891825005412,-110.10874717221,-37.03374700273025,-119.47291886385577,-57.234774124677784,-32.66962282254062,-0.4952462912855524,-8.112134251257348,3.0
469.641124,169,11737.265961,169.0,303.7249433472869,55.69763370430396,63.75904569881933,15.450000000000026,-2.6399999999999997,-22.14658435344697,-20.685004601627583,-23.488883956497553,-7.245850887416331,-45.84040544871898,-9.478084187038778,-6.465685800076121,0.677622002450997,2.2903623682843697,0.0
2882.746109,1000,11770.485258,1000.0,1712.0433617628807,364.5586174781195,389.6060816367357,109.5000000000013,-24.820000000000025,-131.8145131206513,-109.98548045679921,-135.16086723052152,-45.58414878160439,-134.2151477041884,-67.34302077198974,-44.038773853806475,-0.21552490163389418,-4.3104980326778835,3.0
2817.033215,1000,11802.865331,1000.0,1599.8910879973973,369.68037395237263,384.6975305409963,105.60000000000115,-22.840000000000025,-128.735195980072,-103.56378724556423,-135.10150744282922,-46.299036907725196,-109.7635848729776,-56.111908096203045,-40.42075683396623,-0.14876841844994906,-2.975368368998981,4.0
2677.154296,1000,11835.297771,1000.0,1471.7627037048003,366.8039827141466,380.3802238698127,98.25000000000087,-23.410000000000032,-127.2551997590064,-108.15689458474519,-133.5886893025736,-46.60898770856001,-102.46844539092626,-61.00757577201984,-37.54682139936267,0.08690854348906346,1.7381708697812692,4.0
11.592013,67,11837.473986,67.0,-21.054670860589006,21.60568249735543,20.827913366862685,2.0999999999999996,-1.85,-10.274890279769895,-12.722590659558774,-9.766572604523011,-3.343117101996271,-5.435958526955336,-32.95079103685586,-2.5429916816618134,-0.08273681296733859,-0.11086732937623373,0.0
1605.960139,622,11857.723549,622.0,904.6573780877445,222.44137127909568,237.60033603220387,58.49999999999962,-15.620000000000013,-78.78739354610444,-68.69350217282775,-83.49369288074928,-29.73627725542225,-95.94769663817371,-42.85655507734576,-24.103829062392492,0.0508866906588123,0.633030431795625,2.0
1482.785688,598,11877.182903,598.0,761.4690526037168,221.28898061273904,225.23692943542852,54.149999999999665,-16.78000000000002,-72.54096340179441,-65.87670360431073,-81.2564365239128,-27.450509148783475,-48.37516269180432,-44.55914747929528,-20.52035213341346,-0.07912350222200376,-0.9463170865751651,2.0
208.562002,113,11880.849591,113.0,94.38178044165754,40.028994769091746,40.82487659325393,5.700000000000003,-2.95,-13.593609447479258,-19.31964562833309,-15.418293079378676,-6.0352968317443,-11.197148019612218,-12.878143652699306,-3.9815135562108757,-0.23106216510076993,-0.5222004931277401,0.0
765.229141,261,11889.322941,261.0,491.77230798308756,92.70785158496736,99.69359963645276,25.649999999999935,-6.700000000000003,-34.55156370639801,-34.45533324647694,-35.865811099603384,-12.46936537173505,-46.0492597389239,-23.24520198369895,-12.258083538220223,0.47981290253243236,2.504623351219297,1.0
1208.696617,434,11903.541813,434.0,722.4005831992235,151.64916624225293,161.32463137718938,46.19999999999974,-9.180000000000003,-55.84395047187805,-52.06005959808827,-61.73109623552534,-19.534606598563936,-59.24417811099275,-32.5600938815043,-16.723778573059462,0.2748949881587004,2.386088497217519,1.0
519.963876,201,11910.270714,201.0,303.4081664703645,70.21275372628867,71.2767227253162,20.399999999999984,-5.170000000000001,-24.455546231269818,-24.095255122333768,-27.14333353239972,-8.257666388414483,-32.05499545149544,-18.57705520814708,-6.579915298583182,0.607392147293444,2.4417164321196454,0.0
1729.958888,586,11929.581475,586.0,1106.6577248790936,206.88435445542723,226.77057715972649,58.349999999999625,-11.97000000000001,-78.68478148937218,-66.5621805377304,-79.32342735131304,-27.309653379654648,-118.73550589059072,-45.50498772789196,-26.61323248564127,-0.1580238139610668,-1.852039099623703,2.0
1317.767021,505,11946.016334,505.0,773.0401188427649,171.15637997349427,187.89347961888342,46.94999999999973,-12.340000000000007,-65.59900758266453,-55.3654046885669,-70.66163387187265,-24.540243805841538,-82.5944430630891,-35.343712386534214,-19.82851193043756,0.3618680234238338,3.654867036580721,2.0
2921.995863,1000,11978.597015,1000.0,1717.6712108788113,366.448007098079,384.85251639648067,104.5500000000011,-21.60000000000002,-130.81632464885726,-98.2401334639639,-139.32293636830983,-44.374560124958926,-125.65276443151335,-51.96594807485826,-39.55320418038922,-0.3594419292617498,-7.188838585234996,4.0
743.248412,295,11988.192236,295.0,395.7941741369754,105.51529577391489,103.59618149914755,28.649999999999906,-5.570000000000001,-36.30334968566894,-32.46503522172569,-40.97967267557266,-12.65651634542526,-27.460763310550746,-19.64093755785998,-10.23096448048964,0.5902088058926099,3.482231954766399,1.0
695.455133,272,11996.994477,272.0,377.071382925353,96.9406786836452,100.3904979663039,28.049999999999912,-7.570000000000001,-33.5625828409195,-33.79297060519456,-37.328026687143826,-12.267566995279783,-28.10668569535019,-16.625774882296017,-9.743818403503454,0.23894077154210477,1.29983779718905,1.0
2764.587798,1000,12029.576087,1000.0,1539.8236304648149,368.56499025703226,380.8618293383091,105.15000000000113,-19.210000000000026,-129.27606139659878,-100.42903838157648,-134.6615257745903,-42.327009746752765,-105.7416676435076,-58.9476389479519,-39.2197098829932,0.1249563269836554,2.499126539673108,4.0
2102.182421,717,12052.904145,717.0,1262.9888232224423,259.76604022774876,268.01103015392414,77.10000000000007,-17.160000000000014,-91.84317707777029,-74.18340648971494,-97.22755556370268,-31.71486673607265,-100.75871154185171,-43.228594945900255,-26.56716019944739,0.3842862257751636,5.510664477615846,2.0
1133.804599,449,12067.433435,449.0,620.266885998664,155.98589944232032,167.4261684007593,42.449999999999775,-9.340000000000007,-57.36844144821166,-46.18489530161028,-60.966672872817036,-18.92951194155576,-44.51010295918631,-46.512284635303885,-17.512446142582554,0.34975021062304507,3.1407568913949446,2.0
1134.542236,374,12079.522936,374.0,746.9370182755932,127.57619278899226,143.16628719569906,43.34999999999977,-7.990000000000004,-48.93513957500458,-40.02529314905406,-52.009913449098455,-17.53291452125212,-91.80023619710524,-26.51921306481364,-15.674552312029311,0.7591971516170095,5.678794694095232,1.0
1165.020575,401,12092.557148,401.0,741.4514029441061,139.1261266223015,152.09913770723796,41.24999999999979,-10.540000000000006,-52.737259354591366,-43.938753410428774,-55.161313484465076,-17.108959225276745,-77.59679083189613,-34.974904249750374,-17.84811214478381,0.7696607234959455,6.172679002437483,1.0
2568.709461,885,12121.196907,885.0,1548.435900260829,322.35829290519564,334.7463992524174,95.10000000000075,-17.660000000000018,-114.65342052936555,-92.3907422043383,-123.0644690574505,-40.59436205749484,-139.11252414374698,-55.764888342931464,-33.690724934803725,0.11271706661831828,1.9950920791442335,3.0
1287.158143,453,12135.897905,453.0,784.1415672165449,162.71739225300539,174.93417309605837,47.54999999999973,-11.15000000000001,-57.169776134490995,-51.51152730062605,-62.59471640544156,-21.578765339769944,-78.45757160414455,-35.75360201444118,-16.96903032753132,0.16013186743543062,1.4507947189650015,1.0
1598.804922,655,12157.117606,655.0,812.3167167307051,234.81642954242557,245.23053626118227,61.79999999999959,-16.190000000000015,-81.71691304683684,-71.2629168368876,-89.93785514444596,-28.65425686285281,-50.715672169678,-49.529898725732764,-22.351247904904877,0.2181202140884747,2.8573748045590186,2.0
406.19961,173,12162.712617,173.0,238.73113437767094,52.2656338322476,65.13262078384145,13.800000000000022,-4.08,-21.690172715187067,-28.79152649231255,-24.31518902321014,-8.559928090552118,-16.90450451066558,-25.467681293129008,-6.920777120672868,0.49552610095637,1.7145203093090402,0.0
1569.096377,565,12180.960357,565.0,933.7788577878681,199.6122139771445,215.72592154558185,57.44999999999963,-12.570000000000007,-72.89038839340218,-62.45893555134535,-76.84701397006927,-26.246813282600947,-81.71402949650565,-44.67363047116447,-25.06980479077076,-0.4066403238298992,-4.595035659277861,2.0
589.780783,232,12188.465191,232.0,339.4699222125934,78.52726959858735,86.39229960363338,22.649999999999963,-5.620000000000001,-30.522162914276116,-25.45425783842803,-32.35245268992033,-10.409432178057907,-29.95234535635588,-25.15635027591626,-9.79170708839391,-0.04239937917183321,-0.19673311935730609,1.0
2765.48703,1000,12220.794502,1000.0,1546.0906303342827,364.886374945714,389.40491620800276,108.60000000000126,-22.69000000000003,-129.36919775009153,-105.3527159318328,-134.54081366865302,-45.19488669951666,-101.77365490574603,-63.92815608739194,-40.645466065871965,0.10152317358659602,2.0304634717319203,4.0
1813.882579,623,12240.881471,623.0,1137.0048082627468,219.09021323833733,242.91560683192992,65.69999999999963,-12.010000000000014,-82.23472959995281,-67.68348909057673,-85.74587629184691,-28.110095708715033,-122.39129040649176,-47.90752666599889,-27.74504159916508,-0.4554834689202391,-5.67532402274618,2.0
1468.561604,541,12258.400024,541.0,850.5469622311379,192.14887459765922,206.35892956265877,59.399999999999615,-10.850000000000007,-69.12657254219053,-58.66971694305542,-73.77839093099718,-24.977535513447346,-77.40897588822759,-44.953347013249186,-21.128623292571415,-0.2083300574511784,-2.2541312216217504,2.0
1124.776064,423,12272.146125,423.0,632.3701100779134,147.83583398047293,162.08836366072595,43.19999999999977,-8.890000000000002,-52.71378148794176,-52.3100890763104,-56.69473252814783,-20.125118619952204,-44.958762262422,-32.24038330116901,-15.78537641769124,0.540603064255293,4.573501923599779,1.0
2727.874552,1000,12304.789765,1000.0,1493.9237033684185,368.90736512777625,381.8637376602473,104.2500000000011,-23.24000000000003,-127.06676545143122,-97.94237995818267,-137.09590553836725,-44.34746631886972,-93.16887892444595,-60.30351762678995,-37.90534040350949,0.012317836002732046,0.24635672005464093,4.0
420.105984,187,12310.86493,187.0,216.4952174214541,65.88163181323834,70.19710395459086,16.950000000000017,-6.370000000000001,-23.859265079498275,-26.403129731118668,-25.973418780487243,-7.102375874547119,-11.397561959256043,-28.658226216793715,-6.653992004041706,0.41680057988790903,1.5588341687807798,0.0
2728.776063,1000,12343.29903,1000.0,1506.1780886441627,367.5632788036658,385.2348691874116,105.15000000000113,-25.340000000000046,-127.92307877540587,-101.50117385908955,-135.20908047912292,-46.93125681256048,-95.74181094880261,-64.51244520749458,-38.19132802747497,-0.11274167358788048,-2.2548334717576095,3.0
781.585342,286,12352.577361,286.0,473.08211116032356,98.17062406458523,108.95078158167816,27.749999999999915,-8.820000000000006,-37.177477531433084,-33.972632924467305,-39.97381192321307,-13.574066856760115,-45.84140270053878,-20.35341211040961,-12.655370645702918,0.3944612373353127,2.2563182775579884,0.0
1873.927469,694,12375.089404,694.0,1072.833251366501,248.58231171084304,267.9985867509448,70.34999999999981,-14.980000000000013,-89.06649772644045,-77.34171959608803,-96.48208204250659,-29.864194760424216,-98.33806407172028,-45.02474855214871,-28.739374067029765,-0.36990422118780875,-5.1342705900867855,2.0
1728.667408,646,12396.027486,646.0,970.8998235634077,233.10770345654294,241.17855472868425,62.99999999999958,-15.100000000000016,-80.14466800689695,-65.51113413497801,-88.5058321462775,-29.459942584548795,-74.50369196643392,-49.89909286750011,-22.394312323252894,-0.09617189508535104,-1.2425408845027355,2.0
2622.964711,1000,12429.004763,1000.0,1370.0878260675715,370.6967825016361,392.61141276511137,105.45000000000114,-23.470000000000024,-128.52037037849425,-107.43881241977216,-133.22829612695548,-43.69392247340139,-80.60673038736651,-57.944277686867935,-40.978900684369215,0.08132905149748683,1.6265810299497365,4.0
2681.191755,1000,12461.738964,1000.0,1490.564804248988,366.539563515717,388.22376814887843,97.35000000000083,-22.900000000000038,-128.65940547943137,-105.2139024734497,-134.86413408679402,-44.19814549081092,-114.17102540240015,-70.17816857433493,-41.30159980133475,0.046967403494888774,0.9393480698977754,4.0
2465.091462,937,12492.16837,937.0,1310.1379636605802,338.33468323668797,359.1823682796925,97.05000000000082,-21.28000000000003,-117.30205814838399,-97.79809028431758,-127.07541630161883,-40.72226172875535,-83.54418107712753,-55.896209215587774,-32.99533656066106,-0.14608698365692485,-2.7376700737307718,4.0
1592.913703,602,12511.566005,602.0,924.5158221760711,216.706771613405,228.24306161473586,61.79999999999959,-12.450000000000003,-76.27304125785828,-65.945615195483,-83.22357787638269,-27.325937671914133,-93.98865028628299,-57.425770784695175,-23.71935931244142,0.4015539103114658,4.8347090801500485,2.0
729.741921,269,12520.352934,269.0,460.1549850183811,90.27886600174264,101.60692800068277,25.349999999999937,-5.460000000000002,-34.62315509796144,-32.81156959831714,-38.66406316652234,-11.67794512577431,-54.48949227322164,-25.958596071199196,-12.96403631539153,0.5096663089827047,2.7420047423269516,1.0
2815.031017,1000,12552.89285,1000.0,1602.1609910063523,370.41769764583995,389.1289470297732,103.65000000000107,-23.47000000000002,-129.56727870464317,-106.81877737194304,-134.37040165513451,-46.218513857421655,-109.86792072287835,-58.15036241933559,-41.86336397482628,-0.05969977200745981,-1.1939954401491961,5.0
423.859335,209,12559.647556,209.0,180.94983660533342,75.23913287119404,76.89419924829562,14.400000000000023,-5.3100000000000005,-27.17049036502839,-27.616994749009613,-28.63653624158444,-9.127861428325145,-9.633601979247919,-18.873195077101773,-6.2551537775691,0.2847352902528886,1.1901935132570742,0.0
1207.012255,438,12573.904798,438.0,719.7863830361288,152.44718109264622,165.39543151428515,46.49999999999974,-10.430000000000007,-55.61325741767885,-48.0311669010669,-61.332301697181244,-20.328772065301266,-72.11120113242836,-29.881868727964314,-17.388172207420542,0.4669061471904766,4.090097849388575,1.0
1109.68657,386,12586.568666,386.0,714.2213146707616,138.86660539681267,149.79204396666492,41.24999999999979,-7.620000000000003,-49.69064257621764,-46.98136296868323,-54.93600285130849,-19.35309722612627,-99.09325959560233,-25.126928645627903,-17.642100305690235,-0.4713911986784518,-3.639140053797648,1.0
1753.761785,667,12608.423294,667.0,964.5606405559603,241.6276324199372,256.683421120131,70.1999999999998,-15.240000000000018,-86.08610813140878,-74.20113645680246,-90.17764112635702,-30.68873231881774,-75.02469143807001,-48.190837952663514,-26.70076140002329,-0.25495522115050434,-3.401102650147728,2.0
2738.158968,1000,12641.773814,1000.0,1507.2973244171235,371.701389944651,391.01496861727753,102.15000000000101,-25.56000000000002,-127.66486484527593,-101.79455030113465,-133.84247900188373,-45.91798734465532,-99.54846990412845,-61.73734064587753,-37.93902324328204,-0.21897427758612148,-4.379485551722429,4.0
1090.230414,378,12654.381629,378.0,670.8693987045675,131.89215724508924,144.13791197991796,37.349999999999824,-6.700000000000002,-49.437122917175294,-42.983081313222655,-52.12224819157174,-16.525233925608333,-62.425285738274795,-25.04569986813393,-16.780381625535398,0.295852532318085,2.2366451443247226,1.0
947.081666,315,12665.133515,315.0,633.887319014166,110.63738616496268,121.75559732319485,32.24999999999987,-6.360000000000002,-42.31237337589263,-38.91076292833311,-44.72595551256136,-15.285978585587115,-83.32791703151459,-20.628072739723844,-14.897576391988173,1.0497524677111325,6.613440546580135,1.0
1342.860363,533,12682.405226,533.0,712.3248486668582,193.08184216485697,201.19266988247983,50.5499999999997,-13.000000000000009,-66.78277441501616,-60.98371309638014,-72.63834051262889,-24.549654789553006,-51.936671904889444,-37.08886584811268,-20.308976680967547,-0.11549817714736065,-1.2312105683908645,2.0
1550.922773,538,12699.809242,538.0,968.0365626592736,188.59448245556203,204.36477639666668,59.399999999999615,-10.690000000000007,-69.0935893821716,-59.08903739452368,-76.46102556416932,-25.008644448807473,-105.58879045473628,-40.05248405594251,-21.489477538470595,0.2642285604632231,2.843099310584281,2.0
2580.240073,862,12727.767644,862.0,1597.0971164844354,308.72402121474283,329.84620392790254,97.05000000000082,-16.300000000000015,-112.80475674629206,-90.00169536955651,-120.01015858761666,-43.49179400058955,-144.37098036513373,-54.253381210730126,-33.24450243615302,-0.043166991282579496,-0.7441989297116706,3.0
2408.623302,831,12754.61384,831.0,1438.8286710604275,301.47456795656444,316.70525498379266,86.25000000000041,-17.470000000000017,-107.21848870754246,-87.36894541420035,-114.73227677597615,-37.3377590696063,-109.90999894160348,-56.991946161781925,-34.60577652204394,0.15272822130516903,2.5383430380919094,3.0
558.258619,201,12761.083218,201.0,355.9146990668347,67.78550663096456,75.60209697434387,16.950000000000017,-4.57,-26.85480862617492,-24.65861022993922,-29.45320388391131,-9.436190262164864,-35.30557077045578,-20.440503349613785,-8.274796799178315,0.8147495731151311,3.2752932839228275,0.0
1034.274004,372,12773.033707,372.0,605.7708192237407,135.56555054514973,140.14071997910662,40.64999999999979,-7.420000000000003,-47.19334493637086,-41.36305309310558,-51.634458570670255,-16.069507463025325,-58.5210963745234,-24.722398150433925,-12.92922675206547,0.23378100858489287,1.739330703871603,1.0
736.118747,289,12782.438047,289.0,408.2607670779131,101.21812550275374,107.65207149650712,25.799999999999933,-6.010000000000002,-36.422976961135866,-30.85145794376733,-38.51027898360338,-12.414093025468818,-38.50852713860084,-22.228135346232925,-10.86674726539216,0.32802598207851663,1.8959901764138263,1.0
1796.72162,612,12802.669625,612.0,1102.5854631621378,225.43035163403076,236.33524164766294,68.24999999999973,-14.850000000000014,-79.26603409290314,-65.22259695306415,-84.37087946303474,-28.54997128281499,-105.26007860278607,-44.877987680970485,-25.481888050985056,0.06019838714850325,0.7368282586976798,2.0
716.656063,259,12811.159909,259.0,444.0670053930272,86.02873219499597,97.96865050224598,25.799999999999933,-5.490000000000001,-33.247158579826355,-28.889771251380473,-36.332977092457334,-11.409072025631927,-53.5641956665394,-16.711746758391605,-10.563403464637265,0.845445650347913,4.379408468802189,1.0
1100.35777,376,12823.424318,376.0,706.0862410510441,128.30854915965025,141.73428944704304,38.09999999999982,-7.680000000000006,-49.225340375900295,-39.05114927291871,-53.37975471134006,-17.206215544719758,-81.628227077121,-26.840791667892464,-14.859831382923307,0.8794358274412265,6.613357422358024,1.0
316.798913,113,12827.124523,113.0,214.42177898502428,34.085291251021886,42.01655837677011,11.550000000000017,-1.86,-15.167471351623535,-15.764232721924785,-16.511202077423583,-4.8415086150014535,-28.639466547390526,-10.298424088268979,-5.192410658555133,0.9877175169313755,2.232241588264909,0.0
2649.953701,902,12856.418956,902.0,1608.0159545510967,327.40900453809945,344.0769447438198,101.55000000000099,-17.920000000000023,-116.81853975772866,-91.05746372863659,-124.5836134305937,-41.24625365075827,-145.43989910194483,-61.21797056888752,-34.814462388084756,-0.09170944575793549,-1.6544384014731561,4.0
711.662008,243,12864.270326,243.0,456.2094575476921,83.40169804516657,88.65069188174478,24.749999999999943,-5.59,-31.57683676242828,-26.981865924596782,-34.77929957687216,-12.764834794722134,-46.27094181757167,-16.43631544917115,-9.949745343950983,0.8629456753412922,4.19391598215868,1.0
2858.546917,1000,12896.705187,1000.0,1663.433883916679,365.7822971930665,389.3036939940808,110.10000000000132,-21.590000000000035,-130.0547923088073,-101.83416694141926,-133.72645611212187,-47.023294254436294,-134.94506017249006,-59.98312423899218,-40.916063671496445,0.10764782282036515,2.152956456407303,4.0
2732.393969,902,12925.933335,902.0,1699.4091853298382,328.82048933961,347.7631049153563,100.05000000000094,-19.980000000000018,-118.17098682403557,-90.13744781948618,-124.92302768928057,-45.75609774999758,-147.65200326488247,-62.19745667247347,-36.83179094535929,-0.10631323094124005,-1.9178906861799705,4.0
1510.218632,597,12945.340413,597.0,788.7062799014851,217.8192962608757,230.01510843985508,56.39999999999964,-14.290000000000017,-76.55538324832915,-61.76177352890366,-80.69051009598878,-27.294637528909742,-50.524353548807184,-46.28725391038531,-22.318141028475573,0.1871810430152535,2.2349416536021267,2.0
752.550711,290,12954.753366,290.0,449.27344560621634,97.0260551867042,110.42327197315414,24.449999999999946,-6.61,-37.359366478919966,-31.829220268875346,-40.131365722115376,-12.516643584325916,-57.861839965795134,-20.758929400625615,-11.554696491375704,0.5812067841040185,3.3709993478033073,1.0
928.43135,325,12965.336766,325.0,584.0600049096141,111.42842449607254,122.68935962946783,32.849999999999866,-7.030000000000002,-40.96110818862916,-38.72483851015567,-47.0728304977802,-16.329413671981076,-50.418183399116444,-33.89776958587582,-13.162295591009698,0.6727743100981934,4.373033015638257,1.0
172.034833,97,12968.482692,97.0,72.07965534415158,30.328025099171764,32.26149195105254,6.150000000000004,-2.9299999999999997,-12.28526623725891,-15.241646857559681,-13.876360924346814,-4.497109622066567,-4.390410613910303,-9.620907590292653,-2.942637148318299,-0.08157982553983198,-0.15826486154727404,0.0
1585.394316,628,12988.864561,628.0,847.1492899651552,222.0334006167588,231.3910386551015,59.99999999999961,-12.840000000000009,-79.97799981117241,-61.89496946036816,-85.38013599541556,-27.706227180997214,-72.80713330054446,-41.003059963097876,-21.56988725451974,0.5839433544859496,7.334328532343527,2.0
2142.758434,769,13013.897798,769.0,1243.765208513509,278.7678453329994,297.7788954901912,80.5500000000002,-18.15000000000002,-99.95924315452578,-82.10616168752314,-104.29035900703524,-36.96286367855288,-96.12225413394819,-58.51018355754672,-31.00245023496668,0.19309713994199557,2.969834012307892,3.0
859.149021,322,13024.379641,322.0,532.8486535102218,106.45887090998035,123.19831374015021,30.29999999999989,-5.81,-42.368681530952436,-34.74557918757203,-43.6872786779758,-13.74158359781534,-70.08968352280117,-30.515208021953416,-14.69880278035136,0.836843785338636,5.3892739775808165,2.0
675.498255,243,13032.280128,243.0,474.7601264480146,83.16411576460219,90.65054407794256,22.79999999999996,-6.350000000000002,-31.929059867858864,-32.06471976563334,-34.985548765913045,-13.777835732718428,-87.1702257522914,-21.539091341520063,-11.060049824506148,0.8898499600287062,4.324670805739513,0.0
191.557013,105,13035.65224,105.0,75.86306283547196,35.63597349673255,38.8209331839776,8.100000000000009,-3.1,-13.557907228469851,-16.400694701820616,-13.8634040727852,-4.933299792763943,-2.437397669268272,-14.342939140299244,-3.2273138500931484,0.3936466621615349,0.8266579905392233,0.0
265.611178,165,13040.967181,165.0,108.35720854838905,54.004588452420194,57.15975319167341,11.550000000000017,-3.7199999999999998,-23.039897928237917,-25.43614023029805,-24.45859652180163,-8.764989471014836,-4.305267035931867,-34.00303764297043,-6.732443264975636,0.2038983856694834,0.6728646727092953,0.0
1074.221109,371,13053.040198,371.0,670.3404535416046,131.37928165160673,141.08463609971753,40.349999999999795,-9.520000000000005,-47.61055956840514,-40.13765183463696,-53.23439009699286,-16.84340211571917,-73.8971112404749,-24.621543418819876,-14.068603844338446,0.7035778451491853,5.220547611006955,1.0
213.80978,80,13055.662741,80.0,155.13224212484175,23.645318434561215,27.6813314543231,6.600000000000005,-1.97,-10.066791510581966,-11.21214133054018,-11.634421196096136,-3.9559212878529517,-27.918138510923647,-9.7831364700938,-2.7085612383091338,1.0668502709319971,1.7069604334911954,0.0
1578.852333,596,13075.055775,596.0,886.852167275067,214.50151172241328,228.6648028115302,60.5999999999996,-12.950000000000015,-77.89446862220757,-64.0545608963817,-83.273041248136,-27.24835000881082,-64.07386433487505,-53.575967464704135,-24.69589589926603,-0.18785845706272075,-2.239272808187631,2.0
899.570936,297,13084.936362,297.0,603.7505521597764,95.77672014078807,114.3902208674852,33.89999999999986,-5.720000000000002,-38.11222194910046,-32.56857982426881,-43.173432435118535,-14.296493652501706,-74.1515234499112,-24.496310450172178,-12.72799501543766,0.981528325779147,5.830278255128134,1.0
1350.97302,484,13101.381422,484.0,858.8008135909882,162.37025590592768,187.45051077033804,49.34999999999971,-9.480000000000006,-62.91922460079188,-57.268521831184636,-68.42577902266355,-23.141027017722983,-112.32847213452636,-37.16709469649765,-20.268441005662766,0.9167908558158046,8.874535484296988,1.0
1039.000423,354,13113.558233,354.0,659.9415525272714,124.07177143455975,134.7009137769863,38.249999999999815,-6.600000000000004,-45.73456049442292,-40.279456685856,-51.23690574403827,-15.948326598432994,-72.3580564058907,-24.313011546025468,-15.493497087273152,0.6186926077844103,4.380343663113624,1.0
1950.219015,698,13136.766805,698.0,1169.6079030717592,251.64389423942404,271.42145066829676,71.09999999999984,-12.850000000000007,-91.60464422702778,-71.83671112321325,-92.99052289096723,-31.450980081793805,-123.56732930044234,-56.6388009541037,-30.615244063939613,-0.2195202362253405,-3.0645024977057536,2.0
760.662725,263,13145.668494,263.0,485.0796878516389,91.00698965914691,98.83023333646031,26.24999999999993,-7.650000000000003,-33.934535255432145,-29.03410853743554,-36.982264133839365,-13.729942420266628,-50.58819273000657,-20.48891137129891,-11.096231286101323,0.8740969035561988,4.597749712705606,1.0
955.98472,342,13157.188722,342.0,592.1470920381938,117.06411929082459,130.4396146767695,34.49999999999985,-9.240000000000006,-43.93770242214203,-39.622650669515124,-46.911554408237286,-16.069808504186163,-63.433532406051654,-25.505665557287045,-15.445192177008103,0.8500171645043688,5.814117405209883,1.0
898.618704,322,13168.249426,322.0,573.5596257281353,111.79444973569444,122.60137588679602,32.09999999999987,-7.980000000000004,-41.04519303798675,-36.952887563407415,-44.571912430268256,-14.771969120837557,-78.1177640057073,-26.90142594597229,-13.095595139541068,0.3118043844526199,2.008020235874872,1.0
1853.830431,645,13190.247942,645.0,1125.2791608636257,228.59147637281606,240.22112012935432,69.14999999999976,-12.780000000000006,-84.45544699192057,-64.3738515544682,-89.07528918964319,-28.342175636094236,-108.09279794329184,-42.24916074265766,-25.04260426293065,0.17933419099928682,2.3134110638908,2.0
703.317324,253,13198.752277,253.0,434.36868796785575,85.3995950251599,95.32713878798567,27.449999999999918,-4.58,-32.29669226169585,-27.150728334486466,-35.100948698742656,-12.184463158945796,-39.159737477057654,-32.15987786502501,-9.59564994714259,0.7599171209550213,3.8451806320324082,1.0
989.190786,347,13210.284915,347.0,610.9688993881523,124.47198358793463,129.68469888960496,37.349999999999824,-8.250000000000004,-44.25449616432193,-40.607862882316134,-49.142731414147136,-17.39283976052183,-61.27433305144302,-24.971978575644556,-14.390553710469781,0.7389043902790694,5.127996468536742,1.0
1436.542851,589,13230.383291,589.0,737.9697541251041,212.37179466879743,226.29404701285273,60.14999999999961,-13.570000000000007,-75.73004785060883,-67.41165426447996,-80.5620812332296,-28.8713317847769,-44.33773649949813,-54.89317063975068,-23.866722814575162,-0.23796633383512705,-2.8032434125777965,2.0
1575.963337,555,13249.503446,555.0,943.0477532019476,198.1625449641382,209.52051046575502,60.449999999999605,-11.630000000000011,-70.51255759716044,-59.79336133822798,-77.04618117745112,-24.87988232811959,-83.01127550293234,-41.57638350443393,-21.767830197960873,-0.1909236292022793,-2.1192522841453,2.0
2609.459553,1000,13285.968014,1000.0,1378.4505143497092,369.0899798063288,388.0172059111185,103.80000000000108,-23.560000000000034,-128.6156217622758,-105.1486094407737,-134.16445310192913,-46.40461085711407,-81.08706075833236,-69.03004761122298,-41.88774359545006,-0.19803896888312672,-3.960779377662534,4.0
647.66123,276,13296.261372,276.0,339.08900300821557,97.8265622568328,102.36651791691072,23.99999999999995,-6.410000000000005,-35.127528567314165,-32.79396856501697,-37.97837018662755,-13.11863340069214,-28.38668002207008,-27.80262494019189,-10.003047837762344,0.4010509097430698,2.2138010217817454,0.0
1010.937219,341,13308.716987,341.0,673.6346382729835,113.85901369534157,129.4156302577828,35.84999999999984,-7.8100000000000005,-44.428619761467,-38.74029716849324,-49.47608221067748,-15.913901670356026,-81.50706821057109,-29.87578510516786,-15.07030940402451,0.6284166507757024,4.285801558290291,1.0
2671.321378,1000,13344.405501,1000.0,1431.7862030697897,370.9133416142283,382.78627003089383,105.00000000000112,-20.010000000000023,-124.61126017570497,-102.65456882715222,-134.11177586007136,-44.03200034451027,-88.48980335252767,-67.62078467535692,-37.6342430072477,-0.3300154386393015,-6.60030877278603,5.0
3083.235121,988,13386.084448,988.0,2055.3374357920866,340.37812936059413,382.10929613064604,108.15000000000124,-16.440000000000015,-129.91887707233425,-108.71556458547721,-139.29883037000138,-48.6218011482796,-225.0055881137883,-77.12370359176742,-45.61537527249307,-0.21963062704138203,-4.339901190337709,4.0
2756.660438,1000,13420.692818,1000.0,1540.123954949676,366.2278263006632,391.20928167557094,107.70000000000122,-22.680000000000014,-129.78172430515292,-103.9450439453125,-137.33050934271103,-48.30172105182315,-105.14728026589033,-58.1043558432555,-43.30998974505104,0.15489390982239037,3.0978781964478075,3.0
2204.54468,830,13450.660858,830.0,1216.3522774283736,301.7945778637683,309.86975892953535,88.20000000000049,-19.900000000000023,-101.79125131130212,-87.81066687256093,-114.73732581303634,-38.06704879135917,-93.85717737935249,-55.143898442727924,-30.364565453983673,-0.16040872139955933,-2.662784775232685,3.0
1732.699506,604,13471.243447,604.0,1041.600393891917,215.3576337963795,228.6479085181676,64.6499999999996,-13.800000000000011,-76.70031161785127,-62.89670479446653,-84.91200090609895,-29.501690711681295,-90.29450266846949,-40.0926410717772,-23.35857849516544,-0.45666299303779984,-5.516488955896622,2.0
2277.467124,801,13498.82503,801.0,1361.5734404812429,287.98797490857316,305.59618689159674,85.05000000000037,-18.23000000000002,-105.11579714775077,-82.21293859556317,-111.80827937336382,-36.041879043117994,-122.37755574722408,-54.54429558464386,-33.40973245016122,-0.193083552611203,-3.093198512831472,3.0
1508.017822,566,13519.440164,566.0,853.6707843172235,205.42166282692705,212.7402780295338,58.349999999999625,-13.550000000000011,-71.36011254787438,-57.957771215587854,-79.56789901761026,-26.326777847433043,-76.93247089941524,-42.14576205827318,-20.324109731106542,-0.1403812588140916,-1.589115849775517,1.0
467.737172,158,13525.254904,158.0,309.26231109464175,47.765991185486044,58.812436951068484,15.450000000000026,-2.3100000000000005,-20.418261446952815,-17.751163440942772,-22.956563904394173,-7.338391077589291,-34.715731612153796,-9.99574189767006,-6.067713433916356,0.906170722180221,2.8634994820894986,0.0
2626.684333,1000,13561.49366,1000.0,1394.8013366618786,371.0620318578444,378.5065902495214,102.90000000000104,-26.02000000000003,-126.25069881439204,-101.69736747480918,-139.74138437778524,-47.66594538482881,-82.97100041287939,-60.81605299260589,-35.423175988799855,0.18541000031707852,3.7082000063415705,4.0
1691.414232,599,13582.480448,599.0,1034.8362903209436,212.30568635183292,229.48190162427616,64.49999999999959,-13.670000000000005,-77.17431545734411,-65.82893963679668,-84.60897986223549,-28.166363921321565,-109.97829102442,-44.27971383992016,-25.00304295555093,-0.3089206461948775,-3.700869341414633,2.0
1109.921163,357,13596.26579,357.0,773.1124221032752,115.45860619199654,135.41442650397,40.1999999999998,-6.530000000000003,-46.116037645339944,-40.83937385156748,-51.56567104144085,-16.66933521923955,-103.85618484002661,-30.706156826273787,-14.981532243482544,1.0369878081944752,7.404092950508553,1.0
2746.797974,1000,13633.161241,1000.0,1533.1807469017372,368.02667669888575,389.2504407351084,103.35000000000106,-22.64000000000003,-128.13646786689745,-104.46805037222808,-136.59541523899568,-45.11134889785974,-101.91241832737306,-66.16986259282903,-41.9763273960159,0.1048947355797819,2.097894711595638,4.0
2522.693928,850,13663.009036,850.0,1584.383899312896,301.7075249419708,328.9211264940299,89.70000000000054,-18.240000000000023,-109.35051501750935,-91.76159621626132,-119.92212694492417,-40.37719121918153,-154.80693513848166,-58.819938059312705,-38.74032034411928,-0.33684301698506497,-5.726331288746104,4.0
1246.134911,449,13678.703954,449.0,739.4971863021917,160.16507233168997,167.76796845386073,45.14999999999975,-10.530000000000005,-55.11032012939461,-49.377639731764795,-62.85676824601234,-24.209188053376927,-66.79372095297313,-30.126884625456565,-16.440794621186342,-0.013936937438857185,-0.12515369820093752,2.0
691.316274,300,13689.539618,300.0,358.63758977462993,103.1574006545226,111.45210895278858,28.649999999999906,-8.670000000000005,-38.553940691947915,-40.4063738010824,-42.08471816027545,-14.460746164023645,-18.191961441234106,-36.76577585531414,-11.447308793602257,0.3318480943585869,1.9910885661515216,1.0
2650.841485,1000,13728.411032,1000.0,1414.0081145140064,373.85174547159085,380.6555156809581,105.15000000000113,-22.750000000000032,-125.10259581565857,-102.37206120751794,-139.450689139492,-45.950457287458654,-85.82784375494394,-64.73028069595365,-36.639962783891235,0.14022591875590984,2.804518375118197,3.0
1912.622327,736,13755.088495,736.0,1043.6181817368797,270.6591927466613,275.4637960391999,71.09999999999984,-19.130000000000027,-90.52429959297187,-77.60421832576394,-100.74373404601154,-35.47880491609132,-86.18434785763813,-49.40517101248196,-25.14826821262546,-0.31830324724878584,-4.685423799502128,3.0
2556.961036,1000,13791.08393,1000.0,1322.3260828554446,372.4936169365407,376.6808274336824,93.00000000000067,-24.820000000000032,-123.53057306766512,-97.99625268205997,-135.56846157887114,-47.779249641391736,-80.05060634630057,-63.282460479543886,-34.511887052603846,-0.10163003284972602,-2.0326006569945205,3.0
947.824412,338,13802.617082,338.0,600.9811112780476,115.08555438435522,127.78396960706503,34.199999999999854,-7.980000000000001,-41.87153633117673,-39.26871902346612,-47.62195566548512,-17.854431504313236,-71.27513867604,-29.81576550759943,-12.538676442359307,0.17602124653024515,1.1899036265444571,1.0
